event_id,ticker,window_days,reason
giannis_to_heat,KXNBA-27-NOP,1,insufficient_baseline_history_d16
giannis_to_heat,KXNBA-27-NOP,3,insufficient_baseline_history_d16
giannis_to_heat,KXNBA-27-NOP,5,insufficient_baseline_history_d16
giannis_to_heat,KXNBA-27-MEM,1,insufficient_baseline_history_d16
giannis_to_heat,KXNBA-27-MEM,3,insufficient_baseline_history_d16
giannis_to_heat,KXNBA-27-MEM,5,insufficient_baseline_history_d16
giannis_to_heat,KXNBA-27-CHI,1,insufficient_baseline_history_d16
giannis_to_heat,KXNBA-27-CHI,3,insufficient_baseline_history_d16
giannis_to_heat,KXNBA-27-CHI,5,insufficient_baseline_history_d16
giannis_to_heat,KXNBA-27-BKN,1,insufficient_baseline_history_d16
giannis_to_heat,KXNBA-27-BKN,3,insufficient_baseline_history_d16
giannis_to_heat,KXNBA-27-BKN,5,insufficient_baseline_history_d16
giannis_to_heat,KXNBA-26-SAS,1,no_window_data
giannis_to_heat,KXNBA-26-SAS,3,no_window_data
giannis_to_heat,KXNBA-26-SAS,5,no_window_data
giannis_to_heat,KXNBA-26-PHI,1,insufficient_baseline_history_d16
giannis_to_heat,KXNBA-26-PHI,3,insufficient_baseline_history_d16
giannis_to_heat,KXNBA-26-PHI,5,insufficient_baseline_history_d16
giannis_to_heat,KXNBA-26-OKC,1,no_window_data
giannis_to_heat,KXNBA-26-OKC,3,no_window_data
giannis_to_heat,KXNBA-26-OKC,5,no_window_data
giannis_to_heat,KXNBA-26-NYK,1,no_window_data
giannis_to_heat,KXNBA-26-NYK,3,no_window_data
giannis_to_heat,KXNBA-26-NYK,5,no_window_data
giannis_to_heat,KXNBA-26-MIN,1,insufficient_baseline_history_d16
giannis_to_heat,KXNBA-26-MIN,3,insufficient_baseline_history_d16
giannis_to_heat,KXNBA-26-MIN,5,insufficient_baseline_history_d16
giannis_to_heat,KXNBA-26-LAL,1,insufficient_baseline_history_d16
giannis_to_heat,KXNBA-26-LAL,3,insufficient_baseline_history_d16
giannis_to_heat,KXNBA-26-LAL,5,insufficient_baseline_history_d16
giannis_to_heat,KXNBA-26-DET,1,insufficient_baseline_history_d16
giannis_to_heat,KXNBA-26-DET,3,insufficient_baseline_history_d16
giannis_to_heat,KXNBA-26-DET,5,insufficient_baseline_history_d16
giannis_to_heat,KXNBA-26-CLE,1,no_window_data
giannis_to_heat,KXNBA-26-CLE,3,no_window_data
giannis_to_heat,KXNBA-26-CLE,5,no_window_data
jaylen_brown_to_76ers,KXNBA-26-SAS,1,no_window_data
jaylen_brown_to_76ers,KXNBA-26-SAS,3,no_window_data
jaylen_brown_to_76ers,KXNBA-26-SAS,5,no_window_data
jaylen_brown_to_76ers,KXNBA-26-OKC,1,insufficient_baseline_history_d16
jaylen_brown_to_76ers,KXNBA-26-OKC,3,insufficient_baseline_history_d16
jaylen_brown_to_76ers,KXNBA-26-OKC,5,insufficient_baseline_history_d16
jaylen_brown_to_76ers,KXNBA-26-NYK,1,no_window_data
jaylen_brown_to_76ers,KXNBA-26-NYK,3,no_window_data
jaylen_brown_to_76ers,KXNBA-26-NYK,5,no_window_data
jaylen_brown_to_76ers,KXNBA-26-DET,1,insufficient_baseline_history_d16
jaylen_brown_to_76ers,KXNBA-26-DET,3,insufficient_baseline_history_d16
jaylen_brown_to_76ers,KXNBA-26-DET,5,insufficient_baseline_history_d16
jaylen_brown_to_76ers,KXNBA-26-CLE,1,insufficient_baseline_history_d16
jaylen_brown_to_76ers,KXNBA-26-CLE,3,insufficient_baseline_history_d16
jaylen_brown_to_76ers,KXNBA-26-CLE,5,insufficient_baseline_history_d16
dlo_six_team_trade,KXNBA-26-SAS,1,no_window_data
dlo_six_team_trade,KXNBA-26-SAS,3,no_window_data
dlo_six_team_trade,KXNBA-26-SAS,5,no_window_data
dlo_six_team_trade,KXNBA-26-OKC,1,insufficient_baseline_history_d16
dlo_six_team_trade,KXNBA-26-OKC,3,insufficient_baseline_history_d16
dlo_six_team_trade,KXNBA-26-OKC,5,insufficient_baseline_history_d16
dlo_six_team_trade,KXNBA-26-NYK,1,no_window_data
dlo_six_team_trade,KXNBA-26-NYK,3,no_window_data
dlo_six_team_trade,KXNBA-26-NYK,5,no_window_data
dlo_six_team_trade,KXNBA-26-CLE,1,insufficient_baseline_history_d16
dlo_six_team_trade,KXNBA-26-CLE,3,insufficient_baseline_history_d16
dlo_six_team_trade,KXNBA-26-CLE,5,insufficient_baseline_history_d16
kawhi_to_raptors,KXNBA-27-NOP,1,insufficient_baseline_history_d16
kawhi_to_raptors,KXNBA-27-NOP,3,insufficient_baseline_history_d16
kawhi_to_raptors,KXNBA-27-NOP,5,insufficient_baseline_history_d16
mike_conley_to_celtics,KXNBA-26-SAS,1,no_window_data
mike_conley_to_celtics,KXNBA-26-SAS,3,no_window_data
mike_conley_to_celtics,KXNBA-26-SAS,5,no_window_data
mike_conley_to_celtics,KXNBA-26-OKC,1,insufficient_baseline_history_d16
mike_conley_to_celtics,KXNBA-26-OKC,3,insufficient_baseline_history_d16
mike_conley_to_celtics,KXNBA-26-OKC,5,insufficient_baseline_history_d16
mike_conley_to_celtics,KXNBA-26-NYK,1,no_window_data
mike_conley_to_celtics,KXNBA-26-NYK,3,no_window_data
mike_conley_to_celtics,KXNBA-26-NYK,5,no_window_data
mike_conley_to_celtics,KXNBA-26-DET,1,insufficient_baseline_history_d16
mike_conley_to_celtics,KXNBA-26-DET,3,insufficient_baseline_history_d16
mike_conley_to_celtics,KXNBA-26-DET,5,insufficient_baseline_history_d16
mike_conley_to_celtics,KXNBA-26-CLE,1,insufficient_baseline_history_d16
mike_conley_to_celtics,KXNBA-26-CLE,3,insufficient_baseline_history_d16
mike_conley_to_celtics,KXNBA-26-CLE,5,insufficient_baseline_history_d16
mitchell_robinson_to_celtics,KXNBA-26-SAS,1,no_window_data
mitchell_robinson_to_celtics,KXNBA-26-SAS,3,no_window_data
mitchell_robinson_to_celtics,KXNBA-26-SAS,5,no_window_data
mitchell_robinson_to_celtics,KXNBA-26-OKC,1,insufficient_baseline_history_d16
mitchell_robinson_to_celtics,KXNBA-26-OKC,3,insufficient_baseline_history_d16
mitchell_robinson_to_celtics,KXNBA-26-OKC,5,insufficient_baseline_history_d16
mitchell_robinson_to_celtics,KXNBA-26-NYK,1,no_window_data
mitchell_robinson_to_celtics,KXNBA-26-NYK,3,no_window_data
mitchell_robinson_to_celtics,KXNBA-26-NYK,5,no_window_data
mitchell_robinson_to_celtics,KXNBA-26-DET,1,insufficient_baseline_history_d16
mitchell_robinson_to_celtics,KXNBA-26-DET,3,insufficient_baseline_history_d16
mitchell_robinson_to_celtics,KXNBA-26-DET,5,insufficient_baseline_history_d16
mitchell_robinson_to_celtics,KXNBA-26-CLE,1,insufficient_baseline_history_d16
mitchell_robinson_to_celtics,KXNBA-26-CLE,3,insufficient_baseline_history_d16
mitchell_robinson_to_celtics,KXNBA-26-CLE,5,insufficient_baseline_history_d16
lebron_to_76ers,KXNBA-26-SAS,1,insufficient_baseline_history_d16
lebron_to_76ers,KXNBA-26-SAS,3,insufficient_baseline_history_d16
lebron_to_76ers,KXNBA-26-SAS,5,insufficient_baseline_history_d16
lebron_to_76ers,KXNBA-26-NYK,1,insufficient_baseline_history_d16
lebron_to_76ers,KXNBA-26-NYK,3,insufficient_baseline_history_d16
lebron_to_76ers,KXNBA-26-NYK,5,insufficient_baseline_history_d16
neemias_queta_extension,KXNBA-26-SAS,1,no_window_data
neemias_queta_extension,KXNBA-26-SAS,3,no_window_data
neemias_queta_extension,KXNBA-26-SAS,5,no_window_data
neemias_queta_extension,KXNBA-26-OKC,1,insufficient_baseline_history_d16
neemias_queta_extension,KXNBA-26-OKC,3,insufficient_baseline_history_d16
neemias_queta_extension,KXNBA-26-OKC,5,insufficient_baseline_history_d16
neemias_queta_extension,KXNBA-26-NYK,1,no_window_data
neemias_queta_extension,KXNBA-26-NYK,3,no_window_data
neemias_queta_extension,KXNBA-26-NYK,5,no_window_data
neemias_queta_extension,KXNBA-26-CLE,1,insufficient_baseline_history_d16
neemias_queta_extension,KXNBA-26-CLE,3,insufficient_baseline_history_d16
neemias_queta_extension,KXNBA-26-CLE,5,insufficient_baseline_history_d16
donovan_mitchell_extension,KXNBA-26-SAS,1,no_window_data
donovan_mitchell_extension,KXNBA-26-SAS,3,no_window_data
donovan_mitchell_extension,KXNBA-26-SAS,5,no_window_data
donovan_mitchell_extension,KXNBA-26-OKC,1,insufficient_baseline_history_d16
donovan_mitchell_extension,KXNBA-26-OKC,3,insufficient_baseline_history_d16
donovan_mitchell_extension,KXNBA-26-OKC,5,insufficient_baseline_history_d16
donovan_mitchell_extension,KXNBA-26-NYK,1,no_window_data
donovan_mitchell_extension,KXNBA-26-NYK,3,no_window_data
donovan_mitchell_extension,KXNBA-26-NYK,5,no_window_data
donovan_mitchell_extension,KXNBA-26-CLE,1,insufficient_baseline_history_d16
donovan_mitchell_extension,KXNBA-26-CLE,3,insufficient_baseline_history_d16
donovan_mitchell_extension,KXNBA-26-CLE,5,insufficient_baseline_history_d16
jordan_walsh_extension,KXNBA-26-SAS,1,insufficient_baseline_history_d16
jordan_walsh_extension,KXNBA-26-SAS,3,insufficient_baseline_history_d16
jordan_walsh_extension,KXNBA-26-SAS,5,insufficient_baseline_history_d16
jordan_walsh_extension,KXNBA-26-NYK,1,insufficient_baseline_history_d16
jordan_walsh_extension,KXNBA-26-NYK,3,insufficient_baseline_history_d16
jordan_walsh_extension,KXNBA-26-NYK,5,insufficient_baseline_history_d16
nba_opening_night,KXNBA-27-WAS,1,no_window_data
nba_opening_night,KXNBA-27-WAS,3,no_window_data
nba_opening_night,KXNBA-27-WAS,5,no_window_data
nba_opening_night,KXNBA-27-UTA,1,no_window_data
nba_opening_night,KXNBA-27-UTA,3,no_window_data
nba_opening_night,KXNBA-27-UTA,5,no_window_data
nba_opening_night,KXNBA-27-TOR,1,no_window_data
nba_opening_night,KXNBA-27-TOR,3,no_window_data
nba_opening_night,KXNBA-27-TOR,5,no_window_data
nba_opening_night,KXNBA-27-SAS,1,no_window_data
nba_opening_night,KXNBA-27-SAS,3,no_window_data
nba_opening_night,KXNBA-27-SAS,5,no_window_data
nba_opening_night,KXNBA-27-SAC,1,insufficient_baseline_history_d16
nba_opening_night,KXNBA-27-SAC,3,insufficient_baseline_history_d16
nba_opening_night,KXNBA-27-SAC,5,insufficient_baseline_history_d16
nba_opening_night,KXNBA-27-POR,1,no_window_data
nba_opening_night,KXNBA-27-POR,3,no_window_data
nba_opening_night,KXNBA-27-POR,5,no_window_data
nba_opening_night,KXNBA-27-PHX,1,no_window_data
nba_opening_night,KXNBA-27-PHX,3,no_window_data
nba_opening_night,KXNBA-27-PHX,5,no_window_data
nba_opening_night,KXNBA-27-PHI,1,no_window_data
nba_opening_night,KXNBA-27-PHI,3,no_window_data
nba_opening_night,KXNBA-27-PHI,5,no_window_data
nba_opening_night,KXNBA-27-ORL,1,no_window_data
nba_opening_night,KXNBA-27-ORL,3,no_window_data
nba_opening_night,KXNBA-27-ORL,5,no_window_data
nba_opening_night,KXNBA-27-OKC,1,no_window_data
nba_opening_night,KXNBA-27-OKC,3,no_window_data
nba_opening_night,KXNBA-27-OKC,5,no_window_data
nba_opening_night,KXNBA-27-NYK,1,no_window_data
nba_opening_night,KXNBA-27-NYK,3,no_window_data
nba_opening_night,KXNBA-27-NYK,5,no_window_data
nba_opening_night,KXNBA-27-NOP,1,insufficient_baseline_history_d16
nba_opening_night,KXNBA-27-NOP,3,insufficient_baseline_history_d16
nba_opening_night,KXNBA-27-NOP,5,insufficient_baseline_history_d16
nba_opening_night,KXNBA-27-MIN,1,no_window_data
nba_opening_night,KXNBA-27-MIN,3,no_window_data
nba_opening_night,KXNBA-27-MIN,5,no_window_data
nba_opening_night,KXNBA-27-MIL,1,insufficient_baseline_history_d16
nba_opening_night,KXNBA-27-MIL,3,insufficient_baseline_history_d16
nba_opening_night,KXNBA-27-MIL,5,insufficient_baseline_history_d16
nba_opening_night,KXNBA-27-MIA,1,no_window_data
nba_opening_night,KXNBA-27-MIA,3,no_window_data
nba_opening_night,KXNBA-27-MIA,5,no_window_data
nba_opening_night,KXNBA-27-MEM,1,insufficient_baseline_history_d16
nba_opening_night,KXNBA-27-MEM,3,insufficient_baseline_history_d16
nba_opening_night,KXNBA-27-MEM,5,insufficient_baseline_history_d16
nba_opening_night,KXNBA-27-LAL,1,no_window_data
nba_opening_night,KXNBA-27-LAL,3,no_window_data
nba_opening_night,KXNBA-27-LAL,5,no_window_data
nba_opening_night,KXNBA-27-LAC,1,insufficient_baseline_history_d16
nba_opening_night,KXNBA-27-LAC,3,insufficient_baseline_history_d16
nba_opening_night,KXNBA-27-LAC,5,insufficient_baseline_history_d16
nba_opening_night,KXNBA-27-IND,1,no_window_data
nba_opening_night,KXNBA-27-IND,3,no_window_data
nba_opening_night,KXNBA-27-IND,5,no_window_data
nba_opening_night,KXNBA-27-HOU,1,no_window_data
nba_opening_night,KXNBA-27-HOU,3,no_window_data
nba_opening_night,KXNBA-27-HOU,5,no_window_data
nba_opening_night,KXNBA-27-GSW,1,no_window_data
nba_opening_night,KXNBA-27-GSW,3,no_window_data
nba_opening_night,KXNBA-27-GSW,5,no_window_data
nba_opening_night,KXNBA-27-DET,1,no_window_data
nba_opening_night,KXNBA-27-DET,3,no_window_data
nba_opening_night,KXNBA-27-DET,5,no_window_data
nba_opening_night,KXNBA-27-DEN,1,no_window_data
nba_opening_night,KXNBA-27-DEN,3,no_window_data
nba_opening_night,KXNBA-27-DEN,5,no_window_data
nba_opening_night,KXNBA-27-DAL,1,no_window_data
nba_opening_night,KXNBA-27-DAL,3,no_window_data
nba_opening_night,KXNBA-27-DAL,5,no_window_data
nba_opening_night,KXNBA-27-CLE,1,no_window_data
nba_opening_night,KXNBA-27-CLE,3,no_window_data
nba_opening_night,KXNBA-27-CLE,5,no_window_data
nba_opening_night,KXNBA-27-CHI,1,insufficient_baseline_history_d16
nba_opening_night,KXNBA-27-CHI,3,insufficient_baseline_history_d16
nba_opening_night,KXNBA-27-CHI,5,insufficient_baseline_history_d16
nba_opening_night,KXNBA-27-CHA,1,insufficient_baseline_history_d16
nba_opening_night,KXNBA-27-CHA,3,insufficient_baseline_history_d16
nba_opening_night,KXNBA-27-CHA,5,insufficient_baseline_history_d16
nba_opening_night,KXNBA-27-BOS,1,no_window_data
nba_opening_night,KXNBA-27-BOS,3,no_window_data
nba_opening_night,KXNBA-27-BOS,5,no_window_data
nba_opening_night,KXNBA-27-BKN,1,insufficient_baseline_history_d16
nba_opening_night,KXNBA-27-BKN,3,insufficient_baseline_history_d16
nba_opening_night,KXNBA-27-BKN,5,insufficient_baseline_history_d16
nba_opening_night,KXNBA-27-ATL,1,no_window_data
nba_opening_night,KXNBA-27-ATL,3,no_window_data
nba_opening_night,KXNBA-27-ATL,5,no_window_data
nfl_trade_deadline,KXSB-27-WAS,1,insufficient_baseline_history_d16
nfl_trade_deadline,KXSB-27-WAS,3,insufficient_baseline_history_d16
nfl_trade_deadline,KXSB-27-WAS,5,insufficient_baseline_history_d16
nfl_trade_deadline,KXSB-27-TEN,1,insufficient_baseline_history_d16
nfl_trade_deadline,KXSB-27-TEN,3,insufficient_baseline_history_d16
nfl_trade_deadline,KXSB-27-TEN,5,insufficient_baseline_history_d16
nfl_trade_deadline,KXSB-27-TB,1,insufficient_baseline_history_d16
nfl_trade_deadline,KXSB-27-TB,3,insufficient_baseline_history_d16
nfl_trade_deadline,KXSB-27-TB,5,insufficient_baseline_history_d16
nfl_trade_deadline,KXSB-27-SF,1,insufficient_baseline_history_d16
nfl_trade_deadline,KXSB-27-SF,3,insufficient_baseline_history_d16
nfl_trade_deadline,KXSB-27-SF,5,insufficient_baseline_history_d16
nfl_trade_deadline,KXSB-27-SEA,1,insufficient_baseline_history_d16
nfl_trade_deadline,KXSB-27-SEA,3,insufficient_baseline_history_d16
nfl_trade_deadline,KXSB-27-SEA,5,insufficient_baseline_history_d16
nfl_trade_deadline,KXSB-27-PIT,1,insufficient_baseline_history_d16
nfl_trade_deadline,KXSB-27-PIT,3,insufficient_baseline_history_d16
nfl_trade_deadline,KXSB-27-PIT,5,insufficient_baseline_history_d16
nfl_trade_deadline,KXSB-27-PHI,1,insufficient_baseline_history_d16
nfl_trade_deadline,KXSB-27-PHI,3,insufficient_baseline_history_d16
nfl_trade_deadline,KXSB-27-PHI,5,insufficient_baseline_history_d16
nfl_trade_deadline,KXSB-27-NYJ,1,insufficient_baseline_history_d16
nfl_trade_deadline,KXSB-27-NYJ,3,insufficient_baseline_history_d16
nfl_trade_deadline,KXSB-27-NYJ,5,insufficient_baseline_history_d16
nfl_trade_deadline,KXSB-27-NYG,1,insufficient_baseline_history_d16
nfl_trade_deadline,KXSB-27-NYG,3,insufficient_baseline_history_d16
nfl_trade_deadline,KXSB-27-NYG,5,insufficient_baseline_history_d16
nfl_trade_deadline,KXSB-27-NO,1,insufficient_baseline_history_d16
nfl_trade_deadline,KXSB-27-NO,3,insufficient_baseline_history_d16
nfl_trade_deadline,KXSB-27-NO,5,insufficient_baseline_history_d16
nfl_trade_deadline,KXSB-27-NE,1,insufficient_baseline_history_d16
nfl_trade_deadline,KXSB-27-NE,3,insufficient_baseline_history_d16
nfl_trade_deadline,KXSB-27-NE,5,insufficient_baseline_history_d16
nfl_trade_deadline,KXSB-27-MIN,1,insufficient_baseline_history_d16
nfl_trade_deadline,KXSB-27-MIN,3,insufficient_baseline_history_d16
nfl_trade_deadline,KXSB-27-MIN,5,insufficient_baseline_history_d16
nfl_trade_deadline,KXSB-27-MIA,1,insufficient_baseline_history_d16
nfl_trade_deadline,KXSB-27-MIA,3,insufficient_baseline_history_d16
nfl_trade_deadline,KXSB-27-MIA,5,insufficient_baseline_history_d16
nfl_trade_deadline,KXSB-27-LV,1,insufficient_baseline_history_d16
nfl_trade_deadline,KXSB-27-LV,3,insufficient_baseline_history_d16
nfl_trade_deadline,KXSB-27-LV,5,insufficient_baseline_history_d16
nfl_trade_deadline,KXSB-27-LAR,1,insufficient_baseline_history_d16
nfl_trade_deadline,KXSB-27-LAR,3,insufficient_baseline_history_d16
nfl_trade_deadline,KXSB-27-LAR,5,insufficient_baseline_history_d16
nfl_trade_deadline,KXSB-27-LAC,1,insufficient_baseline_history_d16
nfl_trade_deadline,KXSB-27-LAC,3,insufficient_baseline_history_d16
nfl_trade_deadline,KXSB-27-LAC,5,insufficient_baseline_history_d16
nfl_trade_deadline,KXSB-27-KC,1,insufficient_baseline_history_d16
nfl_trade_deadline,KXSB-27-KC,3,insufficient_baseline_history_d16
nfl_trade_deadline,KXSB-27-KC,5,insufficient_baseline_history_d16
nfl_trade_deadline,KXSB-27-JAC,1,insufficient_baseline_history_d16
nfl_trade_deadline,KXSB-27-JAC,3,insufficient_baseline_history_d16
nfl_trade_deadline,KXSB-27-JAC,5,insufficient_baseline_history_d16
nfl_trade_deadline,KXSB-27-IND,1,insufficient_baseline_history_d16
nfl_trade_deadline,KXSB-27-IND,3,insufficient_baseline_history_d16
nfl_trade_deadline,KXSB-27-IND,5,insufficient_baseline_history_d16
nfl_trade_deadline,KXSB-27-HOU,1,insufficient_baseline_history_d16
nfl_trade_deadline,KXSB-27-HOU,3,insufficient_baseline_history_d16
nfl_trade_deadline,KXSB-27-HOU,5,insufficient_baseline_history_d16
nfl_trade_deadline,KXSB-27-GB,1,insufficient_baseline_history_d16
nfl_trade_deadline,KXSB-27-GB,3,insufficient_baseline_history_d16
nfl_trade_deadline,KXSB-27-GB,5,insufficient_baseline_history_d16
nfl_trade_deadline,KXSB-27-DET,1,insufficient_baseline_history_d16
nfl_trade_deadline,KXSB-27-DET,3,insufficient_baseline_history_d16
nfl_trade_deadline,KXSB-27-DET,5,insufficient_baseline_history_d16
nfl_trade_deadline,KXSB-27-DEN,1,insufficient_baseline_history_d16
nfl_trade_deadline,KXSB-27-DEN,3,insufficient_baseline_history_d16
nfl_trade_deadline,KXSB-27-DEN,5,insufficient_baseline_history_d16
nfl_trade_deadline,KXSB-27-DAL,1,insufficient_baseline_history_d16
nfl_trade_deadline,KXSB-27-DAL,3,insufficient_baseline_history_d16
nfl_trade_deadline,KXSB-27-DAL,5,insufficient_baseline_history_d16
nfl_trade_deadline,KXSB-27-CLE,1,insufficient_baseline_history_d16
nfl_trade_deadline,KXSB-27-CLE,3,insufficient_baseline_history_d16
nfl_trade_deadline,KXSB-27-CLE,5,insufficient_baseline_history_d16
nfl_trade_deadline,KXSB-27-CIN,1,insufficient_baseline_history_d16
nfl_trade_deadline,KXSB-27-CIN,3,insufficient_baseline_history_d16
nfl_trade_deadline,KXSB-27-CIN,5,insufficient_baseline_history_d16
nfl_trade_deadline,KXSB-27-CHI,1,insufficient_baseline_history_d16
nfl_trade_deadline,KXSB-27-CHI,3,insufficient_baseline_history_d16
nfl_trade_deadline,KXSB-27-CHI,5,insufficient_baseline_history_d16
nfl_trade_deadline,KXSB-27-CAR,1,insufficient_baseline_history_d16
nfl_trade_deadline,KXSB-27-CAR,3,insufficient_baseline_history_d16
nfl_trade_deadline,KXSB-27-CAR,5,insufficient_baseline_history_d16
nfl_trade_deadline,KXSB-27-BUF,1,insufficient_baseline_history_d16
nfl_trade_deadline,KXSB-27-BUF,3,insufficient_baseline_history_d16
nfl_trade_deadline,KXSB-27-BUF,5,insufficient_baseline_history_d16
nfl_trade_deadline,KXSB-27-BAL,1,insufficient_baseline_history_d16
nfl_trade_deadline,KXSB-27-BAL,3,insufficient_baseline_history_d16
nfl_trade_deadline,KXSB-27-BAL,5,insufficient_baseline_history_d16
nfl_trade_deadline,KXSB-27-ATL,1,insufficient_baseline_history_d16
nfl_trade_deadline,KXSB-27-ATL,3,insufficient_baseline_history_d16
nfl_trade_deadline,KXSB-27-ATL,5,insufficient_baseline_history_d16
nfl_trade_deadline,KXSB-27-ARI,1,insufficient_baseline_history_d16
nfl_trade_deadline,KXSB-27-ARI,3,insufficient_baseline_history_d16
nfl_trade_deadline,KXSB-27-ARI,5,insufficient_baseline_history_d16
hormuz_retaliation_threat,KXCPI-26AUG-T0.9,1,no_window_data
hormuz_retaliation_threat,KXCPI-26AUG-T-0.3,1,no_window_data
hormuz_retaliation_threat,KXCPI-26AUG-T-0.2,1,no_window_data
hormuz_retaliation_threat,KXCPI-26JUL-T-0.4,1,no_window_data
hormuz_retaliation_threat,KXCPI-26JUL-T-0.4,3,no_window_data
hormuz_retaliation_threat,KXCPI-26JUL-T-0.4,5,no_window_data
hormuz_retaliation_threat,KXCPI-26JUL-T-0.3,1,no_window_data
hormuz_retaliation_threat,KXCPI-26JUL-T-0.3,3,no_window_data
hormuz_retaliation_threat,KXCPI-26JUL-T-0.3,5,no_window_data
hormuz_retaliation_threat,KXCPI-26JUL-T-0.2,1,no_window_data
hormuz_retaliation_threat,KXCPI-26JUL-T-0.2,3,no_window_data
hormuz_retaliation_threat,KXCPI-26JUL-T-0.2,5,no_window_data
hormuz_retaliation_threat,KXCPI-26NOV-T0.5,1,no_window_data
hormuz_retaliation_threat,KXCPI-26NOV-T0.5,3,no_window_data
hormuz_retaliation_threat,KXCPI-26NOV-T0.5,5,no_window_data
hormuz_retaliation_threat,KXCPI-26NOV-T0.3,1,no_window_data
hormuz_retaliation_threat,KXCPI-26NOV-T0.2,1,no_window_data
hormuz_retaliation_threat,KXCPI-26NOV-T0.0,1,no_window_data
hormuz_retaliation_threat,KXCPI-26OCT-T0.5,1,no_window_data
hormuz_retaliation_threat,KXCPI-26OCT-T0.5,3,no_window_data
hormuz_retaliation_threat,KXCPI-26OCT-T0.5,5,no_window_data
hormuz_retaliation_threat,KXCPI-26OCT-T0.4,1,no_window_data
hormuz_retaliation_threat,KXCPI-26OCT-T0.2,1,no_window_data
hormuz_retaliation_threat,KXCPI-26OCT-T-0.1,1,no_window_data
hormuz_retaliation_threat,KXCPI-26OCT-T-0.1,3,no_window_data
hormuz_retaliation_threat,KXCPI-26OCT-T0.0,1,no_window_data
hormuz_retaliation_threat,KXCPI-26AUG-T0.1,1,no_window_data
hormuz_retaliation_threat,KXCPI-26AUG-T-0.1,1,no_window_data
hormuz_retaliation_threat,KXCPI-26JUL-T0.5,1,no_window_data
hormuz_retaliation_threat,KXCPI-26JUL-T0.5,3,no_window_data
hormuz_retaliation_threat,KXCPI-26JUL-T0.5,5,no_window_data
hormuz_retaliation_threat,KXCPI-26JUL-T0.4,1,no_window_data
hormuz_retaliation_threat,KXCPI-26JUL-T0.4,3,no_window_data
hormuz_retaliation_threat,KXCPI-26JUL-T0.4,5,no_window_data
hormuz_retaliation_threat,KXCPI-26JUL-T0.3,1,no_window_data
hormuz_retaliation_threat,KXCPI-26JUL-T0.3,3,no_window_data
hormuz_retaliation_threat,KXCPI-26JUL-T0.3,5,no_window_data
hormuz_retaliation_threat,KXCPI-26JUL-T0.2,1,no_window_data
hormuz_retaliation_threat,KXCPI-26JUL-T0.2,3,no_window_data
hormuz_retaliation_threat,KXCPI-26JUL-T0.2,5,no_window_data
hormuz_retaliation_threat,KXCPI-26JUL-T0.1,1,no_window_data
hormuz_retaliation_threat,KXCPI-26JUL-T0.1,3,no_window_data
hormuz_retaliation_threat,KXCPI-26JUL-T0.1,5,no_window_data
hormuz_retaliation_threat,KXCPI-26JUL-T-0.1,1,no_window_data
hormuz_retaliation_threat,KXCPI-26JUL-T-0.1,3,no_window_data
hormuz_retaliation_threat,KXCPI-26JUL-T-0.1,5,no_window_data
hormuz_retaliation_threat,KXCPI-26JUL-T0.0,1,no_window_data
hormuz_retaliation_threat,KXCPI-26JUL-T0.0,3,no_window_data
hormuz_retaliation_threat,KXCPI-26JUL-T0.0,5,no_window_data
hormuz_retaliation_threat,KXCPICORE-26NOV-T1.0,1,insufficient_baseline_history_d16
hormuz_retaliation_threat,KXCPICORE-26NOV-T1.0,3,insufficient_baseline_history_d16
hormuz_retaliation_threat,KXCPICORE-26NOV-T1.0,5,insufficient_baseline_history_d16
hormuz_retaliation_threat,KXCPICORE-26NOV-T0.9,1,insufficient_baseline_history_d16
hormuz_retaliation_threat,KXCPICORE-26NOV-T0.9,3,insufficient_baseline_history_d16
hormuz_retaliation_threat,KXCPICORE-26NOV-T0.9,5,insufficient_baseline_history_d16
hormuz_retaliation_threat,KXCPICORE-26NOV-T0.8,1,insufficient_baseline_history_d16
hormuz_retaliation_threat,KXCPICORE-26NOV-T0.8,3,insufficient_baseline_history_d16
hormuz_retaliation_threat,KXCPICORE-26NOV-T0.8,5,insufficient_baseline_history_d16
hormuz_retaliation_threat,KXCPICORE-26NOV-T0.7,1,insufficient_baseline_history_d16
hormuz_retaliation_threat,KXCPICORE-26NOV-T0.7,3,insufficient_baseline_history_d16
hormuz_retaliation_threat,KXCPICORE-26NOV-T0.7,5,insufficient_baseline_history_d16
hormuz_retaliation_threat,KXCPICORE-26NOV-T0.6,1,insufficient_baseline_history_d16
hormuz_retaliation_threat,KXCPICORE-26NOV-T0.6,3,insufficient_baseline_history_d16
hormuz_retaliation_threat,KXCPICORE-26NOV-T0.6,5,insufficient_baseline_history_d16
hormuz_retaliation_threat,KXCPICORE-26NOV-T0.5,1,insufficient_baseline_history_d16
hormuz_retaliation_threat,KXCPICORE-26NOV-T0.5,3,insufficient_baseline_history_d16
hormuz_retaliation_threat,KXCPICORE-26NOV-T0.5,5,insufficient_baseline_history_d16
hormuz_retaliation_threat,KXCPICORE-26NOV-T0.4,1,insufficient_baseline_history_d16
hormuz_retaliation_threat,KXCPICORE-26NOV-T0.4,3,insufficient_baseline_history_d16
hormuz_retaliation_threat,KXCPICORE-26NOV-T0.4,5,insufficient_baseline_history_d16
hormuz_retaliation_threat,KXCPICORE-26NOV-T0.3,1,no_window_data
hormuz_retaliation_threat,KXCPICORE-26NOV-T0.2,1,no_window_data
hormuz_retaliation_threat,KXCPICORE-26NOV-T0.1,1,no_window_data
hormuz_retaliation_threat,KXCPICORE-26NOV-T0.1,3,no_window_data
hormuz_retaliation_threat,KXCPICORE-26NOV-T0.0,1,no_window_data
hormuz_retaliation_threat,KXCPICORE-26OCT-T1.0,1,insufficient_baseline_history_d16
hormuz_retaliation_threat,KXCPICORE-26OCT-T1.0,3,insufficient_baseline_history_d16
hormuz_retaliation_threat,KXCPICORE-26OCT-T1.0,5,insufficient_baseline_history_d16
hormuz_retaliation_threat,KXCPICORE-26OCT-T0.9,1,no_window_data
hormuz_retaliation_threat,KXCPICORE-26OCT-T0.8,1,insufficient_baseline_history_d16
hormuz_retaliation_threat,KXCPICORE-26OCT-T0.8,3,insufficient_baseline_history_d16
hormuz_retaliation_threat,KXCPICORE-26OCT-T0.8,5,insufficient_baseline_history_d16
hormuz_retaliation_threat,KXCPICORE-26OCT-T0.7,1,insufficient_baseline_history_d16
hormuz_retaliation_threat,KXCPICORE-26OCT-T0.7,3,insufficient_baseline_history_d16
hormuz_retaliation_threat,KXCPICORE-26OCT-T0.7,5,insufficient_baseline_history_d16
hormuz_retaliation_threat,KXCPICORE-26OCT-T0.6,1,insufficient_baseline_history_d16
hormuz_retaliation_threat,KXCPICORE-26OCT-T0.6,3,insufficient_baseline_history_d16
hormuz_retaliation_threat,KXCPICORE-26OCT-T0.6,5,insufficient_baseline_history_d16
hormuz_retaliation_threat,KXCPICORE-26OCT-T0.5,1,no_window_data
hormuz_retaliation_threat,KXCPICORE-26OCT-T0.4,1,no_window_data
hormuz_retaliation_threat,KXCPICORE-26OCT-T0.4,3,no_window_data
hormuz_retaliation_threat,KXCPICORE-26OCT-T0.3,1,no_window_data
hormuz_retaliation_threat,KXCPICORE-26OCT-T0.2,1,no_window_data
hormuz_retaliation_threat,KXCPICORE-26OCT-T0.1,1,no_window_data
hormuz_retaliation_threat,KXCPICORE-26OCT-T0.0,1,no_window_data
hormuz_retaliation_threat,KXCPICORE-26OCT-T0.0,3,no_window_data
hormuz_retaliation_threat,KXCPICORE-26SEP-T1.0,1,insufficient_baseline_history_d16
hormuz_retaliation_threat,KXCPICORE-26SEP-T1.0,3,insufficient_baseline_history_d16
hormuz_retaliation_threat,KXCPICORE-26SEP-T1.0,5,insufficient_baseline_history_d16
hormuz_retaliation_threat,KXCPICORE-26SEP-T0.9,1,insufficient_baseline_history_d16
hormuz_retaliation_threat,KXCPICORE-26SEP-T0.9,3,insufficient_baseline_history_d16
hormuz_retaliation_threat,KXCPICORE-26SEP-T0.9,5,insufficient_baseline_history_d16
hormuz_retaliation_threat,KXCPICORE-26SEP-T0.8,1,insufficient_baseline_history_d16
hormuz_retaliation_threat,KXCPICORE-26SEP-T0.8,3,insufficient_baseline_history_d16
hormuz_retaliation_threat,KXCPICORE-26SEP-T0.8,5,insufficient_baseline_history_d16
hormuz_retaliation_threat,KXCPICORE-26SEP-T0.7,1,insufficient_baseline_history_d16
hormuz_retaliation_threat,KXCPICORE-26SEP-T0.7,3,insufficient_baseline_history_d16
hormuz_retaliation_threat,KXCPICORE-26SEP-T0.7,5,insufficient_baseline_history_d16
hormuz_retaliation_threat,KXCPICORE-26SEP-T0.6,1,insufficient_baseline_history_d16
hormuz_retaliation_threat,KXCPICORE-26SEP-T0.6,3,insufficient_baseline_history_d16
hormuz_retaliation_threat,KXCPICORE-26SEP-T0.6,5,insufficient_baseline_history_d16
hormuz_retaliation_threat,KXCPICORE-26SEP-T0.5,1,insufficient_baseline_history_d16
hormuz_retaliation_threat,KXCPICORE-26SEP-T0.5,3,insufficient_baseline_history_d16
hormuz_retaliation_threat,KXCPICORE-26SEP-T0.5,5,insufficient_baseline_history_d16
hormuz_retaliation_threat,KXCPICORE-26SEP-T0.4,1,insufficient_baseline_history_d16
hormuz_retaliation_threat,KXCPICORE-26SEP-T0.4,3,insufficient_baseline_history_d16
hormuz_retaliation_threat,KXCPICORE-26SEP-T0.4,5,insufficient_baseline_history_d16
hormuz_retaliation_threat,KXCPICORE-26SEP-T0.3,1,insufficient_baseline_history_d16
hormuz_retaliation_threat,KXCPICORE-26SEP-T0.3,3,insufficient_baseline_history_d16
hormuz_retaliation_threat,KXCPICORE-26SEP-T0.3,5,insufficient_baseline_history_d16
hormuz_retaliation_threat,KXCPICORE-26SEP-T0.2,1,no_window_data
hormuz_retaliation_threat,KXCPICORE-26SEP-T0.1,1,no_window_data
hormuz_retaliation_threat,KXCPICORE-26SEP-T0.0,1,no_window_data
hormuz_retaliation_threat,KXCPICORE-26AUG-T1.0,1,insufficient_baseline_history_d16
hormuz_retaliation_threat,KXCPICORE-26AUG-T1.0,3,insufficient_baseline_history_d16
hormuz_retaliation_threat,KXCPICORE-26AUG-T1.0,5,insufficient_baseline_history_d16
hormuz_retaliation_threat,KXCPICORE-26AUG-T0.9,1,insufficient_baseline_history_d16
hormuz_retaliation_threat,KXCPICORE-26AUG-T0.9,3,insufficient_baseline_history_d16
hormuz_retaliation_threat,KXCPICORE-26AUG-T0.9,5,insufficient_baseline_history_d16
hormuz_retaliation_threat,KXCPICORE-26AUG-T0.8,1,insufficient_baseline_history_d16
hormuz_retaliation_threat,KXCPICORE-26AUG-T0.8,3,insufficient_baseline_history_d16
hormuz_retaliation_threat,KXCPICORE-26AUG-T0.8,5,insufficient_baseline_history_d16
hormuz_retaliation_threat,KXCPICORE-26AUG-T0.7,1,insufficient_baseline_history_d16
hormuz_retaliation_threat,KXCPICORE-26AUG-T0.7,3,insufficient_baseline_history_d16
hormuz_retaliation_threat,KXCPICORE-26AUG-T0.7,5,insufficient_baseline_history_d16
hormuz_retaliation_threat,KXCPICORE-26AUG-T0.6,1,insufficient_baseline_history_d16
hormuz_retaliation_threat,KXCPICORE-26AUG-T0.6,3,insufficient_baseline_history_d16
hormuz_retaliation_threat,KXCPICORE-26AUG-T0.6,5,insufficient_baseline_history_d16
hormuz_retaliation_threat,KXCPICORE-26AUG-T0.5,1,insufficient_baseline_history_d16
hormuz_retaliation_threat,KXCPICORE-26AUG-T0.5,3,insufficient_baseline_history_d16
hormuz_retaliation_threat,KXCPICORE-26AUG-T0.5,5,insufficient_baseline_history_d16
hormuz_retaliation_threat,KXCPICORE-26AUG-T0.4,1,no_window_data
hormuz_retaliation_threat,KXCPICORE-26AUG-T0.3,1,no_window_data
hormuz_retaliation_threat,KXCPICORE-26JUL-T1.0,1,insufficient_baseline_history_d16
hormuz_retaliation_threat,KXCPICORE-26JUL-T1.0,3,insufficient_baseline_history_d16
hormuz_retaliation_threat,KXCPICORE-26JUL-T1.0,5,insufficient_baseline_history_d16
hormuz_retaliation_threat,KXCPICORE-26JUL-T0.9,1,insufficient_baseline_history_d16
hormuz_retaliation_threat,KXCPICORE-26JUL-T0.9,3,insufficient_baseline_history_d16
hormuz_retaliation_threat,KXCPICORE-26JUL-T0.9,5,insufficient_baseline_history_d16
hormuz_retaliation_threat,KXCPICORE-26JUL-T0.8,1,insufficient_baseline_history_d16
hormuz_retaliation_threat,KXCPICORE-26JUL-T0.8,3,insufficient_baseline_history_d16
hormuz_retaliation_threat,KXCPICORE-26JUL-T0.8,5,insufficient_baseline_history_d16
hormuz_retaliation_threat,KXCPICORE-26JUL-T0.7,1,insufficient_baseline_history_d16
hormuz_retaliation_threat,KXCPICORE-26JUL-T0.7,3,insufficient_baseline_history_d16
hormuz_retaliation_threat,KXCPICORE-26JUL-T0.7,5,insufficient_baseline_history_d16
hormuz_retaliation_threat,KXCPICORE-26JUL-T0.6,1,insufficient_baseline_history_d16
hormuz_retaliation_threat,KXCPICORE-26JUL-T0.6,3,insufficient_baseline_history_d16
hormuz_retaliation_threat,KXCPICORE-26JUL-T0.6,5,insufficient_baseline_history_d16
hormuz_retaliation_threat,KXCPICORE-26JUL-T0.5,1,no_window_data
hormuz_retaliation_threat,KXCPICORE-26JUL-T0.5,3,no_window_data
hormuz_retaliation_threat,KXCPICORE-26JUL-T0.5,5,no_window_data
hormuz_retaliation_threat,KXCPICORE-26JUL-T0.4,1,insufficient_baseline_history_d16
hormuz_retaliation_threat,KXCPICORE-26JUL-T0.4,3,insufficient_baseline_history_d16
hormuz_retaliation_threat,KXCPICORE-26JUL-T0.4,5,insufficient_baseline_history_d16
hormuz_retaliation_threat,KXCPICORE-26JUL-T0.3,1,no_window_data
hormuz_retaliation_threat,KXCPICORE-26JUL-T0.3,3,no_window_data
hormuz_retaliation_threat,KXCPICORE-26JUL-T0.3,5,no_window_data
hormuz_retaliation_threat,KXCPICORE-26JUL-T0.2,1,no_window_data
hormuz_retaliation_threat,KXCPICORE-26JUL-T0.2,3,no_window_data
hormuz_retaliation_threat,KXCPICORE-26JUL-T0.2,5,no_window_data
hormuz_retaliation_threat,KXCPICORE-26JUL-T0.1,1,no_window_data
hormuz_retaliation_threat,KXCPICORE-26JUL-T0.1,3,no_window_data
hormuz_retaliation_threat,KXCPICORE-26JUL-T0.1,5,no_window_data
hormuz_retaliation_threat,KXCPICORE-26JUL-T0.0,1,no_window_data
hormuz_retaliation_threat,KXCPICORE-26JUL-T0.0,3,no_window_data
hormuz_retaliation_threat,KXCPICORE-26JUL-T0.0,5,no_window_data
hormuz_retaliation_threat,KXFED-27MAR-T3.75,1,no_window_data
hormuz_retaliation_threat,KXFED-27MAR-T3.50,1,no_window_data
hormuz_retaliation_threat,KXFED-27MAR-T3.00,1,no_window_data
hormuz_retaliation_threat,KXFED-27MAR-T2.75,1,no_window_data
hormuz_retaliation_threat,KXFED-27MAR-T2.50,1,no_window_data
hormuz_retaliation_threat,KXFED-27MAR-T2.25,1,no_window_data
hormuz_retaliation_threat,KXFED-27MAR-T1.25,1,no_window_data
hormuz_retaliation_threat,KXFED-27MAR-T0.75,1,no_window_data
hormuz_retaliation_threat,KXFED-27MAR-T0.50,1,no_window_data
hormuz_retaliation_threat,KXFED-27MAR-T0.25,1,no_window_data
hormuz_retaliation_threat,KXFED-27MAR-T0.00,1,no_window_data
hormuz_retaliation_threat,KXFED-27JAN-T4.25,1,no_window_data
hormuz_retaliation_threat,KXFED-27JAN-T3.75,1,no_window_data
hormuz_retaliation_threat,KXFED-27JAN-T3.50,1,no_window_data
hormuz_retaliation_threat,KXFED-27JAN-T2.25,1,no_window_data
hormuz_retaliation_threat,KXFED-26DEC-T5.25,1,insufficient_baseline_history_d16
hormuz_retaliation_threat,KXFED-26DEC-T5.25,3,insufficient_baseline_history_d16
hormuz_retaliation_threat,KXFED-26DEC-T5.25,5,insufficient_baseline_history_d16
hormuz_retaliation_threat,KXFED-26DEC-T4.75,1,no_window_data
hormuz_retaliation_threat,KXFED-26DEC-T4.75,3,no_window_data
hormuz_retaliation_threat,KXFED-26DEC-T4.50,1,no_window_data
hormuz_retaliation_threat,KXFED-26DEC-T3.00,1,no_window_data
hormuz_retaliation_threat,KXFED-26DEC-T2.75,1,no_window_data
hormuz_retaliation_threat,KXFED-26OCT-T5.25,1,insufficient_baseline_history_d16
hormuz_retaliation_threat,KXFED-26OCT-T5.25,3,insufficient_baseline_history_d16
hormuz_retaliation_threat,KXFED-26OCT-T5.25,5,insufficient_baseline_history_d16
hormuz_retaliation_threat,KXFED-26OCT-T5.00,1,insufficient_baseline_history_d16
hormuz_retaliation_threat,KXFED-26OCT-T5.00,3,insufficient_baseline_history_d16
hormuz_retaliation_threat,KXFED-26OCT-T5.00,5,insufficient_baseline_history_d16
hormuz_retaliation_threat,KXFED-26OCT-T4.75,1,no_window_data
hormuz_retaliation_threat,KXFED-26OCT-T4.50,1,no_window_data
hormuz_retaliation_threat,KXFED-26OCT-T4.25,1,no_window_data
hormuz_retaliation_threat,KXFED-26OCT-T2.75,1,no_window_data
hormuz_retaliation_threat,KXFED-26SEP-T5.25,1,insufficient_baseline_history_d16
hormuz_retaliation_threat,KXFED-26SEP-T5.25,3,insufficient_baseline_history_d16
hormuz_retaliation_threat,KXFED-26SEP-T5.25,5,insufficient_baseline_history_d16
hormuz_retaliation_threat,KXFED-26SEP-T5.00,1,insufficient_baseline_history_d16
hormuz_retaliation_threat,KXFED-26SEP-T5.00,3,insufficient_baseline_history_d16
hormuz_retaliation_threat,KXFED-26SEP-T5.00,5,insufficient_baseline_history_d16
hormuz_retaliation_threat,KXFED-26SEP-T4.75,1,insufficient_baseline_history_d16
hormuz_retaliation_threat,KXFED-26SEP-T4.75,3,insufficient_baseline_history_d16
hormuz_retaliation_threat,KXFED-26SEP-T4.75,5,insufficient_baseline_history_d16
hormuz_retaliation_threat,KXFED-26SEP-T4.50,1,no_window_data
hormuz_retaliation_threat,KXFED-26SEP-T3.25,1,no_window_data
hormuz_retaliation_threat,KXFED-26SEP-T3.00,1,no_window_data
hormuz_retaliation_threat,KXFED-26JUL-T5.25,1,insufficient_baseline_history_d16
hormuz_retaliation_threat,KXFED-26JUL-T5.25,3,insufficient_baseline_history_d16
hormuz_retaliation_threat,KXFED-26JUL-T5.25,5,insufficient_baseline_history_d16
hormuz_retaliation_threat,KXFED-26JUL-T5.00,1,insufficient_baseline_history_d16
hormuz_retaliation_threat,KXFED-26JUL-T5.00,3,insufficient_baseline_history_d16
hormuz_retaliation_threat,KXFED-26JUL-T5.00,5,insufficient_baseline_history_d16
hormuz_retaliation_threat,KXFED-26JUL-T4.75,1,insufficient_baseline_history_d16
hormuz_retaliation_threat,KXFED-26JUL-T4.75,3,insufficient_baseline_history_d16
hormuz_retaliation_threat,KXFED-26JUL-T4.75,5,insufficient_baseline_history_d16
hormuz_retaliation_threat,KXFED-26JUL-T4.50,1,insufficient_baseline_history_d16
hormuz_retaliation_threat,KXFED-26JUL-T4.50,3,insufficient_baseline_history_d16
hormuz_retaliation_threat,KXFED-26JUL-T4.50,5,insufficient_baseline_history_d16
hormuz_retaliation_threat,KXFED-26JUL-T4.25,1,insufficient_baseline_history_d16
hormuz_retaliation_threat,KXFED-26JUL-T4.25,3,insufficient_baseline_history_d16
hormuz_retaliation_threat,KXFED-26JUL-T4.25,5,insufficient_baseline_history_d16
hormuz_retaliation_threat,KXFED-26JUL-T4.00,1,insufficient_baseline_history_d16
hormuz_retaliation_threat,KXFED-26JUL-T4.00,3,insufficient_baseline_history_d16
hormuz_retaliation_threat,KXFED-26JUL-T4.00,5,insufficient_baseline_history_d16
hormuz_retaliation_threat,KXFED-26JUL-T3.75,1,insufficient_baseline_history_d16
hormuz_retaliation_threat,KXFED-26JUL-T3.75,3,insufficient_baseline_history_d16
hormuz_retaliation_threat,KXFED-26JUL-T3.75,5,insufficient_baseline_history_d16
hormuz_retaliation_threat,KXFED-26JUL-T3.50,1,insufficient_baseline_history_d16
hormuz_retaliation_threat,KXFED-26JUL-T3.50,3,insufficient_baseline_history_d16
hormuz_retaliation_threat,KXFED-26JUL-T3.50,5,insufficient_baseline_history_d16
hormuz_retaliation_threat,KXFED-26JUL-T3.25,1,insufficient_baseline_history_d16
hormuz_retaliation_threat,KXFED-26JUL-T3.25,3,insufficient_baseline_history_d16
hormuz_retaliation_threat,KXFED-26JUL-T3.25,5,insufficient_baseline_history_d16
hormuz_retaliation_threat,KXFED-26JUL-T3.00,1,insufficient_baseline_history_d16
hormuz_retaliation_threat,KXFED-26JUL-T3.00,3,insufficient_baseline_history_d16
hormuz_retaliation_threat,KXFED-26JUL-T3.00,5,insufficient_baseline_history_d16
hormuz_retaliation_threat,KXFED-26JUL-T2.75,1,insufficient_baseline_history_d16
hormuz_retaliation_threat,KXFED-26JUL-T2.75,3,insufficient_baseline_history_d16
hormuz_retaliation_threat,KXFED-26JUL-T2.75,5,insufficient_baseline_history_d16
hormuz_retaliation_threat,KXCPI-26DEC-T0.9,1,insufficient_baseline_history_d16
hormuz_retaliation_threat,KXCPI-26DEC-T0.9,3,insufficient_baseline_history_d16
hormuz_retaliation_threat,KXCPI-26DEC-T0.9,5,insufficient_baseline_history_d16
hormuz_retaliation_threat,KXCPI-26DEC-T0.8,1,insufficient_baseline_history_d16
hormuz_retaliation_threat,KXCPI-26DEC-T0.8,3,insufficient_baseline_history_d16
hormuz_retaliation_threat,KXCPI-26DEC-T0.8,5,insufficient_baseline_history_d16
hormuz_retaliation_threat,KXCPI-26DEC-T0.7,1,insufficient_baseline_history_d16
hormuz_retaliation_threat,KXCPI-26DEC-T0.7,3,insufficient_baseline_history_d16
hormuz_retaliation_threat,KXCPI-26DEC-T0.7,5,insufficient_baseline_history_d16
hormuz_retaliation_threat,KXCPI-26DEC-T0.6,1,insufficient_baseline_history_d16
hormuz_retaliation_threat,KXCPI-26DEC-T0.6,3,insufficient_baseline_history_d16
hormuz_retaliation_threat,KXCPI-26DEC-T0.6,5,insufficient_baseline_history_d16
hormuz_retaliation_threat,KXCPI-26DEC-T0.5,1,insufficient_baseline_history_d16
hormuz_retaliation_threat,KXCPI-26DEC-T0.5,3,insufficient_baseline_history_d16
hormuz_retaliation_threat,KXCPI-26DEC-T0.5,5,insufficient_baseline_history_d16
hormuz_retaliation_threat,KXCPI-26DEC-T0.4,1,insufficient_baseline_history_d16
hormuz_retaliation_threat,KXCPI-26DEC-T0.4,3,insufficient_baseline_history_d16
hormuz_retaliation_threat,KXCPI-26DEC-T0.4,5,insufficient_baseline_history_d16
hormuz_retaliation_threat,KXCPI-26DEC-T0.3,1,insufficient_baseline_history_d16
hormuz_retaliation_threat,KXCPI-26DEC-T0.3,3,insufficient_baseline_history_d16
hormuz_retaliation_threat,KXCPI-26DEC-T0.3,5,insufficient_baseline_history_d16
hormuz_retaliation_threat,KXCPI-26DEC-T0.2,1,insufficient_baseline_history_d16
hormuz_retaliation_threat,KXCPI-26DEC-T0.2,3,insufficient_baseline_history_d16
hormuz_retaliation_threat,KXCPI-26DEC-T0.2,5,insufficient_baseline_history_d16
hormuz_retaliation_threat,KXCPI-26DEC-T0.1,1,insufficient_baseline_history_d16
hormuz_retaliation_threat,KXCPI-26DEC-T0.1,3,insufficient_baseline_history_d16
hormuz_retaliation_threat,KXCPI-26DEC-T0.1,5,insufficient_baseline_history_d16
hormuz_retaliation_threat,KXCPI-26DEC-T-0.1,1,insufficient_baseline_history_d16
hormuz_retaliation_threat,KXCPI-26DEC-T-0.1,3,insufficient_baseline_history_d16
hormuz_retaliation_threat,KXCPI-26DEC-T-0.1,5,insufficient_baseline_history_d16
hormuz_retaliation_threat,KXCPI-26DEC-T0.0,1,insufficient_baseline_history_d16
hormuz_retaliation_threat,KXCPI-26DEC-T0.0,3,insufficient_baseline_history_d16
hormuz_retaliation_threat,KXCPI-26DEC-T0.0,5,insufficient_baseline_history_d16
hormuz_retaliation_threat,KXCPI-26SEP-T0.9,1,insufficient_baseline_history_d16
hormuz_retaliation_threat,KXCPI-26SEP-T0.9,3,insufficient_baseline_history_d16
hormuz_retaliation_threat,KXCPI-26SEP-T0.9,5,insufficient_baseline_history_d16
hormuz_retaliation_threat,KXCPI-26SEP-T0.8,1,insufficient_baseline_history_d16
hormuz_retaliation_threat,KXCPI-26SEP-T0.8,3,insufficient_baseline_history_d16
hormuz_retaliation_threat,KXCPI-26SEP-T0.8,5,insufficient_baseline_history_d16
hormuz_retaliation_threat,KXCPI-26SEP-T0.7,1,insufficient_baseline_history_d16
hormuz_retaliation_threat,KXCPI-26SEP-T0.7,3,insufficient_baseline_history_d16
hormuz_retaliation_threat,KXCPI-26SEP-T0.7,5,insufficient_baseline_history_d16
canada_proclamations,KXCPI-26AUG-T0.9,1,no_window_data
canada_proclamations,KXCPI-26AUG-T-0.3,1,no_window_data
canada_proclamations,KXCPI-26AUG-T-0.2,1,no_window_data
canada_proclamations,KXCPI-26JUL-T-0.4,1,no_window_data
canada_proclamations,KXCPI-26JUL-T-0.4,3,no_window_data
canada_proclamations,KXCPI-26JUL-T-0.4,5,no_window_data
canada_proclamations,KXCPI-26JUL-T-0.3,1,no_window_data
canada_proclamations,KXCPI-26JUL-T-0.3,3,no_window_data
canada_proclamations,KXCPI-26JUL-T-0.3,5,no_window_data
canada_proclamations,KXCPI-26JUL-T-0.2,1,no_window_data
canada_proclamations,KXCPI-26JUL-T-0.2,3,no_window_data
canada_proclamations,KXCPI-26JUL-T-0.2,5,no_window_data
canada_proclamations,KXCPI-26NOV-T0.5,1,no_window_data
canada_proclamations,KXCPI-26NOV-T0.5,3,no_window_data
canada_proclamations,KXCPI-26NOV-T0.5,5,no_window_data
canada_proclamations,KXCPI-26NOV-T0.3,1,no_window_data
canada_proclamations,KXCPI-26NOV-T0.2,1,no_window_data
canada_proclamations,KXCPI-26NOV-T0.0,1,no_window_data
canada_proclamations,KXCPI-26OCT-T0.5,1,no_window_data
canada_proclamations,KXCPI-26OCT-T0.5,3,no_window_data
canada_proclamations,KXCPI-26OCT-T0.5,5,no_window_data
canada_proclamations,KXCPI-26OCT-T0.4,1,no_window_data
canada_proclamations,KXCPI-26OCT-T0.2,1,no_window_data
canada_proclamations,KXCPI-26OCT-T-0.1,1,no_window_data
canada_proclamations,KXCPI-26OCT-T-0.1,3,no_window_data
canada_proclamations,KXCPI-26OCT-T0.0,1,no_window_data
canada_proclamations,KXCPI-26AUG-T0.1,1,no_window_data
canada_proclamations,KXCPI-26AUG-T-0.1,1,no_window_data
canada_proclamations,KXCPI-26JUL-T0.5,1,no_window_data
canada_proclamations,KXCPI-26JUL-T0.5,3,no_window_data
canada_proclamations,KXCPI-26JUL-T0.5,5,no_window_data
canada_proclamations,KXCPI-26JUL-T0.4,1,no_window_data
canada_proclamations,KXCPI-26JUL-T0.4,3,no_window_data
canada_proclamations,KXCPI-26JUL-T0.4,5,no_window_data
canada_proclamations,KXCPI-26JUL-T0.3,1,no_window_data
canada_proclamations,KXCPI-26JUL-T0.3,3,no_window_data
canada_proclamations,KXCPI-26JUL-T0.3,5,no_window_data
canada_proclamations,KXCPI-26JUL-T0.2,1,no_window_data
canada_proclamations,KXCPI-26JUL-T0.2,3,no_window_data
canada_proclamations,KXCPI-26JUL-T0.2,5,no_window_data
canada_proclamations,KXCPI-26JUL-T0.1,1,no_window_data
canada_proclamations,KXCPI-26JUL-T0.1,3,no_window_data
canada_proclamations,KXCPI-26JUL-T0.1,5,no_window_data
canada_proclamations,KXCPI-26JUL-T-0.1,1,no_window_data
canada_proclamations,KXCPI-26JUL-T-0.1,3,no_window_data
canada_proclamations,KXCPI-26JUL-T-0.1,5,no_window_data
canada_proclamations,KXCPI-26JUL-T0.0,1,no_window_data
canada_proclamations,KXCPI-26JUL-T0.0,3,no_window_data
canada_proclamations,KXCPI-26JUL-T0.0,5,no_window_data
canada_proclamations,KXCPICORE-26NOV-T1.0,1,insufficient_baseline_history_d16
canada_proclamations,KXCPICORE-26NOV-T1.0,3,insufficient_baseline_history_d16
canada_proclamations,KXCPICORE-26NOV-T1.0,5,insufficient_baseline_history_d16
canada_proclamations,KXCPICORE-26NOV-T0.9,1,insufficient_baseline_history_d16
canada_proclamations,KXCPICORE-26NOV-T0.9,3,insufficient_baseline_history_d16
canada_proclamations,KXCPICORE-26NOV-T0.9,5,insufficient_baseline_history_d16
canada_proclamations,KXCPICORE-26NOV-T0.8,1,insufficient_baseline_history_d16
canada_proclamations,KXCPICORE-26NOV-T0.8,3,insufficient_baseline_history_d16
canada_proclamations,KXCPICORE-26NOV-T0.8,5,insufficient_baseline_history_d16
canada_proclamations,KXCPICORE-26NOV-T0.7,1,insufficient_baseline_history_d16
canada_proclamations,KXCPICORE-26NOV-T0.7,3,insufficient_baseline_history_d16
canada_proclamations,KXCPICORE-26NOV-T0.7,5,insufficient_baseline_history_d16
canada_proclamations,KXCPICORE-26NOV-T0.6,1,insufficient_baseline_history_d16
canada_proclamations,KXCPICORE-26NOV-T0.6,3,insufficient_baseline_history_d16
canada_proclamations,KXCPICORE-26NOV-T0.6,5,insufficient_baseline_history_d16
canada_proclamations,KXCPICORE-26NOV-T0.5,1,insufficient_baseline_history_d16
canada_proclamations,KXCPICORE-26NOV-T0.5,3,insufficient_baseline_history_d16
canada_proclamations,KXCPICORE-26NOV-T0.5,5,insufficient_baseline_history_d16
canada_proclamations,KXCPICORE-26NOV-T0.4,1,insufficient_baseline_history_d16
canada_proclamations,KXCPICORE-26NOV-T0.4,3,insufficient_baseline_history_d16
canada_proclamations,KXCPICORE-26NOV-T0.4,5,insufficient_baseline_history_d16
canada_proclamations,KXCPICORE-26NOV-T0.3,1,no_window_data
canada_proclamations,KXCPICORE-26NOV-T0.2,1,no_window_data
canada_proclamations,KXCPICORE-26NOV-T0.1,1,no_window_data
canada_proclamations,KXCPICORE-26NOV-T0.1,3,no_window_data
canada_proclamations,KXCPICORE-26NOV-T0.0,1,no_window_data
canada_proclamations,KXCPICORE-26OCT-T1.0,1,insufficient_baseline_history_d16
canada_proclamations,KXCPICORE-26OCT-T1.0,3,insufficient_baseline_history_d16
canada_proclamations,KXCPICORE-26OCT-T1.0,5,insufficient_baseline_history_d16
canada_proclamations,KXCPICORE-26OCT-T0.9,1,no_window_data
canada_proclamations,KXCPICORE-26OCT-T0.8,1,insufficient_baseline_history_d16
canada_proclamations,KXCPICORE-26OCT-T0.8,3,insufficient_baseline_history_d16
canada_proclamations,KXCPICORE-26OCT-T0.8,5,insufficient_baseline_history_d16
canada_proclamations,KXCPICORE-26OCT-T0.7,1,insufficient_baseline_history_d16
canada_proclamations,KXCPICORE-26OCT-T0.7,3,insufficient_baseline_history_d16
canada_proclamations,KXCPICORE-26OCT-T0.7,5,insufficient_baseline_history_d16
canada_proclamations,KXCPICORE-26OCT-T0.6,1,insufficient_baseline_history_d16
canada_proclamations,KXCPICORE-26OCT-T0.6,3,insufficient_baseline_history_d16
canada_proclamations,KXCPICORE-26OCT-T0.6,5,insufficient_baseline_history_d16
canada_proclamations,KXCPICORE-26OCT-T0.5,1,no_window_data
canada_proclamations,KXCPICORE-26OCT-T0.4,1,no_window_data
canada_proclamations,KXCPICORE-26OCT-T0.4,3,no_window_data
canada_proclamations,KXCPICORE-26OCT-T0.3,1,no_window_data
canada_proclamations,KXCPICORE-26OCT-T0.2,1,no_window_data
canada_proclamations,KXCPICORE-26OCT-T0.1,1,no_window_data
canada_proclamations,KXCPICORE-26OCT-T0.0,1,no_window_data
canada_proclamations,KXCPICORE-26OCT-T0.0,3,no_window_data
canada_proclamations,KXCPICORE-26SEP-T1.0,1,insufficient_baseline_history_d16
canada_proclamations,KXCPICORE-26SEP-T1.0,3,insufficient_baseline_history_d16
canada_proclamations,KXCPICORE-26SEP-T1.0,5,insufficient_baseline_history_d16
canada_proclamations,KXCPICORE-26SEP-T0.9,1,insufficient_baseline_history_d16
canada_proclamations,KXCPICORE-26SEP-T0.9,3,insufficient_baseline_history_d16
canada_proclamations,KXCPICORE-26SEP-T0.9,5,insufficient_baseline_history_d16
canada_proclamations,KXCPICORE-26SEP-T0.8,1,insufficient_baseline_history_d16
canada_proclamations,KXCPICORE-26SEP-T0.8,3,insufficient_baseline_history_d16
canada_proclamations,KXCPICORE-26SEP-T0.8,5,insufficient_baseline_history_d16
canada_proclamations,KXCPICORE-26SEP-T0.7,1,insufficient_baseline_history_d16
canada_proclamations,KXCPICORE-26SEP-T0.7,3,insufficient_baseline_history_d16
canada_proclamations,KXCPICORE-26SEP-T0.7,5,insufficient_baseline_history_d16
canada_proclamations,KXCPICORE-26SEP-T0.6,1,insufficient_baseline_history_d16
canada_proclamations,KXCPICORE-26SEP-T0.6,3,insufficient_baseline_history_d16
canada_proclamations,KXCPICORE-26SEP-T0.6,5,insufficient_baseline_history_d16
canada_proclamations,KXCPICORE-26SEP-T0.5,1,insufficient_baseline_history_d16
canada_proclamations,KXCPICORE-26SEP-T0.5,3,insufficient_baseline_history_d16
canada_proclamations,KXCPICORE-26SEP-T0.5,5,insufficient_baseline_history_d16
canada_proclamations,KXCPICORE-26SEP-T0.4,1,insufficient_baseline_history_d16
canada_proclamations,KXCPICORE-26SEP-T0.4,3,insufficient_baseline_history_d16
canada_proclamations,KXCPICORE-26SEP-T0.4,5,insufficient_baseline_history_d16
canada_proclamations,KXCPICORE-26SEP-T0.3,1,insufficient_baseline_history_d16
canada_proclamations,KXCPICORE-26SEP-T0.3,3,insufficient_baseline_history_d16
canada_proclamations,KXCPICORE-26SEP-T0.3,5,insufficient_baseline_history_d16
canada_proclamations,KXCPICORE-26SEP-T0.2,1,no_window_data
canada_proclamations,KXCPICORE-26SEP-T0.1,1,no_window_data
canada_proclamations,KXCPICORE-26SEP-T0.0,1,no_window_data
canada_proclamations,KXCPICORE-26AUG-T1.0,1,insufficient_baseline_history_d16
canada_proclamations,KXCPICORE-26AUG-T1.0,3,insufficient_baseline_history_d16
canada_proclamations,KXCPICORE-26AUG-T1.0,5,insufficient_baseline_history_d16
canada_proclamations,KXCPICORE-26AUG-T0.9,1,insufficient_baseline_history_d16
canada_proclamations,KXCPICORE-26AUG-T0.9,3,insufficient_baseline_history_d16
canada_proclamations,KXCPICORE-26AUG-T0.9,5,insufficient_baseline_history_d16
canada_proclamations,KXCPICORE-26AUG-T0.8,1,insufficient_baseline_history_d16
canada_proclamations,KXCPICORE-26AUG-T0.8,3,insufficient_baseline_history_d16
canada_proclamations,KXCPICORE-26AUG-T0.8,5,insufficient_baseline_history_d16
canada_proclamations,KXCPICORE-26AUG-T0.7,1,insufficient_baseline_history_d16
canada_proclamations,KXCPICORE-26AUG-T0.7,3,insufficient_baseline_history_d16
canada_proclamations,KXCPICORE-26AUG-T0.7,5,insufficient_baseline_history_d16
canada_proclamations,KXCPICORE-26AUG-T0.6,1,insufficient_baseline_history_d16
canada_proclamations,KXCPICORE-26AUG-T0.6,3,insufficient_baseline_history_d16
canada_proclamations,KXCPICORE-26AUG-T0.6,5,insufficient_baseline_history_d16
canada_proclamations,KXCPICORE-26AUG-T0.5,1,insufficient_baseline_history_d16
canada_proclamations,KXCPICORE-26AUG-T0.5,3,insufficient_baseline_history_d16
canada_proclamations,KXCPICORE-26AUG-T0.5,5,insufficient_baseline_history_d16
canada_proclamations,KXCPICORE-26AUG-T0.4,1,no_window_data
canada_proclamations,KXCPICORE-26AUG-T0.3,1,no_window_data
canada_proclamations,KXCPICORE-26JUL-T1.0,1,insufficient_baseline_history_d16
canada_proclamations,KXCPICORE-26JUL-T1.0,3,insufficient_baseline_history_d16
canada_proclamations,KXCPICORE-26JUL-T1.0,5,insufficient_baseline_history_d16
canada_proclamations,KXCPICORE-26JUL-T0.9,1,insufficient_baseline_history_d16
canada_proclamations,KXCPICORE-26JUL-T0.9,3,insufficient_baseline_history_d16
canada_proclamations,KXCPICORE-26JUL-T0.9,5,insufficient_baseline_history_d16
canada_proclamations,KXCPICORE-26JUL-T0.8,1,insufficient_baseline_history_d16
canada_proclamations,KXCPICORE-26JUL-T0.8,3,insufficient_baseline_history_d16
canada_proclamations,KXCPICORE-26JUL-T0.8,5,insufficient_baseline_history_d16
canada_proclamations,KXCPICORE-26JUL-T0.7,1,insufficient_baseline_history_d16
canada_proclamations,KXCPICORE-26JUL-T0.7,3,insufficient_baseline_history_d16
canada_proclamations,KXCPICORE-26JUL-T0.7,5,insufficient_baseline_history_d16
canada_proclamations,KXCPICORE-26JUL-T0.6,1,insufficient_baseline_history_d16
canada_proclamations,KXCPICORE-26JUL-T0.6,3,insufficient_baseline_history_d16
canada_proclamations,KXCPICORE-26JUL-T0.6,5,insufficient_baseline_history_d16
canada_proclamations,KXCPICORE-26JUL-T0.5,1,no_window_data
canada_proclamations,KXCPICORE-26JUL-T0.5,3,no_window_data
canada_proclamations,KXCPICORE-26JUL-T0.5,5,no_window_data
canada_proclamations,KXCPICORE-26JUL-T0.4,1,insufficient_baseline_history_d16
canada_proclamations,KXCPICORE-26JUL-T0.4,3,insufficient_baseline_history_d16
canada_proclamations,KXCPICORE-26JUL-T0.4,5,insufficient_baseline_history_d16
canada_proclamations,KXCPICORE-26JUL-T0.3,1,no_window_data
canada_proclamations,KXCPICORE-26JUL-T0.3,3,no_window_data
canada_proclamations,KXCPICORE-26JUL-T0.3,5,no_window_data
canada_proclamations,KXCPICORE-26JUL-T0.2,1,no_window_data
canada_proclamations,KXCPICORE-26JUL-T0.2,3,no_window_data
canada_proclamations,KXCPICORE-26JUL-T0.2,5,no_window_data
canada_proclamations,KXCPICORE-26JUL-T0.1,1,no_window_data
canada_proclamations,KXCPICORE-26JUL-T0.1,3,no_window_data
canada_proclamations,KXCPICORE-26JUL-T0.1,5,no_window_data
canada_proclamations,KXCPICORE-26JUL-T0.0,1,no_window_data
canada_proclamations,KXCPICORE-26JUL-T0.0,3,no_window_data
canada_proclamations,KXCPICORE-26JUL-T0.0,5,no_window_data
canada_proclamations,KXCPI-26DEC-T0.9,1,insufficient_baseline_history_d16
canada_proclamations,KXCPI-26DEC-T0.9,3,insufficient_baseline_history_d16
canada_proclamations,KXCPI-26DEC-T0.9,5,insufficient_baseline_history_d16
canada_proclamations,KXCPI-26DEC-T0.8,1,insufficient_baseline_history_d16
canada_proclamations,KXCPI-26DEC-T0.8,3,insufficient_baseline_history_d16
canada_proclamations,KXCPI-26DEC-T0.8,5,insufficient_baseline_history_d16
canada_proclamations,KXCPI-26DEC-T0.7,1,insufficient_baseline_history_d16
canada_proclamations,KXCPI-26DEC-T0.7,3,insufficient_baseline_history_d16
canada_proclamations,KXCPI-26DEC-T0.7,5,insufficient_baseline_history_d16
canada_proclamations,KXCPI-26DEC-T0.6,1,insufficient_baseline_history_d16
canada_proclamations,KXCPI-26DEC-T0.6,3,insufficient_baseline_history_d16
canada_proclamations,KXCPI-26DEC-T0.6,5,insufficient_baseline_history_d16
canada_proclamations,KXCPI-26DEC-T0.5,1,insufficient_baseline_history_d16
canada_proclamations,KXCPI-26DEC-T0.5,3,insufficient_baseline_history_d16
canada_proclamations,KXCPI-26DEC-T0.5,5,insufficient_baseline_history_d16
canada_proclamations,KXCPI-26DEC-T0.4,1,insufficient_baseline_history_d16
canada_proclamations,KXCPI-26DEC-T0.4,3,insufficient_baseline_history_d16
canada_proclamations,KXCPI-26DEC-T0.4,5,insufficient_baseline_history_d16
canada_proclamations,KXCPI-26DEC-T0.3,1,insufficient_baseline_history_d16
canada_proclamations,KXCPI-26DEC-T0.3,3,insufficient_baseline_history_d16
canada_proclamations,KXCPI-26DEC-T0.3,5,insufficient_baseline_history_d16
canada_proclamations,KXCPI-26DEC-T0.2,1,insufficient_baseline_history_d16
canada_proclamations,KXCPI-26DEC-T0.2,3,insufficient_baseline_history_d16
canada_proclamations,KXCPI-26DEC-T0.2,5,insufficient_baseline_history_d16
canada_proclamations,KXCPI-26DEC-T0.1,1,insufficient_baseline_history_d16
canada_proclamations,KXCPI-26DEC-T0.1,3,insufficient_baseline_history_d16
canada_proclamations,KXCPI-26DEC-T0.1,5,insufficient_baseline_history_d16
canada_proclamations,KXCPI-26DEC-T-0.1,1,insufficient_baseline_history_d16
canada_proclamations,KXCPI-26DEC-T-0.1,3,insufficient_baseline_history_d16
canada_proclamations,KXCPI-26DEC-T-0.1,5,insufficient_baseline_history_d16
canada_proclamations,KXCPI-26DEC-T0.0,1,insufficient_baseline_history_d16
canada_proclamations,KXCPI-26DEC-T0.0,3,insufficient_baseline_history_d16
canada_proclamations,KXCPI-26DEC-T0.0,5,insufficient_baseline_history_d16
canada_proclamations,KXCPI-26SEP-T0.9,1,insufficient_baseline_history_d16
canada_proclamations,KXCPI-26SEP-T0.9,3,insufficient_baseline_history_d16
canada_proclamations,KXCPI-26SEP-T0.9,5,insufficient_baseline_history_d16
canada_proclamations,KXCPI-26SEP-T0.8,1,insufficient_baseline_history_d16
canada_proclamations,KXCPI-26SEP-T0.8,3,insufficient_baseline_history_d16
canada_proclamations,KXCPI-26SEP-T0.8,5,insufficient_baseline_history_d16
canada_proclamations,KXCPI-26SEP-T0.7,1,insufficient_baseline_history_d16
canada_proclamations,KXCPI-26SEP-T0.7,3,insufficient_baseline_history_d16
canada_proclamations,KXCPI-26SEP-T0.7,5,insufficient_baseline_history_d16
perim_island_seized,KXCPI-26OCT-T1.0,1,insufficient_baseline_history_d16
perim_island_seized,KXCPI-26OCT-T1.0,3,insufficient_baseline_history_d16
perim_island_seized,KXCPI-26OCT-T1.0,5,insufficient_baseline_history_d16
perim_island_seized,KXCPI-26OCT-T0.9,1,insufficient_baseline_history_d16
perim_island_seized,KXCPI-26OCT-T0.9,3,insufficient_baseline_history_d16
perim_island_seized,KXCPI-26OCT-T0.9,5,insufficient_baseline_history_d16
perim_island_seized,KXCPI-26OCT-T0.8,1,insufficient_baseline_history_d16
perim_island_seized,KXCPI-26OCT-T0.8,3,insufficient_baseline_history_d16
perim_island_seized,KXCPI-26OCT-T0.8,5,insufficient_baseline_history_d16
perim_island_seized,KXCPI-26OCT-T0.7,1,insufficient_baseline_history_d16
perim_island_seized,KXCPI-26OCT-T0.7,3,insufficient_baseline_history_d16
perim_island_seized,KXCPI-26OCT-T0.7,5,insufficient_baseline_history_d16
perim_island_seized,KXCPI-26OCT-T0.6,1,insufficient_baseline_history_d16
perim_island_seized,KXCPI-26OCT-T0.6,3,insufficient_baseline_history_d16
perim_island_seized,KXCPI-26OCT-T0.6,5,insufficient_baseline_history_d16
perim_island_seized,KXCPI-26DEC-T0.9,1,insufficient_baseline_history_d16
perim_island_seized,KXCPI-26DEC-T0.9,3,insufficient_baseline_history_d16
perim_island_seized,KXCPI-26DEC-T0.9,5,insufficient_baseline_history_d16
perim_island_seized,KXCPI-26DEC-T0.8,1,insufficient_baseline_history_d16
perim_island_seized,KXCPI-26DEC-T0.8,3,insufficient_baseline_history_d16
perim_island_seized,KXCPI-26DEC-T0.8,5,insufficient_baseline_history_d16
perim_island_seized,KXCPI-26DEC-T0.7,1,insufficient_baseline_history_d16
perim_island_seized,KXCPI-26DEC-T0.7,3,insufficient_baseline_history_d16
perim_island_seized,KXCPI-26DEC-T0.7,5,insufficient_baseline_history_d16
perim_island_seized,KXCPI-26DEC-T0.6,1,insufficient_baseline_history_d16
perim_island_seized,KXCPI-26DEC-T0.6,3,insufficient_baseline_history_d16
perim_island_seized,KXCPI-26DEC-T0.6,5,insufficient_baseline_history_d16
perim_island_seized,KXCPI-26DEC-T0.5,1,insufficient_baseline_history_d16
perim_island_seized,KXCPI-26DEC-T0.5,3,insufficient_baseline_history_d16
perim_island_seized,KXCPI-26DEC-T0.5,5,insufficient_baseline_history_d16
perim_island_seized,KXCPI-26DEC-T0.4,1,insufficient_baseline_history_d16
perim_island_seized,KXCPI-26DEC-T0.4,3,insufficient_baseline_history_d16
perim_island_seized,KXCPI-26DEC-T0.4,5,insufficient_baseline_history_d16
perim_island_seized,KXCPI-26DEC-T0.3,1,insufficient_baseline_history_d16
perim_island_seized,KXCPI-26DEC-T0.3,3,insufficient_baseline_history_d16
perim_island_seized,KXCPI-26DEC-T0.3,5,insufficient_baseline_history_d16
perim_island_seized,KXCPI-26DEC-T0.2,1,insufficient_baseline_history_d16
perim_island_seized,KXCPI-26DEC-T0.2,3,insufficient_baseline_history_d16
perim_island_seized,KXCPI-26DEC-T0.2,5,insufficient_baseline_history_d16
perim_island_seized,KXCPI-26DEC-T0.1,1,insufficient_baseline_history_d16
perim_island_seized,KXCPI-26DEC-T0.1,3,insufficient_baseline_history_d16
perim_island_seized,KXCPI-26DEC-T0.1,5,insufficient_baseline_history_d16
perim_island_seized,KXCPI-26DEC-T-0.1,1,insufficient_baseline_history_d16
perim_island_seized,KXCPI-26DEC-T-0.1,3,insufficient_baseline_history_d16
perim_island_seized,KXCPI-26DEC-T-0.1,5,insufficient_baseline_history_d16
perim_island_seized,KXCPI-26DEC-T0.0,1,insufficient_baseline_history_d16
perim_island_seized,KXCPI-26DEC-T0.0,3,insufficient_baseline_history_d16
perim_island_seized,KXCPI-26DEC-T0.0,5,insufficient_baseline_history_d16
perim_island_seized,KXCPI-26SEP-T0.9,1,insufficient_baseline_history_d16
perim_island_seized,KXCPI-26SEP-T0.9,3,insufficient_baseline_history_d16
perim_island_seized,KXCPI-26SEP-T0.9,5,insufficient_baseline_history_d16
perim_island_seized,KXCPI-26SEP-T0.8,1,insufficient_baseline_history_d16
perim_island_seized,KXCPI-26SEP-T0.8,3,insufficient_baseline_history_d16
perim_island_seized,KXCPI-26SEP-T0.8,5,insufficient_baseline_history_d16
perim_island_seized,KXCPI-26SEP-T0.7,1,insufficient_baseline_history_d16
perim_island_seized,KXCPI-26SEP-T0.7,3,insufficient_baseline_history_d16
perim_island_seized,KXCPI-26SEP-T0.7,5,insufficient_baseline_history_d16
perim_island_seized,KXCPI-26JUL-T-0.4,1,insufficient_baseline_history_d16
perim_island_seized,KXCPI-26JUL-T-0.4,3,insufficient_baseline_history_d16
perim_island_seized,KXCPI-26JUL-T-0.4,5,insufficient_baseline_history_d16
perim_island_seized,KXCPI-26JUL-T-0.3,1,insufficient_baseline_history_d16
perim_island_seized,KXCPI-26JUL-T-0.3,3,insufficient_baseline_history_d16
perim_island_seized,KXCPI-26JUL-T-0.3,5,insufficient_baseline_history_d16
perim_island_seized,KXCPI-26JUL-T-0.2,1,insufficient_baseline_history_d16
perim_island_seized,KXCPI-26JUL-T-0.2,3,insufficient_baseline_history_d16
perim_island_seized,KXCPI-26JUL-T-0.2,5,insufficient_baseline_history_d16
perim_island_seized,KXCPI-26NOV-T0.5,1,no_window_data
perim_island_seized,KXCPI-26NOV-T0.5,3,no_window_data
perim_island_seized,KXCPI-26NOV-T0.4,1,no_window_data
perim_island_seized,KXCPI-26OCT-T0.5,1,no_window_data
perim_island_seized,KXCPI-26OCT-T0.5,3,no_window_data
perim_island_seized,KXCPI-26JUL-T0.5,1,insufficient_baseline_history_d16
perim_island_seized,KXCPI-26JUL-T0.5,3,insufficient_baseline_history_d16
perim_island_seized,KXCPI-26JUL-T0.5,5,insufficient_baseline_history_d16
perim_island_seized,KXCPI-26JUL-T0.4,1,insufficient_baseline_history_d16
perim_island_seized,KXCPI-26JUL-T0.4,3,insufficient_baseline_history_d16
perim_island_seized,KXCPI-26JUL-T0.4,5,insufficient_baseline_history_d16
perim_island_seized,KXCPI-26JUL-T0.3,1,insufficient_baseline_history_d16
perim_island_seized,KXCPI-26JUL-T0.3,3,insufficient_baseline_history_d16
perim_island_seized,KXCPI-26JUL-T0.3,5,insufficient_baseline_history_d16
perim_island_seized,KXCPI-26JUL-T0.2,1,insufficient_baseline_history_d16
perim_island_seized,KXCPI-26JUL-T0.2,3,insufficient_baseline_history_d16
perim_island_seized,KXCPI-26JUL-T0.2,5,insufficient_baseline_history_d16
perim_island_seized,KXCPI-26JUL-T0.1,1,insufficient_baseline_history_d16
perim_island_seized,KXCPI-26JUL-T0.1,3,insufficient_baseline_history_d16
perim_island_seized,KXCPI-26JUL-T0.1,5,insufficient_baseline_history_d16
perim_island_seized,KXCPI-26JUL-T-0.1,1,insufficient_baseline_history_d16
perim_island_seized,KXCPI-26JUL-T-0.1,3,insufficient_baseline_history_d16
perim_island_seized,KXCPI-26JUL-T-0.1,5,insufficient_baseline_history_d16
perim_island_seized,KXCPI-26JUL-T0.0,1,insufficient_baseline_history_d16
perim_island_seized,KXCPI-26JUL-T0.0,3,insufficient_baseline_history_d16
perim_island_seized,KXCPI-26JUL-T0.0,5,insufficient_baseline_history_d16
perim_island_seized,KXCPICORE-26DEC-T1.0,1,insufficient_baseline_history_d16
perim_island_seized,KXCPICORE-26DEC-T1.0,3,insufficient_baseline_history_d16
perim_island_seized,KXCPICORE-26DEC-T1.0,5,insufficient_baseline_history_d16
perim_island_seized,KXCPICORE-26DEC-T0.9,1,insufficient_baseline_history_d16
perim_island_seized,KXCPICORE-26DEC-T0.9,3,insufficient_baseline_history_d16
perim_island_seized,KXCPICORE-26DEC-T0.9,5,insufficient_baseline_history_d16
perim_island_seized,KXCPICORE-26DEC-T0.8,1,insufficient_baseline_history_d16
perim_island_seized,KXCPICORE-26DEC-T0.8,3,insufficient_baseline_history_d16
perim_island_seized,KXCPICORE-26DEC-T0.8,5,insufficient_baseline_history_d16
perim_island_seized,KXCPICORE-26DEC-T0.7,1,insufficient_baseline_history_d16
perim_island_seized,KXCPICORE-26DEC-T0.7,3,insufficient_baseline_history_d16
perim_island_seized,KXCPICORE-26DEC-T0.7,5,insufficient_baseline_history_d16
perim_island_seized,KXCPICORE-26DEC-T0.6,1,insufficient_baseline_history_d16
perim_island_seized,KXCPICORE-26DEC-T0.6,3,insufficient_baseline_history_d16
perim_island_seized,KXCPICORE-26DEC-T0.6,5,insufficient_baseline_history_d16
perim_island_seized,KXCPICORE-26DEC-T0.5,1,insufficient_baseline_history_d16
perim_island_seized,KXCPICORE-26DEC-T0.5,3,insufficient_baseline_history_d16
perim_island_seized,KXCPICORE-26DEC-T0.5,5,insufficient_baseline_history_d16
perim_island_seized,KXCPICORE-26DEC-T0.4,1,insufficient_baseline_history_d16
perim_island_seized,KXCPICORE-26DEC-T0.4,3,insufficient_baseline_history_d16
perim_island_seized,KXCPICORE-26DEC-T0.4,5,insufficient_baseline_history_d16
perim_island_seized,KXCPICORE-26DEC-T0.3,1,insufficient_baseline_history_d16
perim_island_seized,KXCPICORE-26DEC-T0.3,3,insufficient_baseline_history_d16
perim_island_seized,KXCPICORE-26DEC-T0.3,5,insufficient_baseline_history_d16
perim_island_seized,KXCPICORE-26DEC-T0.2,1,insufficient_baseline_history_d16
perim_island_seized,KXCPICORE-26DEC-T0.2,3,insufficient_baseline_history_d16
perim_island_seized,KXCPICORE-26DEC-T0.2,5,insufficient_baseline_history_d16
perim_island_seized,KXCPICORE-26DEC-T0.1,1,insufficient_baseline_history_d16
perim_island_seized,KXCPICORE-26DEC-T0.1,3,insufficient_baseline_history_d16
perim_island_seized,KXCPICORE-26DEC-T0.1,5,insufficient_baseline_history_d16
perim_island_seized,KXCPICORE-26DEC-T0.0,1,insufficient_baseline_history_d16
perim_island_seized,KXCPICORE-26DEC-T0.0,3,insufficient_baseline_history_d16
perim_island_seized,KXCPICORE-26DEC-T0.0,5,insufficient_baseline_history_d16
perim_island_seized,KXCPICORE-26NOV-T1.0,1,insufficient_baseline_history_d16
perim_island_seized,KXCPICORE-26NOV-T1.0,3,insufficient_baseline_history_d16
perim_island_seized,KXCPICORE-26NOV-T1.0,5,insufficient_baseline_history_d16
perim_island_seized,KXCPICORE-26NOV-T0.9,1,insufficient_baseline_history_d16
perim_island_seized,KXCPICORE-26NOV-T0.9,3,insufficient_baseline_history_d16
perim_island_seized,KXCPICORE-26NOV-T0.9,5,insufficient_baseline_history_d16
perim_island_seized,KXCPICORE-26NOV-T0.8,1,insufficient_baseline_history_d16
perim_island_seized,KXCPICORE-26NOV-T0.8,3,insufficient_baseline_history_d16
perim_island_seized,KXCPICORE-26NOV-T0.8,5,insufficient_baseline_history_d16
perim_island_seized,KXCPICORE-26NOV-T0.7,1,insufficient_baseline_history_d16
perim_island_seized,KXCPICORE-26NOV-T0.7,3,insufficient_baseline_history_d16
perim_island_seized,KXCPICORE-26NOV-T0.7,5,insufficient_baseline_history_d16
perim_island_seized,KXCPICORE-26NOV-T0.6,1,insufficient_baseline_history_d16
perim_island_seized,KXCPICORE-26NOV-T0.6,3,insufficient_baseline_history_d16
perim_island_seized,KXCPICORE-26NOV-T0.6,5,insufficient_baseline_history_d16
perim_island_seized,KXCPICORE-26NOV-T0.5,1,insufficient_baseline_history_d16
perim_island_seized,KXCPICORE-26NOV-T0.5,3,insufficient_baseline_history_d16
perim_island_seized,KXCPICORE-26NOV-T0.5,5,insufficient_baseline_history_d16
perim_island_seized,KXCPICORE-26NOV-T0.4,1,insufficient_baseline_history_d16
perim_island_seized,KXCPICORE-26NOV-T0.4,3,insufficient_baseline_history_d16
perim_island_seized,KXCPICORE-26NOV-T0.4,5,insufficient_baseline_history_d16
perim_island_seized,KXCPICORE-26OCT-T1.0,1,insufficient_baseline_history_d16
perim_island_seized,KXCPICORE-26OCT-T1.0,3,insufficient_baseline_history_d16
perim_island_seized,KXCPICORE-26OCT-T1.0,5,insufficient_baseline_history_d16
perim_island_seized,KXCPICORE-26OCT-T0.8,1,insufficient_baseline_history_d16
perim_island_seized,KXCPICORE-26OCT-T0.8,3,insufficient_baseline_history_d16
perim_island_seized,KXCPICORE-26OCT-T0.8,5,insufficient_baseline_history_d16
perim_island_seized,KXCPICORE-26OCT-T0.7,1,insufficient_baseline_history_d16
perim_island_seized,KXCPICORE-26OCT-T0.7,3,insufficient_baseline_history_d16
perim_island_seized,KXCPICORE-26OCT-T0.7,5,insufficient_baseline_history_d16
perim_island_seized,KXCPICORE-26OCT-T0.6,1,insufficient_baseline_history_d16
perim_island_seized,KXCPICORE-26OCT-T0.6,3,insufficient_baseline_history_d16
perim_island_seized,KXCPICORE-26OCT-T0.6,5,insufficient_baseline_history_d16
perim_island_seized,KXCPICORE-26OCT-T0.4,1,insufficient_baseline_history_d16
perim_island_seized,KXCPICORE-26OCT-T0.4,3,insufficient_baseline_history_d16
perim_island_seized,KXCPICORE-26OCT-T0.4,5,insufficient_baseline_history_d16
perim_island_seized,KXCPICORE-26SEP-T1.0,1,insufficient_baseline_history_d16
perim_island_seized,KXCPICORE-26SEP-T1.0,3,insufficient_baseline_history_d16
perim_island_seized,KXCPICORE-26SEP-T1.0,5,insufficient_baseline_history_d16
perim_island_seized,KXCPICORE-26SEP-T0.9,1,insufficient_baseline_history_d16
perim_island_seized,KXCPICORE-26SEP-T0.9,3,insufficient_baseline_history_d16
perim_island_seized,KXCPICORE-26SEP-T0.9,5,insufficient_baseline_history_d16
perim_island_seized,KXCPICORE-26SEP-T0.8,1,insufficient_baseline_history_d16
perim_island_seized,KXCPICORE-26SEP-T0.8,3,insufficient_baseline_history_d16
perim_island_seized,KXCPICORE-26SEP-T0.8,5,insufficient_baseline_history_d16
perim_island_seized,KXCPICORE-26SEP-T0.7,1,insufficient_baseline_history_d16
perim_island_seized,KXCPICORE-26SEP-T0.7,3,insufficient_baseline_history_d16
perim_island_seized,KXCPICORE-26SEP-T0.7,5,insufficient_baseline_history_d16
perim_island_seized,KXCPICORE-26SEP-T0.6,1,insufficient_baseline_history_d16
perim_island_seized,KXCPICORE-26SEP-T0.6,3,insufficient_baseline_history_d16
perim_island_seized,KXCPICORE-26SEP-T0.6,5,insufficient_baseline_history_d16
perim_island_seized,KXCPICORE-26SEP-T0.5,1,insufficient_baseline_history_d16
perim_island_seized,KXCPICORE-26SEP-T0.5,3,insufficient_baseline_history_d16
perim_island_seized,KXCPICORE-26SEP-T0.5,5,insufficient_baseline_history_d16
perim_island_seized,KXCPICORE-26SEP-T0.4,1,insufficient_baseline_history_d16
perim_island_seized,KXCPICORE-26SEP-T0.4,3,insufficient_baseline_history_d16
perim_island_seized,KXCPICORE-26SEP-T0.4,5,insufficient_baseline_history_d16
perim_island_seized,KXCPICORE-26SEP-T0.3,1,insufficient_baseline_history_d16
perim_island_seized,KXCPICORE-26SEP-T0.3,3,insufficient_baseline_history_d16
perim_island_seized,KXCPICORE-26SEP-T0.3,5,insufficient_baseline_history_d16
perim_island_seized,KXCPICORE-26AUG-T1.0,1,insufficient_baseline_history_d16
perim_island_seized,KXCPICORE-26AUG-T1.0,3,insufficient_baseline_history_d16
perim_island_seized,KXCPICORE-26AUG-T1.0,5,insufficient_baseline_history_d16
perim_island_seized,KXCPICORE-26AUG-T0.9,1,insufficient_baseline_history_d16
perim_island_seized,KXCPICORE-26AUG-T0.9,3,insufficient_baseline_history_d16
perim_island_seized,KXCPICORE-26AUG-T0.9,5,insufficient_baseline_history_d16
perim_island_seized,KXCPICORE-26AUG-T0.8,1,insufficient_baseline_history_d16
perim_island_seized,KXCPICORE-26AUG-T0.8,3,insufficient_baseline_history_d16
perim_island_seized,KXCPICORE-26AUG-T0.8,5,insufficient_baseline_history_d16
perim_island_seized,KXCPICORE-26AUG-T0.7,1,insufficient_baseline_history_d16
perim_island_seized,KXCPICORE-26AUG-T0.7,3,insufficient_baseline_history_d16
perim_island_seized,KXCPICORE-26AUG-T0.7,5,insufficient_baseline_history_d16
perim_island_seized,KXCPICORE-26AUG-T0.6,1,insufficient_baseline_history_d16
perim_island_seized,KXCPICORE-26AUG-T0.6,3,insufficient_baseline_history_d16
perim_island_seized,KXCPICORE-26AUG-T0.6,5,insufficient_baseline_history_d16
perim_island_seized,KXCPICORE-26AUG-T0.5,1,insufficient_baseline_history_d16
perim_island_seized,KXCPICORE-26AUG-T0.5,3,insufficient_baseline_history_d16
perim_island_seized,KXCPICORE-26AUG-T0.5,5,insufficient_baseline_history_d16
perim_island_seized,KXCPICORE-26JUL-T1.0,1,insufficient_baseline_history_d16
perim_island_seized,KXCPICORE-26JUL-T1.0,3,insufficient_baseline_history_d16
perim_island_seized,KXCPICORE-26JUL-T1.0,5,insufficient_baseline_history_d16
perim_island_seized,KXCPICORE-26JUL-T0.9,1,insufficient_baseline_history_d16
perim_island_seized,KXCPICORE-26JUL-T0.9,3,insufficient_baseline_history_d16
perim_island_seized,KXCPICORE-26JUL-T0.9,5,insufficient_baseline_history_d16
perim_island_seized,KXCPICORE-26JUL-T0.8,1,insufficient_baseline_history_d16
perim_island_seized,KXCPICORE-26JUL-T0.8,3,insufficient_baseline_history_d16
perim_island_seized,KXCPICORE-26JUL-T0.8,5,insufficient_baseline_history_d16
perim_island_seized,KXCPICORE-26JUL-T0.7,1,insufficient_baseline_history_d16
perim_island_seized,KXCPICORE-26JUL-T0.7,3,insufficient_baseline_history_d16
perim_island_seized,KXCPICORE-26JUL-T0.7,5,insufficient_baseline_history_d16
perim_island_seized,KXCPICORE-26JUL-T0.6,1,insufficient_baseline_history_d16
perim_island_seized,KXCPICORE-26JUL-T0.6,3,insufficient_baseline_history_d16
perim_island_seized,KXCPICORE-26JUL-T0.6,5,insufficient_baseline_history_d16
perim_island_seized,KXCPICORE-26JUL-T0.5,1,insufficient_baseline_history_d16
perim_island_seized,KXCPICORE-26JUL-T0.5,3,insufficient_baseline_history_d16
perim_island_seized,KXCPICORE-26JUL-T0.5,5,insufficient_baseline_history_d16
perim_island_seized,KXCPICORE-26JUL-T0.4,1,insufficient_baseline_history_d16
perim_island_seized,KXCPICORE-26JUL-T0.4,3,insufficient_baseline_history_d16
perim_island_seized,KXCPICORE-26JUL-T0.4,5,insufficient_baseline_history_d16
perim_island_seized,KXCPICORE-26JUL-T0.3,1,insufficient_baseline_history_d16
perim_island_seized,KXCPICORE-26JUL-T0.3,3,insufficient_baseline_history_d16
perim_island_seized,KXCPICORE-26JUL-T0.3,5,insufficient_baseline_history_d16
perim_island_seized,KXCPICORE-26JUL-T0.2,1,insufficient_baseline_history_d16
perim_island_seized,KXCPICORE-26JUL-T0.2,3,insufficient_baseline_history_d16
perim_island_seized,KXCPICORE-26JUL-T0.2,5,insufficient_baseline_history_d16
perim_island_seized,KXCPICORE-26JUL-T0.1,1,insufficient_baseline_history_d16
perim_island_seized,KXCPICORE-26JUL-T0.1,3,insufficient_baseline_history_d16
perim_island_seized,KXCPICORE-26JUL-T0.1,5,insufficient_baseline_history_d16
perim_island_seized,KXCPICORE-26JUL-T0.0,1,insufficient_baseline_history_d16
perim_island_seized,KXCPICORE-26JUL-T0.0,3,insufficient_baseline_history_d16
perim_island_seized,KXCPICORE-26JUL-T0.0,5,insufficient_baseline_history_d16
perim_island_seized,KXFED-27APR-T6.00,1,insufficient_baseline_history_d16
perim_island_seized,KXFED-27APR-T6.00,3,insufficient_baseline_history_d16
perim_island_seized,KXFED-27APR-T6.00,5,insufficient_baseline_history_d16
perim_island_seized,KXFED-27APR-T5.75,1,insufficient_baseline_history_d16
perim_island_seized,KXFED-27APR-T5.75,3,insufficient_baseline_history_d16
perim_island_seized,KXFED-27APR-T5.75,5,insufficient_baseline_history_d16
perim_island_seized,KXFED-27APR-T5.50,1,insufficient_baseline_history_d16
perim_island_seized,KXFED-27APR-T5.50,3,insufficient_baseline_history_d16
perim_island_seized,KXFED-27APR-T5.50,5,insufficient_baseline_history_d16
perim_island_seized,KXFED-27APR-T5.25,1,insufficient_baseline_history_d16
perim_island_seized,KXFED-27APR-T5.25,3,insufficient_baseline_history_d16
perim_island_seized,KXFED-27APR-T5.25,5,insufficient_baseline_history_d16
perim_island_seized,KXFED-27APR-T5.00,1,insufficient_baseline_history_d16
perim_island_seized,KXFED-27APR-T5.00,3,insufficient_baseline_history_d16
perim_island_seized,KXFED-27APR-T5.00,5,insufficient_baseline_history_d16
perim_island_seized,KXFED-27APR-T4.75,1,insufficient_baseline_history_d16
perim_island_seized,KXFED-27APR-T4.75,3,insufficient_baseline_history_d16
perim_island_seized,KXFED-27APR-T4.75,5,insufficient_baseline_history_d16
perim_island_seized,KXFED-27APR-T4.50,1,insufficient_baseline_history_d16
perim_island_seized,KXFED-27APR-T4.50,3,insufficient_baseline_history_d16
perim_island_seized,KXFED-27APR-T4.50,5,insufficient_baseline_history_d16
perim_island_seized,KXFED-27MAR-T6.00,1,insufficient_baseline_history_d16
perim_island_seized,KXFED-27MAR-T6.00,3,insufficient_baseline_history_d16
perim_island_seized,KXFED-27MAR-T6.00,5,insufficient_baseline_history_d16
perim_island_seized,KXFED-27MAR-T5.75,1,insufficient_baseline_history_d16
perim_island_seized,KXFED-27MAR-T5.75,3,insufficient_baseline_history_d16
perim_island_seized,KXFED-27MAR-T5.75,5,insufficient_baseline_history_d16
perim_island_seized,KXFED-27MAR-T5.50,1,insufficient_baseline_history_d16
perim_island_seized,KXFED-27MAR-T5.50,3,insufficient_baseline_history_d16
perim_island_seized,KXFED-27MAR-T5.50,5,insufficient_baseline_history_d16
perim_island_seized,KXFED-27MAR-T5.25,1,insufficient_baseline_history_d16
perim_island_seized,KXFED-27MAR-T5.25,3,insufficient_baseline_history_d16
perim_island_seized,KXFED-27MAR-T5.25,5,insufficient_baseline_history_d16
perim_island_seized,KXFED-27MAR-T5.00,1,insufficient_baseline_history_d16
perim_island_seized,KXFED-27MAR-T5.00,3,insufficient_baseline_history_d16
perim_island_seized,KXFED-27MAR-T5.00,5,insufficient_baseline_history_d16
perim_island_seized,KXFED-27MAR-T4.75,1,insufficient_baseline_history_d16
perim_island_seized,KXFED-27MAR-T4.75,3,insufficient_baseline_history_d16
perim_island_seized,KXFED-27MAR-T4.75,5,insufficient_baseline_history_d16
perim_island_seized,KXFED-27MAR-T4.50,1,insufficient_baseline_history_d16
perim_island_seized,KXFED-27MAR-T4.50,3,insufficient_baseline_history_d16
perim_island_seized,KXFED-27MAR-T4.50,5,insufficient_baseline_history_d16
perim_island_seized,KXFED-27JAN-T6.00,1,insufficient_baseline_history_d16
perim_island_seized,KXFED-27JAN-T6.00,3,insufficient_baseline_history_d16
perim_island_seized,KXFED-27JAN-T6.00,5,insufficient_baseline_history_d16
perim_island_seized,KXFED-27JAN-T5.75,1,insufficient_baseline_history_d16
perim_island_seized,KXFED-27JAN-T5.75,3,insufficient_baseline_history_d16
perim_island_seized,KXFED-27JAN-T5.75,5,insufficient_baseline_history_d16
perim_island_seized,KXFED-27JAN-T5.50,1,insufficient_baseline_history_d16
perim_island_seized,KXFED-27JAN-T5.50,3,insufficient_baseline_history_d16
perim_island_seized,KXFED-27JAN-T5.50,5,insufficient_baseline_history_d16
perim_island_seized,KXFED-27JAN-T5.25,1,insufficient_baseline_history_d16
perim_island_seized,KXFED-27JAN-T5.25,3,insufficient_baseline_history_d16
perim_island_seized,KXFED-27JAN-T5.25,5,insufficient_baseline_history_d16
perim_island_seized,KXFED-27JAN-T5.00,1,insufficient_baseline_history_d16
perim_island_seized,KXFED-27JAN-T5.00,3,insufficient_baseline_history_d16
perim_island_seized,KXFED-27JAN-T5.00,5,insufficient_baseline_history_d16
perim_island_seized,KXFED-27JAN-T4.75,1,insufficient_baseline_history_d16
perim_island_seized,KXFED-27JAN-T4.75,3,insufficient_baseline_history_d16
perim_island_seized,KXFED-27JAN-T4.75,5,insufficient_baseline_history_d16
perim_island_seized,KXFED-27JAN-T4.50,1,insufficient_baseline_history_d16
perim_island_seized,KXFED-27JAN-T4.50,3,insufficient_baseline_history_d16
perim_island_seized,KXFED-27JAN-T4.50,5,insufficient_baseline_history_d16
perim_island_seized,KXFED-28JAN-T6.00,1,insufficient_baseline_history_d16
perim_island_seized,KXFED-28JAN-T6.00,3,insufficient_baseline_history_d16
perim_island_seized,KXFED-28JAN-T6.00,5,insufficient_baseline_history_d16
perim_island_seized,KXFED-28JAN-T5.75,1,insufficient_baseline_history_d16
perim_island_seized,KXFED-28JAN-T5.75,3,insufficient_baseline_history_d16
perim_island_seized,KXFED-28JAN-T5.75,5,insufficient_baseline_history_d16
perim_island_seized,KXFED-28JAN-T5.50,1,insufficient_baseline_history_d16
perim_island_seized,KXFED-28JAN-T5.50,3,insufficient_baseline_history_d16
perim_island_seized,KXFED-28JAN-T5.50,5,insufficient_baseline_history_d16
perim_island_seized,KXFED-28JAN-T5.25,1,insufficient_baseline_history_d16
perim_island_seized,KXFED-28JAN-T5.25,3,insufficient_baseline_history_d16
perim_island_seized,KXFED-28JAN-T5.25,5,insufficient_baseline_history_d16
perim_island_seized,KXFED-28JAN-T5.00,1,insufficient_baseline_history_d16
perim_island_seized,KXFED-28JAN-T5.00,3,insufficient_baseline_history_d16
perim_island_seized,KXFED-28JAN-T5.00,5,insufficient_baseline_history_d16
perim_island_seized,KXFED-28JAN-T4.75,1,insufficient_baseline_history_d16
perim_island_seized,KXFED-28JAN-T4.75,3,insufficient_baseline_history_d16
perim_island_seized,KXFED-28JAN-T4.75,5,insufficient_baseline_history_d16
perim_island_seized,KXFED-28JAN-T4.50,1,insufficient_baseline_history_d16
perim_island_seized,KXFED-28JAN-T4.50,3,insufficient_baseline_history_d16
perim_island_seized,KXFED-28JAN-T4.50,5,insufficient_baseline_history_d16
perim_island_seized,KXFED-28JAN-T4.25,1,insufficient_baseline_history_d16
perim_island_seized,KXFED-28JAN-T4.25,3,insufficient_baseline_history_d16
perim_island_seized,KXFED-28JAN-T4.25,5,insufficient_baseline_history_d16
perim_island_seized,KXFED-28JAN-T4.00,1,insufficient_baseline_history_d16
perim_island_seized,KXFED-28JAN-T4.00,3,insufficient_baseline_history_d16
perim_island_seized,KXFED-28JAN-T4.00,5,insufficient_baseline_history_d16
perim_island_seized,KXFED-28JAN-T3.75,1,insufficient_baseline_history_d16
perim_island_seized,KXFED-28JAN-T3.75,3,insufficient_baseline_history_d16
perim_island_seized,KXFED-28JAN-T3.75,5,insufficient_baseline_history_d16
perim_island_seized,KXFED-28JAN-T3.50,1,insufficient_baseline_history_d16
perim_island_seized,KXFED-28JAN-T3.50,3,insufficient_baseline_history_d16
perim_island_seized,KXFED-28JAN-T3.50,5,insufficient_baseline_history_d16
perim_island_seized,KXFED-28JAN-T3.25,1,insufficient_baseline_history_d16
perim_island_seized,KXFED-28JAN-T3.25,3,insufficient_baseline_history_d16
perim_island_seized,KXFED-28JAN-T3.25,5,insufficient_baseline_history_d16
perim_island_seized,KXFED-28JAN-T3.00,1,insufficient_baseline_history_d16
perim_island_seized,KXFED-28JAN-T3.00,3,insufficient_baseline_history_d16
perim_island_seized,KXFED-28JAN-T3.00,5,insufficient_baseline_history_d16
perim_island_seized,KXFED-28JAN-T2.75,1,insufficient_baseline_history_d16
perim_island_seized,KXFED-28JAN-T2.75,3,insufficient_baseline_history_d16
perim_island_seized,KXFED-28JAN-T2.75,5,insufficient_baseline_history_d16
perim_island_seized,KXFED-28JAN-T2.50,1,insufficient_baseline_history_d16
perim_island_seized,KXFED-28JAN-T2.50,3,insufficient_baseline_history_d16
perim_island_seized,KXFED-28JAN-T2.50,5,insufficient_baseline_history_d16
perim_island_seized,KXFED-28JAN-T2.25,1,insufficient_baseline_history_d16
perim_island_seized,KXFED-28JAN-T2.25,3,insufficient_baseline_history_d16
perim_island_seized,KXFED-28JAN-T2.25,5,insufficient_baseline_history_d16
perim_island_seized,KXFED-28JAN-T2.00,1,insufficient_baseline_history_d16
perim_island_seized,KXFED-28JAN-T2.00,3,insufficient_baseline_history_d16
perim_island_seized,KXFED-28JAN-T2.00,5,insufficient_baseline_history_d16
perim_island_seized,KXFED-28JAN-T1.75,1,insufficient_baseline_history_d16
perim_island_seized,KXFED-28JAN-T1.75,3,insufficient_baseline_history_d16
perim_island_seized,KXFED-28JAN-T1.75,5,insufficient_baseline_history_d16
perim_island_seized,KXFED-28JAN-T1.50,1,insufficient_baseline_history_d16
perim_island_seized,KXFED-28JAN-T1.50,3,insufficient_baseline_history_d16
perim_island_seized,KXFED-28JAN-T1.50,5,insufficient_baseline_history_d16
perim_island_seized,KXFED-28JAN-T1.25,1,insufficient_baseline_history_d16
perim_island_seized,KXFED-28JAN-T1.25,3,insufficient_baseline_history_d16
perim_island_seized,KXFED-28JAN-T1.25,5,insufficient_baseline_history_d16
perim_island_seized,KXFED-28JAN-T1.00,1,insufficient_baseline_history_d16
perim_island_seized,KXFED-28JAN-T1.00,3,insufficient_baseline_history_d16
perim_island_seized,KXFED-28JAN-T1.00,5,insufficient_baseline_history_d16
perim_island_seized,KXFED-28JAN-T0.75,1,insufficient_baseline_history_d16
perim_island_seized,KXFED-28JAN-T0.75,3,insufficient_baseline_history_d16
perim_island_seized,KXFED-28JAN-T0.75,5,insufficient_baseline_history_d16
perim_island_seized,KXFED-28JAN-T0.50,1,insufficient_baseline_history_d16
perim_island_seized,KXFED-28JAN-T0.50,3,insufficient_baseline_history_d16
perim_island_seized,KXFED-28JAN-T0.50,5,insufficient_baseline_history_d16
perim_island_seized,KXFED-28JAN-T0.25,1,insufficient_baseline_history_d16
perim_island_seized,KXFED-28JAN-T0.25,3,insufficient_baseline_history_d16
perim_island_seized,KXFED-28JAN-T0.25,5,insufficient_baseline_history_d16
perim_island_seized,KXFED-28JAN-T0.00,1,insufficient_baseline_history_d16
perim_island_seized,KXFED-28JAN-T0.00,3,insufficient_baseline_history_d16
perim_island_seized,KXFED-28JAN-T0.00,5,insufficient_baseline_history_d16
perim_island_seized,KXFED-27DEC-T6.00,1,insufficient_baseline_history_d16
perim_island_seized,KXFED-27DEC-T6.00,3,insufficient_baseline_history_d16
perim_island_seized,KXFED-27DEC-T6.00,5,insufficient_baseline_history_d16
perim_island_seized,KXFED-27DEC-T5.75,1,insufficient_baseline_history_d16
perim_island_seized,KXFED-27DEC-T5.75,3,insufficient_baseline_history_d16
perim_island_seized,KXFED-27DEC-T5.75,5,insufficient_baseline_history_d16
perim_island_seized,KXFED-27DEC-T5.50,1,insufficient_baseline_history_d16
perim_island_seized,KXFED-27DEC-T5.50,3,insufficient_baseline_history_d16
perim_island_seized,KXFED-27DEC-T5.50,5,insufficient_baseline_history_d16
perim_island_seized,KXFED-27DEC-T5.25,1,insufficient_baseline_history_d16
perim_island_seized,KXFED-27DEC-T5.25,3,insufficient_baseline_history_d16
perim_island_seized,KXFED-27DEC-T5.25,5,insufficient_baseline_history_d16
perim_island_seized,KXFED-27DEC-T5.00,1,insufficient_baseline_history_d16
perim_island_seized,KXFED-27DEC-T5.00,3,insufficient_baseline_history_d16
perim_island_seized,KXFED-27DEC-T5.00,5,insufficient_baseline_history_d16
perim_island_seized,KXFED-27DEC-T4.75,1,insufficient_baseline_history_d16
perim_island_seized,KXFED-27DEC-T4.75,3,insufficient_baseline_history_d16
perim_island_seized,KXFED-27DEC-T4.75,5,insufficient_baseline_history_d16
perim_island_seized,KXFED-27DEC-T4.50,1,insufficient_baseline_history_d16
perim_island_seized,KXFED-27DEC-T4.50,3,insufficient_baseline_history_d16
perim_island_seized,KXFED-27DEC-T4.50,5,insufficient_baseline_history_d16
perim_island_seized,KXFED-27DEC-T4.25,1,insufficient_baseline_history_d16
perim_island_seized,KXFED-27DEC-T4.25,3,insufficient_baseline_history_d16
perim_island_seized,KXFED-27DEC-T4.25,5,insufficient_baseline_history_d16
perim_island_seized,KXFED-27DEC-T4.00,1,insufficient_baseline_history_d16
perim_island_seized,KXFED-27DEC-T4.00,3,insufficient_baseline_history_d16
perim_island_seized,KXFED-27DEC-T4.00,5,insufficient_baseline_history_d16
perim_island_seized,KXFED-27DEC-T3.75,1,insufficient_baseline_history_d16
perim_island_seized,KXFED-27DEC-T3.75,3,insufficient_baseline_history_d16
perim_island_seized,KXFED-27DEC-T3.75,5,insufficient_baseline_history_d16
perim_island_seized,KXFED-27DEC-T3.50,1,insufficient_baseline_history_d16
perim_island_seized,KXFED-27DEC-T3.50,3,insufficient_baseline_history_d16
perim_island_seized,KXFED-27DEC-T3.50,5,insufficient_baseline_history_d16
perim_island_seized,KXFED-27DEC-T3.25,1,insufficient_baseline_history_d16
perim_island_seized,KXFED-27DEC-T3.25,3,insufficient_baseline_history_d16
perim_island_seized,KXFED-27DEC-T3.25,5,insufficient_baseline_history_d16
perim_island_seized,KXFED-27DEC-T3.00,1,insufficient_baseline_history_d16
perim_island_seized,KXFED-27DEC-T3.00,3,insufficient_baseline_history_d16
perim_island_seized,KXFED-27DEC-T3.00,5,insufficient_baseline_history_d16
perim_island_seized,KXFED-27DEC-T2.75,1,insufficient_baseline_history_d16
perim_island_seized,KXFED-27DEC-T2.75,3,insufficient_baseline_history_d16
perim_island_seized,KXFED-27DEC-T2.75,5,insufficient_baseline_history_d16
perim_island_seized,KXFED-27DEC-T2.50,1,insufficient_baseline_history_d16
perim_island_seized,KXFED-27DEC-T2.50,3,insufficient_baseline_history_d16
perim_island_seized,KXFED-27DEC-T2.50,5,insufficient_baseline_history_d16
perim_island_seized,KXFED-27DEC-T2.25,1,insufficient_baseline_history_d16
perim_island_seized,KXFED-27DEC-T2.25,3,insufficient_baseline_history_d16
perim_island_seized,KXFED-27DEC-T2.25,5,insufficient_baseline_history_d16
perim_island_seized,KXFED-27DEC-T2.00,1,insufficient_baseline_history_d16
perim_island_seized,KXFED-27DEC-T2.00,3,insufficient_baseline_history_d16
perim_island_seized,KXFED-27DEC-T2.00,5,insufficient_baseline_history_d16
perim_island_seized,KXFED-27DEC-T1.75,1,insufficient_baseline_history_d16
perim_island_seized,KXFED-27DEC-T1.75,3,insufficient_baseline_history_d16
perim_island_seized,KXFED-27DEC-T1.75,5,insufficient_baseline_history_d16
perim_island_seized,KXFED-27DEC-T1.50,1,insufficient_baseline_history_d16
perim_island_seized,KXFED-27DEC-T1.50,3,insufficient_baseline_history_d16
perim_island_seized,KXFED-27DEC-T1.50,5,insufficient_baseline_history_d16
perim_island_seized,KXFED-27DEC-T1.25,1,insufficient_baseline_history_d16
perim_island_seized,KXFED-27DEC-T1.25,3,insufficient_baseline_history_d16
perim_island_seized,KXFED-27DEC-T1.25,5,insufficient_baseline_history_d16
perim_island_seized,KXFED-27DEC-T1.00,1,insufficient_baseline_history_d16
perim_island_seized,KXFED-27DEC-T1.00,3,insufficient_baseline_history_d16
perim_island_seized,KXFED-27DEC-T1.00,5,insufficient_baseline_history_d16
perim_island_seized,KXFED-27DEC-T0.75,1,insufficient_baseline_history_d16
perim_island_seized,KXFED-27DEC-T0.75,3,insufficient_baseline_history_d16
perim_island_seized,KXFED-27DEC-T0.75,5,insufficient_baseline_history_d16
perim_island_seized,KXFED-27DEC-T0.50,1,insufficient_baseline_history_d16
perim_island_seized,KXFED-27DEC-T0.50,3,insufficient_baseline_history_d16
perim_island_seized,KXFED-27DEC-T0.50,5,insufficient_baseline_history_d16
perim_island_seized,KXFED-27DEC-T0.25,1,insufficient_baseline_history_d16
perim_island_seized,KXFED-27DEC-T0.25,3,insufficient_baseline_history_d16
perim_island_seized,KXFED-27DEC-T0.25,5,insufficient_baseline_history_d16
perim_island_seized,KXFED-27DEC-T0.00,1,insufficient_baseline_history_d16
perim_island_seized,KXFED-27DEC-T0.00,3,insufficient_baseline_history_d16
perim_island_seized,KXFED-27DEC-T0.00,5,insufficient_baseline_history_d16
perim_island_seized,KXFED-27OCT-T6.00,1,insufficient_baseline_history_d16
perim_island_seized,KXFED-27OCT-T6.00,3,insufficient_baseline_history_d16
perim_island_seized,KXFED-27OCT-T6.00,5,insufficient_baseline_history_d16
perim_island_seized,KXFED-27OCT-T5.75,1,insufficient_baseline_history_d16
perim_island_seized,KXFED-27OCT-T5.75,3,insufficient_baseline_history_d16
perim_island_seized,KXFED-27OCT-T5.75,5,insufficient_baseline_history_d16
perim_island_seized,KXFED-27OCT-T5.50,1,insufficient_baseline_history_d16
perim_island_seized,KXFED-27OCT-T5.50,3,insufficient_baseline_history_d16
perim_island_seized,KXFED-27OCT-T5.50,5,insufficient_baseline_history_d16
perim_island_seized,KXFED-27OCT-T5.25,1,insufficient_baseline_history_d16
perim_island_seized,KXFED-27OCT-T5.25,3,insufficient_baseline_history_d16
perim_island_seized,KXFED-27OCT-T5.25,5,insufficient_baseline_history_d16
perim_island_seized,KXFED-27OCT-T5.00,1,insufficient_baseline_history_d16
perim_island_seized,KXFED-27OCT-T5.00,3,insufficient_baseline_history_d16
perim_island_seized,KXFED-27OCT-T5.00,5,insufficient_baseline_history_d16
perim_island_seized,KXFED-27OCT-T4.75,1,insufficient_baseline_history_d16
perim_island_seized,KXFED-27OCT-T4.75,3,insufficient_baseline_history_d16
perim_island_seized,KXFED-27OCT-T4.75,5,insufficient_baseline_history_d16
perim_island_seized,KXFED-27OCT-T4.50,1,insufficient_baseline_history_d16
perim_island_seized,KXFED-27OCT-T4.50,3,insufficient_baseline_history_d16
perim_island_seized,KXFED-27OCT-T4.50,5,insufficient_baseline_history_d16
perim_island_seized,KXFED-27OCT-T4.25,1,insufficient_baseline_history_d16
perim_island_seized,KXFED-27OCT-T4.25,3,insufficient_baseline_history_d16
perim_island_seized,KXFED-27OCT-T4.25,5,insufficient_baseline_history_d16
perim_island_seized,KXFED-27OCT-T4.00,1,insufficient_baseline_history_d16
perim_island_seized,KXFED-27OCT-T4.00,3,insufficient_baseline_history_d16
perim_island_seized,KXFED-27OCT-T4.00,5,insufficient_baseline_history_d16
perim_island_seized,KXFED-27OCT-T3.75,1,insufficient_baseline_history_d16
perim_island_seized,KXFED-27OCT-T3.75,3,insufficient_baseline_history_d16
perim_island_seized,KXFED-27OCT-T3.75,5,insufficient_baseline_history_d16
perim_island_seized,KXFED-27OCT-T3.50,1,insufficient_baseline_history_d16
perim_island_seized,KXFED-27OCT-T3.50,3,insufficient_baseline_history_d16
perim_island_seized,KXFED-27OCT-T3.50,5,insufficient_baseline_history_d16
perim_island_seized,KXFED-27OCT-T3.25,1,insufficient_baseline_history_d16
perim_island_seized,KXFED-27OCT-T3.25,3,insufficient_baseline_history_d16
perim_island_seized,KXFED-27OCT-T3.25,5,insufficient_baseline_history_d16
perim_island_seized,KXFED-27OCT-T3.00,1,insufficient_baseline_history_d16
perim_island_seized,KXFED-27OCT-T3.00,3,insufficient_baseline_history_d16
perim_island_seized,KXFED-27OCT-T3.00,5,insufficient_baseline_history_d16
perim_island_seized,KXFED-27OCT-T2.75,1,insufficient_baseline_history_d16
perim_island_seized,KXFED-27OCT-T2.75,3,insufficient_baseline_history_d16
perim_island_seized,KXFED-27OCT-T2.75,5,insufficient_baseline_history_d16
perim_island_seized,KXFED-27OCT-T2.50,1,insufficient_baseline_history_d16
perim_island_seized,KXFED-27OCT-T2.50,3,insufficient_baseline_history_d16
perim_island_seized,KXFED-27OCT-T2.50,5,insufficient_baseline_history_d16
perim_island_seized,KXFED-27OCT-T2.25,1,insufficient_baseline_history_d16
perim_island_seized,KXFED-27OCT-T2.25,3,insufficient_baseline_history_d16
perim_island_seized,KXFED-27OCT-T2.25,5,insufficient_baseline_history_d16
perim_island_seized,KXFED-27OCT-T2.00,1,insufficient_baseline_history_d16
perim_island_seized,KXFED-27OCT-T2.00,3,insufficient_baseline_history_d16
perim_island_seized,KXFED-27OCT-T2.00,5,insufficient_baseline_history_d16
perim_island_seized,KXFED-27OCT-T1.75,1,insufficient_baseline_history_d16
perim_island_seized,KXFED-27OCT-T1.75,3,insufficient_baseline_history_d16
perim_island_seized,KXFED-27OCT-T1.75,5,insufficient_baseline_history_d16
perim_island_seized,KXFED-27OCT-T1.50,1,insufficient_baseline_history_d16
perim_island_seized,KXFED-27OCT-T1.50,3,insufficient_baseline_history_d16
perim_island_seized,KXFED-27OCT-T1.50,5,insufficient_baseline_history_d16
perim_island_seized,KXFED-27OCT-T1.25,1,insufficient_baseline_history_d16
perim_island_seized,KXFED-27OCT-T1.25,3,insufficient_baseline_history_d16
perim_island_seized,KXFED-27OCT-T1.25,5,insufficient_baseline_history_d16
perim_island_seized,KXFED-27OCT-T1.00,1,insufficient_baseline_history_d16
perim_island_seized,KXFED-27OCT-T1.00,3,insufficient_baseline_history_d16
perim_island_seized,KXFED-27OCT-T1.00,5,insufficient_baseline_history_d16
perim_island_seized,KXFED-27OCT-T0.75,1,insufficient_baseline_history_d16
perim_island_seized,KXFED-27OCT-T0.75,3,insufficient_baseline_history_d16
perim_island_seized,KXFED-27OCT-T0.75,5,insufficient_baseline_history_d16
perim_island_seized,KXFED-27OCT-T0.50,1,insufficient_baseline_history_d16
perim_island_seized,KXFED-27OCT-T0.50,3,insufficient_baseline_history_d16
perim_island_seized,KXFED-27OCT-T0.50,5,insufficient_baseline_history_d16
perim_island_seized,KXFED-27OCT-T0.25,1,insufficient_baseline_history_d16
perim_island_seized,KXFED-27OCT-T0.25,3,insufficient_baseline_history_d16
perim_island_seized,KXFED-27OCT-T0.25,5,insufficient_baseline_history_d16
perim_island_seized,KXFED-27OCT-T0.00,1,insufficient_baseline_history_d16
perim_island_seized,KXFED-27OCT-T0.00,3,insufficient_baseline_history_d16
perim_island_seized,KXFED-27OCT-T0.00,5,insufficient_baseline_history_d16
perim_island_seized,KXFED-27SEP-T6.00,1,insufficient_baseline_history_d16
perim_island_seized,KXFED-27SEP-T6.00,3,insufficient_baseline_history_d16
perim_island_seized,KXFED-27SEP-T6.00,5,insufficient_baseline_history_d16
perim_island_seized,KXFED-27SEP-T5.75,1,insufficient_baseline_history_d16
perim_island_seized,KXFED-27SEP-T5.75,3,insufficient_baseline_history_d16
perim_island_seized,KXFED-27SEP-T5.75,5,insufficient_baseline_history_d16
perim_island_seized,KXFED-27SEP-T5.50,1,insufficient_baseline_history_d16
perim_island_seized,KXFED-27SEP-T5.50,3,insufficient_baseline_history_d16
perim_island_seized,KXFED-27SEP-T5.50,5,insufficient_baseline_history_d16
perim_island_seized,KXFED-27SEP-T5.25,1,insufficient_baseline_history_d16
perim_island_seized,KXFED-27SEP-T5.25,3,insufficient_baseline_history_d16
perim_island_seized,KXFED-27SEP-T5.25,5,insufficient_baseline_history_d16
perim_island_seized,KXFED-27SEP-T5.00,1,insufficient_baseline_history_d16
perim_island_seized,KXFED-27SEP-T5.00,3,insufficient_baseline_history_d16
perim_island_seized,KXFED-27SEP-T5.00,5,insufficient_baseline_history_d16
perim_island_seized,KXFED-27SEP-T4.75,1,insufficient_baseline_history_d16
perim_island_seized,KXFED-27SEP-T4.75,3,insufficient_baseline_history_d16
perim_island_seized,KXFED-27SEP-T4.75,5,insufficient_baseline_history_d16
perim_island_seized,KXFED-27SEP-T4.50,1,insufficient_baseline_history_d16
perim_island_seized,KXFED-27SEP-T4.50,3,insufficient_baseline_history_d16
perim_island_seized,KXFED-27SEP-T4.50,5,insufficient_baseline_history_d16
perim_island_seized,KXFED-27SEP-T4.25,1,insufficient_baseline_history_d16
perim_island_seized,KXFED-27SEP-T4.25,3,insufficient_baseline_history_d16
perim_island_seized,KXFED-27SEP-T4.25,5,insufficient_baseline_history_d16
perim_island_seized,KXFED-27SEP-T4.00,1,insufficient_baseline_history_d16
perim_island_seized,KXFED-27SEP-T4.00,3,insufficient_baseline_history_d16
perim_island_seized,KXFED-27SEP-T4.00,5,insufficient_baseline_history_d16
perim_island_seized,KXFED-27SEP-T3.75,1,insufficient_baseline_history_d16
perim_island_seized,KXFED-27SEP-T3.75,3,insufficient_baseline_history_d16
perim_island_seized,KXFED-27SEP-T3.75,5,insufficient_baseline_history_d16
perim_island_seized,KXFED-27SEP-T3.50,1,insufficient_baseline_history_d16
perim_island_seized,KXFED-27SEP-T3.50,3,insufficient_baseline_history_d16
perim_island_seized,KXFED-27SEP-T3.50,5,insufficient_baseline_history_d16
perim_island_seized,KXFED-27SEP-T3.25,1,insufficient_baseline_history_d16
perim_island_seized,KXFED-27SEP-T3.25,3,insufficient_baseline_history_d16
perim_island_seized,KXFED-27SEP-T3.25,5,insufficient_baseline_history_d16
perim_island_seized,KXFED-27SEP-T3.00,1,insufficient_baseline_history_d16
perim_island_seized,KXFED-27SEP-T3.00,3,insufficient_baseline_history_d16
perim_island_seized,KXFED-27SEP-T3.00,5,insufficient_baseline_history_d16
perim_island_seized,KXFED-27SEP-T2.75,1,insufficient_baseline_history_d16
perim_island_seized,KXFED-27SEP-T2.75,3,insufficient_baseline_history_d16
perim_island_seized,KXFED-27SEP-T2.75,5,insufficient_baseline_history_d16
perim_island_seized,KXFED-27SEP-T2.50,1,insufficient_baseline_history_d16
perim_island_seized,KXFED-27SEP-T2.50,3,insufficient_baseline_history_d16
perim_island_seized,KXFED-27SEP-T2.50,5,insufficient_baseline_history_d16
perim_island_seized,KXFED-27SEP-T2.25,1,insufficient_baseline_history_d16
perim_island_seized,KXFED-27SEP-T2.25,3,insufficient_baseline_history_d16
perim_island_seized,KXFED-27SEP-T2.25,5,insufficient_baseline_history_d16
perim_island_seized,KXFED-27SEP-T2.00,1,insufficient_baseline_history_d16
perim_island_seized,KXFED-27SEP-T2.00,3,insufficient_baseline_history_d16
perim_island_seized,KXFED-27SEP-T2.00,5,insufficient_baseline_history_d16
perim_island_seized,KXFED-27SEP-T1.75,1,insufficient_baseline_history_d16
perim_island_seized,KXFED-27SEP-T1.75,3,insufficient_baseline_history_d16
perim_island_seized,KXFED-27SEP-T1.75,5,insufficient_baseline_history_d16
perim_island_seized,KXFED-27SEP-T1.50,1,insufficient_baseline_history_d16
perim_island_seized,KXFED-27SEP-T1.50,3,insufficient_baseline_history_d16
perim_island_seized,KXFED-27SEP-T1.50,5,insufficient_baseline_history_d16
perim_island_seized,KXFED-27SEP-T1.25,1,insufficient_baseline_history_d16
perim_island_seized,KXFED-27SEP-T1.25,3,insufficient_baseline_history_d16
perim_island_seized,KXFED-27SEP-T1.25,5,insufficient_baseline_history_d16
perim_island_seized,KXFED-27SEP-T1.00,1,insufficient_baseline_history_d16
perim_island_seized,KXFED-27SEP-T1.00,3,insufficient_baseline_history_d16
perim_island_seized,KXFED-27SEP-T1.00,5,insufficient_baseline_history_d16
perim_island_seized,KXFED-27SEP-T0.75,1,insufficient_baseline_history_d16
perim_island_seized,KXFED-27SEP-T0.75,3,insufficient_baseline_history_d16
perim_island_seized,KXFED-27SEP-T0.75,5,insufficient_baseline_history_d16
perim_island_seized,KXFED-27SEP-T0.50,1,insufficient_baseline_history_d16
perim_island_seized,KXFED-27SEP-T0.50,3,insufficient_baseline_history_d16
perim_island_seized,KXFED-27SEP-T0.50,5,insufficient_baseline_history_d16
perim_island_seized,KXFED-27SEP-T0.25,1,insufficient_baseline_history_d16
perim_island_seized,KXFED-27SEP-T0.25,3,insufficient_baseline_history_d16
perim_island_seized,KXFED-27SEP-T0.25,5,insufficient_baseline_history_d16
perim_island_seized,KXFED-27SEP-T0.00,1,insufficient_baseline_history_d16
perim_island_seized,KXFED-27SEP-T0.00,3,insufficient_baseline_history_d16
perim_island_seized,KXFED-27SEP-T0.00,5,insufficient_baseline_history_d16
perim_island_seized,KXFED-27JUL-T6.00,1,insufficient_baseline_history_d16
perim_island_seized,KXFED-27JUL-T6.00,3,insufficient_baseline_history_d16
perim_island_seized,KXFED-27JUL-T6.00,5,insufficient_baseline_history_d16
perim_island_seized,KXFED-27JUL-T5.75,1,insufficient_baseline_history_d16
perim_island_seized,KXFED-27JUL-T5.75,3,insufficient_baseline_history_d16
perim_island_seized,KXFED-27JUL-T5.75,5,insufficient_baseline_history_d16
perim_island_seized,KXFED-27JUL-T5.50,1,insufficient_baseline_history_d16
perim_island_seized,KXFED-27JUL-T5.50,3,insufficient_baseline_history_d16
perim_island_seized,KXFED-27JUL-T5.50,5,insufficient_baseline_history_d16
perim_island_seized,KXFED-27JUL-T5.25,1,insufficient_baseline_history_d16
perim_island_seized,KXFED-27JUL-T5.25,3,insufficient_baseline_history_d16
perim_island_seized,KXFED-27JUL-T5.25,5,insufficient_baseline_history_d16
perim_island_seized,KXFED-27JUL-T5.00,1,insufficient_baseline_history_d16
perim_island_seized,KXFED-27JUL-T5.00,3,insufficient_baseline_history_d16
perim_island_seized,KXFED-27JUL-T5.00,5,insufficient_baseline_history_d16
perim_island_seized,KXFED-27JUL-T4.75,1,insufficient_baseline_history_d16
perim_island_seized,KXFED-27JUL-T4.75,3,insufficient_baseline_history_d16
perim_island_seized,KXFED-27JUL-T4.75,5,insufficient_baseline_history_d16
perim_island_seized,KXFED-27JUL-T4.50,1,insufficient_baseline_history_d16
perim_island_seized,KXFED-27JUL-T4.50,3,insufficient_baseline_history_d16
perim_island_seized,KXFED-27JUL-T4.50,5,insufficient_baseline_history_d16
perim_island_seized,KXFED-27JUL-T4.25,1,insufficient_baseline_history_d16
perim_island_seized,KXFED-27JUL-T4.25,3,insufficient_baseline_history_d16
perim_island_seized,KXFED-27JUL-T4.25,5,insufficient_baseline_history_d16
perim_island_seized,KXFED-27JUL-T4.00,1,insufficient_baseline_history_d16
perim_island_seized,KXFED-27JUL-T4.00,3,insufficient_baseline_history_d16
perim_island_seized,KXFED-27JUL-T4.00,5,insufficient_baseline_history_d16
perim_island_seized,KXFED-27JUL-T3.75,1,insufficient_baseline_history_d16
perim_island_seized,KXFED-27JUL-T3.75,3,insufficient_baseline_history_d16
perim_island_seized,KXFED-27JUL-T3.75,5,insufficient_baseline_history_d16
perim_island_seized,KXFED-27JUL-T3.50,1,insufficient_baseline_history_d16
perim_island_seized,KXFED-27JUL-T3.50,3,insufficient_baseline_history_d16
perim_island_seized,KXFED-27JUL-T3.50,5,insufficient_baseline_history_d16
perim_island_seized,KXFED-27JUL-T3.25,1,insufficient_baseline_history_d16
perim_island_seized,KXFED-27JUL-T3.25,3,insufficient_baseline_history_d16
perim_island_seized,KXFED-27JUL-T3.25,5,insufficient_baseline_history_d16
perim_island_seized,KXFED-27JUL-T3.00,1,insufficient_baseline_history_d16
perim_island_seized,KXFED-27JUL-T3.00,3,insufficient_baseline_history_d16
perim_island_seized,KXFED-27JUL-T3.00,5,insufficient_baseline_history_d16
perim_island_seized,KXFED-27JUL-T2.75,1,insufficient_baseline_history_d16
perim_island_seized,KXFED-27JUL-T2.75,3,insufficient_baseline_history_d16
perim_island_seized,KXFED-27JUL-T2.75,5,insufficient_baseline_history_d16
perim_island_seized,KXFED-27JUL-T2.50,1,insufficient_baseline_history_d16
perim_island_seized,KXFED-27JUL-T2.50,3,insufficient_baseline_history_d16
perim_island_seized,KXFED-27JUL-T2.50,5,insufficient_baseline_history_d16
perim_island_seized,KXFED-27JUL-T2.25,1,insufficient_baseline_history_d16
perim_island_seized,KXFED-27JUL-T2.25,3,insufficient_baseline_history_d16
perim_island_seized,KXFED-27JUL-T2.25,5,insufficient_baseline_history_d16
perim_island_seized,KXFED-27JUL-T2.00,1,insufficient_baseline_history_d16
perim_island_seized,KXFED-27JUL-T2.00,3,insufficient_baseline_history_d16
perim_island_seized,KXFED-27JUL-T2.00,5,insufficient_baseline_history_d16
perim_island_seized,KXFED-27JUL-T1.75,1,insufficient_baseline_history_d16
perim_island_seized,KXFED-27JUL-T1.75,3,insufficient_baseline_history_d16
perim_island_seized,KXFED-27JUL-T1.75,5,insufficient_baseline_history_d16
perim_island_seized,KXFED-27JUL-T1.50,1,insufficient_baseline_history_d16
perim_island_seized,KXFED-27JUL-T1.50,3,insufficient_baseline_history_d16
perim_island_seized,KXFED-27JUL-T1.50,5,insufficient_baseline_history_d16
perim_island_seized,KXFED-27JUL-T1.25,1,insufficient_baseline_history_d16
perim_island_seized,KXFED-27JUL-T1.25,3,insufficient_baseline_history_d16
perim_island_seized,KXFED-27JUL-T1.25,5,insufficient_baseline_history_d16
perim_island_seized,KXFED-27JUL-T1.00,1,insufficient_baseline_history_d16
perim_island_seized,KXFED-27JUL-T1.00,3,insufficient_baseline_history_d16
perim_island_seized,KXFED-27JUL-T1.00,5,insufficient_baseline_history_d16
perim_island_seized,KXFED-27JUL-T0.75,1,insufficient_baseline_history_d16
perim_island_seized,KXFED-27JUL-T0.75,3,insufficient_baseline_history_d16
perim_island_seized,KXFED-27JUL-T0.75,5,insufficient_baseline_history_d16
perim_island_seized,KXFED-27JUL-T0.50,1,insufficient_baseline_history_d16
perim_island_seized,KXFED-27JUL-T0.50,3,insufficient_baseline_history_d16
perim_island_seized,KXFED-27JUL-T0.50,5,insufficient_baseline_history_d16
perim_island_seized,KXFED-27JUL-T0.25,1,insufficient_baseline_history_d16
perim_island_seized,KXFED-27JUL-T0.25,3,insufficient_baseline_history_d16
perim_island_seized,KXFED-27JUL-T0.25,5,insufficient_baseline_history_d16
perim_island_seized,KXFED-27JUL-T0.00,1,insufficient_baseline_history_d16
perim_island_seized,KXFED-27JUL-T0.00,3,insufficient_baseline_history_d16
perim_island_seized,KXFED-27JUL-T0.00,5,insufficient_baseline_history_d16
perim_island_seized,KXFED-27JUN-T6.00,1,insufficient_baseline_history_d16
perim_island_seized,KXFED-27JUN-T6.00,3,insufficient_baseline_history_d16
perim_island_seized,KXFED-27JUN-T6.00,5,insufficient_baseline_history_d16
perim_island_seized,KXFED-27JUN-T5.75,1,insufficient_baseline_history_d16
perim_island_seized,KXFED-27JUN-T5.75,3,insufficient_baseline_history_d16
perim_island_seized,KXFED-27JUN-T5.75,5,insufficient_baseline_history_d16
perim_island_seized,KXFED-27JUN-T5.50,1,insufficient_baseline_history_d16
perim_island_seized,KXFED-27JUN-T5.50,3,insufficient_baseline_history_d16
perim_island_seized,KXFED-27JUN-T5.50,5,insufficient_baseline_history_d16
perim_island_seized,KXFED-27JUN-T5.25,1,insufficient_baseline_history_d16
perim_island_seized,KXFED-27JUN-T5.25,3,insufficient_baseline_history_d16
perim_island_seized,KXFED-27JUN-T5.25,5,insufficient_baseline_history_d16
perim_island_seized,KXFED-27JUN-T5.00,1,insufficient_baseline_history_d16
perim_island_seized,KXFED-27JUN-T5.00,3,insufficient_baseline_history_d16
perim_island_seized,KXFED-27JUN-T5.00,5,insufficient_baseline_history_d16
perim_island_seized,KXFED-27JUN-T4.75,1,insufficient_baseline_history_d16
perim_island_seized,KXFED-27JUN-T4.75,3,insufficient_baseline_history_d16
perim_island_seized,KXFED-27JUN-T4.75,5,insufficient_baseline_history_d16
perim_island_seized,KXFED-27JUN-T4.50,1,insufficient_baseline_history_d16
perim_island_seized,KXFED-27JUN-T4.50,3,insufficient_baseline_history_d16
perim_island_seized,KXFED-27JUN-T4.50,5,insufficient_baseline_history_d16
perim_island_seized,KXFED-27JUN-T4.25,1,insufficient_baseline_history_d16
perim_island_seized,KXFED-27JUN-T4.25,3,insufficient_baseline_history_d16
perim_island_seized,KXFED-27JUN-T4.25,5,insufficient_baseline_history_d16
perim_island_seized,KXFED-27JUN-T4.00,1,insufficient_baseline_history_d16
perim_island_seized,KXFED-27JUN-T4.00,3,insufficient_baseline_history_d16
perim_island_seized,KXFED-27JUN-T4.00,5,insufficient_baseline_history_d16
perim_island_seized,KXFED-27JUN-T3.75,1,insufficient_baseline_history_d16
perim_island_seized,KXFED-27JUN-T3.75,3,insufficient_baseline_history_d16
perim_island_seized,KXFED-27JUN-T3.75,5,insufficient_baseline_history_d16
perim_island_seized,KXFED-27JUN-T3.50,1,insufficient_baseline_history_d16
perim_island_seized,KXFED-27JUN-T3.50,3,insufficient_baseline_history_d16
perim_island_seized,KXFED-27JUN-T3.50,5,insufficient_baseline_history_d16
perim_island_seized,KXFED-27JUN-T3.25,1,insufficient_baseline_history_d16
perim_island_seized,KXFED-27JUN-T3.25,3,insufficient_baseline_history_d16
perim_island_seized,KXFED-27JUN-T3.25,5,insufficient_baseline_history_d16
perim_island_seized,KXFED-27JUN-T3.00,1,insufficient_baseline_history_d16
perim_island_seized,KXFED-27JUN-T3.00,3,insufficient_baseline_history_d16
perim_island_seized,KXFED-27JUN-T3.00,5,insufficient_baseline_history_d16
perim_island_seized,KXFED-27JUN-T2.75,1,insufficient_baseline_history_d16
perim_island_seized,KXFED-27JUN-T2.75,3,insufficient_baseline_history_d16
perim_island_seized,KXFED-27JUN-T2.75,5,insufficient_baseline_history_d16
perim_island_seized,KXFED-27JUN-T2.50,1,insufficient_baseline_history_d16
perim_island_seized,KXFED-27JUN-T2.50,3,insufficient_baseline_history_d16
perim_island_seized,KXFED-27JUN-T2.50,5,insufficient_baseline_history_d16
perim_island_seized,KXFED-27JUN-T2.25,1,insufficient_baseline_history_d16
perim_island_seized,KXFED-27JUN-T2.25,3,insufficient_baseline_history_d16
perim_island_seized,KXFED-27JUN-T2.25,5,insufficient_baseline_history_d16
perim_island_seized,KXFED-27JUN-T2.00,1,insufficient_baseline_history_d16
perim_island_seized,KXFED-27JUN-T2.00,3,insufficient_baseline_history_d16
perim_island_seized,KXFED-27JUN-T2.00,5,insufficient_baseline_history_d16
perim_island_seized,KXFED-27JUN-T1.75,1,insufficient_baseline_history_d16
perim_island_seized,KXFED-27JUN-T1.75,3,insufficient_baseline_history_d16
perim_island_seized,KXFED-27JUN-T1.75,5,insufficient_baseline_history_d16
perim_island_seized,KXFED-27JUN-T1.50,1,insufficient_baseline_history_d16
perim_island_seized,KXFED-27JUN-T1.50,3,insufficient_baseline_history_d16
perim_island_seized,KXFED-27JUN-T1.50,5,insufficient_baseline_history_d16
perim_island_seized,KXFED-27JUN-T1.25,1,insufficient_baseline_history_d16
perim_island_seized,KXFED-27JUN-T1.25,3,insufficient_baseline_history_d16
perim_island_seized,KXFED-27JUN-T1.25,5,insufficient_baseline_history_d16
perim_island_seized,KXFED-27JUN-T1.00,1,insufficient_baseline_history_d16
perim_island_seized,KXFED-27JUN-T1.00,3,insufficient_baseline_history_d16
perim_island_seized,KXFED-27JUN-T1.00,5,insufficient_baseline_history_d16
perim_island_seized,KXFED-27JUN-T0.75,1,insufficient_baseline_history_d16
perim_island_seized,KXFED-27JUN-T0.75,3,insufficient_baseline_history_d16
perim_island_seized,KXFED-27JUN-T0.75,5,insufficient_baseline_history_d16
perim_island_seized,KXFED-27JUN-T0.50,1,insufficient_baseline_history_d16
perim_island_seized,KXFED-27JUN-T0.50,3,insufficient_baseline_history_d16
perim_island_seized,KXFED-27JUN-T0.50,5,insufficient_baseline_history_d16
perim_island_seized,KXFED-27JUN-T0.25,1,insufficient_baseline_history_d16
perim_island_seized,KXFED-27JUN-T0.25,3,insufficient_baseline_history_d16
perim_island_seized,KXFED-27JUN-T0.25,5,insufficient_baseline_history_d16
perim_island_seized,KXFED-27JUN-T0.00,1,insufficient_baseline_history_d16
perim_island_seized,KXFED-27JUN-T0.00,3,insufficient_baseline_history_d16
perim_island_seized,KXFED-27JUN-T0.00,5,insufficient_baseline_history_d16
perim_island_seized,KXFED-27APR-T0.00,1,no_window_data
perim_island_seized,KXFED-26DEC-T5.25,1,insufficient_baseline_history_d16
perim_island_seized,KXFED-26DEC-T5.25,3,insufficient_baseline_history_d16
perim_island_seized,KXFED-26DEC-T5.25,5,insufficient_baseline_history_d16
perim_island_seized,KXFED-26DEC-T5.00,1,insufficient_baseline_history_d16
perim_island_seized,KXFED-26DEC-T5.00,3,insufficient_baseline_history_d16
perim_island_seized,KXFED-26DEC-T5.00,5,insufficient_baseline_history_d16
perim_island_seized,KXFED-26DEC-T4.75,1,no_window_data
perim_island_seized,KXFED-26OCT-T5.25,1,insufficient_baseline_history_d16
perim_island_seized,KXFED-26OCT-T5.25,3,insufficient_baseline_history_d16
perim_island_seized,KXFED-26OCT-T5.25,5,insufficient_baseline_history_d16
perim_island_seized,KXFED-26OCT-T5.00,1,insufficient_baseline_history_d16
perim_island_seized,KXFED-26OCT-T5.00,3,insufficient_baseline_history_d16
perim_island_seized,KXFED-26OCT-T5.00,5,insufficient_baseline_history_d16
perim_island_seized,KXFED-26SEP-T5.25,1,insufficient_baseline_history_d16
perim_island_seized,KXFED-26SEP-T5.25,3,insufficient_baseline_history_d16
perim_island_seized,KXFED-26SEP-T5.25,5,insufficient_baseline_history_d16
perim_island_seized,KXFED-26SEP-T5.00,1,insufficient_baseline_history_d16
perim_island_seized,KXFED-26SEP-T5.00,3,insufficient_baseline_history_d16
perim_island_seized,KXFED-26SEP-T5.00,5,insufficient_baseline_history_d16
perim_island_seized,KXFED-26JUL-T5.25,1,insufficient_baseline_history_d16
perim_island_seized,KXFED-26JUL-T5.25,3,insufficient_baseline_history_d16
perim_island_seized,KXFED-26JUL-T5.25,5,insufficient_baseline_history_d16
perim_island_seized,KXFED-26JUL-T5.00,1,insufficient_baseline_history_d16
perim_island_seized,KXFED-26JUL-T5.00,3,insufficient_baseline_history_d16
perim_island_seized,KXFED-26JUL-T5.00,5,insufficient_baseline_history_d16
perim_island_seized,KXFED-26JUL-T4.75,1,insufficient_baseline_history_d16
perim_island_seized,KXFED-26JUL-T4.75,3,insufficient_baseline_history_d16
perim_island_seized,KXFED-26JUL-T4.75,5,insufficient_baseline_history_d16
perim_island_seized,KXFED-26JUL-T4.50,1,insufficient_baseline_history_d16
perim_island_seized,KXFED-26JUL-T4.50,3,insufficient_baseline_history_d16
perim_island_seized,KXFED-26JUL-T4.50,5,insufficient_baseline_history_d16
perim_island_seized,KXFED-26JUL-T4.25,1,insufficient_baseline_history_d16
perim_island_seized,KXFED-26JUL-T4.25,3,insufficient_baseline_history_d16
perim_island_seized,KXFED-26JUL-T4.25,5,insufficient_baseline_history_d16
perim_island_seized,KXFED-26JUL-T4.00,1,insufficient_baseline_history_d16
perim_island_seized,KXFED-26JUL-T4.00,3,insufficient_baseline_history_d16
perim_island_seized,KXFED-26JUL-T4.00,5,insufficient_baseline_history_d16
perim_island_seized,KXFED-26JUL-T3.75,1,insufficient_baseline_history_d16
perim_island_seized,KXFED-26JUL-T3.75,3,insufficient_baseline_history_d16
perim_island_seized,KXFED-26JUL-T3.75,5,insufficient_baseline_history_d16
perim_island_seized,KXFED-26JUL-T3.50,1,insufficient_baseline_history_d16
perim_island_seized,KXFED-26JUL-T3.50,3,insufficient_baseline_history_d16
perim_island_seized,KXFED-26JUL-T3.50,5,insufficient_baseline_history_d16
perim_island_seized,KXFED-26JUL-T3.25,1,insufficient_baseline_history_d16
perim_island_seized,KXFED-26JUL-T3.25,3,insufficient_baseline_history_d16
perim_island_seized,KXFED-26JUL-T3.25,5,insufficient_baseline_history_d16
perim_island_seized,KXFED-26JUL-T3.00,1,insufficient_baseline_history_d16
perim_island_seized,KXFED-26JUL-T3.00,3,insufficient_baseline_history_d16
perim_island_seized,KXFED-26JUL-T3.00,5,insufficient_baseline_history_d16
perim_island_seized,KXFED-26JUL-T2.75,1,insufficient_baseline_history_d16
perim_island_seized,KXFED-26JUL-T2.75,3,insufficient_baseline_history_d16
perim_island_seized,KXFED-26JUL-T2.75,5,insufficient_baseline_history_d16
hormuz_strike_pipeline_shutdown,KXCPI-26OCT-T1.0,1,insufficient_baseline_history_d16
hormuz_strike_pipeline_shutdown,KXCPI-26OCT-T1.0,3,insufficient_baseline_history_d16
hormuz_strike_pipeline_shutdown,KXCPI-26OCT-T1.0,5,insufficient_baseline_history_d16
hormuz_strike_pipeline_shutdown,KXCPI-26OCT-T0.9,1,insufficient_baseline_history_d16
hormuz_strike_pipeline_shutdown,KXCPI-26OCT-T0.9,3,insufficient_baseline_history_d16
hormuz_strike_pipeline_shutdown,KXCPI-26OCT-T0.9,5,insufficient_baseline_history_d16
hormuz_strike_pipeline_shutdown,KXCPI-26OCT-T0.8,1,insufficient_baseline_history_d16
hormuz_strike_pipeline_shutdown,KXCPI-26OCT-T0.8,3,insufficient_baseline_history_d16
hormuz_strike_pipeline_shutdown,KXCPI-26OCT-T0.8,5,insufficient_baseline_history_d16
hormuz_strike_pipeline_shutdown,KXCPI-26SEP-T0.8,1,insufficient_baseline_history_d16
hormuz_strike_pipeline_shutdown,KXCPI-26SEP-T0.8,3,insufficient_baseline_history_d16
hormuz_strike_pipeline_shutdown,KXCPI-26SEP-T0.8,5,insufficient_baseline_history_d16
hormuz_strike_pipeline_shutdown,KXCPI-26SEP-T0.7,1,insufficient_baseline_history_d16
hormuz_strike_pipeline_shutdown,KXCPI-26SEP-T0.7,3,insufficient_baseline_history_d16
hormuz_strike_pipeline_shutdown,KXCPI-26SEP-T0.7,5,insufficient_baseline_history_d16
hormuz_strike_pipeline_shutdown,KXCPI-26JUL-T-0.2,1,no_window_data
hormuz_strike_pipeline_shutdown,KXCPI-26JUL-T-0.2,3,no_window_data
hormuz_strike_pipeline_shutdown,KXCPI-26JUL-T-0.2,5,no_window_data
hormuz_strike_pipeline_shutdown,KXCPI-26JUL-T0.3,1,no_window_data
hormuz_strike_pipeline_shutdown,KXCPI-26JUL-T0.3,3,no_window_data
hormuz_strike_pipeline_shutdown,KXCPI-26JUL-T0.3,5,no_window_data
hormuz_strike_pipeline_shutdown,KXCPI-26JUL-T0.2,1,no_window_data
hormuz_strike_pipeline_shutdown,KXCPI-26JUL-T0.2,3,no_window_data
hormuz_strike_pipeline_shutdown,KXCPI-26JUL-T0.2,5,no_window_data
hormuz_strike_pipeline_shutdown,KXCPICORE-26DEC-T1.0,1,insufficient_baseline_history_d16
hormuz_strike_pipeline_shutdown,KXCPICORE-26DEC-T1.0,3,insufficient_baseline_history_d16
hormuz_strike_pipeline_shutdown,KXCPICORE-26DEC-T1.0,5,insufficient_baseline_history_d16
hormuz_strike_pipeline_shutdown,KXCPICORE-26DEC-T0.9,1,insufficient_baseline_history_d16
hormuz_strike_pipeline_shutdown,KXCPICORE-26DEC-T0.9,3,insufficient_baseline_history_d16
hormuz_strike_pipeline_shutdown,KXCPICORE-26DEC-T0.9,5,insufficient_baseline_history_d16
hormuz_strike_pipeline_shutdown,KXCPICORE-26DEC-T0.8,1,insufficient_baseline_history_d16
hormuz_strike_pipeline_shutdown,KXCPICORE-26DEC-T0.8,3,insufficient_baseline_history_d16
hormuz_strike_pipeline_shutdown,KXCPICORE-26DEC-T0.8,5,insufficient_baseline_history_d16
hormuz_strike_pipeline_shutdown,KXCPICORE-26DEC-T0.7,1,insufficient_baseline_history_d16
hormuz_strike_pipeline_shutdown,KXCPICORE-26DEC-T0.7,3,insufficient_baseline_history_d16
hormuz_strike_pipeline_shutdown,KXCPICORE-26DEC-T0.7,5,insufficient_baseline_history_d16
hormuz_strike_pipeline_shutdown,KXCPICORE-26DEC-T0.6,1,insufficient_baseline_history_d16
hormuz_strike_pipeline_shutdown,KXCPICORE-26DEC-T0.6,3,insufficient_baseline_history_d16
hormuz_strike_pipeline_shutdown,KXCPICORE-26DEC-T0.6,5,insufficient_baseline_history_d16
hormuz_strike_pipeline_shutdown,KXCPICORE-26DEC-T0.5,1,insufficient_baseline_history_d16
hormuz_strike_pipeline_shutdown,KXCPICORE-26DEC-T0.5,3,insufficient_baseline_history_d16
hormuz_strike_pipeline_shutdown,KXCPICORE-26DEC-T0.5,5,insufficient_baseline_history_d16
hormuz_strike_pipeline_shutdown,KXCPICORE-26DEC-T0.4,1,insufficient_baseline_history_d16
hormuz_strike_pipeline_shutdown,KXCPICORE-26DEC-T0.4,3,insufficient_baseline_history_d16
hormuz_strike_pipeline_shutdown,KXCPICORE-26DEC-T0.4,5,insufficient_baseline_history_d16
hormuz_strike_pipeline_shutdown,KXCPICORE-26DEC-T0.3,1,insufficient_baseline_history_d16
hormuz_strike_pipeline_shutdown,KXCPICORE-26DEC-T0.3,3,insufficient_baseline_history_d16
hormuz_strike_pipeline_shutdown,KXCPICORE-26DEC-T0.3,5,insufficient_baseline_history_d16
hormuz_strike_pipeline_shutdown,KXCPICORE-26DEC-T0.2,1,insufficient_baseline_history_d16
hormuz_strike_pipeline_shutdown,KXCPICORE-26DEC-T0.2,3,insufficient_baseline_history_d16
hormuz_strike_pipeline_shutdown,KXCPICORE-26DEC-T0.2,5,insufficient_baseline_history_d16
hormuz_strike_pipeline_shutdown,KXCPICORE-26DEC-T0.1,1,insufficient_baseline_history_d16
hormuz_strike_pipeline_shutdown,KXCPICORE-26DEC-T0.1,3,insufficient_baseline_history_d16
hormuz_strike_pipeline_shutdown,KXCPICORE-26DEC-T0.1,5,insufficient_baseline_history_d16
hormuz_strike_pipeline_shutdown,KXCPICORE-26DEC-T0.0,1,insufficient_baseline_history_d16
hormuz_strike_pipeline_shutdown,KXCPICORE-26DEC-T0.0,3,insufficient_baseline_history_d16
hormuz_strike_pipeline_shutdown,KXCPICORE-26DEC-T0.0,5,insufficient_baseline_history_d16
hormuz_strike_pipeline_shutdown,KXCPICORE-26NOV-T0.9,1,insufficient_baseline_history_d16
hormuz_strike_pipeline_shutdown,KXCPICORE-26NOV-T0.9,3,insufficient_baseline_history_d16
hormuz_strike_pipeline_shutdown,KXCPICORE-26NOV-T0.9,5,insufficient_baseline_history_d16
hormuz_strike_pipeline_shutdown,KXCPICORE-26NOV-T0.8,1,insufficient_baseline_history_d16
hormuz_strike_pipeline_shutdown,KXCPICORE-26NOV-T0.8,3,insufficient_baseline_history_d16
hormuz_strike_pipeline_shutdown,KXCPICORE-26NOV-T0.8,5,insufficient_baseline_history_d16
hormuz_strike_pipeline_shutdown,KXCPICORE-26SEP-T1.0,1,insufficient_baseline_history_d16
hormuz_strike_pipeline_shutdown,KXCPICORE-26SEP-T1.0,3,insufficient_baseline_history_d16
hormuz_strike_pipeline_shutdown,KXCPICORE-26SEP-T1.0,5,insufficient_baseline_history_d16
hormuz_strike_pipeline_shutdown,KXCPICORE-26SEP-T0.8,1,insufficient_baseline_history_d16
hormuz_strike_pipeline_shutdown,KXCPICORE-26SEP-T0.8,3,insufficient_baseline_history_d16
hormuz_strike_pipeline_shutdown,KXCPICORE-26SEP-T0.8,5,insufficient_baseline_history_d16
hormuz_strike_pipeline_shutdown,KXCPICORE-26SEP-T0.7,1,insufficient_baseline_history_d16
hormuz_strike_pipeline_shutdown,KXCPICORE-26SEP-T0.7,3,insufficient_baseline_history_d16
hormuz_strike_pipeline_shutdown,KXCPICORE-26SEP-T0.7,5,insufficient_baseline_history_d16
hormuz_strike_pipeline_shutdown,KXCPICORE-26AUG-T1.0,1,insufficient_baseline_history_d16
hormuz_strike_pipeline_shutdown,KXCPICORE-26AUG-T1.0,3,insufficient_baseline_history_d16
hormuz_strike_pipeline_shutdown,KXCPICORE-26AUG-T1.0,5,insufficient_baseline_history_d16
hormuz_strike_pipeline_shutdown,KXCPICORE-26AUG-T0.9,1,insufficient_baseline_history_d16
hormuz_strike_pipeline_shutdown,KXCPICORE-26AUG-T0.9,3,insufficient_baseline_history_d16
hormuz_strike_pipeline_shutdown,KXCPICORE-26AUG-T0.9,5,insufficient_baseline_history_d16
hormuz_strike_pipeline_shutdown,KXCPICORE-26AUG-T0.5,1,insufficient_baseline_history_d16
hormuz_strike_pipeline_shutdown,KXCPICORE-26AUG-T0.5,3,insufficient_baseline_history_d16
hormuz_strike_pipeline_shutdown,KXCPICORE-26AUG-T0.5,5,insufficient_baseline_history_d16
hormuz_strike_pipeline_shutdown,KXCPICORE-26JUL-T1.0,1,insufficient_baseline_history_d16
hormuz_strike_pipeline_shutdown,KXCPICORE-26JUL-T1.0,3,insufficient_baseline_history_d16
hormuz_strike_pipeline_shutdown,KXCPICORE-26JUL-T1.0,5,insufficient_baseline_history_d16
hormuz_strike_pipeline_shutdown,KXCPICORE-26JUL-T0.9,1,insufficient_baseline_history_d16
hormuz_strike_pipeline_shutdown,KXCPICORE-26JUL-T0.9,3,insufficient_baseline_history_d16
hormuz_strike_pipeline_shutdown,KXCPICORE-26JUL-T0.9,5,insufficient_baseline_history_d16
hormuz_strike_pipeline_shutdown,KXCPICORE-26JUL-T0.7,1,insufficient_baseline_history_d16
hormuz_strike_pipeline_shutdown,KXCPICORE-26JUL-T0.7,3,insufficient_baseline_history_d16
hormuz_strike_pipeline_shutdown,KXCPICORE-26JUL-T0.7,5,insufficient_baseline_history_d16
hormuz_strike_pipeline_shutdown,KXCPICORE-26JUL-T0.6,1,insufficient_baseline_history_d16
hormuz_strike_pipeline_shutdown,KXCPICORE-26JUL-T0.6,3,insufficient_baseline_history_d16
hormuz_strike_pipeline_shutdown,KXCPICORE-26JUL-T0.6,5,insufficient_baseline_history_d16
hormuz_strike_pipeline_shutdown,KXCPICORE-26JUL-T0.4,1,insufficient_baseline_history_d16
hormuz_strike_pipeline_shutdown,KXCPICORE-26JUL-T0.4,3,insufficient_baseline_history_d16
hormuz_strike_pipeline_shutdown,KXCPICORE-26JUL-T0.4,5,insufficient_baseline_history_d16
hormuz_strike_pipeline_shutdown,KXFED-27APR-T5.75,1,insufficient_baseline_history_d16
hormuz_strike_pipeline_shutdown,KXFED-27APR-T5.75,3,insufficient_baseline_history_d16
hormuz_strike_pipeline_shutdown,KXFED-27APR-T5.75,5,insufficient_baseline_history_d16
hormuz_strike_pipeline_shutdown,KXFED-27APR-T5.50,1,insufficient_baseline_history_d16
hormuz_strike_pipeline_shutdown,KXFED-27APR-T5.50,3,insufficient_baseline_history_d16
hormuz_strike_pipeline_shutdown,KXFED-27APR-T5.50,5,insufficient_baseline_history_d16
hormuz_strike_pipeline_shutdown,KXFED-27APR-T5.25,1,insufficient_baseline_history_d16
hormuz_strike_pipeline_shutdown,KXFED-27APR-T5.25,3,insufficient_baseline_history_d16
hormuz_strike_pipeline_shutdown,KXFED-27APR-T5.25,5,insufficient_baseline_history_d16
hormuz_strike_pipeline_shutdown,KXFED-27APR-T4.50,1,insufficient_baseline_history_d16
hormuz_strike_pipeline_shutdown,KXFED-27APR-T4.50,3,insufficient_baseline_history_d16
hormuz_strike_pipeline_shutdown,KXFED-27APR-T4.50,5,insufficient_baseline_history_d16
hormuz_strike_pipeline_shutdown,KXFED-27MAR-T6.00,1,insufficient_baseline_history_d16
hormuz_strike_pipeline_shutdown,KXFED-27MAR-T6.00,3,insufficient_baseline_history_d16
hormuz_strike_pipeline_shutdown,KXFED-27MAR-T6.00,5,insufficient_baseline_history_d16
hormuz_strike_pipeline_shutdown,KXFED-27MAR-T5.75,1,insufficient_baseline_history_d16
hormuz_strike_pipeline_shutdown,KXFED-27MAR-T5.75,3,insufficient_baseline_history_d16
hormuz_strike_pipeline_shutdown,KXFED-27MAR-T5.75,5,insufficient_baseline_history_d16
hormuz_strike_pipeline_shutdown,KXFED-27MAR-T5.50,1,insufficient_baseline_history_d16
hormuz_strike_pipeline_shutdown,KXFED-27MAR-T5.50,3,insufficient_baseline_history_d16
hormuz_strike_pipeline_shutdown,KXFED-27MAR-T5.50,5,insufficient_baseline_history_d16
hormuz_strike_pipeline_shutdown,KXFED-27MAR-T4.75,1,insufficient_baseline_history_d16
hormuz_strike_pipeline_shutdown,KXFED-27MAR-T4.75,3,insufficient_baseline_history_d16
hormuz_strike_pipeline_shutdown,KXFED-27MAR-T4.75,5,insufficient_baseline_history_d16
hormuz_strike_pipeline_shutdown,KXFED-27MAR-T4.50,1,insufficient_baseline_history_d16
hormuz_strike_pipeline_shutdown,KXFED-27MAR-T4.50,3,insufficient_baseline_history_d16
hormuz_strike_pipeline_shutdown,KXFED-27MAR-T4.50,5,insufficient_baseline_history_d16
hormuz_strike_pipeline_shutdown,KXFED-27JAN-T5.75,1,insufficient_baseline_history_d16
hormuz_strike_pipeline_shutdown,KXFED-27JAN-T5.75,3,insufficient_baseline_history_d16
hormuz_strike_pipeline_shutdown,KXFED-27JAN-T5.75,5,insufficient_baseline_history_d16
hormuz_strike_pipeline_shutdown,KXFED-27JAN-T5.25,1,insufficient_baseline_history_d16
hormuz_strike_pipeline_shutdown,KXFED-27JAN-T5.25,3,insufficient_baseline_history_d16
hormuz_strike_pipeline_shutdown,KXFED-27JAN-T5.25,5,insufficient_baseline_history_d16
hormuz_strike_pipeline_shutdown,KXFED-27JAN-T5.00,1,insufficient_baseline_history_d16
hormuz_strike_pipeline_shutdown,KXFED-27JAN-T5.00,3,insufficient_baseline_history_d16
hormuz_strike_pipeline_shutdown,KXFED-27JAN-T5.00,5,insufficient_baseline_history_d16
hormuz_strike_pipeline_shutdown,KXFED-27JAN-T4.75,1,insufficient_baseline_history_d16
hormuz_strike_pipeline_shutdown,KXFED-27JAN-T4.75,3,insufficient_baseline_history_d16
hormuz_strike_pipeline_shutdown,KXFED-27JAN-T4.75,5,insufficient_baseline_history_d16
hormuz_strike_pipeline_shutdown,KXFED-27JAN-T4.50,1,insufficient_baseline_history_d16
hormuz_strike_pipeline_shutdown,KXFED-27JAN-T4.50,3,insufficient_baseline_history_d16
hormuz_strike_pipeline_shutdown,KXFED-27JAN-T4.50,5,insufficient_baseline_history_d16
hormuz_strike_pipeline_shutdown,KXFED-28JAN-T5.50,1,insufficient_baseline_history_d16
hormuz_strike_pipeline_shutdown,KXFED-28JAN-T5.50,3,insufficient_baseline_history_d16
hormuz_strike_pipeline_shutdown,KXFED-28JAN-T5.50,5,insufficient_baseline_history_d16
hormuz_strike_pipeline_shutdown,KXFED-28JAN-T5.25,1,insufficient_baseline_history_d16
hormuz_strike_pipeline_shutdown,KXFED-28JAN-T5.25,3,insufficient_baseline_history_d16
hormuz_strike_pipeline_shutdown,KXFED-28JAN-T5.25,5,insufficient_baseline_history_d16
hormuz_strike_pipeline_shutdown,KXFED-28JAN-T4.75,1,insufficient_baseline_history_d16
hormuz_strike_pipeline_shutdown,KXFED-28JAN-T4.75,3,insufficient_baseline_history_d16
hormuz_strike_pipeline_shutdown,KXFED-28JAN-T4.75,5,insufficient_baseline_history_d16
hormuz_strike_pipeline_shutdown,KXFED-28JAN-T4.50,1,insufficient_baseline_history_d16
hormuz_strike_pipeline_shutdown,KXFED-28JAN-T4.50,3,insufficient_baseline_history_d16
hormuz_strike_pipeline_shutdown,KXFED-28JAN-T4.50,5,insufficient_baseline_history_d16
hormuz_strike_pipeline_shutdown,KXFED-28JAN-T4.25,1,insufficient_baseline_history_d16
hormuz_strike_pipeline_shutdown,KXFED-28JAN-T4.25,3,insufficient_baseline_history_d16
hormuz_strike_pipeline_shutdown,KXFED-28JAN-T4.25,5,insufficient_baseline_history_d16
hormuz_strike_pipeline_shutdown,KXFED-28JAN-T4.00,1,insufficient_baseline_history_d16
hormuz_strike_pipeline_shutdown,KXFED-28JAN-T4.00,3,insufficient_baseline_history_d16
hormuz_strike_pipeline_shutdown,KXFED-28JAN-T4.00,5,insufficient_baseline_history_d16
hormuz_strike_pipeline_shutdown,KXFED-28JAN-T3.75,1,insufficient_baseline_history_d16
hormuz_strike_pipeline_shutdown,KXFED-28JAN-T3.75,3,insufficient_baseline_history_d16
hormuz_strike_pipeline_shutdown,KXFED-28JAN-T3.75,5,insufficient_baseline_history_d16
hormuz_strike_pipeline_shutdown,KXFED-28JAN-T3.50,1,insufficient_baseline_history_d16
hormuz_strike_pipeline_shutdown,KXFED-28JAN-T3.50,3,insufficient_baseline_history_d16
hormuz_strike_pipeline_shutdown,KXFED-28JAN-T3.50,5,insufficient_baseline_history_d16
hormuz_strike_pipeline_shutdown,KXFED-28JAN-T3.25,1,insufficient_baseline_history_d16
hormuz_strike_pipeline_shutdown,KXFED-28JAN-T3.25,3,insufficient_baseline_history_d16
hormuz_strike_pipeline_shutdown,KXFED-28JAN-T3.25,5,insufficient_baseline_history_d16
hormuz_strike_pipeline_shutdown,KXFED-28JAN-T3.00,1,insufficient_baseline_history_d16
hormuz_strike_pipeline_shutdown,KXFED-28JAN-T3.00,3,insufficient_baseline_history_d16
hormuz_strike_pipeline_shutdown,KXFED-28JAN-T3.00,5,insufficient_baseline_history_d16
hormuz_strike_pipeline_shutdown,KXFED-28JAN-T2.75,1,insufficient_baseline_history_d16
hormuz_strike_pipeline_shutdown,KXFED-28JAN-T2.75,3,insufficient_baseline_history_d16
hormuz_strike_pipeline_shutdown,KXFED-28JAN-T2.75,5,insufficient_baseline_history_d16
hormuz_strike_pipeline_shutdown,KXFED-28JAN-T2.50,1,insufficient_baseline_history_d16
hormuz_strike_pipeline_shutdown,KXFED-28JAN-T2.50,3,insufficient_baseline_history_d16
hormuz_strike_pipeline_shutdown,KXFED-28JAN-T2.50,5,insufficient_baseline_history_d16
hormuz_strike_pipeline_shutdown,KXFED-28JAN-T2.00,1,insufficient_baseline_history_d16
hormuz_strike_pipeline_shutdown,KXFED-28JAN-T2.00,3,insufficient_baseline_history_d16
hormuz_strike_pipeline_shutdown,KXFED-28JAN-T2.00,5,insufficient_baseline_history_d16
hormuz_strike_pipeline_shutdown,KXFED-28JAN-T1.75,1,insufficient_baseline_history_d16
hormuz_strike_pipeline_shutdown,KXFED-28JAN-T1.75,3,insufficient_baseline_history_d16
hormuz_strike_pipeline_shutdown,KXFED-28JAN-T1.75,5,insufficient_baseline_history_d16
hormuz_strike_pipeline_shutdown,KXFED-28JAN-T1.50,1,insufficient_baseline_history_d16
hormuz_strike_pipeline_shutdown,KXFED-28JAN-T1.50,3,insufficient_baseline_history_d16
hormuz_strike_pipeline_shutdown,KXFED-28JAN-T1.50,5,insufficient_baseline_history_d16
hormuz_strike_pipeline_shutdown,KXFED-28JAN-T1.25,1,insufficient_baseline_history_d16
hormuz_strike_pipeline_shutdown,KXFED-28JAN-T1.25,3,insufficient_baseline_history_d16
hormuz_strike_pipeline_shutdown,KXFED-28JAN-T1.25,5,insufficient_baseline_history_d16
hormuz_strike_pipeline_shutdown,KXFED-28JAN-T1.00,1,insufficient_baseline_history_d16
hormuz_strike_pipeline_shutdown,KXFED-28JAN-T1.00,3,insufficient_baseline_history_d16
hormuz_strike_pipeline_shutdown,KXFED-28JAN-T1.00,5,insufficient_baseline_history_d16
hormuz_strike_pipeline_shutdown,KXFED-28JAN-T0.25,1,insufficient_baseline_history_d16
hormuz_strike_pipeline_shutdown,KXFED-28JAN-T0.25,3,insufficient_baseline_history_d16
hormuz_strike_pipeline_shutdown,KXFED-28JAN-T0.25,5,insufficient_baseline_history_d16
hormuz_strike_pipeline_shutdown,KXFED-28JAN-T0.00,1,insufficient_baseline_history_d16
hormuz_strike_pipeline_shutdown,KXFED-28JAN-T0.00,3,insufficient_baseline_history_d16
hormuz_strike_pipeline_shutdown,KXFED-28JAN-T0.00,5,insufficient_baseline_history_d16
hormuz_strike_pipeline_shutdown,KXFED-27DEC-T6.00,1,insufficient_baseline_history_d16
hormuz_strike_pipeline_shutdown,KXFED-27DEC-T6.00,3,insufficient_baseline_history_d16
hormuz_strike_pipeline_shutdown,KXFED-27DEC-T6.00,5,insufficient_baseline_history_d16
hormuz_strike_pipeline_shutdown,KXFED-27DEC-T5.75,1,insufficient_baseline_history_d16
hormuz_strike_pipeline_shutdown,KXFED-27DEC-T5.75,3,insufficient_baseline_history_d16
hormuz_strike_pipeline_shutdown,KXFED-27DEC-T5.75,5,insufficient_baseline_history_d16
hormuz_strike_pipeline_shutdown,KXFED-27DEC-T5.50,1,insufficient_baseline_history_d16
hormuz_strike_pipeline_shutdown,KXFED-27DEC-T5.50,3,insufficient_baseline_history_d16
hormuz_strike_pipeline_shutdown,KXFED-27DEC-T5.50,5,insufficient_baseline_history_d16
hormuz_strike_pipeline_shutdown,KXFED-27DEC-T5.25,1,insufficient_baseline_history_d16
hormuz_strike_pipeline_shutdown,KXFED-27DEC-T5.25,3,insufficient_baseline_history_d16
hormuz_strike_pipeline_shutdown,KXFED-27DEC-T5.25,5,insufficient_baseline_history_d16
hormuz_strike_pipeline_shutdown,KXFED-27DEC-T5.00,1,insufficient_baseline_history_d16
hormuz_strike_pipeline_shutdown,KXFED-27DEC-T5.00,3,insufficient_baseline_history_d16
hormuz_strike_pipeline_shutdown,KXFED-27DEC-T5.00,5,insufficient_baseline_history_d16
hormuz_strike_pipeline_shutdown,KXFED-27DEC-T4.50,1,insufficient_baseline_history_d16
hormuz_strike_pipeline_shutdown,KXFED-27DEC-T4.50,3,insufficient_baseline_history_d16
hormuz_strike_pipeline_shutdown,KXFED-27DEC-T4.50,5,insufficient_baseline_history_d16
hormuz_strike_pipeline_shutdown,KXFED-27DEC-T4.25,1,insufficient_baseline_history_d16
hormuz_strike_pipeline_shutdown,KXFED-27DEC-T4.25,3,insufficient_baseline_history_d16
hormuz_strike_pipeline_shutdown,KXFED-27DEC-T4.25,5,insufficient_baseline_history_d16
hormuz_strike_pipeline_shutdown,KXFED-27DEC-T4.00,1,insufficient_baseline_history_d16
hormuz_strike_pipeline_shutdown,KXFED-27DEC-T4.00,3,insufficient_baseline_history_d16
hormuz_strike_pipeline_shutdown,KXFED-27DEC-T4.00,5,insufficient_baseline_history_d16
hormuz_strike_pipeline_shutdown,KXFED-27DEC-T3.75,1,insufficient_baseline_history_d16
hormuz_strike_pipeline_shutdown,KXFED-27DEC-T3.75,3,insufficient_baseline_history_d16
hormuz_strike_pipeline_shutdown,KXFED-27DEC-T3.75,5,insufficient_baseline_history_d16
hormuz_strike_pipeline_shutdown,KXFED-27DEC-T3.50,1,insufficient_baseline_history_d16
hormuz_strike_pipeline_shutdown,KXFED-27DEC-T3.50,3,insufficient_baseline_history_d16
hormuz_strike_pipeline_shutdown,KXFED-27DEC-T3.50,5,insufficient_baseline_history_d16
hormuz_strike_pipeline_shutdown,KXFED-27DEC-T3.25,1,insufficient_baseline_history_d16
hormuz_strike_pipeline_shutdown,KXFED-27DEC-T3.25,3,insufficient_baseline_history_d16
hormuz_strike_pipeline_shutdown,KXFED-27DEC-T3.25,5,insufficient_baseline_history_d16
hormuz_strike_pipeline_shutdown,KXFED-27DEC-T3.00,1,insufficient_baseline_history_d16
hormuz_strike_pipeline_shutdown,KXFED-27DEC-T3.00,3,insufficient_baseline_history_d16
hormuz_strike_pipeline_shutdown,KXFED-27DEC-T3.00,5,insufficient_baseline_history_d16
hormuz_strike_pipeline_shutdown,KXFED-27DEC-T2.75,1,insufficient_baseline_history_d16
hormuz_strike_pipeline_shutdown,KXFED-27DEC-T2.75,3,insufficient_baseline_history_d16
hormuz_strike_pipeline_shutdown,KXFED-27DEC-T2.75,5,insufficient_baseline_history_d16
hormuz_strike_pipeline_shutdown,KXFED-27DEC-T2.50,1,insufficient_baseline_history_d16
hormuz_strike_pipeline_shutdown,KXFED-27DEC-T2.50,3,insufficient_baseline_history_d16
hormuz_strike_pipeline_shutdown,KXFED-27DEC-T2.50,5,insufficient_baseline_history_d16
hormuz_strike_pipeline_shutdown,KXFED-27DEC-T2.25,1,insufficient_baseline_history_d16
hormuz_strike_pipeline_shutdown,KXFED-27DEC-T2.25,3,insufficient_baseline_history_d16
hormuz_strike_pipeline_shutdown,KXFED-27DEC-T2.25,5,insufficient_baseline_history_d16
hormuz_strike_pipeline_shutdown,KXFED-27DEC-T1.75,1,insufficient_baseline_history_d16
hormuz_strike_pipeline_shutdown,KXFED-27DEC-T1.75,3,insufficient_baseline_history_d16
hormuz_strike_pipeline_shutdown,KXFED-27DEC-T1.75,5,insufficient_baseline_history_d16
hormuz_strike_pipeline_shutdown,KXFED-27DEC-T1.50,1,insufficient_baseline_history_d16
hormuz_strike_pipeline_shutdown,KXFED-27DEC-T1.50,3,insufficient_baseline_history_d16
hormuz_strike_pipeline_shutdown,KXFED-27DEC-T1.50,5,insufficient_baseline_history_d16
hormuz_strike_pipeline_shutdown,KXFED-27DEC-T1.25,1,insufficient_baseline_history_d16
hormuz_strike_pipeline_shutdown,KXFED-27DEC-T1.25,3,insufficient_baseline_history_d16
hormuz_strike_pipeline_shutdown,KXFED-27DEC-T1.25,5,insufficient_baseline_history_d16
hormuz_strike_pipeline_shutdown,KXFED-27DEC-T0.75,1,insufficient_baseline_history_d16
hormuz_strike_pipeline_shutdown,KXFED-27DEC-T0.75,3,insufficient_baseline_history_d16
hormuz_strike_pipeline_shutdown,KXFED-27DEC-T0.75,5,insufficient_baseline_history_d16
hormuz_strike_pipeline_shutdown,KXFED-27DEC-T0.50,1,insufficient_baseline_history_d16
hormuz_strike_pipeline_shutdown,KXFED-27DEC-T0.50,3,insufficient_baseline_history_d16
hormuz_strike_pipeline_shutdown,KXFED-27DEC-T0.50,5,insufficient_baseline_history_d16
hormuz_strike_pipeline_shutdown,KXFED-27DEC-T0.25,1,insufficient_baseline_history_d16
hormuz_strike_pipeline_shutdown,KXFED-27DEC-T0.25,3,insufficient_baseline_history_d16
hormuz_strike_pipeline_shutdown,KXFED-27DEC-T0.25,5,insufficient_baseline_history_d16
hormuz_strike_pipeline_shutdown,KXFED-27DEC-T0.00,1,insufficient_baseline_history_d16
hormuz_strike_pipeline_shutdown,KXFED-27DEC-T0.00,3,insufficient_baseline_history_d16
hormuz_strike_pipeline_shutdown,KXFED-27DEC-T0.00,5,insufficient_baseline_history_d16
hormuz_strike_pipeline_shutdown,KXFED-27OCT-T6.00,1,insufficient_baseline_history_d16
hormuz_strike_pipeline_shutdown,KXFED-27OCT-T6.00,3,insufficient_baseline_history_d16
hormuz_strike_pipeline_shutdown,KXFED-27OCT-T6.00,5,insufficient_baseline_history_d16
hormuz_strike_pipeline_shutdown,KXFED-27OCT-T5.50,1,insufficient_baseline_history_d16
hormuz_strike_pipeline_shutdown,KXFED-27OCT-T5.50,3,insufficient_baseline_history_d16
hormuz_strike_pipeline_shutdown,KXFED-27OCT-T5.50,5,insufficient_baseline_history_d16
hormuz_strike_pipeline_shutdown,KXFED-27OCT-T5.00,1,insufficient_baseline_history_d16
hormuz_strike_pipeline_shutdown,KXFED-27OCT-T5.00,3,insufficient_baseline_history_d16
hormuz_strike_pipeline_shutdown,KXFED-27OCT-T5.00,5,insufficient_baseline_history_d16
hormuz_strike_pipeline_shutdown,KXFED-27OCT-T4.75,1,insufficient_baseline_history_d16
hormuz_strike_pipeline_shutdown,KXFED-27OCT-T4.75,3,insufficient_baseline_history_d16
hormuz_strike_pipeline_shutdown,KXFED-27OCT-T4.75,5,insufficient_baseline_history_d16
hormuz_strike_pipeline_shutdown,KXFED-27OCT-T4.50,1,insufficient_baseline_history_d16
hormuz_strike_pipeline_shutdown,KXFED-27OCT-T4.50,3,insufficient_baseline_history_d16
hormuz_strike_pipeline_shutdown,KXFED-27OCT-T4.50,5,insufficient_baseline_history_d16
hormuz_strike_pipeline_shutdown,KXFED-27OCT-T4.25,1,insufficient_baseline_history_d16
hormuz_strike_pipeline_shutdown,KXFED-27OCT-T4.25,3,insufficient_baseline_history_d16
hormuz_strike_pipeline_shutdown,KXFED-27OCT-T4.25,5,insufficient_baseline_history_d16
hormuz_strike_pipeline_shutdown,KXFED-27OCT-T4.00,1,insufficient_baseline_history_d16
hormuz_strike_pipeline_shutdown,KXFED-27OCT-T4.00,3,insufficient_baseline_history_d16
hormuz_strike_pipeline_shutdown,KXFED-27OCT-T4.00,5,insufficient_baseline_history_d16
hormuz_strike_pipeline_shutdown,KXFED-27OCT-T3.75,1,insufficient_baseline_history_d16
hormuz_strike_pipeline_shutdown,KXFED-27OCT-T3.75,3,insufficient_baseline_history_d16
hormuz_strike_pipeline_shutdown,KXFED-27OCT-T3.75,5,insufficient_baseline_history_d16
hormuz_strike_pipeline_shutdown,KXFED-27OCT-T3.50,1,insufficient_baseline_history_d16
hormuz_strike_pipeline_shutdown,KXFED-27OCT-T3.50,3,insufficient_baseline_history_d16
hormuz_strike_pipeline_shutdown,KXFED-27OCT-T3.50,5,insufficient_baseline_history_d16
hormuz_strike_pipeline_shutdown,KXFED-27OCT-T3.25,1,insufficient_baseline_history_d16
hormuz_strike_pipeline_shutdown,KXFED-27OCT-T3.25,3,insufficient_baseline_history_d16
hormuz_strike_pipeline_shutdown,KXFED-27OCT-T3.25,5,insufficient_baseline_history_d16
hormuz_strike_pipeline_shutdown,KXFED-27OCT-T3.00,1,insufficient_baseline_history_d16
hormuz_strike_pipeline_shutdown,KXFED-27OCT-T3.00,3,insufficient_baseline_history_d16
hormuz_strike_pipeline_shutdown,KXFED-27OCT-T3.00,5,insufficient_baseline_history_d16
hormuz_strike_pipeline_shutdown,KXFED-27OCT-T2.75,1,insufficient_baseline_history_d16
hormuz_strike_pipeline_shutdown,KXFED-27OCT-T2.75,3,insufficient_baseline_history_d16
hormuz_strike_pipeline_shutdown,KXFED-27OCT-T2.75,5,insufficient_baseline_history_d16
hormuz_strike_pipeline_shutdown,KXFED-27OCT-T2.50,1,insufficient_baseline_history_d16
hormuz_strike_pipeline_shutdown,KXFED-27OCT-T2.50,3,insufficient_baseline_history_d16
hormuz_strike_pipeline_shutdown,KXFED-27OCT-T2.50,5,insufficient_baseline_history_d16
hormuz_strike_pipeline_shutdown,KXFED-27OCT-T2.25,1,insufficient_baseline_history_d16
hormuz_strike_pipeline_shutdown,KXFED-27OCT-T2.25,3,insufficient_baseline_history_d16
hormuz_strike_pipeline_shutdown,KXFED-27OCT-T2.25,5,insufficient_baseline_history_d16
hormuz_strike_pipeline_shutdown,KXFED-27OCT-T1.25,1,insufficient_baseline_history_d16
hormuz_strike_pipeline_shutdown,KXFED-27OCT-T1.25,3,insufficient_baseline_history_d16
hormuz_strike_pipeline_shutdown,KXFED-27OCT-T1.25,5,insufficient_baseline_history_d16
hormuz_strike_pipeline_shutdown,KXFED-27OCT-T0.75,1,insufficient_baseline_history_d16
hormuz_strike_pipeline_shutdown,KXFED-27OCT-T0.75,3,insufficient_baseline_history_d16
hormuz_strike_pipeline_shutdown,KXFED-27OCT-T0.75,5,insufficient_baseline_history_d16
hormuz_strike_pipeline_shutdown,KXFED-27OCT-T0.50,1,insufficient_baseline_history_d16
hormuz_strike_pipeline_shutdown,KXFED-27OCT-T0.50,3,insufficient_baseline_history_d16
hormuz_strike_pipeline_shutdown,KXFED-27OCT-T0.50,5,insufficient_baseline_history_d16
hormuz_strike_pipeline_shutdown,KXFED-27OCT-T0.25,1,insufficient_baseline_history_d16
hormuz_strike_pipeline_shutdown,KXFED-27OCT-T0.25,3,insufficient_baseline_history_d16
hormuz_strike_pipeline_shutdown,KXFED-27OCT-T0.25,5,insufficient_baseline_history_d16
hormuz_strike_pipeline_shutdown,KXFED-27SEP-T6.00,1,insufficient_baseline_history_d16
hormuz_strike_pipeline_shutdown,KXFED-27SEP-T6.00,3,insufficient_baseline_history_d16
hormuz_strike_pipeline_shutdown,KXFED-27SEP-T6.00,5,insufficient_baseline_history_d16
hormuz_strike_pipeline_shutdown,KXFED-27SEP-T5.75,1,insufficient_baseline_history_d16
hormuz_strike_pipeline_shutdown,KXFED-27SEP-T5.75,3,insufficient_baseline_history_d16
hormuz_strike_pipeline_shutdown,KXFED-27SEP-T5.75,5,insufficient_baseline_history_d16
hormuz_strike_pipeline_shutdown,KXFED-27SEP-T5.50,1,insufficient_baseline_history_d16
hormuz_strike_pipeline_shutdown,KXFED-27SEP-T5.50,3,insufficient_baseline_history_d16
hormuz_strike_pipeline_shutdown,KXFED-27SEP-T5.50,5,insufficient_baseline_history_d16
hormuz_strike_pipeline_shutdown,KXFED-27SEP-T5.25,1,insufficient_baseline_history_d16
hormuz_strike_pipeline_shutdown,KXFED-27SEP-T5.25,3,insufficient_baseline_history_d16
hormuz_strike_pipeline_shutdown,KXFED-27SEP-T5.25,5,insufficient_baseline_history_d16
hormuz_strike_pipeline_shutdown,KXFED-27SEP-T5.00,1,insufficient_baseline_history_d16
hormuz_strike_pipeline_shutdown,KXFED-27SEP-T5.00,3,insufficient_baseline_history_d16
hormuz_strike_pipeline_shutdown,KXFED-27SEP-T5.00,5,insufficient_baseline_history_d16
hormuz_strike_pipeline_shutdown,KXFED-27SEP-T4.75,1,insufficient_baseline_history_d16
hormuz_strike_pipeline_shutdown,KXFED-27SEP-T4.75,3,insufficient_baseline_history_d16
hormuz_strike_pipeline_shutdown,KXFED-27SEP-T4.75,5,insufficient_baseline_history_d16
hormuz_strike_pipeline_shutdown,KXFED-27SEP-T4.50,1,insufficient_baseline_history_d16
hormuz_strike_pipeline_shutdown,KXFED-27SEP-T4.50,3,insufficient_baseline_history_d16
hormuz_strike_pipeline_shutdown,KXFED-27SEP-T4.50,5,insufficient_baseline_history_d16
hormuz_strike_pipeline_shutdown,KXFED-27SEP-T4.25,1,insufficient_baseline_history_d16
hormuz_strike_pipeline_shutdown,KXFED-27SEP-T4.25,3,insufficient_baseline_history_d16
hormuz_strike_pipeline_shutdown,KXFED-27SEP-T4.25,5,insufficient_baseline_history_d16
hormuz_strike_pipeline_shutdown,KXFED-27SEP-T4.00,1,insufficient_baseline_history_d16
hormuz_strike_pipeline_shutdown,KXFED-27SEP-T4.00,3,insufficient_baseline_history_d16
hormuz_strike_pipeline_shutdown,KXFED-27SEP-T4.00,5,insufficient_baseline_history_d16
hormuz_strike_pipeline_shutdown,KXFED-27SEP-T3.50,1,insufficient_baseline_history_d16
hormuz_strike_pipeline_shutdown,KXFED-27SEP-T3.50,3,insufficient_baseline_history_d16
hormuz_strike_pipeline_shutdown,KXFED-27SEP-T3.50,5,insufficient_baseline_history_d16
hormuz_strike_pipeline_shutdown,KXFED-27SEP-T3.25,1,insufficient_baseline_history_d16
hormuz_strike_pipeline_shutdown,KXFED-27SEP-T3.25,3,insufficient_baseline_history_d16
hormuz_strike_pipeline_shutdown,KXFED-27SEP-T3.25,5,insufficient_baseline_history_d16
hormuz_strike_pipeline_shutdown,KXFED-27SEP-T2.75,1,insufficient_baseline_history_d16
hormuz_strike_pipeline_shutdown,KXFED-27SEP-T2.75,3,insufficient_baseline_history_d16
hormuz_strike_pipeline_shutdown,KXFED-27SEP-T2.75,5,insufficient_baseline_history_d16
hormuz_strike_pipeline_shutdown,KXFED-27SEP-T2.50,1,insufficient_baseline_history_d16
hormuz_strike_pipeline_shutdown,KXFED-27SEP-T2.50,3,insufficient_baseline_history_d16
hormuz_strike_pipeline_shutdown,KXFED-27SEP-T2.50,5,insufficient_baseline_history_d16
hormuz_strike_pipeline_shutdown,KXFED-27SEP-T2.25,1,insufficient_baseline_history_d16
hormuz_strike_pipeline_shutdown,KXFED-27SEP-T2.25,3,insufficient_baseline_history_d16
hormuz_strike_pipeline_shutdown,KXFED-27SEP-T2.25,5,insufficient_baseline_history_d16
hormuz_strike_pipeline_shutdown,KXFED-27SEP-T1.75,1,insufficient_baseline_history_d16
hormuz_strike_pipeline_shutdown,KXFED-27SEP-T1.75,3,insufficient_baseline_history_d16
hormuz_strike_pipeline_shutdown,KXFED-27SEP-T1.75,5,insufficient_baseline_history_d16
hormuz_strike_pipeline_shutdown,KXFED-27SEP-T1.50,1,insufficient_baseline_history_d16
hormuz_strike_pipeline_shutdown,KXFED-27SEP-T1.50,3,insufficient_baseline_history_d16
hormuz_strike_pipeline_shutdown,KXFED-27SEP-T1.50,5,insufficient_baseline_history_d16
hormuz_strike_pipeline_shutdown,KXFED-27SEP-T1.25,1,insufficient_baseline_history_d16
hormuz_strike_pipeline_shutdown,KXFED-27SEP-T1.25,3,insufficient_baseline_history_d16
hormuz_strike_pipeline_shutdown,KXFED-27SEP-T1.25,5,insufficient_baseline_history_d16
hormuz_strike_pipeline_shutdown,KXFED-27SEP-T1.00,1,insufficient_baseline_history_d16
hormuz_strike_pipeline_shutdown,KXFED-27SEP-T1.00,3,insufficient_baseline_history_d16
hormuz_strike_pipeline_shutdown,KXFED-27SEP-T1.00,5,insufficient_baseline_history_d16
hormuz_strike_pipeline_shutdown,KXFED-27SEP-T0.50,1,insufficient_baseline_history_d16
hormuz_strike_pipeline_shutdown,KXFED-27SEP-T0.50,3,insufficient_baseline_history_d16
hormuz_strike_pipeline_shutdown,KXFED-27SEP-T0.50,5,insufficient_baseline_history_d16
hormuz_strike_pipeline_shutdown,KXFED-27SEP-T0.25,1,insufficient_baseline_history_d16
hormuz_strike_pipeline_shutdown,KXFED-27SEP-T0.25,3,insufficient_baseline_history_d16
hormuz_strike_pipeline_shutdown,KXFED-27SEP-T0.25,5,insufficient_baseline_history_d16
hormuz_strike_pipeline_shutdown,KXFED-27SEP-T0.00,1,insufficient_baseline_history_d16
hormuz_strike_pipeline_shutdown,KXFED-27SEP-T0.00,3,insufficient_baseline_history_d16
hormuz_strike_pipeline_shutdown,KXFED-27SEP-T0.00,5,insufficient_baseline_history_d16
hormuz_strike_pipeline_shutdown,KXFED-27JUL-T6.00,1,insufficient_baseline_history_d16
hormuz_strike_pipeline_shutdown,KXFED-27JUL-T6.00,3,insufficient_baseline_history_d16
hormuz_strike_pipeline_shutdown,KXFED-27JUL-T6.00,5,insufficient_baseline_history_d16
hormuz_strike_pipeline_shutdown,KXFED-27JUL-T5.75,1,insufficient_baseline_history_d16
hormuz_strike_pipeline_shutdown,KXFED-27JUL-T5.75,3,insufficient_baseline_history_d16
hormuz_strike_pipeline_shutdown,KXFED-27JUL-T5.75,5,insufficient_baseline_history_d16
hormuz_strike_pipeline_shutdown,KXFED-27JUL-T5.50,1,insufficient_baseline_history_d16
hormuz_strike_pipeline_shutdown,KXFED-27JUL-T5.50,3,insufficient_baseline_history_d16
hormuz_strike_pipeline_shutdown,KXFED-27JUL-T5.50,5,insufficient_baseline_history_d16
hormuz_strike_pipeline_shutdown,KXFED-27JUL-T5.25,1,insufficient_baseline_history_d16
hormuz_strike_pipeline_shutdown,KXFED-27JUL-T5.25,3,insufficient_baseline_history_d16
hormuz_strike_pipeline_shutdown,KXFED-27JUL-T5.25,5,insufficient_baseline_history_d16
hormuz_strike_pipeline_shutdown,KXFED-27JUL-T5.00,1,insufficient_baseline_history_d16
hormuz_strike_pipeline_shutdown,KXFED-27JUL-T5.00,3,insufficient_baseline_history_d16
hormuz_strike_pipeline_shutdown,KXFED-27JUL-T5.00,5,insufficient_baseline_history_d16
hormuz_strike_pipeline_shutdown,KXFED-27JUL-T4.75,1,insufficient_baseline_history_d16
hormuz_strike_pipeline_shutdown,KXFED-27JUL-T4.75,3,insufficient_baseline_history_d16
hormuz_strike_pipeline_shutdown,KXFED-27JUL-T4.75,5,insufficient_baseline_history_d16
hormuz_strike_pipeline_shutdown,KXFED-27JUL-T4.50,1,insufficient_baseline_history_d16
hormuz_strike_pipeline_shutdown,KXFED-27JUL-T4.50,3,insufficient_baseline_history_d16
hormuz_strike_pipeline_shutdown,KXFED-27JUL-T4.50,5,insufficient_baseline_history_d16
hormuz_strike_pipeline_shutdown,KXFED-27JUL-T4.25,1,insufficient_baseline_history_d16
hormuz_strike_pipeline_shutdown,KXFED-27JUL-T4.25,3,insufficient_baseline_history_d16
hormuz_strike_pipeline_shutdown,KXFED-27JUL-T4.25,5,insufficient_baseline_history_d16
hormuz_strike_pipeline_shutdown,KXFED-27JUL-T4.00,1,insufficient_baseline_history_d16
hormuz_strike_pipeline_shutdown,KXFED-27JUL-T4.00,3,insufficient_baseline_history_d16
hormuz_strike_pipeline_shutdown,KXFED-27JUL-T4.00,5,insufficient_baseline_history_d16
hormuz_strike_pipeline_shutdown,KXFED-27JUL-T3.75,1,insufficient_baseline_history_d16
hormuz_strike_pipeline_shutdown,KXFED-27JUL-T3.75,3,insufficient_baseline_history_d16
hormuz_strike_pipeline_shutdown,KXFED-27JUL-T3.75,5,insufficient_baseline_history_d16
hormuz_strike_pipeline_shutdown,KXFED-27JUL-T3.50,1,insufficient_baseline_history_d16
hormuz_strike_pipeline_shutdown,KXFED-27JUL-T3.50,3,insufficient_baseline_history_d16
hormuz_strike_pipeline_shutdown,KXFED-27JUL-T3.50,5,insufficient_baseline_history_d16
hormuz_strike_pipeline_shutdown,KXFED-27JUL-T3.00,1,insufficient_baseline_history_d16
hormuz_strike_pipeline_shutdown,KXFED-27JUL-T3.00,3,insufficient_baseline_history_d16
hormuz_strike_pipeline_shutdown,KXFED-27JUL-T3.00,5,insufficient_baseline_history_d16
hormuz_strike_pipeline_shutdown,KXFED-27JUL-T2.75,1,insufficient_baseline_history_d16
hormuz_strike_pipeline_shutdown,KXFED-27JUL-T2.75,3,insufficient_baseline_history_d16
hormuz_strike_pipeline_shutdown,KXFED-27JUL-T2.75,5,insufficient_baseline_history_d16
hormuz_strike_pipeline_shutdown,KXFED-27JUL-T2.50,1,insufficient_baseline_history_d16
hormuz_strike_pipeline_shutdown,KXFED-27JUL-T2.50,3,insufficient_baseline_history_d16
hormuz_strike_pipeline_shutdown,KXFED-27JUL-T2.50,5,insufficient_baseline_history_d16
hormuz_strike_pipeline_shutdown,KXFED-27JUL-T2.25,1,insufficient_baseline_history_d16
hormuz_strike_pipeline_shutdown,KXFED-27JUL-T2.25,3,insufficient_baseline_history_d16
hormuz_strike_pipeline_shutdown,KXFED-27JUL-T2.25,5,insufficient_baseline_history_d16
hormuz_strike_pipeline_shutdown,KXFED-27JUL-T1.75,1,insufficient_baseline_history_d16
hormuz_strike_pipeline_shutdown,KXFED-27JUL-T1.75,3,insufficient_baseline_history_d16
hormuz_strike_pipeline_shutdown,KXFED-27JUL-T1.75,5,insufficient_baseline_history_d16
hormuz_strike_pipeline_shutdown,KXFED-27JUL-T1.50,1,insufficient_baseline_history_d16
hormuz_strike_pipeline_shutdown,KXFED-27JUL-T1.50,3,insufficient_baseline_history_d16
hormuz_strike_pipeline_shutdown,KXFED-27JUL-T1.50,5,insufficient_baseline_history_d16
hormuz_strike_pipeline_shutdown,KXFED-27JUL-T1.00,1,insufficient_baseline_history_d16
hormuz_strike_pipeline_shutdown,KXFED-27JUL-T1.00,3,insufficient_baseline_history_d16
hormuz_strike_pipeline_shutdown,KXFED-27JUL-T1.00,5,insufficient_baseline_history_d16
hormuz_strike_pipeline_shutdown,KXFED-27JUL-T0.75,1,insufficient_baseline_history_d16
hormuz_strike_pipeline_shutdown,KXFED-27JUL-T0.75,3,insufficient_baseline_history_d16
hormuz_strike_pipeline_shutdown,KXFED-27JUL-T0.75,5,insufficient_baseline_history_d16
hormuz_strike_pipeline_shutdown,KXFED-27JUL-T0.50,1,insufficient_baseline_history_d16
hormuz_strike_pipeline_shutdown,KXFED-27JUL-T0.50,3,insufficient_baseline_history_d16
hormuz_strike_pipeline_shutdown,KXFED-27JUL-T0.50,5,insufficient_baseline_history_d16
hormuz_strike_pipeline_shutdown,KXFED-27JUL-T0.00,1,insufficient_baseline_history_d16
hormuz_strike_pipeline_shutdown,KXFED-27JUL-T0.00,3,insufficient_baseline_history_d16
hormuz_strike_pipeline_shutdown,KXFED-27JUL-T0.00,5,insufficient_baseline_history_d16
hormuz_strike_pipeline_shutdown,KXFED-27JUN-T6.00,1,insufficient_baseline_history_d16
hormuz_strike_pipeline_shutdown,KXFED-27JUN-T6.00,3,insufficient_baseline_history_d16
hormuz_strike_pipeline_shutdown,KXFED-27JUN-T6.00,5,insufficient_baseline_history_d16
hormuz_strike_pipeline_shutdown,KXFED-27JUN-T5.75,1,insufficient_baseline_history_d16
hormuz_strike_pipeline_shutdown,KXFED-27JUN-T5.75,3,insufficient_baseline_history_d16
hormuz_strike_pipeline_shutdown,KXFED-27JUN-T5.75,5,insufficient_baseline_history_d16
hormuz_strike_pipeline_shutdown,KXFED-27JUN-T5.25,1,insufficient_baseline_history_d16
hormuz_strike_pipeline_shutdown,KXFED-27JUN-T5.25,3,insufficient_baseline_history_d16
hormuz_strike_pipeline_shutdown,KXFED-27JUN-T5.25,5,insufficient_baseline_history_d16
hormuz_strike_pipeline_shutdown,KXFED-27JUN-T5.00,1,insufficient_baseline_history_d16
hormuz_strike_pipeline_shutdown,KXFED-27JUN-T5.00,3,insufficient_baseline_history_d16
hormuz_strike_pipeline_shutdown,KXFED-27JUN-T5.00,5,insufficient_baseline_history_d16
hormuz_strike_pipeline_shutdown,KXFED-27JUN-T4.75,1,insufficient_baseline_history_d16
hormuz_strike_pipeline_shutdown,KXFED-27JUN-T4.75,3,insufficient_baseline_history_d16
hormuz_strike_pipeline_shutdown,KXFED-27JUN-T4.75,5,insufficient_baseline_history_d16
hormuz_strike_pipeline_shutdown,KXFED-27JUN-T4.50,1,insufficient_baseline_history_d16
hormuz_strike_pipeline_shutdown,KXFED-27JUN-T4.50,3,insufficient_baseline_history_d16
hormuz_strike_pipeline_shutdown,KXFED-27JUN-T4.50,5,insufficient_baseline_history_d16
hormuz_strike_pipeline_shutdown,KXFED-27JUN-T4.25,1,insufficient_baseline_history_d16
hormuz_strike_pipeline_shutdown,KXFED-27JUN-T4.25,3,insufficient_baseline_history_d16
hormuz_strike_pipeline_shutdown,KXFED-27JUN-T4.25,5,insufficient_baseline_history_d16
hormuz_strike_pipeline_shutdown,KXFED-27JUN-T4.00,1,insufficient_baseline_history_d16
hormuz_strike_pipeline_shutdown,KXFED-27JUN-T4.00,3,insufficient_baseline_history_d16
hormuz_strike_pipeline_shutdown,KXFED-27JUN-T4.00,5,insufficient_baseline_history_d16
hormuz_strike_pipeline_shutdown,KXFED-27JUN-T3.75,1,insufficient_baseline_history_d16
hormuz_strike_pipeline_shutdown,KXFED-27JUN-T3.75,3,insufficient_baseline_history_d16
hormuz_strike_pipeline_shutdown,KXFED-27JUN-T3.75,5,insufficient_baseline_history_d16
hormuz_strike_pipeline_shutdown,KXFED-27JUN-T3.50,1,insufficient_baseline_history_d16
hormuz_strike_pipeline_shutdown,KXFED-27JUN-T3.50,3,insufficient_baseline_history_d16
hormuz_strike_pipeline_shutdown,KXFED-27JUN-T3.50,5,insufficient_baseline_history_d16
hormuz_strike_pipeline_shutdown,KXFED-27JUN-T3.25,1,insufficient_baseline_history_d16
hormuz_strike_pipeline_shutdown,KXFED-27JUN-T3.25,3,insufficient_baseline_history_d16
hormuz_strike_pipeline_shutdown,KXFED-27JUN-T3.25,5,insufficient_baseline_history_d16
hormuz_strike_pipeline_shutdown,KXFED-27JUN-T3.00,1,insufficient_baseline_history_d16
hormuz_strike_pipeline_shutdown,KXFED-27JUN-T3.00,3,insufficient_baseline_history_d16
hormuz_strike_pipeline_shutdown,KXFED-27JUN-T3.00,5,insufficient_baseline_history_d16
hormuz_strike_pipeline_shutdown,KXFED-27JUN-T2.75,1,insufficient_baseline_history_d16
hormuz_strike_pipeline_shutdown,KXFED-27JUN-T2.75,3,insufficient_baseline_history_d16
hormuz_strike_pipeline_shutdown,KXFED-27JUN-T2.75,5,insufficient_baseline_history_d16
hormuz_strike_pipeline_shutdown,KXFED-27JUN-T2.50,1,insufficient_baseline_history_d16
hormuz_strike_pipeline_shutdown,KXFED-27JUN-T2.50,3,insufficient_baseline_history_d16
hormuz_strike_pipeline_shutdown,KXFED-27JUN-T2.50,5,insufficient_baseline_history_d16
hormuz_strike_pipeline_shutdown,KXFED-27JUN-T2.00,1,insufficient_baseline_history_d16
hormuz_strike_pipeline_shutdown,KXFED-27JUN-T2.00,3,insufficient_baseline_history_d16
hormuz_strike_pipeline_shutdown,KXFED-27JUN-T2.00,5,insufficient_baseline_history_d16
hormuz_strike_pipeline_shutdown,KXFED-27JUN-T1.75,1,insufficient_baseline_history_d16
hormuz_strike_pipeline_shutdown,KXFED-27JUN-T1.75,3,insufficient_baseline_history_d16
hormuz_strike_pipeline_shutdown,KXFED-27JUN-T1.75,5,insufficient_baseline_history_d16
hormuz_strike_pipeline_shutdown,KXFED-27JUN-T1.50,1,insufficient_baseline_history_d16
hormuz_strike_pipeline_shutdown,KXFED-27JUN-T1.50,3,insufficient_baseline_history_d16
hormuz_strike_pipeline_shutdown,KXFED-27JUN-T1.50,5,insufficient_baseline_history_d16
hormuz_strike_pipeline_shutdown,KXFED-27JUN-T1.25,1,insufficient_baseline_history_d16
hormuz_strike_pipeline_shutdown,KXFED-27JUN-T1.25,3,insufficient_baseline_history_d16
hormuz_strike_pipeline_shutdown,KXFED-27JUN-T1.25,5,insufficient_baseline_history_d16
hormuz_strike_pipeline_shutdown,KXFED-27JUN-T1.00,1,insufficient_baseline_history_d16
hormuz_strike_pipeline_shutdown,KXFED-27JUN-T1.00,3,insufficient_baseline_history_d16
hormuz_strike_pipeline_shutdown,KXFED-27JUN-T1.00,5,insufficient_baseline_history_d16
hormuz_strike_pipeline_shutdown,KXFED-27JUN-T0.75,1,insufficient_baseline_history_d16
hormuz_strike_pipeline_shutdown,KXFED-27JUN-T0.75,3,insufficient_baseline_history_d16
hormuz_strike_pipeline_shutdown,KXFED-27JUN-T0.75,5,insufficient_baseline_history_d16
hormuz_strike_pipeline_shutdown,KXFED-27JUN-T0.50,1,insufficient_baseline_history_d16
hormuz_strike_pipeline_shutdown,KXFED-27JUN-T0.50,3,insufficient_baseline_history_d16
hormuz_strike_pipeline_shutdown,KXFED-27JUN-T0.50,5,insufficient_baseline_history_d16
hormuz_strike_pipeline_shutdown,KXFED-27JUN-T0.25,1,insufficient_baseline_history_d16
hormuz_strike_pipeline_shutdown,KXFED-27JUN-T0.25,3,insufficient_baseline_history_d16
hormuz_strike_pipeline_shutdown,KXFED-27JUN-T0.25,5,insufficient_baseline_history_d16
hormuz_strike_pipeline_shutdown,KXFED-27JUN-T0.00,1,insufficient_baseline_history_d16
hormuz_strike_pipeline_shutdown,KXFED-27JUN-T0.00,3,insufficient_baseline_history_d16
hormuz_strike_pipeline_shutdown,KXFED-27JUN-T0.00,5,insufficient_baseline_history_d16
hormuz_strike_pipeline_shutdown,KXCPI-26OCT-T0.7,1,insufficient_baseline_history_d16
hormuz_strike_pipeline_shutdown,KXCPI-26OCT-T0.7,3,insufficient_baseline_history_d16
hormuz_strike_pipeline_shutdown,KXCPI-26OCT-T0.7,5,insufficient_baseline_history_d16
hormuz_strike_pipeline_shutdown,KXCPI-26OCT-T0.6,1,insufficient_baseline_history_d16
hormuz_strike_pipeline_shutdown,KXCPI-26OCT-T0.6,3,insufficient_baseline_history_d16
hormuz_strike_pipeline_shutdown,KXCPI-26OCT-T0.6,5,insufficient_baseline_history_d16
hormuz_strike_pipeline_shutdown,KXCPI-26DEC-T0.9,1,insufficient_baseline_history_d16
hormuz_strike_pipeline_shutdown,KXCPI-26DEC-T0.9,3,insufficient_baseline_history_d16
hormuz_strike_pipeline_shutdown,KXCPI-26DEC-T0.9,5,insufficient_baseline_history_d16
hormuz_strike_pipeline_shutdown,KXCPI-26DEC-T0.8,1,insufficient_baseline_history_d16
hormuz_strike_pipeline_shutdown,KXCPI-26DEC-T0.8,3,insufficient_baseline_history_d16
hormuz_strike_pipeline_shutdown,KXCPI-26DEC-T0.8,5,insufficient_baseline_history_d16
hormuz_strike_pipeline_shutdown,KXCPI-26DEC-T0.7,1,insufficient_baseline_history_d16
hormuz_strike_pipeline_shutdown,KXCPI-26DEC-T0.7,3,insufficient_baseline_history_d16
hormuz_strike_pipeline_shutdown,KXCPI-26DEC-T0.7,5,insufficient_baseline_history_d16
hormuz_strike_pipeline_shutdown,KXCPI-26DEC-T0.6,1,insufficient_baseline_history_d16
hormuz_strike_pipeline_shutdown,KXCPI-26DEC-T0.6,3,insufficient_baseline_history_d16
hormuz_strike_pipeline_shutdown,KXCPI-26DEC-T0.6,5,insufficient_baseline_history_d16
hormuz_strike_pipeline_shutdown,KXCPI-26DEC-T0.5,1,insufficient_baseline_history_d16
hormuz_strike_pipeline_shutdown,KXCPI-26DEC-T0.5,3,insufficient_baseline_history_d16
hormuz_strike_pipeline_shutdown,KXCPI-26DEC-T0.5,5,insufficient_baseline_history_d16
hormuz_strike_pipeline_shutdown,KXCPI-26DEC-T0.4,1,insufficient_baseline_history_d16
hormuz_strike_pipeline_shutdown,KXCPI-26DEC-T0.4,3,insufficient_baseline_history_d16
hormuz_strike_pipeline_shutdown,KXCPI-26DEC-T0.4,5,insufficient_baseline_history_d16
hormuz_strike_pipeline_shutdown,KXCPI-26DEC-T0.3,1,insufficient_baseline_history_d16
hormuz_strike_pipeline_shutdown,KXCPI-26DEC-T0.3,3,insufficient_baseline_history_d16
hormuz_strike_pipeline_shutdown,KXCPI-26DEC-T0.3,5,insufficient_baseline_history_d16
hormuz_strike_pipeline_shutdown,KXCPI-26DEC-T0.2,1,insufficient_baseline_history_d16
hormuz_strike_pipeline_shutdown,KXCPI-26DEC-T0.2,3,insufficient_baseline_history_d16
hormuz_strike_pipeline_shutdown,KXCPI-26DEC-T0.2,5,insufficient_baseline_history_d16
hormuz_strike_pipeline_shutdown,KXCPI-26DEC-T0.1,1,insufficient_baseline_history_d16
hormuz_strike_pipeline_shutdown,KXCPI-26DEC-T0.1,3,insufficient_baseline_history_d16
hormuz_strike_pipeline_shutdown,KXCPI-26DEC-T0.1,5,insufficient_baseline_history_d16
hormuz_strike_pipeline_shutdown,KXCPI-26DEC-T-0.1,1,insufficient_baseline_history_d16
hormuz_strike_pipeline_shutdown,KXCPI-26DEC-T-0.1,3,insufficient_baseline_history_d16
hormuz_strike_pipeline_shutdown,KXCPI-26DEC-T-0.1,5,insufficient_baseline_history_d16
hormuz_strike_pipeline_shutdown,KXCPI-26DEC-T0.0,1,insufficient_baseline_history_d16
hormuz_strike_pipeline_shutdown,KXCPI-26DEC-T0.0,3,insufficient_baseline_history_d16
hormuz_strike_pipeline_shutdown,KXCPI-26DEC-T0.0,5,insufficient_baseline_history_d16
hormuz_strike_pipeline_shutdown,KXCPI-26SEP-T0.9,1,insufficient_baseline_history_d16
hormuz_strike_pipeline_shutdown,KXCPI-26SEP-T0.9,3,insufficient_baseline_history_d16
hormuz_strike_pipeline_shutdown,KXCPI-26SEP-T0.9,5,insufficient_baseline_history_d16
hormuz_strike_pipeline_shutdown,KXCPI-26JUL-T-0.4,1,no_window_data
hormuz_strike_pipeline_shutdown,KXCPI-26JUL-T-0.4,3,no_window_data
hormuz_strike_pipeline_shutdown,KXCPI-26JUL-T-0.4,5,no_window_data
hormuz_strike_pipeline_shutdown,KXCPI-26JUL-T-0.3,1,no_window_data
hormuz_strike_pipeline_shutdown,KXCPI-26JUL-T-0.3,3,no_window_data
hormuz_strike_pipeline_shutdown,KXCPI-26JUL-T-0.3,5,no_window_data
hormuz_strike_pipeline_shutdown,KXCPI-26NOV-T0.5,1,no_window_data
hormuz_strike_pipeline_shutdown,KXCPI-26NOV-T0.5,3,no_window_data
hormuz_strike_pipeline_shutdown,KXCPI-26NOV-T0.5,5,no_window_data
hormuz_strike_pipeline_shutdown,KXCPI-26NOV-T0.4,1,no_window_data
hormuz_strike_pipeline_shutdown,KXCPI-26NOV-T0.4,3,no_window_data
hormuz_strike_pipeline_shutdown,KXCPI-26OCT-T0.5,1,no_window_data
hormuz_strike_pipeline_shutdown,KXCPI-26OCT-T0.5,3,no_window_data
hormuz_strike_pipeline_shutdown,KXCPI-26OCT-T0.5,5,no_window_data
hormuz_strike_pipeline_shutdown,KXCPI-26OCT-T-0.1,1,no_window_data
hormuz_strike_pipeline_shutdown,KXCPI-26JUL-T0.5,1,no_window_data
hormuz_strike_pipeline_shutdown,KXCPI-26JUL-T0.5,3,no_window_data
hormuz_strike_pipeline_shutdown,KXCPI-26JUL-T0.5,5,no_window_data
hormuz_strike_pipeline_shutdown,KXCPI-26JUL-T0.4,1,insufficient_baseline_history_d16
hormuz_strike_pipeline_shutdown,KXCPI-26JUL-T0.4,3,insufficient_baseline_history_d16
hormuz_strike_pipeline_shutdown,KXCPI-26JUL-T0.4,5,insufficient_baseline_history_d16
hormuz_strike_pipeline_shutdown,KXCPI-26JUL-T0.1,1,no_window_data
hormuz_strike_pipeline_shutdown,KXCPI-26JUL-T0.1,3,no_window_data
hormuz_strike_pipeline_shutdown,KXCPI-26JUL-T0.1,5,no_window_data
hormuz_strike_pipeline_shutdown,KXCPI-26JUL-T-0.1,1,no_window_data
hormuz_strike_pipeline_shutdown,KXCPI-26JUL-T-0.1,3,no_window_data
hormuz_strike_pipeline_shutdown,KXCPI-26JUL-T-0.1,5,no_window_data
hormuz_strike_pipeline_shutdown,KXCPI-26JUL-T0.0,1,no_window_data
hormuz_strike_pipeline_shutdown,KXCPI-26JUL-T0.0,3,no_window_data
hormuz_strike_pipeline_shutdown,KXCPI-26JUL-T0.0,5,no_window_data
hormuz_strike_pipeline_shutdown,KXCPICORE-26NOV-T1.0,1,insufficient_baseline_history_d16
hormuz_strike_pipeline_shutdown,KXCPICORE-26NOV-T1.0,3,insufficient_baseline_history_d16
hormuz_strike_pipeline_shutdown,KXCPICORE-26NOV-T1.0,5,insufficient_baseline_history_d16
hormuz_strike_pipeline_shutdown,KXCPICORE-26NOV-T0.7,1,insufficient_baseline_history_d16
hormuz_strike_pipeline_shutdown,KXCPICORE-26NOV-T0.7,3,insufficient_baseline_history_d16
hormuz_strike_pipeline_shutdown,KXCPICORE-26NOV-T0.7,5,insufficient_baseline_history_d16
hormuz_strike_pipeline_shutdown,KXCPICORE-26NOV-T0.6,1,insufficient_baseline_history_d16
hormuz_strike_pipeline_shutdown,KXCPICORE-26NOV-T0.6,3,insufficient_baseline_history_d16
hormuz_strike_pipeline_shutdown,KXCPICORE-26NOV-T0.6,5,insufficient_baseline_history_d16
hormuz_strike_pipeline_shutdown,KXCPICORE-26NOV-T0.5,1,insufficient_baseline_history_d16
hormuz_strike_pipeline_shutdown,KXCPICORE-26NOV-T0.5,3,insufficient_baseline_history_d16
hormuz_strike_pipeline_shutdown,KXCPICORE-26NOV-T0.5,5,insufficient_baseline_history_d16
hormuz_strike_pipeline_shutdown,KXCPICORE-26NOV-T0.4,1,insufficient_baseline_history_d16
hormuz_strike_pipeline_shutdown,KXCPICORE-26NOV-T0.4,3,insufficient_baseline_history_d16
hormuz_strike_pipeline_shutdown,KXCPICORE-26NOV-T0.4,5,insufficient_baseline_history_d16
hormuz_strike_pipeline_shutdown,KXCPICORE-26NOV-T0.1,1,no_window_data
hormuz_strike_pipeline_shutdown,KXCPICORE-26OCT-T1.0,1,insufficient_baseline_history_d16
hormuz_strike_pipeline_shutdown,KXCPICORE-26OCT-T1.0,3,insufficient_baseline_history_d16
hormuz_strike_pipeline_shutdown,KXCPICORE-26OCT-T1.0,5,insufficient_baseline_history_d16
hormuz_strike_pipeline_shutdown,KXCPICORE-26OCT-T0.8,1,insufficient_baseline_history_d16
hormuz_strike_pipeline_shutdown,KXCPICORE-26OCT-T0.8,3,insufficient_baseline_history_d16
hormuz_strike_pipeline_shutdown,KXCPICORE-26OCT-T0.8,5,insufficient_baseline_history_d16
hormuz_strike_pipeline_shutdown,KXCPICORE-26OCT-T0.7,1,insufficient_baseline_history_d16
hormuz_strike_pipeline_shutdown,KXCPICORE-26OCT-T0.7,3,insufficient_baseline_history_d16
hormuz_strike_pipeline_shutdown,KXCPICORE-26OCT-T0.7,5,insufficient_baseline_history_d16
hormuz_strike_pipeline_shutdown,KXCPICORE-26OCT-T0.6,1,insufficient_baseline_history_d16
hormuz_strike_pipeline_shutdown,KXCPICORE-26OCT-T0.6,3,insufficient_baseline_history_d16
hormuz_strike_pipeline_shutdown,KXCPICORE-26OCT-T0.6,5,insufficient_baseline_history_d16
hormuz_strike_pipeline_shutdown,KXCPICORE-26OCT-T0.4,1,insufficient_baseline_history_d16
hormuz_strike_pipeline_shutdown,KXCPICORE-26OCT-T0.4,3,insufficient_baseline_history_d16
hormuz_strike_pipeline_shutdown,KXCPICORE-26OCT-T0.4,5,insufficient_baseline_history_d16
hormuz_strike_pipeline_shutdown,KXCPICORE-26OCT-T0.0,1,no_window_data
hormuz_strike_pipeline_shutdown,KXCPICORE-26SEP-T0.9,1,insufficient_baseline_history_d16
hormuz_strike_pipeline_shutdown,KXCPICORE-26SEP-T0.9,3,insufficient_baseline_history_d16
hormuz_strike_pipeline_shutdown,KXCPICORE-26SEP-T0.9,5,insufficient_baseline_history_d16
hormuz_strike_pipeline_shutdown,KXCPICORE-26SEP-T0.6,1,insufficient_baseline_history_d16
hormuz_strike_pipeline_shutdown,KXCPICORE-26SEP-T0.6,3,insufficient_baseline_history_d16
hormuz_strike_pipeline_shutdown,KXCPICORE-26SEP-T0.6,5,insufficient_baseline_history_d16
hormuz_strike_pipeline_shutdown,KXCPICORE-26SEP-T0.5,1,insufficient_baseline_history_d16
hormuz_strike_pipeline_shutdown,KXCPICORE-26SEP-T0.5,3,insufficient_baseline_history_d16
hormuz_strike_pipeline_shutdown,KXCPICORE-26SEP-T0.5,5,insufficient_baseline_history_d16
hormuz_strike_pipeline_shutdown,KXCPICORE-26SEP-T0.4,1,insufficient_baseline_history_d16
hormuz_strike_pipeline_shutdown,KXCPICORE-26SEP-T0.4,3,insufficient_baseline_history_d16
hormuz_strike_pipeline_shutdown,KXCPICORE-26SEP-T0.4,5,insufficient_baseline_history_d16
hormuz_strike_pipeline_shutdown,KXCPICORE-26SEP-T0.3,1,insufficient_baseline_history_d16
hormuz_strike_pipeline_shutdown,KXCPICORE-26SEP-T0.3,3,insufficient_baseline_history_d16
hormuz_strike_pipeline_shutdown,KXCPICORE-26SEP-T0.3,5,insufficient_baseline_history_d16
hormuz_strike_pipeline_shutdown,KXCPICORE-26AUG-T0.8,1,insufficient_baseline_history_d16
hormuz_strike_pipeline_shutdown,KXCPICORE-26AUG-T0.8,3,insufficient_baseline_history_d16
hormuz_strike_pipeline_shutdown,KXCPICORE-26AUG-T0.8,5,insufficient_baseline_history_d16
hormuz_strike_pipeline_shutdown,KXCPICORE-26AUG-T0.7,1,insufficient_baseline_history_d16
hormuz_strike_pipeline_shutdown,KXCPICORE-26AUG-T0.7,3,insufficient_baseline_history_d16
hormuz_strike_pipeline_shutdown,KXCPICORE-26AUG-T0.7,5,insufficient_baseline_history_d16
hormuz_strike_pipeline_shutdown,KXCPICORE-26AUG-T0.6,1,insufficient_baseline_history_d16
hormuz_strike_pipeline_shutdown,KXCPICORE-26AUG-T0.6,3,insufficient_baseline_history_d16
hormuz_strike_pipeline_shutdown,KXCPICORE-26AUG-T0.6,5,insufficient_baseline_history_d16
hormuz_strike_pipeline_shutdown,KXCPICORE-26JUL-T0.8,1,insufficient_baseline_history_d16
hormuz_strike_pipeline_shutdown,KXCPICORE-26JUL-T0.8,3,insufficient_baseline_history_d16
hormuz_strike_pipeline_shutdown,KXCPICORE-26JUL-T0.8,5,insufficient_baseline_history_d16
hormuz_strike_pipeline_shutdown,KXCPICORE-26JUL-T0.5,1,no_window_data
hormuz_strike_pipeline_shutdown,KXCPICORE-26JUL-T0.5,3,no_window_data
hormuz_strike_pipeline_shutdown,KXCPICORE-26JUL-T0.5,5,no_window_data
hormuz_strike_pipeline_shutdown,KXCPICORE-26JUL-T0.3,1,no_window_data
hormuz_strike_pipeline_shutdown,KXCPICORE-26JUL-T0.3,3,no_window_data
hormuz_strike_pipeline_shutdown,KXCPICORE-26JUL-T0.3,5,no_window_data
hormuz_strike_pipeline_shutdown,KXCPICORE-26JUL-T0.2,1,no_window_data
hormuz_strike_pipeline_shutdown,KXCPICORE-26JUL-T0.2,3,no_window_data
hormuz_strike_pipeline_shutdown,KXCPICORE-26JUL-T0.2,5,no_window_data
hormuz_strike_pipeline_shutdown,KXCPICORE-26JUL-T0.1,1,no_window_data
hormuz_strike_pipeline_shutdown,KXCPICORE-26JUL-T0.1,3,no_window_data
hormuz_strike_pipeline_shutdown,KXCPICORE-26JUL-T0.1,5,no_window_data
hormuz_strike_pipeline_shutdown,KXCPICORE-26JUL-T0.0,1,no_window_data
hormuz_strike_pipeline_shutdown,KXCPICORE-26JUL-T0.0,3,no_window_data
hormuz_strike_pipeline_shutdown,KXCPICORE-26JUL-T0.0,5,no_window_data
hormuz_strike_pipeline_shutdown,KXFED-27APR-T6.00,1,insufficient_baseline_history_d16
hormuz_strike_pipeline_shutdown,KXFED-27APR-T6.00,3,insufficient_baseline_history_d16
hormuz_strike_pipeline_shutdown,KXFED-27APR-T6.00,5,insufficient_baseline_history_d16
hormuz_strike_pipeline_shutdown,KXFED-27APR-T5.00,1,insufficient_baseline_history_d16
hormuz_strike_pipeline_shutdown,KXFED-27APR-T5.00,3,insufficient_baseline_history_d16
hormuz_strike_pipeline_shutdown,KXFED-27APR-T5.00,5,insufficient_baseline_history_d16
hormuz_strike_pipeline_shutdown,KXFED-27APR-T4.75,1,insufficient_baseline_history_d16
hormuz_strike_pipeline_shutdown,KXFED-27APR-T4.75,3,insufficient_baseline_history_d16
hormuz_strike_pipeline_shutdown,KXFED-27APR-T4.75,5,insufficient_baseline_history_d16
hormuz_strike_pipeline_shutdown,KXFED-27MAR-T5.25,1,insufficient_baseline_history_d16
hormuz_strike_pipeline_shutdown,KXFED-27MAR-T5.25,3,insufficient_baseline_history_d16
hormuz_strike_pipeline_shutdown,KXFED-27MAR-T5.25,5,insufficient_baseline_history_d16
hormuz_strike_pipeline_shutdown,KXFED-27MAR-T5.00,1,insufficient_baseline_history_d16
hormuz_strike_pipeline_shutdown,KXFED-27MAR-T5.00,3,insufficient_baseline_history_d16
hormuz_strike_pipeline_shutdown,KXFED-27MAR-T5.00,5,insufficient_baseline_history_d16
hormuz_strike_pipeline_shutdown,KXFED-27JAN-T6.00,1,insufficient_baseline_history_d16
hormuz_strike_pipeline_shutdown,KXFED-27JAN-T6.00,3,insufficient_baseline_history_d16
hormuz_strike_pipeline_shutdown,KXFED-27JAN-T6.00,5,insufficient_baseline_history_d16
hormuz_strike_pipeline_shutdown,KXFED-27JAN-T5.50,1,insufficient_baseline_history_d16
hormuz_strike_pipeline_shutdown,KXFED-27JAN-T5.50,3,insufficient_baseline_history_d16
hormuz_strike_pipeline_shutdown,KXFED-27JAN-T5.50,5,insufficient_baseline_history_d16
hormuz_strike_pipeline_shutdown,KXFED-28JAN-T6.00,1,insufficient_baseline_history_d16
hormuz_strike_pipeline_shutdown,KXFED-28JAN-T6.00,3,insufficient_baseline_history_d16
hormuz_strike_pipeline_shutdown,KXFED-28JAN-T6.00,5,insufficient_baseline_history_d16
hormuz_strike_pipeline_shutdown,KXFED-28JAN-T5.75,1,insufficient_baseline_history_d16
hormuz_strike_pipeline_shutdown,KXFED-28JAN-T5.75,3,insufficient_baseline_history_d16
hormuz_strike_pipeline_shutdown,KXFED-28JAN-T5.75,5,insufficient_baseline_history_d16
hormuz_strike_pipeline_shutdown,KXFED-28JAN-T5.00,1,insufficient_baseline_history_d16
hormuz_strike_pipeline_shutdown,KXFED-28JAN-T5.00,3,insufficient_baseline_history_d16
hormuz_strike_pipeline_shutdown,KXFED-28JAN-T5.00,5,insufficient_baseline_history_d16
hormuz_strike_pipeline_shutdown,KXFED-28JAN-T2.25,1,insufficient_baseline_history_d16
hormuz_strike_pipeline_shutdown,KXFED-28JAN-T2.25,3,insufficient_baseline_history_d16
hormuz_strike_pipeline_shutdown,KXFED-28JAN-T2.25,5,insufficient_baseline_history_d16
hormuz_strike_pipeline_shutdown,KXFED-28JAN-T0.75,1,insufficient_baseline_history_d16
hormuz_strike_pipeline_shutdown,KXFED-28JAN-T0.75,3,insufficient_baseline_history_d16
hormuz_strike_pipeline_shutdown,KXFED-28JAN-T0.75,5,insufficient_baseline_history_d16
hormuz_strike_pipeline_shutdown,KXFED-28JAN-T0.50,1,insufficient_baseline_history_d16
hormuz_strike_pipeline_shutdown,KXFED-28JAN-T0.50,3,insufficient_baseline_history_d16
hormuz_strike_pipeline_shutdown,KXFED-28JAN-T0.50,5,insufficient_baseline_history_d16
hormuz_strike_pipeline_shutdown,KXFED-27DEC-T4.75,1,insufficient_baseline_history_d16
hormuz_strike_pipeline_shutdown,KXFED-27DEC-T4.75,3,insufficient_baseline_history_d16
hormuz_strike_pipeline_shutdown,KXFED-27DEC-T4.75,5,insufficient_baseline_history_d16
hormuz_strike_pipeline_shutdown,KXFED-27DEC-T2.00,1,insufficient_baseline_history_d16
hormuz_strike_pipeline_shutdown,KXFED-27DEC-T2.00,3,insufficient_baseline_history_d16
hormuz_strike_pipeline_shutdown,KXFED-27DEC-T2.00,5,insufficient_baseline_history_d16
hormuz_strike_pipeline_shutdown,KXFED-27DEC-T1.00,1,insufficient_baseline_history_d16
hormuz_strike_pipeline_shutdown,KXFED-27DEC-T1.00,3,insufficient_baseline_history_d16
hormuz_strike_pipeline_shutdown,KXFED-27DEC-T1.00,5,insufficient_baseline_history_d16
hormuz_strike_pipeline_shutdown,KXFED-27OCT-T5.75,1,insufficient_baseline_history_d16
hormuz_strike_pipeline_shutdown,KXFED-27OCT-T5.75,3,insufficient_baseline_history_d16
hormuz_strike_pipeline_shutdown,KXFED-27OCT-T5.75,5,insufficient_baseline_history_d16
hormuz_strike_pipeline_shutdown,KXFED-27OCT-T5.25,1,insufficient_baseline_history_d16
hormuz_strike_pipeline_shutdown,KXFED-27OCT-T5.25,3,insufficient_baseline_history_d16
hormuz_strike_pipeline_shutdown,KXFED-27OCT-T5.25,5,insufficient_baseline_history_d16
hormuz_strike_pipeline_shutdown,KXFED-27OCT-T2.00,1,insufficient_baseline_history_d16
hormuz_strike_pipeline_shutdown,KXFED-27OCT-T2.00,3,insufficient_baseline_history_d16
hormuz_strike_pipeline_shutdown,KXFED-27OCT-T2.00,5,insufficient_baseline_history_d16
hormuz_strike_pipeline_shutdown,KXFED-27OCT-T1.75,1,insufficient_baseline_history_d16
hormuz_strike_pipeline_shutdown,KXFED-27OCT-T1.75,3,insufficient_baseline_history_d16
hormuz_strike_pipeline_shutdown,KXFED-27OCT-T1.75,5,insufficient_baseline_history_d16
hormuz_strike_pipeline_shutdown,KXFED-27OCT-T1.50,1,insufficient_baseline_history_d16
hormuz_strike_pipeline_shutdown,KXFED-27OCT-T1.50,3,insufficient_baseline_history_d16
hormuz_strike_pipeline_shutdown,KXFED-27OCT-T1.50,5,insufficient_baseline_history_d16
hormuz_strike_pipeline_shutdown,KXFED-27OCT-T1.00,1,insufficient_baseline_history_d16
hormuz_strike_pipeline_shutdown,KXFED-27OCT-T1.00,3,insufficient_baseline_history_d16
hormuz_strike_pipeline_shutdown,KXFED-27OCT-T1.00,5,insufficient_baseline_history_d16
hormuz_strike_pipeline_shutdown,KXFED-27OCT-T0.00,1,insufficient_baseline_history_d16
hormuz_strike_pipeline_shutdown,KXFED-27OCT-T0.00,3,insufficient_baseline_history_d16
hormuz_strike_pipeline_shutdown,KXFED-27OCT-T0.00,5,insufficient_baseline_history_d16
hormuz_strike_pipeline_shutdown,KXFED-27SEP-T3.75,1,insufficient_baseline_history_d16
hormuz_strike_pipeline_shutdown,KXFED-27SEP-T3.75,3,insufficient_baseline_history_d16
hormuz_strike_pipeline_shutdown,KXFED-27SEP-T3.75,5,insufficient_baseline_history_d16
hormuz_strike_pipeline_shutdown,KXFED-27SEP-T3.00,1,insufficient_baseline_history_d16
hormuz_strike_pipeline_shutdown,KXFED-27SEP-T3.00,3,insufficient_baseline_history_d16
hormuz_strike_pipeline_shutdown,KXFED-27SEP-T3.00,5,insufficient_baseline_history_d16
hormuz_strike_pipeline_shutdown,KXFED-27SEP-T2.00,1,insufficient_baseline_history_d16
hormuz_strike_pipeline_shutdown,KXFED-27SEP-T2.00,3,insufficient_baseline_history_d16
hormuz_strike_pipeline_shutdown,KXFED-27SEP-T2.00,5,insufficient_baseline_history_d16
hormuz_strike_pipeline_shutdown,KXFED-27SEP-T0.75,1,insufficient_baseline_history_d16
hormuz_strike_pipeline_shutdown,KXFED-27SEP-T0.75,3,insufficient_baseline_history_d16
hormuz_strike_pipeline_shutdown,KXFED-27SEP-T0.75,5,insufficient_baseline_history_d16
hormuz_strike_pipeline_shutdown,KXFED-27JUL-T3.25,1,insufficient_baseline_history_d16
hormuz_strike_pipeline_shutdown,KXFED-27JUL-T3.25,3,insufficient_baseline_history_d16
hormuz_strike_pipeline_shutdown,KXFED-27JUL-T3.25,5,insufficient_baseline_history_d16
hormuz_strike_pipeline_shutdown,KXFED-27JUL-T2.00,1,insufficient_baseline_history_d16
hormuz_strike_pipeline_shutdown,KXFED-27JUL-T2.00,3,insufficient_baseline_history_d16
hormuz_strike_pipeline_shutdown,KXFED-27JUL-T2.00,5,insufficient_baseline_history_d16
hormuz_strike_pipeline_shutdown,KXFED-27JUL-T1.25,1,insufficient_baseline_history_d16
hormuz_strike_pipeline_shutdown,KXFED-27JUL-T1.25,3,insufficient_baseline_history_d16
hormuz_strike_pipeline_shutdown,KXFED-27JUL-T1.25,5,insufficient_baseline_history_d16
hormuz_strike_pipeline_shutdown,KXFED-27JUL-T0.25,1,insufficient_baseline_history_d16
hormuz_strike_pipeline_shutdown,KXFED-27JUL-T0.25,3,insufficient_baseline_history_d16
hormuz_strike_pipeline_shutdown,KXFED-27JUL-T0.25,5,insufficient_baseline_history_d16
hormuz_strike_pipeline_shutdown,KXFED-27JUN-T5.50,1,insufficient_baseline_history_d16
hormuz_strike_pipeline_shutdown,KXFED-27JUN-T5.50,3,insufficient_baseline_history_d16
hormuz_strike_pipeline_shutdown,KXFED-27JUN-T5.50,5,insufficient_baseline_history_d16
hormuz_strike_pipeline_shutdown,KXFED-27JUN-T2.25,1,insufficient_baseline_history_d16
hormuz_strike_pipeline_shutdown,KXFED-27JUN-T2.25,3,insufficient_baseline_history_d16
hormuz_strike_pipeline_shutdown,KXFED-27JUN-T2.25,5,insufficient_baseline_history_d16
hormuz_strike_pipeline_shutdown,KXFED-26DEC-T5.25,1,insufficient_baseline_history_d16
hormuz_strike_pipeline_shutdown,KXFED-26DEC-T5.25,3,insufficient_baseline_history_d16
hormuz_strike_pipeline_shutdown,KXFED-26DEC-T5.25,5,insufficient_baseline_history_d16
hormuz_strike_pipeline_shutdown,KXFED-26DEC-T5.00,1,insufficient_baseline_history_d16
hormuz_strike_pipeline_shutdown,KXFED-26DEC-T5.00,3,insufficient_baseline_history_d16
hormuz_strike_pipeline_shutdown,KXFED-26DEC-T5.00,5,insufficient_baseline_history_d16
hormuz_strike_pipeline_shutdown,KXFED-26DEC-T4.75,1,no_window_data
hormuz_strike_pipeline_shutdown,KXFED-26DEC-T4.50,1,no_window_data
hormuz_strike_pipeline_shutdown,KXFED-26OCT-T5.25,1,insufficient_baseline_history_d16
hormuz_strike_pipeline_shutdown,KXFED-26OCT-T5.25,3,insufficient_baseline_history_d16
hormuz_strike_pipeline_shutdown,KXFED-26OCT-T5.25,5,insufficient_baseline_history_d16
hormuz_strike_pipeline_shutdown,KXFED-26OCT-T5.00,1,insufficient_baseline_history_d16
hormuz_strike_pipeline_shutdown,KXFED-26OCT-T5.00,3,insufficient_baseline_history_d16
hormuz_strike_pipeline_shutdown,KXFED-26OCT-T5.00,5,insufficient_baseline_history_d16
hormuz_strike_pipeline_shutdown,KXFED-26OCT-T2.75,1,no_window_data
hormuz_strike_pipeline_shutdown,KXFED-26SEP-T5.25,1,insufficient_baseline_history_d16
hormuz_strike_pipeline_shutdown,KXFED-26SEP-T5.25,3,insufficient_baseline_history_d16
hormuz_strike_pipeline_shutdown,KXFED-26SEP-T5.25,5,insufficient_baseline_history_d16
hormuz_strike_pipeline_shutdown,KXFED-26SEP-T5.00,1,insufficient_baseline_history_d16
hormuz_strike_pipeline_shutdown,KXFED-26SEP-T5.00,3,insufficient_baseline_history_d16
hormuz_strike_pipeline_shutdown,KXFED-26SEP-T5.00,5,insufficient_baseline_history_d16
hormuz_strike_pipeline_shutdown,KXFED-26SEP-T3.25,1,no_window_data
hormuz_strike_pipeline_shutdown,KXFED-26SEP-T3.00,1,no_window_data
tariff_eu_threat,KXFED-27APR-T6.00,1,insufficient_baseline_history_d16
tariff_eu_threat,KXFED-27APR-T6.00,3,insufficient_baseline_history_d16
tariff_eu_threat,KXFED-27APR-T6.00,5,insufficient_baseline_history_d16
tariff_eu_threat,KXFED-27APR-T5.75,1,insufficient_baseline_history_d16
tariff_eu_threat,KXFED-27APR-T5.75,3,insufficient_baseline_history_d16
tariff_eu_threat,KXFED-27APR-T5.75,5,insufficient_baseline_history_d16
tariff_eu_threat,KXFED-27APR-T5.50,1,insufficient_baseline_history_d16
tariff_eu_threat,KXFED-27APR-T5.50,3,insufficient_baseline_history_d16
tariff_eu_threat,KXFED-27APR-T5.50,5,insufficient_baseline_history_d16
tariff_eu_threat,KXFED-27APR-T5.25,1,insufficient_baseline_history_d16
tariff_eu_threat,KXFED-27APR-T5.25,3,insufficient_baseline_history_d16
tariff_eu_threat,KXFED-27APR-T5.25,5,insufficient_baseline_history_d16
tariff_eu_threat,KXFED-27APR-T5.00,1,insufficient_baseline_history_d16
tariff_eu_threat,KXFED-27APR-T5.00,3,insufficient_baseline_history_d16
tariff_eu_threat,KXFED-27APR-T5.00,5,insufficient_baseline_history_d16
tariff_eu_threat,KXFED-27APR-T4.75,1,insufficient_baseline_history_d16
tariff_eu_threat,KXFED-27APR-T4.75,3,insufficient_baseline_history_d16
tariff_eu_threat,KXFED-27APR-T4.75,5,insufficient_baseline_history_d16
tariff_eu_threat,KXFED-27APR-T4.50,1,insufficient_baseline_history_d16
tariff_eu_threat,KXFED-27APR-T4.50,3,insufficient_baseline_history_d16
tariff_eu_threat,KXFED-27APR-T4.50,5,insufficient_baseline_history_d16
tariff_eu_threat,KXFED-27MAR-T5.75,1,insufficient_baseline_history_d16
tariff_eu_threat,KXFED-27MAR-T5.75,3,insufficient_baseline_history_d16
tariff_eu_threat,KXFED-27MAR-T5.75,5,insufficient_baseline_history_d16
tariff_eu_threat,KXFED-27MAR-T5.50,1,insufficient_baseline_history_d16
tariff_eu_threat,KXFED-27MAR-T5.50,3,insufficient_baseline_history_d16
tariff_eu_threat,KXFED-27MAR-T5.50,5,insufficient_baseline_history_d16
tariff_eu_threat,KXFED-27MAR-T5.25,1,insufficient_baseline_history_d16
tariff_eu_threat,KXFED-27MAR-T5.25,3,insufficient_baseline_history_d16
tariff_eu_threat,KXFED-27MAR-T5.25,5,insufficient_baseline_history_d16
tariff_eu_threat,KXFED-27MAR-T5.00,1,insufficient_baseline_history_d16
tariff_eu_threat,KXFED-27MAR-T5.00,3,insufficient_baseline_history_d16
tariff_eu_threat,KXFED-27MAR-T5.00,5,insufficient_baseline_history_d16
tariff_eu_threat,KXFED-27MAR-T4.75,1,insufficient_baseline_history_d16
tariff_eu_threat,KXFED-27MAR-T4.75,3,insufficient_baseline_history_d16
tariff_eu_threat,KXFED-27MAR-T4.75,5,insufficient_baseline_history_d16
tariff_eu_threat,KXFED-27MAR-T4.50,1,insufficient_baseline_history_d16
tariff_eu_threat,KXFED-27MAR-T4.50,3,insufficient_baseline_history_d16
tariff_eu_threat,KXFED-27MAR-T4.50,5,insufficient_baseline_history_d16
tariff_eu_threat,KXFED-27JAN-T5.75,1,insufficient_baseline_history_d16
tariff_eu_threat,KXFED-27JAN-T5.75,3,insufficient_baseline_history_d16
tariff_eu_threat,KXFED-27JAN-T5.75,5,insufficient_baseline_history_d16
tariff_eu_threat,KXFED-27JAN-T5.50,1,insufficient_baseline_history_d16
tariff_eu_threat,KXFED-27JAN-T5.50,3,insufficient_baseline_history_d16
tariff_eu_threat,KXFED-27JAN-T5.50,5,insufficient_baseline_history_d16
tariff_eu_threat,KXFED-27JAN-T5.25,1,insufficient_baseline_history_d16
tariff_eu_threat,KXFED-27JAN-T5.25,3,insufficient_baseline_history_d16
tariff_eu_threat,KXFED-27JAN-T5.25,5,insufficient_baseline_history_d16
tariff_eu_threat,KXFED-27JAN-T5.00,1,insufficient_baseline_history_d16
tariff_eu_threat,KXFED-27JAN-T5.00,3,insufficient_baseline_history_d16
tariff_eu_threat,KXFED-27JAN-T5.00,5,insufficient_baseline_history_d16
tariff_eu_threat,KXFED-27JAN-T4.75,1,insufficient_baseline_history_d16
tariff_eu_threat,KXFED-27JAN-T4.75,3,insufficient_baseline_history_d16
tariff_eu_threat,KXFED-27JAN-T4.75,5,insufficient_baseline_history_d16
tariff_eu_threat,KXFED-27JAN-T4.50,1,insufficient_baseline_history_d16
tariff_eu_threat,KXFED-27JAN-T4.50,3,insufficient_baseline_history_d16
tariff_eu_threat,KXFED-27JAN-T4.50,5,insufficient_baseline_history_d16
tariff_eu_threat,KXFED-28JAN-T6.00,1,insufficient_baseline_history_d16
tariff_eu_threat,KXFED-28JAN-T6.00,3,insufficient_baseline_history_d16
tariff_eu_threat,KXFED-28JAN-T6.00,5,insufficient_baseline_history_d16
tariff_eu_threat,KXFED-28JAN-T5.75,1,insufficient_baseline_history_d16
tariff_eu_threat,KXFED-28JAN-T5.75,3,insufficient_baseline_history_d16
tariff_eu_threat,KXFED-28JAN-T5.75,5,insufficient_baseline_history_d16
tariff_eu_threat,KXFED-28JAN-T5.50,1,insufficient_baseline_history_d16
tariff_eu_threat,KXFED-28JAN-T5.50,3,insufficient_baseline_history_d16
tariff_eu_threat,KXFED-28JAN-T5.50,5,insufficient_baseline_history_d16
tariff_eu_threat,KXFED-28JAN-T5.25,1,insufficient_baseline_history_d16
tariff_eu_threat,KXFED-28JAN-T5.25,3,insufficient_baseline_history_d16
tariff_eu_threat,KXFED-28JAN-T5.25,5,insufficient_baseline_history_d16
tariff_eu_threat,KXFED-28JAN-T5.00,1,insufficient_baseline_history_d16
tariff_eu_threat,KXFED-28JAN-T5.00,3,insufficient_baseline_history_d16
tariff_eu_threat,KXFED-28JAN-T5.00,5,insufficient_baseline_history_d16
tariff_eu_threat,KXFED-28JAN-T4.75,1,insufficient_baseline_history_d16
tariff_eu_threat,KXFED-28JAN-T4.75,3,insufficient_baseline_history_d16
tariff_eu_threat,KXFED-28JAN-T4.75,5,insufficient_baseline_history_d16
tariff_eu_threat,KXFED-28JAN-T4.50,1,insufficient_baseline_history_d16
tariff_eu_threat,KXFED-28JAN-T4.50,3,insufficient_baseline_history_d16
tariff_eu_threat,KXFED-28JAN-T4.50,5,insufficient_baseline_history_d16
tariff_eu_threat,KXFED-28JAN-T4.25,1,insufficient_baseline_history_d16
tariff_eu_threat,KXFED-28JAN-T4.25,3,insufficient_baseline_history_d16
tariff_eu_threat,KXFED-28JAN-T4.25,5,insufficient_baseline_history_d16
tariff_eu_threat,KXFED-28JAN-T4.00,1,insufficient_baseline_history_d16
tariff_eu_threat,KXFED-28JAN-T4.00,3,insufficient_baseline_history_d16
tariff_eu_threat,KXFED-28JAN-T4.00,5,insufficient_baseline_history_d16
tariff_eu_threat,KXFED-28JAN-T3.75,1,insufficient_baseline_history_d16
tariff_eu_threat,KXFED-28JAN-T3.75,3,insufficient_baseline_history_d16
tariff_eu_threat,KXFED-28JAN-T3.75,5,insufficient_baseline_history_d16
tariff_eu_threat,KXFED-28JAN-T3.50,1,insufficient_baseline_history_d16
tariff_eu_threat,KXFED-28JAN-T3.50,3,insufficient_baseline_history_d16
tariff_eu_threat,KXFED-28JAN-T3.50,5,insufficient_baseline_history_d16
tariff_eu_threat,KXFED-28JAN-T3.25,1,insufficient_baseline_history_d16
tariff_eu_threat,KXFED-28JAN-T3.25,3,insufficient_baseline_history_d16
tariff_eu_threat,KXFED-28JAN-T3.25,5,insufficient_baseline_history_d16
tariff_eu_threat,KXFED-28JAN-T3.00,1,insufficient_baseline_history_d16
tariff_eu_threat,KXFED-28JAN-T3.00,3,insufficient_baseline_history_d16
tariff_eu_threat,KXFED-28JAN-T3.00,5,insufficient_baseline_history_d16
tariff_eu_threat,KXFED-28JAN-T2.75,1,insufficient_baseline_history_d16
tariff_eu_threat,KXFED-28JAN-T2.75,3,insufficient_baseline_history_d16
tariff_eu_threat,KXFED-28JAN-T2.75,5,insufficient_baseline_history_d16
tariff_eu_threat,KXFED-28JAN-T2.50,1,insufficient_baseline_history_d16
tariff_eu_threat,KXFED-28JAN-T2.50,3,insufficient_baseline_history_d16
tariff_eu_threat,KXFED-28JAN-T2.50,5,insufficient_baseline_history_d16
tariff_eu_threat,KXFED-28JAN-T2.25,1,insufficient_baseline_history_d16
tariff_eu_threat,KXFED-28JAN-T2.25,3,insufficient_baseline_history_d16
tariff_eu_threat,KXFED-28JAN-T2.25,5,insufficient_baseline_history_d16
tariff_eu_threat,KXFED-28JAN-T2.00,1,insufficient_baseline_history_d16
tariff_eu_threat,KXFED-28JAN-T2.00,3,insufficient_baseline_history_d16
tariff_eu_threat,KXFED-28JAN-T2.00,5,insufficient_baseline_history_d16
tariff_eu_threat,KXFED-28JAN-T1.25,1,insufficient_baseline_history_d16
tariff_eu_threat,KXFED-28JAN-T1.25,3,insufficient_baseline_history_d16
tariff_eu_threat,KXFED-28JAN-T1.25,5,insufficient_baseline_history_d16
tariff_eu_threat,KXFED-28JAN-T1.00,1,insufficient_baseline_history_d16
tariff_eu_threat,KXFED-28JAN-T1.00,3,insufficient_baseline_history_d16
tariff_eu_threat,KXFED-28JAN-T1.00,5,insufficient_baseline_history_d16
tariff_eu_threat,KXFED-28JAN-T0.75,1,insufficient_baseline_history_d16
tariff_eu_threat,KXFED-28JAN-T0.75,3,insufficient_baseline_history_d16
tariff_eu_threat,KXFED-28JAN-T0.75,5,insufficient_baseline_history_d16
tariff_eu_threat,KXFED-28JAN-T0.50,1,insufficient_baseline_history_d16
tariff_eu_threat,KXFED-28JAN-T0.50,3,insufficient_baseline_history_d16
tariff_eu_threat,KXFED-28JAN-T0.50,5,insufficient_baseline_history_d16
tariff_eu_threat,KXFED-28JAN-T0.00,1,insufficient_baseline_history_d16
tariff_eu_threat,KXFED-28JAN-T0.00,3,insufficient_baseline_history_d16
tariff_eu_threat,KXFED-28JAN-T0.00,5,insufficient_baseline_history_d16
tariff_eu_threat,KXFED-27DEC-T6.00,1,insufficient_baseline_history_d16
tariff_eu_threat,KXFED-27DEC-T6.00,3,insufficient_baseline_history_d16
tariff_eu_threat,KXFED-27DEC-T6.00,5,insufficient_baseline_history_d16
tariff_eu_threat,KXFED-27DEC-T5.75,1,insufficient_baseline_history_d16
tariff_eu_threat,KXFED-27DEC-T5.75,3,insufficient_baseline_history_d16
tariff_eu_threat,KXFED-27DEC-T5.75,5,insufficient_baseline_history_d16
tariff_eu_threat,KXFED-27DEC-T5.25,1,insufficient_baseline_history_d16
tariff_eu_threat,KXFED-27DEC-T5.25,3,insufficient_baseline_history_d16
tariff_eu_threat,KXFED-27DEC-T5.25,5,insufficient_baseline_history_d16
tariff_eu_threat,KXFED-27DEC-T5.00,1,insufficient_baseline_history_d16
tariff_eu_threat,KXFED-27DEC-T5.00,3,insufficient_baseline_history_d16
tariff_eu_threat,KXFED-27DEC-T5.00,5,insufficient_baseline_history_d16
tariff_eu_threat,KXFED-27DEC-T4.75,1,insufficient_baseline_history_d16
tariff_eu_threat,KXFED-27DEC-T4.75,3,insufficient_baseline_history_d16
tariff_eu_threat,KXFED-27DEC-T4.75,5,insufficient_baseline_history_d16
tariff_eu_threat,KXFED-27DEC-T4.50,1,insufficient_baseline_history_d16
tariff_eu_threat,KXFED-27DEC-T4.50,3,insufficient_baseline_history_d16
tariff_eu_threat,KXFED-27DEC-T4.50,5,insufficient_baseline_history_d16
tariff_eu_threat,KXFED-27DEC-T4.00,1,insufficient_baseline_history_d16
tariff_eu_threat,KXFED-27DEC-T4.00,3,insufficient_baseline_history_d16
tariff_eu_threat,KXFED-27DEC-T4.00,5,insufficient_baseline_history_d16
tariff_eu_threat,KXFED-27DEC-T3.75,1,insufficient_baseline_history_d16
tariff_eu_threat,KXFED-27DEC-T3.75,3,insufficient_baseline_history_d16
tariff_eu_threat,KXFED-27DEC-T3.75,5,insufficient_baseline_history_d16
tariff_eu_threat,KXFED-27DEC-T3.25,1,insufficient_baseline_history_d16
tariff_eu_threat,KXFED-27DEC-T3.25,3,insufficient_baseline_history_d16
tariff_eu_threat,KXFED-27DEC-T3.25,5,insufficient_baseline_history_d16
tariff_eu_threat,KXFED-27DEC-T3.00,1,insufficient_baseline_history_d16
tariff_eu_threat,KXFED-27DEC-T3.00,3,insufficient_baseline_history_d16
tariff_eu_threat,KXFED-27DEC-T3.00,5,insufficient_baseline_history_d16
tariff_eu_threat,KXFED-27DEC-T2.75,1,insufficient_baseline_history_d16
tariff_eu_threat,KXFED-27DEC-T2.75,3,insufficient_baseline_history_d16
tariff_eu_threat,KXFED-27DEC-T2.75,5,insufficient_baseline_history_d16
tariff_eu_threat,KXFED-27DEC-T2.50,1,insufficient_baseline_history_d16
tariff_eu_threat,KXFED-27DEC-T2.50,3,insufficient_baseline_history_d16
tariff_eu_threat,KXFED-27DEC-T2.50,5,insufficient_baseline_history_d16
tariff_eu_threat,KXFED-27DEC-T2.25,1,insufficient_baseline_history_d16
tariff_eu_threat,KXFED-27DEC-T2.25,3,insufficient_baseline_history_d16
tariff_eu_threat,KXFED-27DEC-T2.25,5,insufficient_baseline_history_d16
tariff_eu_threat,KXFED-27DEC-T1.50,1,insufficient_baseline_history_d16
tariff_eu_threat,KXFED-27DEC-T1.50,3,insufficient_baseline_history_d16
tariff_eu_threat,KXFED-27DEC-T1.50,5,insufficient_baseline_history_d16
tariff_eu_threat,KXFED-27DEC-T1.25,1,insufficient_baseline_history_d16
tariff_eu_threat,KXFED-27DEC-T1.25,3,insufficient_baseline_history_d16
tariff_eu_threat,KXFED-27DEC-T1.25,5,insufficient_baseline_history_d16
tariff_eu_threat,KXFED-27DEC-T1.00,1,insufficient_baseline_history_d16
tariff_eu_threat,KXFED-27DEC-T1.00,3,insufficient_baseline_history_d16
tariff_eu_threat,KXFED-27DEC-T1.00,5,insufficient_baseline_history_d16
tariff_eu_threat,KXFED-27DEC-T0.75,1,insufficient_baseline_history_d16
tariff_eu_threat,KXFED-27DEC-T0.75,3,insufficient_baseline_history_d16
tariff_eu_threat,KXFED-27DEC-T0.75,5,insufficient_baseline_history_d16
tariff_eu_threat,KXFED-27DEC-T0.50,1,insufficient_baseline_history_d16
tariff_eu_threat,KXFED-27DEC-T0.50,3,insufficient_baseline_history_d16
tariff_eu_threat,KXFED-27DEC-T0.50,5,insufficient_baseline_history_d16
tariff_eu_threat,KXFED-27DEC-T0.25,1,insufficient_baseline_history_d16
tariff_eu_threat,KXFED-27DEC-T0.25,3,insufficient_baseline_history_d16
tariff_eu_threat,KXFED-27DEC-T0.25,5,insufficient_baseline_history_d16
tariff_eu_threat,KXFED-27DEC-T0.00,1,insufficient_baseline_history_d16
tariff_eu_threat,KXFED-27DEC-T0.00,3,insufficient_baseline_history_d16
tariff_eu_threat,KXFED-27DEC-T0.00,5,insufficient_baseline_history_d16
tariff_eu_threat,KXFED-27OCT-T5.75,1,insufficient_baseline_history_d16
tariff_eu_threat,KXFED-27OCT-T5.75,3,insufficient_baseline_history_d16
tariff_eu_threat,KXFED-27OCT-T5.75,5,insufficient_baseline_history_d16
tariff_eu_threat,KXFED-27OCT-T5.50,1,insufficient_baseline_history_d16
tariff_eu_threat,KXFED-27OCT-T5.50,3,insufficient_baseline_history_d16
tariff_eu_threat,KXFED-27OCT-T5.50,5,insufficient_baseline_history_d16
tariff_eu_threat,KXFED-27OCT-T5.25,1,insufficient_baseline_history_d16
tariff_eu_threat,KXFED-27OCT-T5.25,3,insufficient_baseline_history_d16
tariff_eu_threat,KXFED-27OCT-T5.25,5,insufficient_baseline_history_d16
tariff_eu_threat,KXFED-27OCT-T5.00,1,insufficient_baseline_history_d16
tariff_eu_threat,KXFED-27OCT-T5.00,3,insufficient_baseline_history_d16
tariff_eu_threat,KXFED-27OCT-T5.00,5,insufficient_baseline_history_d16
tariff_eu_threat,KXFED-27OCT-T4.75,1,insufficient_baseline_history_d16
tariff_eu_threat,KXFED-27OCT-T4.75,3,insufficient_baseline_history_d16
tariff_eu_threat,KXFED-27OCT-T4.75,5,insufficient_baseline_history_d16
tariff_eu_threat,KXFED-27OCT-T4.50,1,insufficient_baseline_history_d16
tariff_eu_threat,KXFED-27OCT-T4.50,3,insufficient_baseline_history_d16
tariff_eu_threat,KXFED-27OCT-T4.50,5,insufficient_baseline_history_d16
tariff_eu_threat,KXFED-27OCT-T4.25,1,insufficient_baseline_history_d16
tariff_eu_threat,KXFED-27OCT-T4.25,3,insufficient_baseline_history_d16
tariff_eu_threat,KXFED-27OCT-T4.25,5,insufficient_baseline_history_d16
tariff_eu_threat,KXFED-27OCT-T4.00,1,insufficient_baseline_history_d16
tariff_eu_threat,KXFED-27OCT-T4.00,3,insufficient_baseline_history_d16
tariff_eu_threat,KXFED-27OCT-T4.00,5,insufficient_baseline_history_d16
tariff_eu_threat,KXFED-27OCT-T3.50,1,insufficient_baseline_history_d16
tariff_eu_threat,KXFED-27OCT-T3.50,3,insufficient_baseline_history_d16
tariff_eu_threat,KXFED-27OCT-T3.50,5,insufficient_baseline_history_d16
tariff_eu_threat,KXFED-27OCT-T3.25,1,insufficient_baseline_history_d16
tariff_eu_threat,KXFED-27OCT-T3.25,3,insufficient_baseline_history_d16
tariff_eu_threat,KXFED-27OCT-T3.25,5,insufficient_baseline_history_d16
tariff_eu_threat,KXFED-27OCT-T3.00,1,insufficient_baseline_history_d16
tariff_eu_threat,KXFED-27OCT-T3.00,3,insufficient_baseline_history_d16
tariff_eu_threat,KXFED-27OCT-T3.00,5,insufficient_baseline_history_d16
tariff_eu_threat,KXFED-27OCT-T2.75,1,insufficient_baseline_history_d16
tariff_eu_threat,KXFED-27OCT-T2.75,3,insufficient_baseline_history_d16
tariff_eu_threat,KXFED-27OCT-T2.75,5,insufficient_baseline_history_d16
tariff_eu_threat,KXFED-27OCT-T2.50,1,insufficient_baseline_history_d16
tariff_eu_threat,KXFED-27OCT-T2.50,3,insufficient_baseline_history_d16
tariff_eu_threat,KXFED-27OCT-T2.50,5,insufficient_baseline_history_d16
tariff_eu_threat,KXFED-27OCT-T2.25,1,insufficient_baseline_history_d16
tariff_eu_threat,KXFED-27OCT-T2.25,3,insufficient_baseline_history_d16
tariff_eu_threat,KXFED-27OCT-T2.25,5,insufficient_baseline_history_d16
tariff_eu_threat,KXFED-27OCT-T2.00,1,insufficient_baseline_history_d16
tariff_eu_threat,KXFED-27OCT-T2.00,3,insufficient_baseline_history_d16
tariff_eu_threat,KXFED-27OCT-T2.00,5,insufficient_baseline_history_d16
tariff_eu_threat,KXFED-27OCT-T1.75,1,insufficient_baseline_history_d16
tariff_eu_threat,KXFED-27OCT-T1.75,3,insufficient_baseline_history_d16
tariff_eu_threat,KXFED-27OCT-T1.75,5,insufficient_baseline_history_d16
tariff_eu_threat,KXFED-27OCT-T1.50,1,insufficient_baseline_history_d16
tariff_eu_threat,KXFED-27OCT-T1.50,3,insufficient_baseline_history_d16
tariff_eu_threat,KXFED-27OCT-T1.50,5,insufficient_baseline_history_d16
tariff_eu_threat,KXFED-27OCT-T1.25,1,insufficient_baseline_history_d16
tariff_eu_threat,KXFED-27OCT-T1.25,3,insufficient_baseline_history_d16
tariff_eu_threat,KXFED-27OCT-T1.25,5,insufficient_baseline_history_d16
tariff_eu_threat,KXFED-27OCT-T1.00,1,insufficient_baseline_history_d16
tariff_eu_threat,KXFED-27OCT-T1.00,3,insufficient_baseline_history_d16
tariff_eu_threat,KXFED-27OCT-T1.00,5,insufficient_baseline_history_d16
tariff_eu_threat,KXFED-27OCT-T0.75,1,insufficient_baseline_history_d16
tariff_eu_threat,KXFED-27OCT-T0.75,3,insufficient_baseline_history_d16
tariff_eu_threat,KXFED-27OCT-T0.75,5,insufficient_baseline_history_d16
tariff_eu_threat,KXFED-27OCT-T0.50,1,insufficient_baseline_history_d16
tariff_eu_threat,KXFED-27OCT-T0.50,3,insufficient_baseline_history_d16
tariff_eu_threat,KXFED-27OCT-T0.50,5,insufficient_baseline_history_d16
tariff_eu_threat,KXFED-27OCT-T0.25,1,insufficient_baseline_history_d16
tariff_eu_threat,KXFED-27OCT-T0.25,3,insufficient_baseline_history_d16
tariff_eu_threat,KXFED-27OCT-T0.25,5,insufficient_baseline_history_d16
tariff_eu_threat,KXFED-27OCT-T0.00,1,insufficient_baseline_history_d16
tariff_eu_threat,KXFED-27OCT-T0.00,3,insufficient_baseline_history_d16
tariff_eu_threat,KXFED-27OCT-T0.00,5,insufficient_baseline_history_d16
tariff_eu_threat,KXFED-27SEP-T6.00,1,insufficient_baseline_history_d16
tariff_eu_threat,KXFED-27SEP-T6.00,3,insufficient_baseline_history_d16
tariff_eu_threat,KXFED-27SEP-T6.00,5,insufficient_baseline_history_d16
tariff_eu_threat,KXFED-27SEP-T5.75,1,insufficient_baseline_history_d16
tariff_eu_threat,KXFED-27SEP-T5.75,3,insufficient_baseline_history_d16
tariff_eu_threat,KXFED-27SEP-T5.75,5,insufficient_baseline_history_d16
tariff_eu_threat,KXFED-27SEP-T5.50,1,insufficient_baseline_history_d16
tariff_eu_threat,KXFED-27SEP-T5.50,3,insufficient_baseline_history_d16
tariff_eu_threat,KXFED-27SEP-T5.50,5,insufficient_baseline_history_d16
tariff_eu_threat,KXFED-27SEP-T5.25,1,insufficient_baseline_history_d16
tariff_eu_threat,KXFED-27SEP-T5.25,3,insufficient_baseline_history_d16
tariff_eu_threat,KXFED-27SEP-T5.25,5,insufficient_baseline_history_d16
tariff_eu_threat,KXFED-27SEP-T5.00,1,insufficient_baseline_history_d16
tariff_eu_threat,KXFED-27SEP-T5.00,3,insufficient_baseline_history_d16
tariff_eu_threat,KXFED-27SEP-T5.00,5,insufficient_baseline_history_d16
tariff_eu_threat,KXFED-27SEP-T4.25,1,insufficient_baseline_history_d16
tariff_eu_threat,KXFED-27SEP-T4.25,3,insufficient_baseline_history_d16
tariff_eu_threat,KXFED-27SEP-T4.25,5,insufficient_baseline_history_d16
tariff_eu_threat,KXFED-27SEP-T4.00,1,insufficient_baseline_history_d16
tariff_eu_threat,KXFED-27SEP-T4.00,3,insufficient_baseline_history_d16
tariff_eu_threat,KXFED-27SEP-T4.00,5,insufficient_baseline_history_d16
tariff_eu_threat,KXFED-27SEP-T3.75,1,insufficient_baseline_history_d16
tariff_eu_threat,KXFED-27SEP-T3.75,3,insufficient_baseline_history_d16
tariff_eu_threat,KXFED-27SEP-T3.75,5,insufficient_baseline_history_d16
tariff_eu_threat,KXFED-27SEP-T3.50,1,insufficient_baseline_history_d16
tariff_eu_threat,KXFED-27SEP-T3.50,3,insufficient_baseline_history_d16
tariff_eu_threat,KXFED-27SEP-T3.50,5,insufficient_baseline_history_d16
tariff_eu_threat,KXFED-27SEP-T3.25,1,insufficient_baseline_history_d16
tariff_eu_threat,KXFED-27SEP-T3.25,3,insufficient_baseline_history_d16
tariff_eu_threat,KXFED-27SEP-T3.25,5,insufficient_baseline_history_d16
tariff_eu_threat,KXFED-27SEP-T3.00,1,insufficient_baseline_history_d16
tariff_eu_threat,KXFED-27SEP-T3.00,3,insufficient_baseline_history_d16
tariff_eu_threat,KXFED-27SEP-T3.00,5,insufficient_baseline_history_d16
tariff_eu_threat,KXFED-27SEP-T2.75,1,insufficient_baseline_history_d16
tariff_eu_threat,KXFED-27SEP-T2.75,3,insufficient_baseline_history_d16
tariff_eu_threat,KXFED-27SEP-T2.75,5,insufficient_baseline_history_d16
tariff_eu_threat,KXFED-27SEP-T2.50,1,insufficient_baseline_history_d16
tariff_eu_threat,KXFED-27SEP-T2.50,3,insufficient_baseline_history_d16
tariff_eu_threat,KXFED-27SEP-T2.50,5,insufficient_baseline_history_d16
tariff_eu_threat,KXFED-27SEP-T2.25,1,insufficient_baseline_history_d16
tariff_eu_threat,KXFED-27SEP-T2.25,3,insufficient_baseline_history_d16
tariff_eu_threat,KXFED-27SEP-T2.25,5,insufficient_baseline_history_d16
tariff_eu_threat,KXFED-27SEP-T2.00,1,insufficient_baseline_history_d16
tariff_eu_threat,KXFED-27SEP-T2.00,3,insufficient_baseline_history_d16
tariff_eu_threat,KXFED-27SEP-T2.00,5,insufficient_baseline_history_d16
tariff_eu_threat,KXFED-27SEP-T1.75,1,insufficient_baseline_history_d16
tariff_eu_threat,KXFED-27SEP-T1.75,3,insufficient_baseline_history_d16
tariff_eu_threat,KXFED-27SEP-T1.75,5,insufficient_baseline_history_d16
tariff_eu_threat,KXFED-27SEP-T1.50,1,insufficient_baseline_history_d16
tariff_eu_threat,KXFED-27SEP-T1.50,3,insufficient_baseline_history_d16
tariff_eu_threat,KXFED-27SEP-T1.50,5,insufficient_baseline_history_d16
tariff_eu_threat,KXFED-27SEP-T1.25,1,insufficient_baseline_history_d16
tariff_eu_threat,KXFED-27SEP-T1.25,3,insufficient_baseline_history_d16
tariff_eu_threat,KXFED-27SEP-T1.25,5,insufficient_baseline_history_d16
tariff_eu_threat,KXFED-27SEP-T1.00,1,insufficient_baseline_history_d16
tariff_eu_threat,KXFED-27SEP-T1.00,3,insufficient_baseline_history_d16
tariff_eu_threat,KXFED-27SEP-T1.00,5,insufficient_baseline_history_d16
tariff_eu_threat,KXFED-27SEP-T0.75,1,insufficient_baseline_history_d16
tariff_eu_threat,KXFED-27SEP-T0.75,3,insufficient_baseline_history_d16
tariff_eu_threat,KXFED-27SEP-T0.75,5,insufficient_baseline_history_d16
tariff_eu_threat,KXFED-27SEP-T0.50,1,insufficient_baseline_history_d16
tariff_eu_threat,KXFED-27SEP-T0.50,3,insufficient_baseline_history_d16
tariff_eu_threat,KXFED-27SEP-T0.50,5,insufficient_baseline_history_d16
tariff_eu_threat,KXFED-27SEP-T0.25,1,insufficient_baseline_history_d16
tariff_eu_threat,KXFED-27SEP-T0.25,3,insufficient_baseline_history_d16
tariff_eu_threat,KXFED-27SEP-T0.25,5,insufficient_baseline_history_d16
tariff_eu_threat,KXFED-27SEP-T0.00,1,insufficient_baseline_history_d16
tariff_eu_threat,KXFED-27SEP-T0.00,3,insufficient_baseline_history_d16
tariff_eu_threat,KXFED-27SEP-T0.00,5,insufficient_baseline_history_d16
tariff_eu_threat,KXFED-27JUL-T6.00,1,insufficient_baseline_history_d16
tariff_eu_threat,KXFED-27JUL-T6.00,3,insufficient_baseline_history_d16
tariff_eu_threat,KXFED-27JUL-T6.00,5,insufficient_baseline_history_d16
tariff_eu_threat,KXFED-27JUL-T5.75,1,insufficient_baseline_history_d16
tariff_eu_threat,KXFED-27JUL-T5.75,3,insufficient_baseline_history_d16
tariff_eu_threat,KXFED-27JUL-T5.75,5,insufficient_baseline_history_d16
tariff_eu_threat,KXFED-27JUL-T5.50,1,insufficient_baseline_history_d16
tariff_eu_threat,KXFED-27JUL-T5.50,3,insufficient_baseline_history_d16
tariff_eu_threat,KXFED-27JUL-T5.50,5,insufficient_baseline_history_d16
tariff_eu_threat,KXFED-27JUL-T5.25,1,insufficient_baseline_history_d16
tariff_eu_threat,KXFED-27JUL-T5.25,3,insufficient_baseline_history_d16
tariff_eu_threat,KXFED-27JUL-T5.25,5,insufficient_baseline_history_d16
tariff_eu_threat,KXFED-27JUL-T5.00,1,insufficient_baseline_history_d16
tariff_eu_threat,KXFED-27JUL-T5.00,3,insufficient_baseline_history_d16
tariff_eu_threat,KXFED-27JUL-T5.00,5,insufficient_baseline_history_d16
tariff_eu_threat,KXFED-27JUL-T4.75,1,insufficient_baseline_history_d16
tariff_eu_threat,KXFED-27JUL-T4.75,3,insufficient_baseline_history_d16
tariff_eu_threat,KXFED-27JUL-T4.75,5,insufficient_baseline_history_d16
tariff_eu_threat,KXFED-27JUL-T4.50,1,insufficient_baseline_history_d16
tariff_eu_threat,KXFED-27JUL-T4.50,3,insufficient_baseline_history_d16
tariff_eu_threat,KXFED-27JUL-T4.50,5,insufficient_baseline_history_d16
tariff_eu_threat,KXFED-27JUL-T4.25,1,insufficient_baseline_history_d16
tariff_eu_threat,KXFED-27JUL-T4.25,3,insufficient_baseline_history_d16
tariff_eu_threat,KXFED-27JUL-T4.25,5,insufficient_baseline_history_d16
tariff_eu_threat,KXFED-27JUL-T4.00,1,insufficient_baseline_history_d16
tariff_eu_threat,KXFED-27JUL-T4.00,3,insufficient_baseline_history_d16
tariff_eu_threat,KXFED-27JUL-T4.00,5,insufficient_baseline_history_d16
tariff_eu_threat,KXFED-27JUL-T3.75,1,insufficient_baseline_history_d16
tariff_eu_threat,KXFED-27JUL-T3.75,3,insufficient_baseline_history_d16
tariff_eu_threat,KXFED-27JUL-T3.75,5,insufficient_baseline_history_d16
tariff_eu_threat,KXFED-27JUL-T3.50,1,insufficient_baseline_history_d16
tariff_eu_threat,KXFED-27JUL-T3.50,3,insufficient_baseline_history_d16
tariff_eu_threat,KXFED-27JUL-T3.50,5,insufficient_baseline_history_d16
tariff_eu_threat,KXFED-27JUL-T3.25,1,insufficient_baseline_history_d16
tariff_eu_threat,KXFED-27JUL-T3.25,3,insufficient_baseline_history_d16
tariff_eu_threat,KXFED-27JUL-T3.25,5,insufficient_baseline_history_d16
tariff_eu_threat,KXFED-27JUL-T3.00,1,insufficient_baseline_history_d16
tariff_eu_threat,KXFED-27JUL-T3.00,3,insufficient_baseline_history_d16
tariff_eu_threat,KXFED-27JUL-T3.00,5,insufficient_baseline_history_d16
tariff_eu_threat,KXFED-27JUL-T2.75,1,insufficient_baseline_history_d16
tariff_eu_threat,KXFED-27JUL-T2.75,3,insufficient_baseline_history_d16
tariff_eu_threat,KXFED-27JUL-T2.75,5,insufficient_baseline_history_d16
tariff_eu_threat,KXFED-27JUL-T2.50,1,insufficient_baseline_history_d16
tariff_eu_threat,KXFED-27JUL-T2.50,3,insufficient_baseline_history_d16
tariff_eu_threat,KXFED-27JUL-T2.50,5,insufficient_baseline_history_d16
tariff_eu_threat,KXFED-27JUL-T2.25,1,insufficient_baseline_history_d16
tariff_eu_threat,KXFED-27JUL-T2.25,3,insufficient_baseline_history_d16
tariff_eu_threat,KXFED-27JUL-T2.25,5,insufficient_baseline_history_d16
tariff_eu_threat,KXFED-27JUL-T2.00,1,insufficient_baseline_history_d16
tariff_eu_threat,KXFED-27JUL-T2.00,3,insufficient_baseline_history_d16
tariff_eu_threat,KXFED-27JUL-T2.00,5,insufficient_baseline_history_d16
tariff_eu_threat,KXFED-27JUL-T1.75,1,insufficient_baseline_history_d16
tariff_eu_threat,KXFED-27JUL-T1.75,3,insufficient_baseline_history_d16
tariff_eu_threat,KXFED-27JUL-T1.75,5,insufficient_baseline_history_d16
tariff_eu_threat,KXFED-27JUL-T1.50,1,insufficient_baseline_history_d16
tariff_eu_threat,KXFED-27JUL-T1.50,3,insufficient_baseline_history_d16
tariff_eu_threat,KXFED-27JUL-T1.50,5,insufficient_baseline_history_d16
tariff_eu_threat,KXFED-27JUL-T1.25,1,insufficient_baseline_history_d16
tariff_eu_threat,KXFED-27JUL-T1.25,3,insufficient_baseline_history_d16
tariff_eu_threat,KXFED-27JUL-T1.25,5,insufficient_baseline_history_d16
tariff_eu_threat,KXFED-27JUL-T1.00,1,insufficient_baseline_history_d16
tariff_eu_threat,KXFED-27JUL-T1.00,3,insufficient_baseline_history_d16
tariff_eu_threat,KXFED-27JUL-T1.00,5,insufficient_baseline_history_d16
tariff_eu_threat,KXFED-27JUL-T0.50,1,insufficient_baseline_history_d16
tariff_eu_threat,KXFED-27JUL-T0.50,3,insufficient_baseline_history_d16
tariff_eu_threat,KXFED-27JUL-T0.50,5,insufficient_baseline_history_d16
tariff_eu_threat,KXFED-27JUL-T0.25,1,insufficient_baseline_history_d16
tariff_eu_threat,KXFED-27JUL-T0.25,3,insufficient_baseline_history_d16
tariff_eu_threat,KXFED-27JUL-T0.25,5,insufficient_baseline_history_d16
tariff_eu_threat,KXFED-27JUL-T0.00,1,insufficient_baseline_history_d16
tariff_eu_threat,KXFED-27JUL-T0.00,3,insufficient_baseline_history_d16
tariff_eu_threat,KXFED-27JUL-T0.00,5,insufficient_baseline_history_d16
tariff_eu_threat,KXFED-27JUN-T6.00,1,insufficient_baseline_history_d16
tariff_eu_threat,KXFED-27JUN-T6.00,3,insufficient_baseline_history_d16
tariff_eu_threat,KXFED-27JUN-T6.00,5,insufficient_baseline_history_d16
tariff_eu_threat,KXFED-27JUN-T5.75,1,insufficient_baseline_history_d16
tariff_eu_threat,KXFED-27JUN-T5.75,3,insufficient_baseline_history_d16
tariff_eu_threat,KXFED-27JUN-T5.75,5,insufficient_baseline_history_d16
tariff_eu_threat,KXFED-27JUN-T5.50,1,insufficient_baseline_history_d16
tariff_eu_threat,KXFED-27JUN-T5.50,3,insufficient_baseline_history_d16
tariff_eu_threat,KXFED-27JUN-T5.50,5,insufficient_baseline_history_d16
tariff_eu_threat,KXFED-27JUN-T5.25,1,insufficient_baseline_history_d16
tariff_eu_threat,KXFED-27JUN-T5.25,3,insufficient_baseline_history_d16
tariff_eu_threat,KXFED-27JUN-T5.25,5,insufficient_baseline_history_d16
tariff_eu_threat,KXFED-27JUN-T5.00,1,insufficient_baseline_history_d16
tariff_eu_threat,KXFED-27JUN-T5.00,3,insufficient_baseline_history_d16
tariff_eu_threat,KXFED-27JUN-T5.00,5,insufficient_baseline_history_d16
tariff_eu_threat,KXFED-27JUN-T4.75,1,insufficient_baseline_history_d16
tariff_eu_threat,KXFED-27JUN-T4.75,3,insufficient_baseline_history_d16
tariff_eu_threat,KXFED-27JUN-T4.75,5,insufficient_baseline_history_d16
tariff_eu_threat,KXFED-27JUN-T4.50,1,insufficient_baseline_history_d16
tariff_eu_threat,KXFED-27JUN-T4.50,3,insufficient_baseline_history_d16
tariff_eu_threat,KXFED-27JUN-T4.50,5,insufficient_baseline_history_d16
tariff_eu_threat,KXFED-27JUN-T4.25,1,insufficient_baseline_history_d16
tariff_eu_threat,KXFED-27JUN-T4.25,3,insufficient_baseline_history_d16
tariff_eu_threat,KXFED-27JUN-T4.25,5,insufficient_baseline_history_d16
tariff_eu_threat,KXFED-27JUN-T4.00,1,insufficient_baseline_history_d16
tariff_eu_threat,KXFED-27JUN-T4.00,3,insufficient_baseline_history_d16
tariff_eu_threat,KXFED-27JUN-T4.00,5,insufficient_baseline_history_d16
tariff_eu_threat,KXFED-27JUN-T3.75,1,insufficient_baseline_history_d16
tariff_eu_threat,KXFED-27JUN-T3.75,3,insufficient_baseline_history_d16
tariff_eu_threat,KXFED-27JUN-T3.75,5,insufficient_baseline_history_d16
tariff_eu_threat,KXFED-27JUN-T3.50,1,insufficient_baseline_history_d16
tariff_eu_threat,KXFED-27JUN-T3.50,3,insufficient_baseline_history_d16
tariff_eu_threat,KXFED-27JUN-T3.50,5,insufficient_baseline_history_d16
tariff_eu_threat,KXFED-27JUN-T3.00,1,insufficient_baseline_history_d16
tariff_eu_threat,KXFED-27JUN-T3.00,3,insufficient_baseline_history_d16
tariff_eu_threat,KXFED-27JUN-T3.00,5,insufficient_baseline_history_d16
tariff_eu_threat,KXFED-27JUN-T2.75,1,insufficient_baseline_history_d16
tariff_eu_threat,KXFED-27JUN-T2.75,3,insufficient_baseline_history_d16
tariff_eu_threat,KXFED-27JUN-T2.75,5,insufficient_baseline_history_d16
tariff_eu_threat,KXFED-27JUN-T2.50,1,insufficient_baseline_history_d16
tariff_eu_threat,KXFED-27JUN-T2.50,3,insufficient_baseline_history_d16
tariff_eu_threat,KXFED-27JUN-T2.50,5,insufficient_baseline_history_d16
tariff_eu_threat,KXFED-27JUN-T2.25,1,insufficient_baseline_history_d16
tariff_eu_threat,KXFED-27JUN-T2.25,3,insufficient_baseline_history_d16
tariff_eu_threat,KXFED-27JUN-T2.25,5,insufficient_baseline_history_d16
tariff_eu_threat,KXFED-27JUN-T2.00,1,insufficient_baseline_history_d16
tariff_eu_threat,KXFED-27JUN-T2.00,3,insufficient_baseline_history_d16
tariff_eu_threat,KXFED-27JUN-T2.00,5,insufficient_baseline_history_d16
tariff_eu_threat,KXFED-27JUN-T1.75,1,insufficient_baseline_history_d16
tariff_eu_threat,KXFED-27JUN-T1.75,3,insufficient_baseline_history_d16
tariff_eu_threat,KXFED-27JUN-T1.75,5,insufficient_baseline_history_d16
tariff_eu_threat,KXFED-27JUN-T1.50,1,insufficient_baseline_history_d16
tariff_eu_threat,KXFED-27JUN-T1.50,3,insufficient_baseline_history_d16
tariff_eu_threat,KXFED-27JUN-T1.50,5,insufficient_baseline_history_d16
tariff_eu_threat,KXFED-27JUN-T1.25,1,insufficient_baseline_history_d16
tariff_eu_threat,KXFED-27JUN-T1.25,3,insufficient_baseline_history_d16
tariff_eu_threat,KXFED-27JUN-T1.25,5,insufficient_baseline_history_d16
tariff_eu_threat,KXFED-27JUN-T1.00,1,insufficient_baseline_history_d16
tariff_eu_threat,KXFED-27JUN-T1.00,3,insufficient_baseline_history_d16
tariff_eu_threat,KXFED-27JUN-T1.00,5,insufficient_baseline_history_d16
tariff_eu_threat,KXFED-27JUN-T0.75,1,insufficient_baseline_history_d16
tariff_eu_threat,KXFED-27JUN-T0.75,3,insufficient_baseline_history_d16
tariff_eu_threat,KXFED-27JUN-T0.75,5,insufficient_baseline_history_d16
tariff_eu_threat,KXFED-27JUN-T0.50,1,insufficient_baseline_history_d16
tariff_eu_threat,KXFED-27JUN-T0.50,3,insufficient_baseline_history_d16
tariff_eu_threat,KXFED-27JUN-T0.50,5,insufficient_baseline_history_d16
tariff_eu_threat,KXFED-27JUN-T0.25,1,insufficient_baseline_history_d16
tariff_eu_threat,KXFED-27JUN-T0.25,3,insufficient_baseline_history_d16
tariff_eu_threat,KXFED-27JUN-T0.25,5,insufficient_baseline_history_d16
tariff_eu_threat,KXFED-27JUN-T0.00,1,insufficient_baseline_history_d16
tariff_eu_threat,KXFED-27JUN-T0.00,3,insufficient_baseline_history_d16
tariff_eu_threat,KXFED-27JUN-T0.00,5,insufficient_baseline_history_d16
tariff_eu_threat,KXCPI-26OCT-T1.0,1,insufficient_baseline_history_d16
tariff_eu_threat,KXCPI-26OCT-T1.0,3,insufficient_baseline_history_d16
tariff_eu_threat,KXCPI-26OCT-T1.0,5,insufficient_baseline_history_d16
tariff_eu_threat,KXCPI-26OCT-T0.9,1,insufficient_baseline_history_d16
tariff_eu_threat,KXCPI-26OCT-T0.9,3,insufficient_baseline_history_d16
tariff_eu_threat,KXCPI-26OCT-T0.9,5,insufficient_baseline_history_d16
tariff_eu_threat,KXCPI-26OCT-T0.8,1,insufficient_baseline_history_d16
tariff_eu_threat,KXCPI-26OCT-T0.8,3,insufficient_baseline_history_d16
tariff_eu_threat,KXCPI-26OCT-T0.8,5,insufficient_baseline_history_d16
tariff_eu_threat,KXCPI-26OCT-T0.7,1,insufficient_baseline_history_d16
tariff_eu_threat,KXCPI-26OCT-T0.7,3,insufficient_baseline_history_d16
tariff_eu_threat,KXCPI-26OCT-T0.7,5,insufficient_baseline_history_d16
tariff_eu_threat,KXCPI-26OCT-T0.6,1,insufficient_baseline_history_d16
tariff_eu_threat,KXCPI-26OCT-T0.6,3,insufficient_baseline_history_d16
tariff_eu_threat,KXCPI-26OCT-T0.6,5,insufficient_baseline_history_d16
tariff_eu_threat,KXCPI-26DEC-T0.9,1,insufficient_baseline_history_d16
tariff_eu_threat,KXCPI-26DEC-T0.9,3,insufficient_baseline_history_d16
tariff_eu_threat,KXCPI-26DEC-T0.9,5,insufficient_baseline_history_d16
tariff_eu_threat,KXCPI-26DEC-T0.8,1,insufficient_baseline_history_d16
tariff_eu_threat,KXCPI-26DEC-T0.8,3,insufficient_baseline_history_d16
tariff_eu_threat,KXCPI-26DEC-T0.8,5,insufficient_baseline_history_d16
tariff_eu_threat,KXCPI-26DEC-T0.7,1,insufficient_baseline_history_d16
tariff_eu_threat,KXCPI-26DEC-T0.7,3,insufficient_baseline_history_d16
tariff_eu_threat,KXCPI-26DEC-T0.7,5,insufficient_baseline_history_d16
tariff_eu_threat,KXCPI-26DEC-T0.6,1,insufficient_baseline_history_d16
tariff_eu_threat,KXCPI-26DEC-T0.6,3,insufficient_baseline_history_d16
tariff_eu_threat,KXCPI-26DEC-T0.6,5,insufficient_baseline_history_d16
tariff_eu_threat,KXCPI-26DEC-T0.5,1,insufficient_baseline_history_d16
tariff_eu_threat,KXCPI-26DEC-T0.5,3,insufficient_baseline_history_d16
tariff_eu_threat,KXCPI-26DEC-T0.5,5,insufficient_baseline_history_d16
tariff_eu_threat,KXCPI-26DEC-T0.4,1,insufficient_baseline_history_d16
tariff_eu_threat,KXCPI-26DEC-T0.4,3,insufficient_baseline_history_d16
tariff_eu_threat,KXCPI-26DEC-T0.4,5,insufficient_baseline_history_d16
tariff_eu_threat,KXCPI-26DEC-T0.3,1,insufficient_baseline_history_d16
tariff_eu_threat,KXCPI-26DEC-T0.3,3,insufficient_baseline_history_d16
tariff_eu_threat,KXCPI-26DEC-T0.3,5,insufficient_baseline_history_d16
tariff_eu_threat,KXCPI-26DEC-T0.2,1,insufficient_baseline_history_d16
tariff_eu_threat,KXCPI-26DEC-T0.2,3,insufficient_baseline_history_d16
tariff_eu_threat,KXCPI-26DEC-T0.2,5,insufficient_baseline_history_d16
tariff_eu_threat,KXCPI-26DEC-T-0.1,1,insufficient_baseline_history_d16
tariff_eu_threat,KXCPI-26DEC-T-0.1,3,insufficient_baseline_history_d16
tariff_eu_threat,KXCPI-26DEC-T-0.1,5,insufficient_baseline_history_d16
tariff_eu_threat,KXCPI-26DEC-T0.0,1,insufficient_baseline_history_d16
tariff_eu_threat,KXCPI-26DEC-T0.0,3,insufficient_baseline_history_d16
tariff_eu_threat,KXCPI-26DEC-T0.0,5,insufficient_baseline_history_d16
tariff_eu_threat,KXCPI-26SEP-T0.9,1,insufficient_baseline_history_d16
tariff_eu_threat,KXCPI-26SEP-T0.9,3,insufficient_baseline_history_d16
tariff_eu_threat,KXCPI-26SEP-T0.9,5,insufficient_baseline_history_d16
tariff_eu_threat,KXCPI-26SEP-T0.8,1,insufficient_baseline_history_d16
tariff_eu_threat,KXCPI-26SEP-T0.8,3,insufficient_baseline_history_d16
tariff_eu_threat,KXCPI-26SEP-T0.8,5,insufficient_baseline_history_d16
tariff_eu_threat,KXCPI-26SEP-T0.7,1,insufficient_baseline_history_d16
tariff_eu_threat,KXCPI-26SEP-T0.7,3,insufficient_baseline_history_d16
tariff_eu_threat,KXCPI-26SEP-T0.7,5,insufficient_baseline_history_d16
tariff_eu_threat,KXCPI-26AUG-T0.7,1,no_window_data
tariff_eu_threat,KXCPI-26AUG-T0.7,3,no_window_data
tariff_eu_threat,KXCPI-26AUG-T0.7,5,no_window_data
tariff_eu_threat,KXCPI-26AUG-T0.0,1,no_window_data
tariff_eu_threat,KXCPI-26AUG-T0.0,3,no_window_data
tariff_eu_threat,KXCPI-26AUG-T0.0,5,no_window_data
tariff_eu_threat,KXCPI-26JUL-T0.5,1,insufficient_baseline_history_d16
tariff_eu_threat,KXCPI-26JUL-T0.5,3,insufficient_baseline_history_d16
tariff_eu_threat,KXCPI-26JUL-T0.5,5,insufficient_baseline_history_d16
tariff_eu_threat,KXCPI-26JUL-T0.3,1,insufficient_baseline_history_d16
tariff_eu_threat,KXCPI-26JUL-T0.3,3,insufficient_baseline_history_d16
tariff_eu_threat,KXCPI-26JUL-T0.3,5,insufficient_baseline_history_d16
tariff_eu_threat,KXCPI-26JUL-T0.2,1,insufficient_baseline_history_d16
tariff_eu_threat,KXCPI-26JUL-T0.2,3,insufficient_baseline_history_d16
tariff_eu_threat,KXCPI-26JUL-T0.2,5,insufficient_baseline_history_d16
tariff_eu_threat,KXCPI-26JUL-T0.1,1,insufficient_baseline_history_d16
tariff_eu_threat,KXCPI-26JUL-T0.1,3,insufficient_baseline_history_d16
tariff_eu_threat,KXCPI-26JUL-T0.1,5,insufficient_baseline_history_d16
tariff_eu_threat,KXCPI-26JUL-T0.0,1,insufficient_baseline_history_d16
tariff_eu_threat,KXCPI-26JUL-T0.0,3,insufficient_baseline_history_d16
tariff_eu_threat,KXCPI-26JUL-T0.0,5,insufficient_baseline_history_d16
tariff_eu_threat,KXCPICORE-26DEC-T1.0,1,insufficient_baseline_history_d16
tariff_eu_threat,KXCPICORE-26DEC-T1.0,3,insufficient_baseline_history_d16
tariff_eu_threat,KXCPICORE-26DEC-T1.0,5,insufficient_baseline_history_d16
tariff_eu_threat,KXCPICORE-26DEC-T0.9,1,insufficient_baseline_history_d16
tariff_eu_threat,KXCPICORE-26DEC-T0.9,3,insufficient_baseline_history_d16
tariff_eu_threat,KXCPICORE-26DEC-T0.9,5,insufficient_baseline_history_d16
tariff_eu_threat,KXCPICORE-26DEC-T0.8,1,insufficient_baseline_history_d16
tariff_eu_threat,KXCPICORE-26DEC-T0.8,3,insufficient_baseline_history_d16
tariff_eu_threat,KXCPICORE-26DEC-T0.8,5,insufficient_baseline_history_d16
tariff_eu_threat,KXCPICORE-26DEC-T0.7,1,insufficient_baseline_history_d16
tariff_eu_threat,KXCPICORE-26DEC-T0.7,3,insufficient_baseline_history_d16
tariff_eu_threat,KXCPICORE-26DEC-T0.7,5,insufficient_baseline_history_d16
tariff_eu_threat,KXCPICORE-26DEC-T0.6,1,insufficient_baseline_history_d16
tariff_eu_threat,KXCPICORE-26DEC-T0.6,3,insufficient_baseline_history_d16
tariff_eu_threat,KXCPICORE-26DEC-T0.6,5,insufficient_baseline_history_d16
tariff_eu_threat,KXCPICORE-26DEC-T0.4,1,insufficient_baseline_history_d16
tariff_eu_threat,KXCPICORE-26DEC-T0.4,3,insufficient_baseline_history_d16
tariff_eu_threat,KXCPICORE-26DEC-T0.4,5,insufficient_baseline_history_d16
tariff_eu_threat,KXCPICORE-26DEC-T0.3,1,insufficient_baseline_history_d16
tariff_eu_threat,KXCPICORE-26DEC-T0.3,3,insufficient_baseline_history_d16
tariff_eu_threat,KXCPICORE-26DEC-T0.3,5,insufficient_baseline_history_d16
tariff_eu_threat,KXCPICORE-26DEC-T0.2,1,insufficient_baseline_history_d16
tariff_eu_threat,KXCPICORE-26DEC-T0.2,3,insufficient_baseline_history_d16
tariff_eu_threat,KXCPICORE-26DEC-T0.2,5,insufficient_baseline_history_d16
tariff_eu_threat,KXCPICORE-26DEC-T0.1,1,insufficient_baseline_history_d16
tariff_eu_threat,KXCPICORE-26DEC-T0.1,3,insufficient_baseline_history_d16
tariff_eu_threat,KXCPICORE-26DEC-T0.1,5,insufficient_baseline_history_d16
tariff_eu_threat,KXCPICORE-26DEC-T0.0,1,insufficient_baseline_history_d16
tariff_eu_threat,KXCPICORE-26DEC-T0.0,3,insufficient_baseline_history_d16
tariff_eu_threat,KXCPICORE-26DEC-T0.0,5,insufficient_baseline_history_d16
tariff_eu_threat,KXCPICORE-26NOV-T1.0,1,insufficient_baseline_history_d16
tariff_eu_threat,KXCPICORE-26NOV-T1.0,3,insufficient_baseline_history_d16
tariff_eu_threat,KXCPICORE-26NOV-T1.0,5,insufficient_baseline_history_d16
tariff_eu_threat,KXCPICORE-26OCT-T0.6,1,insufficient_baseline_history_d16
tariff_eu_threat,KXCPICORE-26OCT-T0.6,3,insufficient_baseline_history_d16
tariff_eu_threat,KXCPICORE-26OCT-T0.6,5,insufficient_baseline_history_d16
tariff_eu_threat,KXCPICORE-26SEP-T0.9,1,insufficient_baseline_history_d16
tariff_eu_threat,KXCPICORE-26SEP-T0.9,3,insufficient_baseline_history_d16
tariff_eu_threat,KXCPICORE-26SEP-T0.9,5,insufficient_baseline_history_d16
tariff_eu_threat,KXCPICORE-26SEP-T0.8,1,insufficient_baseline_history_d16
tariff_eu_threat,KXCPICORE-26SEP-T0.8,3,insufficient_baseline_history_d16
tariff_eu_threat,KXCPICORE-26SEP-T0.8,5,insufficient_baseline_history_d16
tariff_eu_threat,KXCPICORE-26SEP-T0.5,1,insufficient_baseline_history_d16
tariff_eu_threat,KXCPICORE-26SEP-T0.5,3,insufficient_baseline_history_d16
tariff_eu_threat,KXCPICORE-26SEP-T0.5,5,insufficient_baseline_history_d16
tariff_eu_threat,KXCPICORE-26SEP-T0.4,1,insufficient_baseline_history_d16
tariff_eu_threat,KXCPICORE-26SEP-T0.4,3,insufficient_baseline_history_d16
tariff_eu_threat,KXCPICORE-26SEP-T0.4,5,insufficient_baseline_history_d16
tariff_eu_threat,KXCPICORE-26AUG-T1.0,1,insufficient_baseline_history_d16
tariff_eu_threat,KXCPICORE-26AUG-T1.0,3,insufficient_baseline_history_d16
tariff_eu_threat,KXCPICORE-26AUG-T1.0,5,insufficient_baseline_history_d16
tariff_eu_threat,KXCPICORE-26AUG-T0.9,1,insufficient_baseline_history_d16
tariff_eu_threat,KXCPICORE-26AUG-T0.9,3,insufficient_baseline_history_d16
tariff_eu_threat,KXCPICORE-26AUG-T0.9,5,insufficient_baseline_history_d16
tariff_eu_threat,KXCPICORE-26AUG-T0.7,1,no_window_data
tariff_eu_threat,KXCPICORE-26AUG-T0.7,3,no_window_data
tariff_eu_threat,KXCPICORE-26AUG-T0.7,5,no_window_data
tariff_eu_threat,KXCPICORE-26AUG-T0.3,1,no_window_data
tariff_eu_threat,KXCPICORE-26AUG-T0.3,3,no_window_data
tariff_eu_threat,KXCPICORE-26AUG-T0.3,5,no_window_data
tariff_eu_threat,KXCPICORE-26AUG-T0.2,1,no_window_data
tariff_eu_threat,KXCPICORE-26AUG-T0.2,3,no_window_data
tariff_eu_threat,KXCPICORE-26AUG-T0.2,5,no_window_data
tariff_eu_threat,KXCPICORE-26JUL-T1.0,1,insufficient_baseline_history_d16
tariff_eu_threat,KXCPICORE-26JUL-T1.0,3,insufficient_baseline_history_d16
tariff_eu_threat,KXCPICORE-26JUL-T1.0,5,insufficient_baseline_history_d16
tariff_eu_threat,KXCPICORE-26JUL-T0.9,1,insufficient_baseline_history_d16
tariff_eu_threat,KXCPICORE-26JUL-T0.9,3,insufficient_baseline_history_d16
tariff_eu_threat,KXCPICORE-26JUL-T0.9,5,insufficient_baseline_history_d16
tariff_eu_threat,KXCPICORE-26JUL-T0.8,1,insufficient_baseline_history_d16
tariff_eu_threat,KXCPICORE-26JUL-T0.8,3,insufficient_baseline_history_d16
tariff_eu_threat,KXCPICORE-26JUL-T0.8,5,insufficient_baseline_history_d16
tariff_eu_threat,KXCPICORE-26JUL-T0.7,1,insufficient_baseline_history_d16
tariff_eu_threat,KXCPICORE-26JUL-T0.7,3,insufficient_baseline_history_d16
tariff_eu_threat,KXCPICORE-26JUL-T0.7,5,insufficient_baseline_history_d16
tariff_eu_threat,KXCPICORE-26JUL-T0.6,1,insufficient_baseline_history_d16
tariff_eu_threat,KXCPICORE-26JUL-T0.6,3,insufficient_baseline_history_d16
tariff_eu_threat,KXCPICORE-26JUL-T0.6,5,insufficient_baseline_history_d16
tariff_eu_threat,KXCPICORE-26JUL-T0.3,1,insufficient_baseline_history_d16
tariff_eu_threat,KXCPICORE-26JUL-T0.3,3,insufficient_baseline_history_d16
tariff_eu_threat,KXCPICORE-26JUL-T0.3,5,insufficient_baseline_history_d16
tariff_eu_threat,KXCPICORE-26JUL-T0.2,1,insufficient_baseline_history_d16
tariff_eu_threat,KXCPICORE-26JUL-T0.2,3,insufficient_baseline_history_d16
tariff_eu_threat,KXCPICORE-26JUL-T0.2,5,insufficient_baseline_history_d16
tariff_eu_threat,KXCPICORE-26JUL-T0.1,1,insufficient_baseline_history_d16
tariff_eu_threat,KXCPICORE-26JUL-T0.1,3,insufficient_baseline_history_d16
tariff_eu_threat,KXCPICORE-26JUL-T0.1,5,insufficient_baseline_history_d16
tariff_eu_threat,KXCPICORE-26JUL-T0.0,1,insufficient_baseline_history_d16
tariff_eu_threat,KXCPICORE-26JUL-T0.0,3,insufficient_baseline_history_d16
tariff_eu_threat,KXCPICORE-26JUL-T0.0,5,insufficient_baseline_history_d16
tariff_eu_threat,KXFED-27MAR-T6.00,1,insufficient_baseline_history_d16
tariff_eu_threat,KXFED-27MAR-T6.00,3,insufficient_baseline_history_d16
tariff_eu_threat,KXFED-27MAR-T6.00,5,insufficient_baseline_history_d16
tariff_eu_threat,KXFED-27JAN-T6.00,1,insufficient_baseline_history_d16
tariff_eu_threat,KXFED-27JAN-T6.00,3,insufficient_baseline_history_d16
tariff_eu_threat,KXFED-27JAN-T6.00,5,insufficient_baseline_history_d16
tariff_eu_threat,KXFED-28JAN-T1.75,1,insufficient_baseline_history_d16
tariff_eu_threat,KXFED-28JAN-T1.75,3,insufficient_baseline_history_d16
tariff_eu_threat,KXFED-28JAN-T1.75,5,insufficient_baseline_history_d16
tariff_eu_threat,KXFED-28JAN-T1.50,1,insufficient_baseline_history_d16
tariff_eu_threat,KXFED-28JAN-T1.50,3,insufficient_baseline_history_d16
tariff_eu_threat,KXFED-28JAN-T1.50,5,insufficient_baseline_history_d16
tariff_eu_threat,KXFED-28JAN-T0.25,1,insufficient_baseline_history_d16
tariff_eu_threat,KXFED-28JAN-T0.25,3,insufficient_baseline_history_d16
tariff_eu_threat,KXFED-28JAN-T0.25,5,insufficient_baseline_history_d16
tariff_eu_threat,KXFED-27DEC-T5.50,1,insufficient_baseline_history_d16
tariff_eu_threat,KXFED-27DEC-T5.50,3,insufficient_baseline_history_d16
tariff_eu_threat,KXFED-27DEC-T5.50,5,insufficient_baseline_history_d16
tariff_eu_threat,KXFED-27DEC-T4.25,1,insufficient_baseline_history_d16
tariff_eu_threat,KXFED-27DEC-T4.25,3,insufficient_baseline_history_d16
tariff_eu_threat,KXFED-27DEC-T4.25,5,insufficient_baseline_history_d16
tariff_eu_threat,KXFED-27DEC-T3.50,1,insufficient_baseline_history_d16
tariff_eu_threat,KXFED-27DEC-T3.50,3,insufficient_baseline_history_d16
tariff_eu_threat,KXFED-27DEC-T3.50,5,insufficient_baseline_history_d16
tariff_eu_threat,KXFED-27DEC-T2.00,1,insufficient_baseline_history_d16
tariff_eu_threat,KXFED-27DEC-T2.00,3,insufficient_baseline_history_d16
tariff_eu_threat,KXFED-27DEC-T2.00,5,insufficient_baseline_history_d16
tariff_eu_threat,KXFED-27DEC-T1.75,1,insufficient_baseline_history_d16
tariff_eu_threat,KXFED-27DEC-T1.75,3,insufficient_baseline_history_d16
tariff_eu_threat,KXFED-27DEC-T1.75,5,insufficient_baseline_history_d16
tariff_eu_threat,KXFED-27OCT-T6.00,1,insufficient_baseline_history_d16
tariff_eu_threat,KXFED-27OCT-T6.00,3,insufficient_baseline_history_d16
tariff_eu_threat,KXFED-27OCT-T6.00,5,insufficient_baseline_history_d16
tariff_eu_threat,KXFED-27OCT-T3.75,1,insufficient_baseline_history_d16
tariff_eu_threat,KXFED-27OCT-T3.75,3,insufficient_baseline_history_d16
tariff_eu_threat,KXFED-27OCT-T3.75,5,insufficient_baseline_history_d16
tariff_eu_threat,KXFED-27SEP-T4.75,1,insufficient_baseline_history_d16
tariff_eu_threat,KXFED-27SEP-T4.75,3,insufficient_baseline_history_d16
tariff_eu_threat,KXFED-27SEP-T4.75,5,insufficient_baseline_history_d16
tariff_eu_threat,KXFED-27SEP-T4.50,1,insufficient_baseline_history_d16
tariff_eu_threat,KXFED-27SEP-T4.50,3,insufficient_baseline_history_d16
tariff_eu_threat,KXFED-27SEP-T4.50,5,insufficient_baseline_history_d16
tariff_eu_threat,KXFED-27JUL-T0.75,1,insufficient_baseline_history_d16
tariff_eu_threat,KXFED-27JUL-T0.75,3,insufficient_baseline_history_d16
tariff_eu_threat,KXFED-27JUL-T0.75,5,insufficient_baseline_history_d16
tariff_eu_threat,KXFED-27JUN-T3.25,1,insufficient_baseline_history_d16
tariff_eu_threat,KXFED-27JUN-T3.25,3,insufficient_baseline_history_d16
tariff_eu_threat,KXFED-27JUN-T3.25,5,insufficient_baseline_history_d16
tariff_eu_threat,KXFED-27APR-T4.25,1,no_window_data
tariff_eu_threat,KXFED-27MAR-T2.25,1,no_window_data
tariff_eu_threat,KXFED-27MAR-T2.00,1,no_window_data
tariff_eu_threat,KXFED-27MAR-T1.75,1,no_window_data
tariff_eu_threat,KXFED-27MAR-T1.00,1,no_window_data
tariff_eu_threat,KXFED-27MAR-T0.50,1,no_window_data
tariff_eu_threat,KXFED-26DEC-T5.25,1,insufficient_baseline_history_d16
tariff_eu_threat,KXFED-26DEC-T5.25,3,insufficient_baseline_history_d16
tariff_eu_threat,KXFED-26DEC-T5.25,5,insufficient_baseline_history_d16
tariff_eu_threat,KXFED-26DEC-T5.00,1,insufficient_baseline_history_d16
tariff_eu_threat,KXFED-26DEC-T5.00,3,insufficient_baseline_history_d16
tariff_eu_threat,KXFED-26DEC-T5.00,5,insufficient_baseline_history_d16
tariff_eu_threat,KXFED-26DEC-T4.75,1,no_window_data
tariff_eu_threat,KXFED-26DEC-T3.00,1,no_window_data
tariff_eu_threat,KXFED-26DEC-T2.75,1,no_window_data
tariff_eu_threat,KXFED-26OCT-T5.25,1,insufficient_baseline_history_d16
tariff_eu_threat,KXFED-26OCT-T5.25,3,insufficient_baseline_history_d16
tariff_eu_threat,KXFED-26OCT-T5.25,5,insufficient_baseline_history_d16
tariff_eu_threat,KXFED-26OCT-T5.00,1,insufficient_baseline_history_d16
tariff_eu_threat,KXFED-26OCT-T5.00,3,insufficient_baseline_history_d16
tariff_eu_threat,KXFED-26OCT-T5.00,5,insufficient_baseline_history_d16
tariff_eu_threat,KXFED-26OCT-T4.75,1,insufficient_baseline_history_d16
tariff_eu_threat,KXFED-26OCT-T4.75,3,insufficient_baseline_history_d16
tariff_eu_threat,KXFED-26OCT-T4.75,5,insufficient_baseline_history_d16
tariff_eu_threat,KXFED-26OCT-T3.25,1,no_window_data
tariff_eu_threat,KXFED-26OCT-T3.00,1,no_window_data
tariff_eu_threat,KXFED-26OCT-T2.75,1,no_window_data
tariff_eu_threat,KXFED-26SEP-T5.25,1,insufficient_baseline_history_d16
tariff_eu_threat,KXFED-26SEP-T5.25,3,insufficient_baseline_history_d16
tariff_eu_threat,KXFED-26SEP-T5.25,5,insufficient_baseline_history_d16
tariff_eu_threat,KXFED-26SEP-T5.00,1,insufficient_baseline_history_d16
tariff_eu_threat,KXFED-26SEP-T5.00,3,insufficient_baseline_history_d16
tariff_eu_threat,KXFED-26SEP-T5.00,5,insufficient_baseline_history_d16
tariff_eu_threat,KXFED-26SEP-T4.75,1,insufficient_baseline_history_d16
tariff_eu_threat,KXFED-26SEP-T4.75,3,insufficient_baseline_history_d16
tariff_eu_threat,KXFED-26SEP-T4.75,5,insufficient_baseline_history_d16
tariff_eu_threat,KXCPI-26DEC-T0.1,1,insufficient_baseline_history_d16
tariff_eu_threat,KXCPI-26DEC-T0.1,3,insufficient_baseline_history_d16
tariff_eu_threat,KXCPI-26DEC-T0.1,5,insufficient_baseline_history_d16
tariff_eu_threat,KXCPI-26AUG-T1.0,1,no_window_data
tariff_eu_threat,KXCPI-26AUG-T1.0,3,no_window_data
tariff_eu_threat,KXCPI-26AUG-T1.0,5,no_window_data
tariff_eu_threat,KXCPI-26AUG-T0.9,1,no_window_data
tariff_eu_threat,KXCPI-26AUG-T0.9,3,no_window_data
tariff_eu_threat,KXCPI-26AUG-T0.9,5,no_window_data
tariff_eu_threat,KXCPI-26AUG-T0.8,1,no_window_data
tariff_eu_threat,KXCPI-26AUG-T0.8,3,no_window_data
tariff_eu_threat,KXCPI-26AUG-T0.8,5,no_window_data
tariff_eu_threat,KXCPI-26AUG-T0.6,1,no_window_data
tariff_eu_threat,KXCPI-26AUG-T0.6,3,no_window_data
tariff_eu_threat,KXCPI-26AUG-T0.6,5,no_window_data
tariff_eu_threat,KXCPI-26AUG-T-0.4,1,no_window_data
tariff_eu_threat,KXCPI-26AUG-T-0.4,3,no_window_data
tariff_eu_threat,KXCPI-26AUG-T-0.4,5,no_window_data
tariff_eu_threat,KXCPI-26AUG-T-0.3,1,no_window_data
tariff_eu_threat,KXCPI-26AUG-T-0.3,3,no_window_data
tariff_eu_threat,KXCPI-26AUG-T-0.3,5,no_window_data
tariff_eu_threat,KXCPI-26AUG-T-0.2,1,no_window_data
tariff_eu_threat,KXCPI-26AUG-T-0.2,3,no_window_data
tariff_eu_threat,KXCPI-26AUG-T-0.2,5,no_window_data
tariff_eu_threat,KXCPI-26JUL-T-0.4,1,insufficient_baseline_history_d16
tariff_eu_threat,KXCPI-26JUL-T-0.4,3,insufficient_baseline_history_d16
tariff_eu_threat,KXCPI-26JUL-T-0.4,5,insufficient_baseline_history_d16
tariff_eu_threat,KXCPI-26JUL-T-0.3,1,insufficient_baseline_history_d16
tariff_eu_threat,KXCPI-26JUL-T-0.3,3,insufficient_baseline_history_d16
tariff_eu_threat,KXCPI-26JUL-T-0.3,5,insufficient_baseline_history_d16
tariff_eu_threat,KXCPI-26JUL-T-0.2,1,insufficient_baseline_history_d16
tariff_eu_threat,KXCPI-26JUL-T-0.2,3,insufficient_baseline_history_d16
tariff_eu_threat,KXCPI-26JUL-T-0.2,5,insufficient_baseline_history_d16
tariff_eu_threat,KXCPI-26AUG-T0.5,1,no_window_data
tariff_eu_threat,KXCPI-26AUG-T0.5,3,no_window_data
tariff_eu_threat,KXCPI-26AUG-T0.5,5,no_window_data
tariff_eu_threat,KXCPI-26AUG-T0.4,1,no_window_data
tariff_eu_threat,KXCPI-26AUG-T0.4,3,no_window_data
tariff_eu_threat,KXCPI-26AUG-T0.4,5,no_window_data
tariff_eu_threat,KXCPI-26AUG-T0.3,1,no_window_data
tariff_eu_threat,KXCPI-26AUG-T0.3,3,no_window_data
tariff_eu_threat,KXCPI-26AUG-T0.3,5,no_window_data
tariff_eu_threat,KXCPI-26AUG-T0.2,1,no_window_data
tariff_eu_threat,KXCPI-26AUG-T0.2,3,no_window_data
tariff_eu_threat,KXCPI-26AUG-T0.2,5,no_window_data
tariff_eu_threat,KXCPI-26AUG-T0.1,1,no_window_data
tariff_eu_threat,KXCPI-26AUG-T0.1,3,no_window_data
tariff_eu_threat,KXCPI-26AUG-T0.1,5,no_window_data
tariff_eu_threat,KXCPI-26AUG-T-0.1,1,no_window_data
tariff_eu_threat,KXCPI-26AUG-T-0.1,3,no_window_data
tariff_eu_threat,KXCPI-26AUG-T-0.1,5,no_window_data
tariff_eu_threat,KXCPI-26JUL-T0.4,1,insufficient_baseline_history_d16
tariff_eu_threat,KXCPI-26JUL-T0.4,3,insufficient_baseline_history_d16
tariff_eu_threat,KXCPI-26JUL-T0.4,5,insufficient_baseline_history_d16
tariff_eu_threat,KXCPI-26JUL-T-0.1,1,insufficient_baseline_history_d16
tariff_eu_threat,KXCPI-26JUL-T-0.1,3,insufficient_baseline_history_d16
tariff_eu_threat,KXCPI-26JUL-T-0.1,5,insufficient_baseline_history_d16
tariff_eu_threat,KXCPICORE-26DEC-T0.5,1,insufficient_baseline_history_d16
tariff_eu_threat,KXCPICORE-26DEC-T0.5,3,insufficient_baseline_history_d16
tariff_eu_threat,KXCPICORE-26DEC-T0.5,5,insufficient_baseline_history_d16
tariff_eu_threat,KXCPICORE-26NOV-T0.9,1,insufficient_baseline_history_d16
tariff_eu_threat,KXCPICORE-26NOV-T0.9,3,insufficient_baseline_history_d16
tariff_eu_threat,KXCPICORE-26NOV-T0.9,5,insufficient_baseline_history_d16
tariff_eu_threat,KXCPICORE-26NOV-T0.8,1,insufficient_baseline_history_d16
tariff_eu_threat,KXCPICORE-26NOV-T0.8,3,insufficient_baseline_history_d16
tariff_eu_threat,KXCPICORE-26NOV-T0.8,5,insufficient_baseline_history_d16
tariff_eu_threat,KXCPICORE-26NOV-T0.7,1,insufficient_baseline_history_d16
tariff_eu_threat,KXCPICORE-26NOV-T0.7,3,insufficient_baseline_history_d16
tariff_eu_threat,KXCPICORE-26NOV-T0.7,5,insufficient_baseline_history_d16
tariff_eu_threat,KXCPICORE-26NOV-T0.6,1,insufficient_baseline_history_d16
tariff_eu_threat,KXCPICORE-26NOV-T0.6,3,insufficient_baseline_history_d16
tariff_eu_threat,KXCPICORE-26NOV-T0.6,5,insufficient_baseline_history_d16
tariff_eu_threat,KXCPICORE-26NOV-T0.5,1,insufficient_baseline_history_d16
tariff_eu_threat,KXCPICORE-26NOV-T0.5,3,insufficient_baseline_history_d16
tariff_eu_threat,KXCPICORE-26NOV-T0.5,5,insufficient_baseline_history_d16
tariff_eu_threat,KXCPICORE-26NOV-T0.4,1,insufficient_baseline_history_d16
tariff_eu_threat,KXCPICORE-26NOV-T0.4,3,insufficient_baseline_history_d16
tariff_eu_threat,KXCPICORE-26NOV-T0.4,5,insufficient_baseline_history_d16
tariff_eu_threat,KXCPICORE-26OCT-T1.0,1,insufficient_baseline_history_d16
tariff_eu_threat,KXCPICORE-26OCT-T1.0,3,insufficient_baseline_history_d16
tariff_eu_threat,KXCPICORE-26OCT-T1.0,5,insufficient_baseline_history_d16
tariff_eu_threat,KXCPICORE-26OCT-T0.9,1,no_window_data
tariff_eu_threat,KXCPICORE-26OCT-T0.8,1,insufficient_baseline_history_d16
tariff_eu_threat,KXCPICORE-26OCT-T0.8,3,insufficient_baseline_history_d16
tariff_eu_threat,KXCPICORE-26OCT-T0.8,5,insufficient_baseline_history_d16
tariff_eu_threat,KXCPICORE-26OCT-T0.7,1,insufficient_baseline_history_d16
tariff_eu_threat,KXCPICORE-26OCT-T0.7,3,insufficient_baseline_history_d16
tariff_eu_threat,KXCPICORE-26OCT-T0.7,5,insufficient_baseline_history_d16
tariff_eu_threat,KXCPICORE-26SEP-T1.0,1,insufficient_baseline_history_d16
tariff_eu_threat,KXCPICORE-26SEP-T1.0,3,insufficient_baseline_history_d16
tariff_eu_threat,KXCPICORE-26SEP-T1.0,5,insufficient_baseline_history_d16
tariff_eu_threat,KXCPICORE-26SEP-T0.7,1,insufficient_baseline_history_d16
tariff_eu_threat,KXCPICORE-26SEP-T0.7,3,insufficient_baseline_history_d16
tariff_eu_threat,KXCPICORE-26SEP-T0.7,5,insufficient_baseline_history_d16
tariff_eu_threat,KXCPICORE-26SEP-T0.6,1,insufficient_baseline_history_d16
tariff_eu_threat,KXCPICORE-26SEP-T0.6,3,insufficient_baseline_history_d16
tariff_eu_threat,KXCPICORE-26SEP-T0.6,5,insufficient_baseline_history_d16
tariff_eu_threat,KXCPICORE-26AUG-T0.8,1,insufficient_baseline_history_d16
tariff_eu_threat,KXCPICORE-26AUG-T0.8,3,insufficient_baseline_history_d16
tariff_eu_threat,KXCPICORE-26AUG-T0.8,5,insufficient_baseline_history_d16
tariff_eu_threat,KXCPICORE-26AUG-T0.6,1,insufficient_baseline_history_d16
tariff_eu_threat,KXCPICORE-26AUG-T0.6,3,insufficient_baseline_history_d16
tariff_eu_threat,KXCPICORE-26AUG-T0.6,5,insufficient_baseline_history_d16
tariff_eu_threat,KXCPICORE-26AUG-T0.5,1,insufficient_baseline_history_d16
tariff_eu_threat,KXCPICORE-26AUG-T0.5,3,insufficient_baseline_history_d16
tariff_eu_threat,KXCPICORE-26AUG-T0.5,5,insufficient_baseline_history_d16
tariff_eu_threat,KXCPICORE-26AUG-T0.4,1,insufficient_baseline_history_d16
tariff_eu_threat,KXCPICORE-26AUG-T0.4,3,insufficient_baseline_history_d16
tariff_eu_threat,KXCPICORE-26AUG-T0.4,5,insufficient_baseline_history_d16
tariff_eu_threat,KXCPICORE-26AUG-T0.1,1,no_window_data
tariff_eu_threat,KXCPICORE-26AUG-T0.1,3,no_window_data
tariff_eu_threat,KXCPICORE-26AUG-T0.1,5,no_window_data
tariff_eu_threat,KXCPICORE-26AUG-T0.0,1,no_window_data
tariff_eu_threat,KXCPICORE-26AUG-T0.0,3,no_window_data
tariff_eu_threat,KXCPICORE-26AUG-T0.0,5,no_window_data
tariff_eu_threat,KXCPICORE-26JUL-T0.5,1,insufficient_baseline_history_d16
tariff_eu_threat,KXCPICORE-26JUL-T0.5,3,insufficient_baseline_history_d16
tariff_eu_threat,KXCPICORE-26JUL-T0.5,5,insufficient_baseline_history_d16
tariff_eu_threat,KXCPICORE-26JUL-T0.4,1,insufficient_baseline_history_d16
tariff_eu_threat,KXCPICORE-26JUL-T0.4,3,insufficient_baseline_history_d16
tariff_eu_threat,KXCPICORE-26JUL-T0.4,5,insufficient_baseline_history_d16
russia_sanctions_bill,KXFED-27APR-T6.00,1,insufficient_baseline_history_d16
russia_sanctions_bill,KXFED-27APR-T6.00,3,insufficient_baseline_history_d16
russia_sanctions_bill,KXFED-27APR-T6.00,5,insufficient_baseline_history_d16
russia_sanctions_bill,KXFED-27APR-T5.75,1,insufficient_baseline_history_d16
russia_sanctions_bill,KXFED-27APR-T5.75,3,insufficient_baseline_history_d16
russia_sanctions_bill,KXFED-27APR-T5.75,5,insufficient_baseline_history_d16
russia_sanctions_bill,KXFED-27APR-T5.50,1,insufficient_baseline_history_d16
russia_sanctions_bill,KXFED-27APR-T5.50,3,insufficient_baseline_history_d16
russia_sanctions_bill,KXFED-27APR-T5.50,5,insufficient_baseline_history_d16
russia_sanctions_bill,KXFED-27APR-T5.25,1,insufficient_baseline_history_d16
russia_sanctions_bill,KXFED-27APR-T5.25,3,insufficient_baseline_history_d16
russia_sanctions_bill,KXFED-27APR-T5.25,5,insufficient_baseline_history_d16
russia_sanctions_bill,KXFED-27APR-T5.00,1,insufficient_baseline_history_d16
russia_sanctions_bill,KXFED-27APR-T5.00,3,insufficient_baseline_history_d16
russia_sanctions_bill,KXFED-27APR-T5.00,5,insufficient_baseline_history_d16
russia_sanctions_bill,KXFED-27APR-T4.75,1,insufficient_baseline_history_d16
russia_sanctions_bill,KXFED-27APR-T4.75,3,insufficient_baseline_history_d16
russia_sanctions_bill,KXFED-27APR-T4.75,5,insufficient_baseline_history_d16
russia_sanctions_bill,KXFED-27APR-T4.50,1,insufficient_baseline_history_d16
russia_sanctions_bill,KXFED-27APR-T4.50,3,insufficient_baseline_history_d16
russia_sanctions_bill,KXFED-27APR-T4.50,5,insufficient_baseline_history_d16
russia_sanctions_bill,KXFED-27MAR-T5.75,1,insufficient_baseline_history_d16
russia_sanctions_bill,KXFED-27MAR-T5.75,3,insufficient_baseline_history_d16
russia_sanctions_bill,KXFED-27MAR-T5.75,5,insufficient_baseline_history_d16
russia_sanctions_bill,KXFED-27MAR-T5.50,1,insufficient_baseline_history_d16
russia_sanctions_bill,KXFED-27MAR-T5.50,3,insufficient_baseline_history_d16
russia_sanctions_bill,KXFED-27MAR-T5.50,5,insufficient_baseline_history_d16
russia_sanctions_bill,KXFED-27MAR-T5.25,1,insufficient_baseline_history_d16
russia_sanctions_bill,KXFED-27MAR-T5.25,3,insufficient_baseline_history_d16
russia_sanctions_bill,KXFED-27MAR-T5.25,5,insufficient_baseline_history_d16
russia_sanctions_bill,KXFED-27MAR-T5.00,1,insufficient_baseline_history_d16
russia_sanctions_bill,KXFED-27MAR-T5.00,3,insufficient_baseline_history_d16
russia_sanctions_bill,KXFED-27MAR-T5.00,5,insufficient_baseline_history_d16
russia_sanctions_bill,KXFED-27MAR-T4.75,1,insufficient_baseline_history_d16
russia_sanctions_bill,KXFED-27MAR-T4.75,3,insufficient_baseline_history_d16
russia_sanctions_bill,KXFED-27MAR-T4.75,5,insufficient_baseline_history_d16
russia_sanctions_bill,KXFED-27MAR-T4.50,1,insufficient_baseline_history_d16
russia_sanctions_bill,KXFED-27MAR-T4.50,3,insufficient_baseline_history_d16
russia_sanctions_bill,KXFED-27MAR-T4.50,5,insufficient_baseline_history_d16
russia_sanctions_bill,KXFED-27JAN-T5.75,1,insufficient_baseline_history_d16
russia_sanctions_bill,KXFED-27JAN-T5.75,3,insufficient_baseline_history_d16
russia_sanctions_bill,KXFED-27JAN-T5.75,5,insufficient_baseline_history_d16
russia_sanctions_bill,KXFED-27JAN-T5.50,1,insufficient_baseline_history_d16
russia_sanctions_bill,KXFED-27JAN-T5.50,3,insufficient_baseline_history_d16
russia_sanctions_bill,KXFED-27JAN-T5.50,5,insufficient_baseline_history_d16
russia_sanctions_bill,KXFED-27JAN-T5.25,1,insufficient_baseline_history_d16
russia_sanctions_bill,KXFED-27JAN-T5.25,3,insufficient_baseline_history_d16
russia_sanctions_bill,KXFED-27JAN-T5.25,5,insufficient_baseline_history_d16
russia_sanctions_bill,KXFED-27JAN-T5.00,1,insufficient_baseline_history_d16
russia_sanctions_bill,KXFED-27JAN-T5.00,3,insufficient_baseline_history_d16
russia_sanctions_bill,KXFED-27JAN-T5.00,5,insufficient_baseline_history_d16
russia_sanctions_bill,KXFED-27JAN-T4.75,1,insufficient_baseline_history_d16
russia_sanctions_bill,KXFED-27JAN-T4.75,3,insufficient_baseline_history_d16
russia_sanctions_bill,KXFED-27JAN-T4.75,5,insufficient_baseline_history_d16
russia_sanctions_bill,KXFED-27JAN-T4.50,1,insufficient_baseline_history_d16
russia_sanctions_bill,KXFED-27JAN-T4.50,3,insufficient_baseline_history_d16
russia_sanctions_bill,KXFED-27JAN-T4.50,5,insufficient_baseline_history_d16
russia_sanctions_bill,KXFED-28JAN-T6.00,1,insufficient_baseline_history_d16
russia_sanctions_bill,KXFED-28JAN-T6.00,3,insufficient_baseline_history_d16
russia_sanctions_bill,KXFED-28JAN-T6.00,5,insufficient_baseline_history_d16
russia_sanctions_bill,KXFED-28JAN-T5.75,1,insufficient_baseline_history_d16
russia_sanctions_bill,KXFED-28JAN-T5.75,3,insufficient_baseline_history_d16
russia_sanctions_bill,KXFED-28JAN-T5.75,5,insufficient_baseline_history_d16
russia_sanctions_bill,KXFED-28JAN-T5.50,1,insufficient_baseline_history_d16
russia_sanctions_bill,KXFED-28JAN-T5.50,3,insufficient_baseline_history_d16
russia_sanctions_bill,KXFED-28JAN-T5.50,5,insufficient_baseline_history_d16
russia_sanctions_bill,KXFED-28JAN-T5.25,1,insufficient_baseline_history_d16
russia_sanctions_bill,KXFED-28JAN-T5.25,3,insufficient_baseline_history_d16
russia_sanctions_bill,KXFED-28JAN-T5.25,5,insufficient_baseline_history_d16
russia_sanctions_bill,KXFED-28JAN-T5.00,1,insufficient_baseline_history_d16
russia_sanctions_bill,KXFED-28JAN-T5.00,3,insufficient_baseline_history_d16
russia_sanctions_bill,KXFED-28JAN-T5.00,5,insufficient_baseline_history_d16
russia_sanctions_bill,KXFED-28JAN-T4.75,1,insufficient_baseline_history_d16
russia_sanctions_bill,KXFED-28JAN-T4.75,3,insufficient_baseline_history_d16
russia_sanctions_bill,KXFED-28JAN-T4.75,5,insufficient_baseline_history_d16
russia_sanctions_bill,KXFED-28JAN-T4.50,1,insufficient_baseline_history_d16
russia_sanctions_bill,KXFED-28JAN-T4.50,3,insufficient_baseline_history_d16
russia_sanctions_bill,KXFED-28JAN-T4.50,5,insufficient_baseline_history_d16
russia_sanctions_bill,KXFED-28JAN-T4.25,1,insufficient_baseline_history_d16
russia_sanctions_bill,KXFED-28JAN-T4.25,3,insufficient_baseline_history_d16
russia_sanctions_bill,KXFED-28JAN-T4.25,5,insufficient_baseline_history_d16
russia_sanctions_bill,KXFED-28JAN-T4.00,1,insufficient_baseline_history_d16
russia_sanctions_bill,KXFED-28JAN-T4.00,3,insufficient_baseline_history_d16
russia_sanctions_bill,KXFED-28JAN-T4.00,5,insufficient_baseline_history_d16
russia_sanctions_bill,KXFED-28JAN-T3.75,1,insufficient_baseline_history_d16
russia_sanctions_bill,KXFED-28JAN-T3.75,3,insufficient_baseline_history_d16
russia_sanctions_bill,KXFED-28JAN-T3.75,5,insufficient_baseline_history_d16
russia_sanctions_bill,KXFED-28JAN-T3.50,1,insufficient_baseline_history_d16
russia_sanctions_bill,KXFED-28JAN-T3.50,3,insufficient_baseline_history_d16
russia_sanctions_bill,KXFED-28JAN-T3.50,5,insufficient_baseline_history_d16
russia_sanctions_bill,KXFED-28JAN-T3.25,1,insufficient_baseline_history_d16
russia_sanctions_bill,KXFED-28JAN-T3.25,3,insufficient_baseline_history_d16
russia_sanctions_bill,KXFED-28JAN-T3.25,5,insufficient_baseline_history_d16
russia_sanctions_bill,KXFED-28JAN-T3.00,1,insufficient_baseline_history_d16
russia_sanctions_bill,KXFED-28JAN-T3.00,3,insufficient_baseline_history_d16
russia_sanctions_bill,KXFED-28JAN-T3.00,5,insufficient_baseline_history_d16
russia_sanctions_bill,KXFED-28JAN-T2.75,1,insufficient_baseline_history_d16
russia_sanctions_bill,KXFED-28JAN-T2.75,3,insufficient_baseline_history_d16
russia_sanctions_bill,KXFED-28JAN-T2.75,5,insufficient_baseline_history_d16
russia_sanctions_bill,KXFED-28JAN-T2.50,1,insufficient_baseline_history_d16
russia_sanctions_bill,KXFED-28JAN-T2.50,3,insufficient_baseline_history_d16
russia_sanctions_bill,KXFED-28JAN-T2.50,5,insufficient_baseline_history_d16
russia_sanctions_bill,KXFED-28JAN-T2.25,1,insufficient_baseline_history_d16
russia_sanctions_bill,KXFED-28JAN-T2.25,3,insufficient_baseline_history_d16
russia_sanctions_bill,KXFED-28JAN-T2.25,5,insufficient_baseline_history_d16
russia_sanctions_bill,KXFED-28JAN-T2.00,1,insufficient_baseline_history_d16
russia_sanctions_bill,KXFED-28JAN-T2.00,3,insufficient_baseline_history_d16
russia_sanctions_bill,KXFED-28JAN-T2.00,5,insufficient_baseline_history_d16
russia_sanctions_bill,KXFED-28JAN-T1.25,1,insufficient_baseline_history_d16
russia_sanctions_bill,KXFED-28JAN-T1.25,3,insufficient_baseline_history_d16
russia_sanctions_bill,KXFED-28JAN-T1.25,5,insufficient_baseline_history_d16
russia_sanctions_bill,KXFED-28JAN-T1.00,1,insufficient_baseline_history_d16
russia_sanctions_bill,KXFED-28JAN-T1.00,3,insufficient_baseline_history_d16
russia_sanctions_bill,KXFED-28JAN-T1.00,5,insufficient_baseline_history_d16
russia_sanctions_bill,KXFED-28JAN-T0.75,1,insufficient_baseline_history_d16
russia_sanctions_bill,KXFED-28JAN-T0.75,3,insufficient_baseline_history_d16
russia_sanctions_bill,KXFED-28JAN-T0.75,5,insufficient_baseline_history_d16
russia_sanctions_bill,KXFED-28JAN-T0.50,1,insufficient_baseline_history_d16
russia_sanctions_bill,KXFED-28JAN-T0.50,3,insufficient_baseline_history_d16
russia_sanctions_bill,KXFED-28JAN-T0.50,5,insufficient_baseline_history_d16
russia_sanctions_bill,KXFED-28JAN-T0.00,1,insufficient_baseline_history_d16
russia_sanctions_bill,KXFED-28JAN-T0.00,3,insufficient_baseline_history_d16
russia_sanctions_bill,KXFED-28JAN-T0.00,5,insufficient_baseline_history_d16
russia_sanctions_bill,KXFED-27DEC-T6.00,1,insufficient_baseline_history_d16
russia_sanctions_bill,KXFED-27DEC-T6.00,3,insufficient_baseline_history_d16
russia_sanctions_bill,KXFED-27DEC-T6.00,5,insufficient_baseline_history_d16
russia_sanctions_bill,KXFED-27DEC-T5.75,1,insufficient_baseline_history_d16
russia_sanctions_bill,KXFED-27DEC-T5.75,3,insufficient_baseline_history_d16
russia_sanctions_bill,KXFED-27DEC-T5.75,5,insufficient_baseline_history_d16
russia_sanctions_bill,KXFED-27DEC-T5.25,1,insufficient_baseline_history_d16
russia_sanctions_bill,KXFED-27DEC-T5.25,3,insufficient_baseline_history_d16
russia_sanctions_bill,KXFED-27DEC-T5.25,5,insufficient_baseline_history_d16
russia_sanctions_bill,KXFED-27DEC-T5.00,1,insufficient_baseline_history_d16
russia_sanctions_bill,KXFED-27DEC-T5.00,3,insufficient_baseline_history_d16
russia_sanctions_bill,KXFED-27DEC-T5.00,5,insufficient_baseline_history_d16
russia_sanctions_bill,KXFED-27DEC-T4.75,1,insufficient_baseline_history_d16
russia_sanctions_bill,KXFED-27DEC-T4.75,3,insufficient_baseline_history_d16
russia_sanctions_bill,KXFED-27DEC-T4.75,5,insufficient_baseline_history_d16
russia_sanctions_bill,KXFED-27DEC-T4.50,1,insufficient_baseline_history_d16
russia_sanctions_bill,KXFED-27DEC-T4.50,3,insufficient_baseline_history_d16
russia_sanctions_bill,KXFED-27DEC-T4.50,5,insufficient_baseline_history_d16
russia_sanctions_bill,KXFED-27DEC-T4.00,1,insufficient_baseline_history_d16
russia_sanctions_bill,KXFED-27DEC-T4.00,3,insufficient_baseline_history_d16
russia_sanctions_bill,KXFED-27DEC-T4.00,5,insufficient_baseline_history_d16
russia_sanctions_bill,KXFED-27DEC-T3.75,1,insufficient_baseline_history_d16
russia_sanctions_bill,KXFED-27DEC-T3.75,3,insufficient_baseline_history_d16
russia_sanctions_bill,KXFED-27DEC-T3.75,5,insufficient_baseline_history_d16
russia_sanctions_bill,KXFED-27DEC-T3.25,1,insufficient_baseline_history_d16
russia_sanctions_bill,KXFED-27DEC-T3.25,3,insufficient_baseline_history_d16
russia_sanctions_bill,KXFED-27DEC-T3.25,5,insufficient_baseline_history_d16
russia_sanctions_bill,KXFED-27DEC-T3.00,1,insufficient_baseline_history_d16
russia_sanctions_bill,KXFED-27DEC-T3.00,3,insufficient_baseline_history_d16
russia_sanctions_bill,KXFED-27DEC-T3.00,5,insufficient_baseline_history_d16
russia_sanctions_bill,KXFED-27DEC-T2.75,1,insufficient_baseline_history_d16
russia_sanctions_bill,KXFED-27DEC-T2.75,3,insufficient_baseline_history_d16
russia_sanctions_bill,KXFED-27DEC-T2.75,5,insufficient_baseline_history_d16
russia_sanctions_bill,KXFED-27DEC-T2.50,1,insufficient_baseline_history_d16
russia_sanctions_bill,KXFED-27DEC-T2.50,3,insufficient_baseline_history_d16
russia_sanctions_bill,KXFED-27DEC-T2.50,5,insufficient_baseline_history_d16
russia_sanctions_bill,KXFED-27DEC-T2.25,1,insufficient_baseline_history_d16
russia_sanctions_bill,KXFED-27DEC-T2.25,3,insufficient_baseline_history_d16
russia_sanctions_bill,KXFED-27DEC-T2.25,5,insufficient_baseline_history_d16
russia_sanctions_bill,KXFED-27DEC-T1.50,1,insufficient_baseline_history_d16
russia_sanctions_bill,KXFED-27DEC-T1.50,3,insufficient_baseline_history_d16
russia_sanctions_bill,KXFED-27DEC-T1.50,5,insufficient_baseline_history_d16
russia_sanctions_bill,KXFED-27DEC-T1.25,1,insufficient_baseline_history_d16
russia_sanctions_bill,KXFED-27DEC-T1.25,3,insufficient_baseline_history_d16
russia_sanctions_bill,KXFED-27DEC-T1.25,5,insufficient_baseline_history_d16
russia_sanctions_bill,KXFED-27DEC-T1.00,1,insufficient_baseline_history_d16
russia_sanctions_bill,KXFED-27DEC-T1.00,3,insufficient_baseline_history_d16
russia_sanctions_bill,KXFED-27DEC-T1.00,5,insufficient_baseline_history_d16
russia_sanctions_bill,KXFED-27DEC-T0.75,1,insufficient_baseline_history_d16
russia_sanctions_bill,KXFED-27DEC-T0.75,3,insufficient_baseline_history_d16
russia_sanctions_bill,KXFED-27DEC-T0.75,5,insufficient_baseline_history_d16
russia_sanctions_bill,KXFED-27DEC-T0.50,1,insufficient_baseline_history_d16
russia_sanctions_bill,KXFED-27DEC-T0.50,3,insufficient_baseline_history_d16
russia_sanctions_bill,KXFED-27DEC-T0.50,5,insufficient_baseline_history_d16
russia_sanctions_bill,KXFED-27DEC-T0.25,1,insufficient_baseline_history_d16
russia_sanctions_bill,KXFED-27DEC-T0.25,3,insufficient_baseline_history_d16
russia_sanctions_bill,KXFED-27DEC-T0.25,5,insufficient_baseline_history_d16
russia_sanctions_bill,KXFED-27DEC-T0.00,1,insufficient_baseline_history_d16
russia_sanctions_bill,KXFED-27DEC-T0.00,3,insufficient_baseline_history_d16
russia_sanctions_bill,KXFED-27DEC-T0.00,5,insufficient_baseline_history_d16
russia_sanctions_bill,KXFED-27OCT-T5.75,1,insufficient_baseline_history_d16
russia_sanctions_bill,KXFED-27OCT-T5.75,3,insufficient_baseline_history_d16
russia_sanctions_bill,KXFED-27OCT-T5.75,5,insufficient_baseline_history_d16
russia_sanctions_bill,KXFED-27OCT-T5.50,1,insufficient_baseline_history_d16
russia_sanctions_bill,KXFED-27OCT-T5.50,3,insufficient_baseline_history_d16
russia_sanctions_bill,KXFED-27OCT-T5.50,5,insufficient_baseline_history_d16
russia_sanctions_bill,KXFED-27OCT-T5.25,1,insufficient_baseline_history_d16
russia_sanctions_bill,KXFED-27OCT-T5.25,3,insufficient_baseline_history_d16
russia_sanctions_bill,KXFED-27OCT-T5.25,5,insufficient_baseline_history_d16
russia_sanctions_bill,KXFED-27OCT-T5.00,1,insufficient_baseline_history_d16
russia_sanctions_bill,KXFED-27OCT-T5.00,3,insufficient_baseline_history_d16
russia_sanctions_bill,KXFED-27OCT-T5.00,5,insufficient_baseline_history_d16
russia_sanctions_bill,KXFED-27OCT-T4.75,1,insufficient_baseline_history_d16
russia_sanctions_bill,KXFED-27OCT-T4.75,3,insufficient_baseline_history_d16
russia_sanctions_bill,KXFED-27OCT-T4.75,5,insufficient_baseline_history_d16
russia_sanctions_bill,KXFED-27OCT-T4.50,1,insufficient_baseline_history_d16
russia_sanctions_bill,KXFED-27OCT-T4.50,3,insufficient_baseline_history_d16
russia_sanctions_bill,KXFED-27OCT-T4.50,5,insufficient_baseline_history_d16
russia_sanctions_bill,KXFED-27OCT-T4.25,1,insufficient_baseline_history_d16
russia_sanctions_bill,KXFED-27OCT-T4.25,3,insufficient_baseline_history_d16
russia_sanctions_bill,KXFED-27OCT-T4.25,5,insufficient_baseline_history_d16
russia_sanctions_bill,KXFED-27OCT-T4.00,1,insufficient_baseline_history_d16
russia_sanctions_bill,KXFED-27OCT-T4.00,3,insufficient_baseline_history_d16
russia_sanctions_bill,KXFED-27OCT-T4.00,5,insufficient_baseline_history_d16
russia_sanctions_bill,KXFED-27OCT-T3.50,1,insufficient_baseline_history_d16
russia_sanctions_bill,KXFED-27OCT-T3.50,3,insufficient_baseline_history_d16
russia_sanctions_bill,KXFED-27OCT-T3.50,5,insufficient_baseline_history_d16
russia_sanctions_bill,KXFED-27OCT-T3.25,1,insufficient_baseline_history_d16
russia_sanctions_bill,KXFED-27OCT-T3.25,3,insufficient_baseline_history_d16
russia_sanctions_bill,KXFED-27OCT-T3.25,5,insufficient_baseline_history_d16
russia_sanctions_bill,KXFED-27OCT-T3.00,1,insufficient_baseline_history_d16
russia_sanctions_bill,KXFED-27OCT-T3.00,3,insufficient_baseline_history_d16
russia_sanctions_bill,KXFED-27OCT-T3.00,5,insufficient_baseline_history_d16
russia_sanctions_bill,KXFED-27OCT-T2.75,1,insufficient_baseline_history_d16
russia_sanctions_bill,KXFED-27OCT-T2.75,3,insufficient_baseline_history_d16
russia_sanctions_bill,KXFED-27OCT-T2.75,5,insufficient_baseline_history_d16
russia_sanctions_bill,KXFED-27OCT-T2.50,1,insufficient_baseline_history_d16
russia_sanctions_bill,KXFED-27OCT-T2.50,3,insufficient_baseline_history_d16
russia_sanctions_bill,KXFED-27OCT-T2.50,5,insufficient_baseline_history_d16
russia_sanctions_bill,KXFED-27OCT-T2.25,1,insufficient_baseline_history_d16
russia_sanctions_bill,KXFED-27OCT-T2.25,3,insufficient_baseline_history_d16
russia_sanctions_bill,KXFED-27OCT-T2.25,5,insufficient_baseline_history_d16
russia_sanctions_bill,KXFED-27OCT-T2.00,1,insufficient_baseline_history_d16
russia_sanctions_bill,KXFED-27OCT-T2.00,3,insufficient_baseline_history_d16
russia_sanctions_bill,KXFED-27OCT-T2.00,5,insufficient_baseline_history_d16
russia_sanctions_bill,KXFED-27OCT-T1.75,1,insufficient_baseline_history_d16
russia_sanctions_bill,KXFED-27OCT-T1.75,3,insufficient_baseline_history_d16
russia_sanctions_bill,KXFED-27OCT-T1.75,5,insufficient_baseline_history_d16
russia_sanctions_bill,KXFED-27OCT-T1.50,1,insufficient_baseline_history_d16
russia_sanctions_bill,KXFED-27OCT-T1.50,3,insufficient_baseline_history_d16
russia_sanctions_bill,KXFED-27OCT-T1.50,5,insufficient_baseline_history_d16
russia_sanctions_bill,KXFED-27OCT-T1.25,1,insufficient_baseline_history_d16
russia_sanctions_bill,KXFED-27OCT-T1.25,3,insufficient_baseline_history_d16
russia_sanctions_bill,KXFED-27OCT-T1.25,5,insufficient_baseline_history_d16
russia_sanctions_bill,KXFED-27OCT-T1.00,1,insufficient_baseline_history_d16
russia_sanctions_bill,KXFED-27OCT-T1.00,3,insufficient_baseline_history_d16
russia_sanctions_bill,KXFED-27OCT-T1.00,5,insufficient_baseline_history_d16
russia_sanctions_bill,KXFED-27OCT-T0.75,1,insufficient_baseline_history_d16
russia_sanctions_bill,KXFED-27OCT-T0.75,3,insufficient_baseline_history_d16
russia_sanctions_bill,KXFED-27OCT-T0.75,5,insufficient_baseline_history_d16
russia_sanctions_bill,KXFED-27OCT-T0.50,1,insufficient_baseline_history_d16
russia_sanctions_bill,KXFED-27OCT-T0.50,3,insufficient_baseline_history_d16
russia_sanctions_bill,KXFED-27OCT-T0.50,5,insufficient_baseline_history_d16
russia_sanctions_bill,KXFED-27OCT-T0.25,1,insufficient_baseline_history_d16
russia_sanctions_bill,KXFED-27OCT-T0.25,3,insufficient_baseline_history_d16
russia_sanctions_bill,KXFED-27OCT-T0.25,5,insufficient_baseline_history_d16
russia_sanctions_bill,KXFED-27OCT-T0.00,1,insufficient_baseline_history_d16
russia_sanctions_bill,KXFED-27OCT-T0.00,3,insufficient_baseline_history_d16
russia_sanctions_bill,KXFED-27OCT-T0.00,5,insufficient_baseline_history_d16
russia_sanctions_bill,KXFED-27SEP-T6.00,1,insufficient_baseline_history_d16
russia_sanctions_bill,KXFED-27SEP-T6.00,3,insufficient_baseline_history_d16
russia_sanctions_bill,KXFED-27SEP-T6.00,5,insufficient_baseline_history_d16
russia_sanctions_bill,KXFED-27SEP-T5.75,1,insufficient_baseline_history_d16
russia_sanctions_bill,KXFED-27SEP-T5.75,3,insufficient_baseline_history_d16
russia_sanctions_bill,KXFED-27SEP-T5.75,5,insufficient_baseline_history_d16
russia_sanctions_bill,KXFED-27SEP-T5.50,1,insufficient_baseline_history_d16
russia_sanctions_bill,KXFED-27SEP-T5.50,3,insufficient_baseline_history_d16
russia_sanctions_bill,KXFED-27SEP-T5.50,5,insufficient_baseline_history_d16
russia_sanctions_bill,KXFED-27SEP-T5.25,1,insufficient_baseline_history_d16
russia_sanctions_bill,KXFED-27SEP-T5.25,3,insufficient_baseline_history_d16
russia_sanctions_bill,KXFED-27SEP-T5.25,5,insufficient_baseline_history_d16
russia_sanctions_bill,KXFED-27SEP-T5.00,1,insufficient_baseline_history_d16
russia_sanctions_bill,KXFED-27SEP-T5.00,3,insufficient_baseline_history_d16
russia_sanctions_bill,KXFED-27SEP-T5.00,5,insufficient_baseline_history_d16
russia_sanctions_bill,KXFED-27SEP-T4.25,1,insufficient_baseline_history_d16
russia_sanctions_bill,KXFED-27SEP-T4.25,3,insufficient_baseline_history_d16
russia_sanctions_bill,KXFED-27SEP-T4.25,5,insufficient_baseline_history_d16
russia_sanctions_bill,KXFED-27SEP-T4.00,1,insufficient_baseline_history_d16
russia_sanctions_bill,KXFED-27SEP-T4.00,3,insufficient_baseline_history_d16
russia_sanctions_bill,KXFED-27SEP-T4.00,5,insufficient_baseline_history_d16
russia_sanctions_bill,KXFED-27SEP-T3.75,1,insufficient_baseline_history_d16
russia_sanctions_bill,KXFED-27SEP-T3.75,3,insufficient_baseline_history_d16
russia_sanctions_bill,KXFED-27SEP-T3.75,5,insufficient_baseline_history_d16
russia_sanctions_bill,KXFED-27SEP-T3.50,1,insufficient_baseline_history_d16
russia_sanctions_bill,KXFED-27SEP-T3.50,3,insufficient_baseline_history_d16
russia_sanctions_bill,KXFED-27SEP-T3.50,5,insufficient_baseline_history_d16
russia_sanctions_bill,KXFED-27SEP-T3.25,1,insufficient_baseline_history_d16
russia_sanctions_bill,KXFED-27SEP-T3.25,3,insufficient_baseline_history_d16
russia_sanctions_bill,KXFED-27SEP-T3.25,5,insufficient_baseline_history_d16
russia_sanctions_bill,KXFED-27SEP-T3.00,1,insufficient_baseline_history_d16
russia_sanctions_bill,KXFED-27SEP-T3.00,3,insufficient_baseline_history_d16
russia_sanctions_bill,KXFED-27SEP-T3.00,5,insufficient_baseline_history_d16
russia_sanctions_bill,KXFED-27SEP-T2.75,1,insufficient_baseline_history_d16
russia_sanctions_bill,KXFED-27SEP-T2.75,3,insufficient_baseline_history_d16
russia_sanctions_bill,KXFED-27SEP-T2.75,5,insufficient_baseline_history_d16
russia_sanctions_bill,KXFED-27SEP-T2.50,1,insufficient_baseline_history_d16
russia_sanctions_bill,KXFED-27SEP-T2.50,3,insufficient_baseline_history_d16
russia_sanctions_bill,KXFED-27SEP-T2.50,5,insufficient_baseline_history_d16
russia_sanctions_bill,KXFED-27SEP-T2.25,1,insufficient_baseline_history_d16
russia_sanctions_bill,KXFED-27SEP-T2.25,3,insufficient_baseline_history_d16
russia_sanctions_bill,KXFED-27SEP-T2.25,5,insufficient_baseline_history_d16
russia_sanctions_bill,KXFED-27SEP-T2.00,1,insufficient_baseline_history_d16
russia_sanctions_bill,KXFED-27SEP-T2.00,3,insufficient_baseline_history_d16
russia_sanctions_bill,KXFED-27SEP-T2.00,5,insufficient_baseline_history_d16
russia_sanctions_bill,KXFED-27SEP-T1.75,1,insufficient_baseline_history_d16
russia_sanctions_bill,KXFED-27SEP-T1.75,3,insufficient_baseline_history_d16
russia_sanctions_bill,KXFED-27SEP-T1.75,5,insufficient_baseline_history_d16
russia_sanctions_bill,KXFED-27SEP-T1.50,1,insufficient_baseline_history_d16
russia_sanctions_bill,KXFED-27SEP-T1.50,3,insufficient_baseline_history_d16
russia_sanctions_bill,KXFED-27SEP-T1.50,5,insufficient_baseline_history_d16
russia_sanctions_bill,KXFED-27SEP-T1.25,1,insufficient_baseline_history_d16
russia_sanctions_bill,KXFED-27SEP-T1.25,3,insufficient_baseline_history_d16
russia_sanctions_bill,KXFED-27SEP-T1.25,5,insufficient_baseline_history_d16
russia_sanctions_bill,KXFED-27SEP-T1.00,1,insufficient_baseline_history_d16
russia_sanctions_bill,KXFED-27SEP-T1.00,3,insufficient_baseline_history_d16
russia_sanctions_bill,KXFED-27SEP-T1.00,5,insufficient_baseline_history_d16
russia_sanctions_bill,KXFED-27SEP-T0.75,1,insufficient_baseline_history_d16
russia_sanctions_bill,KXFED-27SEP-T0.75,3,insufficient_baseline_history_d16
russia_sanctions_bill,KXFED-27SEP-T0.75,5,insufficient_baseline_history_d16
russia_sanctions_bill,KXFED-27SEP-T0.50,1,insufficient_baseline_history_d16
russia_sanctions_bill,KXFED-27SEP-T0.50,3,insufficient_baseline_history_d16
russia_sanctions_bill,KXFED-27SEP-T0.50,5,insufficient_baseline_history_d16
russia_sanctions_bill,KXFED-27SEP-T0.25,1,insufficient_baseline_history_d16
russia_sanctions_bill,KXFED-27SEP-T0.25,3,insufficient_baseline_history_d16
russia_sanctions_bill,KXFED-27SEP-T0.25,5,insufficient_baseline_history_d16
russia_sanctions_bill,KXFED-27SEP-T0.00,1,insufficient_baseline_history_d16
russia_sanctions_bill,KXFED-27SEP-T0.00,3,insufficient_baseline_history_d16
russia_sanctions_bill,KXFED-27SEP-T0.00,5,insufficient_baseline_history_d16
russia_sanctions_bill,KXFED-27JUL-T6.00,1,insufficient_baseline_history_d16
russia_sanctions_bill,KXFED-27JUL-T6.00,3,insufficient_baseline_history_d16
russia_sanctions_bill,KXFED-27JUL-T6.00,5,insufficient_baseline_history_d16
russia_sanctions_bill,KXFED-27JUL-T5.75,1,insufficient_baseline_history_d16
russia_sanctions_bill,KXFED-27JUL-T5.75,3,insufficient_baseline_history_d16
russia_sanctions_bill,KXFED-27JUL-T5.75,5,insufficient_baseline_history_d16
russia_sanctions_bill,KXFED-27JUL-T5.50,1,insufficient_baseline_history_d16
russia_sanctions_bill,KXFED-27JUL-T5.50,3,insufficient_baseline_history_d16
russia_sanctions_bill,KXFED-27JUL-T5.50,5,insufficient_baseline_history_d16
russia_sanctions_bill,KXFED-27JUL-T5.25,1,insufficient_baseline_history_d16
russia_sanctions_bill,KXFED-27JUL-T5.25,3,insufficient_baseline_history_d16
russia_sanctions_bill,KXFED-27JUL-T5.25,5,insufficient_baseline_history_d16
russia_sanctions_bill,KXFED-27JUL-T5.00,1,insufficient_baseline_history_d16
russia_sanctions_bill,KXFED-27JUL-T5.00,3,insufficient_baseline_history_d16
russia_sanctions_bill,KXFED-27JUL-T5.00,5,insufficient_baseline_history_d16
russia_sanctions_bill,KXFED-27JUL-T4.75,1,insufficient_baseline_history_d16
russia_sanctions_bill,KXFED-27JUL-T4.75,3,insufficient_baseline_history_d16
russia_sanctions_bill,KXFED-27JUL-T4.75,5,insufficient_baseline_history_d16
russia_sanctions_bill,KXFED-27JUL-T4.50,1,insufficient_baseline_history_d16
russia_sanctions_bill,KXFED-27JUL-T4.50,3,insufficient_baseline_history_d16
russia_sanctions_bill,KXFED-27JUL-T4.50,5,insufficient_baseline_history_d16
russia_sanctions_bill,KXFED-27JUL-T4.25,1,insufficient_baseline_history_d16
russia_sanctions_bill,KXFED-27JUL-T4.25,3,insufficient_baseline_history_d16
russia_sanctions_bill,KXFED-27JUL-T4.25,5,insufficient_baseline_history_d16
russia_sanctions_bill,KXFED-27JUL-T4.00,1,insufficient_baseline_history_d16
russia_sanctions_bill,KXFED-27JUL-T4.00,3,insufficient_baseline_history_d16
russia_sanctions_bill,KXFED-27JUL-T4.00,5,insufficient_baseline_history_d16
russia_sanctions_bill,KXFED-27JUL-T3.75,1,insufficient_baseline_history_d16
russia_sanctions_bill,KXFED-27JUL-T3.75,3,insufficient_baseline_history_d16
russia_sanctions_bill,KXFED-27JUL-T3.75,5,insufficient_baseline_history_d16
russia_sanctions_bill,KXFED-27JUL-T3.50,1,insufficient_baseline_history_d16
russia_sanctions_bill,KXFED-27JUL-T3.50,3,insufficient_baseline_history_d16
russia_sanctions_bill,KXFED-27JUL-T3.50,5,insufficient_baseline_history_d16
russia_sanctions_bill,KXFED-27JUL-T3.25,1,insufficient_baseline_history_d16
russia_sanctions_bill,KXFED-27JUL-T3.25,3,insufficient_baseline_history_d16
russia_sanctions_bill,KXFED-27JUL-T3.25,5,insufficient_baseline_history_d16
russia_sanctions_bill,KXFED-27JUL-T3.00,1,insufficient_baseline_history_d16
russia_sanctions_bill,KXFED-27JUL-T3.00,3,insufficient_baseline_history_d16
russia_sanctions_bill,KXFED-27JUL-T3.00,5,insufficient_baseline_history_d16
russia_sanctions_bill,KXFED-27JUL-T2.75,1,insufficient_baseline_history_d16
russia_sanctions_bill,KXFED-27JUL-T2.75,3,insufficient_baseline_history_d16
russia_sanctions_bill,KXFED-27JUL-T2.75,5,insufficient_baseline_history_d16
russia_sanctions_bill,KXFED-27JUL-T2.50,1,insufficient_baseline_history_d16
russia_sanctions_bill,KXFED-27JUL-T2.50,3,insufficient_baseline_history_d16
russia_sanctions_bill,KXFED-27JUL-T2.50,5,insufficient_baseline_history_d16
russia_sanctions_bill,KXFED-27JUL-T2.25,1,insufficient_baseline_history_d16
russia_sanctions_bill,KXFED-27JUL-T2.25,3,insufficient_baseline_history_d16
russia_sanctions_bill,KXFED-27JUL-T2.25,5,insufficient_baseline_history_d16
russia_sanctions_bill,KXFED-27JUL-T2.00,1,insufficient_baseline_history_d16
russia_sanctions_bill,KXFED-27JUL-T2.00,3,insufficient_baseline_history_d16
russia_sanctions_bill,KXFED-27JUL-T2.00,5,insufficient_baseline_history_d16
russia_sanctions_bill,KXFED-27JUL-T1.75,1,insufficient_baseline_history_d16
russia_sanctions_bill,KXFED-27JUL-T1.75,3,insufficient_baseline_history_d16
russia_sanctions_bill,KXFED-27JUL-T1.75,5,insufficient_baseline_history_d16
russia_sanctions_bill,KXFED-27JUL-T1.50,1,insufficient_baseline_history_d16
russia_sanctions_bill,KXFED-27JUL-T1.50,3,insufficient_baseline_history_d16
russia_sanctions_bill,KXFED-27JUL-T1.50,5,insufficient_baseline_history_d16
russia_sanctions_bill,KXFED-27JUL-T1.25,1,insufficient_baseline_history_d16
russia_sanctions_bill,KXFED-27JUL-T1.25,3,insufficient_baseline_history_d16
russia_sanctions_bill,KXFED-27JUL-T1.25,5,insufficient_baseline_history_d16
russia_sanctions_bill,KXFED-27JUL-T1.00,1,insufficient_baseline_history_d16
russia_sanctions_bill,KXFED-27JUL-T1.00,3,insufficient_baseline_history_d16
russia_sanctions_bill,KXFED-27JUL-T1.00,5,insufficient_baseline_history_d16
russia_sanctions_bill,KXFED-27JUL-T0.50,1,insufficient_baseline_history_d16
russia_sanctions_bill,KXFED-27JUL-T0.50,3,insufficient_baseline_history_d16
russia_sanctions_bill,KXFED-27JUL-T0.50,5,insufficient_baseline_history_d16
russia_sanctions_bill,KXFED-27JUL-T0.25,1,insufficient_baseline_history_d16
russia_sanctions_bill,KXFED-27JUL-T0.25,3,insufficient_baseline_history_d16
russia_sanctions_bill,KXFED-27JUL-T0.25,5,insufficient_baseline_history_d16
russia_sanctions_bill,KXFED-27JUL-T0.00,1,insufficient_baseline_history_d16
russia_sanctions_bill,KXFED-27JUL-T0.00,3,insufficient_baseline_history_d16
russia_sanctions_bill,KXFED-27JUL-T0.00,5,insufficient_baseline_history_d16
russia_sanctions_bill,KXFED-27JUN-T6.00,1,insufficient_baseline_history_d16
russia_sanctions_bill,KXFED-27JUN-T6.00,3,insufficient_baseline_history_d16
russia_sanctions_bill,KXFED-27JUN-T6.00,5,insufficient_baseline_history_d16
russia_sanctions_bill,KXFED-27JUN-T5.75,1,insufficient_baseline_history_d16
russia_sanctions_bill,KXFED-27JUN-T5.75,3,insufficient_baseline_history_d16
russia_sanctions_bill,KXFED-27JUN-T5.75,5,insufficient_baseline_history_d16
russia_sanctions_bill,KXFED-27JUN-T5.50,1,insufficient_baseline_history_d16
russia_sanctions_bill,KXFED-27JUN-T5.50,3,insufficient_baseline_history_d16
russia_sanctions_bill,KXFED-27JUN-T5.50,5,insufficient_baseline_history_d16
russia_sanctions_bill,KXFED-27JUN-T5.25,1,insufficient_baseline_history_d16
russia_sanctions_bill,KXFED-27JUN-T5.25,3,insufficient_baseline_history_d16
russia_sanctions_bill,KXFED-27JUN-T5.25,5,insufficient_baseline_history_d16
russia_sanctions_bill,KXFED-27JUN-T5.00,1,insufficient_baseline_history_d16
russia_sanctions_bill,KXFED-27JUN-T5.00,3,insufficient_baseline_history_d16
russia_sanctions_bill,KXFED-27JUN-T5.00,5,insufficient_baseline_history_d16
russia_sanctions_bill,KXFED-27JUN-T4.75,1,insufficient_baseline_history_d16
russia_sanctions_bill,KXFED-27JUN-T4.75,3,insufficient_baseline_history_d16
russia_sanctions_bill,KXFED-27JUN-T4.75,5,insufficient_baseline_history_d16
russia_sanctions_bill,KXFED-27JUN-T4.50,1,insufficient_baseline_history_d16
russia_sanctions_bill,KXFED-27JUN-T4.50,3,insufficient_baseline_history_d16
russia_sanctions_bill,KXFED-27JUN-T4.50,5,insufficient_baseline_history_d16
russia_sanctions_bill,KXFED-27JUN-T4.25,1,insufficient_baseline_history_d16
russia_sanctions_bill,KXFED-27JUN-T4.25,3,insufficient_baseline_history_d16
russia_sanctions_bill,KXFED-27JUN-T4.25,5,insufficient_baseline_history_d16
russia_sanctions_bill,KXFED-27JUN-T4.00,1,insufficient_baseline_history_d16
russia_sanctions_bill,KXFED-27JUN-T4.00,3,insufficient_baseline_history_d16
russia_sanctions_bill,KXFED-27JUN-T4.00,5,insufficient_baseline_history_d16
russia_sanctions_bill,KXFED-27JUN-T3.75,1,insufficient_baseline_history_d16
russia_sanctions_bill,KXFED-27JUN-T3.75,3,insufficient_baseline_history_d16
russia_sanctions_bill,KXFED-27JUN-T3.75,5,insufficient_baseline_history_d16
russia_sanctions_bill,KXFED-27JUN-T3.50,1,insufficient_baseline_history_d16
russia_sanctions_bill,KXFED-27JUN-T3.50,3,insufficient_baseline_history_d16
russia_sanctions_bill,KXFED-27JUN-T3.50,5,insufficient_baseline_history_d16
russia_sanctions_bill,KXFED-27JUN-T3.00,1,insufficient_baseline_history_d16
russia_sanctions_bill,KXFED-27JUN-T3.00,3,insufficient_baseline_history_d16
russia_sanctions_bill,KXFED-27JUN-T3.00,5,insufficient_baseline_history_d16
russia_sanctions_bill,KXFED-27JUN-T2.75,1,insufficient_baseline_history_d16
russia_sanctions_bill,KXFED-27JUN-T2.75,3,insufficient_baseline_history_d16
russia_sanctions_bill,KXFED-27JUN-T2.75,5,insufficient_baseline_history_d16
russia_sanctions_bill,KXFED-27JUN-T2.50,1,insufficient_baseline_history_d16
russia_sanctions_bill,KXFED-27JUN-T2.50,3,insufficient_baseline_history_d16
russia_sanctions_bill,KXFED-27JUN-T2.50,5,insufficient_baseline_history_d16
russia_sanctions_bill,KXFED-27JUN-T2.25,1,insufficient_baseline_history_d16
russia_sanctions_bill,KXFED-27JUN-T2.25,3,insufficient_baseline_history_d16
russia_sanctions_bill,KXFED-27JUN-T2.25,5,insufficient_baseline_history_d16
russia_sanctions_bill,KXFED-27JUN-T2.00,1,insufficient_baseline_history_d16
russia_sanctions_bill,KXFED-27JUN-T2.00,3,insufficient_baseline_history_d16
russia_sanctions_bill,KXFED-27JUN-T2.00,5,insufficient_baseline_history_d16
russia_sanctions_bill,KXFED-27JUN-T1.75,1,insufficient_baseline_history_d16
russia_sanctions_bill,KXFED-27JUN-T1.75,3,insufficient_baseline_history_d16
russia_sanctions_bill,KXFED-27JUN-T1.75,5,insufficient_baseline_history_d16
russia_sanctions_bill,KXFED-27JUN-T1.50,1,insufficient_baseline_history_d16
russia_sanctions_bill,KXFED-27JUN-T1.50,3,insufficient_baseline_history_d16
russia_sanctions_bill,KXFED-27JUN-T1.50,5,insufficient_baseline_history_d16
russia_sanctions_bill,KXFED-27JUN-T1.25,1,insufficient_baseline_history_d16
russia_sanctions_bill,KXFED-27JUN-T1.25,3,insufficient_baseline_history_d16
russia_sanctions_bill,KXFED-27JUN-T1.25,5,insufficient_baseline_history_d16
russia_sanctions_bill,KXFED-27JUN-T1.00,1,insufficient_baseline_history_d16
russia_sanctions_bill,KXFED-27JUN-T1.00,3,insufficient_baseline_history_d16
russia_sanctions_bill,KXFED-27JUN-T1.00,5,insufficient_baseline_history_d16
russia_sanctions_bill,KXFED-27JUN-T0.75,1,insufficient_baseline_history_d16
russia_sanctions_bill,KXFED-27JUN-T0.75,3,insufficient_baseline_history_d16
russia_sanctions_bill,KXFED-27JUN-T0.75,5,insufficient_baseline_history_d16
russia_sanctions_bill,KXFED-27JUN-T0.50,1,insufficient_baseline_history_d16
russia_sanctions_bill,KXFED-27JUN-T0.50,3,insufficient_baseline_history_d16
russia_sanctions_bill,KXFED-27JUN-T0.50,5,insufficient_baseline_history_d16
russia_sanctions_bill,KXFED-27JUN-T0.25,1,insufficient_baseline_history_d16
russia_sanctions_bill,KXFED-27JUN-T0.25,3,insufficient_baseline_history_d16
russia_sanctions_bill,KXFED-27JUN-T0.25,5,insufficient_baseline_history_d16
russia_sanctions_bill,KXFED-27JUN-T0.00,1,insufficient_baseline_history_d16
russia_sanctions_bill,KXFED-27JUN-T0.00,3,insufficient_baseline_history_d16
russia_sanctions_bill,KXFED-27JUN-T0.00,5,insufficient_baseline_history_d16
russia_sanctions_bill,KXCPI-26OCT-T1.0,1,insufficient_baseline_history_d16
russia_sanctions_bill,KXCPI-26OCT-T1.0,3,insufficient_baseline_history_d16
russia_sanctions_bill,KXCPI-26OCT-T1.0,5,insufficient_baseline_history_d16
russia_sanctions_bill,KXCPI-26OCT-T0.9,1,insufficient_baseline_history_d16
russia_sanctions_bill,KXCPI-26OCT-T0.9,3,insufficient_baseline_history_d16
russia_sanctions_bill,KXCPI-26OCT-T0.9,5,insufficient_baseline_history_d16
russia_sanctions_bill,KXCPI-26OCT-T0.8,1,insufficient_baseline_history_d16
russia_sanctions_bill,KXCPI-26OCT-T0.8,3,insufficient_baseline_history_d16
russia_sanctions_bill,KXCPI-26OCT-T0.8,5,insufficient_baseline_history_d16
russia_sanctions_bill,KXCPI-26OCT-T0.7,1,insufficient_baseline_history_d16
russia_sanctions_bill,KXCPI-26OCT-T0.7,3,insufficient_baseline_history_d16
russia_sanctions_bill,KXCPI-26OCT-T0.7,5,insufficient_baseline_history_d16
russia_sanctions_bill,KXCPI-26OCT-T0.6,1,insufficient_baseline_history_d16
russia_sanctions_bill,KXCPI-26OCT-T0.6,3,insufficient_baseline_history_d16
russia_sanctions_bill,KXCPI-26OCT-T0.6,5,insufficient_baseline_history_d16
russia_sanctions_bill,KXCPI-26DEC-T0.9,1,insufficient_baseline_history_d16
russia_sanctions_bill,KXCPI-26DEC-T0.9,3,insufficient_baseline_history_d16
russia_sanctions_bill,KXCPI-26DEC-T0.9,5,insufficient_baseline_history_d16
russia_sanctions_bill,KXCPI-26DEC-T0.8,1,insufficient_baseline_history_d16
russia_sanctions_bill,KXCPI-26DEC-T0.8,3,insufficient_baseline_history_d16
russia_sanctions_bill,KXCPI-26DEC-T0.8,5,insufficient_baseline_history_d16
russia_sanctions_bill,KXCPI-26DEC-T0.7,1,insufficient_baseline_history_d16
russia_sanctions_bill,KXCPI-26DEC-T0.7,3,insufficient_baseline_history_d16
russia_sanctions_bill,KXCPI-26DEC-T0.7,5,insufficient_baseline_history_d16
russia_sanctions_bill,KXCPI-26DEC-T0.6,1,insufficient_baseline_history_d16
russia_sanctions_bill,KXCPI-26DEC-T0.6,3,insufficient_baseline_history_d16
russia_sanctions_bill,KXCPI-26DEC-T0.6,5,insufficient_baseline_history_d16
russia_sanctions_bill,KXCPI-26DEC-T0.5,1,insufficient_baseline_history_d16
russia_sanctions_bill,KXCPI-26DEC-T0.5,3,insufficient_baseline_history_d16
russia_sanctions_bill,KXCPI-26DEC-T0.5,5,insufficient_baseline_history_d16
russia_sanctions_bill,KXCPI-26DEC-T0.4,1,insufficient_baseline_history_d16
russia_sanctions_bill,KXCPI-26DEC-T0.4,3,insufficient_baseline_history_d16
russia_sanctions_bill,KXCPI-26DEC-T0.4,5,insufficient_baseline_history_d16
russia_sanctions_bill,KXCPI-26DEC-T0.3,1,insufficient_baseline_history_d16
russia_sanctions_bill,KXCPI-26DEC-T0.3,3,insufficient_baseline_history_d16
russia_sanctions_bill,KXCPI-26DEC-T0.3,5,insufficient_baseline_history_d16
russia_sanctions_bill,KXCPI-26DEC-T0.2,1,insufficient_baseline_history_d16
russia_sanctions_bill,KXCPI-26DEC-T0.2,3,insufficient_baseline_history_d16
russia_sanctions_bill,KXCPI-26DEC-T0.2,5,insufficient_baseline_history_d16
russia_sanctions_bill,KXCPI-26DEC-T-0.1,1,insufficient_baseline_history_d16
russia_sanctions_bill,KXCPI-26DEC-T-0.1,3,insufficient_baseline_history_d16
russia_sanctions_bill,KXCPI-26DEC-T-0.1,5,insufficient_baseline_history_d16
russia_sanctions_bill,KXCPI-26DEC-T0.0,1,insufficient_baseline_history_d16
russia_sanctions_bill,KXCPI-26DEC-T0.0,3,insufficient_baseline_history_d16
russia_sanctions_bill,KXCPI-26DEC-T0.0,5,insufficient_baseline_history_d16
russia_sanctions_bill,KXCPI-26SEP-T0.9,1,insufficient_baseline_history_d16
russia_sanctions_bill,KXCPI-26SEP-T0.9,3,insufficient_baseline_history_d16
russia_sanctions_bill,KXCPI-26SEP-T0.9,5,insufficient_baseline_history_d16
russia_sanctions_bill,KXCPI-26SEP-T0.8,1,insufficient_baseline_history_d16
russia_sanctions_bill,KXCPI-26SEP-T0.8,3,insufficient_baseline_history_d16
russia_sanctions_bill,KXCPI-26SEP-T0.8,5,insufficient_baseline_history_d16
russia_sanctions_bill,KXCPI-26SEP-T0.7,1,insufficient_baseline_history_d16
russia_sanctions_bill,KXCPI-26SEP-T0.7,3,insufficient_baseline_history_d16
russia_sanctions_bill,KXCPI-26SEP-T0.7,5,insufficient_baseline_history_d16
russia_sanctions_bill,KXCPI-26AUG-T0.7,1,no_window_data
russia_sanctions_bill,KXCPI-26AUG-T0.7,3,no_window_data
russia_sanctions_bill,KXCPI-26AUG-T0.7,5,no_window_data
russia_sanctions_bill,KXCPI-26AUG-T0.0,1,no_window_data
russia_sanctions_bill,KXCPI-26AUG-T0.0,3,no_window_data
russia_sanctions_bill,KXCPI-26AUG-T0.0,5,no_window_data
russia_sanctions_bill,KXCPI-26JUL-T0.5,1,insufficient_baseline_history_d16
russia_sanctions_bill,KXCPI-26JUL-T0.5,3,insufficient_baseline_history_d16
russia_sanctions_bill,KXCPI-26JUL-T0.5,5,insufficient_baseline_history_d16
russia_sanctions_bill,KXCPI-26JUL-T0.3,1,insufficient_baseline_history_d16
russia_sanctions_bill,KXCPI-26JUL-T0.3,3,insufficient_baseline_history_d16
russia_sanctions_bill,KXCPI-26JUL-T0.3,5,insufficient_baseline_history_d16
russia_sanctions_bill,KXCPI-26JUL-T0.2,1,insufficient_baseline_history_d16
russia_sanctions_bill,KXCPI-26JUL-T0.2,3,insufficient_baseline_history_d16
russia_sanctions_bill,KXCPI-26JUL-T0.2,5,insufficient_baseline_history_d16
russia_sanctions_bill,KXCPI-26JUL-T0.1,1,insufficient_baseline_history_d16
russia_sanctions_bill,KXCPI-26JUL-T0.1,3,insufficient_baseline_history_d16
russia_sanctions_bill,KXCPI-26JUL-T0.1,5,insufficient_baseline_history_d16
russia_sanctions_bill,KXCPI-26JUL-T0.0,1,insufficient_baseline_history_d16
russia_sanctions_bill,KXCPI-26JUL-T0.0,3,insufficient_baseline_history_d16
russia_sanctions_bill,KXCPI-26JUL-T0.0,5,insufficient_baseline_history_d16
russia_sanctions_bill,KXCPICORE-26DEC-T1.0,1,insufficient_baseline_history_d16
russia_sanctions_bill,KXCPICORE-26DEC-T1.0,3,insufficient_baseline_history_d16
russia_sanctions_bill,KXCPICORE-26DEC-T1.0,5,insufficient_baseline_history_d16
russia_sanctions_bill,KXCPICORE-26DEC-T0.9,1,insufficient_baseline_history_d16
russia_sanctions_bill,KXCPICORE-26DEC-T0.9,3,insufficient_baseline_history_d16
russia_sanctions_bill,KXCPICORE-26DEC-T0.9,5,insufficient_baseline_history_d16
russia_sanctions_bill,KXCPICORE-26DEC-T0.8,1,insufficient_baseline_history_d16
russia_sanctions_bill,KXCPICORE-26DEC-T0.8,3,insufficient_baseline_history_d16
russia_sanctions_bill,KXCPICORE-26DEC-T0.8,5,insufficient_baseline_history_d16
russia_sanctions_bill,KXCPICORE-26DEC-T0.7,1,insufficient_baseline_history_d16
russia_sanctions_bill,KXCPICORE-26DEC-T0.7,3,insufficient_baseline_history_d16
russia_sanctions_bill,KXCPICORE-26DEC-T0.7,5,insufficient_baseline_history_d16
russia_sanctions_bill,KXCPICORE-26DEC-T0.6,1,insufficient_baseline_history_d16
russia_sanctions_bill,KXCPICORE-26DEC-T0.6,3,insufficient_baseline_history_d16
russia_sanctions_bill,KXCPICORE-26DEC-T0.6,5,insufficient_baseline_history_d16
russia_sanctions_bill,KXCPICORE-26DEC-T0.4,1,insufficient_baseline_history_d16
russia_sanctions_bill,KXCPICORE-26DEC-T0.4,3,insufficient_baseline_history_d16
russia_sanctions_bill,KXCPICORE-26DEC-T0.4,5,insufficient_baseline_history_d16
russia_sanctions_bill,KXCPICORE-26DEC-T0.3,1,insufficient_baseline_history_d16
russia_sanctions_bill,KXCPICORE-26DEC-T0.3,3,insufficient_baseline_history_d16
russia_sanctions_bill,KXCPICORE-26DEC-T0.3,5,insufficient_baseline_history_d16
russia_sanctions_bill,KXCPICORE-26DEC-T0.2,1,insufficient_baseline_history_d16
russia_sanctions_bill,KXCPICORE-26DEC-T0.2,3,insufficient_baseline_history_d16
russia_sanctions_bill,KXCPICORE-26DEC-T0.2,5,insufficient_baseline_history_d16
russia_sanctions_bill,KXCPICORE-26DEC-T0.1,1,insufficient_baseline_history_d16
russia_sanctions_bill,KXCPICORE-26DEC-T0.1,3,insufficient_baseline_history_d16
russia_sanctions_bill,KXCPICORE-26DEC-T0.1,5,insufficient_baseline_history_d16
russia_sanctions_bill,KXCPICORE-26DEC-T0.0,1,insufficient_baseline_history_d16
russia_sanctions_bill,KXCPICORE-26DEC-T0.0,3,insufficient_baseline_history_d16
russia_sanctions_bill,KXCPICORE-26DEC-T0.0,5,insufficient_baseline_history_d16
russia_sanctions_bill,KXCPICORE-26NOV-T1.0,1,insufficient_baseline_history_d16
russia_sanctions_bill,KXCPICORE-26NOV-T1.0,3,insufficient_baseline_history_d16
russia_sanctions_bill,KXCPICORE-26NOV-T1.0,5,insufficient_baseline_history_d16
russia_sanctions_bill,KXCPICORE-26OCT-T0.6,1,insufficient_baseline_history_d16
russia_sanctions_bill,KXCPICORE-26OCT-T0.6,3,insufficient_baseline_history_d16
russia_sanctions_bill,KXCPICORE-26OCT-T0.6,5,insufficient_baseline_history_d16
russia_sanctions_bill,KXCPICORE-26SEP-T0.9,1,insufficient_baseline_history_d16
russia_sanctions_bill,KXCPICORE-26SEP-T0.9,3,insufficient_baseline_history_d16
russia_sanctions_bill,KXCPICORE-26SEP-T0.9,5,insufficient_baseline_history_d16
russia_sanctions_bill,KXCPICORE-26SEP-T0.8,1,insufficient_baseline_history_d16
russia_sanctions_bill,KXCPICORE-26SEP-T0.8,3,insufficient_baseline_history_d16
russia_sanctions_bill,KXCPICORE-26SEP-T0.8,5,insufficient_baseline_history_d16
russia_sanctions_bill,KXCPICORE-26SEP-T0.5,1,insufficient_baseline_history_d16
russia_sanctions_bill,KXCPICORE-26SEP-T0.5,3,insufficient_baseline_history_d16
russia_sanctions_bill,KXCPICORE-26SEP-T0.5,5,insufficient_baseline_history_d16
russia_sanctions_bill,KXCPICORE-26SEP-T0.4,1,insufficient_baseline_history_d16
russia_sanctions_bill,KXCPICORE-26SEP-T0.4,3,insufficient_baseline_history_d16
russia_sanctions_bill,KXCPICORE-26SEP-T0.4,5,insufficient_baseline_history_d16
russia_sanctions_bill,KXCPICORE-26AUG-T1.0,1,insufficient_baseline_history_d16
russia_sanctions_bill,KXCPICORE-26AUG-T1.0,3,insufficient_baseline_history_d16
russia_sanctions_bill,KXCPICORE-26AUG-T1.0,5,insufficient_baseline_history_d16
russia_sanctions_bill,KXCPICORE-26AUG-T0.9,1,insufficient_baseline_history_d16
russia_sanctions_bill,KXCPICORE-26AUG-T0.9,3,insufficient_baseline_history_d16
russia_sanctions_bill,KXCPICORE-26AUG-T0.9,5,insufficient_baseline_history_d16
russia_sanctions_bill,KXCPICORE-26AUG-T0.7,1,no_window_data
russia_sanctions_bill,KXCPICORE-26AUG-T0.7,3,no_window_data
russia_sanctions_bill,KXCPICORE-26AUG-T0.7,5,no_window_data
russia_sanctions_bill,KXCPICORE-26AUG-T0.3,1,no_window_data
russia_sanctions_bill,KXCPICORE-26AUG-T0.3,3,no_window_data
russia_sanctions_bill,KXCPICORE-26AUG-T0.3,5,no_window_data
russia_sanctions_bill,KXCPICORE-26AUG-T0.2,1,no_window_data
russia_sanctions_bill,KXCPICORE-26AUG-T0.2,3,no_window_data
russia_sanctions_bill,KXCPICORE-26AUG-T0.2,5,no_window_data
russia_sanctions_bill,KXCPICORE-26JUL-T1.0,1,insufficient_baseline_history_d16
russia_sanctions_bill,KXCPICORE-26JUL-T1.0,3,insufficient_baseline_history_d16
russia_sanctions_bill,KXCPICORE-26JUL-T1.0,5,insufficient_baseline_history_d16
russia_sanctions_bill,KXCPICORE-26JUL-T0.9,1,insufficient_baseline_history_d16
russia_sanctions_bill,KXCPICORE-26JUL-T0.9,3,insufficient_baseline_history_d16
russia_sanctions_bill,KXCPICORE-26JUL-T0.9,5,insufficient_baseline_history_d16
russia_sanctions_bill,KXCPICORE-26JUL-T0.8,1,insufficient_baseline_history_d16
russia_sanctions_bill,KXCPICORE-26JUL-T0.8,3,insufficient_baseline_history_d16
russia_sanctions_bill,KXCPICORE-26JUL-T0.8,5,insufficient_baseline_history_d16
russia_sanctions_bill,KXCPICORE-26JUL-T0.7,1,insufficient_baseline_history_d16
russia_sanctions_bill,KXCPICORE-26JUL-T0.7,3,insufficient_baseline_history_d16
russia_sanctions_bill,KXCPICORE-26JUL-T0.7,5,insufficient_baseline_history_d16
russia_sanctions_bill,KXCPICORE-26JUL-T0.6,1,insufficient_baseline_history_d16
russia_sanctions_bill,KXCPICORE-26JUL-T0.6,3,insufficient_baseline_history_d16
russia_sanctions_bill,KXCPICORE-26JUL-T0.6,5,insufficient_baseline_history_d16
russia_sanctions_bill,KXCPICORE-26JUL-T0.3,1,insufficient_baseline_history_d16
russia_sanctions_bill,KXCPICORE-26JUL-T0.3,3,insufficient_baseline_history_d16
russia_sanctions_bill,KXCPICORE-26JUL-T0.3,5,insufficient_baseline_history_d16
russia_sanctions_bill,KXCPICORE-26JUL-T0.2,1,insufficient_baseline_history_d16
russia_sanctions_bill,KXCPICORE-26JUL-T0.2,3,insufficient_baseline_history_d16
russia_sanctions_bill,KXCPICORE-26JUL-T0.2,5,insufficient_baseline_history_d16
russia_sanctions_bill,KXCPICORE-26JUL-T0.1,1,insufficient_baseline_history_d16
russia_sanctions_bill,KXCPICORE-26JUL-T0.1,3,insufficient_baseline_history_d16
russia_sanctions_bill,KXCPICORE-26JUL-T0.1,5,insufficient_baseline_history_d16
russia_sanctions_bill,KXCPICORE-26JUL-T0.0,1,insufficient_baseline_history_d16
russia_sanctions_bill,KXCPICORE-26JUL-T0.0,3,insufficient_baseline_history_d16
russia_sanctions_bill,KXCPICORE-26JUL-T0.0,5,insufficient_baseline_history_d16
russia_sanctions_bill,KXFED-27MAR-T6.00,1,insufficient_baseline_history_d16
russia_sanctions_bill,KXFED-27MAR-T6.00,3,insufficient_baseline_history_d16
russia_sanctions_bill,KXFED-27MAR-T6.00,5,insufficient_baseline_history_d16
russia_sanctions_bill,KXFED-27JAN-T6.00,1,insufficient_baseline_history_d16
russia_sanctions_bill,KXFED-27JAN-T6.00,3,insufficient_baseline_history_d16
russia_sanctions_bill,KXFED-27JAN-T6.00,5,insufficient_baseline_history_d16
russia_sanctions_bill,KXFED-28JAN-T1.75,1,insufficient_baseline_history_d16
russia_sanctions_bill,KXFED-28JAN-T1.75,3,insufficient_baseline_history_d16
russia_sanctions_bill,KXFED-28JAN-T1.75,5,insufficient_baseline_history_d16
russia_sanctions_bill,KXFED-28JAN-T1.50,1,insufficient_baseline_history_d16
russia_sanctions_bill,KXFED-28JAN-T1.50,3,insufficient_baseline_history_d16
russia_sanctions_bill,KXFED-28JAN-T1.50,5,insufficient_baseline_history_d16
russia_sanctions_bill,KXFED-28JAN-T0.25,1,insufficient_baseline_history_d16
russia_sanctions_bill,KXFED-28JAN-T0.25,3,insufficient_baseline_history_d16
russia_sanctions_bill,KXFED-28JAN-T0.25,5,insufficient_baseline_history_d16
russia_sanctions_bill,KXFED-27DEC-T5.50,1,insufficient_baseline_history_d16
russia_sanctions_bill,KXFED-27DEC-T5.50,3,insufficient_baseline_history_d16
russia_sanctions_bill,KXFED-27DEC-T5.50,5,insufficient_baseline_history_d16
russia_sanctions_bill,KXFED-27DEC-T4.25,1,insufficient_baseline_history_d16
russia_sanctions_bill,KXFED-27DEC-T4.25,3,insufficient_baseline_history_d16
russia_sanctions_bill,KXFED-27DEC-T4.25,5,insufficient_baseline_history_d16
russia_sanctions_bill,KXFED-27DEC-T3.50,1,insufficient_baseline_history_d16
russia_sanctions_bill,KXFED-27DEC-T3.50,3,insufficient_baseline_history_d16
russia_sanctions_bill,KXFED-27DEC-T3.50,5,insufficient_baseline_history_d16
russia_sanctions_bill,KXFED-27DEC-T2.00,1,insufficient_baseline_history_d16
russia_sanctions_bill,KXFED-27DEC-T2.00,3,insufficient_baseline_history_d16
russia_sanctions_bill,KXFED-27DEC-T2.00,5,insufficient_baseline_history_d16
russia_sanctions_bill,KXFED-27DEC-T1.75,1,insufficient_baseline_history_d16
russia_sanctions_bill,KXFED-27DEC-T1.75,3,insufficient_baseline_history_d16
russia_sanctions_bill,KXFED-27DEC-T1.75,5,insufficient_baseline_history_d16
russia_sanctions_bill,KXFED-27OCT-T6.00,1,insufficient_baseline_history_d16
russia_sanctions_bill,KXFED-27OCT-T6.00,3,insufficient_baseline_history_d16
russia_sanctions_bill,KXFED-27OCT-T6.00,5,insufficient_baseline_history_d16
russia_sanctions_bill,KXFED-27OCT-T3.75,1,insufficient_baseline_history_d16
russia_sanctions_bill,KXFED-27OCT-T3.75,3,insufficient_baseline_history_d16
russia_sanctions_bill,KXFED-27OCT-T3.75,5,insufficient_baseline_history_d16
russia_sanctions_bill,KXFED-27SEP-T4.75,1,insufficient_baseline_history_d16
russia_sanctions_bill,KXFED-27SEP-T4.75,3,insufficient_baseline_history_d16
russia_sanctions_bill,KXFED-27SEP-T4.75,5,insufficient_baseline_history_d16
russia_sanctions_bill,KXFED-27SEP-T4.50,1,insufficient_baseline_history_d16
russia_sanctions_bill,KXFED-27SEP-T4.50,3,insufficient_baseline_history_d16
russia_sanctions_bill,KXFED-27SEP-T4.50,5,insufficient_baseline_history_d16
russia_sanctions_bill,KXFED-27JUL-T0.75,1,insufficient_baseline_history_d16
russia_sanctions_bill,KXFED-27JUL-T0.75,3,insufficient_baseline_history_d16
russia_sanctions_bill,KXFED-27JUL-T0.75,5,insufficient_baseline_history_d16
russia_sanctions_bill,KXFED-27JUN-T3.25,1,insufficient_baseline_history_d16
russia_sanctions_bill,KXFED-27JUN-T3.25,3,insufficient_baseline_history_d16
russia_sanctions_bill,KXFED-27JUN-T3.25,5,insufficient_baseline_history_d16
russia_sanctions_bill,KXFED-27APR-T4.25,1,no_window_data
russia_sanctions_bill,KXFED-27MAR-T2.25,1,no_window_data
russia_sanctions_bill,KXFED-27MAR-T2.00,1,no_window_data
russia_sanctions_bill,KXFED-27MAR-T1.75,1,no_window_data
russia_sanctions_bill,KXFED-27MAR-T1.00,1,no_window_data
russia_sanctions_bill,KXFED-27MAR-T0.50,1,no_window_data
russia_sanctions_bill,KXFED-26DEC-T5.25,1,insufficient_baseline_history_d16
russia_sanctions_bill,KXFED-26DEC-T5.25,3,insufficient_baseline_history_d16
russia_sanctions_bill,KXFED-26DEC-T5.25,5,insufficient_baseline_history_d16
russia_sanctions_bill,KXFED-26DEC-T5.00,1,insufficient_baseline_history_d16
russia_sanctions_bill,KXFED-26DEC-T5.00,3,insufficient_baseline_history_d16
russia_sanctions_bill,KXFED-26DEC-T5.00,5,insufficient_baseline_history_d16
russia_sanctions_bill,KXFED-26DEC-T4.75,1,no_window_data
russia_sanctions_bill,KXFED-26DEC-T3.00,1,no_window_data
russia_sanctions_bill,KXFED-26DEC-T2.75,1,no_window_data
russia_sanctions_bill,KXFED-26OCT-T5.25,1,insufficient_baseline_history_d16
russia_sanctions_bill,KXFED-26OCT-T5.25,3,insufficient_baseline_history_d16
russia_sanctions_bill,KXFED-26OCT-T5.25,5,insufficient_baseline_history_d16
russia_sanctions_bill,KXFED-26OCT-T5.00,1,insufficient_baseline_history_d16
russia_sanctions_bill,KXFED-26OCT-T5.00,3,insufficient_baseline_history_d16
russia_sanctions_bill,KXFED-26OCT-T5.00,5,insufficient_baseline_history_d16
russia_sanctions_bill,KXFED-26OCT-T4.75,1,insufficient_baseline_history_d16
russia_sanctions_bill,KXFED-26OCT-T4.75,3,insufficient_baseline_history_d16
russia_sanctions_bill,KXFED-26OCT-T4.75,5,insufficient_baseline_history_d16
russia_sanctions_bill,KXFED-26OCT-T3.25,1,no_window_data
russia_sanctions_bill,KXFED-26OCT-T3.00,1,no_window_data
russia_sanctions_bill,KXFED-26OCT-T2.75,1,no_window_data
russia_sanctions_bill,KXFED-26SEP-T5.25,1,insufficient_baseline_history_d16
russia_sanctions_bill,KXFED-26SEP-T5.25,3,insufficient_baseline_history_d16
russia_sanctions_bill,KXFED-26SEP-T5.25,5,insufficient_baseline_history_d16
russia_sanctions_bill,KXFED-26SEP-T5.00,1,insufficient_baseline_history_d16
russia_sanctions_bill,KXFED-26SEP-T5.00,3,insufficient_baseline_history_d16
russia_sanctions_bill,KXFED-26SEP-T5.00,5,insufficient_baseline_history_d16
russia_sanctions_bill,KXFED-26SEP-T4.75,1,insufficient_baseline_history_d16
russia_sanctions_bill,KXFED-26SEP-T4.75,3,insufficient_baseline_history_d16
russia_sanctions_bill,KXFED-26SEP-T4.75,5,insufficient_baseline_history_d16
russia_sanctions_bill,KXCPI-26DEC-T0.1,1,insufficient_baseline_history_d16
russia_sanctions_bill,KXCPI-26DEC-T0.1,3,insufficient_baseline_history_d16
russia_sanctions_bill,KXCPI-26DEC-T0.1,5,insufficient_baseline_history_d16
russia_sanctions_bill,KXCPI-26AUG-T1.0,1,no_window_data
russia_sanctions_bill,KXCPI-26AUG-T1.0,3,no_window_data
russia_sanctions_bill,KXCPI-26AUG-T1.0,5,no_window_data
russia_sanctions_bill,KXCPI-26AUG-T0.9,1,no_window_data
russia_sanctions_bill,KXCPI-26AUG-T0.9,3,no_window_data
russia_sanctions_bill,KXCPI-26AUG-T0.9,5,no_window_data
russia_sanctions_bill,KXCPI-26AUG-T0.8,1,no_window_data
russia_sanctions_bill,KXCPI-26AUG-T0.8,3,no_window_data
russia_sanctions_bill,KXCPI-26AUG-T0.8,5,no_window_data
russia_sanctions_bill,KXCPI-26AUG-T0.6,1,no_window_data
russia_sanctions_bill,KXCPI-26AUG-T0.6,3,no_window_data
russia_sanctions_bill,KXCPI-26AUG-T0.6,5,no_window_data
russia_sanctions_bill,KXCPI-26AUG-T-0.4,1,no_window_data
russia_sanctions_bill,KXCPI-26AUG-T-0.4,3,no_window_data
russia_sanctions_bill,KXCPI-26AUG-T-0.4,5,no_window_data
russia_sanctions_bill,KXCPI-26AUG-T-0.3,1,no_window_data
russia_sanctions_bill,KXCPI-26AUG-T-0.3,3,no_window_data
russia_sanctions_bill,KXCPI-26AUG-T-0.3,5,no_window_data
russia_sanctions_bill,KXCPI-26AUG-T-0.2,1,no_window_data
russia_sanctions_bill,KXCPI-26AUG-T-0.2,3,no_window_data
russia_sanctions_bill,KXCPI-26AUG-T-0.2,5,no_window_data
russia_sanctions_bill,KXCPI-26JUL-T-0.4,1,insufficient_baseline_history_d16
russia_sanctions_bill,KXCPI-26JUL-T-0.4,3,insufficient_baseline_history_d16
russia_sanctions_bill,KXCPI-26JUL-T-0.4,5,insufficient_baseline_history_d16
russia_sanctions_bill,KXCPI-26JUL-T-0.3,1,insufficient_baseline_history_d16
russia_sanctions_bill,KXCPI-26JUL-T-0.3,3,insufficient_baseline_history_d16
russia_sanctions_bill,KXCPI-26JUL-T-0.3,5,insufficient_baseline_history_d16
russia_sanctions_bill,KXCPI-26JUL-T-0.2,1,insufficient_baseline_history_d16
russia_sanctions_bill,KXCPI-26JUL-T-0.2,3,insufficient_baseline_history_d16
russia_sanctions_bill,KXCPI-26JUL-T-0.2,5,insufficient_baseline_history_d16
russia_sanctions_bill,KXCPI-26AUG-T0.5,1,no_window_data
russia_sanctions_bill,KXCPI-26AUG-T0.5,3,no_window_data
russia_sanctions_bill,KXCPI-26AUG-T0.5,5,no_window_data
russia_sanctions_bill,KXCPI-26AUG-T0.4,1,no_window_data
russia_sanctions_bill,KXCPI-26AUG-T0.4,3,no_window_data
russia_sanctions_bill,KXCPI-26AUG-T0.4,5,no_window_data
russia_sanctions_bill,KXCPI-26AUG-T0.3,1,no_window_data
russia_sanctions_bill,KXCPI-26AUG-T0.3,3,no_window_data
russia_sanctions_bill,KXCPI-26AUG-T0.3,5,no_window_data
russia_sanctions_bill,KXCPI-26AUG-T0.2,1,no_window_data
russia_sanctions_bill,KXCPI-26AUG-T0.2,3,no_window_data
russia_sanctions_bill,KXCPI-26AUG-T0.2,5,no_window_data
russia_sanctions_bill,KXCPI-26AUG-T0.1,1,no_window_data
russia_sanctions_bill,KXCPI-26AUG-T0.1,3,no_window_data
russia_sanctions_bill,KXCPI-26AUG-T0.1,5,no_window_data
russia_sanctions_bill,KXCPI-26AUG-T-0.1,1,no_window_data
russia_sanctions_bill,KXCPI-26AUG-T-0.1,3,no_window_data
russia_sanctions_bill,KXCPI-26AUG-T-0.1,5,no_window_data
russia_sanctions_bill,KXCPI-26JUL-T0.4,1,insufficient_baseline_history_d16
russia_sanctions_bill,KXCPI-26JUL-T0.4,3,insufficient_baseline_history_d16
russia_sanctions_bill,KXCPI-26JUL-T0.4,5,insufficient_baseline_history_d16
russia_sanctions_bill,KXCPI-26JUL-T-0.1,1,insufficient_baseline_history_d16
russia_sanctions_bill,KXCPI-26JUL-T-0.1,3,insufficient_baseline_history_d16
russia_sanctions_bill,KXCPI-26JUL-T-0.1,5,insufficient_baseline_history_d16
russia_sanctions_bill,KXCPICORE-26DEC-T0.5,1,insufficient_baseline_history_d16
russia_sanctions_bill,KXCPICORE-26DEC-T0.5,3,insufficient_baseline_history_d16
russia_sanctions_bill,KXCPICORE-26DEC-T0.5,5,insufficient_baseline_history_d16
russia_sanctions_bill,KXCPICORE-26NOV-T0.9,1,insufficient_baseline_history_d16
russia_sanctions_bill,KXCPICORE-26NOV-T0.9,3,insufficient_baseline_history_d16
russia_sanctions_bill,KXCPICORE-26NOV-T0.9,5,insufficient_baseline_history_d16
russia_sanctions_bill,KXCPICORE-26NOV-T0.8,1,insufficient_baseline_history_d16
russia_sanctions_bill,KXCPICORE-26NOV-T0.8,3,insufficient_baseline_history_d16
russia_sanctions_bill,KXCPICORE-26NOV-T0.8,5,insufficient_baseline_history_d16
russia_sanctions_bill,KXCPICORE-26NOV-T0.7,1,insufficient_baseline_history_d16
russia_sanctions_bill,KXCPICORE-26NOV-T0.7,3,insufficient_baseline_history_d16
russia_sanctions_bill,KXCPICORE-26NOV-T0.7,5,insufficient_baseline_history_d16
russia_sanctions_bill,KXCPICORE-26NOV-T0.6,1,insufficient_baseline_history_d16
russia_sanctions_bill,KXCPICORE-26NOV-T0.6,3,insufficient_baseline_history_d16
russia_sanctions_bill,KXCPICORE-26NOV-T0.6,5,insufficient_baseline_history_d16
russia_sanctions_bill,KXCPICORE-26NOV-T0.5,1,insufficient_baseline_history_d16
russia_sanctions_bill,KXCPICORE-26NOV-T0.5,3,insufficient_baseline_history_d16
russia_sanctions_bill,KXCPICORE-26NOV-T0.5,5,insufficient_baseline_history_d16
russia_sanctions_bill,KXCPICORE-26NOV-T0.4,1,insufficient_baseline_history_d16
russia_sanctions_bill,KXCPICORE-26NOV-T0.4,3,insufficient_baseline_history_d16
russia_sanctions_bill,KXCPICORE-26NOV-T0.4,5,insufficient_baseline_history_d16
russia_sanctions_bill,KXCPICORE-26OCT-T1.0,1,insufficient_baseline_history_d16
russia_sanctions_bill,KXCPICORE-26OCT-T1.0,3,insufficient_baseline_history_d16
russia_sanctions_bill,KXCPICORE-26OCT-T1.0,5,insufficient_baseline_history_d16
russia_sanctions_bill,KXCPICORE-26OCT-T0.9,1,no_window_data
russia_sanctions_bill,KXCPICORE-26OCT-T0.8,1,insufficient_baseline_history_d16
russia_sanctions_bill,KXCPICORE-26OCT-T0.8,3,insufficient_baseline_history_d16
russia_sanctions_bill,KXCPICORE-26OCT-T0.8,5,insufficient_baseline_history_d16
russia_sanctions_bill,KXCPICORE-26OCT-T0.7,1,insufficient_baseline_history_d16
russia_sanctions_bill,KXCPICORE-26OCT-T0.7,3,insufficient_baseline_history_d16
russia_sanctions_bill,KXCPICORE-26OCT-T0.7,5,insufficient_baseline_history_d16
russia_sanctions_bill,KXCPICORE-26SEP-T1.0,1,insufficient_baseline_history_d16
russia_sanctions_bill,KXCPICORE-26SEP-T1.0,3,insufficient_baseline_history_d16
russia_sanctions_bill,KXCPICORE-26SEP-T1.0,5,insufficient_baseline_history_d16
russia_sanctions_bill,KXCPICORE-26SEP-T0.7,1,insufficient_baseline_history_d16
russia_sanctions_bill,KXCPICORE-26SEP-T0.7,3,insufficient_baseline_history_d16
russia_sanctions_bill,KXCPICORE-26SEP-T0.7,5,insufficient_baseline_history_d16
russia_sanctions_bill,KXCPICORE-26SEP-T0.6,1,insufficient_baseline_history_d16
russia_sanctions_bill,KXCPICORE-26SEP-T0.6,3,insufficient_baseline_history_d16
russia_sanctions_bill,KXCPICORE-26SEP-T0.6,5,insufficient_baseline_history_d16
russia_sanctions_bill,KXCPICORE-26AUG-T0.8,1,insufficient_baseline_history_d16
russia_sanctions_bill,KXCPICORE-26AUG-T0.8,3,insufficient_baseline_history_d16
russia_sanctions_bill,KXCPICORE-26AUG-T0.8,5,insufficient_baseline_history_d16
russia_sanctions_bill,KXCPICORE-26AUG-T0.6,1,insufficient_baseline_history_d16
russia_sanctions_bill,KXCPICORE-26AUG-T0.6,3,insufficient_baseline_history_d16
russia_sanctions_bill,KXCPICORE-26AUG-T0.6,5,insufficient_baseline_history_d16
russia_sanctions_bill,KXCPICORE-26AUG-T0.5,1,insufficient_baseline_history_d16
russia_sanctions_bill,KXCPICORE-26AUG-T0.5,3,insufficient_baseline_history_d16
russia_sanctions_bill,KXCPICORE-26AUG-T0.5,5,insufficient_baseline_history_d16
russia_sanctions_bill,KXCPICORE-26AUG-T0.4,1,insufficient_baseline_history_d16
russia_sanctions_bill,KXCPICORE-26AUG-T0.4,3,insufficient_baseline_history_d16
russia_sanctions_bill,KXCPICORE-26AUG-T0.4,5,insufficient_baseline_history_d16
russia_sanctions_bill,KXCPICORE-26AUG-T0.1,1,no_window_data
russia_sanctions_bill,KXCPICORE-26AUG-T0.1,3,no_window_data
russia_sanctions_bill,KXCPICORE-26AUG-T0.1,5,no_window_data
russia_sanctions_bill,KXCPICORE-26AUG-T0.0,1,no_window_data
russia_sanctions_bill,KXCPICORE-26AUG-T0.0,3,no_window_data
russia_sanctions_bill,KXCPICORE-26AUG-T0.0,5,no_window_data
russia_sanctions_bill,KXCPICORE-26JUL-T0.5,1,insufficient_baseline_history_d16
russia_sanctions_bill,KXCPICORE-26JUL-T0.5,3,insufficient_baseline_history_d16
russia_sanctions_bill,KXCPICORE-26JUL-T0.5,5,insufficient_baseline_history_d16
russia_sanctions_bill,KXCPICORE-26JUL-T0.4,1,insufficient_baseline_history_d16
russia_sanctions_bill,KXCPICORE-26JUL-T0.4,3,insufficient_baseline_history_d16
russia_sanctions_bill,KXCPICORE-26JUL-T0.4,5,insufficient_baseline_history_d16
trump_truth_fed,KXFED-27APR-T6.00,1,insufficient_baseline_history_d16
trump_truth_fed,KXFED-27APR-T6.00,3,insufficient_baseline_history_d16
trump_truth_fed,KXFED-27APR-T6.00,5,insufficient_baseline_history_d16
trump_truth_fed,KXFED-27APR-T5.75,1,insufficient_baseline_history_d16
trump_truth_fed,KXFED-27APR-T5.75,3,insufficient_baseline_history_d16
trump_truth_fed,KXFED-27APR-T5.75,5,insufficient_baseline_history_d16
trump_truth_fed,KXFED-27APR-T5.50,1,insufficient_baseline_history_d16
trump_truth_fed,KXFED-27APR-T5.50,3,insufficient_baseline_history_d16
trump_truth_fed,KXFED-27APR-T5.50,5,insufficient_baseline_history_d16
trump_truth_fed,KXFED-27APR-T5.25,1,insufficient_baseline_history_d16
trump_truth_fed,KXFED-27APR-T5.25,3,insufficient_baseline_history_d16
trump_truth_fed,KXFED-27APR-T5.25,5,insufficient_baseline_history_d16
trump_truth_fed,KXFED-27APR-T5.00,1,insufficient_baseline_history_d16
trump_truth_fed,KXFED-27APR-T5.00,3,insufficient_baseline_history_d16
trump_truth_fed,KXFED-27APR-T5.00,5,insufficient_baseline_history_d16
trump_truth_fed,KXFED-27APR-T4.75,1,insufficient_baseline_history_d16
trump_truth_fed,KXFED-27APR-T4.75,3,insufficient_baseline_history_d16
trump_truth_fed,KXFED-27APR-T4.75,5,insufficient_baseline_history_d16
trump_truth_fed,KXFED-27APR-T4.50,1,insufficient_baseline_history_d16
trump_truth_fed,KXFED-27APR-T4.50,3,insufficient_baseline_history_d16
trump_truth_fed,KXFED-27APR-T4.50,5,insufficient_baseline_history_d16
trump_truth_fed,KXFED-27MAR-T5.75,1,insufficient_baseline_history_d16
trump_truth_fed,KXFED-27MAR-T5.75,3,insufficient_baseline_history_d16
trump_truth_fed,KXFED-27MAR-T5.75,5,insufficient_baseline_history_d16
trump_truth_fed,KXFED-27MAR-T5.50,1,insufficient_baseline_history_d16
trump_truth_fed,KXFED-27MAR-T5.50,3,insufficient_baseline_history_d16
trump_truth_fed,KXFED-27MAR-T5.50,5,insufficient_baseline_history_d16
trump_truth_fed,KXFED-27MAR-T5.25,1,insufficient_baseline_history_d16
trump_truth_fed,KXFED-27MAR-T5.25,3,insufficient_baseline_history_d16
trump_truth_fed,KXFED-27MAR-T5.25,5,insufficient_baseline_history_d16
trump_truth_fed,KXFED-27MAR-T5.00,1,insufficient_baseline_history_d16
trump_truth_fed,KXFED-27MAR-T5.00,3,insufficient_baseline_history_d16
trump_truth_fed,KXFED-27MAR-T5.00,5,insufficient_baseline_history_d16
trump_truth_fed,KXFED-27MAR-T4.75,1,insufficient_baseline_history_d16
trump_truth_fed,KXFED-27MAR-T4.75,3,insufficient_baseline_history_d16
trump_truth_fed,KXFED-27MAR-T4.75,5,insufficient_baseline_history_d16
trump_truth_fed,KXFED-27MAR-T4.50,1,insufficient_baseline_history_d16
trump_truth_fed,KXFED-27MAR-T4.50,3,insufficient_baseline_history_d16
trump_truth_fed,KXFED-27MAR-T4.50,5,insufficient_baseline_history_d16
trump_truth_fed,KXFED-27JAN-T5.75,1,insufficient_baseline_history_d16
trump_truth_fed,KXFED-27JAN-T5.75,3,insufficient_baseline_history_d16
trump_truth_fed,KXFED-27JAN-T5.75,5,insufficient_baseline_history_d16
trump_truth_fed,KXFED-27JAN-T5.50,1,insufficient_baseline_history_d16
trump_truth_fed,KXFED-27JAN-T5.50,3,insufficient_baseline_history_d16
trump_truth_fed,KXFED-27JAN-T5.50,5,insufficient_baseline_history_d16
trump_truth_fed,KXFED-27JAN-T5.25,1,insufficient_baseline_history_d16
trump_truth_fed,KXFED-27JAN-T5.25,3,insufficient_baseline_history_d16
trump_truth_fed,KXFED-27JAN-T5.25,5,insufficient_baseline_history_d16
trump_truth_fed,KXFED-27JAN-T5.00,1,insufficient_baseline_history_d16
trump_truth_fed,KXFED-27JAN-T5.00,3,insufficient_baseline_history_d16
trump_truth_fed,KXFED-27JAN-T5.00,5,insufficient_baseline_history_d16
trump_truth_fed,KXFED-27JAN-T4.75,1,insufficient_baseline_history_d16
trump_truth_fed,KXFED-27JAN-T4.75,3,insufficient_baseline_history_d16
trump_truth_fed,KXFED-27JAN-T4.75,5,insufficient_baseline_history_d16
trump_truth_fed,KXFED-27JAN-T4.50,1,insufficient_baseline_history_d16
trump_truth_fed,KXFED-27JAN-T4.50,3,insufficient_baseline_history_d16
trump_truth_fed,KXFED-27JAN-T4.50,5,insufficient_baseline_history_d16
trump_truth_fed,KXFED-28JAN-T6.00,1,insufficient_baseline_history_d16
trump_truth_fed,KXFED-28JAN-T6.00,3,insufficient_baseline_history_d16
trump_truth_fed,KXFED-28JAN-T6.00,5,insufficient_baseline_history_d16
trump_truth_fed,KXFED-28JAN-T5.75,1,insufficient_baseline_history_d16
trump_truth_fed,KXFED-28JAN-T5.75,3,insufficient_baseline_history_d16
trump_truth_fed,KXFED-28JAN-T5.75,5,insufficient_baseline_history_d16
trump_truth_fed,KXFED-28JAN-T5.50,1,insufficient_baseline_history_d16
trump_truth_fed,KXFED-28JAN-T5.50,3,insufficient_baseline_history_d16
trump_truth_fed,KXFED-28JAN-T5.50,5,insufficient_baseline_history_d16
trump_truth_fed,KXFED-28JAN-T5.25,1,insufficient_baseline_history_d16
trump_truth_fed,KXFED-28JAN-T5.25,3,insufficient_baseline_history_d16
trump_truth_fed,KXFED-28JAN-T5.25,5,insufficient_baseline_history_d16
trump_truth_fed,KXFED-28JAN-T5.00,1,insufficient_baseline_history_d16
trump_truth_fed,KXFED-28JAN-T5.00,3,insufficient_baseline_history_d16
trump_truth_fed,KXFED-28JAN-T5.00,5,insufficient_baseline_history_d16
trump_truth_fed,KXFED-28JAN-T4.75,1,insufficient_baseline_history_d16
trump_truth_fed,KXFED-28JAN-T4.75,3,insufficient_baseline_history_d16
trump_truth_fed,KXFED-28JAN-T4.75,5,insufficient_baseline_history_d16
trump_truth_fed,KXFED-28JAN-T4.50,1,insufficient_baseline_history_d16
trump_truth_fed,KXFED-28JAN-T4.50,3,insufficient_baseline_history_d16
trump_truth_fed,KXFED-28JAN-T4.50,5,insufficient_baseline_history_d16
trump_truth_fed,KXFED-28JAN-T4.25,1,insufficient_baseline_history_d16
trump_truth_fed,KXFED-28JAN-T4.25,3,insufficient_baseline_history_d16
trump_truth_fed,KXFED-28JAN-T4.25,5,insufficient_baseline_history_d16
trump_truth_fed,KXFED-28JAN-T4.00,1,insufficient_baseline_history_d16
trump_truth_fed,KXFED-28JAN-T4.00,3,insufficient_baseline_history_d16
trump_truth_fed,KXFED-28JAN-T4.00,5,insufficient_baseline_history_d16
trump_truth_fed,KXFED-28JAN-T3.75,1,insufficient_baseline_history_d16
trump_truth_fed,KXFED-28JAN-T3.75,3,insufficient_baseline_history_d16
trump_truth_fed,KXFED-28JAN-T3.75,5,insufficient_baseline_history_d16
trump_truth_fed,KXFED-28JAN-T3.50,1,insufficient_baseline_history_d16
trump_truth_fed,KXFED-28JAN-T3.50,3,insufficient_baseline_history_d16
trump_truth_fed,KXFED-28JAN-T3.50,5,insufficient_baseline_history_d16
trump_truth_fed,KXFED-28JAN-T3.25,1,insufficient_baseline_history_d16
trump_truth_fed,KXFED-28JAN-T3.25,3,insufficient_baseline_history_d16
trump_truth_fed,KXFED-28JAN-T3.25,5,insufficient_baseline_history_d16
trump_truth_fed,KXFED-28JAN-T3.00,1,insufficient_baseline_history_d16
trump_truth_fed,KXFED-28JAN-T3.00,3,insufficient_baseline_history_d16
trump_truth_fed,KXFED-28JAN-T3.00,5,insufficient_baseline_history_d16
trump_truth_fed,KXFED-28JAN-T2.75,1,insufficient_baseline_history_d16
trump_truth_fed,KXFED-28JAN-T2.75,3,insufficient_baseline_history_d16
trump_truth_fed,KXFED-28JAN-T2.75,5,insufficient_baseline_history_d16
trump_truth_fed,KXFED-28JAN-T2.50,1,insufficient_baseline_history_d16
trump_truth_fed,KXFED-28JAN-T2.50,3,insufficient_baseline_history_d16
trump_truth_fed,KXFED-28JAN-T2.50,5,insufficient_baseline_history_d16
trump_truth_fed,KXFED-28JAN-T2.25,1,insufficient_baseline_history_d16
trump_truth_fed,KXFED-28JAN-T2.25,3,insufficient_baseline_history_d16
trump_truth_fed,KXFED-28JAN-T2.25,5,insufficient_baseline_history_d16
trump_truth_fed,KXFED-28JAN-T2.00,1,insufficient_baseline_history_d16
trump_truth_fed,KXFED-28JAN-T2.00,3,insufficient_baseline_history_d16
trump_truth_fed,KXFED-28JAN-T2.00,5,insufficient_baseline_history_d16
trump_truth_fed,KXFED-28JAN-T1.25,1,insufficient_baseline_history_d16
trump_truth_fed,KXFED-28JAN-T1.25,3,insufficient_baseline_history_d16
trump_truth_fed,KXFED-28JAN-T1.25,5,insufficient_baseline_history_d16
trump_truth_fed,KXFED-28JAN-T1.00,1,insufficient_baseline_history_d16
trump_truth_fed,KXFED-28JAN-T1.00,3,insufficient_baseline_history_d16
trump_truth_fed,KXFED-28JAN-T1.00,5,insufficient_baseline_history_d16
trump_truth_fed,KXFED-28JAN-T0.75,1,insufficient_baseline_history_d16
trump_truth_fed,KXFED-28JAN-T0.75,3,insufficient_baseline_history_d16
trump_truth_fed,KXFED-28JAN-T0.75,5,insufficient_baseline_history_d16
trump_truth_fed,KXFED-28JAN-T0.50,1,insufficient_baseline_history_d16
trump_truth_fed,KXFED-28JAN-T0.50,3,insufficient_baseline_history_d16
trump_truth_fed,KXFED-28JAN-T0.50,5,insufficient_baseline_history_d16
trump_truth_fed,KXFED-28JAN-T0.00,1,insufficient_baseline_history_d16
trump_truth_fed,KXFED-28JAN-T0.00,3,insufficient_baseline_history_d16
trump_truth_fed,KXFED-28JAN-T0.00,5,insufficient_baseline_history_d16
trump_truth_fed,KXFED-27DEC-T6.00,1,insufficient_baseline_history_d16
trump_truth_fed,KXFED-27DEC-T6.00,3,insufficient_baseline_history_d16
trump_truth_fed,KXFED-27DEC-T6.00,5,insufficient_baseline_history_d16
trump_truth_fed,KXFED-27DEC-T5.75,1,insufficient_baseline_history_d16
trump_truth_fed,KXFED-27DEC-T5.75,3,insufficient_baseline_history_d16
trump_truth_fed,KXFED-27DEC-T5.75,5,insufficient_baseline_history_d16
trump_truth_fed,KXFED-27DEC-T5.25,1,insufficient_baseline_history_d16
trump_truth_fed,KXFED-27DEC-T5.25,3,insufficient_baseline_history_d16
trump_truth_fed,KXFED-27DEC-T5.25,5,insufficient_baseline_history_d16
trump_truth_fed,KXFED-27DEC-T5.00,1,insufficient_baseline_history_d16
trump_truth_fed,KXFED-27DEC-T5.00,3,insufficient_baseline_history_d16
trump_truth_fed,KXFED-27DEC-T5.00,5,insufficient_baseline_history_d16
trump_truth_fed,KXFED-27DEC-T4.75,1,insufficient_baseline_history_d16
trump_truth_fed,KXFED-27DEC-T4.75,3,insufficient_baseline_history_d16
trump_truth_fed,KXFED-27DEC-T4.75,5,insufficient_baseline_history_d16
trump_truth_fed,KXFED-27DEC-T4.50,1,insufficient_baseline_history_d16
trump_truth_fed,KXFED-27DEC-T4.50,3,insufficient_baseline_history_d16
trump_truth_fed,KXFED-27DEC-T4.50,5,insufficient_baseline_history_d16
trump_truth_fed,KXFED-27DEC-T4.00,1,insufficient_baseline_history_d16
trump_truth_fed,KXFED-27DEC-T4.00,3,insufficient_baseline_history_d16
trump_truth_fed,KXFED-27DEC-T4.00,5,insufficient_baseline_history_d16
trump_truth_fed,KXFED-27DEC-T3.75,1,insufficient_baseline_history_d16
trump_truth_fed,KXFED-27DEC-T3.75,3,insufficient_baseline_history_d16
trump_truth_fed,KXFED-27DEC-T3.75,5,insufficient_baseline_history_d16
trump_truth_fed,KXFED-27DEC-T3.25,1,insufficient_baseline_history_d16
trump_truth_fed,KXFED-27DEC-T3.25,3,insufficient_baseline_history_d16
trump_truth_fed,KXFED-27DEC-T3.25,5,insufficient_baseline_history_d16
trump_truth_fed,KXFED-27DEC-T3.00,1,insufficient_baseline_history_d16
trump_truth_fed,KXFED-27DEC-T3.00,3,insufficient_baseline_history_d16
trump_truth_fed,KXFED-27DEC-T3.00,5,insufficient_baseline_history_d16
trump_truth_fed,KXFED-27DEC-T2.75,1,insufficient_baseline_history_d16
trump_truth_fed,KXFED-27DEC-T2.75,3,insufficient_baseline_history_d16
trump_truth_fed,KXFED-27DEC-T2.75,5,insufficient_baseline_history_d16
trump_truth_fed,KXFED-27DEC-T2.50,1,insufficient_baseline_history_d16
trump_truth_fed,KXFED-27DEC-T2.50,3,insufficient_baseline_history_d16
trump_truth_fed,KXFED-27DEC-T2.50,5,insufficient_baseline_history_d16
trump_truth_fed,KXFED-27DEC-T2.25,1,insufficient_baseline_history_d16
trump_truth_fed,KXFED-27DEC-T2.25,3,insufficient_baseline_history_d16
trump_truth_fed,KXFED-27DEC-T2.25,5,insufficient_baseline_history_d16
trump_truth_fed,KXFED-27DEC-T1.50,1,insufficient_baseline_history_d16
trump_truth_fed,KXFED-27DEC-T1.50,3,insufficient_baseline_history_d16
trump_truth_fed,KXFED-27DEC-T1.50,5,insufficient_baseline_history_d16
trump_truth_fed,KXFED-27DEC-T1.25,1,insufficient_baseline_history_d16
trump_truth_fed,KXFED-27DEC-T1.25,3,insufficient_baseline_history_d16
trump_truth_fed,KXFED-27DEC-T1.25,5,insufficient_baseline_history_d16
trump_truth_fed,KXFED-27DEC-T1.00,1,insufficient_baseline_history_d16
trump_truth_fed,KXFED-27DEC-T1.00,3,insufficient_baseline_history_d16
trump_truth_fed,KXFED-27DEC-T1.00,5,insufficient_baseline_history_d16
trump_truth_fed,KXFED-27DEC-T0.75,1,insufficient_baseline_history_d16
trump_truth_fed,KXFED-27DEC-T0.75,3,insufficient_baseline_history_d16
trump_truth_fed,KXFED-27DEC-T0.75,5,insufficient_baseline_history_d16
trump_truth_fed,KXFED-27DEC-T0.50,1,insufficient_baseline_history_d16
trump_truth_fed,KXFED-27DEC-T0.50,3,insufficient_baseline_history_d16
trump_truth_fed,KXFED-27DEC-T0.50,5,insufficient_baseline_history_d16
trump_truth_fed,KXFED-27DEC-T0.25,1,insufficient_baseline_history_d16
trump_truth_fed,KXFED-27DEC-T0.25,3,insufficient_baseline_history_d16
trump_truth_fed,KXFED-27DEC-T0.25,5,insufficient_baseline_history_d16
trump_truth_fed,KXFED-27DEC-T0.00,1,insufficient_baseline_history_d16
trump_truth_fed,KXFED-27DEC-T0.00,3,insufficient_baseline_history_d16
trump_truth_fed,KXFED-27DEC-T0.00,5,insufficient_baseline_history_d16
trump_truth_fed,KXFED-27OCT-T5.75,1,insufficient_baseline_history_d16
trump_truth_fed,KXFED-27OCT-T5.75,3,insufficient_baseline_history_d16
trump_truth_fed,KXFED-27OCT-T5.75,5,insufficient_baseline_history_d16
trump_truth_fed,KXFED-27OCT-T5.50,1,insufficient_baseline_history_d16
trump_truth_fed,KXFED-27OCT-T5.50,3,insufficient_baseline_history_d16
trump_truth_fed,KXFED-27OCT-T5.50,5,insufficient_baseline_history_d16
trump_truth_fed,KXFED-27OCT-T5.25,1,insufficient_baseline_history_d16
trump_truth_fed,KXFED-27OCT-T5.25,3,insufficient_baseline_history_d16
trump_truth_fed,KXFED-27OCT-T5.25,5,insufficient_baseline_history_d16
trump_truth_fed,KXFED-27OCT-T5.00,1,insufficient_baseline_history_d16
trump_truth_fed,KXFED-27OCT-T5.00,3,insufficient_baseline_history_d16
trump_truth_fed,KXFED-27OCT-T5.00,5,insufficient_baseline_history_d16
trump_truth_fed,KXFED-27OCT-T4.75,1,insufficient_baseline_history_d16
trump_truth_fed,KXFED-27OCT-T4.75,3,insufficient_baseline_history_d16
trump_truth_fed,KXFED-27OCT-T4.75,5,insufficient_baseline_history_d16
trump_truth_fed,KXFED-27OCT-T4.50,1,insufficient_baseline_history_d16
trump_truth_fed,KXFED-27OCT-T4.50,3,insufficient_baseline_history_d16
trump_truth_fed,KXFED-27OCT-T4.50,5,insufficient_baseline_history_d16
trump_truth_fed,KXFED-27OCT-T4.25,1,insufficient_baseline_history_d16
trump_truth_fed,KXFED-27OCT-T4.25,3,insufficient_baseline_history_d16
trump_truth_fed,KXFED-27OCT-T4.25,5,insufficient_baseline_history_d16
trump_truth_fed,KXFED-27OCT-T4.00,1,insufficient_baseline_history_d16
trump_truth_fed,KXFED-27OCT-T4.00,3,insufficient_baseline_history_d16
trump_truth_fed,KXFED-27OCT-T4.00,5,insufficient_baseline_history_d16
trump_truth_fed,KXFED-27OCT-T3.50,1,insufficient_baseline_history_d16
trump_truth_fed,KXFED-27OCT-T3.50,3,insufficient_baseline_history_d16
trump_truth_fed,KXFED-27OCT-T3.50,5,insufficient_baseline_history_d16
trump_truth_fed,KXFED-27OCT-T3.25,1,insufficient_baseline_history_d16
trump_truth_fed,KXFED-27OCT-T3.25,3,insufficient_baseline_history_d16
trump_truth_fed,KXFED-27OCT-T3.25,5,insufficient_baseline_history_d16
trump_truth_fed,KXFED-27OCT-T3.00,1,insufficient_baseline_history_d16
trump_truth_fed,KXFED-27OCT-T3.00,3,insufficient_baseline_history_d16
trump_truth_fed,KXFED-27OCT-T3.00,5,insufficient_baseline_history_d16
trump_truth_fed,KXFED-27OCT-T2.75,1,insufficient_baseline_history_d16
trump_truth_fed,KXFED-27OCT-T2.75,3,insufficient_baseline_history_d16
trump_truth_fed,KXFED-27OCT-T2.75,5,insufficient_baseline_history_d16
trump_truth_fed,KXFED-27OCT-T2.50,1,insufficient_baseline_history_d16
trump_truth_fed,KXFED-27OCT-T2.50,3,insufficient_baseline_history_d16
trump_truth_fed,KXFED-27OCT-T2.50,5,insufficient_baseline_history_d16
trump_truth_fed,KXFED-27OCT-T2.25,1,insufficient_baseline_history_d16
trump_truth_fed,KXFED-27OCT-T2.25,3,insufficient_baseline_history_d16
trump_truth_fed,KXFED-27OCT-T2.25,5,insufficient_baseline_history_d16
trump_truth_fed,KXFED-27OCT-T2.00,1,insufficient_baseline_history_d16
trump_truth_fed,KXFED-27OCT-T2.00,3,insufficient_baseline_history_d16
trump_truth_fed,KXFED-27OCT-T2.00,5,insufficient_baseline_history_d16
trump_truth_fed,KXFED-27OCT-T1.75,1,insufficient_baseline_history_d16
trump_truth_fed,KXFED-27OCT-T1.75,3,insufficient_baseline_history_d16
trump_truth_fed,KXFED-27OCT-T1.75,5,insufficient_baseline_history_d16
trump_truth_fed,KXFED-27OCT-T1.50,1,insufficient_baseline_history_d16
trump_truth_fed,KXFED-27OCT-T1.50,3,insufficient_baseline_history_d16
trump_truth_fed,KXFED-27OCT-T1.50,5,insufficient_baseline_history_d16
trump_truth_fed,KXFED-27OCT-T1.25,1,insufficient_baseline_history_d16
trump_truth_fed,KXFED-27OCT-T1.25,3,insufficient_baseline_history_d16
trump_truth_fed,KXFED-27OCT-T1.25,5,insufficient_baseline_history_d16
trump_truth_fed,KXFED-27OCT-T1.00,1,insufficient_baseline_history_d16
trump_truth_fed,KXFED-27OCT-T1.00,3,insufficient_baseline_history_d16
trump_truth_fed,KXFED-27OCT-T1.00,5,insufficient_baseline_history_d16
trump_truth_fed,KXFED-27OCT-T0.75,1,insufficient_baseline_history_d16
trump_truth_fed,KXFED-27OCT-T0.75,3,insufficient_baseline_history_d16
trump_truth_fed,KXFED-27OCT-T0.75,5,insufficient_baseline_history_d16
trump_truth_fed,KXFED-27OCT-T0.50,1,insufficient_baseline_history_d16
trump_truth_fed,KXFED-27OCT-T0.50,3,insufficient_baseline_history_d16
trump_truth_fed,KXFED-27OCT-T0.50,5,insufficient_baseline_history_d16
trump_truth_fed,KXFED-27OCT-T0.25,1,insufficient_baseline_history_d16
trump_truth_fed,KXFED-27OCT-T0.25,3,insufficient_baseline_history_d16
trump_truth_fed,KXFED-27OCT-T0.25,5,insufficient_baseline_history_d16
trump_truth_fed,KXFED-27OCT-T0.00,1,insufficient_baseline_history_d16
trump_truth_fed,KXFED-27OCT-T0.00,3,insufficient_baseline_history_d16
trump_truth_fed,KXFED-27OCT-T0.00,5,insufficient_baseline_history_d16
trump_truth_fed,KXFED-27SEP-T6.00,1,insufficient_baseline_history_d16
trump_truth_fed,KXFED-27SEP-T6.00,3,insufficient_baseline_history_d16
trump_truth_fed,KXFED-27SEP-T6.00,5,insufficient_baseline_history_d16
trump_truth_fed,KXFED-27SEP-T5.75,1,insufficient_baseline_history_d16
trump_truth_fed,KXFED-27SEP-T5.75,3,insufficient_baseline_history_d16
trump_truth_fed,KXFED-27SEP-T5.75,5,insufficient_baseline_history_d16
trump_truth_fed,KXFED-27SEP-T5.50,1,insufficient_baseline_history_d16
trump_truth_fed,KXFED-27SEP-T5.50,3,insufficient_baseline_history_d16
trump_truth_fed,KXFED-27SEP-T5.50,5,insufficient_baseline_history_d16
trump_truth_fed,KXFED-27SEP-T5.25,1,insufficient_baseline_history_d16
trump_truth_fed,KXFED-27SEP-T5.25,3,insufficient_baseline_history_d16
trump_truth_fed,KXFED-27SEP-T5.25,5,insufficient_baseline_history_d16
trump_truth_fed,KXFED-27SEP-T5.00,1,insufficient_baseline_history_d16
trump_truth_fed,KXFED-27SEP-T5.00,3,insufficient_baseline_history_d16
trump_truth_fed,KXFED-27SEP-T5.00,5,insufficient_baseline_history_d16
trump_truth_fed,KXFED-27SEP-T4.25,1,insufficient_baseline_history_d16
trump_truth_fed,KXFED-27SEP-T4.25,3,insufficient_baseline_history_d16
trump_truth_fed,KXFED-27SEP-T4.25,5,insufficient_baseline_history_d16
trump_truth_fed,KXFED-27SEP-T4.00,1,insufficient_baseline_history_d16
trump_truth_fed,KXFED-27SEP-T4.00,3,insufficient_baseline_history_d16
trump_truth_fed,KXFED-27SEP-T4.00,5,insufficient_baseline_history_d16
trump_truth_fed,KXFED-27SEP-T3.75,1,insufficient_baseline_history_d16
trump_truth_fed,KXFED-27SEP-T3.75,3,insufficient_baseline_history_d16
trump_truth_fed,KXFED-27SEP-T3.75,5,insufficient_baseline_history_d16
trump_truth_fed,KXFED-27SEP-T3.50,1,insufficient_baseline_history_d16
trump_truth_fed,KXFED-27SEP-T3.50,3,insufficient_baseline_history_d16
trump_truth_fed,KXFED-27SEP-T3.50,5,insufficient_baseline_history_d16
trump_truth_fed,KXFED-27SEP-T3.25,1,insufficient_baseline_history_d16
trump_truth_fed,KXFED-27SEP-T3.25,3,insufficient_baseline_history_d16
trump_truth_fed,KXFED-27SEP-T3.25,5,insufficient_baseline_history_d16
trump_truth_fed,KXFED-27SEP-T3.00,1,insufficient_baseline_history_d16
trump_truth_fed,KXFED-27SEP-T3.00,3,insufficient_baseline_history_d16
trump_truth_fed,KXFED-27SEP-T3.00,5,insufficient_baseline_history_d16
trump_truth_fed,KXFED-27SEP-T2.75,1,insufficient_baseline_history_d16
trump_truth_fed,KXFED-27SEP-T2.75,3,insufficient_baseline_history_d16
trump_truth_fed,KXFED-27SEP-T2.75,5,insufficient_baseline_history_d16
trump_truth_fed,KXFED-27SEP-T2.50,1,insufficient_baseline_history_d16
trump_truth_fed,KXFED-27SEP-T2.50,3,insufficient_baseline_history_d16
trump_truth_fed,KXFED-27SEP-T2.50,5,insufficient_baseline_history_d16
trump_truth_fed,KXFED-27SEP-T2.25,1,insufficient_baseline_history_d16
trump_truth_fed,KXFED-27SEP-T2.25,3,insufficient_baseline_history_d16
trump_truth_fed,KXFED-27SEP-T2.25,5,insufficient_baseline_history_d16
trump_truth_fed,KXFED-27SEP-T2.00,1,insufficient_baseline_history_d16
trump_truth_fed,KXFED-27SEP-T2.00,3,insufficient_baseline_history_d16
trump_truth_fed,KXFED-27SEP-T2.00,5,insufficient_baseline_history_d16
trump_truth_fed,KXFED-27SEP-T1.75,1,insufficient_baseline_history_d16
trump_truth_fed,KXFED-27SEP-T1.75,3,insufficient_baseline_history_d16
trump_truth_fed,KXFED-27SEP-T1.75,5,insufficient_baseline_history_d16
trump_truth_fed,KXFED-27SEP-T1.50,1,insufficient_baseline_history_d16
trump_truth_fed,KXFED-27SEP-T1.50,3,insufficient_baseline_history_d16
trump_truth_fed,KXFED-27SEP-T1.50,5,insufficient_baseline_history_d16
trump_truth_fed,KXFED-27SEP-T1.25,1,insufficient_baseline_history_d16
trump_truth_fed,KXFED-27SEP-T1.25,3,insufficient_baseline_history_d16
trump_truth_fed,KXFED-27SEP-T1.25,5,insufficient_baseline_history_d16
trump_truth_fed,KXFED-27SEP-T1.00,1,insufficient_baseline_history_d16
trump_truth_fed,KXFED-27SEP-T1.00,3,insufficient_baseline_history_d16
trump_truth_fed,KXFED-27SEP-T1.00,5,insufficient_baseline_history_d16
trump_truth_fed,KXFED-27SEP-T0.75,1,insufficient_baseline_history_d16
trump_truth_fed,KXFED-27SEP-T0.75,3,insufficient_baseline_history_d16
trump_truth_fed,KXFED-27SEP-T0.75,5,insufficient_baseline_history_d16
trump_truth_fed,KXFED-27SEP-T0.50,1,insufficient_baseline_history_d16
trump_truth_fed,KXFED-27SEP-T0.50,3,insufficient_baseline_history_d16
trump_truth_fed,KXFED-27SEP-T0.50,5,insufficient_baseline_history_d16
trump_truth_fed,KXFED-27SEP-T0.25,1,insufficient_baseline_history_d16
trump_truth_fed,KXFED-27SEP-T0.25,3,insufficient_baseline_history_d16
trump_truth_fed,KXFED-27SEP-T0.25,5,insufficient_baseline_history_d16
trump_truth_fed,KXFED-27SEP-T0.00,1,insufficient_baseline_history_d16
trump_truth_fed,KXFED-27SEP-T0.00,3,insufficient_baseline_history_d16
trump_truth_fed,KXFED-27SEP-T0.00,5,insufficient_baseline_history_d16
trump_truth_fed,KXFED-27JUL-T6.00,1,insufficient_baseline_history_d16
trump_truth_fed,KXFED-27JUL-T6.00,3,insufficient_baseline_history_d16
trump_truth_fed,KXFED-27JUL-T6.00,5,insufficient_baseline_history_d16
trump_truth_fed,KXFED-27JUL-T5.75,1,insufficient_baseline_history_d16
trump_truth_fed,KXFED-27JUL-T5.75,3,insufficient_baseline_history_d16
trump_truth_fed,KXFED-27JUL-T5.75,5,insufficient_baseline_history_d16
trump_truth_fed,KXFED-27JUL-T5.50,1,insufficient_baseline_history_d16
trump_truth_fed,KXFED-27JUL-T5.50,3,insufficient_baseline_history_d16
trump_truth_fed,KXFED-27JUL-T5.50,5,insufficient_baseline_history_d16
trump_truth_fed,KXFED-27JUL-T5.25,1,insufficient_baseline_history_d16
trump_truth_fed,KXFED-27JUL-T5.25,3,insufficient_baseline_history_d16
trump_truth_fed,KXFED-27JUL-T5.25,5,insufficient_baseline_history_d16
trump_truth_fed,KXFED-27JUL-T5.00,1,insufficient_baseline_history_d16
trump_truth_fed,KXFED-27JUL-T5.00,3,insufficient_baseline_history_d16
trump_truth_fed,KXFED-27JUL-T5.00,5,insufficient_baseline_history_d16
trump_truth_fed,KXFED-27JUL-T4.75,1,insufficient_baseline_history_d16
trump_truth_fed,KXFED-27JUL-T4.75,3,insufficient_baseline_history_d16
trump_truth_fed,KXFED-27JUL-T4.75,5,insufficient_baseline_history_d16
trump_truth_fed,KXFED-27JUL-T4.50,1,insufficient_baseline_history_d16
trump_truth_fed,KXFED-27JUL-T4.50,3,insufficient_baseline_history_d16
trump_truth_fed,KXFED-27JUL-T4.50,5,insufficient_baseline_history_d16
trump_truth_fed,KXFED-27JUL-T4.25,1,insufficient_baseline_history_d16
trump_truth_fed,KXFED-27JUL-T4.25,3,insufficient_baseline_history_d16
trump_truth_fed,KXFED-27JUL-T4.25,5,insufficient_baseline_history_d16
trump_truth_fed,KXFED-27JUL-T4.00,1,insufficient_baseline_history_d16
trump_truth_fed,KXFED-27JUL-T4.00,3,insufficient_baseline_history_d16
trump_truth_fed,KXFED-27JUL-T4.00,5,insufficient_baseline_history_d16
trump_truth_fed,KXFED-27JUL-T3.75,1,insufficient_baseline_history_d16
trump_truth_fed,KXFED-27JUL-T3.75,3,insufficient_baseline_history_d16
trump_truth_fed,KXFED-27JUL-T3.75,5,insufficient_baseline_history_d16
trump_truth_fed,KXFED-27JUL-T3.50,1,insufficient_baseline_history_d16
trump_truth_fed,KXFED-27JUL-T3.50,3,insufficient_baseline_history_d16
trump_truth_fed,KXFED-27JUL-T3.50,5,insufficient_baseline_history_d16
trump_truth_fed,KXFED-27JUL-T3.25,1,insufficient_baseline_history_d16
trump_truth_fed,KXFED-27JUL-T3.25,3,insufficient_baseline_history_d16
trump_truth_fed,KXFED-27JUL-T3.25,5,insufficient_baseline_history_d16
trump_truth_fed,KXFED-27JUL-T3.00,1,insufficient_baseline_history_d16
trump_truth_fed,KXFED-27JUL-T3.00,3,insufficient_baseline_history_d16
trump_truth_fed,KXFED-27JUL-T3.00,5,insufficient_baseline_history_d16
trump_truth_fed,KXFED-27JUL-T2.75,1,insufficient_baseline_history_d16
trump_truth_fed,KXFED-27JUL-T2.75,3,insufficient_baseline_history_d16
trump_truth_fed,KXFED-27JUL-T2.75,5,insufficient_baseline_history_d16
trump_truth_fed,KXFED-27JUL-T2.50,1,insufficient_baseline_history_d16
trump_truth_fed,KXFED-27JUL-T2.50,3,insufficient_baseline_history_d16
trump_truth_fed,KXFED-27JUL-T2.50,5,insufficient_baseline_history_d16
trump_truth_fed,KXFED-27JUL-T2.25,1,insufficient_baseline_history_d16
trump_truth_fed,KXFED-27JUL-T2.25,3,insufficient_baseline_history_d16
trump_truth_fed,KXFED-27JUL-T2.25,5,insufficient_baseline_history_d16
trump_truth_fed,KXFED-27JUL-T2.00,1,insufficient_baseline_history_d16
trump_truth_fed,KXFED-27JUL-T2.00,3,insufficient_baseline_history_d16
trump_truth_fed,KXFED-27JUL-T2.00,5,insufficient_baseline_history_d16
trump_truth_fed,KXFED-27JUL-T1.75,1,insufficient_baseline_history_d16
trump_truth_fed,KXFED-27JUL-T1.75,3,insufficient_baseline_history_d16
trump_truth_fed,KXFED-27JUL-T1.75,5,insufficient_baseline_history_d16
trump_truth_fed,KXFED-27JUL-T1.50,1,insufficient_baseline_history_d16
trump_truth_fed,KXFED-27JUL-T1.50,3,insufficient_baseline_history_d16
trump_truth_fed,KXFED-27JUL-T1.50,5,insufficient_baseline_history_d16
trump_truth_fed,KXFED-27JUL-T1.25,1,insufficient_baseline_history_d16
trump_truth_fed,KXFED-27JUL-T1.25,3,insufficient_baseline_history_d16
trump_truth_fed,KXFED-27JUL-T1.25,5,insufficient_baseline_history_d16
trump_truth_fed,KXFED-27JUL-T1.00,1,insufficient_baseline_history_d16
trump_truth_fed,KXFED-27JUL-T1.00,3,insufficient_baseline_history_d16
trump_truth_fed,KXFED-27JUL-T1.00,5,insufficient_baseline_history_d16
trump_truth_fed,KXFED-27JUL-T0.50,1,insufficient_baseline_history_d16
trump_truth_fed,KXFED-27JUL-T0.50,3,insufficient_baseline_history_d16
trump_truth_fed,KXFED-27JUL-T0.50,5,insufficient_baseline_history_d16
trump_truth_fed,KXFED-27JUL-T0.25,1,insufficient_baseline_history_d16
trump_truth_fed,KXFED-27JUL-T0.25,3,insufficient_baseline_history_d16
trump_truth_fed,KXFED-27JUL-T0.25,5,insufficient_baseline_history_d16
trump_truth_fed,KXFED-27JUL-T0.00,1,insufficient_baseline_history_d16
trump_truth_fed,KXFED-27JUL-T0.00,3,insufficient_baseline_history_d16
trump_truth_fed,KXFED-27JUL-T0.00,5,insufficient_baseline_history_d16
trump_truth_fed,KXFED-27JUN-T6.00,1,insufficient_baseline_history_d16
trump_truth_fed,KXFED-27JUN-T6.00,3,insufficient_baseline_history_d16
trump_truth_fed,KXFED-27JUN-T6.00,5,insufficient_baseline_history_d16
trump_truth_fed,KXFED-27JUN-T5.75,1,insufficient_baseline_history_d16
trump_truth_fed,KXFED-27JUN-T5.75,3,insufficient_baseline_history_d16
trump_truth_fed,KXFED-27JUN-T5.75,5,insufficient_baseline_history_d16
trump_truth_fed,KXFED-27JUN-T5.50,1,insufficient_baseline_history_d16
trump_truth_fed,KXFED-27JUN-T5.50,3,insufficient_baseline_history_d16
trump_truth_fed,KXFED-27JUN-T5.50,5,insufficient_baseline_history_d16
trump_truth_fed,KXFED-27JUN-T5.25,1,insufficient_baseline_history_d16
trump_truth_fed,KXFED-27JUN-T5.25,3,insufficient_baseline_history_d16
trump_truth_fed,KXFED-27JUN-T5.25,5,insufficient_baseline_history_d16
trump_truth_fed,KXFED-27JUN-T5.00,1,insufficient_baseline_history_d16
trump_truth_fed,KXFED-27JUN-T5.00,3,insufficient_baseline_history_d16
trump_truth_fed,KXFED-27JUN-T5.00,5,insufficient_baseline_history_d16
trump_truth_fed,KXFED-27JUN-T4.75,1,insufficient_baseline_history_d16
trump_truth_fed,KXFED-27JUN-T4.75,3,insufficient_baseline_history_d16
trump_truth_fed,KXFED-27JUN-T4.75,5,insufficient_baseline_history_d16
trump_truth_fed,KXFED-27JUN-T4.50,1,insufficient_baseline_history_d16
trump_truth_fed,KXFED-27JUN-T4.50,3,insufficient_baseline_history_d16
trump_truth_fed,KXFED-27JUN-T4.50,5,insufficient_baseline_history_d16
trump_truth_fed,KXFED-27JUN-T4.25,1,insufficient_baseline_history_d16
trump_truth_fed,KXFED-27JUN-T4.25,3,insufficient_baseline_history_d16
trump_truth_fed,KXFED-27JUN-T4.25,5,insufficient_baseline_history_d16
trump_truth_fed,KXFED-27JUN-T4.00,1,insufficient_baseline_history_d16
trump_truth_fed,KXFED-27JUN-T4.00,3,insufficient_baseline_history_d16
trump_truth_fed,KXFED-27JUN-T4.00,5,insufficient_baseline_history_d16
trump_truth_fed,KXFED-27JUN-T3.75,1,insufficient_baseline_history_d16
trump_truth_fed,KXFED-27JUN-T3.75,3,insufficient_baseline_history_d16
trump_truth_fed,KXFED-27JUN-T3.75,5,insufficient_baseline_history_d16
trump_truth_fed,KXFED-27JUN-T3.50,1,insufficient_baseline_history_d16
trump_truth_fed,KXFED-27JUN-T3.50,3,insufficient_baseline_history_d16
trump_truth_fed,KXFED-27JUN-T3.50,5,insufficient_baseline_history_d16
trump_truth_fed,KXFED-27JUN-T3.00,1,insufficient_baseline_history_d16
trump_truth_fed,KXFED-27JUN-T3.00,3,insufficient_baseline_history_d16
trump_truth_fed,KXFED-27JUN-T3.00,5,insufficient_baseline_history_d16
trump_truth_fed,KXFED-27JUN-T2.75,1,insufficient_baseline_history_d16
trump_truth_fed,KXFED-27JUN-T2.75,3,insufficient_baseline_history_d16
trump_truth_fed,KXFED-27JUN-T2.75,5,insufficient_baseline_history_d16
trump_truth_fed,KXFED-27JUN-T2.50,1,insufficient_baseline_history_d16
trump_truth_fed,KXFED-27JUN-T2.50,3,insufficient_baseline_history_d16
trump_truth_fed,KXFED-27JUN-T2.50,5,insufficient_baseline_history_d16
trump_truth_fed,KXFED-27JUN-T2.25,1,insufficient_baseline_history_d16
trump_truth_fed,KXFED-27JUN-T2.25,3,insufficient_baseline_history_d16
trump_truth_fed,KXFED-27JUN-T2.25,5,insufficient_baseline_history_d16
trump_truth_fed,KXFED-27JUN-T2.00,1,insufficient_baseline_history_d16
trump_truth_fed,KXFED-27JUN-T2.00,3,insufficient_baseline_history_d16
trump_truth_fed,KXFED-27JUN-T2.00,5,insufficient_baseline_history_d16
trump_truth_fed,KXFED-27JUN-T1.75,1,insufficient_baseline_history_d16
trump_truth_fed,KXFED-27JUN-T1.75,3,insufficient_baseline_history_d16
trump_truth_fed,KXFED-27JUN-T1.75,5,insufficient_baseline_history_d16
trump_truth_fed,KXFED-27JUN-T1.50,1,insufficient_baseline_history_d16
trump_truth_fed,KXFED-27JUN-T1.50,3,insufficient_baseline_history_d16
trump_truth_fed,KXFED-27JUN-T1.50,5,insufficient_baseline_history_d16
trump_truth_fed,KXFED-27JUN-T1.25,1,insufficient_baseline_history_d16
trump_truth_fed,KXFED-27JUN-T1.25,3,insufficient_baseline_history_d16
trump_truth_fed,KXFED-27JUN-T1.25,5,insufficient_baseline_history_d16
trump_truth_fed,KXFED-27JUN-T1.00,1,insufficient_baseline_history_d16
trump_truth_fed,KXFED-27JUN-T1.00,3,insufficient_baseline_history_d16
trump_truth_fed,KXFED-27JUN-T1.00,5,insufficient_baseline_history_d16
trump_truth_fed,KXFED-27JUN-T0.75,1,insufficient_baseline_history_d16
trump_truth_fed,KXFED-27JUN-T0.75,3,insufficient_baseline_history_d16
trump_truth_fed,KXFED-27JUN-T0.75,5,insufficient_baseline_history_d16
trump_truth_fed,KXFED-27JUN-T0.50,1,insufficient_baseline_history_d16
trump_truth_fed,KXFED-27JUN-T0.50,3,insufficient_baseline_history_d16
trump_truth_fed,KXFED-27JUN-T0.50,5,insufficient_baseline_history_d16
trump_truth_fed,KXFED-27JUN-T0.25,1,insufficient_baseline_history_d16
trump_truth_fed,KXFED-27JUN-T0.25,3,insufficient_baseline_history_d16
trump_truth_fed,KXFED-27JUN-T0.25,5,insufficient_baseline_history_d16
trump_truth_fed,KXFED-27JUN-T0.00,1,insufficient_baseline_history_d16
trump_truth_fed,KXFED-27JUN-T0.00,3,insufficient_baseline_history_d16
trump_truth_fed,KXFED-27JUN-T0.00,5,insufficient_baseline_history_d16
trump_truth_fed,KXFED-27MAR-T6.00,1,insufficient_baseline_history_d16
trump_truth_fed,KXFED-27MAR-T6.00,3,insufficient_baseline_history_d16
trump_truth_fed,KXFED-27MAR-T6.00,5,insufficient_baseline_history_d16
trump_truth_fed,KXFED-27JAN-T6.00,1,insufficient_baseline_history_d16
trump_truth_fed,KXFED-27JAN-T6.00,3,insufficient_baseline_history_d16
trump_truth_fed,KXFED-27JAN-T6.00,5,insufficient_baseline_history_d16
trump_truth_fed,KXFED-28JAN-T1.75,1,insufficient_baseline_history_d16
trump_truth_fed,KXFED-28JAN-T1.75,3,insufficient_baseline_history_d16
trump_truth_fed,KXFED-28JAN-T1.75,5,insufficient_baseline_history_d16
trump_truth_fed,KXFED-28JAN-T1.50,1,insufficient_baseline_history_d16
trump_truth_fed,KXFED-28JAN-T1.50,3,insufficient_baseline_history_d16
trump_truth_fed,KXFED-28JAN-T1.50,5,insufficient_baseline_history_d16
trump_truth_fed,KXFED-28JAN-T0.25,1,insufficient_baseline_history_d16
trump_truth_fed,KXFED-28JAN-T0.25,3,insufficient_baseline_history_d16
trump_truth_fed,KXFED-28JAN-T0.25,5,insufficient_baseline_history_d16
trump_truth_fed,KXFED-27DEC-T5.50,1,insufficient_baseline_history_d16
trump_truth_fed,KXFED-27DEC-T5.50,3,insufficient_baseline_history_d16
trump_truth_fed,KXFED-27DEC-T5.50,5,insufficient_baseline_history_d16
trump_truth_fed,KXFED-27DEC-T4.25,1,insufficient_baseline_history_d16
trump_truth_fed,KXFED-27DEC-T4.25,3,insufficient_baseline_history_d16
trump_truth_fed,KXFED-27DEC-T4.25,5,insufficient_baseline_history_d16
trump_truth_fed,KXFED-27DEC-T3.50,1,insufficient_baseline_history_d16
trump_truth_fed,KXFED-27DEC-T3.50,3,insufficient_baseline_history_d16
trump_truth_fed,KXFED-27DEC-T3.50,5,insufficient_baseline_history_d16
trump_truth_fed,KXFED-27DEC-T2.00,1,insufficient_baseline_history_d16
trump_truth_fed,KXFED-27DEC-T2.00,3,insufficient_baseline_history_d16
trump_truth_fed,KXFED-27DEC-T2.00,5,insufficient_baseline_history_d16
trump_truth_fed,KXFED-27DEC-T1.75,1,insufficient_baseline_history_d16
trump_truth_fed,KXFED-27DEC-T1.75,3,insufficient_baseline_history_d16
trump_truth_fed,KXFED-27DEC-T1.75,5,insufficient_baseline_history_d16
trump_truth_fed,KXFED-27OCT-T6.00,1,insufficient_baseline_history_d16
trump_truth_fed,KXFED-27OCT-T6.00,3,insufficient_baseline_history_d16
trump_truth_fed,KXFED-27OCT-T6.00,5,insufficient_baseline_history_d16
trump_truth_fed,KXFED-27OCT-T3.75,1,insufficient_baseline_history_d16
trump_truth_fed,KXFED-27OCT-T3.75,3,insufficient_baseline_history_d16
trump_truth_fed,KXFED-27OCT-T3.75,5,insufficient_baseline_history_d16
trump_truth_fed,KXFED-27SEP-T4.75,1,insufficient_baseline_history_d16
trump_truth_fed,KXFED-27SEP-T4.75,3,insufficient_baseline_history_d16
trump_truth_fed,KXFED-27SEP-T4.75,5,insufficient_baseline_history_d16
trump_truth_fed,KXFED-27SEP-T4.50,1,insufficient_baseline_history_d16
trump_truth_fed,KXFED-27SEP-T4.50,3,insufficient_baseline_history_d16
trump_truth_fed,KXFED-27SEP-T4.50,5,insufficient_baseline_history_d16
trump_truth_fed,KXFED-27JUL-T0.75,1,insufficient_baseline_history_d16
trump_truth_fed,KXFED-27JUL-T0.75,3,insufficient_baseline_history_d16
trump_truth_fed,KXFED-27JUL-T0.75,5,insufficient_baseline_history_d16
trump_truth_fed,KXFED-27JUN-T3.25,1,insufficient_baseline_history_d16
trump_truth_fed,KXFED-27JUN-T3.25,3,insufficient_baseline_history_d16
trump_truth_fed,KXFED-27JUN-T3.25,5,insufficient_baseline_history_d16
trump_truth_fed,KXFED-27APR-T4.25,1,no_window_data
trump_truth_fed,KXFED-27MAR-T2.25,1,no_window_data
trump_truth_fed,KXFED-27MAR-T2.00,1,no_window_data
trump_truth_fed,KXFED-27MAR-T1.75,1,no_window_data
trump_truth_fed,KXFED-27MAR-T1.00,1,no_window_data
trump_truth_fed,KXFED-27MAR-T0.50,1,no_window_data
trump_truth_fed,KXFED-26DEC-T5.25,1,insufficient_baseline_history_d16
trump_truth_fed,KXFED-26DEC-T5.25,3,insufficient_baseline_history_d16
trump_truth_fed,KXFED-26DEC-T5.25,5,insufficient_baseline_history_d16
trump_truth_fed,KXFED-26DEC-T5.00,1,insufficient_baseline_history_d16
trump_truth_fed,KXFED-26DEC-T5.00,3,insufficient_baseline_history_d16
trump_truth_fed,KXFED-26DEC-T5.00,5,insufficient_baseline_history_d16
trump_truth_fed,KXFED-26DEC-T4.75,1,no_window_data
trump_truth_fed,KXFED-26DEC-T3.00,1,no_window_data
trump_truth_fed,KXFED-26DEC-T2.75,1,no_window_data
trump_truth_fed,KXFED-26OCT-T5.25,1,insufficient_baseline_history_d16
trump_truth_fed,KXFED-26OCT-T5.25,3,insufficient_baseline_history_d16
trump_truth_fed,KXFED-26OCT-T5.25,5,insufficient_baseline_history_d16
trump_truth_fed,KXFED-26OCT-T5.00,1,insufficient_baseline_history_d16
trump_truth_fed,KXFED-26OCT-T5.00,3,insufficient_baseline_history_d16
trump_truth_fed,KXFED-26OCT-T5.00,5,insufficient_baseline_history_d16
trump_truth_fed,KXFED-26OCT-T4.75,1,insufficient_baseline_history_d16
trump_truth_fed,KXFED-26OCT-T4.75,3,insufficient_baseline_history_d16
trump_truth_fed,KXFED-26OCT-T4.75,5,insufficient_baseline_history_d16
trump_truth_fed,KXFED-26OCT-T3.25,1,no_window_data
trump_truth_fed,KXFED-26OCT-T3.00,1,no_window_data
trump_truth_fed,KXFED-26OCT-T2.75,1,no_window_data
trump_truth_fed,KXFED-26SEP-T5.25,1,insufficient_baseline_history_d16
trump_truth_fed,KXFED-26SEP-T5.25,3,insufficient_baseline_history_d16
trump_truth_fed,KXFED-26SEP-T5.25,5,insufficient_baseline_history_d16
trump_truth_fed,KXFED-26SEP-T5.00,1,insufficient_baseline_history_d16
trump_truth_fed,KXFED-26SEP-T5.00,3,insufficient_baseline_history_d16
trump_truth_fed,KXFED-26SEP-T5.00,5,insufficient_baseline_history_d16
trump_truth_fed,KXFED-26SEP-T4.75,1,insufficient_baseline_history_d16
trump_truth_fed,KXFED-26SEP-T4.75,3,insufficient_baseline_history_d16
trump_truth_fed,KXFED-26SEP-T4.75,5,insufficient_baseline_history_d16
nvda_earnings,KXFED-27MAR-T3.50,1,no_window_data
nvda_earnings,KXFED-27MAR-T2.50,1,no_window_data
nvda_earnings,KXFED-27MAR-T2.00,1,no_window_data
nvda_earnings,KXFED-26JUL-T5.25,1,insufficient_baseline_history_d16
nvda_earnings,KXFED-26JUL-T5.25,3,insufficient_baseline_history_d16
nvda_earnings,KXFED-26JUL-T5.25,5,insufficient_baseline_history_d16
nvda_earnings,KXFED-26JUL-T4.50,1,insufficient_baseline_history_d16
nvda_earnings,KXFED-26JUL-T4.50,3,insufficient_baseline_history_d16
nvda_earnings,KXFED-26JUL-T4.50,5,insufficient_baseline_history_d16
nvda_earnings,KXFED-26JUL-T4.25,1,no_window_data
nvda_earnings,KXFED-26JUL-T4.25,3,no_window_data
nvda_earnings,KXFED-26JUL-T4.25,5,no_window_data
nvda_earnings,KXCPI-26NOV-T0.0,1,no_window_data
nvda_earnings,KXCPI-26OCT-T0.1,1,no_window_data
nvda_earnings,KXCPI-26JUL-T0.3,1,no_window_data
nvda_earnings,KXCPI-26JUL-T0.3,3,no_window_data
nvda_earnings,KXCPI-26JUL-T0.3,5,no_window_data
nvda_earnings,KXCPI-26JUL-T0.1,1,no_window_data
nvda_earnings,KXCPI-26JUL-T0.1,3,no_window_data
nvda_earnings,KXCPI-26JUL-T0.1,5,no_window_data
nvda_earnings,KXCPI-26JUL-T-0.1,1,no_window_data
nvda_earnings,KXCPI-26JUL-T-0.1,3,no_window_data
nvda_earnings,KXCPI-26JUL-T-0.1,5,no_window_data
nvda_earnings,KXCPI-26JUN-T-0.3,1,insufficient_baseline_history_d16
nvda_earnings,KXCPI-26JUN-T-0.3,3,insufficient_baseline_history_d16
nvda_earnings,KXCPI-26JUN-T-0.3,5,insufficient_baseline_history_d16
nvda_earnings,KXCPI-26JUN-T-0.2,1,insufficient_baseline_history_d16
nvda_earnings,KXCPI-26JUN-T-0.2,3,insufficient_baseline_history_d16
nvda_earnings,KXCPI-26JUN-T-0.2,5,insufficient_baseline_history_d16
nvda_earnings,KXCPI-26JUN-T0.5,1,insufficient_baseline_history_d16
nvda_earnings,KXCPI-26JUN-T0.5,3,insufficient_baseline_history_d16
nvda_earnings,KXCPI-26JUN-T0.5,5,insufficient_baseline_history_d16
nvda_earnings,KXCPI-26JUN-T0.4,1,insufficient_baseline_history_d16
nvda_earnings,KXCPI-26JUN-T0.4,3,insufficient_baseline_history_d16
nvda_earnings,KXCPI-26JUN-T0.4,5,insufficient_baseline_history_d16
nvda_earnings,KXCPI-26JUN-T0.3,1,insufficient_baseline_history_d16
nvda_earnings,KXCPI-26JUN-T0.3,3,insufficient_baseline_history_d16
nvda_earnings,KXCPI-26JUN-T0.3,5,insufficient_baseline_history_d16
nvda_earnings,KXCPI-26JUN-T0.2,1,insufficient_baseline_history_d16
nvda_earnings,KXCPI-26JUN-T0.2,3,insufficient_baseline_history_d16
nvda_earnings,KXCPI-26JUN-T0.2,5,insufficient_baseline_history_d16
nvda_earnings,KXCPI-26JUN-T0.1,1,insufficient_baseline_history_d16
nvda_earnings,KXCPI-26JUN-T0.1,3,insufficient_baseline_history_d16
nvda_earnings,KXCPI-26JUN-T0.1,5,insufficient_baseline_history_d16
nvda_earnings,KXCPI-26JUN-T-0.1,1,insufficient_baseline_history_d16
nvda_earnings,KXCPI-26JUN-T-0.1,3,insufficient_baseline_history_d16
nvda_earnings,KXCPI-26JUN-T-0.1,5,insufficient_baseline_history_d16
nvda_earnings,KXCPI-26JUN-T0.0,1,insufficient_baseline_history_d16
nvda_earnings,KXCPI-26JUN-T0.0,3,insufficient_baseline_history_d16
nvda_earnings,KXCPI-26JUN-T0.0,5,insufficient_baseline_history_d16
nvda_earnings,KXFED-27MAR-T1.75,1,no_window_data
nvda_earnings,KXFED-27MAR-T1.50,1,no_window_data
nvda_earnings,KXFED-27MAR-T1.25,1,no_window_data
nvda_earnings,KXFED-27MAR-T1.00,1,no_window_data
nvda_earnings,KXFED-27MAR-T0.75,1,no_window_data
nvda_earnings,KXFED-27MAR-T0.50,1,no_window_data
nvda_earnings,KXFED-27MAR-T0.25,1,no_window_data
nvda_earnings,KXFED-27MAR-T0.00,1,no_window_data
nvda_earnings,KXFED-27JAN-T3.50,1,no_window_data
nvda_earnings,KXFED-27JAN-T2.50,1,no_window_data
nvda_earnings,KXFED-27JAN-T2.25,1,no_window_data
nvda_earnings,KXFED-27JAN-T1.25,1,no_window_data
nvda_earnings,KXFED-27JAN-T1.00,1,no_window_data
nvda_earnings,KXFED-27JAN-T0.25,1,no_window_data
nvda_earnings,KXFED-27JAN-T0.00,1,no_window_data
nvda_earnings,KXFED-26DEC-T5.25,1,insufficient_baseline_history_d16
nvda_earnings,KXFED-26DEC-T5.25,3,insufficient_baseline_history_d16
nvda_earnings,KXFED-26DEC-T5.25,5,insufficient_baseline_history_d16
nvda_earnings,KXFED-26OCT-T5.25,1,insufficient_baseline_history_d16
nvda_earnings,KXFED-26OCT-T5.25,3,insufficient_baseline_history_d16
nvda_earnings,KXFED-26OCT-T5.25,5,insufficient_baseline_history_d16
nvda_earnings,KXFED-26OCT-T4.25,1,no_window_data
nvda_earnings,KXFED-26SEP-T5.25,1,insufficient_baseline_history_d16
nvda_earnings,KXFED-26SEP-T5.25,3,insufficient_baseline_history_d16
nvda_earnings,KXFED-26SEP-T5.25,5,insufficient_baseline_history_d16
nvda_earnings,KXFED-26SEP-T4.50,1,insufficient_baseline_history_d16
nvda_earnings,KXFED-26SEP-T4.50,3,insufficient_baseline_history_d16
nvda_earnings,KXFED-26SEP-T4.50,5,insufficient_baseline_history_d16
nvda_earnings,KXFED-26SEP-T3.25,1,no_window_data
nvda_earnings,KXFED-26SEP-T3.25,3,no_window_data
nvda_earnings,KXFED-26JUL-T5.00,1,insufficient_baseline_history_d16
nvda_earnings,KXFED-26JUL-T5.00,3,insufficient_baseline_history_d16
nvda_earnings,KXFED-26JUL-T5.00,5,insufficient_baseline_history_d16
nvda_earnings,KXFED-26JUL-T4.75,1,no_window_data
nvda_earnings,KXFED-26JUL-T4.75,3,no_window_data
nvda_earnings,KXFED-26JUL-T4.75,5,no_window_data
nvda_earnings,KXFED-26JUL-T4.00,1,no_window_data
nvda_earnings,KXFED-26JUL-T4.00,3,no_window_data
nvda_earnings,KXFED-26JUL-T4.00,5,no_window_data
nvda_earnings,KXFED-26JUL-T3.75,1,no_window_data
nvda_earnings,KXFED-26JUL-T3.75,3,no_window_data
nvda_earnings,KXFED-26JUL-T3.75,5,no_window_data
nvda_earnings,KXFED-26JUL-T3.50,1,no_window_data
nvda_earnings,KXFED-26JUL-T3.50,3,no_window_data
nvda_earnings,KXFED-26JUL-T3.50,5,no_window_data
nvda_earnings,KXFED-26JUL-T3.25,1,no_window_data
nvda_earnings,KXFED-26JUL-T3.25,3,no_window_data
nvda_earnings,KXFED-26JUL-T3.25,5,no_window_data
nvda_earnings,KXFED-26JUL-T3.00,1,no_window_data
nvda_earnings,KXFED-26JUL-T3.00,3,no_window_data
nvda_earnings,KXFED-26JUL-T3.00,5,no_window_data
nvda_earnings,KXFED-26JUL-T2.75,1,no_window_data
nvda_earnings,KXFED-26JUL-T2.75,3,no_window_data
nvda_earnings,KXFED-26JUL-T2.75,5,no_window_data
nvda_earnings,KXCPI-26JUL-T-0.4,1,no_window_data
nvda_earnings,KXCPI-26JUL-T-0.4,3,no_window_data
nvda_earnings,KXCPI-26JUL-T-0.4,5,no_window_data
nvda_earnings,KXCPI-26JUL-T-0.3,1,no_window_data
nvda_earnings,KXCPI-26JUL-T-0.3,3,no_window_data
nvda_earnings,KXCPI-26JUL-T-0.3,5,no_window_data
nvda_earnings,KXCPI-26JUL-T-0.2,1,no_window_data
nvda_earnings,KXCPI-26JUL-T-0.2,3,no_window_data
nvda_earnings,KXCPI-26JUL-T-0.2,5,no_window_data
nvda_earnings,KXCPI-26NOV-T0.5,1,no_window_data
nvda_earnings,KXCPI-26NOV-T0.4,1,insufficient_baseline_history_d16
nvda_earnings,KXCPI-26NOV-T0.4,3,insufficient_baseline_history_d16
nvda_earnings,KXCPI-26NOV-T0.4,5,insufficient_baseline_history_d16
nvda_earnings,KXCPI-26NOV-T0.3,1,no_window_data
nvda_earnings,KXCPI-26NOV-T0.2,1,no_window_data
nvda_earnings,KXCPI-26NOV-T0.1,1,no_window_data
nvda_earnings,KXCPI-26NOV-T-0.1,1,no_window_data
nvda_earnings,KXCPI-26OCT-T0.5,1,no_window_data
nvda_earnings,KXCPI-26OCT-T0.4,1,no_window_data
nvda_earnings,KXCPI-26OCT-T0.0,1,no_window_data
nvda_earnings,KXCPI-26AUG-T0.0,1,no_window_data
nvda_earnings,KXCPI-26JUL-T0.5,1,no_window_data
nvda_earnings,KXCPI-26JUL-T0.5,3,no_window_data
nvda_earnings,KXCPI-26JUL-T0.5,5,no_window_data
nvda_earnings,KXCPI-26JUL-T0.4,1,no_window_data
nvda_earnings,KXCPI-26JUL-T0.4,3,no_window_data
nvda_earnings,KXCPI-26JUL-T0.4,5,no_window_data
nvda_earnings,KXCPI-26JUL-T0.2,1,no_window_data
nvda_earnings,KXCPI-26JUL-T0.2,3,no_window_data
nvda_earnings,KXCPI-26JUL-T0.2,5,no_window_data
nvda_earnings,KXCPI-26JUL-T0.0,1,no_window_data
nvda_earnings,KXCPI-26JUL-T0.0,3,no_window_data
nvda_earnings,KXCPI-26JUL-T0.0,5,no_window_data
fomc_sep_hike,KXFED-27APR-T6.00,1,insufficient_baseline_history_d16
fomc_sep_hike,KXFED-27APR-T6.00,3,insufficient_baseline_history_d16
fomc_sep_hike,KXFED-27APR-T6.00,5,insufficient_baseline_history_d16
fomc_sep_hike,KXFED-27APR-T5.75,1,insufficient_baseline_history_d16
fomc_sep_hike,KXFED-27APR-T5.75,3,insufficient_baseline_history_d16
fomc_sep_hike,KXFED-27APR-T5.75,5,insufficient_baseline_history_d16
fomc_sep_hike,KXFED-27APR-T5.50,1,insufficient_baseline_history_d16
fomc_sep_hike,KXFED-27APR-T5.50,3,insufficient_baseline_history_d16
fomc_sep_hike,KXFED-27APR-T5.50,5,insufficient_baseline_history_d16
fomc_sep_hike,KXFED-27APR-T5.25,1,insufficient_baseline_history_d16
fomc_sep_hike,KXFED-27APR-T5.25,3,insufficient_baseline_history_d16
fomc_sep_hike,KXFED-27APR-T5.25,5,insufficient_baseline_history_d16
fomc_sep_hike,KXFED-27APR-T5.00,1,insufficient_baseline_history_d16
fomc_sep_hike,KXFED-27APR-T5.00,3,insufficient_baseline_history_d16
fomc_sep_hike,KXFED-27APR-T5.00,5,insufficient_baseline_history_d16
fomc_sep_hike,KXFED-27APR-T4.75,1,insufficient_baseline_history_d16
fomc_sep_hike,KXFED-27APR-T4.75,3,insufficient_baseline_history_d16
fomc_sep_hike,KXFED-27APR-T4.75,5,insufficient_baseline_history_d16
fomc_sep_hike,KXFED-27APR-T4.50,1,insufficient_baseline_history_d16
fomc_sep_hike,KXFED-27APR-T4.50,3,insufficient_baseline_history_d16
fomc_sep_hike,KXFED-27APR-T4.50,5,insufficient_baseline_history_d16
fomc_sep_hike,KXFED-27MAR-T5.75,1,insufficient_baseline_history_d16
fomc_sep_hike,KXFED-27MAR-T5.75,3,insufficient_baseline_history_d16
fomc_sep_hike,KXFED-27MAR-T5.75,5,insufficient_baseline_history_d16
fomc_sep_hike,KXFED-27MAR-T5.50,1,insufficient_baseline_history_d16
fomc_sep_hike,KXFED-27MAR-T5.50,3,insufficient_baseline_history_d16
fomc_sep_hike,KXFED-27MAR-T5.50,5,insufficient_baseline_history_d16
fomc_sep_hike,KXFED-27MAR-T5.25,1,insufficient_baseline_history_d16
fomc_sep_hike,KXFED-27MAR-T5.25,3,insufficient_baseline_history_d16
fomc_sep_hike,KXFED-27MAR-T5.25,5,insufficient_baseline_history_d16
fomc_sep_hike,KXFED-27MAR-T5.00,1,insufficient_baseline_history_d16
fomc_sep_hike,KXFED-27MAR-T5.00,3,insufficient_baseline_history_d16
fomc_sep_hike,KXFED-27MAR-T5.00,5,insufficient_baseline_history_d16
fomc_sep_hike,KXFED-27MAR-T4.75,1,insufficient_baseline_history_d16
fomc_sep_hike,KXFED-27MAR-T4.75,3,insufficient_baseline_history_d16
fomc_sep_hike,KXFED-27MAR-T4.75,5,insufficient_baseline_history_d16
fomc_sep_hike,KXFED-27MAR-T4.50,1,insufficient_baseline_history_d16
fomc_sep_hike,KXFED-27MAR-T4.50,3,insufficient_baseline_history_d16
fomc_sep_hike,KXFED-27MAR-T4.50,5,insufficient_baseline_history_d16
fomc_sep_hike,KXFED-27JAN-T5.75,1,insufficient_baseline_history_d16
fomc_sep_hike,KXFED-27JAN-T5.75,3,insufficient_baseline_history_d16
fomc_sep_hike,KXFED-27JAN-T5.75,5,insufficient_baseline_history_d16
fomc_sep_hike,KXFED-27JAN-T5.50,1,insufficient_baseline_history_d16
fomc_sep_hike,KXFED-27JAN-T5.50,3,insufficient_baseline_history_d16
fomc_sep_hike,KXFED-27JAN-T5.50,5,insufficient_baseline_history_d16
fomc_sep_hike,KXFED-27JAN-T5.25,1,insufficient_baseline_history_d16
fomc_sep_hike,KXFED-27JAN-T5.25,3,insufficient_baseline_history_d16
fomc_sep_hike,KXFED-27JAN-T5.25,5,insufficient_baseline_history_d16
fomc_sep_hike,KXFED-27JAN-T5.00,1,insufficient_baseline_history_d16
fomc_sep_hike,KXFED-27JAN-T5.00,3,insufficient_baseline_history_d16
fomc_sep_hike,KXFED-27JAN-T5.00,5,insufficient_baseline_history_d16
fomc_sep_hike,KXFED-27JAN-T4.75,1,insufficient_baseline_history_d16
fomc_sep_hike,KXFED-27JAN-T4.75,3,insufficient_baseline_history_d16
fomc_sep_hike,KXFED-27JAN-T4.75,5,insufficient_baseline_history_d16
fomc_sep_hike,KXFED-27JAN-T4.50,1,insufficient_baseline_history_d16
fomc_sep_hike,KXFED-27JAN-T4.50,3,insufficient_baseline_history_d16
fomc_sep_hike,KXFED-27JAN-T4.50,5,insufficient_baseline_history_d16
fomc_sep_hike,KXFED-28JAN-T6.00,1,insufficient_baseline_history_d16
fomc_sep_hike,KXFED-28JAN-T6.00,3,insufficient_baseline_history_d16
fomc_sep_hike,KXFED-28JAN-T6.00,5,insufficient_baseline_history_d16
fomc_sep_hike,KXFED-28JAN-T5.75,1,insufficient_baseline_history_d16
fomc_sep_hike,KXFED-28JAN-T5.75,3,insufficient_baseline_history_d16
fomc_sep_hike,KXFED-28JAN-T5.75,5,insufficient_baseline_history_d16
fomc_sep_hike,KXFED-28JAN-T5.50,1,insufficient_baseline_history_d16
fomc_sep_hike,KXFED-28JAN-T5.50,3,insufficient_baseline_history_d16
fomc_sep_hike,KXFED-28JAN-T5.50,5,insufficient_baseline_history_d16
fomc_sep_hike,KXFED-28JAN-T5.25,1,insufficient_baseline_history_d16
fomc_sep_hike,KXFED-28JAN-T5.25,3,insufficient_baseline_history_d16
fomc_sep_hike,KXFED-28JAN-T5.25,5,insufficient_baseline_history_d16
fomc_sep_hike,KXFED-28JAN-T5.00,1,insufficient_baseline_history_d16
fomc_sep_hike,KXFED-28JAN-T5.00,3,insufficient_baseline_history_d16
fomc_sep_hike,KXFED-28JAN-T5.00,5,insufficient_baseline_history_d16
fomc_sep_hike,KXFED-28JAN-T4.75,1,insufficient_baseline_history_d16
fomc_sep_hike,KXFED-28JAN-T4.75,3,insufficient_baseline_history_d16
fomc_sep_hike,KXFED-28JAN-T4.75,5,insufficient_baseline_history_d16
fomc_sep_hike,KXFED-28JAN-T4.50,1,insufficient_baseline_history_d16
fomc_sep_hike,KXFED-28JAN-T4.50,3,insufficient_baseline_history_d16
fomc_sep_hike,KXFED-28JAN-T4.50,5,insufficient_baseline_history_d16
fomc_sep_hike,KXFED-28JAN-T4.25,1,insufficient_baseline_history_d16
fomc_sep_hike,KXFED-28JAN-T4.25,3,insufficient_baseline_history_d16
fomc_sep_hike,KXFED-28JAN-T4.25,5,insufficient_baseline_history_d16
fomc_sep_hike,KXFED-28JAN-T4.00,1,insufficient_baseline_history_d16
fomc_sep_hike,KXFED-28JAN-T4.00,3,insufficient_baseline_history_d16
fomc_sep_hike,KXFED-28JAN-T4.00,5,insufficient_baseline_history_d16
fomc_sep_hike,KXFED-28JAN-T3.75,1,insufficient_baseline_history_d16
fomc_sep_hike,KXFED-28JAN-T3.75,3,insufficient_baseline_history_d16
fomc_sep_hike,KXFED-28JAN-T3.75,5,insufficient_baseline_history_d16
fomc_sep_hike,KXFED-28JAN-T3.50,1,insufficient_baseline_history_d16
fomc_sep_hike,KXFED-28JAN-T3.50,3,insufficient_baseline_history_d16
fomc_sep_hike,KXFED-28JAN-T3.50,5,insufficient_baseline_history_d16
fomc_sep_hike,KXFED-28JAN-T3.25,1,insufficient_baseline_history_d16
fomc_sep_hike,KXFED-28JAN-T3.25,3,insufficient_baseline_history_d16
fomc_sep_hike,KXFED-28JAN-T3.25,5,insufficient_baseline_history_d16
fomc_sep_hike,KXFED-28JAN-T3.00,1,insufficient_baseline_history_d16
fomc_sep_hike,KXFED-28JAN-T3.00,3,insufficient_baseline_history_d16
fomc_sep_hike,KXFED-28JAN-T3.00,5,insufficient_baseline_history_d16
fomc_sep_hike,KXFED-28JAN-T2.75,1,insufficient_baseline_history_d16
fomc_sep_hike,KXFED-28JAN-T2.75,3,insufficient_baseline_history_d16
fomc_sep_hike,KXFED-28JAN-T2.75,5,insufficient_baseline_history_d16
fomc_sep_hike,KXFED-28JAN-T2.50,1,insufficient_baseline_history_d16
fomc_sep_hike,KXFED-28JAN-T2.50,3,insufficient_baseline_history_d16
fomc_sep_hike,KXFED-28JAN-T2.50,5,insufficient_baseline_history_d16
fomc_sep_hike,KXFED-28JAN-T2.25,1,insufficient_baseline_history_d16
fomc_sep_hike,KXFED-28JAN-T2.25,3,insufficient_baseline_history_d16
fomc_sep_hike,KXFED-28JAN-T2.25,5,insufficient_baseline_history_d16
fomc_sep_hike,KXFED-28JAN-T2.00,1,insufficient_baseline_history_d16
fomc_sep_hike,KXFED-28JAN-T2.00,3,insufficient_baseline_history_d16
fomc_sep_hike,KXFED-28JAN-T2.00,5,insufficient_baseline_history_d16
fomc_sep_hike,KXFED-28JAN-T1.25,1,insufficient_baseline_history_d16
fomc_sep_hike,KXFED-28JAN-T1.25,3,insufficient_baseline_history_d16
fomc_sep_hike,KXFED-28JAN-T1.25,5,insufficient_baseline_history_d16
fomc_sep_hike,KXFED-28JAN-T1.00,1,insufficient_baseline_history_d16
fomc_sep_hike,KXFED-28JAN-T1.00,3,insufficient_baseline_history_d16
fomc_sep_hike,KXFED-28JAN-T1.00,5,insufficient_baseline_history_d16
fomc_sep_hike,KXFED-28JAN-T0.75,1,insufficient_baseline_history_d16
fomc_sep_hike,KXFED-28JAN-T0.75,3,insufficient_baseline_history_d16
fomc_sep_hike,KXFED-28JAN-T0.75,5,insufficient_baseline_history_d16
fomc_sep_hike,KXFED-28JAN-T0.50,1,insufficient_baseline_history_d16
fomc_sep_hike,KXFED-28JAN-T0.50,3,insufficient_baseline_history_d16
fomc_sep_hike,KXFED-28JAN-T0.50,5,insufficient_baseline_history_d16
fomc_sep_hike,KXFED-28JAN-T0.00,1,insufficient_baseline_history_d16
fomc_sep_hike,KXFED-28JAN-T0.00,3,insufficient_baseline_history_d16
fomc_sep_hike,KXFED-28JAN-T0.00,5,insufficient_baseline_history_d16
fomc_sep_hike,KXFED-27DEC-T6.00,1,insufficient_baseline_history_d16
fomc_sep_hike,KXFED-27DEC-T6.00,3,insufficient_baseline_history_d16
fomc_sep_hike,KXFED-27DEC-T6.00,5,insufficient_baseline_history_d16
fomc_sep_hike,KXFED-27DEC-T5.75,1,insufficient_baseline_history_d16
fomc_sep_hike,KXFED-27DEC-T5.75,3,insufficient_baseline_history_d16
fomc_sep_hike,KXFED-27DEC-T5.75,5,insufficient_baseline_history_d16
fomc_sep_hike,KXFED-27DEC-T5.25,1,insufficient_baseline_history_d16
fomc_sep_hike,KXFED-27DEC-T5.25,3,insufficient_baseline_history_d16
fomc_sep_hike,KXFED-27DEC-T5.25,5,insufficient_baseline_history_d16
fomc_sep_hike,KXFED-27DEC-T5.00,1,insufficient_baseline_history_d16
fomc_sep_hike,KXFED-27DEC-T5.00,3,insufficient_baseline_history_d16
fomc_sep_hike,KXFED-27DEC-T5.00,5,insufficient_baseline_history_d16
fomc_sep_hike,KXFED-27DEC-T4.75,1,insufficient_baseline_history_d16
fomc_sep_hike,KXFED-27DEC-T4.75,3,insufficient_baseline_history_d16
fomc_sep_hike,KXFED-27DEC-T4.75,5,insufficient_baseline_history_d16
fomc_sep_hike,KXFED-27DEC-T4.50,1,insufficient_baseline_history_d16
fomc_sep_hike,KXFED-27DEC-T4.50,3,insufficient_baseline_history_d16
fomc_sep_hike,KXFED-27DEC-T4.50,5,insufficient_baseline_history_d16
fomc_sep_hike,KXFED-27DEC-T4.00,1,insufficient_baseline_history_d16
fomc_sep_hike,KXFED-27DEC-T4.00,3,insufficient_baseline_history_d16
fomc_sep_hike,KXFED-27DEC-T4.00,5,insufficient_baseline_history_d16
fomc_sep_hike,KXFED-27DEC-T3.75,1,insufficient_baseline_history_d16
fomc_sep_hike,KXFED-27DEC-T3.75,3,insufficient_baseline_history_d16
fomc_sep_hike,KXFED-27DEC-T3.75,5,insufficient_baseline_history_d16
fomc_sep_hike,KXFED-27DEC-T3.25,1,insufficient_baseline_history_d16
fomc_sep_hike,KXFED-27DEC-T3.25,3,insufficient_baseline_history_d16
fomc_sep_hike,KXFED-27DEC-T3.25,5,insufficient_baseline_history_d16
fomc_sep_hike,KXFED-27DEC-T3.00,1,insufficient_baseline_history_d16
fomc_sep_hike,KXFED-27DEC-T3.00,3,insufficient_baseline_history_d16
fomc_sep_hike,KXFED-27DEC-T3.00,5,insufficient_baseline_history_d16
fomc_sep_hike,KXFED-27DEC-T2.75,1,insufficient_baseline_history_d16
fomc_sep_hike,KXFED-27DEC-T2.75,3,insufficient_baseline_history_d16
fomc_sep_hike,KXFED-27DEC-T2.75,5,insufficient_baseline_history_d16
fomc_sep_hike,KXFED-27DEC-T2.50,1,insufficient_baseline_history_d16
fomc_sep_hike,KXFED-27DEC-T2.50,3,insufficient_baseline_history_d16
fomc_sep_hike,KXFED-27DEC-T2.50,5,insufficient_baseline_history_d16
fomc_sep_hike,KXFED-27DEC-T2.25,1,insufficient_baseline_history_d16
fomc_sep_hike,KXFED-27DEC-T2.25,3,insufficient_baseline_history_d16
fomc_sep_hike,KXFED-27DEC-T2.25,5,insufficient_baseline_history_d16
fomc_sep_hike,KXFED-27DEC-T1.50,1,insufficient_baseline_history_d16
fomc_sep_hike,KXFED-27DEC-T1.50,3,insufficient_baseline_history_d16
fomc_sep_hike,KXFED-27DEC-T1.50,5,insufficient_baseline_history_d16
fomc_sep_hike,KXFED-27DEC-T1.25,1,insufficient_baseline_history_d16
fomc_sep_hike,KXFED-27DEC-T1.25,3,insufficient_baseline_history_d16
fomc_sep_hike,KXFED-27DEC-T1.25,5,insufficient_baseline_history_d16
fomc_sep_hike,KXFED-27DEC-T1.00,1,insufficient_baseline_history_d16
fomc_sep_hike,KXFED-27DEC-T1.00,3,insufficient_baseline_history_d16
fomc_sep_hike,KXFED-27DEC-T1.00,5,insufficient_baseline_history_d16
fomc_sep_hike,KXFED-27DEC-T0.75,1,insufficient_baseline_history_d16
fomc_sep_hike,KXFED-27DEC-T0.75,3,insufficient_baseline_history_d16
fomc_sep_hike,KXFED-27DEC-T0.75,5,insufficient_baseline_history_d16
fomc_sep_hike,KXFED-27DEC-T0.50,1,insufficient_baseline_history_d16
fomc_sep_hike,KXFED-27DEC-T0.50,3,insufficient_baseline_history_d16
fomc_sep_hike,KXFED-27DEC-T0.50,5,insufficient_baseline_history_d16
fomc_sep_hike,KXFED-27DEC-T0.25,1,insufficient_baseline_history_d16
fomc_sep_hike,KXFED-27DEC-T0.25,3,insufficient_baseline_history_d16
fomc_sep_hike,KXFED-27DEC-T0.25,5,insufficient_baseline_history_d16
fomc_sep_hike,KXFED-27DEC-T0.00,1,insufficient_baseline_history_d16
fomc_sep_hike,KXFED-27DEC-T0.00,3,insufficient_baseline_history_d16
fomc_sep_hike,KXFED-27DEC-T0.00,5,insufficient_baseline_history_d16
fomc_sep_hike,KXFED-27OCT-T5.75,1,insufficient_baseline_history_d16
fomc_sep_hike,KXFED-27OCT-T5.75,3,insufficient_baseline_history_d16
fomc_sep_hike,KXFED-27OCT-T5.75,5,insufficient_baseline_history_d16
fomc_sep_hike,KXFED-27OCT-T5.50,1,insufficient_baseline_history_d16
fomc_sep_hike,KXFED-27OCT-T5.50,3,insufficient_baseline_history_d16
fomc_sep_hike,KXFED-27OCT-T5.50,5,insufficient_baseline_history_d16
fomc_sep_hike,KXFED-27OCT-T5.25,1,insufficient_baseline_history_d16
fomc_sep_hike,KXFED-27OCT-T5.25,3,insufficient_baseline_history_d16
fomc_sep_hike,KXFED-27OCT-T5.25,5,insufficient_baseline_history_d16
fomc_sep_hike,KXFED-27OCT-T5.00,1,insufficient_baseline_history_d16
fomc_sep_hike,KXFED-27OCT-T5.00,3,insufficient_baseline_history_d16
fomc_sep_hike,KXFED-27OCT-T5.00,5,insufficient_baseline_history_d16
fomc_sep_hike,KXFED-27OCT-T4.75,1,insufficient_baseline_history_d16
fomc_sep_hike,KXFED-27OCT-T4.75,3,insufficient_baseline_history_d16
fomc_sep_hike,KXFED-27OCT-T4.75,5,insufficient_baseline_history_d16
fomc_sep_hike,KXFED-27OCT-T4.50,1,insufficient_baseline_history_d16
fomc_sep_hike,KXFED-27OCT-T4.50,3,insufficient_baseline_history_d16
fomc_sep_hike,KXFED-27OCT-T4.50,5,insufficient_baseline_history_d16
fomc_sep_hike,KXFED-27OCT-T4.25,1,insufficient_baseline_history_d16
fomc_sep_hike,KXFED-27OCT-T4.25,3,insufficient_baseline_history_d16
fomc_sep_hike,KXFED-27OCT-T4.25,5,insufficient_baseline_history_d16
fomc_sep_hike,KXFED-27OCT-T4.00,1,insufficient_baseline_history_d16
fomc_sep_hike,KXFED-27OCT-T4.00,3,insufficient_baseline_history_d16
fomc_sep_hike,KXFED-27OCT-T4.00,5,insufficient_baseline_history_d16
fomc_sep_hike,KXFED-27OCT-T3.50,1,insufficient_baseline_history_d16
fomc_sep_hike,KXFED-27OCT-T3.50,3,insufficient_baseline_history_d16
fomc_sep_hike,KXFED-27OCT-T3.50,5,insufficient_baseline_history_d16
fomc_sep_hike,KXFED-27OCT-T3.25,1,insufficient_baseline_history_d16
fomc_sep_hike,KXFED-27OCT-T3.25,3,insufficient_baseline_history_d16
fomc_sep_hike,KXFED-27OCT-T3.25,5,insufficient_baseline_history_d16
fomc_sep_hike,KXFED-27OCT-T3.00,1,insufficient_baseline_history_d16
fomc_sep_hike,KXFED-27OCT-T3.00,3,insufficient_baseline_history_d16
fomc_sep_hike,KXFED-27OCT-T3.00,5,insufficient_baseline_history_d16
fomc_sep_hike,KXFED-27OCT-T2.75,1,insufficient_baseline_history_d16
fomc_sep_hike,KXFED-27OCT-T2.75,3,insufficient_baseline_history_d16
fomc_sep_hike,KXFED-27OCT-T2.75,5,insufficient_baseline_history_d16
fomc_sep_hike,KXFED-27OCT-T2.50,1,insufficient_baseline_history_d16
fomc_sep_hike,KXFED-27OCT-T2.50,3,insufficient_baseline_history_d16
fomc_sep_hike,KXFED-27OCT-T2.50,5,insufficient_baseline_history_d16
fomc_sep_hike,KXFED-27OCT-T2.25,1,insufficient_baseline_history_d16
fomc_sep_hike,KXFED-27OCT-T2.25,3,insufficient_baseline_history_d16
fomc_sep_hike,KXFED-27OCT-T2.25,5,insufficient_baseline_history_d16
fomc_sep_hike,KXFED-27OCT-T2.00,1,insufficient_baseline_history_d16
fomc_sep_hike,KXFED-27OCT-T2.00,3,insufficient_baseline_history_d16
fomc_sep_hike,KXFED-27OCT-T2.00,5,insufficient_baseline_history_d16
fomc_sep_hike,KXFED-27OCT-T1.75,1,insufficient_baseline_history_d16
fomc_sep_hike,KXFED-27OCT-T1.75,3,insufficient_baseline_history_d16
fomc_sep_hike,KXFED-27OCT-T1.75,5,insufficient_baseline_history_d16
fomc_sep_hike,KXFED-27OCT-T1.50,1,insufficient_baseline_history_d16
fomc_sep_hike,KXFED-27OCT-T1.50,3,insufficient_baseline_history_d16
fomc_sep_hike,KXFED-27OCT-T1.50,5,insufficient_baseline_history_d16
fomc_sep_hike,KXFED-27OCT-T1.25,1,insufficient_baseline_history_d16
fomc_sep_hike,KXFED-27OCT-T1.25,3,insufficient_baseline_history_d16
fomc_sep_hike,KXFED-27OCT-T1.25,5,insufficient_baseline_history_d16
fomc_sep_hike,KXFED-27OCT-T1.00,1,insufficient_baseline_history_d16
fomc_sep_hike,KXFED-27OCT-T1.00,3,insufficient_baseline_history_d16
fomc_sep_hike,KXFED-27OCT-T1.00,5,insufficient_baseline_history_d16
fomc_sep_hike,KXFED-27OCT-T0.75,1,insufficient_baseline_history_d16
fomc_sep_hike,KXFED-27OCT-T0.75,3,insufficient_baseline_history_d16
fomc_sep_hike,KXFED-27OCT-T0.75,5,insufficient_baseline_history_d16
fomc_sep_hike,KXFED-27OCT-T0.50,1,insufficient_baseline_history_d16
fomc_sep_hike,KXFED-27OCT-T0.50,3,insufficient_baseline_history_d16
fomc_sep_hike,KXFED-27OCT-T0.50,5,insufficient_baseline_history_d16
fomc_sep_hike,KXFED-27OCT-T0.25,1,insufficient_baseline_history_d16
fomc_sep_hike,KXFED-27OCT-T0.25,3,insufficient_baseline_history_d16
fomc_sep_hike,KXFED-27OCT-T0.25,5,insufficient_baseline_history_d16
fomc_sep_hike,KXFED-27OCT-T0.00,1,insufficient_baseline_history_d16
fomc_sep_hike,KXFED-27OCT-T0.00,3,insufficient_baseline_history_d16
fomc_sep_hike,KXFED-27OCT-T0.00,5,insufficient_baseline_history_d16
fomc_sep_hike,KXFED-27SEP-T6.00,1,insufficient_baseline_history_d16
fomc_sep_hike,KXFED-27SEP-T6.00,3,insufficient_baseline_history_d16
fomc_sep_hike,KXFED-27SEP-T6.00,5,insufficient_baseline_history_d16
fomc_sep_hike,KXFED-27SEP-T5.75,1,insufficient_baseline_history_d16
fomc_sep_hike,KXFED-27SEP-T5.75,3,insufficient_baseline_history_d16
fomc_sep_hike,KXFED-27SEP-T5.75,5,insufficient_baseline_history_d16
fomc_sep_hike,KXFED-27SEP-T5.50,1,insufficient_baseline_history_d16
fomc_sep_hike,KXFED-27SEP-T5.50,3,insufficient_baseline_history_d16
fomc_sep_hike,KXFED-27SEP-T5.50,5,insufficient_baseline_history_d16
fomc_sep_hike,KXFED-27SEP-T5.25,1,insufficient_baseline_history_d16
fomc_sep_hike,KXFED-27SEP-T5.25,3,insufficient_baseline_history_d16
fomc_sep_hike,KXFED-27SEP-T5.25,5,insufficient_baseline_history_d16
fomc_sep_hike,KXFED-27SEP-T5.00,1,insufficient_baseline_history_d16
fomc_sep_hike,KXFED-27SEP-T5.00,3,insufficient_baseline_history_d16
fomc_sep_hike,KXFED-27SEP-T5.00,5,insufficient_baseline_history_d16
fomc_sep_hike,KXFED-27SEP-T4.25,1,insufficient_baseline_history_d16
fomc_sep_hike,KXFED-27SEP-T4.25,3,insufficient_baseline_history_d16
fomc_sep_hike,KXFED-27SEP-T4.25,5,insufficient_baseline_history_d16
fomc_sep_hike,KXFED-27SEP-T4.00,1,insufficient_baseline_history_d16
fomc_sep_hike,KXFED-27SEP-T4.00,3,insufficient_baseline_history_d16
fomc_sep_hike,KXFED-27SEP-T4.00,5,insufficient_baseline_history_d16
fomc_sep_hike,KXFED-27SEP-T3.75,1,insufficient_baseline_history_d16
fomc_sep_hike,KXFED-27SEP-T3.75,3,insufficient_baseline_history_d16
fomc_sep_hike,KXFED-27SEP-T3.75,5,insufficient_baseline_history_d16
fomc_sep_hike,KXFED-27SEP-T3.50,1,insufficient_baseline_history_d16
fomc_sep_hike,KXFED-27SEP-T3.50,3,insufficient_baseline_history_d16
fomc_sep_hike,KXFED-27SEP-T3.50,5,insufficient_baseline_history_d16
fomc_sep_hike,KXFED-27SEP-T3.25,1,insufficient_baseline_history_d16
fomc_sep_hike,KXFED-27SEP-T3.25,3,insufficient_baseline_history_d16
fomc_sep_hike,KXFED-27SEP-T3.25,5,insufficient_baseline_history_d16
fomc_sep_hike,KXFED-27SEP-T3.00,1,insufficient_baseline_history_d16
fomc_sep_hike,KXFED-27SEP-T3.00,3,insufficient_baseline_history_d16
fomc_sep_hike,KXFED-27SEP-T3.00,5,insufficient_baseline_history_d16
fomc_sep_hike,KXFED-27SEP-T2.75,1,insufficient_baseline_history_d16
fomc_sep_hike,KXFED-27SEP-T2.75,3,insufficient_baseline_history_d16
fomc_sep_hike,KXFED-27SEP-T2.75,5,insufficient_baseline_history_d16
fomc_sep_hike,KXFED-27SEP-T2.50,1,insufficient_baseline_history_d16
fomc_sep_hike,KXFED-27SEP-T2.50,3,insufficient_baseline_history_d16
fomc_sep_hike,KXFED-27SEP-T2.50,5,insufficient_baseline_history_d16
fomc_sep_hike,KXFED-27SEP-T2.25,1,insufficient_baseline_history_d16
fomc_sep_hike,KXFED-27SEP-T2.25,3,insufficient_baseline_history_d16
fomc_sep_hike,KXFED-27SEP-T2.25,5,insufficient_baseline_history_d16
fomc_sep_hike,KXFED-27SEP-T2.00,1,insufficient_baseline_history_d16
fomc_sep_hike,KXFED-27SEP-T2.00,3,insufficient_baseline_history_d16
fomc_sep_hike,KXFED-27SEP-T2.00,5,insufficient_baseline_history_d16
fomc_sep_hike,KXFED-27SEP-T1.75,1,insufficient_baseline_history_d16
fomc_sep_hike,KXFED-27SEP-T1.75,3,insufficient_baseline_history_d16
fomc_sep_hike,KXFED-27SEP-T1.75,5,insufficient_baseline_history_d16
fomc_sep_hike,KXFED-27SEP-T1.50,1,insufficient_baseline_history_d16
fomc_sep_hike,KXFED-27SEP-T1.50,3,insufficient_baseline_history_d16
fomc_sep_hike,KXFED-27SEP-T1.50,5,insufficient_baseline_history_d16
fomc_sep_hike,KXFED-27SEP-T1.25,1,insufficient_baseline_history_d16
fomc_sep_hike,KXFED-27SEP-T1.25,3,insufficient_baseline_history_d16
fomc_sep_hike,KXFED-27SEP-T1.25,5,insufficient_baseline_history_d16
fomc_sep_hike,KXFED-27SEP-T1.00,1,insufficient_baseline_history_d16
fomc_sep_hike,KXFED-27SEP-T1.00,3,insufficient_baseline_history_d16
fomc_sep_hike,KXFED-27SEP-T1.00,5,insufficient_baseline_history_d16
fomc_sep_hike,KXFED-27SEP-T0.75,1,insufficient_baseline_history_d16
fomc_sep_hike,KXFED-27SEP-T0.75,3,insufficient_baseline_history_d16
fomc_sep_hike,KXFED-27SEP-T0.75,5,insufficient_baseline_history_d16
fomc_sep_hike,KXFED-27SEP-T0.50,1,insufficient_baseline_history_d16
fomc_sep_hike,KXFED-27SEP-T0.50,3,insufficient_baseline_history_d16
fomc_sep_hike,KXFED-27SEP-T0.50,5,insufficient_baseline_history_d16
fomc_sep_hike,KXFED-27SEP-T0.25,1,insufficient_baseline_history_d16
fomc_sep_hike,KXFED-27SEP-T0.25,3,insufficient_baseline_history_d16
fomc_sep_hike,KXFED-27SEP-T0.25,5,insufficient_baseline_history_d16
fomc_sep_hike,KXFED-27SEP-T0.00,1,insufficient_baseline_history_d16
fomc_sep_hike,KXFED-27SEP-T0.00,3,insufficient_baseline_history_d16
fomc_sep_hike,KXFED-27SEP-T0.00,5,insufficient_baseline_history_d16
fomc_sep_hike,KXFED-27JUL-T6.00,1,insufficient_baseline_history_d16
fomc_sep_hike,KXFED-27JUL-T6.00,3,insufficient_baseline_history_d16
fomc_sep_hike,KXFED-27JUL-T6.00,5,insufficient_baseline_history_d16
fomc_sep_hike,KXFED-27JUL-T5.75,1,insufficient_baseline_history_d16
fomc_sep_hike,KXFED-27JUL-T5.75,3,insufficient_baseline_history_d16
fomc_sep_hike,KXFED-27JUL-T5.75,5,insufficient_baseline_history_d16
fomc_sep_hike,KXFED-27JUL-T5.50,1,insufficient_baseline_history_d16
fomc_sep_hike,KXFED-27JUL-T5.50,3,insufficient_baseline_history_d16
fomc_sep_hike,KXFED-27JUL-T5.50,5,insufficient_baseline_history_d16
fomc_sep_hike,KXFED-27JUL-T5.25,1,insufficient_baseline_history_d16
fomc_sep_hike,KXFED-27JUL-T5.25,3,insufficient_baseline_history_d16
fomc_sep_hike,KXFED-27JUL-T5.25,5,insufficient_baseline_history_d16
fomc_sep_hike,KXFED-27JUL-T5.00,1,insufficient_baseline_history_d16
fomc_sep_hike,KXFED-27JUL-T5.00,3,insufficient_baseline_history_d16
fomc_sep_hike,KXFED-27JUL-T5.00,5,insufficient_baseline_history_d16
fomc_sep_hike,KXFED-27JUL-T4.75,1,insufficient_baseline_history_d16
fomc_sep_hike,KXFED-27JUL-T4.75,3,insufficient_baseline_history_d16
fomc_sep_hike,KXFED-27JUL-T4.75,5,insufficient_baseline_history_d16
fomc_sep_hike,KXFED-27JUL-T4.50,1,insufficient_baseline_history_d16
fomc_sep_hike,KXFED-27JUL-T4.50,3,insufficient_baseline_history_d16
fomc_sep_hike,KXFED-27JUL-T4.50,5,insufficient_baseline_history_d16
fomc_sep_hike,KXFED-27JUL-T4.25,1,insufficient_baseline_history_d16
fomc_sep_hike,KXFED-27JUL-T4.25,3,insufficient_baseline_history_d16
fomc_sep_hike,KXFED-27JUL-T4.25,5,insufficient_baseline_history_d16
fomc_sep_hike,KXFED-27JUL-T4.00,1,insufficient_baseline_history_d16
fomc_sep_hike,KXFED-27JUL-T4.00,3,insufficient_baseline_history_d16
fomc_sep_hike,KXFED-27JUL-T4.00,5,insufficient_baseline_history_d16
fomc_sep_hike,KXFED-27JUL-T3.75,1,insufficient_baseline_history_d16
fomc_sep_hike,KXFED-27JUL-T3.75,3,insufficient_baseline_history_d16
fomc_sep_hike,KXFED-27JUL-T3.75,5,insufficient_baseline_history_d16
fomc_sep_hike,KXFED-27JUL-T3.50,1,insufficient_baseline_history_d16
fomc_sep_hike,KXFED-27JUL-T3.50,3,insufficient_baseline_history_d16
fomc_sep_hike,KXFED-27JUL-T3.50,5,insufficient_baseline_history_d16
fomc_sep_hike,KXFED-27JUL-T3.25,1,insufficient_baseline_history_d16
fomc_sep_hike,KXFED-27JUL-T3.25,3,insufficient_baseline_history_d16
fomc_sep_hike,KXFED-27JUL-T3.25,5,insufficient_baseline_history_d16
fomc_sep_hike,KXFED-27JUL-T3.00,1,insufficient_baseline_history_d16
fomc_sep_hike,KXFED-27JUL-T3.00,3,insufficient_baseline_history_d16
fomc_sep_hike,KXFED-27JUL-T3.00,5,insufficient_baseline_history_d16
fomc_sep_hike,KXFED-27JUL-T2.75,1,insufficient_baseline_history_d16
fomc_sep_hike,KXFED-27JUL-T2.75,3,insufficient_baseline_history_d16
fomc_sep_hike,KXFED-27JUL-T2.75,5,insufficient_baseline_history_d16
fomc_sep_hike,KXFED-27JUL-T2.50,1,insufficient_baseline_history_d16
fomc_sep_hike,KXFED-27JUL-T2.50,3,insufficient_baseline_history_d16
fomc_sep_hike,KXFED-27JUL-T2.50,5,insufficient_baseline_history_d16
fomc_sep_hike,KXFED-27JUL-T2.25,1,insufficient_baseline_history_d16
fomc_sep_hike,KXFED-27JUL-T2.25,3,insufficient_baseline_history_d16
fomc_sep_hike,KXFED-27JUL-T2.25,5,insufficient_baseline_history_d16
fomc_sep_hike,KXFED-27JUL-T2.00,1,insufficient_baseline_history_d16
fomc_sep_hike,KXFED-27JUL-T2.00,3,insufficient_baseline_history_d16
fomc_sep_hike,KXFED-27JUL-T2.00,5,insufficient_baseline_history_d16
fomc_sep_hike,KXFED-27JUL-T1.75,1,insufficient_baseline_history_d16
fomc_sep_hike,KXFED-27JUL-T1.75,3,insufficient_baseline_history_d16
fomc_sep_hike,KXFED-27JUL-T1.75,5,insufficient_baseline_history_d16
fomc_sep_hike,KXFED-27JUL-T1.50,1,insufficient_baseline_history_d16
fomc_sep_hike,KXFED-27JUL-T1.50,3,insufficient_baseline_history_d16
fomc_sep_hike,KXFED-27JUL-T1.50,5,insufficient_baseline_history_d16
fomc_sep_hike,KXFED-27JUL-T1.25,1,insufficient_baseline_history_d16
fomc_sep_hike,KXFED-27JUL-T1.25,3,insufficient_baseline_history_d16
fomc_sep_hike,KXFED-27JUL-T1.25,5,insufficient_baseline_history_d16
fomc_sep_hike,KXFED-27JUL-T1.00,1,insufficient_baseline_history_d16
fomc_sep_hike,KXFED-27JUL-T1.00,3,insufficient_baseline_history_d16
fomc_sep_hike,KXFED-27JUL-T1.00,5,insufficient_baseline_history_d16
fomc_sep_hike,KXFED-27JUL-T0.50,1,insufficient_baseline_history_d16
fomc_sep_hike,KXFED-27JUL-T0.50,3,insufficient_baseline_history_d16
fomc_sep_hike,KXFED-27JUL-T0.50,5,insufficient_baseline_history_d16
fomc_sep_hike,KXFED-27JUL-T0.25,1,insufficient_baseline_history_d16
fomc_sep_hike,KXFED-27JUL-T0.25,3,insufficient_baseline_history_d16
fomc_sep_hike,KXFED-27JUL-T0.25,5,insufficient_baseline_history_d16
fomc_sep_hike,KXFED-27JUL-T0.00,1,insufficient_baseline_history_d16
fomc_sep_hike,KXFED-27JUL-T0.00,3,insufficient_baseline_history_d16
fomc_sep_hike,KXFED-27JUL-T0.00,5,insufficient_baseline_history_d16
fomc_sep_hike,KXFED-27JUN-T6.00,1,insufficient_baseline_history_d16
fomc_sep_hike,KXFED-27JUN-T6.00,3,insufficient_baseline_history_d16
fomc_sep_hike,KXFED-27JUN-T6.00,5,insufficient_baseline_history_d16
fomc_sep_hike,KXFED-27JUN-T5.75,1,insufficient_baseline_history_d16
fomc_sep_hike,KXFED-27JUN-T5.75,3,insufficient_baseline_history_d16
fomc_sep_hike,KXFED-27JUN-T5.75,5,insufficient_baseline_history_d16
fomc_sep_hike,KXFED-27JUN-T5.50,1,insufficient_baseline_history_d16
fomc_sep_hike,KXFED-27JUN-T5.50,3,insufficient_baseline_history_d16
fomc_sep_hike,KXFED-27JUN-T5.50,5,insufficient_baseline_history_d16
fomc_sep_hike,KXFED-27JUN-T5.25,1,insufficient_baseline_history_d16
fomc_sep_hike,KXFED-27JUN-T5.25,3,insufficient_baseline_history_d16
fomc_sep_hike,KXFED-27JUN-T5.25,5,insufficient_baseline_history_d16
fomc_sep_hike,KXFED-27JUN-T5.00,1,insufficient_baseline_history_d16
fomc_sep_hike,KXFED-27JUN-T5.00,3,insufficient_baseline_history_d16
fomc_sep_hike,KXFED-27JUN-T5.00,5,insufficient_baseline_history_d16
fomc_sep_hike,KXFED-27JUN-T4.75,1,insufficient_baseline_history_d16
fomc_sep_hike,KXFED-27JUN-T4.75,3,insufficient_baseline_history_d16
fomc_sep_hike,KXFED-27JUN-T4.75,5,insufficient_baseline_history_d16
fomc_sep_hike,KXFED-27JUN-T4.50,1,insufficient_baseline_history_d16
fomc_sep_hike,KXFED-27JUN-T4.50,3,insufficient_baseline_history_d16
fomc_sep_hike,KXFED-27JUN-T4.50,5,insufficient_baseline_history_d16
fomc_sep_hike,KXFED-27JUN-T4.25,1,insufficient_baseline_history_d16
fomc_sep_hike,KXFED-27JUN-T4.25,3,insufficient_baseline_history_d16
fomc_sep_hike,KXFED-27JUN-T4.25,5,insufficient_baseline_history_d16
fomc_sep_hike,KXFED-27JUN-T4.00,1,insufficient_baseline_history_d16
fomc_sep_hike,KXFED-27JUN-T4.00,3,insufficient_baseline_history_d16
fomc_sep_hike,KXFED-27JUN-T4.00,5,insufficient_baseline_history_d16
fomc_sep_hike,KXFED-27JUN-T3.75,1,insufficient_baseline_history_d16
fomc_sep_hike,KXFED-27JUN-T3.75,3,insufficient_baseline_history_d16
fomc_sep_hike,KXFED-27JUN-T3.75,5,insufficient_baseline_history_d16
fomc_sep_hike,KXFED-27JUN-T3.50,1,insufficient_baseline_history_d16
fomc_sep_hike,KXFED-27JUN-T3.50,3,insufficient_baseline_history_d16
fomc_sep_hike,KXFED-27JUN-T3.50,5,insufficient_baseline_history_d16
fomc_sep_hike,KXFED-27JUN-T3.00,1,insufficient_baseline_history_d16
fomc_sep_hike,KXFED-27JUN-T3.00,3,insufficient_baseline_history_d16
fomc_sep_hike,KXFED-27JUN-T3.00,5,insufficient_baseline_history_d16
fomc_sep_hike,KXFED-27JUN-T2.75,1,insufficient_baseline_history_d16
fomc_sep_hike,KXFED-27JUN-T2.75,3,insufficient_baseline_history_d16
fomc_sep_hike,KXFED-27JUN-T2.75,5,insufficient_baseline_history_d16
fomc_sep_hike,KXFED-27JUN-T2.50,1,insufficient_baseline_history_d16
fomc_sep_hike,KXFED-27JUN-T2.50,3,insufficient_baseline_history_d16
fomc_sep_hike,KXFED-27JUN-T2.50,5,insufficient_baseline_history_d16
fomc_sep_hike,KXFED-27JUN-T2.25,1,insufficient_baseline_history_d16
fomc_sep_hike,KXFED-27JUN-T2.25,3,insufficient_baseline_history_d16
fomc_sep_hike,KXFED-27JUN-T2.25,5,insufficient_baseline_history_d16
fomc_sep_hike,KXFED-27JUN-T2.00,1,insufficient_baseline_history_d16
fomc_sep_hike,KXFED-27JUN-T2.00,3,insufficient_baseline_history_d16
fomc_sep_hike,KXFED-27JUN-T2.00,5,insufficient_baseline_history_d16
fomc_sep_hike,KXFED-27JUN-T1.75,1,insufficient_baseline_history_d16
fomc_sep_hike,KXFED-27JUN-T1.75,3,insufficient_baseline_history_d16
fomc_sep_hike,KXFED-27JUN-T1.75,5,insufficient_baseline_history_d16
fomc_sep_hike,KXFED-27JUN-T1.50,1,insufficient_baseline_history_d16
fomc_sep_hike,KXFED-27JUN-T1.50,3,insufficient_baseline_history_d16
fomc_sep_hike,KXFED-27JUN-T1.50,5,insufficient_baseline_history_d16
fomc_sep_hike,KXFED-27JUN-T1.25,1,insufficient_baseline_history_d16
fomc_sep_hike,KXFED-27JUN-T1.25,3,insufficient_baseline_history_d16
fomc_sep_hike,KXFED-27JUN-T1.25,5,insufficient_baseline_history_d16
fomc_sep_hike,KXFED-27JUN-T1.00,1,insufficient_baseline_history_d16
fomc_sep_hike,KXFED-27JUN-T1.00,3,insufficient_baseline_history_d16
fomc_sep_hike,KXFED-27JUN-T1.00,5,insufficient_baseline_history_d16
fomc_sep_hike,KXFED-27JUN-T0.75,1,insufficient_baseline_history_d16
fomc_sep_hike,KXFED-27JUN-T0.75,3,insufficient_baseline_history_d16
fomc_sep_hike,KXFED-27JUN-T0.75,5,insufficient_baseline_history_d16
fomc_sep_hike,KXFED-27JUN-T0.50,1,insufficient_baseline_history_d16
fomc_sep_hike,KXFED-27JUN-T0.50,3,insufficient_baseline_history_d16
fomc_sep_hike,KXFED-27JUN-T0.50,5,insufficient_baseline_history_d16
fomc_sep_hike,KXFED-27JUN-T0.25,1,insufficient_baseline_history_d16
fomc_sep_hike,KXFED-27JUN-T0.25,3,insufficient_baseline_history_d16
fomc_sep_hike,KXFED-27JUN-T0.25,5,insufficient_baseline_history_d16
fomc_sep_hike,KXFED-27JUN-T0.00,1,insufficient_baseline_history_d16
fomc_sep_hike,KXFED-27JUN-T0.00,3,insufficient_baseline_history_d16
fomc_sep_hike,KXFED-27JUN-T0.00,5,insufficient_baseline_history_d16
fomc_sep_hike,KXFED-27MAR-T6.00,1,insufficient_baseline_history_d16
fomc_sep_hike,KXFED-27MAR-T6.00,3,insufficient_baseline_history_d16
fomc_sep_hike,KXFED-27MAR-T6.00,5,insufficient_baseline_history_d16
fomc_sep_hike,KXFED-27JAN-T6.00,1,insufficient_baseline_history_d16
fomc_sep_hike,KXFED-27JAN-T6.00,3,insufficient_baseline_history_d16
fomc_sep_hike,KXFED-27JAN-T6.00,5,insufficient_baseline_history_d16
fomc_sep_hike,KXFED-28JAN-T1.75,1,insufficient_baseline_history_d16
fomc_sep_hike,KXFED-28JAN-T1.75,3,insufficient_baseline_history_d16
fomc_sep_hike,KXFED-28JAN-T1.75,5,insufficient_baseline_history_d16
fomc_sep_hike,KXFED-28JAN-T1.50,1,insufficient_baseline_history_d16
fomc_sep_hike,KXFED-28JAN-T1.50,3,insufficient_baseline_history_d16
fomc_sep_hike,KXFED-28JAN-T1.50,5,insufficient_baseline_history_d16
fomc_sep_hike,KXFED-28JAN-T0.25,1,insufficient_baseline_history_d16
fomc_sep_hike,KXFED-28JAN-T0.25,3,insufficient_baseline_history_d16
fomc_sep_hike,KXFED-28JAN-T0.25,5,insufficient_baseline_history_d16
fomc_sep_hike,KXFED-27DEC-T5.50,1,insufficient_baseline_history_d16
fomc_sep_hike,KXFED-27DEC-T5.50,3,insufficient_baseline_history_d16
fomc_sep_hike,KXFED-27DEC-T5.50,5,insufficient_baseline_history_d16
fomc_sep_hike,KXFED-27DEC-T4.25,1,insufficient_baseline_history_d16
fomc_sep_hike,KXFED-27DEC-T4.25,3,insufficient_baseline_history_d16
fomc_sep_hike,KXFED-27DEC-T4.25,5,insufficient_baseline_history_d16
fomc_sep_hike,KXFED-27DEC-T3.50,1,insufficient_baseline_history_d16
fomc_sep_hike,KXFED-27DEC-T3.50,3,insufficient_baseline_history_d16
fomc_sep_hike,KXFED-27DEC-T3.50,5,insufficient_baseline_history_d16
fomc_sep_hike,KXFED-27DEC-T2.00,1,insufficient_baseline_history_d16
fomc_sep_hike,KXFED-27DEC-T2.00,3,insufficient_baseline_history_d16
fomc_sep_hike,KXFED-27DEC-T2.00,5,insufficient_baseline_history_d16
fomc_sep_hike,KXFED-27DEC-T1.75,1,insufficient_baseline_history_d16
fomc_sep_hike,KXFED-27DEC-T1.75,3,insufficient_baseline_history_d16
fomc_sep_hike,KXFED-27DEC-T1.75,5,insufficient_baseline_history_d16
fomc_sep_hike,KXFED-27OCT-T6.00,1,insufficient_baseline_history_d16
fomc_sep_hike,KXFED-27OCT-T6.00,3,insufficient_baseline_history_d16
fomc_sep_hike,KXFED-27OCT-T6.00,5,insufficient_baseline_history_d16
fomc_sep_hike,KXFED-27OCT-T3.75,1,insufficient_baseline_history_d16
fomc_sep_hike,KXFED-27OCT-T3.75,3,insufficient_baseline_history_d16
fomc_sep_hike,KXFED-27OCT-T3.75,5,insufficient_baseline_history_d16
fomc_sep_hike,KXFED-27SEP-T4.75,1,insufficient_baseline_history_d16
fomc_sep_hike,KXFED-27SEP-T4.75,3,insufficient_baseline_history_d16
fomc_sep_hike,KXFED-27SEP-T4.75,5,insufficient_baseline_history_d16
fomc_sep_hike,KXFED-27SEP-T4.50,1,insufficient_baseline_history_d16
fomc_sep_hike,KXFED-27SEP-T4.50,3,insufficient_baseline_history_d16
fomc_sep_hike,KXFED-27SEP-T4.50,5,insufficient_baseline_history_d16
fomc_sep_hike,KXFED-27JUL-T0.75,1,insufficient_baseline_history_d16
fomc_sep_hike,KXFED-27JUL-T0.75,3,insufficient_baseline_history_d16
fomc_sep_hike,KXFED-27JUL-T0.75,5,insufficient_baseline_history_d16
fomc_sep_hike,KXFED-27JUN-T3.25,1,insufficient_baseline_history_d16
fomc_sep_hike,KXFED-27JUN-T3.25,3,insufficient_baseline_history_d16
fomc_sep_hike,KXFED-27JUN-T3.25,5,insufficient_baseline_history_d16
fomc_sep_hike,KXFED-26DEC-T5.25,1,insufficient_baseline_history_d16
fomc_sep_hike,KXFED-26DEC-T5.25,3,insufficient_baseline_history_d16
fomc_sep_hike,KXFED-26DEC-T5.25,5,insufficient_baseline_history_d16
fomc_sep_hike,KXFED-26DEC-T5.00,1,insufficient_baseline_history_d16
fomc_sep_hike,KXFED-26DEC-T5.00,3,insufficient_baseline_history_d16
fomc_sep_hike,KXFED-26DEC-T5.00,5,insufficient_baseline_history_d16
fomc_sep_hike,KXFED-26OCT-T5.25,1,insufficient_baseline_history_d16
fomc_sep_hike,KXFED-26OCT-T5.25,3,insufficient_baseline_history_d16
fomc_sep_hike,KXFED-26OCT-T5.25,5,insufficient_baseline_history_d16
fomc_sep_hike,KXFED-26OCT-T5.00,1,insufficient_baseline_history_d16
fomc_sep_hike,KXFED-26OCT-T5.00,3,insufficient_baseline_history_d16
fomc_sep_hike,KXFED-26OCT-T5.00,5,insufficient_baseline_history_d16
fomc_sep_hike,KXFED-26OCT-T4.75,1,insufficient_baseline_history_d16
fomc_sep_hike,KXFED-26OCT-T4.75,3,insufficient_baseline_history_d16
fomc_sep_hike,KXFED-26OCT-T4.75,5,insufficient_baseline_history_d16
fomc_sep_hike,KXFED-26SEP-T5.25,1,insufficient_baseline_history_d16
fomc_sep_hike,KXFED-26SEP-T5.25,3,insufficient_baseline_history_d16
fomc_sep_hike,KXFED-26SEP-T5.25,5,insufficient_baseline_history_d16
fomc_sep_hike,KXFED-26SEP-T5.00,1,insufficient_baseline_history_d16
fomc_sep_hike,KXFED-26SEP-T5.00,3,insufficient_baseline_history_d16
fomc_sep_hike,KXFED-26SEP-T5.00,5,insufficient_baseline_history_d16
hormuz_retaliation_threat_xd,KXNBA-27-MEM,1,no_window_data
canada_proclamations_xd,KXNBA-27-MEM,1,no_window_data
tariff_eu_threat_xd,KXNBA-27-MEM,1,insufficient_baseline_history_d16
tariff_eu_threat_xd,KXNBA-27-MEM,3,insufficient_baseline_history_d16
tariff_eu_threat_xd,KXNBA-27-MEM,5,insufficient_baseline_history_d16
russia_sanctions_bill_xd,KXNBA-27-MEM,1,insufficient_baseline_history_d16
russia_sanctions_bill_xd,KXNBA-27-MEM,3,insufficient_baseline_history_d16
russia_sanctions_bill_xd,KXNBA-27-MEM,5,insufficient_baseline_history_d16
trump_truth_fed_xd,KXNBA-27-MEM,1,insufficient_baseline_history_d16
trump_truth_fed_xd,KXNBA-27-MEM,3,insufficient_baseline_history_d16
trump_truth_fed_xd,KXNBA-27-MEM,5,insufficient_baseline_history_d16
myles_garrett_to_rams_xd,KXFED-26JUN-T5.25,1,insufficient_baseline_history_d16
myles_garrett_to_rams_xd,KXFED-26JUN-T5.25,3,insufficient_baseline_history_d16
myles_garrett_to_rams_xd,KXFED-26JUN-T5.25,5,insufficient_baseline_history_d16
myles_garrett_to_rams_xd,KXFED-26JUN-T5.00,1,insufficient_baseline_history_d16
myles_garrett_to_rams_xd,KXFED-26JUN-T5.00,3,insufficient_baseline_history_d16
myles_garrett_to_rams_xd,KXFED-26JUN-T5.00,5,insufficient_baseline_history_d16
myles_garrett_to_rams_xd,KXCPI-26MAY-T-0.3,1,no_window_data
aj_brown_to_patriots_xd,KXFED-26JUN-T5.25,1,insufficient_baseline_history_d16
aj_brown_to_patriots_xd,KXFED-26JUN-T5.25,3,insufficient_baseline_history_d16
aj_brown_to_patriots_xd,KXFED-26JUN-T5.25,5,insufficient_baseline_history_d16
aj_brown_to_patriots_xd,KXFED-26JUN-T5.00,1,insufficient_baseline_history_d16
aj_brown_to_patriots_xd,KXFED-26JUN-T5.00,3,insufficient_baseline_history_d16
aj_brown_to_patriots_xd,KXFED-26JUN-T5.00,5,insufficient_baseline_history_d16
aj_brown_to_patriots_xd,KXCPI-26MAY-T-0.3,1,no_window_data
giannis_to_heat_xd,KXFED-26JUL-T5.25,1,insufficient_baseline_history_d16
giannis_to_heat_xd,KXFED-26JUL-T5.25,3,insufficient_baseline_history_d16
giannis_to_heat_xd,KXFED-26JUL-T5.25,5,insufficient_baseline_history_d16
giannis_to_heat_xd,KXFED-26JUL-T5.00,1,insufficient_baseline_history_d16
giannis_to_heat_xd,KXFED-26JUL-T5.00,3,insufficient_baseline_history_d16
giannis_to_heat_xd,KXFED-26JUL-T5.00,5,insufficient_baseline_history_d16
jaylen_brown_to_76ers_xd,KXFED-26JUL-T5.25,1,insufficient_baseline_history_d16
jaylen_brown_to_76ers_xd,KXFED-26JUL-T5.25,3,insufficient_baseline_history_d16
jaylen_brown_to_76ers_xd,KXFED-26JUL-T5.25,5,insufficient_baseline_history_d16
jaylen_brown_to_76ers_xd,KXFED-26JUL-T5.00,1,insufficient_baseline_history_d16
jaylen_brown_to_76ers_xd,KXFED-26JUL-T5.00,3,insufficient_baseline_history_d16
jaylen_brown_to_76ers_xd,KXFED-26JUL-T5.00,5,insufficient_baseline_history_d16
mike_conley_to_celtics_xd,KXFED-26JUL-T5.25,1,insufficient_baseline_history_d16
mike_conley_to_celtics_xd,KXFED-26JUL-T5.25,3,insufficient_baseline_history_d16
mike_conley_to_celtics_xd,KXFED-26JUL-T5.25,5,insufficient_baseline_history_d16
mike_conley_to_celtics_xd,KXFED-26JUL-T5.00,1,insufficient_baseline_history_d16
mike_conley_to_celtics_xd,KXFED-26JUL-T5.00,3,insufficient_baseline_history_d16
mike_conley_to_celtics_xd,KXFED-26JUL-T5.00,5,insufficient_baseline_history_d16
mitchell_robinson_to_celtics_xd,KXFED-26JUL-T5.25,1,insufficient_baseline_history_d16
mitchell_robinson_to_celtics_xd,KXFED-26JUL-T5.25,3,insufficient_baseline_history_d16
mitchell_robinson_to_celtics_xd,KXFED-26JUL-T5.25,5,insufficient_baseline_history_d16
mitchell_robinson_to_celtics_xd,KXFED-26JUL-T5.00,1,insufficient_baseline_history_d16
mitchell_robinson_to_celtics_xd,KXFED-26JUL-T5.00,3,insufficient_baseline_history_d16
mitchell_robinson_to_celtics_xd,KXFED-26JUL-T5.00,5,insufficient_baseline_history_d16
neemias_queta_extension_xd,KXFED-26JUL-T5.25,1,insufficient_baseline_history_d16
neemias_queta_extension_xd,KXFED-26JUL-T5.25,3,insufficient_baseline_history_d16
neemias_queta_extension_xd,KXFED-26JUL-T5.25,5,insufficient_baseline_history_d16
neemias_queta_extension_xd,KXFED-26JUL-T5.00,1,insufficient_baseline_history_d16
neemias_queta_extension_xd,KXFED-26JUL-T5.00,3,insufficient_baseline_history_d16
neemias_queta_extension_xd,KXFED-26JUL-T5.00,5,insufficient_baseline_history_d16
donovan_mitchell_extension_xd,KXFED-26JUL-T5.25,1,insufficient_baseline_history_d16
donovan_mitchell_extension_xd,KXFED-26JUL-T5.25,3,insufficient_baseline_history_d16
donovan_mitchell_extension_xd,KXFED-26JUL-T5.25,5,insufficient_baseline_history_d16
donovan_mitchell_extension_xd,KXFED-26JUL-T5.00,1,insufficient_baseline_history_d16
donovan_mitchell_extension_xd,KXFED-26JUL-T5.00,3,insufficient_baseline_history_d16
donovan_mitchell_extension_xd,KXFED-26JUL-T5.00,5,insufficient_baseline_history_d16
dlo_six_team_trade_xd,KXFED-26JUL-T5.25,1,insufficient_baseline_history_d16
dlo_six_team_trade_xd,KXFED-26JUL-T5.25,3,insufficient_baseline_history_d16
dlo_six_team_trade_xd,KXFED-26JUL-T5.25,5,insufficient_baseline_history_d16
dlo_six_team_trade_xd,KXFED-26JUL-T5.00,1,insufficient_baseline_history_d16
dlo_six_team_trade_xd,KXFED-26JUL-T5.00,3,insufficient_baseline_history_d16
dlo_six_team_trade_xd,KXFED-26JUL-T5.00,5,insufficient_baseline_history_d16
von_miller_to_cowboys_xd,KXFED-26SEP-T5.25,1,insufficient_baseline_history_d16
von_miller_to_cowboys_xd,KXFED-26SEP-T5.25,3,insufficient_baseline_history_d16
von_miller_to_cowboys_xd,KXFED-26SEP-T5.25,5,insufficient_baseline_history_d16
von_miller_to_cowboys_xd,KXCPI-26AUG-T1.0,1,no_window_data
von_miller_to_cowboys_xd,KXCPI-26AUG-T0.9,1,no_window_data
aaron_donald_comeback_xd,KXFED-26SEP-T5.25,1,insufficient_baseline_history_d16
aaron_donald_comeback_xd,KXFED-26SEP-T5.25,3,insufficient_baseline_history_d16
aaron_donald_comeback_xd,KXFED-26SEP-T5.25,5,insufficient_baseline_history_d16
aaron_donald_comeback_xd,KXFED-26SEP-T5.00,1,insufficient_baseline_history_d16
aaron_donald_comeback_xd,KXFED-26SEP-T5.00,3,insufficient_baseline_history_d16
aaron_donald_comeback_xd,KXFED-26SEP-T5.00,5,insufficient_baseline_history_d16
kawhi_to_raptors_xd,KXFED-26SEP-T5.25,1,insufficient_baseline_history_d16
kawhi_to_raptors_xd,KXFED-26SEP-T5.25,3,insufficient_baseline_history_d16
kawhi_to_raptors_xd,KXFED-26SEP-T5.25,5,insufficient_baseline_history_d16
kawhi_to_raptors_xd,KXFED-26SEP-T5.00,1,insufficient_baseline_history_d16
kawhi_to_raptors_xd,KXFED-26SEP-T5.00,3,insufficient_baseline_history_d16
kawhi_to_raptors_xd,KXFED-26SEP-T5.00,5,insufficient_baseline_history_d16
cpi_aug_release,KXCPICORE-26AUG-T1.0,1,insufficient_baseline_history_d16
cpi_aug_release,KXCPICORE-26AUG-T1.0,3,insufficient_baseline_history_d16
cpi_aug_release,KXCPICORE-26AUG-T1.0,5,insufficient_baseline_history_d16
cpi_aug_release,KXCPICORE-26AUG-T0.9,1,insufficient_baseline_history_d16
cpi_aug_release,KXCPICORE-26AUG-T0.9,3,insufficient_baseline_history_d16
cpi_aug_release,KXCPICORE-26AUG-T0.9,5,insufficient_baseline_history_d16
cpi_aug_release,KXCPICORE-26AUG-T0.8,1,insufficient_baseline_history_d16
cpi_aug_release,KXCPICORE-26AUG-T0.8,3,insufficient_baseline_history_d16
cpi_aug_release,KXCPICORE-26AUG-T0.8,5,insufficient_baseline_history_d16
cpi_aug_release,KXCPICORE-26AUG-T0.6,1,insufficient_baseline_history_d16
cpi_aug_release,KXCPICORE-26AUG-T0.6,3,insufficient_baseline_history_d16
cpi_aug_release,KXCPICORE-26AUG-T0.6,5,insufficient_baseline_history_d16
cpi_aug_release,KXCPICORE-26AUG-T0.5,1,insufficient_baseline_history_d16
cpi_aug_release,KXCPICORE-26AUG-T0.5,3,insufficient_baseline_history_d16
cpi_aug_release,KXCPICORE-26AUG-T0.5,5,insufficient_baseline_history_d16
nba_draft_lottery_2026,KXNBA-26-WAS,1,insufficient_baseline_history_d16
nba_draft_lottery_2026,KXNBA-26-WAS,3,insufficient_baseline_history_d16
nba_draft_lottery_2026,KXNBA-26-WAS,5,insufficient_baseline_history_d16
nba_draft_lottery_2026,KXNBA-26-UTA,1,insufficient_baseline_history_d16
nba_draft_lottery_2026,KXNBA-26-UTA,3,insufficient_baseline_history_d16
nba_draft_lottery_2026,KXNBA-26-UTA,5,insufficient_baseline_history_d16
nba_draft_lottery_2026,KXNBA-26-TOR,1,no_window_data
nba_draft_lottery_2026,KXNBA-26-TOR,3,no_window_data
nba_draft_lottery_2026,KXNBA-26-TOR,5,no_window_data
nba_draft_lottery_2026,KXNBA-26-SAC,1,insufficient_baseline_history_d16
nba_draft_lottery_2026,KXNBA-26-SAC,3,insufficient_baseline_history_d16
nba_draft_lottery_2026,KXNBA-26-SAC,5,insufficient_baseline_history_d16
nba_draft_lottery_2026,KXNBA-26-POR,1,no_window_data
nba_draft_lottery_2026,KXNBA-26-POR,3,no_window_data
nba_draft_lottery_2026,KXNBA-26-POR,5,no_window_data
nba_draft_lottery_2026,KXNBA-26-PHX,1,no_window_data
nba_draft_lottery_2026,KXNBA-26-PHX,3,no_window_data
nba_draft_lottery_2026,KXNBA-26-PHX,5,no_window_data
nba_draft_lottery_2026,KXNBA-26-ORL,1,no_window_data
nba_draft_lottery_2026,KXNBA-26-ORL,3,no_window_data
nba_draft_lottery_2026,KXNBA-26-ORL,5,no_window_data
nba_draft_lottery_2026,KXNBA-26-NOP,1,insufficient_baseline_history_d16
nba_draft_lottery_2026,KXNBA-26-NOP,3,insufficient_baseline_history_d16
nba_draft_lottery_2026,KXNBA-26-NOP,5,insufficient_baseline_history_d16
nba_draft_lottery_2026,KXNBA-26-MIL,1,insufficient_baseline_history_d16
nba_draft_lottery_2026,KXNBA-26-MIL,3,insufficient_baseline_history_d16
nba_draft_lottery_2026,KXNBA-26-MIL,5,insufficient_baseline_history_d16
nba_draft_lottery_2026,KXNBA-26-MIA,1,no_window_data
nba_draft_lottery_2026,KXNBA-26-MIA,3,no_window_data
nba_draft_lottery_2026,KXNBA-26-MIA,5,no_window_data
nba_draft_lottery_2026,KXNBA-26-MEM,1,insufficient_baseline_history_d16
nba_draft_lottery_2026,KXNBA-26-MEM,3,insufficient_baseline_history_d16
nba_draft_lottery_2026,KXNBA-26-MEM,5,insufficient_baseline_history_d16
nba_draft_lottery_2026,KXNBA-26-LAC,1,no_window_data
nba_draft_lottery_2026,KXNBA-26-LAC,3,no_window_data
nba_draft_lottery_2026,KXNBA-26-LAC,5,no_window_data
nba_draft_lottery_2026,KXNBA-26-IND,1,insufficient_baseline_history_d16
nba_draft_lottery_2026,KXNBA-26-IND,3,insufficient_baseline_history_d16
nba_draft_lottery_2026,KXNBA-26-IND,5,insufficient_baseline_history_d16
nba_draft_lottery_2026,KXNBA-26-HOU,1,no_window_data
nba_draft_lottery_2026,KXNBA-26-HOU,3,no_window_data
nba_draft_lottery_2026,KXNBA-26-HOU,5,no_window_data
nba_draft_lottery_2026,KXNBA-26-GSW,1,no_window_data
nba_draft_lottery_2026,KXNBA-26-GSW,3,no_window_data
nba_draft_lottery_2026,KXNBA-26-GSW,5,no_window_data
nba_draft_lottery_2026,KXNBA-26-DEN,1,no_window_data
nba_draft_lottery_2026,KXNBA-26-DEN,3,no_window_data
nba_draft_lottery_2026,KXNBA-26-DEN,5,no_window_data
nba_draft_lottery_2026,KXNBA-26-DAL,1,insufficient_baseline_history_d16
nba_draft_lottery_2026,KXNBA-26-DAL,3,insufficient_baseline_history_d16
nba_draft_lottery_2026,KXNBA-26-DAL,5,insufficient_baseline_history_d16
nba_draft_lottery_2026,KXNBA-26-CHI,1,insufficient_baseline_history_d16
nba_draft_lottery_2026,KXNBA-26-CHI,3,insufficient_baseline_history_d16
nba_draft_lottery_2026,KXNBA-26-CHI,5,insufficient_baseline_history_d16
nba_draft_lottery_2026,KXNBA-26-CHA,1,no_window_data
nba_draft_lottery_2026,KXNBA-26-CHA,3,no_window_data
nba_draft_lottery_2026,KXNBA-26-CHA,5,no_window_data
nba_draft_lottery_2026,KXNBA-26-BOS,1,no_window_data
nba_draft_lottery_2026,KXNBA-26-BOS,3,no_window_data
nba_draft_lottery_2026,KXNBA-26-BOS,5,no_window_data
nba_draft_lottery_2026,KXNBA-26-BKN,1,insufficient_baseline_history_d16
nba_draft_lottery_2026,KXNBA-26-BKN,3,insufficient_baseline_history_d16
nba_draft_lottery_2026,KXNBA-26-BKN,5,insufficient_baseline_history_d16
nba_draft_lottery_2026,KXNBA-26-ATL,1,no_window_data
nba_draft_lottery_2026,KXNBA-26-ATL,3,no_window_data
nba_draft_lottery_2026,KXNBA-26-ATL,5,no_window_data
nba_draft_2026,KXNBA-27-NOP,1,insufficient_baseline_history_d16
nba_draft_2026,KXNBA-27-NOP,3,insufficient_baseline_history_d16
nba_draft_2026,KXNBA-27-NOP,5,insufficient_baseline_history_d16
nba_draft_2026,KXNBA-27-MEM,1,insufficient_baseline_history_d16
nba_draft_2026,KXNBA-27-MEM,3,insufficient_baseline_history_d16
nba_draft_2026,KXNBA-27-MEM,5,insufficient_baseline_history_d16
nba_draft_2026,KXNBA-27-CHI,1,insufficient_baseline_history_d16
nba_draft_2026,KXNBA-27-CHI,3,insufficient_baseline_history_d16
nba_draft_2026,KXNBA-27-CHI,5,insufficient_baseline_history_d16
nba_draft_2026,KXNBA-27-BKN,1,insufficient_baseline_history_d16
nba_draft_2026,KXNBA-27-BKN,3,insufficient_baseline_history_d16
nba_draft_2026,KXNBA-27-BKN,5,insufficient_baseline_history_d16
nba_draft_2026,KXNBA-26-SAS,1,no_window_data
nba_draft_2026,KXNBA-26-SAS,3,no_window_data
nba_draft_2026,KXNBA-26-SAS,5,no_window_data
nba_draft_2026,KXNBA-26-PHI,1,insufficient_baseline_history_d16
nba_draft_2026,KXNBA-26-PHI,3,insufficient_baseline_history_d16
nba_draft_2026,KXNBA-26-PHI,5,insufficient_baseline_history_d16
nba_draft_2026,KXNBA-26-OKC,1,no_window_data
nba_draft_2026,KXNBA-26-OKC,3,no_window_data
nba_draft_2026,KXNBA-26-OKC,5,no_window_data
nba_draft_2026,KXNBA-26-NYK,1,no_window_data
nba_draft_2026,KXNBA-26-NYK,3,no_window_data
nba_draft_2026,KXNBA-26-NYK,5,no_window_data
nba_draft_2026,KXNBA-26-MIN,1,insufficient_baseline_history_d16
nba_draft_2026,KXNBA-26-MIN,3,insufficient_baseline_history_d16
nba_draft_2026,KXNBA-26-MIN,5,insufficient_baseline_history_d16
nba_draft_2026,KXNBA-26-LAL,1,insufficient_baseline_history_d16
nba_draft_2026,KXNBA-26-LAL,3,insufficient_baseline_history_d16
nba_draft_2026,KXNBA-26-LAL,5,insufficient_baseline_history_d16
nba_draft_2026,KXNBA-26-DET,1,insufficient_baseline_history_d16
nba_draft_2026,KXNBA-26-DET,3,insufficient_baseline_history_d16
nba_draft_2026,KXNBA-26-DET,5,insufficient_baseline_history_d16
nba_draft_2026,KXNBA-26-CLE,1,insufficient_baseline_history_d16
nba_draft_2026,KXNBA-26-CLE,3,insufficient_baseline_history_d16
nba_draft_2026,KXNBA-26-CLE,5,insufficient_baseline_history_d16
