ticker,series,event_id,event_type,category,t0_utc,discovery_source,status,market_type,subtitle,yes_sub_title,floor_strike,cap_strike,open_time,close_time,candle_source,n_candles
KXSB-27-WAS,KXSB,myles_garrett_to_rams,unscheduled_sports,unscheduled_sports_trade,2026-06-01T17:19:00Z,live,active,binary,,Washington,,,2026-02-08T20:00:00Z,2029-02-13T23:30:00Z,live,55
KXSB-27-TEN,KXSB,myles_garrett_to_rams,unscheduled_sports,unscheduled_sports_trade,2026-06-01T17:19:00Z,live,active,binary,,Tennessee,,,2026-02-08T20:00:00Z,2029-02-13T23:30:00Z,live,54
KXSB-27-TB,KXSB,myles_garrett_to_rams,unscheduled_sports,unscheduled_sports_trade,2026-06-01T17:19:00Z,live,active,binary,,Tampa Bay,,,2026-02-08T20:00:00Z,2029-02-13T23:30:00Z,live,55
KXSB-27-SF,KXSB,myles_garrett_to_rams,unscheduled_sports,unscheduled_sports_trade,2026-06-01T17:19:00Z,live,active,binary,,San Francisco,,,2026-02-08T20:00:00Z,2029-02-13T23:30:00Z,live,55
KXSB-27-SEA,KXSB,myles_garrett_to_rams,unscheduled_sports,unscheduled_sports_trade,2026-06-01T17:19:00Z,live,active,binary,,Seattle,,,2026-02-08T20:00:00Z,2029-02-13T23:30:00Z,live,55
KXSB-27-PIT,KXSB,myles_garrett_to_rams,unscheduled_sports,unscheduled_sports_trade,2026-06-01T17:19:00Z,live,active,binary,,Pittsburgh,,,2026-02-08T20:00:00Z,2029-02-13T23:30:00Z,live,55
KXSB-27-PHI,KXSB,myles_garrett_to_rams,unscheduled_sports,unscheduled_sports_trade,2026-06-01T17:19:00Z,live,active,binary,,Philadelphia,,,2026-02-08T20:00:00Z,2029-02-13T23:30:00Z,live,55
KXSB-27-NYJ,KXSB,myles_garrett_to_rams,unscheduled_sports,unscheduled_sports_trade,2026-06-01T17:19:00Z,live,active,binary,,New York J,,,2026-02-08T20:00:00Z,2029-02-13T23:30:00Z,live,50
KXSB-27-NYG,KXSB,myles_garrett_to_rams,unscheduled_sports,unscheduled_sports_trade,2026-06-01T17:19:00Z,live,active,binary,,New York G,,,2026-02-08T20:00:00Z,2029-02-13T23:30:00Z,live,55
KXSB-27-NO,KXSB,myles_garrett_to_rams,unscheduled_sports,unscheduled_sports_trade,2026-06-01T17:19:00Z,live,active,binary,,New Orleans,,,2026-02-08T20:00:00Z,2029-02-13T23:30:00Z,live,55
KXSB-27-NE,KXSB,myles_garrett_to_rams,unscheduled_sports,unscheduled_sports_trade,2026-06-01T17:19:00Z,live,active,binary,,New England,,,2026-02-08T20:00:00Z,2029-02-13T23:30:00Z,live,55
KXSB-27-MIN,KXSB,myles_garrett_to_rams,unscheduled_sports,unscheduled_sports_trade,2026-06-01T17:19:00Z,live,active,binary,,Minnesota,,,2026-02-08T20:00:00Z,2029-02-13T23:30:00Z,live,55
KXSB-27-MIA,KXSB,myles_garrett_to_rams,unscheduled_sports,unscheduled_sports_trade,2026-06-01T17:19:00Z,live,active,binary,,Miami,,,2026-02-08T20:00:00Z,2029-02-13T23:30:00Z,live,55
KXSB-27-LV,KXSB,myles_garrett_to_rams,unscheduled_sports,unscheduled_sports_trade,2026-06-01T17:19:00Z,live,active,binary,,Las Vegas,,,2026-02-08T20:00:00Z,2029-02-13T23:30:00Z,live,55
KXSB-27-LAR,KXSB,myles_garrett_to_rams,unscheduled_sports,unscheduled_sports_trade,2026-06-01T17:19:00Z,live,active,binary,,Los Angeles R,,,2026-02-08T20:00:00Z,2029-02-13T23:30:00Z,live,55
KXSB-27-LAC,KXSB,myles_garrett_to_rams,unscheduled_sports,unscheduled_sports_trade,2026-06-01T17:19:00Z,live,active,binary,,Los Angeles C,,,2026-02-08T20:00:00Z,2029-02-13T23:30:00Z,live,55
KXSB-27-KC,KXSB,myles_garrett_to_rams,unscheduled_sports,unscheduled_sports_trade,2026-06-01T17:19:00Z,live,active,binary,,Kansas City,,,2026-02-08T20:00:00Z,2029-02-13T23:30:00Z,live,55
KXSB-27-JAC,KXSB,myles_garrett_to_rams,unscheduled_sports,unscheduled_sports_trade,2026-06-01T17:19:00Z,live,active,binary,,Jacksonville,,,2026-02-08T20:00:00Z,2029-02-13T23:30:00Z,live,55
KXSB-27-IND,KXSB,myles_garrett_to_rams,unscheduled_sports,unscheduled_sports_trade,2026-06-01T17:19:00Z,live,active,binary,,Indianapolis,,,2026-02-08T20:00:00Z,2029-02-13T23:30:00Z,live,55
KXSB-27-HOU,KXSB,myles_garrett_to_rams,unscheduled_sports,unscheduled_sports_trade,2026-06-01T17:19:00Z,live,active,binary,,Houston,,,2026-02-08T20:00:00Z,2029-02-13T23:30:00Z,live,55
KXSB-27-GB,KXSB,myles_garrett_to_rams,unscheduled_sports,unscheduled_sports_trade,2026-06-01T17:19:00Z,live,active,binary,,Green Bay,,,2026-02-08T20:00:00Z,2029-02-13T23:30:00Z,live,55
KXSB-27-DET,KXSB,myles_garrett_to_rams,unscheduled_sports,unscheduled_sports_trade,2026-06-01T17:19:00Z,live,active,binary,,Detroit,,,2026-02-08T20:00:00Z,2029-02-13T23:30:00Z,live,55
KXSB-27-DEN,KXSB,myles_garrett_to_rams,unscheduled_sports,unscheduled_sports_trade,2026-06-01T17:19:00Z,live,active,binary,,Denver,,,2026-02-08T20:00:00Z,2029-02-13T23:30:00Z,live,55
KXSB-27-DAL,KXSB,myles_garrett_to_rams,unscheduled_sports,unscheduled_sports_trade,2026-06-01T17:19:00Z,live,active,binary,,Dallas,,,2026-02-08T20:00:00Z,2029-02-13T23:30:00Z,live,55
KXSB-27-CLE,KXSB,myles_garrett_to_rams,unscheduled_sports,unscheduled_sports_trade,2026-06-01T17:19:00Z,live,active,binary,,Cleveland,,,2026-02-08T20:00:00Z,2029-02-13T23:30:00Z,live,55
KXSB-27-CIN,KXSB,myles_garrett_to_rams,unscheduled_sports,unscheduled_sports_trade,2026-06-01T17:19:00Z,live,active,binary,,Cincinnati,,,2026-02-08T20:00:00Z,2029-02-13T23:30:00Z,live,55
KXSB-27-CHI,KXSB,myles_garrett_to_rams,unscheduled_sports,unscheduled_sports_trade,2026-06-01T17:19:00Z,live,active,binary,,Chicago,,,2026-02-08T20:00:00Z,2029-02-13T23:30:00Z,live,55
KXSB-27-CAR,KXSB,myles_garrett_to_rams,unscheduled_sports,unscheduled_sports_trade,2026-06-01T17:19:00Z,live,active,binary,,Carolina,,,2026-02-08T20:00:00Z,2029-02-13T23:30:00Z,live,55
KXSB-27-BUF,KXSB,myles_garrett_to_rams,unscheduled_sports,unscheduled_sports_trade,2026-06-01T17:19:00Z,live,active,binary,,Buffalo,,,2026-02-08T20:00:00Z,2029-02-13T23:30:00Z,live,55
KXSB-27-BAL,KXSB,myles_garrett_to_rams,unscheduled_sports,unscheduled_sports_trade,2026-06-01T17:19:00Z,live,active,binary,,Baltimore,,,2026-02-08T20:00:00Z,2029-02-13T23:30:00Z,live,55
KXSB-27-ATL,KXSB,myles_garrett_to_rams,unscheduled_sports,unscheduled_sports_trade,2026-06-01T17:19:00Z,live,active,binary,,Atlanta,,,2026-02-08T20:00:00Z,2029-02-13T23:30:00Z,live,55
KXSB-27-ARI,KXSB,myles_garrett_to_rams,unscheduled_sports,unscheduled_sports_trade,2026-06-01T17:19:00Z,live,active,binary,Arizona,Arizona,,,2026-02-08T20:00:00Z,2029-02-13T23:30:00Z,live,51
KXSB-27-WAS,KXSB,aj_brown_to_patriots,unscheduled_sports,unscheduled_sports_trade,2026-06-01T20:20:00Z,live,active,binary,,Washington,,,2026-02-08T20:00:00Z,2029-02-13T23:30:00Z,live,55
KXSB-27-TEN,KXSB,aj_brown_to_patriots,unscheduled_sports,unscheduled_sports_trade,2026-06-01T20:20:00Z,live,active,binary,,Tennessee,,,2026-02-08T20:00:00Z,2029-02-13T23:30:00Z,live,54
KXSB-27-TB,KXSB,aj_brown_to_patriots,unscheduled_sports,unscheduled_sports_trade,2026-06-01T20:20:00Z,live,active,binary,,Tampa Bay,,,2026-02-08T20:00:00Z,2029-02-13T23:30:00Z,live,55
KXSB-27-SF,KXSB,aj_brown_to_patriots,unscheduled_sports,unscheduled_sports_trade,2026-06-01T20:20:00Z,live,active,binary,,San Francisco,,,2026-02-08T20:00:00Z,2029-02-13T23:30:00Z,live,55
KXSB-27-SEA,KXSB,aj_brown_to_patriots,unscheduled_sports,unscheduled_sports_trade,2026-06-01T20:20:00Z,live,active,binary,,Seattle,,,2026-02-08T20:00:00Z,2029-02-13T23:30:00Z,live,55
KXSB-27-PIT,KXSB,aj_brown_to_patriots,unscheduled_sports,unscheduled_sports_trade,2026-06-01T20:20:00Z,live,active,binary,,Pittsburgh,,,2026-02-08T20:00:00Z,2029-02-13T23:30:00Z,live,55
KXSB-27-PHI,KXSB,aj_brown_to_patriots,unscheduled_sports,unscheduled_sports_trade,2026-06-01T20:20:00Z,live,active,binary,,Philadelphia,,,2026-02-08T20:00:00Z,2029-02-13T23:30:00Z,live,55
KXSB-27-NYJ,KXSB,aj_brown_to_patriots,unscheduled_sports,unscheduled_sports_trade,2026-06-01T20:20:00Z,live,active,binary,,New York J,,,2026-02-08T20:00:00Z,2029-02-13T23:30:00Z,live,50
KXSB-27-NYG,KXSB,aj_brown_to_patriots,unscheduled_sports,unscheduled_sports_trade,2026-06-01T20:20:00Z,live,active,binary,,New York G,,,2026-02-08T20:00:00Z,2029-02-13T23:30:00Z,live,55
KXSB-27-NO,KXSB,aj_brown_to_patriots,unscheduled_sports,unscheduled_sports_trade,2026-06-01T20:20:00Z,live,active,binary,,New Orleans,,,2026-02-08T20:00:00Z,2029-02-13T23:30:00Z,live,55
KXSB-27-NE,KXSB,aj_brown_to_patriots,unscheduled_sports,unscheduled_sports_trade,2026-06-01T20:20:00Z,live,active,binary,,New England,,,2026-02-08T20:00:00Z,2029-02-13T23:30:00Z,live,55
KXSB-27-MIN,KXSB,aj_brown_to_patriots,unscheduled_sports,unscheduled_sports_trade,2026-06-01T20:20:00Z,live,active,binary,,Minnesota,,,2026-02-08T20:00:00Z,2029-02-13T23:30:00Z,live,55
KXSB-27-MIA,KXSB,aj_brown_to_patriots,unscheduled_sports,unscheduled_sports_trade,2026-06-01T20:20:00Z,live,active,binary,,Miami,,,2026-02-08T20:00:00Z,2029-02-13T23:30:00Z,live,55
KXSB-27-LV,KXSB,aj_brown_to_patriots,unscheduled_sports,unscheduled_sports_trade,2026-06-01T20:20:00Z,live,active,binary,,Las Vegas,,,2026-02-08T20:00:00Z,2029-02-13T23:30:00Z,live,55
KXSB-27-LAR,KXSB,aj_brown_to_patriots,unscheduled_sports,unscheduled_sports_trade,2026-06-01T20:20:00Z,live,active,binary,,Los Angeles R,,,2026-02-08T20:00:00Z,2029-02-13T23:30:00Z,live,55
KXSB-27-LAC,KXSB,aj_brown_to_patriots,unscheduled_sports,unscheduled_sports_trade,2026-06-01T20:20:00Z,live,active,binary,,Los Angeles C,,,2026-02-08T20:00:00Z,2029-02-13T23:30:00Z,live,55
KXSB-27-KC,KXSB,aj_brown_to_patriots,unscheduled_sports,unscheduled_sports_trade,2026-06-01T20:20:00Z,live,active,binary,,Kansas City,,,2026-02-08T20:00:00Z,2029-02-13T23:30:00Z,live,55
KXSB-27-JAC,KXSB,aj_brown_to_patriots,unscheduled_sports,unscheduled_sports_trade,2026-06-01T20:20:00Z,live,active,binary,,Jacksonville,,,2026-02-08T20:00:00Z,2029-02-13T23:30:00Z,live,55
KXSB-27-IND,KXSB,aj_brown_to_patriots,unscheduled_sports,unscheduled_sports_trade,2026-06-01T20:20:00Z,live,active,binary,,Indianapolis,,,2026-02-08T20:00:00Z,2029-02-13T23:30:00Z,live,55
KXSB-27-HOU,KXSB,aj_brown_to_patriots,unscheduled_sports,unscheduled_sports_trade,2026-06-01T20:20:00Z,live,active,binary,,Houston,,,2026-02-08T20:00:00Z,2029-02-13T23:30:00Z,live,55
KXSB-27-GB,KXSB,aj_brown_to_patriots,unscheduled_sports,unscheduled_sports_trade,2026-06-01T20:20:00Z,live,active,binary,,Green Bay,,,2026-02-08T20:00:00Z,2029-02-13T23:30:00Z,live,55
KXSB-27-DET,KXSB,aj_brown_to_patriots,unscheduled_sports,unscheduled_sports_trade,2026-06-01T20:20:00Z,live,active,binary,,Detroit,,,2026-02-08T20:00:00Z,2029-02-13T23:30:00Z,live,55
KXSB-27-DEN,KXSB,aj_brown_to_patriots,unscheduled_sports,unscheduled_sports_trade,2026-06-01T20:20:00Z,live,active,binary,,Denver,,,2026-02-08T20:00:00Z,2029-02-13T23:30:00Z,live,55
KXSB-27-DAL,KXSB,aj_brown_to_patriots,unscheduled_sports,unscheduled_sports_trade,2026-06-01T20:20:00Z,live,active,binary,,Dallas,,,2026-02-08T20:00:00Z,2029-02-13T23:30:00Z,live,55
KXSB-27-CLE,KXSB,aj_brown_to_patriots,unscheduled_sports,unscheduled_sports_trade,2026-06-01T20:20:00Z,live,active,binary,,Cleveland,,,2026-02-08T20:00:00Z,2029-02-13T23:30:00Z,live,55
KXSB-27-CIN,KXSB,aj_brown_to_patriots,unscheduled_sports,unscheduled_sports_trade,2026-06-01T20:20:00Z,live,active,binary,,Cincinnati,,,2026-02-08T20:00:00Z,2029-02-13T23:30:00Z,live,55
KXSB-27-CHI,KXSB,aj_brown_to_patriots,unscheduled_sports,unscheduled_sports_trade,2026-06-01T20:20:00Z,live,active,binary,,Chicago,,,2026-02-08T20:00:00Z,2029-02-13T23:30:00Z,live,55
KXSB-27-CAR,KXSB,aj_brown_to_patriots,unscheduled_sports,unscheduled_sports_trade,2026-06-01T20:20:00Z,live,active,binary,,Carolina,,,2026-02-08T20:00:00Z,2029-02-13T23:30:00Z,live,55
KXSB-27-BUF,KXSB,aj_brown_to_patriots,unscheduled_sports,unscheduled_sports_trade,2026-06-01T20:20:00Z,live,active,binary,,Buffalo,,,2026-02-08T20:00:00Z,2029-02-13T23:30:00Z,live,55
KXSB-27-BAL,KXSB,aj_brown_to_patriots,unscheduled_sports,unscheduled_sports_trade,2026-06-01T20:20:00Z,live,active,binary,,Baltimore,,,2026-02-08T20:00:00Z,2029-02-13T23:30:00Z,live,55
KXSB-27-ATL,KXSB,aj_brown_to_patriots,unscheduled_sports,unscheduled_sports_trade,2026-06-01T20:20:00Z,live,active,binary,,Atlanta,,,2026-02-08T20:00:00Z,2029-02-13T23:30:00Z,live,55
KXSB-27-ARI,KXSB,aj_brown_to_patriots,unscheduled_sports,unscheduled_sports_trade,2026-06-01T20:20:00Z,live,active,binary,Arizona,Arizona,,,2026-02-08T20:00:00Z,2029-02-13T23:30:00Z,live,51
KXNBA-27-WAS,KXNBA,giannis_to_heat,unscheduled_sports,unscheduled_sports_trade,2026-06-23T03:50:00Z,live,active,binary,,Washington,,,2026-06-14T08:00:00Z,2029-07-30T14:00:00Z,live,18
KXNBA-27-UTA,KXNBA,giannis_to_heat,unscheduled_sports,unscheduled_sports_trade,2026-06-23T03:50:00Z,live,active,binary,,Utah,,,2026-06-14T08:00:00Z,2029-07-30T14:00:00Z,live,18
KXNBA-27-TOR,KXNBA,giannis_to_heat,unscheduled_sports,unscheduled_sports_trade,2026-06-23T03:50:00Z,live,active,binary,,Toronto,,,2026-06-14T08:00:00Z,2029-07-30T14:00:00Z,live,18
KXNBA-27-SAS,KXNBA,giannis_to_heat,unscheduled_sports,unscheduled_sports_trade,2026-06-23T03:50:00Z,live,active,binary,,San Antonio,,,2026-06-14T08:00:00Z,2029-07-30T14:00:00Z,live,18
KXNBA-27-SAC,KXNBA,giannis_to_heat,unscheduled_sports,unscheduled_sports_trade,2026-06-23T03:50:00Z,live,active,binary,,Sacramento,,,2026-06-14T08:00:00Z,2029-07-30T14:00:00Z,live,17
KXNBA-27-POR,KXNBA,giannis_to_heat,unscheduled_sports,unscheduled_sports_trade,2026-06-23T03:50:00Z,live,active,binary,,Portland,,,2026-06-14T08:00:00Z,2029-07-30T14:00:00Z,live,18
KXNBA-27-PHX,KXNBA,giannis_to_heat,unscheduled_sports,unscheduled_sports_trade,2026-06-23T03:50:00Z,live,active,binary,,Phoenix,,,2026-06-14T08:00:00Z,2029-07-30T14:00:00Z,live,17
KXNBA-27-PHI,KXNBA,giannis_to_heat,unscheduled_sports,unscheduled_sports_trade,2026-06-23T03:50:00Z,live,active,binary,,Philadelphia,,,2026-06-14T08:00:00Z,2029-07-30T14:00:00Z,live,18
KXNBA-27-ORL,KXNBA,giannis_to_heat,unscheduled_sports,unscheduled_sports_trade,2026-06-23T03:50:00Z,live,active,binary,,Orlando,,,2026-06-14T08:00:00Z,2029-07-30T14:00:00Z,live,18
KXNBA-27-OKC,KXNBA,giannis_to_heat,unscheduled_sports,unscheduled_sports_trade,2026-06-23T03:50:00Z,live,active,binary,,Oklahoma City,,,2026-06-14T08:00:00Z,2029-07-30T14:00:00Z,live,18
KXNBA-27-NYK,KXNBA,giannis_to_heat,unscheduled_sports,unscheduled_sports_trade,2026-06-23T03:50:00Z,live,active,binary,,New York,,,2026-06-14T08:00:00Z,2029-07-30T14:00:00Z,live,18
KXNBA-27-NOP,KXNBA,giannis_to_heat,unscheduled_sports,unscheduled_sports_trade,2026-06-23T03:50:00Z,live,active,binary,,New Orleans,,,2026-06-14T08:00:00Z,2029-07-30T14:00:00Z,live,15
KXNBA-27-MIN,KXNBA,giannis_to_heat,unscheduled_sports,unscheduled_sports_trade,2026-06-23T03:50:00Z,live,active,binary,,Minnesota,,,2026-06-14T08:00:00Z,2029-07-30T14:00:00Z,live,18
KXNBA-27-MIL,KXNBA,giannis_to_heat,unscheduled_sports,unscheduled_sports_trade,2026-06-23T03:50:00Z,live,active,binary,,Milwaukee,,,2026-06-14T08:00:00Z,2029-07-30T14:00:00Z,live,17
KXNBA-27-MIA,KXNBA,giannis_to_heat,unscheduled_sports,unscheduled_sports_trade,2026-06-23T03:50:00Z,live,active,binary,,Miami,,,2026-06-14T08:00:00Z,2029-07-30T14:00:00Z,live,18
KXNBA-27-MEM,KXNBA,giannis_to_heat,unscheduled_sports,unscheduled_sports_trade,2026-06-23T03:50:00Z,live,active,binary,,Memphis,,,2026-06-14T08:00:00Z,2029-07-30T14:00:00Z,live,16
KXNBA-27-LAL,KXNBA,giannis_to_heat,unscheduled_sports,unscheduled_sports_trade,2026-06-23T03:50:00Z,live,active,binary,,Los Angeles L,,,2026-06-14T08:00:00Z,2029-07-30T14:00:00Z,live,18
KXNBA-27-LAC,KXNBA,giannis_to_heat,unscheduled_sports,unscheduled_sports_trade,2026-06-23T03:50:00Z,live,active,binary,,Los Angeles C,,,2026-06-14T08:00:00Z,2029-07-30T14:00:00Z,live,18
KXNBA-27-IND,KXNBA,giannis_to_heat,unscheduled_sports,unscheduled_sports_trade,2026-06-23T03:50:00Z,live,active,binary,,Indiana,,,2026-06-14T08:00:00Z,2029-07-30T14:00:00Z,live,18
KXNBA-27-HOU,KXNBA,giannis_to_heat,unscheduled_sports,unscheduled_sports_trade,2026-06-23T03:50:00Z,live,active,binary,,Houston,,,2026-06-14T08:00:00Z,2029-07-30T14:00:00Z,live,18
KXNBA-27-GSW,KXNBA,giannis_to_heat,unscheduled_sports,unscheduled_sports_trade,2026-06-23T03:50:00Z,live,active,binary,,Golden State,,,2026-06-14T08:00:00Z,2029-07-30T14:00:00Z,live,18
KXNBA-27-DET,KXNBA,giannis_to_heat,unscheduled_sports,unscheduled_sports_trade,2026-06-23T03:50:00Z,live,active,binary,,Detroit,,,2026-06-14T08:00:00Z,2029-07-30T14:00:00Z,live,18
KXNBA-27-DEN,KXNBA,giannis_to_heat,unscheduled_sports,unscheduled_sports_trade,2026-06-23T03:50:00Z,live,active,binary,,Denver,,,2026-06-14T08:00:00Z,2029-07-30T14:00:00Z,live,18
KXNBA-27-DAL,KXNBA,giannis_to_heat,unscheduled_sports,unscheduled_sports_trade,2026-06-23T03:50:00Z,live,active,binary,,Dallas,,,2026-06-14T08:00:00Z,2029-07-30T14:00:00Z,live,18
KXNBA-27-CLE,KXNBA,giannis_to_heat,unscheduled_sports,unscheduled_sports_trade,2026-06-23T03:50:00Z,live,active,binary,,Cleveland,,,2026-06-14T08:00:00Z,2029-07-30T14:00:00Z,live,18
KXNBA-27-CHI,KXNBA,giannis_to_heat,unscheduled_sports,unscheduled_sports_trade,2026-06-23T03:50:00Z,live,active,binary,,Chicago,,,2026-06-14T08:00:00Z,2029-07-30T14:00:00Z,live,18
KXNBA-27-CHA,KXNBA,giannis_to_heat,unscheduled_sports,unscheduled_sports_trade,2026-06-23T03:50:00Z,live,active,binary,,Charlotte,,,2026-06-14T08:00:00Z,2029-07-30T14:00:00Z,live,18
KXNBA-27-BOS,KXNBA,giannis_to_heat,unscheduled_sports,unscheduled_sports_trade,2026-06-23T03:50:00Z,live,active,binary,,Boston,,,2026-06-14T08:00:00Z,2029-07-30T14:00:00Z,live,18
KXNBA-27-BKN,KXNBA,giannis_to_heat,unscheduled_sports,unscheduled_sports_trade,2026-06-23T03:50:00Z,live,active,binary,,Brooklyn,,,2026-06-14T08:00:00Z,2029-07-30T14:00:00Z,live,17
KXNBA-27-ATL,KXNBA,giannis_to_heat,unscheduled_sports,unscheduled_sports_trade,2026-06-23T03:50:00Z,live,active,binary,Atlanta,Atlanta,,,2026-06-14T08:00:00Z,2029-07-30T14:00:00Z,live,18
KXNBA-26-SAS,KXNBA,giannis_to_heat,unscheduled_sports,unscheduled_sports_trade,2026-06-23T03:50:00Z,historical,finalized,binary,,San Antonio,,,2025-07-12T14:00:00Z,2026-06-14T03:32:24Z,historical,37
KXNBA-26-PHI,KXNBA,giannis_to_heat,unscheduled_sports,unscheduled_sports_trade,2026-06-23T03:50:00Z,historical,finalized,binary,,Philadelphia,,,2025-07-12T14:00:00Z,2026-05-10T22:14:11Z,historical,3
KXNBA-26-OKC,KXNBA,giannis_to_heat,unscheduled_sports,unscheduled_sports_trade,2026-06-23T03:50:00Z,historical,finalized,binary,Oklahoma City,Oklahoma City,,,2025-07-12T14:00:00Z,2026-05-31T02:50:41Z,historical,23
KXNBA-26-NYK,KXNBA,giannis_to_heat,unscheduled_sports,unscheduled_sports_trade,2026-06-23T03:50:00Z,historical,finalized,binary,,New York,,,2025-07-12T14:00:00Z,2026-06-14T03:32:24Z,historical,37
KXNBA-26-MIN,KXNBA,giannis_to_heat,unscheduled_sports,unscheduled_sports_trade,2026-06-23T03:50:00Z,historical,finalized,binary,,Minnesota,,,2025-07-12T14:00:00Z,2026-05-16T04:33:40Z,historical,9
KXNBA-26-LAL,KXNBA,giannis_to_heat,unscheduled_sports,unscheduled_sports_trade,2026-06-23T03:50:00Z,historical,finalized,binary,,Los Angeles L,,,2025-07-12T14:00:00Z,2026-05-12T05:34:06Z,historical,5
KXNBA-26-DET,KXNBA,giannis_to_heat,unscheduled_sports,unscheduled_sports_trade,2026-06-23T03:50:00Z,historical,finalized,binary,,Detroit,,,2025-07-12T14:00:00Z,2026-05-18T02:50:39Z,historical,10
KXNBA-26-CLE,KXNBA,giannis_to_heat,unscheduled_sports,unscheduled_sports_trade,2026-06-23T03:50:00Z,historical,finalized,binary,,Cleveland,,,2025-07-12T14:00:00Z,2026-05-26T02:32:20Z,historical,18
KXNBA-27-WAS,KXNBA,jaylen_brown_to_76ers,unscheduled_sports,unscheduled_sports_trade,2026-07-01T22:20:00Z,live,active,binary,,Washington,,,2026-06-14T08:00:00Z,2029-07-30T14:00:00Z,live,27
KXNBA-27-UTA,KXNBA,jaylen_brown_to_76ers,unscheduled_sports,unscheduled_sports_trade,2026-07-01T22:20:00Z,live,active,binary,,Utah,,,2026-06-14T08:00:00Z,2029-07-30T14:00:00Z,live,27
KXNBA-27-TOR,KXNBA,jaylen_brown_to_76ers,unscheduled_sports,unscheduled_sports_trade,2026-07-01T22:20:00Z,live,active,binary,,Toronto,,,2026-06-14T08:00:00Z,2029-07-30T14:00:00Z,live,27
KXNBA-27-SAS,KXNBA,jaylen_brown_to_76ers,unscheduled_sports,unscheduled_sports_trade,2026-07-01T22:20:00Z,live,active,binary,,San Antonio,,,2026-06-14T08:00:00Z,2029-07-30T14:00:00Z,live,27
KXNBA-27-SAC,KXNBA,jaylen_brown_to_76ers,unscheduled_sports,unscheduled_sports_trade,2026-07-01T22:20:00Z,live,active,binary,,Sacramento,,,2026-06-14T08:00:00Z,2029-07-30T14:00:00Z,live,26
KXNBA-27-POR,KXNBA,jaylen_brown_to_76ers,unscheduled_sports,unscheduled_sports_trade,2026-07-01T22:20:00Z,live,active,binary,,Portland,,,2026-06-14T08:00:00Z,2029-07-30T14:00:00Z,live,27
KXNBA-27-PHX,KXNBA,jaylen_brown_to_76ers,unscheduled_sports,unscheduled_sports_trade,2026-07-01T22:20:00Z,live,active,binary,,Phoenix,,,2026-06-14T08:00:00Z,2029-07-30T14:00:00Z,live,26
KXNBA-27-PHI,KXNBA,jaylen_brown_to_76ers,unscheduled_sports,unscheduled_sports_trade,2026-07-01T22:20:00Z,live,active,binary,,Philadelphia,,,2026-06-14T08:00:00Z,2029-07-30T14:00:00Z,live,27
KXNBA-27-ORL,KXNBA,jaylen_brown_to_76ers,unscheduled_sports,unscheduled_sports_trade,2026-07-01T22:20:00Z,live,active,binary,,Orlando,,,2026-06-14T08:00:00Z,2029-07-30T14:00:00Z,live,27
KXNBA-27-OKC,KXNBA,jaylen_brown_to_76ers,unscheduled_sports,unscheduled_sports_trade,2026-07-01T22:20:00Z,live,active,binary,,Oklahoma City,,,2026-06-14T08:00:00Z,2029-07-30T14:00:00Z,live,27
KXNBA-27-NYK,KXNBA,jaylen_brown_to_76ers,unscheduled_sports,unscheduled_sports_trade,2026-07-01T22:20:00Z,live,active,binary,,New York,,,2026-06-14T08:00:00Z,2029-07-30T14:00:00Z,live,27
KXNBA-27-NOP,KXNBA,jaylen_brown_to_76ers,unscheduled_sports,unscheduled_sports_trade,2026-07-01T22:20:00Z,live,active,binary,,New Orleans,,,2026-06-14T08:00:00Z,2029-07-30T14:00:00Z,live,23
KXNBA-27-MIN,KXNBA,jaylen_brown_to_76ers,unscheduled_sports,unscheduled_sports_trade,2026-07-01T22:20:00Z,live,active,binary,,Minnesota,,,2026-06-14T08:00:00Z,2029-07-30T14:00:00Z,live,27
KXNBA-27-MIL,KXNBA,jaylen_brown_to_76ers,unscheduled_sports,unscheduled_sports_trade,2026-07-01T22:20:00Z,live,active,binary,,Milwaukee,,,2026-06-14T08:00:00Z,2029-07-30T14:00:00Z,live,25
KXNBA-27-MIA,KXNBA,jaylen_brown_to_76ers,unscheduled_sports,unscheduled_sports_trade,2026-07-01T22:20:00Z,live,active,binary,,Miami,,,2026-06-14T08:00:00Z,2029-07-30T14:00:00Z,live,27
KXNBA-27-MEM,KXNBA,jaylen_brown_to_76ers,unscheduled_sports,unscheduled_sports_trade,2026-07-01T22:20:00Z,live,active,binary,,Memphis,,,2026-06-14T08:00:00Z,2029-07-30T14:00:00Z,live,25
KXNBA-27-LAL,KXNBA,jaylen_brown_to_76ers,unscheduled_sports,unscheduled_sports_trade,2026-07-01T22:20:00Z,live,active,binary,,Los Angeles L,,,2026-06-14T08:00:00Z,2029-07-30T14:00:00Z,live,27
KXNBA-27-LAC,KXNBA,jaylen_brown_to_76ers,unscheduled_sports,unscheduled_sports_trade,2026-07-01T22:20:00Z,live,active,binary,,Los Angeles C,,,2026-06-14T08:00:00Z,2029-07-30T14:00:00Z,live,26
KXNBA-27-IND,KXNBA,jaylen_brown_to_76ers,unscheduled_sports,unscheduled_sports_trade,2026-07-01T22:20:00Z,live,active,binary,,Indiana,,,2026-06-14T08:00:00Z,2029-07-30T14:00:00Z,live,27
KXNBA-27-HOU,KXNBA,jaylen_brown_to_76ers,unscheduled_sports,unscheduled_sports_trade,2026-07-01T22:20:00Z,live,active,binary,,Houston,,,2026-06-14T08:00:00Z,2029-07-30T14:00:00Z,live,27
KXNBA-27-GSW,KXNBA,jaylen_brown_to_76ers,unscheduled_sports,unscheduled_sports_trade,2026-07-01T22:20:00Z,live,active,binary,,Golden State,,,2026-06-14T08:00:00Z,2029-07-30T14:00:00Z,live,27
KXNBA-27-DET,KXNBA,jaylen_brown_to_76ers,unscheduled_sports,unscheduled_sports_trade,2026-07-01T22:20:00Z,live,active,binary,,Detroit,,,2026-06-14T08:00:00Z,2029-07-30T14:00:00Z,live,27
KXNBA-27-DEN,KXNBA,jaylen_brown_to_76ers,unscheduled_sports,unscheduled_sports_trade,2026-07-01T22:20:00Z,live,active,binary,,Denver,,,2026-06-14T08:00:00Z,2029-07-30T14:00:00Z,live,27
KXNBA-27-DAL,KXNBA,jaylen_brown_to_76ers,unscheduled_sports,unscheduled_sports_trade,2026-07-01T22:20:00Z,live,active,binary,,Dallas,,,2026-06-14T08:00:00Z,2029-07-30T14:00:00Z,live,27
KXNBA-27-CLE,KXNBA,jaylen_brown_to_76ers,unscheduled_sports,unscheduled_sports_trade,2026-07-01T22:20:00Z,live,active,binary,,Cleveland,,,2026-06-14T08:00:00Z,2029-07-30T14:00:00Z,live,27
KXNBA-27-CHI,KXNBA,jaylen_brown_to_76ers,unscheduled_sports,unscheduled_sports_trade,2026-07-01T22:20:00Z,live,active,binary,,Chicago,,,2026-06-14T08:00:00Z,2029-07-30T14:00:00Z,live,27
KXNBA-27-CHA,KXNBA,jaylen_brown_to_76ers,unscheduled_sports,unscheduled_sports_trade,2026-07-01T22:20:00Z,live,active,binary,,Charlotte,,,2026-06-14T08:00:00Z,2029-07-30T14:00:00Z,live,27
KXNBA-27-BOS,KXNBA,jaylen_brown_to_76ers,unscheduled_sports,unscheduled_sports_trade,2026-07-01T22:20:00Z,live,active,binary,,Boston,,,2026-06-14T08:00:00Z,2029-07-30T14:00:00Z,live,27
KXNBA-27-BKN,KXNBA,jaylen_brown_to_76ers,unscheduled_sports,unscheduled_sports_trade,2026-07-01T22:20:00Z,live,active,binary,,Brooklyn,,,2026-06-14T08:00:00Z,2029-07-30T14:00:00Z,live,25
KXNBA-27-ATL,KXNBA,jaylen_brown_to_76ers,unscheduled_sports,unscheduled_sports_trade,2026-07-01T22:20:00Z,live,active,binary,Atlanta,Atlanta,,,2026-06-14T08:00:00Z,2029-07-30T14:00:00Z,live,27
KXNBA-26-SAS,KXNBA,jaylen_brown_to_76ers,unscheduled_sports,unscheduled_sports_trade,2026-07-01T22:20:00Z,historical,finalized,binary,,San Antonio,,,2025-07-12T14:00:00Z,2026-06-14T03:32:24Z,historical,28
KXNBA-26-OKC,KXNBA,jaylen_brown_to_76ers,unscheduled_sports,unscheduled_sports_trade,2026-07-01T22:20:00Z,historical,finalized,binary,Oklahoma City,Oklahoma City,,,2025-07-12T14:00:00Z,2026-05-31T02:50:41Z,historical,14
KXNBA-26-NYK,KXNBA,jaylen_brown_to_76ers,unscheduled_sports,unscheduled_sports_trade,2026-07-01T22:20:00Z,historical,finalized,binary,,New York,,,2025-07-12T14:00:00Z,2026-06-14T03:32:24Z,historical,28
KXNBA-26-DET,KXNBA,jaylen_brown_to_76ers,unscheduled_sports,unscheduled_sports_trade,2026-07-01T22:20:00Z,historical,finalized,binary,,Detroit,,,2025-07-12T14:00:00Z,2026-05-18T02:50:39Z,historical,1
KXNBA-26-CLE,KXNBA,jaylen_brown_to_76ers,unscheduled_sports,unscheduled_sports_trade,2026-07-01T22:20:00Z,historical,finalized,binary,,Cleveland,,,2025-07-12T14:00:00Z,2026-05-26T02:32:20Z,historical,9
KXNBA-27-WAS,KXNBA,dlo_six_team_trade,unscheduled_sports,unscheduled_sports_trade,2026-07-08T00:53:00Z,live,active,binary,,Washington,,,2026-06-14T08:00:00Z,2029-07-30T14:00:00Z,live,33
KXNBA-27-UTA,KXNBA,dlo_six_team_trade,unscheduled_sports,unscheduled_sports_trade,2026-07-08T00:53:00Z,live,active,binary,,Utah,,,2026-06-14T08:00:00Z,2029-07-30T14:00:00Z,live,33
KXNBA-27-TOR,KXNBA,dlo_six_team_trade,unscheduled_sports,unscheduled_sports_trade,2026-07-08T00:53:00Z,live,active,binary,,Toronto,,,2026-06-14T08:00:00Z,2029-07-30T14:00:00Z,live,33
KXNBA-27-SAS,KXNBA,dlo_six_team_trade,unscheduled_sports,unscheduled_sports_trade,2026-07-08T00:53:00Z,live,active,binary,,San Antonio,,,2026-06-14T08:00:00Z,2029-07-30T14:00:00Z,live,33
KXNBA-27-SAC,KXNBA,dlo_six_team_trade,unscheduled_sports,unscheduled_sports_trade,2026-07-08T00:53:00Z,live,active,binary,,Sacramento,,,2026-06-14T08:00:00Z,2029-07-30T14:00:00Z,live,32
KXNBA-27-POR,KXNBA,dlo_six_team_trade,unscheduled_sports,unscheduled_sports_trade,2026-07-08T00:53:00Z,live,active,binary,,Portland,,,2026-06-14T08:00:00Z,2029-07-30T14:00:00Z,live,33
KXNBA-27-PHX,KXNBA,dlo_six_team_trade,unscheduled_sports,unscheduled_sports_trade,2026-07-08T00:53:00Z,live,active,binary,,Phoenix,,,2026-06-14T08:00:00Z,2029-07-30T14:00:00Z,live,32
KXNBA-27-PHI,KXNBA,dlo_six_team_trade,unscheduled_sports,unscheduled_sports_trade,2026-07-08T00:53:00Z,live,active,binary,,Philadelphia,,,2026-06-14T08:00:00Z,2029-07-30T14:00:00Z,live,33
KXNBA-27-ORL,KXNBA,dlo_six_team_trade,unscheduled_sports,unscheduled_sports_trade,2026-07-08T00:53:00Z,live,active,binary,,Orlando,,,2026-06-14T08:00:00Z,2029-07-30T14:00:00Z,live,33
KXNBA-27-OKC,KXNBA,dlo_six_team_trade,unscheduled_sports,unscheduled_sports_trade,2026-07-08T00:53:00Z,live,active,binary,,Oklahoma City,,,2026-06-14T08:00:00Z,2029-07-30T14:00:00Z,live,33
KXNBA-27-NYK,KXNBA,dlo_six_team_trade,unscheduled_sports,unscheduled_sports_trade,2026-07-08T00:53:00Z,live,active,binary,,New York,,,2026-06-14T08:00:00Z,2029-07-30T14:00:00Z,live,33
KXNBA-27-NOP,KXNBA,dlo_six_team_trade,unscheduled_sports,unscheduled_sports_trade,2026-07-08T00:53:00Z,live,active,binary,,New Orleans,,,2026-06-14T08:00:00Z,2029-07-30T14:00:00Z,live,27
KXNBA-27-MIN,KXNBA,dlo_six_team_trade,unscheduled_sports,unscheduled_sports_trade,2026-07-08T00:53:00Z,live,active,binary,,Minnesota,,,2026-06-14T08:00:00Z,2029-07-30T14:00:00Z,live,33
KXNBA-27-MIL,KXNBA,dlo_six_team_trade,unscheduled_sports,unscheduled_sports_trade,2026-07-08T00:53:00Z,live,active,binary,,Milwaukee,,,2026-06-14T08:00:00Z,2029-07-30T14:00:00Z,live,30
KXNBA-27-MIA,KXNBA,dlo_six_team_trade,unscheduled_sports,unscheduled_sports_trade,2026-07-08T00:53:00Z,live,active,binary,,Miami,,,2026-06-14T08:00:00Z,2029-07-30T14:00:00Z,live,33
KXNBA-27-MEM,KXNBA,dlo_six_team_trade,unscheduled_sports,unscheduled_sports_trade,2026-07-08T00:53:00Z,live,active,binary,,Memphis,,,2026-06-14T08:00:00Z,2029-07-30T14:00:00Z,live,30
KXNBA-27-LAL,KXNBA,dlo_six_team_trade,unscheduled_sports,unscheduled_sports_trade,2026-07-08T00:53:00Z,live,active,binary,,Los Angeles L,,,2026-06-14T08:00:00Z,2029-07-30T14:00:00Z,live,33
KXNBA-27-LAC,KXNBA,dlo_six_team_trade,unscheduled_sports,unscheduled_sports_trade,2026-07-08T00:53:00Z,live,active,binary,,Los Angeles C,,,2026-06-14T08:00:00Z,2029-07-30T14:00:00Z,live,30
KXNBA-27-IND,KXNBA,dlo_six_team_trade,unscheduled_sports,unscheduled_sports_trade,2026-07-08T00:53:00Z,live,active,binary,,Indiana,,,2026-06-14T08:00:00Z,2029-07-30T14:00:00Z,live,33
KXNBA-27-HOU,KXNBA,dlo_six_team_trade,unscheduled_sports,unscheduled_sports_trade,2026-07-08T00:53:00Z,live,active,binary,,Houston,,,2026-06-14T08:00:00Z,2029-07-30T14:00:00Z,live,33
KXNBA-27-GSW,KXNBA,dlo_six_team_trade,unscheduled_sports,unscheduled_sports_trade,2026-07-08T00:53:00Z,live,active,binary,,Golden State,,,2026-06-14T08:00:00Z,2029-07-30T14:00:00Z,live,33
KXNBA-27-DET,KXNBA,dlo_six_team_trade,unscheduled_sports,unscheduled_sports_trade,2026-07-08T00:53:00Z,live,active,binary,,Detroit,,,2026-06-14T08:00:00Z,2029-07-30T14:00:00Z,live,33
KXNBA-27-DEN,KXNBA,dlo_six_team_trade,unscheduled_sports,unscheduled_sports_trade,2026-07-08T00:53:00Z,live,active,binary,,Denver,,,2026-06-14T08:00:00Z,2029-07-30T14:00:00Z,live,33
KXNBA-27-DAL,KXNBA,dlo_six_team_trade,unscheduled_sports,unscheduled_sports_trade,2026-07-08T00:53:00Z,live,active,binary,,Dallas,,,2026-06-14T08:00:00Z,2029-07-30T14:00:00Z,live,33
KXNBA-27-CLE,KXNBA,dlo_six_team_trade,unscheduled_sports,unscheduled_sports_trade,2026-07-08T00:53:00Z,live,active,binary,,Cleveland,,,2026-06-14T08:00:00Z,2029-07-30T14:00:00Z,live,33
KXNBA-27-CHI,KXNBA,dlo_six_team_trade,unscheduled_sports,unscheduled_sports_trade,2026-07-08T00:53:00Z,live,active,binary,,Chicago,,,2026-06-14T08:00:00Z,2029-07-30T14:00:00Z,live,33
KXNBA-27-CHA,KXNBA,dlo_six_team_trade,unscheduled_sports,unscheduled_sports_trade,2026-07-08T00:53:00Z,live,active,binary,,Charlotte,,,2026-06-14T08:00:00Z,2029-07-30T14:00:00Z,live,33
KXNBA-27-BOS,KXNBA,dlo_six_team_trade,unscheduled_sports,unscheduled_sports_trade,2026-07-08T00:53:00Z,live,active,binary,,Boston,,,2026-06-14T08:00:00Z,2029-07-30T14:00:00Z,live,33
KXNBA-27-BKN,KXNBA,dlo_six_team_trade,unscheduled_sports,unscheduled_sports_trade,2026-07-08T00:53:00Z,live,active,binary,,Brooklyn,,,2026-06-14T08:00:00Z,2029-07-30T14:00:00Z,live,31
KXNBA-27-ATL,KXNBA,dlo_six_team_trade,unscheduled_sports,unscheduled_sports_trade,2026-07-08T00:53:00Z,live,active,binary,Atlanta,Atlanta,,,2026-06-14T08:00:00Z,2029-07-30T14:00:00Z,live,33
KXNBA-26-SAS,KXNBA,dlo_six_team_trade,unscheduled_sports,unscheduled_sports_trade,2026-07-08T00:53:00Z,historical,finalized,binary,,San Antonio,,,2025-07-12T14:00:00Z,2026-06-14T03:32:24Z,historical,22
KXNBA-26-OKC,KXNBA,dlo_six_team_trade,unscheduled_sports,unscheduled_sports_trade,2026-07-08T00:53:00Z,historical,finalized,binary,Oklahoma City,Oklahoma City,,,2025-07-12T14:00:00Z,2026-05-31T02:50:41Z,historical,8
KXNBA-26-NYK,KXNBA,dlo_six_team_trade,unscheduled_sports,unscheduled_sports_trade,2026-07-08T00:53:00Z,historical,finalized,binary,,New York,,,2025-07-12T14:00:00Z,2026-06-14T03:32:24Z,historical,22
KXNBA-26-CLE,KXNBA,dlo_six_team_trade,unscheduled_sports,unscheduled_sports_trade,2026-07-08T00:53:00Z,historical,finalized,binary,,Cleveland,,,2025-07-12T14:00:00Z,2026-05-26T02:32:20Z,historical,3
KXNBA-27-WAS,KXNBA,kawhi_to_raptors,unscheduled_sports,unscheduled_sports_trade,2026-09-14T18:56:00Z,live,active,binary,,Washington,,,2026-06-14T08:00:00Z,2029-07-30T14:00:00Z,live,53
KXNBA-27-UTA,KXNBA,kawhi_to_raptors,unscheduled_sports,unscheduled_sports_trade,2026-09-14T18:56:00Z,live,active,binary,,Utah,,,2026-06-14T08:00:00Z,2029-07-30T14:00:00Z,live,53
KXNBA-27-TOR,KXNBA,kawhi_to_raptors,unscheduled_sports,unscheduled_sports_trade,2026-09-14T18:56:00Z,live,active,binary,,Toronto,,,2026-06-14T08:00:00Z,2029-07-30T14:00:00Z,live,55
KXNBA-27-SAS,KXNBA,kawhi_to_raptors,unscheduled_sports,unscheduled_sports_trade,2026-09-14T18:56:00Z,live,active,binary,,San Antonio,,,2026-06-14T08:00:00Z,2029-07-30T14:00:00Z,live,55
KXNBA-27-SAC,KXNBA,kawhi_to_raptors,unscheduled_sports,unscheduled_sports_trade,2026-09-14T18:56:00Z,live,active,binary,,Sacramento,,,2026-06-14T08:00:00Z,2029-07-30T14:00:00Z,live,49
KXNBA-27-POR,KXNBA,kawhi_to_raptors,unscheduled_sports,unscheduled_sports_trade,2026-09-14T18:56:00Z,live,active,binary,,Portland,,,2026-06-14T08:00:00Z,2029-07-30T14:00:00Z,live,52
KXNBA-27-PHX,KXNBA,kawhi_to_raptors,unscheduled_sports,unscheduled_sports_trade,2026-09-14T18:56:00Z,live,active,binary,,Phoenix,,,2026-06-14T08:00:00Z,2029-07-30T14:00:00Z,live,52
KXNBA-27-PHI,KXNBA,kawhi_to_raptors,unscheduled_sports,unscheduled_sports_trade,2026-09-14T18:56:00Z,live,active,binary,,Philadelphia,,,2026-06-14T08:00:00Z,2029-07-30T14:00:00Z,live,55
KXNBA-27-ORL,KXNBA,kawhi_to_raptors,unscheduled_sports,unscheduled_sports_trade,2026-09-14T18:56:00Z,live,active,binary,,Orlando,,,2026-06-14T08:00:00Z,2029-07-30T14:00:00Z,live,54
KXNBA-27-OKC,KXNBA,kawhi_to_raptors,unscheduled_sports,unscheduled_sports_trade,2026-09-14T18:56:00Z,live,active,binary,,Oklahoma City,,,2026-06-14T08:00:00Z,2029-07-30T14:00:00Z,live,55
KXNBA-27-NYK,KXNBA,kawhi_to_raptors,unscheduled_sports,unscheduled_sports_trade,2026-09-14T18:56:00Z,live,active,binary,,New York,,,2026-06-14T08:00:00Z,2029-07-30T14:00:00Z,live,55
KXNBA-27-NOP,KXNBA,kawhi_to_raptors,unscheduled_sports,unscheduled_sports_trade,2026-09-14T18:56:00Z,live,active,binary,,New Orleans,,,2026-06-14T08:00:00Z,2029-07-30T14:00:00Z,live,52
KXNBA-27-MIN,KXNBA,kawhi_to_raptors,unscheduled_sports,unscheduled_sports_trade,2026-09-14T18:56:00Z,live,active,binary,,Minnesota,,,2026-06-14T08:00:00Z,2029-07-30T14:00:00Z,live,55
KXNBA-27-MIL,KXNBA,kawhi_to_raptors,unscheduled_sports,unscheduled_sports_trade,2026-09-14T18:56:00Z,live,active,binary,,Milwaukee,,,2026-06-14T08:00:00Z,2029-07-30T14:00:00Z,live,51
KXNBA-27-MIA,KXNBA,kawhi_to_raptors,unscheduled_sports,unscheduled_sports_trade,2026-09-14T18:56:00Z,live,active,binary,,Miami,,,2026-06-14T08:00:00Z,2029-07-30T14:00:00Z,live,55
KXNBA-27-MEM,KXNBA,kawhi_to_raptors,unscheduled_sports,unscheduled_sports_trade,2026-09-14T18:56:00Z,live,active,binary,,Memphis,,,2026-06-14T08:00:00Z,2029-07-30T14:00:00Z,live,51
KXNBA-27-LAL,KXNBA,kawhi_to_raptors,unscheduled_sports,unscheduled_sports_trade,2026-09-14T18:56:00Z,live,active,binary,,Los Angeles L,,,2026-06-14T08:00:00Z,2029-07-30T14:00:00Z,live,55
KXNBA-27-LAC,KXNBA,kawhi_to_raptors,unscheduled_sports,unscheduled_sports_trade,2026-09-14T18:56:00Z,live,active,binary,,Los Angeles C,,,2026-06-14T08:00:00Z,2029-07-30T14:00:00Z,live,51
KXNBA-27-IND,KXNBA,kawhi_to_raptors,unscheduled_sports,unscheduled_sports_trade,2026-09-14T18:56:00Z,live,active,binary,,Indiana,,,2026-06-14T08:00:00Z,2029-07-30T14:00:00Z,live,55
KXNBA-27-HOU,KXNBA,kawhi_to_raptors,unscheduled_sports,unscheduled_sports_trade,2026-09-14T18:56:00Z,live,active,binary,,Houston,,,2026-06-14T08:00:00Z,2029-07-30T14:00:00Z,live,55
KXNBA-27-GSW,KXNBA,kawhi_to_raptors,unscheduled_sports,unscheduled_sports_trade,2026-09-14T18:56:00Z,live,active,binary,,Golden State,,,2026-06-14T08:00:00Z,2029-07-30T14:00:00Z,live,55
KXNBA-27-DET,KXNBA,kawhi_to_raptors,unscheduled_sports,unscheduled_sports_trade,2026-09-14T18:56:00Z,live,active,binary,,Detroit,,,2026-06-14T08:00:00Z,2029-07-30T14:00:00Z,live,55
KXNBA-27-DEN,KXNBA,kawhi_to_raptors,unscheduled_sports,unscheduled_sports_trade,2026-09-14T18:56:00Z,live,active,binary,,Denver,,,2026-06-14T08:00:00Z,2029-07-30T14:00:00Z,live,55
KXNBA-27-DAL,KXNBA,kawhi_to_raptors,unscheduled_sports,unscheduled_sports_trade,2026-09-14T18:56:00Z,live,active,binary,,Dallas,,,2026-06-14T08:00:00Z,2029-07-30T14:00:00Z,live,53
KXNBA-27-CLE,KXNBA,kawhi_to_raptors,unscheduled_sports,unscheduled_sports_trade,2026-09-14T18:56:00Z,live,active,binary,,Cleveland,,,2026-06-14T08:00:00Z,2029-07-30T14:00:00Z,live,55
KXNBA-27-CHI,KXNBA,kawhi_to_raptors,unscheduled_sports,unscheduled_sports_trade,2026-09-14T18:56:00Z,live,active,binary,,Chicago,,,2026-06-14T08:00:00Z,2029-07-30T14:00:00Z,live,50
KXNBA-27-CHA,KXNBA,kawhi_to_raptors,unscheduled_sports,unscheduled_sports_trade,2026-09-14T18:56:00Z,live,active,binary,,Charlotte,,,2026-06-14T08:00:00Z,2029-07-30T14:00:00Z,live,53
KXNBA-27-BOS,KXNBA,kawhi_to_raptors,unscheduled_sports,unscheduled_sports_trade,2026-09-14T18:56:00Z,live,active,binary,,Boston,,,2026-06-14T08:00:00Z,2029-07-30T14:00:00Z,live,55
KXNBA-27-BKN,KXNBA,kawhi_to_raptors,unscheduled_sports,unscheduled_sports_trade,2026-09-14T18:56:00Z,live,active,binary,,Brooklyn,,,2026-06-14T08:00:00Z,2029-07-30T14:00:00Z,live,49
KXNBA-27-ATL,KXNBA,kawhi_to_raptors,unscheduled_sports,unscheduled_sports_trade,2026-09-14T18:56:00Z,live,active,binary,Atlanta,Atlanta,,,2026-06-14T08:00:00Z,2029-07-30T14:00:00Z,live,51
KXNBA-27-WAS,KXNBA,mike_conley_to_celtics,unscheduled_sports,unscheduled_sports_signing,2026-07-01T14:58:00Z,live,active,binary,,Washington,,,2026-06-14T08:00:00Z,2029-07-30T14:00:00Z,live,27
KXNBA-27-UTA,KXNBA,mike_conley_to_celtics,unscheduled_sports,unscheduled_sports_signing,2026-07-01T14:58:00Z,live,active,binary,,Utah,,,2026-06-14T08:00:00Z,2029-07-30T14:00:00Z,live,27
KXNBA-27-TOR,KXNBA,mike_conley_to_celtics,unscheduled_sports,unscheduled_sports_signing,2026-07-01T14:58:00Z,live,active,binary,,Toronto,,,2026-06-14T08:00:00Z,2029-07-30T14:00:00Z,live,27
KXNBA-27-SAS,KXNBA,mike_conley_to_celtics,unscheduled_sports,unscheduled_sports_signing,2026-07-01T14:58:00Z,live,active,binary,,San Antonio,,,2026-06-14T08:00:00Z,2029-07-30T14:00:00Z,live,27
KXNBA-27-SAC,KXNBA,mike_conley_to_celtics,unscheduled_sports,unscheduled_sports_signing,2026-07-01T14:58:00Z,live,active,binary,,Sacramento,,,2026-06-14T08:00:00Z,2029-07-30T14:00:00Z,live,26
KXNBA-27-POR,KXNBA,mike_conley_to_celtics,unscheduled_sports,unscheduled_sports_signing,2026-07-01T14:58:00Z,live,active,binary,,Portland,,,2026-06-14T08:00:00Z,2029-07-30T14:00:00Z,live,27
KXNBA-27-PHX,KXNBA,mike_conley_to_celtics,unscheduled_sports,unscheduled_sports_signing,2026-07-01T14:58:00Z,live,active,binary,,Phoenix,,,2026-06-14T08:00:00Z,2029-07-30T14:00:00Z,live,26
KXNBA-27-PHI,KXNBA,mike_conley_to_celtics,unscheduled_sports,unscheduled_sports_signing,2026-07-01T14:58:00Z,live,active,binary,,Philadelphia,,,2026-06-14T08:00:00Z,2029-07-30T14:00:00Z,live,27
KXNBA-27-ORL,KXNBA,mike_conley_to_celtics,unscheduled_sports,unscheduled_sports_signing,2026-07-01T14:58:00Z,live,active,binary,,Orlando,,,2026-06-14T08:00:00Z,2029-07-30T14:00:00Z,live,27
KXNBA-27-OKC,KXNBA,mike_conley_to_celtics,unscheduled_sports,unscheduled_sports_signing,2026-07-01T14:58:00Z,live,active,binary,,Oklahoma City,,,2026-06-14T08:00:00Z,2029-07-30T14:00:00Z,live,27
KXNBA-27-NYK,KXNBA,mike_conley_to_celtics,unscheduled_sports,unscheduled_sports_signing,2026-07-01T14:58:00Z,live,active,binary,,New York,,,2026-06-14T08:00:00Z,2029-07-30T14:00:00Z,live,27
KXNBA-27-NOP,KXNBA,mike_conley_to_celtics,unscheduled_sports,unscheduled_sports_signing,2026-07-01T14:58:00Z,live,active,binary,,New Orleans,,,2026-06-14T08:00:00Z,2029-07-30T14:00:00Z,live,23
KXNBA-27-MIN,KXNBA,mike_conley_to_celtics,unscheduled_sports,unscheduled_sports_signing,2026-07-01T14:58:00Z,live,active,binary,,Minnesota,,,2026-06-14T08:00:00Z,2029-07-30T14:00:00Z,live,27
KXNBA-27-MIL,KXNBA,mike_conley_to_celtics,unscheduled_sports,unscheduled_sports_signing,2026-07-01T14:58:00Z,live,active,binary,,Milwaukee,,,2026-06-14T08:00:00Z,2029-07-30T14:00:00Z,live,25
KXNBA-27-MIA,KXNBA,mike_conley_to_celtics,unscheduled_sports,unscheduled_sports_signing,2026-07-01T14:58:00Z,live,active,binary,,Miami,,,2026-06-14T08:00:00Z,2029-07-30T14:00:00Z,live,27
KXNBA-27-MEM,KXNBA,mike_conley_to_celtics,unscheduled_sports,unscheduled_sports_signing,2026-07-01T14:58:00Z,live,active,binary,,Memphis,,,2026-06-14T08:00:00Z,2029-07-30T14:00:00Z,live,25
KXNBA-27-LAL,KXNBA,mike_conley_to_celtics,unscheduled_sports,unscheduled_sports_signing,2026-07-01T14:58:00Z,live,active,binary,,Los Angeles L,,,2026-06-14T08:00:00Z,2029-07-30T14:00:00Z,live,27
KXNBA-27-LAC,KXNBA,mike_conley_to_celtics,unscheduled_sports,unscheduled_sports_signing,2026-07-01T14:58:00Z,live,active,binary,,Los Angeles C,,,2026-06-14T08:00:00Z,2029-07-30T14:00:00Z,live,26
KXNBA-27-IND,KXNBA,mike_conley_to_celtics,unscheduled_sports,unscheduled_sports_signing,2026-07-01T14:58:00Z,live,active,binary,,Indiana,,,2026-06-14T08:00:00Z,2029-07-30T14:00:00Z,live,27
KXNBA-27-HOU,KXNBA,mike_conley_to_celtics,unscheduled_sports,unscheduled_sports_signing,2026-07-01T14:58:00Z,live,active,binary,,Houston,,,2026-06-14T08:00:00Z,2029-07-30T14:00:00Z,live,27
KXNBA-27-GSW,KXNBA,mike_conley_to_celtics,unscheduled_sports,unscheduled_sports_signing,2026-07-01T14:58:00Z,live,active,binary,,Golden State,,,2026-06-14T08:00:00Z,2029-07-30T14:00:00Z,live,27
KXNBA-27-DET,KXNBA,mike_conley_to_celtics,unscheduled_sports,unscheduled_sports_signing,2026-07-01T14:58:00Z,live,active,binary,,Detroit,,,2026-06-14T08:00:00Z,2029-07-30T14:00:00Z,live,27
KXNBA-27-DEN,KXNBA,mike_conley_to_celtics,unscheduled_sports,unscheduled_sports_signing,2026-07-01T14:58:00Z,live,active,binary,,Denver,,,2026-06-14T08:00:00Z,2029-07-30T14:00:00Z,live,27
KXNBA-27-DAL,KXNBA,mike_conley_to_celtics,unscheduled_sports,unscheduled_sports_signing,2026-07-01T14:58:00Z,live,active,binary,,Dallas,,,2026-06-14T08:00:00Z,2029-07-30T14:00:00Z,live,27
KXNBA-27-CLE,KXNBA,mike_conley_to_celtics,unscheduled_sports,unscheduled_sports_signing,2026-07-01T14:58:00Z,live,active,binary,,Cleveland,,,2026-06-14T08:00:00Z,2029-07-30T14:00:00Z,live,27
KXNBA-27-CHI,KXNBA,mike_conley_to_celtics,unscheduled_sports,unscheduled_sports_signing,2026-07-01T14:58:00Z,live,active,binary,,Chicago,,,2026-06-14T08:00:00Z,2029-07-30T14:00:00Z,live,27
KXNBA-27-CHA,KXNBA,mike_conley_to_celtics,unscheduled_sports,unscheduled_sports_signing,2026-07-01T14:58:00Z,live,active,binary,,Charlotte,,,2026-06-14T08:00:00Z,2029-07-30T14:00:00Z,live,27
KXNBA-27-BOS,KXNBA,mike_conley_to_celtics,unscheduled_sports,unscheduled_sports_signing,2026-07-01T14:58:00Z,live,active,binary,,Boston,,,2026-06-14T08:00:00Z,2029-07-30T14:00:00Z,live,27
KXNBA-27-BKN,KXNBA,mike_conley_to_celtics,unscheduled_sports,unscheduled_sports_signing,2026-07-01T14:58:00Z,live,active,binary,,Brooklyn,,,2026-06-14T08:00:00Z,2029-07-30T14:00:00Z,live,25
KXNBA-27-ATL,KXNBA,mike_conley_to_celtics,unscheduled_sports,unscheduled_sports_signing,2026-07-01T14:58:00Z,live,active,binary,Atlanta,Atlanta,,,2026-06-14T08:00:00Z,2029-07-30T14:00:00Z,live,27
KXNBA-26-SAS,KXNBA,mike_conley_to_celtics,unscheduled_sports,unscheduled_sports_signing,2026-07-01T14:58:00Z,historical,finalized,binary,,San Antonio,,,2025-07-12T14:00:00Z,2026-06-14T03:32:24Z,historical,28
KXNBA-26-OKC,KXNBA,mike_conley_to_celtics,unscheduled_sports,unscheduled_sports_signing,2026-07-01T14:58:00Z,historical,finalized,binary,Oklahoma City,Oklahoma City,,,2025-07-12T14:00:00Z,2026-05-31T02:50:41Z,historical,14
KXNBA-26-NYK,KXNBA,mike_conley_to_celtics,unscheduled_sports,unscheduled_sports_signing,2026-07-01T14:58:00Z,historical,finalized,binary,,New York,,,2025-07-12T14:00:00Z,2026-06-14T03:32:24Z,historical,28
KXNBA-26-DET,KXNBA,mike_conley_to_celtics,unscheduled_sports,unscheduled_sports_signing,2026-07-01T14:58:00Z,historical,finalized,binary,,Detroit,,,2025-07-12T14:00:00Z,2026-05-18T02:50:39Z,historical,1
KXNBA-26-CLE,KXNBA,mike_conley_to_celtics,unscheduled_sports,unscheduled_sports_signing,2026-07-01T14:58:00Z,historical,finalized,binary,,Cleveland,,,2025-07-12T14:00:00Z,2026-05-26T02:32:20Z,historical,9
KXNBA-27-WAS,KXNBA,mitchell_robinson_to_celtics,unscheduled_sports,unscheduled_sports_signing,2026-07-01T15:39:00Z,live,active,binary,,Washington,,,2026-06-14T08:00:00Z,2029-07-30T14:00:00Z,live,27
KXNBA-27-UTA,KXNBA,mitchell_robinson_to_celtics,unscheduled_sports,unscheduled_sports_signing,2026-07-01T15:39:00Z,live,active,binary,,Utah,,,2026-06-14T08:00:00Z,2029-07-30T14:00:00Z,live,27
KXNBA-27-TOR,KXNBA,mitchell_robinson_to_celtics,unscheduled_sports,unscheduled_sports_signing,2026-07-01T15:39:00Z,live,active,binary,,Toronto,,,2026-06-14T08:00:00Z,2029-07-30T14:00:00Z,live,27
KXNBA-27-SAS,KXNBA,mitchell_robinson_to_celtics,unscheduled_sports,unscheduled_sports_signing,2026-07-01T15:39:00Z,live,active,binary,,San Antonio,,,2026-06-14T08:00:00Z,2029-07-30T14:00:00Z,live,27
KXNBA-27-SAC,KXNBA,mitchell_robinson_to_celtics,unscheduled_sports,unscheduled_sports_signing,2026-07-01T15:39:00Z,live,active,binary,,Sacramento,,,2026-06-14T08:00:00Z,2029-07-30T14:00:00Z,live,26
KXNBA-27-POR,KXNBA,mitchell_robinson_to_celtics,unscheduled_sports,unscheduled_sports_signing,2026-07-01T15:39:00Z,live,active,binary,,Portland,,,2026-06-14T08:00:00Z,2029-07-30T14:00:00Z,live,27
KXNBA-27-PHX,KXNBA,mitchell_robinson_to_celtics,unscheduled_sports,unscheduled_sports_signing,2026-07-01T15:39:00Z,live,active,binary,,Phoenix,,,2026-06-14T08:00:00Z,2029-07-30T14:00:00Z,live,26
KXNBA-27-PHI,KXNBA,mitchell_robinson_to_celtics,unscheduled_sports,unscheduled_sports_signing,2026-07-01T15:39:00Z,live,active,binary,,Philadelphia,,,2026-06-14T08:00:00Z,2029-07-30T14:00:00Z,live,27
KXNBA-27-ORL,KXNBA,mitchell_robinson_to_celtics,unscheduled_sports,unscheduled_sports_signing,2026-07-01T15:39:00Z,live,active,binary,,Orlando,,,2026-06-14T08:00:00Z,2029-07-30T14:00:00Z,live,27
KXNBA-27-OKC,KXNBA,mitchell_robinson_to_celtics,unscheduled_sports,unscheduled_sports_signing,2026-07-01T15:39:00Z,live,active,binary,,Oklahoma City,,,2026-06-14T08:00:00Z,2029-07-30T14:00:00Z,live,27
KXNBA-27-NYK,KXNBA,mitchell_robinson_to_celtics,unscheduled_sports,unscheduled_sports_signing,2026-07-01T15:39:00Z,live,active,binary,,New York,,,2026-06-14T08:00:00Z,2029-07-30T14:00:00Z,live,27
KXNBA-27-NOP,KXNBA,mitchell_robinson_to_celtics,unscheduled_sports,unscheduled_sports_signing,2026-07-01T15:39:00Z,live,active,binary,,New Orleans,,,2026-06-14T08:00:00Z,2029-07-30T14:00:00Z,live,23
KXNBA-27-MIN,KXNBA,mitchell_robinson_to_celtics,unscheduled_sports,unscheduled_sports_signing,2026-07-01T15:39:00Z,live,active,binary,,Minnesota,,,2026-06-14T08:00:00Z,2029-07-30T14:00:00Z,live,27
KXNBA-27-MIL,KXNBA,mitchell_robinson_to_celtics,unscheduled_sports,unscheduled_sports_signing,2026-07-01T15:39:00Z,live,active,binary,,Milwaukee,,,2026-06-14T08:00:00Z,2029-07-30T14:00:00Z,live,25
KXNBA-27-MIA,KXNBA,mitchell_robinson_to_celtics,unscheduled_sports,unscheduled_sports_signing,2026-07-01T15:39:00Z,live,active,binary,,Miami,,,2026-06-14T08:00:00Z,2029-07-30T14:00:00Z,live,27
KXNBA-27-MEM,KXNBA,mitchell_robinson_to_celtics,unscheduled_sports,unscheduled_sports_signing,2026-07-01T15:39:00Z,live,active,binary,,Memphis,,,2026-06-14T08:00:00Z,2029-07-30T14:00:00Z,live,25
KXNBA-27-LAL,KXNBA,mitchell_robinson_to_celtics,unscheduled_sports,unscheduled_sports_signing,2026-07-01T15:39:00Z,live,active,binary,,Los Angeles L,,,2026-06-14T08:00:00Z,2029-07-30T14:00:00Z,live,27
KXNBA-27-LAC,KXNBA,mitchell_robinson_to_celtics,unscheduled_sports,unscheduled_sports_signing,2026-07-01T15:39:00Z,live,active,binary,,Los Angeles C,,,2026-06-14T08:00:00Z,2029-07-30T14:00:00Z,live,26
KXNBA-27-IND,KXNBA,mitchell_robinson_to_celtics,unscheduled_sports,unscheduled_sports_signing,2026-07-01T15:39:00Z,live,active,binary,,Indiana,,,2026-06-14T08:00:00Z,2029-07-30T14:00:00Z,live,27
KXNBA-27-HOU,KXNBA,mitchell_robinson_to_celtics,unscheduled_sports,unscheduled_sports_signing,2026-07-01T15:39:00Z,live,active,binary,,Houston,,,2026-06-14T08:00:00Z,2029-07-30T14:00:00Z,live,27
KXNBA-27-GSW,KXNBA,mitchell_robinson_to_celtics,unscheduled_sports,unscheduled_sports_signing,2026-07-01T15:39:00Z,live,active,binary,,Golden State,,,2026-06-14T08:00:00Z,2029-07-30T14:00:00Z,live,27
KXNBA-27-DET,KXNBA,mitchell_robinson_to_celtics,unscheduled_sports,unscheduled_sports_signing,2026-07-01T15:39:00Z,live,active,binary,,Detroit,,,2026-06-14T08:00:00Z,2029-07-30T14:00:00Z,live,27
KXNBA-27-DEN,KXNBA,mitchell_robinson_to_celtics,unscheduled_sports,unscheduled_sports_signing,2026-07-01T15:39:00Z,live,active,binary,,Denver,,,2026-06-14T08:00:00Z,2029-07-30T14:00:00Z,live,27
KXNBA-27-DAL,KXNBA,mitchell_robinson_to_celtics,unscheduled_sports,unscheduled_sports_signing,2026-07-01T15:39:00Z,live,active,binary,,Dallas,,,2026-06-14T08:00:00Z,2029-07-30T14:00:00Z,live,27
KXNBA-27-CLE,KXNBA,mitchell_robinson_to_celtics,unscheduled_sports,unscheduled_sports_signing,2026-07-01T15:39:00Z,live,active,binary,,Cleveland,,,2026-06-14T08:00:00Z,2029-07-30T14:00:00Z,live,27
KXNBA-27-CHI,KXNBA,mitchell_robinson_to_celtics,unscheduled_sports,unscheduled_sports_signing,2026-07-01T15:39:00Z,live,active,binary,,Chicago,,,2026-06-14T08:00:00Z,2029-07-30T14:00:00Z,live,27
KXNBA-27-CHA,KXNBA,mitchell_robinson_to_celtics,unscheduled_sports,unscheduled_sports_signing,2026-07-01T15:39:00Z,live,active,binary,,Charlotte,,,2026-06-14T08:00:00Z,2029-07-30T14:00:00Z,live,27
KXNBA-27-BOS,KXNBA,mitchell_robinson_to_celtics,unscheduled_sports,unscheduled_sports_signing,2026-07-01T15:39:00Z,live,active,binary,,Boston,,,2026-06-14T08:00:00Z,2029-07-30T14:00:00Z,live,27
KXNBA-27-BKN,KXNBA,mitchell_robinson_to_celtics,unscheduled_sports,unscheduled_sports_signing,2026-07-01T15:39:00Z,live,active,binary,,Brooklyn,,,2026-06-14T08:00:00Z,2029-07-30T14:00:00Z,live,25
KXNBA-27-ATL,KXNBA,mitchell_robinson_to_celtics,unscheduled_sports,unscheduled_sports_signing,2026-07-01T15:39:00Z,live,active,binary,Atlanta,Atlanta,,,2026-06-14T08:00:00Z,2029-07-30T14:00:00Z,live,27
KXNBA-26-SAS,KXNBA,mitchell_robinson_to_celtics,unscheduled_sports,unscheduled_sports_signing,2026-07-01T15:39:00Z,historical,finalized,binary,,San Antonio,,,2025-07-12T14:00:00Z,2026-06-14T03:32:24Z,historical,28
KXNBA-26-OKC,KXNBA,mitchell_robinson_to_celtics,unscheduled_sports,unscheduled_sports_signing,2026-07-01T15:39:00Z,historical,finalized,binary,Oklahoma City,Oklahoma City,,,2025-07-12T14:00:00Z,2026-05-31T02:50:41Z,historical,14
KXNBA-26-NYK,KXNBA,mitchell_robinson_to_celtics,unscheduled_sports,unscheduled_sports_signing,2026-07-01T15:39:00Z,historical,finalized,binary,,New York,,,2025-07-12T14:00:00Z,2026-06-14T03:32:24Z,historical,28
KXNBA-26-DET,KXNBA,mitchell_robinson_to_celtics,unscheduled_sports,unscheduled_sports_signing,2026-07-01T15:39:00Z,historical,finalized,binary,,Detroit,,,2025-07-12T14:00:00Z,2026-05-18T02:50:39Z,historical,1
KXNBA-26-CLE,KXNBA,mitchell_robinson_to_celtics,unscheduled_sports,unscheduled_sports_signing,2026-07-01T15:39:00Z,historical,finalized,binary,,Cleveland,,,2025-07-12T14:00:00Z,2026-05-26T02:32:20Z,historical,9
KXNBA-27-WAS,KXNBA,lebron_to_76ers,unscheduled_sports,unscheduled_sports_signing,2026-07-24T20:34:00Z,live,active,binary,,Washington,,,2026-06-14T08:00:00Z,2029-07-30T14:00:00Z,live,50
KXNBA-27-UTA,KXNBA,lebron_to_76ers,unscheduled_sports,unscheduled_sports_signing,2026-07-24T20:34:00Z,live,active,binary,,Utah,,,2026-06-14T08:00:00Z,2029-07-30T14:00:00Z,live,50
KXNBA-27-TOR,KXNBA,lebron_to_76ers,unscheduled_sports,unscheduled_sports_signing,2026-07-24T20:34:00Z,live,active,binary,,Toronto,,,2026-06-14T08:00:00Z,2029-07-30T14:00:00Z,live,50
KXNBA-27-SAS,KXNBA,lebron_to_76ers,unscheduled_sports,unscheduled_sports_signing,2026-07-24T20:34:00Z,live,active,binary,,San Antonio,,,2026-06-14T08:00:00Z,2029-07-30T14:00:00Z,live,50
KXNBA-27-SAC,KXNBA,lebron_to_76ers,unscheduled_sports,unscheduled_sports_signing,2026-07-24T20:34:00Z,live,active,binary,,Sacramento,,,2026-06-14T08:00:00Z,2029-07-30T14:00:00Z,live,49
KXNBA-27-POR,KXNBA,lebron_to_76ers,unscheduled_sports,unscheduled_sports_signing,2026-07-24T20:34:00Z,live,active,binary,,Portland,,,2026-06-14T08:00:00Z,2029-07-30T14:00:00Z,live,50
KXNBA-27-PHX,KXNBA,lebron_to_76ers,unscheduled_sports,unscheduled_sports_signing,2026-07-24T20:34:00Z,live,active,binary,,Phoenix,,,2026-06-14T08:00:00Z,2029-07-30T14:00:00Z,live,49
KXNBA-27-PHI,KXNBA,lebron_to_76ers,unscheduled_sports,unscheduled_sports_signing,2026-07-24T20:34:00Z,live,active,binary,,Philadelphia,,,2026-06-14T08:00:00Z,2029-07-30T14:00:00Z,live,50
KXNBA-27-ORL,KXNBA,lebron_to_76ers,unscheduled_sports,unscheduled_sports_signing,2026-07-24T20:34:00Z,live,active,binary,,Orlando,,,2026-06-14T08:00:00Z,2029-07-30T14:00:00Z,live,50
KXNBA-27-OKC,KXNBA,lebron_to_76ers,unscheduled_sports,unscheduled_sports_signing,2026-07-24T20:34:00Z,live,active,binary,,Oklahoma City,,,2026-06-14T08:00:00Z,2029-07-30T14:00:00Z,live,50
KXNBA-27-NYK,KXNBA,lebron_to_76ers,unscheduled_sports,unscheduled_sports_signing,2026-07-24T20:34:00Z,live,active,binary,,New York,,,2026-06-14T08:00:00Z,2029-07-30T14:00:00Z,live,50
KXNBA-27-NOP,KXNBA,lebron_to_76ers,unscheduled_sports,unscheduled_sports_signing,2026-07-24T20:34:00Z,live,active,binary,,New Orleans,,,2026-06-14T08:00:00Z,2029-07-30T14:00:00Z,live,43
KXNBA-27-MIN,KXNBA,lebron_to_76ers,unscheduled_sports,unscheduled_sports_signing,2026-07-24T20:34:00Z,live,active,binary,,Minnesota,,,2026-06-14T08:00:00Z,2029-07-30T14:00:00Z,live,50
KXNBA-27-MIL,KXNBA,lebron_to_76ers,unscheduled_sports,unscheduled_sports_signing,2026-07-24T20:34:00Z,live,active,binary,,Milwaukee,,,2026-06-14T08:00:00Z,2029-07-30T14:00:00Z,live,47
KXNBA-27-MIA,KXNBA,lebron_to_76ers,unscheduled_sports,unscheduled_sports_signing,2026-07-24T20:34:00Z,live,active,binary,,Miami,,,2026-06-14T08:00:00Z,2029-07-30T14:00:00Z,live,50
KXNBA-27-MEM,KXNBA,lebron_to_76ers,unscheduled_sports,unscheduled_sports_signing,2026-07-24T20:34:00Z,live,active,binary,,Memphis,,,2026-06-14T08:00:00Z,2029-07-30T14:00:00Z,live,47
KXNBA-27-LAL,KXNBA,lebron_to_76ers,unscheduled_sports,unscheduled_sports_signing,2026-07-24T20:34:00Z,live,active,binary,,Los Angeles L,,,2026-06-14T08:00:00Z,2029-07-30T14:00:00Z,live,50
KXNBA-27-LAC,KXNBA,lebron_to_76ers,unscheduled_sports,unscheduled_sports_signing,2026-07-24T20:34:00Z,live,active,binary,,Los Angeles C,,,2026-06-14T08:00:00Z,2029-07-30T14:00:00Z,live,47
KXNBA-27-IND,KXNBA,lebron_to_76ers,unscheduled_sports,unscheduled_sports_signing,2026-07-24T20:34:00Z,live,active,binary,,Indiana,,,2026-06-14T08:00:00Z,2029-07-30T14:00:00Z,live,50
KXNBA-27-HOU,KXNBA,lebron_to_76ers,unscheduled_sports,unscheduled_sports_signing,2026-07-24T20:34:00Z,live,active,binary,,Houston,,,2026-06-14T08:00:00Z,2029-07-30T14:00:00Z,live,50
KXNBA-27-GSW,KXNBA,lebron_to_76ers,unscheduled_sports,unscheduled_sports_signing,2026-07-24T20:34:00Z,live,active,binary,,Golden State,,,2026-06-14T08:00:00Z,2029-07-30T14:00:00Z,live,50
KXNBA-27-DET,KXNBA,lebron_to_76ers,unscheduled_sports,unscheduled_sports_signing,2026-07-24T20:34:00Z,live,active,binary,,Detroit,,,2026-06-14T08:00:00Z,2029-07-30T14:00:00Z,live,50
KXNBA-27-DEN,KXNBA,lebron_to_76ers,unscheduled_sports,unscheduled_sports_signing,2026-07-24T20:34:00Z,live,active,binary,,Denver,,,2026-06-14T08:00:00Z,2029-07-30T14:00:00Z,live,50
KXNBA-27-DAL,KXNBA,lebron_to_76ers,unscheduled_sports,unscheduled_sports_signing,2026-07-24T20:34:00Z,live,active,binary,,Dallas,,,2026-06-14T08:00:00Z,2029-07-30T14:00:00Z,live,50
KXNBA-27-CLE,KXNBA,lebron_to_76ers,unscheduled_sports,unscheduled_sports_signing,2026-07-24T20:34:00Z,live,active,binary,,Cleveland,,,2026-06-14T08:00:00Z,2029-07-30T14:00:00Z,live,50
KXNBA-27-CHI,KXNBA,lebron_to_76ers,unscheduled_sports,unscheduled_sports_signing,2026-07-24T20:34:00Z,live,active,binary,,Chicago,,,2026-06-14T08:00:00Z,2029-07-30T14:00:00Z,live,50
KXNBA-27-CHA,KXNBA,lebron_to_76ers,unscheduled_sports,unscheduled_sports_signing,2026-07-24T20:34:00Z,live,active,binary,,Charlotte,,,2026-06-14T08:00:00Z,2029-07-30T14:00:00Z,live,50
KXNBA-27-BOS,KXNBA,lebron_to_76ers,unscheduled_sports,unscheduled_sports_signing,2026-07-24T20:34:00Z,live,active,binary,,Boston,,,2026-06-14T08:00:00Z,2029-07-30T14:00:00Z,live,50
KXNBA-27-BKN,KXNBA,lebron_to_76ers,unscheduled_sports,unscheduled_sports_signing,2026-07-24T20:34:00Z,live,active,binary,,Brooklyn,,,2026-06-14T08:00:00Z,2029-07-30T14:00:00Z,live,48
KXNBA-27-ATL,KXNBA,lebron_to_76ers,unscheduled_sports,unscheduled_sports_signing,2026-07-24T20:34:00Z,live,active,binary,Atlanta,Atlanta,,,2026-06-14T08:00:00Z,2029-07-30T14:00:00Z,live,50
KXNBA-26-SAS,KXNBA,lebron_to_76ers,unscheduled_sports,unscheduled_sports_signing,2026-07-24T20:34:00Z,historical,finalized,binary,,San Antonio,,,2025-07-12T14:00:00Z,2026-06-14T03:32:24Z,historical,5
KXNBA-26-NYK,KXNBA,lebron_to_76ers,unscheduled_sports,unscheduled_sports_signing,2026-07-24T20:34:00Z,historical,finalized,binary,,New York,,,2025-07-12T14:00:00Z,2026-06-14T03:32:24Z,historical,5
KXSB-27-WAS,KXSB,von_miller_to_cowboys,unscheduled_sports,unscheduled_sports_signing,2026-08-17T01:10:00Z,live,active,binary,,Washington,,,2026-02-08T20:00:00Z,2029-02-13T23:30:00Z,live,55
KXSB-27-TEN,KXSB,von_miller_to_cowboys,unscheduled_sports,unscheduled_sports_signing,2026-08-17T01:10:00Z,live,active,binary,,Tennessee,,,2026-02-08T20:00:00Z,2029-02-13T23:30:00Z,live,55
KXSB-27-TB,KXSB,von_miller_to_cowboys,unscheduled_sports,unscheduled_sports_signing,2026-08-17T01:10:00Z,live,active,binary,,Tampa Bay,,,2026-02-08T20:00:00Z,2029-02-13T23:30:00Z,live,55
KXSB-27-SF,KXSB,von_miller_to_cowboys,unscheduled_sports,unscheduled_sports_signing,2026-08-17T01:10:00Z,live,active,binary,,San Francisco,,,2026-02-08T20:00:00Z,2029-02-13T23:30:00Z,live,55
KXSB-27-SEA,KXSB,von_miller_to_cowboys,unscheduled_sports,unscheduled_sports_signing,2026-08-17T01:10:00Z,live,active,binary,,Seattle,,,2026-02-08T20:00:00Z,2029-02-13T23:30:00Z,live,55
KXSB-27-PIT,KXSB,von_miller_to_cowboys,unscheduled_sports,unscheduled_sports_signing,2026-08-17T01:10:00Z,live,active,binary,,Pittsburgh,,,2026-02-08T20:00:00Z,2029-02-13T23:30:00Z,live,55
KXSB-27-PHI,KXSB,von_miller_to_cowboys,unscheduled_sports,unscheduled_sports_signing,2026-08-17T01:10:00Z,live,active,binary,,Philadelphia,,,2026-02-08T20:00:00Z,2029-02-13T23:30:00Z,live,55
KXSB-27-NYJ,KXSB,von_miller_to_cowboys,unscheduled_sports,unscheduled_sports_signing,2026-08-17T01:10:00Z,live,active,binary,,New York J,,,2026-02-08T20:00:00Z,2029-02-13T23:30:00Z,live,55
KXSB-27-NYG,KXSB,von_miller_to_cowboys,unscheduled_sports,unscheduled_sports_signing,2026-08-17T01:10:00Z,live,active,binary,,New York G,,,2026-02-08T20:00:00Z,2029-02-13T23:30:00Z,live,55
KXSB-27-NO,KXSB,von_miller_to_cowboys,unscheduled_sports,unscheduled_sports_signing,2026-08-17T01:10:00Z,live,active,binary,,New Orleans,,,2026-02-08T20:00:00Z,2029-02-13T23:30:00Z,live,55
KXSB-27-NE,KXSB,von_miller_to_cowboys,unscheduled_sports,unscheduled_sports_signing,2026-08-17T01:10:00Z,live,active,binary,,New England,,,2026-02-08T20:00:00Z,2029-02-13T23:30:00Z,live,55
KXSB-27-MIN,KXSB,von_miller_to_cowboys,unscheduled_sports,unscheduled_sports_signing,2026-08-17T01:10:00Z,live,active,binary,,Minnesota,,,2026-02-08T20:00:00Z,2029-02-13T23:30:00Z,live,55
KXSB-27-MIA,KXSB,von_miller_to_cowboys,unscheduled_sports,unscheduled_sports_signing,2026-08-17T01:10:00Z,live,active,binary,,Miami,,,2026-02-08T20:00:00Z,2029-02-13T23:30:00Z,live,55
KXSB-27-LV,KXSB,von_miller_to_cowboys,unscheduled_sports,unscheduled_sports_signing,2026-08-17T01:10:00Z,live,active,binary,,Las Vegas,,,2026-02-08T20:00:00Z,2029-02-13T23:30:00Z,live,55
KXSB-27-LAR,KXSB,von_miller_to_cowboys,unscheduled_sports,unscheduled_sports_signing,2026-08-17T01:10:00Z,live,active,binary,,Los Angeles R,,,2026-02-08T20:00:00Z,2029-02-13T23:30:00Z,live,55
KXSB-27-LAC,KXSB,von_miller_to_cowboys,unscheduled_sports,unscheduled_sports_signing,2026-08-17T01:10:00Z,live,active,binary,,Los Angeles C,,,2026-02-08T20:00:00Z,2029-02-13T23:30:00Z,live,55
KXSB-27-KC,KXSB,von_miller_to_cowboys,unscheduled_sports,unscheduled_sports_signing,2026-08-17T01:10:00Z,live,active,binary,,Kansas City,,,2026-02-08T20:00:00Z,2029-02-13T23:30:00Z,live,55
KXSB-27-JAC,KXSB,von_miller_to_cowboys,unscheduled_sports,unscheduled_sports_signing,2026-08-17T01:10:00Z,live,active,binary,,Jacksonville,,,2026-02-08T20:00:00Z,2029-02-13T23:30:00Z,live,55
KXSB-27-IND,KXSB,von_miller_to_cowboys,unscheduled_sports,unscheduled_sports_signing,2026-08-17T01:10:00Z,live,active,binary,,Indianapolis,,,2026-02-08T20:00:00Z,2029-02-13T23:30:00Z,live,55
KXSB-27-HOU,KXSB,von_miller_to_cowboys,unscheduled_sports,unscheduled_sports_signing,2026-08-17T01:10:00Z,live,active,binary,,Houston,,,2026-02-08T20:00:00Z,2029-02-13T23:30:00Z,live,55
KXSB-27-GB,KXSB,von_miller_to_cowboys,unscheduled_sports,unscheduled_sports_signing,2026-08-17T01:10:00Z,live,active,binary,,Green Bay,,,2026-02-08T20:00:00Z,2029-02-13T23:30:00Z,live,55
KXSB-27-DET,KXSB,von_miller_to_cowboys,unscheduled_sports,unscheduled_sports_signing,2026-08-17T01:10:00Z,live,active,binary,,Detroit,,,2026-02-08T20:00:00Z,2029-02-13T23:30:00Z,live,55
KXSB-27-DEN,KXSB,von_miller_to_cowboys,unscheduled_sports,unscheduled_sports_signing,2026-08-17T01:10:00Z,live,active,binary,,Denver,,,2026-02-08T20:00:00Z,2029-02-13T23:30:00Z,live,55
KXSB-27-DAL,KXSB,von_miller_to_cowboys,unscheduled_sports,unscheduled_sports_signing,2026-08-17T01:10:00Z,live,active,binary,,Dallas,,,2026-02-08T20:00:00Z,2029-02-13T23:30:00Z,live,55
KXSB-27-CLE,KXSB,von_miller_to_cowboys,unscheduled_sports,unscheduled_sports_signing,2026-08-17T01:10:00Z,live,active,binary,,Cleveland,,,2026-02-08T20:00:00Z,2029-02-13T23:30:00Z,live,55
KXSB-27-CIN,KXSB,von_miller_to_cowboys,unscheduled_sports,unscheduled_sports_signing,2026-08-17T01:10:00Z,live,active,binary,,Cincinnati,,,2026-02-08T20:00:00Z,2029-02-13T23:30:00Z,live,55
KXSB-27-CHI,KXSB,von_miller_to_cowboys,unscheduled_sports,unscheduled_sports_signing,2026-08-17T01:10:00Z,live,active,binary,,Chicago,,,2026-02-08T20:00:00Z,2029-02-13T23:30:00Z,live,55
KXSB-27-CAR,KXSB,von_miller_to_cowboys,unscheduled_sports,unscheduled_sports_signing,2026-08-17T01:10:00Z,live,active,binary,,Carolina,,,2026-02-08T20:00:00Z,2029-02-13T23:30:00Z,live,55
KXSB-27-BUF,KXSB,von_miller_to_cowboys,unscheduled_sports,unscheduled_sports_signing,2026-08-17T01:10:00Z,live,active,binary,,Buffalo,,,2026-02-08T20:00:00Z,2029-02-13T23:30:00Z,live,55
KXSB-27-BAL,KXSB,von_miller_to_cowboys,unscheduled_sports,unscheduled_sports_signing,2026-08-17T01:10:00Z,live,active,binary,,Baltimore,,,2026-02-08T20:00:00Z,2029-02-13T23:30:00Z,live,55
KXSB-27-ATL,KXSB,von_miller_to_cowboys,unscheduled_sports,unscheduled_sports_signing,2026-08-17T01:10:00Z,live,active,binary,,Atlanta,,,2026-02-08T20:00:00Z,2029-02-13T23:30:00Z,live,55
KXSB-27-ARI,KXSB,von_miller_to_cowboys,unscheduled_sports,unscheduled_sports_signing,2026-08-17T01:10:00Z,live,active,binary,Arizona,Arizona,,,2026-02-08T20:00:00Z,2029-02-13T23:30:00Z,live,54
KXNBA-27-WAS,KXNBA,neemias_queta_extension,unscheduled_sports,unscheduled_sports_extension,2026-07-03T13:53:00Z,live,active,binary,,Washington,,,2026-06-14T08:00:00Z,2029-07-30T14:00:00Z,live,29
KXNBA-27-UTA,KXNBA,neemias_queta_extension,unscheduled_sports,unscheduled_sports_extension,2026-07-03T13:53:00Z,live,active,binary,,Utah,,,2026-06-14T08:00:00Z,2029-07-30T14:00:00Z,live,29
KXNBA-27-TOR,KXNBA,neemias_queta_extension,unscheduled_sports,unscheduled_sports_extension,2026-07-03T13:53:00Z,live,active,binary,,Toronto,,,2026-06-14T08:00:00Z,2029-07-30T14:00:00Z,live,29
KXNBA-27-SAS,KXNBA,neemias_queta_extension,unscheduled_sports,unscheduled_sports_extension,2026-07-03T13:53:00Z,live,active,binary,,San Antonio,,,2026-06-14T08:00:00Z,2029-07-30T14:00:00Z,live,29
KXNBA-27-SAC,KXNBA,neemias_queta_extension,unscheduled_sports,unscheduled_sports_extension,2026-07-03T13:53:00Z,live,active,binary,,Sacramento,,,2026-06-14T08:00:00Z,2029-07-30T14:00:00Z,live,28
KXNBA-27-POR,KXNBA,neemias_queta_extension,unscheduled_sports,unscheduled_sports_extension,2026-07-03T13:53:00Z,live,active,binary,,Portland,,,2026-06-14T08:00:00Z,2029-07-30T14:00:00Z,live,29
KXNBA-27-PHX,KXNBA,neemias_queta_extension,unscheduled_sports,unscheduled_sports_extension,2026-07-03T13:53:00Z,live,active,binary,,Phoenix,,,2026-06-14T08:00:00Z,2029-07-30T14:00:00Z,live,28
KXNBA-27-PHI,KXNBA,neemias_queta_extension,unscheduled_sports,unscheduled_sports_extension,2026-07-03T13:53:00Z,live,active,binary,,Philadelphia,,,2026-06-14T08:00:00Z,2029-07-30T14:00:00Z,live,29
KXNBA-27-ORL,KXNBA,neemias_queta_extension,unscheduled_sports,unscheduled_sports_extension,2026-07-03T13:53:00Z,live,active,binary,,Orlando,,,2026-06-14T08:00:00Z,2029-07-30T14:00:00Z,live,29
KXNBA-27-OKC,KXNBA,neemias_queta_extension,unscheduled_sports,unscheduled_sports_extension,2026-07-03T13:53:00Z,live,active,binary,,Oklahoma City,,,2026-06-14T08:00:00Z,2029-07-30T14:00:00Z,live,29
KXNBA-27-NYK,KXNBA,neemias_queta_extension,unscheduled_sports,unscheduled_sports_extension,2026-07-03T13:53:00Z,live,active,binary,,New York,,,2026-06-14T08:00:00Z,2029-07-30T14:00:00Z,live,29
KXNBA-27-NOP,KXNBA,neemias_queta_extension,unscheduled_sports,unscheduled_sports_extension,2026-07-03T13:53:00Z,live,active,binary,,New Orleans,,,2026-06-14T08:00:00Z,2029-07-30T14:00:00Z,live,24
KXNBA-27-MIN,KXNBA,neemias_queta_extension,unscheduled_sports,unscheduled_sports_extension,2026-07-03T13:53:00Z,live,active,binary,,Minnesota,,,2026-06-14T08:00:00Z,2029-07-30T14:00:00Z,live,29
KXNBA-27-MIL,KXNBA,neemias_queta_extension,unscheduled_sports,unscheduled_sports_extension,2026-07-03T13:53:00Z,live,active,binary,,Milwaukee,,,2026-06-14T08:00:00Z,2029-07-30T14:00:00Z,live,27
KXNBA-27-MIA,KXNBA,neemias_queta_extension,unscheduled_sports,unscheduled_sports_extension,2026-07-03T13:53:00Z,live,active,binary,,Miami,,,2026-06-14T08:00:00Z,2029-07-30T14:00:00Z,live,29
KXNBA-27-MEM,KXNBA,neemias_queta_extension,unscheduled_sports,unscheduled_sports_extension,2026-07-03T13:53:00Z,live,active,binary,,Memphis,,,2026-06-14T08:00:00Z,2029-07-30T14:00:00Z,live,27
KXNBA-27-LAL,KXNBA,neemias_queta_extension,unscheduled_sports,unscheduled_sports_extension,2026-07-03T13:53:00Z,live,active,binary,,Los Angeles L,,,2026-06-14T08:00:00Z,2029-07-30T14:00:00Z,live,29
KXNBA-27-LAC,KXNBA,neemias_queta_extension,unscheduled_sports,unscheduled_sports_extension,2026-07-03T13:53:00Z,live,active,binary,,Los Angeles C,,,2026-06-14T08:00:00Z,2029-07-30T14:00:00Z,live,27
KXNBA-27-IND,KXNBA,neemias_queta_extension,unscheduled_sports,unscheduled_sports_extension,2026-07-03T13:53:00Z,live,active,binary,,Indiana,,,2026-06-14T08:00:00Z,2029-07-30T14:00:00Z,live,29
KXNBA-27-HOU,KXNBA,neemias_queta_extension,unscheduled_sports,unscheduled_sports_extension,2026-07-03T13:53:00Z,live,active,binary,,Houston,,,2026-06-14T08:00:00Z,2029-07-30T14:00:00Z,live,29
KXNBA-27-GSW,KXNBA,neemias_queta_extension,unscheduled_sports,unscheduled_sports_extension,2026-07-03T13:53:00Z,live,active,binary,,Golden State,,,2026-06-14T08:00:00Z,2029-07-30T14:00:00Z,live,29
KXNBA-27-DET,KXNBA,neemias_queta_extension,unscheduled_sports,unscheduled_sports_extension,2026-07-03T13:53:00Z,live,active,binary,,Detroit,,,2026-06-14T08:00:00Z,2029-07-30T14:00:00Z,live,29
KXNBA-27-DEN,KXNBA,neemias_queta_extension,unscheduled_sports,unscheduled_sports_extension,2026-07-03T13:53:00Z,live,active,binary,,Denver,,,2026-06-14T08:00:00Z,2029-07-30T14:00:00Z,live,29
KXNBA-27-DAL,KXNBA,neemias_queta_extension,unscheduled_sports,unscheduled_sports_extension,2026-07-03T13:53:00Z,live,active,binary,,Dallas,,,2026-06-14T08:00:00Z,2029-07-30T14:00:00Z,live,29
KXNBA-27-CLE,KXNBA,neemias_queta_extension,unscheduled_sports,unscheduled_sports_extension,2026-07-03T13:53:00Z,live,active,binary,,Cleveland,,,2026-06-14T08:00:00Z,2029-07-30T14:00:00Z,live,29
KXNBA-27-CHI,KXNBA,neemias_queta_extension,unscheduled_sports,unscheduled_sports_extension,2026-07-03T13:53:00Z,live,active,binary,,Chicago,,,2026-06-14T08:00:00Z,2029-07-30T14:00:00Z,live,29
KXNBA-27-CHA,KXNBA,neemias_queta_extension,unscheduled_sports,unscheduled_sports_extension,2026-07-03T13:53:00Z,live,active,binary,,Charlotte,,,2026-06-14T08:00:00Z,2029-07-30T14:00:00Z,live,29
KXNBA-27-BOS,KXNBA,neemias_queta_extension,unscheduled_sports,unscheduled_sports_extension,2026-07-03T13:53:00Z,live,active,binary,,Boston,,,2026-06-14T08:00:00Z,2029-07-30T14:00:00Z,live,29
KXNBA-27-BKN,KXNBA,neemias_queta_extension,unscheduled_sports,unscheduled_sports_extension,2026-07-03T13:53:00Z,live,active,binary,,Brooklyn,,,2026-06-14T08:00:00Z,2029-07-30T14:00:00Z,live,27
KXNBA-27-ATL,KXNBA,neemias_queta_extension,unscheduled_sports,unscheduled_sports_extension,2026-07-03T13:53:00Z,live,active,binary,Atlanta,Atlanta,,,2026-06-14T08:00:00Z,2029-07-30T14:00:00Z,live,29
KXNBA-26-SAS,KXNBA,neemias_queta_extension,unscheduled_sports,unscheduled_sports_extension,2026-07-03T13:53:00Z,historical,finalized,binary,,San Antonio,,,2025-07-12T14:00:00Z,2026-06-14T03:32:24Z,historical,26
KXNBA-26-OKC,KXNBA,neemias_queta_extension,unscheduled_sports,unscheduled_sports_extension,2026-07-03T13:53:00Z,historical,finalized,binary,Oklahoma City,Oklahoma City,,,2025-07-12T14:00:00Z,2026-05-31T02:50:41Z,historical,12
KXNBA-26-NYK,KXNBA,neemias_queta_extension,unscheduled_sports,unscheduled_sports_extension,2026-07-03T13:53:00Z,historical,finalized,binary,,New York,,,2025-07-12T14:00:00Z,2026-06-14T03:32:24Z,historical,26
KXNBA-26-CLE,KXNBA,neemias_queta_extension,unscheduled_sports,unscheduled_sports_extension,2026-07-03T13:53:00Z,historical,finalized,binary,,Cleveland,,,2025-07-12T14:00:00Z,2026-05-26T02:32:20Z,historical,7
KXNBA-27-WAS,KXNBA,donovan_mitchell_extension,unscheduled_sports,unscheduled_sports_extension,2026-07-07T10:01:00Z,live,active,binary,,Washington,,,2026-06-14T08:00:00Z,2029-07-30T14:00:00Z,live,33
KXNBA-27-UTA,KXNBA,donovan_mitchell_extension,unscheduled_sports,unscheduled_sports_extension,2026-07-07T10:01:00Z,live,active,binary,,Utah,,,2026-06-14T08:00:00Z,2029-07-30T14:00:00Z,live,33
KXNBA-27-TOR,KXNBA,donovan_mitchell_extension,unscheduled_sports,unscheduled_sports_extension,2026-07-07T10:01:00Z,live,active,binary,,Toronto,,,2026-06-14T08:00:00Z,2029-07-30T14:00:00Z,live,33
KXNBA-27-SAS,KXNBA,donovan_mitchell_extension,unscheduled_sports,unscheduled_sports_extension,2026-07-07T10:01:00Z,live,active,binary,,San Antonio,,,2026-06-14T08:00:00Z,2029-07-30T14:00:00Z,live,33
KXNBA-27-SAC,KXNBA,donovan_mitchell_extension,unscheduled_sports,unscheduled_sports_extension,2026-07-07T10:01:00Z,live,active,binary,,Sacramento,,,2026-06-14T08:00:00Z,2029-07-30T14:00:00Z,live,32
KXNBA-27-POR,KXNBA,donovan_mitchell_extension,unscheduled_sports,unscheduled_sports_extension,2026-07-07T10:01:00Z,live,active,binary,,Portland,,,2026-06-14T08:00:00Z,2029-07-30T14:00:00Z,live,33
KXNBA-27-PHX,KXNBA,donovan_mitchell_extension,unscheduled_sports,unscheduled_sports_extension,2026-07-07T10:01:00Z,live,active,binary,,Phoenix,,,2026-06-14T08:00:00Z,2029-07-30T14:00:00Z,live,32
KXNBA-27-PHI,KXNBA,donovan_mitchell_extension,unscheduled_sports,unscheduled_sports_extension,2026-07-07T10:01:00Z,live,active,binary,,Philadelphia,,,2026-06-14T08:00:00Z,2029-07-30T14:00:00Z,live,33
KXNBA-27-ORL,KXNBA,donovan_mitchell_extension,unscheduled_sports,unscheduled_sports_extension,2026-07-07T10:01:00Z,live,active,binary,,Orlando,,,2026-06-14T08:00:00Z,2029-07-30T14:00:00Z,live,33
KXNBA-27-OKC,KXNBA,donovan_mitchell_extension,unscheduled_sports,unscheduled_sports_extension,2026-07-07T10:01:00Z,live,active,binary,,Oklahoma City,,,2026-06-14T08:00:00Z,2029-07-30T14:00:00Z,live,33
KXNBA-27-NYK,KXNBA,donovan_mitchell_extension,unscheduled_sports,unscheduled_sports_extension,2026-07-07T10:01:00Z,live,active,binary,,New York,,,2026-06-14T08:00:00Z,2029-07-30T14:00:00Z,live,33
KXNBA-27-NOP,KXNBA,donovan_mitchell_extension,unscheduled_sports,unscheduled_sports_extension,2026-07-07T10:01:00Z,live,active,binary,,New Orleans,,,2026-06-14T08:00:00Z,2029-07-30T14:00:00Z,live,27
KXNBA-27-MIN,KXNBA,donovan_mitchell_extension,unscheduled_sports,unscheduled_sports_extension,2026-07-07T10:01:00Z,live,active,binary,,Minnesota,,,2026-06-14T08:00:00Z,2029-07-30T14:00:00Z,live,33
KXNBA-27-MIL,KXNBA,donovan_mitchell_extension,unscheduled_sports,unscheduled_sports_extension,2026-07-07T10:01:00Z,live,active,binary,,Milwaukee,,,2026-06-14T08:00:00Z,2029-07-30T14:00:00Z,live,30
KXNBA-27-MIA,KXNBA,donovan_mitchell_extension,unscheduled_sports,unscheduled_sports_extension,2026-07-07T10:01:00Z,live,active,binary,,Miami,,,2026-06-14T08:00:00Z,2029-07-30T14:00:00Z,live,33
KXNBA-27-MEM,KXNBA,donovan_mitchell_extension,unscheduled_sports,unscheduled_sports_extension,2026-07-07T10:01:00Z,live,active,binary,,Memphis,,,2026-06-14T08:00:00Z,2029-07-30T14:00:00Z,live,30
KXNBA-27-LAL,KXNBA,donovan_mitchell_extension,unscheduled_sports,unscheduled_sports_extension,2026-07-07T10:01:00Z,live,active,binary,,Los Angeles L,,,2026-06-14T08:00:00Z,2029-07-30T14:00:00Z,live,33
KXNBA-27-LAC,KXNBA,donovan_mitchell_extension,unscheduled_sports,unscheduled_sports_extension,2026-07-07T10:01:00Z,live,active,binary,,Los Angeles C,,,2026-06-14T08:00:00Z,2029-07-30T14:00:00Z,live,30
KXNBA-27-IND,KXNBA,donovan_mitchell_extension,unscheduled_sports,unscheduled_sports_extension,2026-07-07T10:01:00Z,live,active,binary,,Indiana,,,2026-06-14T08:00:00Z,2029-07-30T14:00:00Z,live,33
KXNBA-27-HOU,KXNBA,donovan_mitchell_extension,unscheduled_sports,unscheduled_sports_extension,2026-07-07T10:01:00Z,live,active,binary,,Houston,,,2026-06-14T08:00:00Z,2029-07-30T14:00:00Z,live,33
KXNBA-27-GSW,KXNBA,donovan_mitchell_extension,unscheduled_sports,unscheduled_sports_extension,2026-07-07T10:01:00Z,live,active,binary,,Golden State,,,2026-06-14T08:00:00Z,2029-07-30T14:00:00Z,live,33
KXNBA-27-DET,KXNBA,donovan_mitchell_extension,unscheduled_sports,unscheduled_sports_extension,2026-07-07T10:01:00Z,live,active,binary,,Detroit,,,2026-06-14T08:00:00Z,2029-07-30T14:00:00Z,live,33
KXNBA-27-DEN,KXNBA,donovan_mitchell_extension,unscheduled_sports,unscheduled_sports_extension,2026-07-07T10:01:00Z,live,active,binary,,Denver,,,2026-06-14T08:00:00Z,2029-07-30T14:00:00Z,live,33
KXNBA-27-DAL,KXNBA,donovan_mitchell_extension,unscheduled_sports,unscheduled_sports_extension,2026-07-07T10:01:00Z,live,active,binary,,Dallas,,,2026-06-14T08:00:00Z,2029-07-30T14:00:00Z,live,33
KXNBA-27-CLE,KXNBA,donovan_mitchell_extension,unscheduled_sports,unscheduled_sports_extension,2026-07-07T10:01:00Z,live,active,binary,,Cleveland,,,2026-06-14T08:00:00Z,2029-07-30T14:00:00Z,live,33
KXNBA-27-CHI,KXNBA,donovan_mitchell_extension,unscheduled_sports,unscheduled_sports_extension,2026-07-07T10:01:00Z,live,active,binary,,Chicago,,,2026-06-14T08:00:00Z,2029-07-30T14:00:00Z,live,33
KXNBA-27-CHA,KXNBA,donovan_mitchell_extension,unscheduled_sports,unscheduled_sports_extension,2026-07-07T10:01:00Z,live,active,binary,,Charlotte,,,2026-06-14T08:00:00Z,2029-07-30T14:00:00Z,live,33
KXNBA-27-BOS,KXNBA,donovan_mitchell_extension,unscheduled_sports,unscheduled_sports_extension,2026-07-07T10:01:00Z,live,active,binary,,Boston,,,2026-06-14T08:00:00Z,2029-07-30T14:00:00Z,live,33
KXNBA-27-BKN,KXNBA,donovan_mitchell_extension,unscheduled_sports,unscheduled_sports_extension,2026-07-07T10:01:00Z,live,active,binary,,Brooklyn,,,2026-06-14T08:00:00Z,2029-07-30T14:00:00Z,live,31
KXNBA-27-ATL,KXNBA,donovan_mitchell_extension,unscheduled_sports,unscheduled_sports_extension,2026-07-07T10:01:00Z,live,active,binary,Atlanta,Atlanta,,,2026-06-14T08:00:00Z,2029-07-30T14:00:00Z,live,33
KXNBA-26-SAS,KXNBA,donovan_mitchell_extension,unscheduled_sports,unscheduled_sports_extension,2026-07-07T10:01:00Z,historical,finalized,binary,,San Antonio,,,2025-07-12T14:00:00Z,2026-06-14T03:32:24Z,historical,22
KXNBA-26-OKC,KXNBA,donovan_mitchell_extension,unscheduled_sports,unscheduled_sports_extension,2026-07-07T10:01:00Z,historical,finalized,binary,Oklahoma City,Oklahoma City,,,2025-07-12T14:00:00Z,2026-05-31T02:50:41Z,historical,8
KXNBA-26-NYK,KXNBA,donovan_mitchell_extension,unscheduled_sports,unscheduled_sports_extension,2026-07-07T10:01:00Z,historical,finalized,binary,,New York,,,2025-07-12T14:00:00Z,2026-06-14T03:32:24Z,historical,22
KXNBA-26-CLE,KXNBA,donovan_mitchell_extension,unscheduled_sports,unscheduled_sports_extension,2026-07-07T10:01:00Z,historical,finalized,binary,,Cleveland,,,2025-07-12T14:00:00Z,2026-05-26T02:32:20Z,historical,3
KXNBA-27-WAS,KXNBA,jordan_walsh_extension,unscheduled_sports,unscheduled_sports_extension,2026-07-23T12:27:00Z,live,active,binary,,Washington,,,2026-06-14T08:00:00Z,2029-07-30T14:00:00Z,live,49
KXNBA-27-UTA,KXNBA,jordan_walsh_extension,unscheduled_sports,unscheduled_sports_extension,2026-07-23T12:27:00Z,live,active,binary,,Utah,,,2026-06-14T08:00:00Z,2029-07-30T14:00:00Z,live,49
KXNBA-27-TOR,KXNBA,jordan_walsh_extension,unscheduled_sports,unscheduled_sports_extension,2026-07-23T12:27:00Z,live,active,binary,,Toronto,,,2026-06-14T08:00:00Z,2029-07-30T14:00:00Z,live,49
KXNBA-27-SAS,KXNBA,jordan_walsh_extension,unscheduled_sports,unscheduled_sports_extension,2026-07-23T12:27:00Z,live,active,binary,,San Antonio,,,2026-06-14T08:00:00Z,2029-07-30T14:00:00Z,live,49
KXNBA-27-SAC,KXNBA,jordan_walsh_extension,unscheduled_sports,unscheduled_sports_extension,2026-07-23T12:27:00Z,live,active,binary,,Sacramento,,,2026-06-14T08:00:00Z,2029-07-30T14:00:00Z,live,48
KXNBA-27-POR,KXNBA,jordan_walsh_extension,unscheduled_sports,unscheduled_sports_extension,2026-07-23T12:27:00Z,live,active,binary,,Portland,,,2026-06-14T08:00:00Z,2029-07-30T14:00:00Z,live,49
KXNBA-27-PHX,KXNBA,jordan_walsh_extension,unscheduled_sports,unscheduled_sports_extension,2026-07-23T12:27:00Z,live,active,binary,,Phoenix,,,2026-06-14T08:00:00Z,2029-07-30T14:00:00Z,live,48
KXNBA-27-PHI,KXNBA,jordan_walsh_extension,unscheduled_sports,unscheduled_sports_extension,2026-07-23T12:27:00Z,live,active,binary,,Philadelphia,,,2026-06-14T08:00:00Z,2029-07-30T14:00:00Z,live,49
KXNBA-27-ORL,KXNBA,jordan_walsh_extension,unscheduled_sports,unscheduled_sports_extension,2026-07-23T12:27:00Z,live,active,binary,,Orlando,,,2026-06-14T08:00:00Z,2029-07-30T14:00:00Z,live,49
KXNBA-27-OKC,KXNBA,jordan_walsh_extension,unscheduled_sports,unscheduled_sports_extension,2026-07-23T12:27:00Z,live,active,binary,,Oklahoma City,,,2026-06-14T08:00:00Z,2029-07-30T14:00:00Z,live,49
KXNBA-27-NYK,KXNBA,jordan_walsh_extension,unscheduled_sports,unscheduled_sports_extension,2026-07-23T12:27:00Z,live,active,binary,,New York,,,2026-06-14T08:00:00Z,2029-07-30T14:00:00Z,live,49
KXNBA-27-NOP,KXNBA,jordan_walsh_extension,unscheduled_sports,unscheduled_sports_extension,2026-07-23T12:27:00Z,live,active,binary,,New Orleans,,,2026-06-14T08:00:00Z,2029-07-30T14:00:00Z,live,42
KXNBA-27-MIN,KXNBA,jordan_walsh_extension,unscheduled_sports,unscheduled_sports_extension,2026-07-23T12:27:00Z,live,active,binary,,Minnesota,,,2026-06-14T08:00:00Z,2029-07-30T14:00:00Z,live,49
KXNBA-27-MIL,KXNBA,jordan_walsh_extension,unscheduled_sports,unscheduled_sports_extension,2026-07-23T12:27:00Z,live,active,binary,,Milwaukee,,,2026-06-14T08:00:00Z,2029-07-30T14:00:00Z,live,46
KXNBA-27-MIA,KXNBA,jordan_walsh_extension,unscheduled_sports,unscheduled_sports_extension,2026-07-23T12:27:00Z,live,active,binary,,Miami,,,2026-06-14T08:00:00Z,2029-07-30T14:00:00Z,live,49
KXNBA-27-MEM,KXNBA,jordan_walsh_extension,unscheduled_sports,unscheduled_sports_extension,2026-07-23T12:27:00Z,live,active,binary,,Memphis,,,2026-06-14T08:00:00Z,2029-07-30T14:00:00Z,live,46
KXNBA-27-LAL,KXNBA,jordan_walsh_extension,unscheduled_sports,unscheduled_sports_extension,2026-07-23T12:27:00Z,live,active,binary,,Los Angeles L,,,2026-06-14T08:00:00Z,2029-07-30T14:00:00Z,live,49
KXNBA-27-LAC,KXNBA,jordan_walsh_extension,unscheduled_sports,unscheduled_sports_extension,2026-07-23T12:27:00Z,live,active,binary,,Los Angeles C,,,2026-06-14T08:00:00Z,2029-07-30T14:00:00Z,live,46
KXNBA-27-IND,KXNBA,jordan_walsh_extension,unscheduled_sports,unscheduled_sports_extension,2026-07-23T12:27:00Z,live,active,binary,,Indiana,,,2026-06-14T08:00:00Z,2029-07-30T14:00:00Z,live,49
KXNBA-27-HOU,KXNBA,jordan_walsh_extension,unscheduled_sports,unscheduled_sports_extension,2026-07-23T12:27:00Z,live,active,binary,,Houston,,,2026-06-14T08:00:00Z,2029-07-30T14:00:00Z,live,49
KXNBA-27-GSW,KXNBA,jordan_walsh_extension,unscheduled_sports,unscheduled_sports_extension,2026-07-23T12:27:00Z,live,active,binary,,Golden State,,,2026-06-14T08:00:00Z,2029-07-30T14:00:00Z,live,49
KXNBA-27-DET,KXNBA,jordan_walsh_extension,unscheduled_sports,unscheduled_sports_extension,2026-07-23T12:27:00Z,live,active,binary,,Detroit,,,2026-06-14T08:00:00Z,2029-07-30T14:00:00Z,live,49
KXNBA-27-DEN,KXNBA,jordan_walsh_extension,unscheduled_sports,unscheduled_sports_extension,2026-07-23T12:27:00Z,live,active,binary,,Denver,,,2026-06-14T08:00:00Z,2029-07-30T14:00:00Z,live,49
KXNBA-27-DAL,KXNBA,jordan_walsh_extension,unscheduled_sports,unscheduled_sports_extension,2026-07-23T12:27:00Z,live,active,binary,,Dallas,,,2026-06-14T08:00:00Z,2029-07-30T14:00:00Z,live,49
KXNBA-27-CLE,KXNBA,jordan_walsh_extension,unscheduled_sports,unscheduled_sports_extension,2026-07-23T12:27:00Z,live,active,binary,,Cleveland,,,2026-06-14T08:00:00Z,2029-07-30T14:00:00Z,live,49
KXNBA-27-CHI,KXNBA,jordan_walsh_extension,unscheduled_sports,unscheduled_sports_extension,2026-07-23T12:27:00Z,live,active,binary,,Chicago,,,2026-06-14T08:00:00Z,2029-07-30T14:00:00Z,live,49
KXNBA-27-CHA,KXNBA,jordan_walsh_extension,unscheduled_sports,unscheduled_sports_extension,2026-07-23T12:27:00Z,live,active,binary,,Charlotte,,,2026-06-14T08:00:00Z,2029-07-30T14:00:00Z,live,49
KXNBA-27-BOS,KXNBA,jordan_walsh_extension,unscheduled_sports,unscheduled_sports_extension,2026-07-23T12:27:00Z,live,active,binary,,Boston,,,2026-06-14T08:00:00Z,2029-07-30T14:00:00Z,live,49
KXNBA-27-BKN,KXNBA,jordan_walsh_extension,unscheduled_sports,unscheduled_sports_extension,2026-07-23T12:27:00Z,live,active,binary,,Brooklyn,,,2026-06-14T08:00:00Z,2029-07-30T14:00:00Z,live,47
KXNBA-27-ATL,KXNBA,jordan_walsh_extension,unscheduled_sports,unscheduled_sports_extension,2026-07-23T12:27:00Z,live,active,binary,Atlanta,Atlanta,,,2026-06-14T08:00:00Z,2029-07-30T14:00:00Z,live,49
KXNBA-26-SAS,KXNBA,jordan_walsh_extension,unscheduled_sports,unscheduled_sports_extension,2026-07-23T12:27:00Z,historical,finalized,binary,,San Antonio,,,2025-07-12T14:00:00Z,2026-06-14T03:32:24Z,historical,6
KXNBA-26-NYK,KXNBA,jordan_walsh_extension,unscheduled_sports,unscheduled_sports_extension,2026-07-23T12:27:00Z,historical,finalized,binary,,New York,,,2025-07-12T14:00:00Z,2026-06-14T03:32:24Z,historical,6
KXSB-27-WAS,KXSB,brian_oneill_extension,unscheduled_sports,unscheduled_sports_extension,2026-07-28T14:24:00Z,live,active,binary,,Washington,,,2026-02-08T20:00:00Z,2029-02-13T23:30:00Z,live,55
KXSB-27-TEN,KXSB,brian_oneill_extension,unscheduled_sports,unscheduled_sports_extension,2026-07-28T14:24:00Z,live,active,binary,,Tennessee,,,2026-02-08T20:00:00Z,2029-02-13T23:30:00Z,live,55
KXSB-27-TB,KXSB,brian_oneill_extension,unscheduled_sports,unscheduled_sports_extension,2026-07-28T14:24:00Z,live,active,binary,,Tampa Bay,,,2026-02-08T20:00:00Z,2029-02-13T23:30:00Z,live,55
KXSB-27-SF,KXSB,brian_oneill_extension,unscheduled_sports,unscheduled_sports_extension,2026-07-28T14:24:00Z,live,active,binary,,San Francisco,,,2026-02-08T20:00:00Z,2029-02-13T23:30:00Z,live,55
KXSB-27-SEA,KXSB,brian_oneill_extension,unscheduled_sports,unscheduled_sports_extension,2026-07-28T14:24:00Z,live,active,binary,,Seattle,,,2026-02-08T20:00:00Z,2029-02-13T23:30:00Z,live,55
KXSB-27-PIT,KXSB,brian_oneill_extension,unscheduled_sports,unscheduled_sports_extension,2026-07-28T14:24:00Z,live,active,binary,,Pittsburgh,,,2026-02-08T20:00:00Z,2029-02-13T23:30:00Z,live,55
KXSB-27-PHI,KXSB,brian_oneill_extension,unscheduled_sports,unscheduled_sports_extension,2026-07-28T14:24:00Z,live,active,binary,,Philadelphia,,,2026-02-08T20:00:00Z,2029-02-13T23:30:00Z,live,55
KXSB-27-NYJ,KXSB,brian_oneill_extension,unscheduled_sports,unscheduled_sports_extension,2026-07-28T14:24:00Z,live,active,binary,,New York J,,,2026-02-08T20:00:00Z,2029-02-13T23:30:00Z,live,55
KXSB-27-NYG,KXSB,brian_oneill_extension,unscheduled_sports,unscheduled_sports_extension,2026-07-28T14:24:00Z,live,active,binary,,New York G,,,2026-02-08T20:00:00Z,2029-02-13T23:30:00Z,live,55
KXSB-27-NO,KXSB,brian_oneill_extension,unscheduled_sports,unscheduled_sports_extension,2026-07-28T14:24:00Z,live,active,binary,,New Orleans,,,2026-02-08T20:00:00Z,2029-02-13T23:30:00Z,live,55
KXSB-27-NE,KXSB,brian_oneill_extension,unscheduled_sports,unscheduled_sports_extension,2026-07-28T14:24:00Z,live,active,binary,,New England,,,2026-02-08T20:00:00Z,2029-02-13T23:30:00Z,live,55
KXSB-27-MIN,KXSB,brian_oneill_extension,unscheduled_sports,unscheduled_sports_extension,2026-07-28T14:24:00Z,live,active,binary,,Minnesota,,,2026-02-08T20:00:00Z,2029-02-13T23:30:00Z,live,55
KXSB-27-MIA,KXSB,brian_oneill_extension,unscheduled_sports,unscheduled_sports_extension,2026-07-28T14:24:00Z,live,active,binary,,Miami,,,2026-02-08T20:00:00Z,2029-02-13T23:30:00Z,live,55
KXSB-27-LV,KXSB,brian_oneill_extension,unscheduled_sports,unscheduled_sports_extension,2026-07-28T14:24:00Z,live,active,binary,,Las Vegas,,,2026-02-08T20:00:00Z,2029-02-13T23:30:00Z,live,55
KXSB-27-LAR,KXSB,brian_oneill_extension,unscheduled_sports,unscheduled_sports_extension,2026-07-28T14:24:00Z,live,active,binary,,Los Angeles R,,,2026-02-08T20:00:00Z,2029-02-13T23:30:00Z,live,55
KXSB-27-LAC,KXSB,brian_oneill_extension,unscheduled_sports,unscheduled_sports_extension,2026-07-28T14:24:00Z,live,active,binary,,Los Angeles C,,,2026-02-08T20:00:00Z,2029-02-13T23:30:00Z,live,55
KXSB-27-KC,KXSB,brian_oneill_extension,unscheduled_sports,unscheduled_sports_extension,2026-07-28T14:24:00Z,live,active,binary,,Kansas City,,,2026-02-08T20:00:00Z,2029-02-13T23:30:00Z,live,55
KXSB-27-JAC,KXSB,brian_oneill_extension,unscheduled_sports,unscheduled_sports_extension,2026-07-28T14:24:00Z,live,active,binary,,Jacksonville,,,2026-02-08T20:00:00Z,2029-02-13T23:30:00Z,live,55
KXSB-27-IND,KXSB,brian_oneill_extension,unscheduled_sports,unscheduled_sports_extension,2026-07-28T14:24:00Z,live,active,binary,,Indianapolis,,,2026-02-08T20:00:00Z,2029-02-13T23:30:00Z,live,55
KXSB-27-HOU,KXSB,brian_oneill_extension,unscheduled_sports,unscheduled_sports_extension,2026-07-28T14:24:00Z,live,active,binary,,Houston,,,2026-02-08T20:00:00Z,2029-02-13T23:30:00Z,live,55
KXSB-27-GB,KXSB,brian_oneill_extension,unscheduled_sports,unscheduled_sports_extension,2026-07-28T14:24:00Z,live,active,binary,,Green Bay,,,2026-02-08T20:00:00Z,2029-02-13T23:30:00Z,live,55
KXSB-27-DET,KXSB,brian_oneill_extension,unscheduled_sports,unscheduled_sports_extension,2026-07-28T14:24:00Z,live,active,binary,,Detroit,,,2026-02-08T20:00:00Z,2029-02-13T23:30:00Z,live,55
KXSB-27-DEN,KXSB,brian_oneill_extension,unscheduled_sports,unscheduled_sports_extension,2026-07-28T14:24:00Z,live,active,binary,,Denver,,,2026-02-08T20:00:00Z,2029-02-13T23:30:00Z,live,55
KXSB-27-DAL,KXSB,brian_oneill_extension,unscheduled_sports,unscheduled_sports_extension,2026-07-28T14:24:00Z,live,active,binary,,Dallas,,,2026-02-08T20:00:00Z,2029-02-13T23:30:00Z,live,55
KXSB-27-CLE,KXSB,brian_oneill_extension,unscheduled_sports,unscheduled_sports_extension,2026-07-28T14:24:00Z,live,active,binary,,Cleveland,,,2026-02-08T20:00:00Z,2029-02-13T23:30:00Z,live,55
KXSB-27-CIN,KXSB,brian_oneill_extension,unscheduled_sports,unscheduled_sports_extension,2026-07-28T14:24:00Z,live,active,binary,,Cincinnati,,,2026-02-08T20:00:00Z,2029-02-13T23:30:00Z,live,55
KXSB-27-CHI,KXSB,brian_oneill_extension,unscheduled_sports,unscheduled_sports_extension,2026-07-28T14:24:00Z,live,active,binary,,Chicago,,,2026-02-08T20:00:00Z,2029-02-13T23:30:00Z,live,55
KXSB-27-CAR,KXSB,brian_oneill_extension,unscheduled_sports,unscheduled_sports_extension,2026-07-28T14:24:00Z,live,active,binary,,Carolina,,,2026-02-08T20:00:00Z,2029-02-13T23:30:00Z,live,55
KXSB-27-BUF,KXSB,brian_oneill_extension,unscheduled_sports,unscheduled_sports_extension,2026-07-28T14:24:00Z,live,active,binary,,Buffalo,,,2026-02-08T20:00:00Z,2029-02-13T23:30:00Z,live,55
KXSB-27-BAL,KXSB,brian_oneill_extension,unscheduled_sports,unscheduled_sports_extension,2026-07-28T14:24:00Z,live,active,binary,,Baltimore,,,2026-02-08T20:00:00Z,2029-02-13T23:30:00Z,live,55
KXSB-27-ATL,KXSB,brian_oneill_extension,unscheduled_sports,unscheduled_sports_extension,2026-07-28T14:24:00Z,live,active,binary,,Atlanta,,,2026-02-08T20:00:00Z,2029-02-13T23:30:00Z,live,55
KXSB-27-ARI,KXSB,brian_oneill_extension,unscheduled_sports,unscheduled_sports_extension,2026-07-28T14:24:00Z,live,active,binary,Arizona,Arizona,,,2026-02-08T20:00:00Z,2029-02-13T23:30:00Z,live,53
KXSB-27-WAS,KXSB,aaron_donald_comeback,unscheduled_sports,unscheduled_sports_other,2026-08-30T17:00:00Z,live,active,binary,,Washington,,,2026-02-08T20:00:00Z,2029-02-13T23:30:00Z,live,55
KXSB-27-TEN,KXSB,aaron_donald_comeback,unscheduled_sports,unscheduled_sports_other,2026-08-30T17:00:00Z,live,active,binary,,Tennessee,,,2026-02-08T20:00:00Z,2029-02-13T23:30:00Z,live,55
KXSB-27-TB,KXSB,aaron_donald_comeback,unscheduled_sports,unscheduled_sports_other,2026-08-30T17:00:00Z,live,active,binary,,Tampa Bay,,,2026-02-08T20:00:00Z,2029-02-13T23:30:00Z,live,55
KXSB-27-SF,KXSB,aaron_donald_comeback,unscheduled_sports,unscheduled_sports_other,2026-08-30T17:00:00Z,live,active,binary,,San Francisco,,,2026-02-08T20:00:00Z,2029-02-13T23:30:00Z,live,55
KXSB-27-SEA,KXSB,aaron_donald_comeback,unscheduled_sports,unscheduled_sports_other,2026-08-30T17:00:00Z,live,active,binary,,Seattle,,,2026-02-08T20:00:00Z,2029-02-13T23:30:00Z,live,55
KXSB-27-PIT,KXSB,aaron_donald_comeback,unscheduled_sports,unscheduled_sports_other,2026-08-30T17:00:00Z,live,active,binary,,Pittsburgh,,,2026-02-08T20:00:00Z,2029-02-13T23:30:00Z,live,55
KXSB-27-PHI,KXSB,aaron_donald_comeback,unscheduled_sports,unscheduled_sports_other,2026-08-30T17:00:00Z,live,active,binary,,Philadelphia,,,2026-02-08T20:00:00Z,2029-02-13T23:30:00Z,live,55
KXSB-27-NYJ,KXSB,aaron_donald_comeback,unscheduled_sports,unscheduled_sports_other,2026-08-30T17:00:00Z,live,active,binary,,New York J,,,2026-02-08T20:00:00Z,2029-02-13T23:30:00Z,live,55
KXSB-27-NYG,KXSB,aaron_donald_comeback,unscheduled_sports,unscheduled_sports_other,2026-08-30T17:00:00Z,live,active,binary,,New York G,,,2026-02-08T20:00:00Z,2029-02-13T23:30:00Z,live,55
KXSB-27-NO,KXSB,aaron_donald_comeback,unscheduled_sports,unscheduled_sports_other,2026-08-30T17:00:00Z,live,active,binary,,New Orleans,,,2026-02-08T20:00:00Z,2029-02-13T23:30:00Z,live,55
KXSB-27-NE,KXSB,aaron_donald_comeback,unscheduled_sports,unscheduled_sports_other,2026-08-30T17:00:00Z,live,active,binary,,New England,,,2026-02-08T20:00:00Z,2029-02-13T23:30:00Z,live,55
KXSB-27-MIN,KXSB,aaron_donald_comeback,unscheduled_sports,unscheduled_sports_other,2026-08-30T17:00:00Z,live,active,binary,,Minnesota,,,2026-02-08T20:00:00Z,2029-02-13T23:30:00Z,live,55
KXSB-27-MIA,KXSB,aaron_donald_comeback,unscheduled_sports,unscheduled_sports_other,2026-08-30T17:00:00Z,live,active,binary,,Miami,,,2026-02-08T20:00:00Z,2029-02-13T23:30:00Z,live,55
KXSB-27-LV,KXSB,aaron_donald_comeback,unscheduled_sports,unscheduled_sports_other,2026-08-30T17:00:00Z,live,active,binary,,Las Vegas,,,2026-02-08T20:00:00Z,2029-02-13T23:30:00Z,live,55
KXSB-27-LAR,KXSB,aaron_donald_comeback,unscheduled_sports,unscheduled_sports_other,2026-08-30T17:00:00Z,live,active,binary,,Los Angeles R,,,2026-02-08T20:00:00Z,2029-02-13T23:30:00Z,live,55
KXSB-27-LAC,KXSB,aaron_donald_comeback,unscheduled_sports,unscheduled_sports_other,2026-08-30T17:00:00Z,live,active,binary,,Los Angeles C,,,2026-02-08T20:00:00Z,2029-02-13T23:30:00Z,live,55
KXSB-27-KC,KXSB,aaron_donald_comeback,unscheduled_sports,unscheduled_sports_other,2026-08-30T17:00:00Z,live,active,binary,,Kansas City,,,2026-02-08T20:00:00Z,2029-02-13T23:30:00Z,live,55
KXSB-27-JAC,KXSB,aaron_donald_comeback,unscheduled_sports,unscheduled_sports_other,2026-08-30T17:00:00Z,live,active,binary,,Jacksonville,,,2026-02-08T20:00:00Z,2029-02-13T23:30:00Z,live,55
KXSB-27-IND,KXSB,aaron_donald_comeback,unscheduled_sports,unscheduled_sports_other,2026-08-30T17:00:00Z,live,active,binary,,Indianapolis,,,2026-02-08T20:00:00Z,2029-02-13T23:30:00Z,live,55
KXSB-27-HOU,KXSB,aaron_donald_comeback,unscheduled_sports,unscheduled_sports_other,2026-08-30T17:00:00Z,live,active,binary,,Houston,,,2026-02-08T20:00:00Z,2029-02-13T23:30:00Z,live,55
KXSB-27-GB,KXSB,aaron_donald_comeback,unscheduled_sports,unscheduled_sports_other,2026-08-30T17:00:00Z,live,active,binary,,Green Bay,,,2026-02-08T20:00:00Z,2029-02-13T23:30:00Z,live,55
KXSB-27-DET,KXSB,aaron_donald_comeback,unscheduled_sports,unscheduled_sports_other,2026-08-30T17:00:00Z,live,active,binary,,Detroit,,,2026-02-08T20:00:00Z,2029-02-13T23:30:00Z,live,55
KXSB-27-DEN,KXSB,aaron_donald_comeback,unscheduled_sports,unscheduled_sports_other,2026-08-30T17:00:00Z,live,active,binary,,Denver,,,2026-02-08T20:00:00Z,2029-02-13T23:30:00Z,live,55
KXSB-27-DAL,KXSB,aaron_donald_comeback,unscheduled_sports,unscheduled_sports_other,2026-08-30T17:00:00Z,live,active,binary,,Dallas,,,2026-02-08T20:00:00Z,2029-02-13T23:30:00Z,live,55
KXSB-27-CLE,KXSB,aaron_donald_comeback,unscheduled_sports,unscheduled_sports_other,2026-08-30T17:00:00Z,live,active,binary,,Cleveland,,,2026-02-08T20:00:00Z,2029-02-13T23:30:00Z,live,55
KXSB-27-CIN,KXSB,aaron_donald_comeback,unscheduled_sports,unscheduled_sports_other,2026-08-30T17:00:00Z,live,active,binary,,Cincinnati,,,2026-02-08T20:00:00Z,2029-02-13T23:30:00Z,live,55
KXSB-27-CHI,KXSB,aaron_donald_comeback,unscheduled_sports,unscheduled_sports_other,2026-08-30T17:00:00Z,live,active,binary,,Chicago,,,2026-02-08T20:00:00Z,2029-02-13T23:30:00Z,live,55
KXSB-27-CAR,KXSB,aaron_donald_comeback,unscheduled_sports,unscheduled_sports_other,2026-08-30T17:00:00Z,live,active,binary,,Carolina,,,2026-02-08T20:00:00Z,2029-02-13T23:30:00Z,live,55
KXSB-27-BUF,KXSB,aaron_donald_comeback,unscheduled_sports,unscheduled_sports_other,2026-08-30T17:00:00Z,live,active,binary,,Buffalo,,,2026-02-08T20:00:00Z,2029-02-13T23:30:00Z,live,55
KXSB-27-BAL,KXSB,aaron_donald_comeback,unscheduled_sports,unscheduled_sports_other,2026-08-30T17:00:00Z,live,active,binary,,Baltimore,,,2026-02-08T20:00:00Z,2029-02-13T23:30:00Z,live,55
KXSB-27-ATL,KXSB,aaron_donald_comeback,unscheduled_sports,unscheduled_sports_other,2026-08-30T17:00:00Z,live,active,binary,,Atlanta,,,2026-02-08T20:00:00Z,2029-02-13T23:30:00Z,live,55
KXSB-27-ARI,KXSB,aaron_donald_comeback,unscheduled_sports,unscheduled_sports_other,2026-08-30T17:00:00Z,live,active,binary,Arizona,Arizona,,,2026-02-08T20:00:00Z,2029-02-13T23:30:00Z,live,54
KXNBA-27-WAS,KXNBA,nba_schedule_release,scheduled_sports,scheduled_sports,2026-08-13T19:08:00Z,live,active,binary,,Washington,,,2026-06-14T08:00:00Z,2029-07-30T14:00:00Z,live,55
KXNBA-27-UTA,KXNBA,nba_schedule_release,scheduled_sports,scheduled_sports,2026-08-13T19:08:00Z,live,active,binary,,Utah,,,2026-06-14T08:00:00Z,2029-07-30T14:00:00Z,live,55
KXNBA-27-TOR,KXNBA,nba_schedule_release,scheduled_sports,scheduled_sports,2026-08-13T19:08:00Z,live,active,binary,,Toronto,,,2026-06-14T08:00:00Z,2029-07-30T14:00:00Z,live,55
KXNBA-27-SAS,KXNBA,nba_schedule_release,scheduled_sports,scheduled_sports,2026-08-13T19:08:00Z,live,active,binary,,San Antonio,,,2026-06-14T08:00:00Z,2029-07-30T14:00:00Z,live,55
KXNBA-27-SAC,KXNBA,nba_schedule_release,scheduled_sports,scheduled_sports,2026-08-13T19:08:00Z,live,active,binary,,Sacramento,,,2026-06-14T08:00:00Z,2029-07-30T14:00:00Z,live,54
KXNBA-27-POR,KXNBA,nba_schedule_release,scheduled_sports,scheduled_sports,2026-08-13T19:08:00Z,live,active,binary,,Portland,,,2026-06-14T08:00:00Z,2029-07-30T14:00:00Z,live,55
KXNBA-27-PHX,KXNBA,nba_schedule_release,scheduled_sports,scheduled_sports,2026-08-13T19:08:00Z,live,active,binary,,Phoenix,,,2026-06-14T08:00:00Z,2029-07-30T14:00:00Z,live,55
KXNBA-27-PHI,KXNBA,nba_schedule_release,scheduled_sports,scheduled_sports,2026-08-13T19:08:00Z,live,active,binary,,Philadelphia,,,2026-06-14T08:00:00Z,2029-07-30T14:00:00Z,live,55
KXNBA-27-ORL,KXNBA,nba_schedule_release,scheduled_sports,scheduled_sports,2026-08-13T19:08:00Z,live,active,binary,,Orlando,,,2026-06-14T08:00:00Z,2029-07-30T14:00:00Z,live,54
KXNBA-27-OKC,KXNBA,nba_schedule_release,scheduled_sports,scheduled_sports,2026-08-13T19:08:00Z,live,active,binary,,Oklahoma City,,,2026-06-14T08:00:00Z,2029-07-30T14:00:00Z,live,55
KXNBA-27-NYK,KXNBA,nba_schedule_release,scheduled_sports,scheduled_sports,2026-08-13T19:08:00Z,live,active,binary,,New York,,,2026-06-14T08:00:00Z,2029-07-30T14:00:00Z,live,55
KXNBA-27-NOP,KXNBA,nba_schedule_release,scheduled_sports,scheduled_sports,2026-08-13T19:08:00Z,live,active,binary,,New Orleans,,,2026-06-14T08:00:00Z,2029-07-30T14:00:00Z,live,50
KXNBA-27-MIN,KXNBA,nba_schedule_release,scheduled_sports,scheduled_sports,2026-08-13T19:08:00Z,live,active,binary,,Minnesota,,,2026-06-14T08:00:00Z,2029-07-30T14:00:00Z,live,55
KXNBA-27-MIL,KXNBA,nba_schedule_release,scheduled_sports,scheduled_sports,2026-08-13T19:08:00Z,live,active,binary,,Milwaukee,,,2026-06-14T08:00:00Z,2029-07-30T14:00:00Z,live,52
KXNBA-27-MIA,KXNBA,nba_schedule_release,scheduled_sports,scheduled_sports,2026-08-13T19:08:00Z,live,active,binary,,Miami,,,2026-06-14T08:00:00Z,2029-07-30T14:00:00Z,live,55
KXNBA-27-MEM,KXNBA,nba_schedule_release,scheduled_sports,scheduled_sports,2026-08-13T19:08:00Z,live,active,binary,,Memphis,,,2026-06-14T08:00:00Z,2029-07-30T14:00:00Z,live,52
KXNBA-27-LAL,KXNBA,nba_schedule_release,scheduled_sports,scheduled_sports,2026-08-13T19:08:00Z,live,active,binary,,Los Angeles L,,,2026-06-14T08:00:00Z,2029-07-30T14:00:00Z,live,55
KXNBA-27-LAC,KXNBA,nba_schedule_release,scheduled_sports,scheduled_sports,2026-08-13T19:08:00Z,live,active,binary,,Los Angeles C,,,2026-06-14T08:00:00Z,2029-07-30T14:00:00Z,live,52
KXNBA-27-IND,KXNBA,nba_schedule_release,scheduled_sports,scheduled_sports,2026-08-13T19:08:00Z,live,active,binary,,Indiana,,,2026-06-14T08:00:00Z,2029-07-30T14:00:00Z,live,55
KXNBA-27-HOU,KXNBA,nba_schedule_release,scheduled_sports,scheduled_sports,2026-08-13T19:08:00Z,live,active,binary,,Houston,,,2026-06-14T08:00:00Z,2029-07-30T14:00:00Z,live,55
KXNBA-27-GSW,KXNBA,nba_schedule_release,scheduled_sports,scheduled_sports,2026-08-13T19:08:00Z,live,active,binary,,Golden State,,,2026-06-14T08:00:00Z,2029-07-30T14:00:00Z,live,55
KXNBA-27-DET,KXNBA,nba_schedule_release,scheduled_sports,scheduled_sports,2026-08-13T19:08:00Z,live,active,binary,,Detroit,,,2026-06-14T08:00:00Z,2029-07-30T14:00:00Z,live,55
KXNBA-27-DEN,KXNBA,nba_schedule_release,scheduled_sports,scheduled_sports,2026-08-13T19:08:00Z,live,active,binary,,Denver,,,2026-06-14T08:00:00Z,2029-07-30T14:00:00Z,live,55
KXNBA-27-DAL,KXNBA,nba_schedule_release,scheduled_sports,scheduled_sports,2026-08-13T19:08:00Z,live,active,binary,,Dallas,,,2026-06-14T08:00:00Z,2029-07-30T14:00:00Z,live,55
KXNBA-27-CLE,KXNBA,nba_schedule_release,scheduled_sports,scheduled_sports,2026-08-13T19:08:00Z,live,active,binary,,Cleveland,,,2026-06-14T08:00:00Z,2029-07-30T14:00:00Z,live,55
KXNBA-27-CHI,KXNBA,nba_schedule_release,scheduled_sports,scheduled_sports,2026-08-13T19:08:00Z,live,active,binary,,Chicago,,,2026-06-14T08:00:00Z,2029-07-30T14:00:00Z,live,54
KXNBA-27-CHA,KXNBA,nba_schedule_release,scheduled_sports,scheduled_sports,2026-08-13T19:08:00Z,live,active,binary,,Charlotte,,,2026-06-14T08:00:00Z,2029-07-30T14:00:00Z,live,55
KXNBA-27-BOS,KXNBA,nba_schedule_release,scheduled_sports,scheduled_sports,2026-08-13T19:08:00Z,live,active,binary,,Boston,,,2026-06-14T08:00:00Z,2029-07-30T14:00:00Z,live,55
KXNBA-27-BKN,KXNBA,nba_schedule_release,scheduled_sports,scheduled_sports,2026-08-13T19:08:00Z,live,active,binary,,Brooklyn,,,2026-06-14T08:00:00Z,2029-07-30T14:00:00Z,live,52
KXNBA-27-ATL,KXNBA,nba_schedule_release,scheduled_sports,scheduled_sports,2026-08-13T19:08:00Z,live,active,binary,Atlanta,Atlanta,,,2026-06-14T08:00:00Z,2029-07-30T14:00:00Z,live,55
KXSB-27-WAS,KXSB,nfl_kickoff,scheduled_sports,scheduled_sports,2026-09-10T00:20:00Z,live,active,binary,,Washington,,,2026-02-08T20:00:00Z,2029-02-13T23:30:00Z,live,55
KXSB-27-TEN,KXSB,nfl_kickoff,scheduled_sports,scheduled_sports,2026-09-10T00:20:00Z,live,active,binary,,Tennessee,,,2026-02-08T20:00:00Z,2029-02-13T23:30:00Z,live,55
KXSB-27-TB,KXSB,nfl_kickoff,scheduled_sports,scheduled_sports,2026-09-10T00:20:00Z,live,active,binary,,Tampa Bay,,,2026-02-08T20:00:00Z,2029-02-13T23:30:00Z,live,55
KXSB-27-SF,KXSB,nfl_kickoff,scheduled_sports,scheduled_sports,2026-09-10T00:20:00Z,live,active,binary,,San Francisco,,,2026-02-08T20:00:00Z,2029-02-13T23:30:00Z,live,55
KXSB-27-SEA,KXSB,nfl_kickoff,scheduled_sports,scheduled_sports,2026-09-10T00:20:00Z,live,active,binary,,Seattle,,,2026-02-08T20:00:00Z,2029-02-13T23:30:00Z,live,55
KXSB-27-PIT,KXSB,nfl_kickoff,scheduled_sports,scheduled_sports,2026-09-10T00:20:00Z,live,active,binary,,Pittsburgh,,,2026-02-08T20:00:00Z,2029-02-13T23:30:00Z,live,55
KXSB-27-PHI,KXSB,nfl_kickoff,scheduled_sports,scheduled_sports,2026-09-10T00:20:00Z,live,active,binary,,Philadelphia,,,2026-02-08T20:00:00Z,2029-02-13T23:30:00Z,live,55
KXSB-27-NYJ,KXSB,nfl_kickoff,scheduled_sports,scheduled_sports,2026-09-10T00:20:00Z,live,active,binary,,New York J,,,2026-02-08T20:00:00Z,2029-02-13T23:30:00Z,live,55
KXSB-27-NYG,KXSB,nfl_kickoff,scheduled_sports,scheduled_sports,2026-09-10T00:20:00Z,live,active,binary,,New York G,,,2026-02-08T20:00:00Z,2029-02-13T23:30:00Z,live,55
KXSB-27-NO,KXSB,nfl_kickoff,scheduled_sports,scheduled_sports,2026-09-10T00:20:00Z,live,active,binary,,New Orleans,,,2026-02-08T20:00:00Z,2029-02-13T23:30:00Z,live,55
KXSB-27-NE,KXSB,nfl_kickoff,scheduled_sports,scheduled_sports,2026-09-10T00:20:00Z,live,active,binary,,New England,,,2026-02-08T20:00:00Z,2029-02-13T23:30:00Z,live,55
KXSB-27-MIN,KXSB,nfl_kickoff,scheduled_sports,scheduled_sports,2026-09-10T00:20:00Z,live,active,binary,,Minnesota,,,2026-02-08T20:00:00Z,2029-02-13T23:30:00Z,live,55
KXSB-27-MIA,KXSB,nfl_kickoff,scheduled_sports,scheduled_sports,2026-09-10T00:20:00Z,live,active,binary,,Miami,,,2026-02-08T20:00:00Z,2029-02-13T23:30:00Z,live,55
KXSB-27-LV,KXSB,nfl_kickoff,scheduled_sports,scheduled_sports,2026-09-10T00:20:00Z,live,active,binary,,Las Vegas,,,2026-02-08T20:00:00Z,2029-02-13T23:30:00Z,live,55
KXSB-27-LAR,KXSB,nfl_kickoff,scheduled_sports,scheduled_sports,2026-09-10T00:20:00Z,live,active,binary,,Los Angeles R,,,2026-02-08T20:00:00Z,2029-02-13T23:30:00Z,live,55
KXSB-27-LAC,KXSB,nfl_kickoff,scheduled_sports,scheduled_sports,2026-09-10T00:20:00Z,live,active,binary,,Los Angeles C,,,2026-02-08T20:00:00Z,2029-02-13T23:30:00Z,live,55
KXSB-27-KC,KXSB,nfl_kickoff,scheduled_sports,scheduled_sports,2026-09-10T00:20:00Z,live,active,binary,,Kansas City,,,2026-02-08T20:00:00Z,2029-02-13T23:30:00Z,live,55
KXSB-27-JAC,KXSB,nfl_kickoff,scheduled_sports,scheduled_sports,2026-09-10T00:20:00Z,live,active,binary,,Jacksonville,,,2026-02-08T20:00:00Z,2029-02-13T23:30:00Z,live,55
KXSB-27-IND,KXSB,nfl_kickoff,scheduled_sports,scheduled_sports,2026-09-10T00:20:00Z,live,active,binary,,Indianapolis,,,2026-02-08T20:00:00Z,2029-02-13T23:30:00Z,live,55
KXSB-27-HOU,KXSB,nfl_kickoff,scheduled_sports,scheduled_sports,2026-09-10T00:20:00Z,live,active,binary,,Houston,,,2026-02-08T20:00:00Z,2029-02-13T23:30:00Z,live,55
KXSB-27-GB,KXSB,nfl_kickoff,scheduled_sports,scheduled_sports,2026-09-10T00:20:00Z,live,active,binary,,Green Bay,,,2026-02-08T20:00:00Z,2029-02-13T23:30:00Z,live,55
KXSB-27-DET,KXSB,nfl_kickoff,scheduled_sports,scheduled_sports,2026-09-10T00:20:00Z,live,active,binary,,Detroit,,,2026-02-08T20:00:00Z,2029-02-13T23:30:00Z,live,55
KXSB-27-DEN,KXSB,nfl_kickoff,scheduled_sports,scheduled_sports,2026-09-10T00:20:00Z,live,active,binary,,Denver,,,2026-02-08T20:00:00Z,2029-02-13T23:30:00Z,live,55
KXSB-27-DAL,KXSB,nfl_kickoff,scheduled_sports,scheduled_sports,2026-09-10T00:20:00Z,live,active,binary,,Dallas,,,2026-02-08T20:00:00Z,2029-02-13T23:30:00Z,live,55
KXSB-27-CLE,KXSB,nfl_kickoff,scheduled_sports,scheduled_sports,2026-09-10T00:20:00Z,live,active,binary,,Cleveland,,,2026-02-08T20:00:00Z,2029-02-13T23:30:00Z,live,55
KXSB-27-CIN,KXSB,nfl_kickoff,scheduled_sports,scheduled_sports,2026-09-10T00:20:00Z,live,active,binary,,Cincinnati,,,2026-02-08T20:00:00Z,2029-02-13T23:30:00Z,live,55
KXSB-27-CHI,KXSB,nfl_kickoff,scheduled_sports,scheduled_sports,2026-09-10T00:20:00Z,live,active,binary,,Chicago,,,2026-02-08T20:00:00Z,2029-02-13T23:30:00Z,live,55
KXSB-27-CAR,KXSB,nfl_kickoff,scheduled_sports,scheduled_sports,2026-09-10T00:20:00Z,live,active,binary,,Carolina,,,2026-02-08T20:00:00Z,2029-02-13T23:30:00Z,live,55
KXSB-27-BUF,KXSB,nfl_kickoff,scheduled_sports,scheduled_sports,2026-09-10T00:20:00Z,live,active,binary,,Buffalo,,,2026-02-08T20:00:00Z,2029-02-13T23:30:00Z,live,55
KXSB-27-BAL,KXSB,nfl_kickoff,scheduled_sports,scheduled_sports,2026-09-10T00:20:00Z,live,active,binary,,Baltimore,,,2026-02-08T20:00:00Z,2029-02-13T23:30:00Z,live,55
KXSB-27-ATL,KXSB,nfl_kickoff,scheduled_sports,scheduled_sports,2026-09-10T00:20:00Z,live,active,binary,,Atlanta,,,2026-02-08T20:00:00Z,2029-02-13T23:30:00Z,live,55
KXSB-27-ARI,KXSB,nfl_kickoff,scheduled_sports,scheduled_sports,2026-09-10T00:20:00Z,live,active,binary,Arizona,Arizona,,,2026-02-08T20:00:00Z,2029-02-13T23:30:00Z,live,55
KXNBA-27-WAS,KXNBA,nba_opening_night,scheduled_sports,scheduled_sports,2026-10-20,live,active,binary,,Washington,,,2026-06-14T08:00:00Z,2029-07-30T14:00:00Z,live,18
KXNBA-27-UTA,KXNBA,nba_opening_night,scheduled_sports,scheduled_sports,2026-10-20,live,active,binary,,Utah,,,2026-06-14T08:00:00Z,2029-07-30T14:00:00Z,live,18
KXNBA-27-TOR,KXNBA,nba_opening_night,scheduled_sports,scheduled_sports,2026-10-20,live,active,binary,,Toronto,,,2026-06-14T08:00:00Z,2029-07-30T14:00:00Z,live,20
KXNBA-27-SAS,KXNBA,nba_opening_night,scheduled_sports,scheduled_sports,2026-10-20,live,active,binary,,San Antonio,,,2026-06-14T08:00:00Z,2029-07-30T14:00:00Z,live,20
KXNBA-27-SAC,KXNBA,nba_opening_night,scheduled_sports,scheduled_sports,2026-10-20,live,active,binary,,Sacramento,,,2026-06-14T08:00:00Z,2029-07-30T14:00:00Z,live,15
KXNBA-27-POR,KXNBA,nba_opening_night,scheduled_sports,scheduled_sports,2026-10-20,live,active,binary,,Portland,,,2026-06-14T08:00:00Z,2029-07-30T14:00:00Z,live,17
KXNBA-27-PHX,KXNBA,nba_opening_night,scheduled_sports,scheduled_sports,2026-10-20,live,active,binary,,Phoenix,,,2026-06-14T08:00:00Z,2029-07-30T14:00:00Z,live,17
KXNBA-27-PHI,KXNBA,nba_opening_night,scheduled_sports,scheduled_sports,2026-10-20,live,active,binary,,Philadelphia,,,2026-06-14T08:00:00Z,2029-07-30T14:00:00Z,live,20
KXNBA-27-ORL,KXNBA,nba_opening_night,scheduled_sports,scheduled_sports,2026-10-20,live,active,binary,,Orlando,,,2026-06-14T08:00:00Z,2029-07-30T14:00:00Z,live,20
KXNBA-27-OKC,KXNBA,nba_opening_night,scheduled_sports,scheduled_sports,2026-10-20,live,active,binary,,Oklahoma City,,,2026-06-14T08:00:00Z,2029-07-30T14:00:00Z,live,20
KXNBA-27-NYK,KXNBA,nba_opening_night,scheduled_sports,scheduled_sports,2026-10-20,live,active,binary,,New York,,,2026-06-14T08:00:00Z,2029-07-30T14:00:00Z,live,20
KXNBA-27-NOP,KXNBA,nba_opening_night,scheduled_sports,scheduled_sports,2026-10-20,live,active,binary,,New Orleans,,,2026-06-14T08:00:00Z,2029-07-30T14:00:00Z,live,17
KXNBA-27-MIN,KXNBA,nba_opening_night,scheduled_sports,scheduled_sports,2026-10-20,live,active,binary,,Minnesota,,,2026-06-14T08:00:00Z,2029-07-30T14:00:00Z,live,20
KXNBA-27-MIL,KXNBA,nba_opening_night,scheduled_sports,scheduled_sports,2026-10-20,live,active,binary,,Milwaukee,,,2026-06-14T08:00:00Z,2029-07-30T14:00:00Z,live,17
KXNBA-27-MIA,KXNBA,nba_opening_night,scheduled_sports,scheduled_sports,2026-10-20,live,active,binary,,Miami,,,2026-06-14T08:00:00Z,2029-07-30T14:00:00Z,live,20
KXNBA-27-MEM,KXNBA,nba_opening_night,scheduled_sports,scheduled_sports,2026-10-20,live,active,binary,,Memphis,,,2026-06-14T08:00:00Z,2029-07-30T14:00:00Z,live,17
KXNBA-27-LAL,KXNBA,nba_opening_night,scheduled_sports,scheduled_sports,2026-10-20,live,active,binary,,Los Angeles L,,,2026-06-14T08:00:00Z,2029-07-30T14:00:00Z,live,20
KXNBA-27-LAC,KXNBA,nba_opening_night,scheduled_sports,scheduled_sports,2026-10-20,live,active,binary,,Los Angeles C,,,2026-06-14T08:00:00Z,2029-07-30T14:00:00Z,live,16
KXNBA-27-IND,KXNBA,nba_opening_night,scheduled_sports,scheduled_sports,2026-10-20,live,active,binary,,Indiana,,,2026-06-14T08:00:00Z,2029-07-30T14:00:00Z,live,20
KXNBA-27-HOU,KXNBA,nba_opening_night,scheduled_sports,scheduled_sports,2026-10-20,live,active,binary,,Houston,,,2026-06-14T08:00:00Z,2029-07-30T14:00:00Z,live,20
KXNBA-27-GSW,KXNBA,nba_opening_night,scheduled_sports,scheduled_sports,2026-10-20,live,active,binary,,Golden State,,,2026-06-14T08:00:00Z,2029-07-30T14:00:00Z,live,20
KXNBA-27-DET,KXNBA,nba_opening_night,scheduled_sports,scheduled_sports,2026-10-20,live,active,binary,,Detroit,,,2026-06-14T08:00:00Z,2029-07-30T14:00:00Z,live,20
KXNBA-27-DEN,KXNBA,nba_opening_night,scheduled_sports,scheduled_sports,2026-10-20,live,active,binary,,Denver,,,2026-06-14T08:00:00Z,2029-07-30T14:00:00Z,live,20
KXNBA-27-DAL,KXNBA,nba_opening_night,scheduled_sports,scheduled_sports,2026-10-20,live,active,binary,,Dallas,,,2026-06-14T08:00:00Z,2029-07-30T14:00:00Z,live,18
KXNBA-27-CLE,KXNBA,nba_opening_night,scheduled_sports,scheduled_sports,2026-10-20,live,active,binary,,Cleveland,,,2026-06-14T08:00:00Z,2029-07-30T14:00:00Z,live,20
KXNBA-27-CHI,KXNBA,nba_opening_night,scheduled_sports,scheduled_sports,2026-10-20,live,active,binary,,Chicago,,,2026-06-14T08:00:00Z,2029-07-30T14:00:00Z,live,16
KXNBA-27-CHA,KXNBA,nba_opening_night,scheduled_sports,scheduled_sports,2026-10-20,live,active,binary,,Charlotte,,,2026-06-14T08:00:00Z,2029-07-30T14:00:00Z,live,18
KXNBA-27-BOS,KXNBA,nba_opening_night,scheduled_sports,scheduled_sports,2026-10-20,live,active,binary,,Boston,,,2026-06-14T08:00:00Z,2029-07-30T14:00:00Z,live,20
KXNBA-27-BKN,KXNBA,nba_opening_night,scheduled_sports,scheduled_sports,2026-10-20,live,active,binary,,Brooklyn,,,2026-06-14T08:00:00Z,2029-07-30T14:00:00Z,live,15
KXNBA-27-ATL,KXNBA,nba_opening_night,scheduled_sports,scheduled_sports,2026-10-20,live,active,binary,Atlanta,Atlanta,,,2026-06-14T08:00:00Z,2029-07-30T14:00:00Z,live,16
KXCPI-26AUG-T1.0,KXCPI,hormuz_retaliation_threat,unscheduled_macro,unscheduled_macro,2026-09-08,live,finalized,binary,1.0%,Above 1.0%,1,,2026-07-23T21:00:00Z,2026-09-11T12:25:00Z,live,43
KXCPI-26AUG-T0.9,KXCPI,hormuz_retaliation_threat,unscheduled_macro,unscheduled_macro,2026-09-08,live,finalized,binary,0.9%,Above 0.9%,0.9,,2026-07-23T21:00:00Z,2026-09-11T12:25:00Z,live,45
KXCPI-26AUG-T0.8,KXCPI,hormuz_retaliation_threat,unscheduled_macro,unscheduled_macro,2026-09-08,live,finalized,binary,0.8%,Above 0.8%,0.8,,2026-07-23T21:00:00Z,2026-09-11T12:25:00Z,live,43
KXCPI-26AUG-T0.7,KXCPI,hormuz_retaliation_threat,unscheduled_macro,unscheduled_macro,2026-09-08,live,finalized,binary,0.7%,Above 0.7%,0.7,,2026-07-23T21:00:00Z,2026-09-11T12:25:00Z,live,47
KXCPI-26AUG-T0.6,KXCPI,hormuz_retaliation_threat,unscheduled_macro,unscheduled_macro,2026-09-08,live,finalized,binary,0.6%,Above 0.6%,0.6,,2026-07-23T21:00:00Z,2026-09-11T12:25:00Z,live,47
KXCPI-26SEP-T0.6,KXCPI,hormuz_retaliation_threat,unscheduled_macro,unscheduled_macro,2026-09-08,live,active,binary,0.6%,Above 0.6%,0.6,,2026-07-20T18:00:00Z,2026-10-14T12:25:00Z,live,53
KXCPI-26SEP-T-0.4,KXCPI,hormuz_retaliation_threat,unscheduled_macro,unscheduled_macro,2026-09-08,live,active,binary,-0.4%,Above -0.4%,-0.4,,2026-07-20T18:00:00Z,2026-10-14T12:25:00Z,live,47
KXCPI-26SEP-T-0.3,KXCPI,hormuz_retaliation_threat,unscheduled_macro,unscheduled_macro,2026-09-08,live,active,binary,-0.3%,Above -0.3%,-0.3,,2026-07-20T18:00:00Z,2026-10-14T12:25:00Z,live,50
KXCPI-26SEP-T-0.2,KXCPI,hormuz_retaliation_threat,unscheduled_macro,unscheduled_macro,2026-09-08,live,active,binary,-0.2%,Above -0.2%,-0.2,,2026-07-20T18:00:00Z,2026-10-14T12:25:00Z,live,46
KXCPI-26AUG-T-0.4,KXCPI,hormuz_retaliation_threat,unscheduled_macro,unscheduled_macro,2026-09-08,live,finalized,binary,-0.4%,Above -0.4%,-0.4,,2026-07-20T18:00:00Z,2026-09-11T12:25:00Z,live,41
KXCPI-26AUG-T-0.3,KXCPI,hormuz_retaliation_threat,unscheduled_macro,unscheduled_macro,2026-09-08,live,finalized,binary,-0.3%,Above -0.3%,-0.3,,2026-07-20T18:00:00Z,2026-09-11T12:25:00Z,live,45
KXCPI-26AUG-T-0.2,KXCPI,hormuz_retaliation_threat,unscheduled_macro,unscheduled_macro,2026-09-08,live,finalized,binary,-0.2%,Above -0.2%,-0.2,,2026-07-20T18:00:00Z,2026-09-11T12:25:00Z,live,46
KXCPI-26JUL-T-0.4,KXCPI,hormuz_retaliation_threat,unscheduled_macro,unscheduled_macro,2026-09-08,live,finalized,binary,-0.4%,Above -0.4%,-0.4,,2026-06-16T17:45:00Z,2026-08-12T12:25:00Z,live,20
KXCPI-26JUL-T-0.3,KXCPI,hormuz_retaliation_threat,unscheduled_macro,unscheduled_macro,2026-09-08,live,finalized,binary,-0.3%,Above -0.3%,-0.3,,2026-06-16T17:45:00Z,2026-08-12T12:25:00Z,live,20
KXCPI-26JUL-T-0.2,KXCPI,hormuz_retaliation_threat,unscheduled_macro,unscheduled_macro,2026-09-08,live,finalized,binary,-0.2%,Above -0.2%,-0.2,,2026-06-16T17:45:00Z,2026-08-12T12:25:00Z,live,20
KXCPI-26NOV-T0.5,KXCPI,hormuz_retaliation_threat,unscheduled_macro,unscheduled_macro,2026-09-08,live,active,binary,0.5%,Above 0.5%,0.5,,2026-02-20T15:00:00Z,2026-12-10T13:25:00Z,live,35
KXCPI-26NOV-T0.4,KXCPI,hormuz_retaliation_threat,unscheduled_macro,unscheduled_macro,2026-09-08,live,active,binary,0.4%,Above 0.4%,0.4,,2026-02-20T15:00:00Z,2026-12-10T13:25:00Z,live,35
KXCPI-26NOV-T0.3,KXCPI,hormuz_retaliation_threat,unscheduled_macro,unscheduled_macro,2026-09-08,live,active,binary,0.3%,Above 0.3%,0.3,,2026-02-20T15:00:00Z,2026-12-10T13:25:00Z,live,46
KXCPI-26NOV-T0.2,KXCPI,hormuz_retaliation_threat,unscheduled_macro,unscheduled_macro,2026-09-08,live,active,binary,0.2%,Above 0.2%,0.2,,2026-02-20T15:00:00Z,2026-12-10T13:25:00Z,live,45
KXCPI-26NOV-T0.1,KXCPI,hormuz_retaliation_threat,unscheduled_macro,unscheduled_macro,2026-09-08,live,active,binary,0.1%,Above 0.1%,0.1,,2026-02-20T15:00:00Z,2026-12-10T13:25:00Z,live,44
KXCPI-26NOV-T-0.1,KXCPI,hormuz_retaliation_threat,unscheduled_macro,unscheduled_macro,2026-09-08,live,active,binary,-0.1%,Above -0.1%,-0.1,,2026-02-20T15:00:00Z,2026-12-10T13:25:00Z,live,32
KXCPI-26NOV-T0.0,KXCPI,hormuz_retaliation_threat,unscheduled_macro,unscheduled_macro,2026-09-08,live,active,binary,0.0%,Above 0.0%,0,,2026-02-20T15:00:00Z,2026-12-10T13:25:00Z,live,41
KXCPI-26OCT-T0.5,KXCPI,hormuz_retaliation_threat,unscheduled_macro,unscheduled_macro,2026-09-08,live,active,binary,0.5%,Above 0.5%,0.5,,2026-02-20T15:00:00Z,2026-11-10T13:25:00Z,live,33
KXCPI-26OCT-T0.4,KXCPI,hormuz_retaliation_threat,unscheduled_macro,unscheduled_macro,2026-09-08,live,active,binary,0.4%,Above 0.4%,0.4,,2026-02-20T15:00:00Z,2026-11-10T13:25:00Z,live,40
KXCPI-26OCT-T0.3,KXCPI,hormuz_retaliation_threat,unscheduled_macro,unscheduled_macro,2026-09-08,live,active,binary,0.3%,Above 0.3%,0.3,,2026-02-20T15:00:00Z,2026-11-10T13:25:00Z,live,49
KXCPI-26OCT-T0.2,KXCPI,hormuz_retaliation_threat,unscheduled_macro,unscheduled_macro,2026-09-08,live,active,binary,0.2%,Above 0.2%,0.2,,2026-02-20T15:00:00Z,2026-11-10T13:25:00Z,live,50
KXCPI-26OCT-T0.1,KXCPI,hormuz_retaliation_threat,unscheduled_macro,unscheduled_macro,2026-09-08,live,active,binary,0.1%,Above 0.1%,0.1,,2026-02-20T15:00:00Z,2026-11-10T13:25:00Z,live,37
KXCPI-26OCT-T-0.1,KXCPI,hormuz_retaliation_threat,unscheduled_macro,unscheduled_macro,2026-09-08,live,active,binary,-0.1%,Above -0.1%,-0.1,,2026-02-20T15:00:00Z,2026-11-10T13:25:00Z,live,44
KXCPI-26OCT-T0.0,KXCPI,hormuz_retaliation_threat,unscheduled_macro,unscheduled_macro,2026-09-08,live,active,binary,0.0%,Above 0.0%,0,,2026-02-20T15:00:00Z,2026-11-10T13:25:00Z,live,39
KXCPI-26SEP-T0.5,KXCPI,hormuz_retaliation_threat,unscheduled_macro,unscheduled_macro,2026-09-08,live,active,binary,0.5%,Above 0.5%,0.5,,2026-02-20T15:00:00Z,2026-10-14T12:25:00Z,live,48
KXCPI-26SEP-T0.4,KXCPI,hormuz_retaliation_threat,unscheduled_macro,unscheduled_macro,2026-09-08,live,active,binary,0.4%,Above 0.4%,0.4,,2026-02-20T15:00:00Z,2026-10-14T12:25:00Z,live,55
KXCPI-26SEP-T0.3,KXCPI,hormuz_retaliation_threat,unscheduled_macro,unscheduled_macro,2026-09-08,live,active,binary,0.3%,Above 0.3%,0.3,,2026-02-20T15:00:00Z,2026-10-14T12:25:00Z,live,55
KXCPI-26SEP-T0.2,KXCPI,hormuz_retaliation_threat,unscheduled_macro,unscheduled_macro,2026-09-08,live,active,binary,0.2%,Above 0.2%,0.2,,2026-02-20T15:00:00Z,2026-10-14T12:25:00Z,live,52
KXCPI-26SEP-T0.1,KXCPI,hormuz_retaliation_threat,unscheduled_macro,unscheduled_macro,2026-09-08,live,active,binary,0.1%,Above 0.1%,0.1,,2026-02-20T15:00:00Z,2026-10-14T12:25:00Z,live,49
KXCPI-26SEP-T-0.1,KXCPI,hormuz_retaliation_threat,unscheduled_macro,unscheduled_macro,2026-09-08,live,active,binary,-0.1%,Above -0.1%,-0.1,,2026-02-20T15:00:00Z,2026-10-14T12:25:00Z,live,52
KXCPI-26SEP-T0.0,KXCPI,hormuz_retaliation_threat,unscheduled_macro,unscheduled_macro,2026-09-08,live,active,binary,0.0%,Above 0.0%,0,,2026-02-20T15:00:00Z,2026-10-14T12:25:00Z,live,47
KXCPI-26AUG-T0.5,KXCPI,hormuz_retaliation_threat,unscheduled_macro,unscheduled_macro,2026-09-08,live,finalized,binary,0.5%,Above 0.5%,0.5,,2026-02-20T15:00:00Z,2026-09-11T12:25:00Z,live,47
KXCPI-26AUG-T0.4,KXCPI,hormuz_retaliation_threat,unscheduled_macro,unscheduled_macro,2026-09-08,live,finalized,binary,0.4%,Above 0.4%,0.4,,2026-02-20T15:00:00Z,2026-09-11T12:25:00Z,live,50
KXCPI-26AUG-T0.3,KXCPI,hormuz_retaliation_threat,unscheduled_macro,unscheduled_macro,2026-09-08,live,finalized,binary,0.3%,Above 0.3%,0.3,,2026-02-20T15:00:00Z,2026-09-11T12:25:00Z,live,50
KXCPI-26AUG-T0.2,KXCPI,hormuz_retaliation_threat,unscheduled_macro,unscheduled_macro,2026-09-08,live,finalized,binary,0.2%,Above 0.2%,0.2,,2026-02-20T15:00:00Z,2026-09-11T12:25:00Z,live,50
KXCPI-26AUG-T0.1,KXCPI,hormuz_retaliation_threat,unscheduled_macro,unscheduled_macro,2026-09-08,live,finalized,binary,0.1%,Above 0.1%,0.1,,2026-02-20T15:00:00Z,2026-09-11T12:25:00Z,live,49
KXCPI-26AUG-T-0.1,KXCPI,hormuz_retaliation_threat,unscheduled_macro,unscheduled_macro,2026-09-08,live,finalized,binary,-0.1%,Above -0.1%,-0.1,,2026-02-20T15:00:00Z,2026-09-11T12:25:00Z,live,41
KXCPI-26AUG-T0.0,KXCPI,hormuz_retaliation_threat,unscheduled_macro,unscheduled_macro,2026-09-08,live,finalized,binary,0.0%,Above 0.0%,0,,2026-02-20T15:00:00Z,2026-09-11T12:25:00Z,live,44
KXCPI-26JUL-T0.5,KXCPI,hormuz_retaliation_threat,unscheduled_macro,unscheduled_macro,2026-09-08,live,finalized,binary,0.5%,Above 0.5%,0.5,,2026-02-20T15:00:00Z,2026-08-12T12:25:00Z,live,20
KXCPI-26JUL-T0.4,KXCPI,hormuz_retaliation_threat,unscheduled_macro,unscheduled_macro,2026-09-08,live,finalized,binary,0.4%,Above 0.4%,0.4,,2026-02-20T15:00:00Z,2026-08-12T12:25:00Z,live,20
KXCPI-26JUL-T0.3,KXCPI,hormuz_retaliation_threat,unscheduled_macro,unscheduled_macro,2026-09-08,live,finalized,binary,0.3%,Above 0.3%,0.3,,2026-02-20T15:00:00Z,2026-08-12T12:25:00Z,live,20
KXCPI-26JUL-T0.2,KXCPI,hormuz_retaliation_threat,unscheduled_macro,unscheduled_macro,2026-09-08,live,finalized,binary,0.2%,Above 0.2%,0.2,,2026-02-20T15:00:00Z,2026-08-12T12:25:00Z,live,20
KXCPI-26JUL-T0.1,KXCPI,hormuz_retaliation_threat,unscheduled_macro,unscheduled_macro,2026-09-08,live,finalized,binary,0.1%,Above 0.1%,0.1,,2026-02-20T15:00:00Z,2026-08-12T12:25:00Z,live,20
KXCPI-26JUL-T-0.1,KXCPI,hormuz_retaliation_threat,unscheduled_macro,unscheduled_macro,2026-09-08,live,finalized,binary,-0.1%,Above -0.1%,-0.1,,2026-02-20T15:00:00Z,2026-08-12T12:25:00Z,live,20
KXCPI-26JUL-T0.0,KXCPI,hormuz_retaliation_threat,unscheduled_macro,unscheduled_macro,2026-09-08,live,finalized,binary,0.0%,Above 0.0%,0,,2026-02-20T15:00:00Z,2026-08-12T12:25:00Z,live,20
KXCPICORE-26NOV-T1.0,KXCPICORE,hormuz_retaliation_threat,unscheduled_macro,unscheduled_macro,2026-09-08,live,active,binary,1.0,Above 1.0%,1,1,2026-06-11T00:15:00Z,2026-12-10T13:25:00Z,live,10
KXCPICORE-26NOV-T0.9,KXCPICORE,hormuz_retaliation_threat,unscheduled_macro,unscheduled_macro,2026-09-08,live,active,binary,0.9,Above 0.9%,0.9,0.9,2026-06-11T00:15:00Z,2026-12-10T13:25:00Z,live,22
KXCPICORE-26NOV-T0.8,KXCPICORE,hormuz_retaliation_threat,unscheduled_macro,unscheduled_macro,2026-09-08,live,active,binary,0.8,Above 0.8%,0.8,0.8,2026-06-11T00:15:00Z,2026-12-10T13:25:00Z,live,24
KXCPICORE-26NOV-T0.7,KXCPICORE,hormuz_retaliation_threat,unscheduled_macro,unscheduled_macro,2026-09-08,live,active,binary,0.7,Above 0.7%,0.7,0.7,2026-06-11T00:15:00Z,2026-12-10T13:25:00Z,live,36
KXCPICORE-26NOV-T0.6,KXCPICORE,hormuz_retaliation_threat,unscheduled_macro,unscheduled_macro,2026-09-08,live,active,binary,0.6,Above 0.6%,0.6,0.6,2026-06-11T00:15:00Z,2026-12-10T13:25:00Z,live,35
KXCPICORE-26NOV-T0.5,KXCPICORE,hormuz_retaliation_threat,unscheduled_macro,unscheduled_macro,2026-09-08,live,active,binary,0.5,Above 0.5%,0.5,0.5,2026-06-11T00:15:00Z,2026-12-10T13:25:00Z,live,35
KXCPICORE-26NOV-T0.4,KXCPICORE,hormuz_retaliation_threat,unscheduled_macro,unscheduled_macro,2026-09-08,live,active,binary,0.4,Above 0.4%,0.4,0.4,2026-06-11T00:15:00Z,2026-12-10T13:25:00Z,live,32
KXCPICORE-26NOV-T0.3,KXCPICORE,hormuz_retaliation_threat,unscheduled_macro,unscheduled_macro,2026-09-08,live,active,binary,0.3,Above 0.3%,0.3,0.3,2026-06-11T00:15:00Z,2026-12-10T13:25:00Z,live,39
KXCPICORE-26NOV-T0.2,KXCPICORE,hormuz_retaliation_threat,unscheduled_macro,unscheduled_macro,2026-09-08,live,active,binary,0.2,Above 0.2%,0.2,0.2,2026-06-11T00:15:00Z,2026-12-10T13:25:00Z,live,50
KXCPICORE-26NOV-T0.1,KXCPICORE,hormuz_retaliation_threat,unscheduled_macro,unscheduled_macro,2026-09-08,live,active,binary,0.1,Above 0.1%,0.1,0.1,2026-06-11T00:15:00Z,2026-12-10T13:25:00Z,live,44
KXCPICORE-26NOV-T0.0,KXCPICORE,hormuz_retaliation_threat,unscheduled_macro,unscheduled_macro,2026-09-08,live,active,binary,0.0,Above 0.0%,0,0,2026-06-11T00:15:00Z,2026-12-10T13:25:00Z,live,37
KXCPICORE-26OCT-T1.0,KXCPICORE,hormuz_retaliation_threat,unscheduled_macro,unscheduled_macro,2026-09-08,live,active,binary,1.0,Above 1.0%,1,1,2026-06-10T20:00:00Z,2026-11-10T13:25:00Z,live,21
KXCPICORE-26OCT-T0.9,KXCPICORE,hormuz_retaliation_threat,unscheduled_macro,unscheduled_macro,2026-09-08,live,active,binary,0.9,Above 0.9%,0.9,0.9,2026-06-10T20:00:00Z,2026-11-10T13:25:00Z,live,15
KXCPICORE-26OCT-T0.8,KXCPICORE,hormuz_retaliation_threat,unscheduled_macro,unscheduled_macro,2026-09-08,live,active,binary,0.8,Above 0.8%,0.8,0.8,2026-06-10T20:00:00Z,2026-11-10T13:25:00Z,live,35
KXCPICORE-26OCT-T0.7,KXCPICORE,hormuz_retaliation_threat,unscheduled_macro,unscheduled_macro,2026-09-08,live,active,binary,0.7,Above 0.7%,0.7,0.7,2026-06-10T20:00:00Z,2026-11-10T13:25:00Z,live,38
KXCPICORE-26OCT-T0.6,KXCPICORE,hormuz_retaliation_threat,unscheduled_macro,unscheduled_macro,2026-09-08,live,active,binary,0.6,Above 0.6%,0.6,0.6,2026-06-10T20:00:00Z,2026-11-10T13:25:00Z,live,30
KXCPICORE-26OCT-T0.5,KXCPICORE,hormuz_retaliation_threat,unscheduled_macro,unscheduled_macro,2026-09-08,live,active,binary,0.5,Above 0.5%,0.5,0.5,2026-06-10T20:00:00Z,2026-11-10T13:25:00Z,live,28
KXCPICORE-26OCT-T0.4,KXCPICORE,hormuz_retaliation_threat,unscheduled_macro,unscheduled_macro,2026-09-08,live,active,binary,0.4,Above 0.4%,0.4,0.4,2026-06-10T20:00:00Z,2026-11-10T13:25:00Z,live,34
KXCPICORE-26OCT-T0.3,KXCPICORE,hormuz_retaliation_threat,unscheduled_macro,unscheduled_macro,2026-09-08,live,active,binary,0.3,Above 0.3%,0.3,0.3,2026-06-10T20:00:00Z,2026-11-10T13:25:00Z,live,37
KXCPICORE-26OCT-T0.2,KXCPICORE,hormuz_retaliation_threat,unscheduled_macro,unscheduled_macro,2026-09-08,live,active,binary,0.2,Above 0.2%,0.2,0.2,2026-06-10T20:00:00Z,2026-11-10T13:25:00Z,live,41
KXCPICORE-26OCT-T0.1,KXCPICORE,hormuz_retaliation_threat,unscheduled_macro,unscheduled_macro,2026-09-08,live,active,binary,0.1,Above 0.1%,0.1,0.1,2026-06-10T20:00:00Z,2026-11-10T13:25:00Z,live,41
KXCPICORE-26OCT-T0.0,KXCPICORE,hormuz_retaliation_threat,unscheduled_macro,unscheduled_macro,2026-09-08,live,active,binary,0.0,Above 0.0%,0,0,2026-06-10T20:00:00Z,2026-11-10T13:25:00Z,live,40
KXCPICORE-26SEP-T1.0,KXCPICORE,hormuz_retaliation_threat,unscheduled_macro,unscheduled_macro,2026-09-08,live,active,binary,1.0,Above 1.0%,1,1,2026-06-10T19:50:00Z,2026-10-14T12:25:00Z,live,5
KXCPICORE-26SEP-T0.9,KXCPICORE,hormuz_retaliation_threat,unscheduled_macro,unscheduled_macro,2026-09-08,live,active,binary,0.9,Above 0.9%,0.9,0.9,2026-06-10T19:50:00Z,2026-10-14T12:25:00Z,live,6
KXCPICORE-26SEP-T0.8,KXCPICORE,hormuz_retaliation_threat,unscheduled_macro,unscheduled_macro,2026-09-08,live,active,binary,0.8,Above 0.8%,0.8,0.8,2026-06-10T19:50:00Z,2026-10-14T12:25:00Z,live,6
KXCPICORE-26SEP-T0.7,KXCPICORE,hormuz_retaliation_threat,unscheduled_macro,unscheduled_macro,2026-09-08,live,active,binary,0.7,Above 0.7%,0.7,0.7,2026-06-10T19:50:00Z,2026-10-14T12:25:00Z,live,33
KXCPICORE-26SEP-T0.6,KXCPICORE,hormuz_retaliation_threat,unscheduled_macro,unscheduled_macro,2026-09-08,live,active,binary,0.6,Above 0.6%,0.6,0.6,2026-06-10T19:50:00Z,2026-10-14T12:25:00Z,live,26
KXCPICORE-26SEP-T0.5,KXCPICORE,hormuz_retaliation_threat,unscheduled_macro,unscheduled_macro,2026-09-08,live,active,binary,0.5,Above 0.5%,0.5,0.5,2026-06-10T19:50:00Z,2026-10-14T12:25:00Z,live,25
KXCPICORE-26SEP-T0.4,KXCPICORE,hormuz_retaliation_threat,unscheduled_macro,unscheduled_macro,2026-09-08,live,active,binary,0.4,Above 0.4%,0.4,0.4,2026-06-10T19:50:00Z,2026-10-14T12:25:00Z,live,34
KXCPICORE-26SEP-T0.3,KXCPICORE,hormuz_retaliation_threat,unscheduled_macro,unscheduled_macro,2026-09-08,live,active,binary,0.3,Above 0.3%,0.3,0.3,2026-06-10T19:50:00Z,2026-10-14T12:25:00Z,live,36
KXCPICORE-26SEP-T0.2,KXCPICORE,hormuz_retaliation_threat,unscheduled_macro,unscheduled_macro,2026-09-08,live,active,binary,0.2,Above 0.2%,0.2,0.2,2026-06-10T19:50:00Z,2026-10-14T12:25:00Z,live,43
KXCPICORE-26SEP-T0.1,KXCPICORE,hormuz_retaliation_threat,unscheduled_macro,unscheduled_macro,2026-09-08,live,active,binary,0.1,Above 0.1%,0.1,0.1,2026-06-10T19:50:00Z,2026-10-14T12:25:00Z,live,40
KXCPICORE-26SEP-T0.0,KXCPICORE,hormuz_retaliation_threat,unscheduled_macro,unscheduled_macro,2026-09-08,live,active,binary,0.0,Above 0.0%,0,0,2026-06-10T19:50:00Z,2026-10-14T12:25:00Z,live,36
KXCPICORE-26AUG-T1.0,KXCPICORE,hormuz_retaliation_threat,unscheduled_macro,unscheduled_macro,2026-09-08,live,finalized,binary,1.0,Above 1.0%,1,1,2026-06-10T18:30:00Z,2026-09-11T12:25:00Z,live,8
KXCPICORE-26AUG-T0.9,KXCPICORE,hormuz_retaliation_threat,unscheduled_macro,unscheduled_macro,2026-09-08,live,finalized,binary,0.9,Above 0.9%,0.9,0.9,2026-06-10T18:30:00Z,2026-09-11T12:25:00Z,live,11
KXCPICORE-26AUG-T0.8,KXCPICORE,hormuz_retaliation_threat,unscheduled_macro,unscheduled_macro,2026-09-08,live,finalized,binary,0.8,Above 0.8%,0.8,0.8,2026-06-10T18:30:00Z,2026-09-11T12:25:00Z,live,40
KXCPICORE-26AUG-T0.7,KXCPICORE,hormuz_retaliation_threat,unscheduled_macro,unscheduled_macro,2026-09-08,live,finalized,binary,0.7,Above 0.7%,0.7,0.7,2026-06-10T18:30:00Z,2026-09-11T12:25:00Z,live,39
KXCPICORE-26AUG-T0.6,KXCPICORE,hormuz_retaliation_threat,unscheduled_macro,unscheduled_macro,2026-09-08,live,finalized,binary,0.6,Above 0.6%,0.6,0.6,2026-06-10T18:30:00Z,2026-09-11T12:25:00Z,live,39
KXCPICORE-26AUG-T0.5,KXCPICORE,hormuz_retaliation_threat,unscheduled_macro,unscheduled_macro,2026-09-08,live,finalized,binary,0.5,Above 0.5%,0.5,0.5,2026-06-10T18:30:00Z,2026-09-11T12:25:00Z,live,39
KXCPICORE-26AUG-T0.4,KXCPICORE,hormuz_retaliation_threat,unscheduled_macro,unscheduled_macro,2026-09-08,live,finalized,binary,0.4,Above 0.4%,0.4,0.4,2026-06-10T18:30:00Z,2026-09-11T12:25:00Z,live,29
KXCPICORE-26AUG-T0.3,KXCPICORE,hormuz_retaliation_threat,unscheduled_macro,unscheduled_macro,2026-09-08,live,finalized,binary,0.3,Above 0.3%,0.3,0.3,2026-06-10T18:30:00Z,2026-09-11T12:25:00Z,live,42
KXCPICORE-26AUG-T0.2,KXCPICORE,hormuz_retaliation_threat,unscheduled_macro,unscheduled_macro,2026-09-08,live,finalized,binary,0.2,Above 0.2%,0.2,0.2,2026-06-10T18:30:00Z,2026-09-11T12:25:00Z,live,46
KXCPICORE-26AUG-T0.1,KXCPICORE,hormuz_retaliation_threat,unscheduled_macro,unscheduled_macro,2026-09-08,live,finalized,binary,0.1,Above 0.1%,0.1,0.1,2026-06-10T18:30:00Z,2026-09-11T12:25:00Z,live,41
KXCPICORE-26AUG-T0.0,KXCPICORE,hormuz_retaliation_threat,unscheduled_macro,unscheduled_macro,2026-09-08,live,finalized,binary,0.0,Above 0.0%,0,0,2026-06-10T18:30:00Z,2026-09-11T12:25:00Z,live,41
KXCPICORE-26JUL-T1.0,KXCPICORE,hormuz_retaliation_threat,unscheduled_macro,unscheduled_macro,2026-09-08,live,finalized,binary,1.0,Above 1.0%,1,1,2026-05-12T16:00:00Z,2026-08-12T12:25:00Z,live,18
KXCPICORE-26JUL-T0.9,KXCPICORE,hormuz_retaliation_threat,unscheduled_macro,unscheduled_macro,2026-09-08,live,finalized,binary,0.9,Above 0.9%,0.9,0.9,2026-05-12T16:00:00Z,2026-08-12T12:25:00Z,live,18
KXCPICORE-26JUL-T0.8,KXCPICORE,hormuz_retaliation_threat,unscheduled_macro,unscheduled_macro,2026-09-08,live,finalized,binary,0.8,Above 0.8%,0.8,0.8,2026-05-12T16:00:00Z,2026-08-12T12:25:00Z,live,14
KXCPICORE-26JUL-T0.7,KXCPICORE,hormuz_retaliation_threat,unscheduled_macro,unscheduled_macro,2026-09-08,live,finalized,binary,0.7,Above 0.7%,0.7,0.7,2026-05-12T16:00:00Z,2026-08-12T12:25:00Z,live,19
KXCPICORE-26JUL-T0.6,KXCPICORE,hormuz_retaliation_threat,unscheduled_macro,unscheduled_macro,2026-09-08,live,finalized,binary,0.6,Above 0.6%,0.6,0.6,2026-05-12T16:00:00Z,2026-08-12T12:25:00Z,live,18
KXCPICORE-26JUL-T0.5,KXCPICORE,hormuz_retaliation_threat,unscheduled_macro,unscheduled_macro,2026-09-08,live,finalized,binary,0.5,Above 0.5%,0.5,0.5,2026-05-12T16:00:00Z,2026-08-12T12:25:00Z,live,20
KXCPICORE-26JUL-T0.4,KXCPICORE,hormuz_retaliation_threat,unscheduled_macro,unscheduled_macro,2026-09-08,live,finalized,binary,0.4,Above 0.4%,0.4,0.4,2026-05-12T16:00:00Z,2026-08-12T12:25:00Z,live,20
KXCPICORE-26JUL-T0.3,KXCPICORE,hormuz_retaliation_threat,unscheduled_macro,unscheduled_macro,2026-09-08,live,finalized,binary,0.3,Above 0.3%,0.3,0.3,2026-05-12T16:00:00Z,2026-08-12T12:25:00Z,live,19
KXCPICORE-26JUL-T0.2,KXCPICORE,hormuz_retaliation_threat,unscheduled_macro,unscheduled_macro,2026-09-08,live,finalized,binary,0.2,Above 0.2%,0.2,0.2,2026-05-12T16:00:00Z,2026-08-12T12:25:00Z,live,20
KXCPICORE-26JUL-T0.1,KXCPICORE,hormuz_retaliation_threat,unscheduled_macro,unscheduled_macro,2026-09-08,live,finalized,binary,0.1,Above 0.1%,0.1,0.1,2026-05-12T16:00:00Z,2026-08-12T12:25:00Z,live,20
KXCPICORE-26JUL-T0.0,KXCPICORE,hormuz_retaliation_threat,unscheduled_macro,unscheduled_macro,2026-09-08,live,finalized,binary,0.0,Above 0.0%,0,0,2026-05-12T16:00:00Z,2026-08-12T12:25:00Z,live,20
KXFED-27APR-T4.25,KXFED,hormuz_retaliation_threat,unscheduled_macro,unscheduled_macro,2026-09-08,live,active,binary,4.25%,Above 4.25%,4.25,,2025-10-13T14:00:00Z,2027-04-28T17:55:00Z,live,51
KXFED-27APR-T4.00,KXFED,hormuz_retaliation_threat,unscheduled_macro,unscheduled_macro,2026-09-08,live,active,binary,4.00%,Above 4.00%,4,,2025-10-13T14:00:00Z,2027-04-28T17:55:00Z,live,55
KXFED-27APR-T3.75,KXFED,hormuz_retaliation_threat,unscheduled_macro,unscheduled_macro,2026-09-08,live,active,binary,3.75%,Above 3.75%,3.75,,2025-10-13T14:00:00Z,2027-04-28T17:55:00Z,live,55
KXFED-27APR-T3.50,KXFED,hormuz_retaliation_threat,unscheduled_macro,unscheduled_macro,2026-09-08,live,active,binary,3.50%,Above 3.50%,3.5,,2025-10-13T14:00:00Z,2027-04-28T17:55:00Z,live,55
KXFED-27APR-T3.25,KXFED,hormuz_retaliation_threat,unscheduled_macro,unscheduled_macro,2026-09-08,live,active,binary,3.25%,Above 3.25%,3.25,,2025-10-13T14:00:00Z,2027-04-28T17:55:00Z,live,55
KXFED-27APR-T3.00,KXFED,hormuz_retaliation_threat,unscheduled_macro,unscheduled_macro,2026-09-08,live,active,binary,3.00%,Above 3.00%,3,,2025-10-13T14:00:00Z,2027-04-28T17:55:00Z,live,54
KXFED-27APR-T2.75,KXFED,hormuz_retaliation_threat,unscheduled_macro,unscheduled_macro,2026-09-08,live,active,binary,2.75%,Above 2.75%,2.75,,2025-10-13T14:00:00Z,2027-04-28T17:55:00Z,live,53
KXFED-27APR-T2.50,KXFED,hormuz_retaliation_threat,unscheduled_macro,unscheduled_macro,2026-09-08,live,active,binary,2.50%,Above 2.50%,2.5,,2025-10-13T14:00:00Z,2027-04-28T17:55:00Z,live,54
KXFED-27APR-T2.25,KXFED,hormuz_retaliation_threat,unscheduled_macro,unscheduled_macro,2026-09-08,live,active,binary,2.25%,Above 2.25%,2.25,,2025-10-13T14:00:00Z,2027-04-28T17:55:00Z,live,55
KXFED-27APR-T2.00,KXFED,hormuz_retaliation_threat,unscheduled_macro,unscheduled_macro,2026-09-08,live,active,binary,2.00%,Above 2.00%,2,,2025-10-13T14:00:00Z,2027-04-28T17:55:00Z,live,54
KXFED-27APR-T1.75,KXFED,hormuz_retaliation_threat,unscheduled_macro,unscheduled_macro,2026-09-08,live,active,binary,1.75%,Above 1.75%,1.75,,2025-10-13T14:00:00Z,2027-04-28T17:55:00Z,live,54
KXFED-27APR-T1.50,KXFED,hormuz_retaliation_threat,unscheduled_macro,unscheduled_macro,2026-09-08,live,active,binary,1.50%,Above 1.50%,1.5,,2025-10-13T14:00:00Z,2027-04-28T17:55:00Z,live,54
KXFED-27APR-T1.25,KXFED,hormuz_retaliation_threat,unscheduled_macro,unscheduled_macro,2026-09-08,live,active,binary,1.25%,Above 1.25%,1.25,,2025-10-13T14:00:00Z,2027-04-28T17:55:00Z,live,54
KXFED-27APR-T1.00,KXFED,hormuz_retaliation_threat,unscheduled_macro,unscheduled_macro,2026-09-08,live,active,binary,1.00%,Above 1.00%,1,,2025-10-13T14:00:00Z,2027-04-28T17:55:00Z,live,51
KXFED-27APR-T0.75,KXFED,hormuz_retaliation_threat,unscheduled_macro,unscheduled_macro,2026-09-08,live,active,binary,0.75%,Above 0.75%,0.75,,2025-10-13T14:00:00Z,2027-04-28T17:55:00Z,live,53
KXFED-27APR-T0.50,KXFED,hormuz_retaliation_threat,unscheduled_macro,unscheduled_macro,2026-09-08,live,active,binary,0.50%,Above 0.50%,0.5,,2025-10-13T14:00:00Z,2027-04-28T17:55:00Z,live,51
KXFED-27APR-T0.25,KXFED,hormuz_retaliation_threat,unscheduled_macro,unscheduled_macro,2026-09-08,live,active,binary,0.25%,Above 0.25%,0.25,,2025-10-13T14:00:00Z,2027-04-28T17:55:00Z,live,46
KXFED-27APR-T0.00,KXFED,hormuz_retaliation_threat,unscheduled_macro,unscheduled_macro,2026-09-08,live,active,binary,0.00%,Above 0.00%,0,,2025-10-13T14:00:00Z,2027-04-28T17:55:00Z,live,46
KXFED-27MAR-T4.25,KXFED,hormuz_retaliation_threat,unscheduled_macro,unscheduled_macro,2026-09-08,live,active,binary,4.25%,Above 4.25%,4.25,,2025-10-13T14:00:00Z,2027-03-17T17:55:00Z,live,50
KXFED-27MAR-T4.00,KXFED,hormuz_retaliation_threat,unscheduled_macro,unscheduled_macro,2026-09-08,live,active,binary,4.00%,Above 4.00%,4,,2025-10-13T14:00:00Z,2027-03-17T17:55:00Z,live,54
KXFED-27MAR-T3.75,KXFED,hormuz_retaliation_threat,unscheduled_macro,unscheduled_macro,2026-09-08,live,active,binary,3.75%,Above 3.75%,3.75,,2025-10-13T14:00:00Z,2027-03-17T17:55:00Z,live,49
KXFED-27MAR-T3.50,KXFED,hormuz_retaliation_threat,unscheduled_macro,unscheduled_macro,2026-09-08,live,active,binary,3.50%,Above 3.50%,3.5,,2025-10-13T14:00:00Z,2027-03-17T17:55:00Z,live,48
KXFED-27MAR-T3.25,KXFED,hormuz_retaliation_threat,unscheduled_macro,unscheduled_macro,2026-09-08,live,active,binary,3.25%,Above 3.25%,3.25,,2025-10-13T14:00:00Z,2027-03-17T17:55:00Z,live,53
KXFED-27MAR-T3.00,KXFED,hormuz_retaliation_threat,unscheduled_macro,unscheduled_macro,2026-09-08,live,active,binary,3.00%,Above 3.00%,3,,2025-10-13T14:00:00Z,2027-03-17T17:55:00Z,live,53
KXFED-27MAR-T2.75,KXFED,hormuz_retaliation_threat,unscheduled_macro,unscheduled_macro,2026-09-08,live,active,binary,2.75%,Above 2.75%,2.75,,2025-10-13T14:00:00Z,2027-03-17T17:55:00Z,live,52
KXFED-27MAR-T2.50,KXFED,hormuz_retaliation_threat,unscheduled_macro,unscheduled_macro,2026-09-08,live,active,binary,2.50%,Above 2.50%,2.5,,2025-10-13T14:00:00Z,2027-03-17T17:55:00Z,live,50
KXFED-27MAR-T2.25,KXFED,hormuz_retaliation_threat,unscheduled_macro,unscheduled_macro,2026-09-08,live,active,binary,2.25%,Above 2.25%,2.25,,2025-10-13T14:00:00Z,2027-03-17T17:55:00Z,live,50
KXFED-27MAR-T2.00,KXFED,hormuz_retaliation_threat,unscheduled_macro,unscheduled_macro,2026-09-08,live,active,binary,2.00%,Above 2.00%,2,,2025-10-13T14:00:00Z,2027-03-17T17:55:00Z,live,44
KXFED-27MAR-T1.75,KXFED,hormuz_retaliation_threat,unscheduled_macro,unscheduled_macro,2026-09-08,live,active,binary,1.75%,Above 1.75%,1.75,,2025-10-13T14:00:00Z,2027-03-17T17:55:00Z,live,47
KXFED-27MAR-T1.50,KXFED,hormuz_retaliation_threat,unscheduled_macro,unscheduled_macro,2026-09-08,live,active,binary,1.50%,Above 1.50%,1.5,,2025-10-13T14:00:00Z,2027-03-17T17:55:00Z,live,46
KXFED-27MAR-T1.25,KXFED,hormuz_retaliation_threat,unscheduled_macro,unscheduled_macro,2026-09-08,live,active,binary,1.25%,Above 1.25%,1.25,,2025-10-13T14:00:00Z,2027-03-17T17:55:00Z,live,44
KXFED-27MAR-T1.00,KXFED,hormuz_retaliation_threat,unscheduled_macro,unscheduled_macro,2026-09-08,live,active,binary,1.00%,Above 1.00%,1,,2025-10-13T14:00:00Z,2027-03-17T17:55:00Z,live,43
KXFED-27MAR-T0.75,KXFED,hormuz_retaliation_threat,unscheduled_macro,unscheduled_macro,2026-09-08,live,active,binary,0.75%,Above 0.75%,0.75,,2025-10-13T14:00:00Z,2027-03-17T17:55:00Z,live,38
KXFED-27MAR-T0.50,KXFED,hormuz_retaliation_threat,unscheduled_macro,unscheduled_macro,2026-09-08,live,active,binary,0.50%,Above 0.50%,0.5,,2025-10-13T14:00:00Z,2027-03-17T17:55:00Z,live,36
KXFED-27MAR-T0.25,KXFED,hormuz_retaliation_threat,unscheduled_macro,unscheduled_macro,2026-09-08,live,active,binary,0.25%,Above 0.25%,0.25,,2025-10-13T14:00:00Z,2027-03-17T17:55:00Z,live,40
KXFED-27MAR-T0.00,KXFED,hormuz_retaliation_threat,unscheduled_macro,unscheduled_macro,2026-09-08,live,active,binary,0.00%,Above 0.00%,0,,2025-10-13T14:00:00Z,2027-03-17T17:55:00Z,live,39
KXFED-27JAN-T4.25,KXFED,hormuz_retaliation_threat,unscheduled_macro,unscheduled_macro,2026-09-08,live,active,binary,4.25%,Above 4.25%,4.25,,2025-10-06T14:00:00Z,2027-01-27T18:55:00Z,live,49
KXFED-27JAN-T4.00,KXFED,hormuz_retaliation_threat,unscheduled_macro,unscheduled_macro,2026-09-08,live,active,binary,4.00%,Above 4.00%,4,,2025-10-06T14:00:00Z,2027-01-27T18:55:00Z,live,54
KXFED-27JAN-T3.75,KXFED,hormuz_retaliation_threat,unscheduled_macro,unscheduled_macro,2026-09-08,live,active,binary,3.75%,Above 3.75%,3.75,,2025-10-06T14:00:00Z,2027-01-27T18:55:00Z,live,53
KXFED-27JAN-T3.50,KXFED,hormuz_retaliation_threat,unscheduled_macro,unscheduled_macro,2026-09-08,live,active,binary,3.50%,Above 3.50%,3.5,,2025-10-06T14:00:00Z,2027-01-27T18:55:00Z,live,51
KXFED-27JAN-T3.25,KXFED,hormuz_retaliation_threat,unscheduled_macro,unscheduled_macro,2026-09-08,live,active,binary,3.25%,Above 3.25%,3.25,,2025-10-06T14:00:00Z,2027-01-27T18:55:00Z,live,55
KXFED-27JAN-T3.00,KXFED,hormuz_retaliation_threat,unscheduled_macro,unscheduled_macro,2026-09-08,live,active,binary,3.00%,Above 3.00%,3,,2025-10-06T14:00:00Z,2027-01-27T18:55:00Z,live,52
KXFED-27JAN-T2.75,KXFED,hormuz_retaliation_threat,unscheduled_macro,unscheduled_macro,2026-09-08,live,active,binary,2.75%,Above 2.75%,2.75,,2025-10-06T14:00:00Z,2027-01-27T18:55:00Z,live,53
KXFED-27JAN-T2.50,KXFED,hormuz_retaliation_threat,unscheduled_macro,unscheduled_macro,2026-09-08,live,active,binary,2.50%,Above 2.50%,2.5,,2025-10-06T14:00:00Z,2027-01-27T18:55:00Z,live,53
KXFED-27JAN-T2.25,KXFED,hormuz_retaliation_threat,unscheduled_macro,unscheduled_macro,2026-09-08,live,active,binary,2.25%,Above 2.25%,2.25,,2025-10-06T14:00:00Z,2027-01-27T18:55:00Z,live,49
KXFED-27JAN-T2.00,KXFED,hormuz_retaliation_threat,unscheduled_macro,unscheduled_macro,2026-09-08,live,active,binary,2.00%,Above 2.00%,2,,2025-10-06T14:00:00Z,2027-01-27T18:55:00Z,live,51
KXFED-27JAN-T1.75,KXFED,hormuz_retaliation_threat,unscheduled_macro,unscheduled_macro,2026-09-08,live,active,binary,1.75%,Above 1.75%,1.75,,2025-10-06T14:00:00Z,2027-01-27T18:55:00Z,live,49
KXFED-27JAN-T1.50,KXFED,hormuz_retaliation_threat,unscheduled_macro,unscheduled_macro,2026-09-08,live,active,binary,1.50%,Above 1.50%,1.5,,2025-10-06T14:00:00Z,2027-01-27T18:55:00Z,live,50
KXFED-27JAN-T1.25,KXFED,hormuz_retaliation_threat,unscheduled_macro,unscheduled_macro,2026-09-08,live,active,binary,1.25%,Above 1.25%,1.25,,2025-10-06T14:00:00Z,2027-01-27T18:55:00Z,live,50
KXFED-27JAN-T1.00,KXFED,hormuz_retaliation_threat,unscheduled_macro,unscheduled_macro,2026-09-08,live,active,binary,1.00%,Above 1.00%,1,,2025-10-06T14:00:00Z,2027-01-27T18:55:00Z,live,47
KXFED-27JAN-T0.75,KXFED,hormuz_retaliation_threat,unscheduled_macro,unscheduled_macro,2026-09-08,live,active,binary,0.75%,Above 0.75%,0.75,,2025-10-06T14:00:00Z,2027-01-27T18:55:00Z,live,52
KXFED-27JAN-T0.50,KXFED,hormuz_retaliation_threat,unscheduled_macro,unscheduled_macro,2026-09-08,live,active,binary,0.50%,Above 0.50%,0.5,,2025-10-06T14:00:00Z,2027-01-27T18:55:00Z,live,53
KXFED-27JAN-T0.25,KXFED,hormuz_retaliation_threat,unscheduled_macro,unscheduled_macro,2026-09-08,live,active,binary,0.25%,Above 0.25%,0.25,,2025-10-06T14:00:00Z,2027-01-27T18:55:00Z,live,50
KXFED-27JAN-T0.00,KXFED,hormuz_retaliation_threat,unscheduled_macro,unscheduled_macro,2026-09-08,live,active,binary,0.00%,Above 0.00%,0,,2025-10-06T14:00:00Z,2027-01-27T18:55:00Z,live,47
KXFED-26DEC-T5.25,KXFED,hormuz_retaliation_threat,unscheduled_macro,unscheduled_macro,2026-09-08,live,active,binary,5.25%,Above 5.25%,5.25,,2025-08-06T14:30:00Z,2026-12-09T18:55:00Z,live,32
KXFED-26DEC-T5.00,KXFED,hormuz_retaliation_threat,unscheduled_macro,unscheduled_macro,2026-09-08,live,active,binary,5.00%,Above 5.00%,5,,2025-08-06T14:30:00Z,2026-12-09T18:55:00Z,live,46
KXFED-26DEC-T4.75,KXFED,hormuz_retaliation_threat,unscheduled_macro,unscheduled_macro,2026-09-08,live,active,binary,4.75%,Above 4.75%,4.75,,2025-08-06T14:30:00Z,2026-12-09T18:55:00Z,live,37
KXFED-26DEC-T4.50,KXFED,hormuz_retaliation_threat,unscheduled_macro,unscheduled_macro,2026-09-08,live,active,binary,4.50%,Above 4.50%,4.5,,2025-08-06T14:30:00Z,2026-12-09T18:55:00Z,live,46
KXFED-26DEC-T4.25,KXFED,hormuz_retaliation_threat,unscheduled_macro,unscheduled_macro,2026-09-08,live,active,binary,4.25%,Above 4.25%,4.25,,2025-08-06T14:30:00Z,2026-12-09T18:55:00Z,live,53
KXFED-26DEC-T4.00,KXFED,hormuz_retaliation_threat,unscheduled_macro,unscheduled_macro,2026-09-08,live,active,binary,4.00%,Above 4.00%,4,,2025-08-06T14:30:00Z,2026-12-09T18:55:00Z,live,54
KXFED-26DEC-T3.75,KXFED,hormuz_retaliation_threat,unscheduled_macro,unscheduled_macro,2026-09-08,live,active,binary,3.75%,Above 3.75%,3.75,,2025-08-06T14:30:00Z,2026-12-09T18:55:00Z,live,53
KXFED-26DEC-T3.50,KXFED,hormuz_retaliation_threat,unscheduled_macro,unscheduled_macro,2026-09-08,live,active,binary,3.50%,Above 3.50%,3.5,,2025-08-06T14:30:00Z,2026-12-09T18:55:00Z,live,55
KXFED-26DEC-T3.25,KXFED,hormuz_retaliation_threat,unscheduled_macro,unscheduled_macro,2026-09-08,live,active,binary,3.25%,Above 3.25%,3.25,,2025-08-06T14:30:00Z,2026-12-09T18:55:00Z,live,51
KXFED-26DEC-T3.00,KXFED,hormuz_retaliation_threat,unscheduled_macro,unscheduled_macro,2026-09-08,live,active,binary,3.00%,Above 3.00%,3,,2025-08-06T14:30:00Z,2026-12-09T18:55:00Z,live,49
KXFED-26DEC-T2.75,KXFED,hormuz_retaliation_threat,unscheduled_macro,unscheduled_macro,2026-09-08,live,active,binary,2.75%,Above 2.75%,2.75,,2025-08-06T14:30:00Z,2026-12-09T18:55:00Z,live,51
KXFED-26OCT-T5.25,KXFED,hormuz_retaliation_threat,unscheduled_macro,unscheduled_macro,2026-09-08,live,active,binary,5.25%,Above 5.25%,5.25,,2025-08-06T14:30:00Z,2026-10-28T17:55:00Z,live,45
KXFED-26OCT-T5.00,KXFED,hormuz_retaliation_threat,unscheduled_macro,unscheduled_macro,2026-09-08,live,active,binary,5.00%,Above 5.00%,5,,2025-08-06T14:30:00Z,2026-10-28T17:55:00Z,live,43
KXFED-26OCT-T4.75,KXFED,hormuz_retaliation_threat,unscheduled_macro,unscheduled_macro,2026-09-08,live,active,binary,4.75%,Above 4.75%,4.75,,2025-08-06T14:30:00Z,2026-10-28T17:55:00Z,live,48
KXFED-26OCT-T4.50,KXFED,hormuz_retaliation_threat,unscheduled_macro,unscheduled_macro,2026-09-08,live,active,binary,4.50%,Above 4.50%,4.5,,2025-08-06T14:30:00Z,2026-10-28T17:55:00Z,live,50
KXFED-26OCT-T4.25,KXFED,hormuz_retaliation_threat,unscheduled_macro,unscheduled_macro,2026-09-08,live,active,binary,4.25%,Above 4.25%,4.25,,2025-08-06T14:30:00Z,2026-10-28T17:55:00Z,live,49
KXFED-26OCT-T4.00,KXFED,hormuz_retaliation_threat,unscheduled_macro,unscheduled_macro,2026-09-08,live,active,binary,4.00%,Above 4.00%,4,,2025-08-06T14:30:00Z,2026-10-28T17:55:00Z,live,55
KXFED-26OCT-T3.75,KXFED,hormuz_retaliation_threat,unscheduled_macro,unscheduled_macro,2026-09-08,live,active,binary,3.75%,Above 3.75%,3.75,,2025-08-06T14:30:00Z,2026-10-28T17:55:00Z,live,55
KXFED-26OCT-T3.50,KXFED,hormuz_retaliation_threat,unscheduled_macro,unscheduled_macro,2026-09-08,live,active,binary,3.50%,Above 3.50%,3.5,,2025-08-06T14:30:00Z,2026-10-28T17:55:00Z,live,53
KXFED-26OCT-T3.25,KXFED,hormuz_retaliation_threat,unscheduled_macro,unscheduled_macro,2026-09-08,live,active,binary,3.25%,Above 3.25%,3.25,,2025-08-06T14:30:00Z,2026-10-28T17:55:00Z,live,52
KXFED-26OCT-T3.00,KXFED,hormuz_retaliation_threat,unscheduled_macro,unscheduled_macro,2026-09-08,live,active,binary,3.00%,Above 3.00%,3,,2025-08-06T14:30:00Z,2026-10-28T17:55:00Z,live,42
KXFED-26OCT-T2.75,KXFED,hormuz_retaliation_threat,unscheduled_macro,unscheduled_macro,2026-09-08,live,active,binary,2.75%,Above 2.75%,2.75,,2025-08-06T14:30:00Z,2026-10-28T17:55:00Z,live,48
KXFED-26SEP-T5.25,KXFED,hormuz_retaliation_threat,unscheduled_macro,unscheduled_macro,2026-09-08,live,finalized,binary,5.25%,Above 5.25%,5.25,,2025-08-06T14:30:00Z,2026-09-16T17:55:00Z,live,49
KXFED-26SEP-T5.00,KXFED,hormuz_retaliation_threat,unscheduled_macro,unscheduled_macro,2026-09-08,live,finalized,binary,5.00%,Above 5.00%,5,,2025-08-06T14:30:00Z,2026-09-16T17:55:00Z,live,50
KXFED-26SEP-T4.75,KXFED,hormuz_retaliation_threat,unscheduled_macro,unscheduled_macro,2026-09-08,live,finalized,binary,4.75%,Above 4.75%,4.75,,2025-08-06T14:30:00Z,2026-09-16T17:55:00Z,live,47
KXFED-26SEP-T4.50,KXFED,hormuz_retaliation_threat,unscheduled_macro,unscheduled_macro,2026-09-08,live,finalized,binary,4.50%,Above 4.50%,4.5,,2025-08-06T14:30:00Z,2026-09-16T17:55:00Z,live,50
KXFED-26SEP-T4.25,KXFED,hormuz_retaliation_threat,unscheduled_macro,unscheduled_macro,2026-09-08,live,finalized,binary,4.25%,Above 4.25%,4.25,,2025-08-06T14:30:00Z,2026-09-16T17:55:00Z,live,51
KXFED-26SEP-T4.00,KXFED,hormuz_retaliation_threat,unscheduled_macro,unscheduled_macro,2026-09-08,live,finalized,binary,4.00%,Above 4.00%,4,,2025-08-06T14:30:00Z,2026-09-16T17:55:00Z,live,55
KXFED-26SEP-T3.75,KXFED,hormuz_retaliation_threat,unscheduled_macro,unscheduled_macro,2026-09-08,live,finalized,binary,3.75%,Above 3.75%,3.75,,2025-08-06T14:30:00Z,2026-09-16T17:55:00Z,live,55
KXFED-26SEP-T3.50,KXFED,hormuz_retaliation_threat,unscheduled_macro,unscheduled_macro,2026-09-08,live,finalized,binary,3.50%,Above 3.50%,3.5,,2025-08-06T14:30:00Z,2026-09-16T17:55:00Z,live,49
KXFED-26SEP-T3.25,KXFED,hormuz_retaliation_threat,unscheduled_macro,unscheduled_macro,2026-09-08,live,finalized,binary,3.25%,Above 3.25%,3.25,,2025-08-06T14:30:00Z,2026-09-16T17:55:00Z,live,36
KXFED-26SEP-T3.00,KXFED,hormuz_retaliation_threat,unscheduled_macro,unscheduled_macro,2026-09-08,live,finalized,binary,3.00%,Above 3.00%,3,,2025-08-06T14:30:00Z,2026-09-16T17:55:00Z,live,45
KXFED-26SEP-T2.75,KXFED,hormuz_retaliation_threat,unscheduled_macro,unscheduled_macro,2026-09-08,live,finalized,binary,2.75%,Above 2.75%,2.75,,2025-08-06T14:30:00Z,2026-09-16T17:55:00Z,live,47
KXFED-26JUL-T5.25,KXFED,hormuz_retaliation_threat,unscheduled_macro,unscheduled_macro,2026-09-08,live,finalized,binary,5.25%,Above 5.25%,5.25,,2025-08-06T14:30:00Z,2026-07-29T17:55:00Z,live,5
KXFED-26JUL-T5.00,KXFED,hormuz_retaliation_threat,unscheduled_macro,unscheduled_macro,2026-09-08,live,finalized,binary,5.00%,Above 5.00%,5,,2025-08-06T14:30:00Z,2026-07-29T17:55:00Z,live,5
KXFED-26JUL-T4.75,KXFED,hormuz_retaliation_threat,unscheduled_macro,unscheduled_macro,2026-09-08,live,finalized,binary,4.75%,Above 4.75%,4.75,,2025-08-06T14:30:00Z,2026-07-29T17:55:00Z,live,6
KXFED-26JUL-T4.50,KXFED,hormuz_retaliation_threat,unscheduled_macro,unscheduled_macro,2026-09-08,live,finalized,binary,4.50%,Above 4.50%,4.5,,2025-08-06T14:30:00Z,2026-07-29T17:55:00Z,live,5
KXFED-26JUL-T4.25,KXFED,hormuz_retaliation_threat,unscheduled_macro,unscheduled_macro,2026-09-08,live,finalized,binary,4.25%,Above 4.25%,4.25,,2025-08-06T14:30:00Z,2026-07-29T17:55:00Z,live,6
KXFED-26JUL-T4.00,KXFED,hormuz_retaliation_threat,unscheduled_macro,unscheduled_macro,2026-09-08,live,finalized,binary,4.00%,Above 4.00%,4,,2025-08-06T14:30:00Z,2026-07-29T17:55:00Z,live,6
KXFED-26JUL-T3.75,KXFED,hormuz_retaliation_threat,unscheduled_macro,unscheduled_macro,2026-09-08,live,finalized,binary,3.75%,Above 3.75%,3.75,,2025-08-06T14:30:00Z,2026-07-29T17:55:00Z,live,6
KXFED-26JUL-T3.50,KXFED,hormuz_retaliation_threat,unscheduled_macro,unscheduled_macro,2026-09-08,live,finalized,binary,3.50%,Above 3.50%,3.5,,2025-08-06T14:30:00Z,2026-07-29T17:55:00Z,live,6
KXFED-26JUL-T3.25,KXFED,hormuz_retaliation_threat,unscheduled_macro,unscheduled_macro,2026-09-08,live,finalized,binary,3.25%,Above 3.25%,3.25,,2025-08-06T14:30:00Z,2026-07-29T17:55:00Z,live,6
KXFED-26JUL-T3.00,KXFED,hormuz_retaliation_threat,unscheduled_macro,unscheduled_macro,2026-09-08,live,finalized,binary,3.00%,Above 3.00%,3,,2025-08-06T14:30:00Z,2026-07-29T17:55:00Z,live,6
KXFED-26JUL-T2.75,KXFED,hormuz_retaliation_threat,unscheduled_macro,unscheduled_macro,2026-09-08,live,finalized,binary,2.75%,Above 2.75%,2.75,,2025-08-06T14:30:00Z,2026-07-29T17:55:00Z,live,6
KXCPI-26AUG-T1.0,KXCPI,canada_proclamations,unscheduled_macro,unscheduled_macro,2026-09-08,live,finalized,binary,1.0%,Above 1.0%,1,,2026-07-23T21:00:00Z,2026-09-11T12:25:00Z,live,43
KXCPI-26AUG-T0.9,KXCPI,canada_proclamations,unscheduled_macro,unscheduled_macro,2026-09-08,live,finalized,binary,0.9%,Above 0.9%,0.9,,2026-07-23T21:00:00Z,2026-09-11T12:25:00Z,live,45
KXCPI-26AUG-T0.8,KXCPI,canada_proclamations,unscheduled_macro,unscheduled_macro,2026-09-08,live,finalized,binary,0.8%,Above 0.8%,0.8,,2026-07-23T21:00:00Z,2026-09-11T12:25:00Z,live,43
KXCPI-26AUG-T0.7,KXCPI,canada_proclamations,unscheduled_macro,unscheduled_macro,2026-09-08,live,finalized,binary,0.7%,Above 0.7%,0.7,,2026-07-23T21:00:00Z,2026-09-11T12:25:00Z,live,47
KXCPI-26AUG-T0.6,KXCPI,canada_proclamations,unscheduled_macro,unscheduled_macro,2026-09-08,live,finalized,binary,0.6%,Above 0.6%,0.6,,2026-07-23T21:00:00Z,2026-09-11T12:25:00Z,live,47
KXCPI-26SEP-T0.6,KXCPI,canada_proclamations,unscheduled_macro,unscheduled_macro,2026-09-08,live,active,binary,0.6%,Above 0.6%,0.6,,2026-07-20T18:00:00Z,2026-10-14T12:25:00Z,live,53
KXCPI-26SEP-T-0.4,KXCPI,canada_proclamations,unscheduled_macro,unscheduled_macro,2026-09-08,live,active,binary,-0.4%,Above -0.4%,-0.4,,2026-07-20T18:00:00Z,2026-10-14T12:25:00Z,live,47
KXCPI-26SEP-T-0.3,KXCPI,canada_proclamations,unscheduled_macro,unscheduled_macro,2026-09-08,live,active,binary,-0.3%,Above -0.3%,-0.3,,2026-07-20T18:00:00Z,2026-10-14T12:25:00Z,live,50
KXCPI-26SEP-T-0.2,KXCPI,canada_proclamations,unscheduled_macro,unscheduled_macro,2026-09-08,live,active,binary,-0.2%,Above -0.2%,-0.2,,2026-07-20T18:00:00Z,2026-10-14T12:25:00Z,live,46
KXCPI-26AUG-T-0.4,KXCPI,canada_proclamations,unscheduled_macro,unscheduled_macro,2026-09-08,live,finalized,binary,-0.4%,Above -0.4%,-0.4,,2026-07-20T18:00:00Z,2026-09-11T12:25:00Z,live,41
KXCPI-26AUG-T-0.3,KXCPI,canada_proclamations,unscheduled_macro,unscheduled_macro,2026-09-08,live,finalized,binary,-0.3%,Above -0.3%,-0.3,,2026-07-20T18:00:00Z,2026-09-11T12:25:00Z,live,45
KXCPI-26AUG-T-0.2,KXCPI,canada_proclamations,unscheduled_macro,unscheduled_macro,2026-09-08,live,finalized,binary,-0.2%,Above -0.2%,-0.2,,2026-07-20T18:00:00Z,2026-09-11T12:25:00Z,live,46
KXCPI-26JUL-T-0.4,KXCPI,canada_proclamations,unscheduled_macro,unscheduled_macro,2026-09-08,live,finalized,binary,-0.4%,Above -0.4%,-0.4,,2026-06-16T17:45:00Z,2026-08-12T12:25:00Z,live,20
KXCPI-26JUL-T-0.3,KXCPI,canada_proclamations,unscheduled_macro,unscheduled_macro,2026-09-08,live,finalized,binary,-0.3%,Above -0.3%,-0.3,,2026-06-16T17:45:00Z,2026-08-12T12:25:00Z,live,20
KXCPI-26JUL-T-0.2,KXCPI,canada_proclamations,unscheduled_macro,unscheduled_macro,2026-09-08,live,finalized,binary,-0.2%,Above -0.2%,-0.2,,2026-06-16T17:45:00Z,2026-08-12T12:25:00Z,live,20
KXCPI-26NOV-T0.5,KXCPI,canada_proclamations,unscheduled_macro,unscheduled_macro,2026-09-08,live,active,binary,0.5%,Above 0.5%,0.5,,2026-02-20T15:00:00Z,2026-12-10T13:25:00Z,live,35
KXCPI-26NOV-T0.4,KXCPI,canada_proclamations,unscheduled_macro,unscheduled_macro,2026-09-08,live,active,binary,0.4%,Above 0.4%,0.4,,2026-02-20T15:00:00Z,2026-12-10T13:25:00Z,live,35
KXCPI-26NOV-T0.3,KXCPI,canada_proclamations,unscheduled_macro,unscheduled_macro,2026-09-08,live,active,binary,0.3%,Above 0.3%,0.3,,2026-02-20T15:00:00Z,2026-12-10T13:25:00Z,live,46
KXCPI-26NOV-T0.2,KXCPI,canada_proclamations,unscheduled_macro,unscheduled_macro,2026-09-08,live,active,binary,0.2%,Above 0.2%,0.2,,2026-02-20T15:00:00Z,2026-12-10T13:25:00Z,live,45
KXCPI-26NOV-T0.1,KXCPI,canada_proclamations,unscheduled_macro,unscheduled_macro,2026-09-08,live,active,binary,0.1%,Above 0.1%,0.1,,2026-02-20T15:00:00Z,2026-12-10T13:25:00Z,live,44
KXCPI-26NOV-T-0.1,KXCPI,canada_proclamations,unscheduled_macro,unscheduled_macro,2026-09-08,live,active,binary,-0.1%,Above -0.1%,-0.1,,2026-02-20T15:00:00Z,2026-12-10T13:25:00Z,live,32
KXCPI-26NOV-T0.0,KXCPI,canada_proclamations,unscheduled_macro,unscheduled_macro,2026-09-08,live,active,binary,0.0%,Above 0.0%,0,,2026-02-20T15:00:00Z,2026-12-10T13:25:00Z,live,41
KXCPI-26OCT-T0.5,KXCPI,canada_proclamations,unscheduled_macro,unscheduled_macro,2026-09-08,live,active,binary,0.5%,Above 0.5%,0.5,,2026-02-20T15:00:00Z,2026-11-10T13:25:00Z,live,33
KXCPI-26OCT-T0.4,KXCPI,canada_proclamations,unscheduled_macro,unscheduled_macro,2026-09-08,live,active,binary,0.4%,Above 0.4%,0.4,,2026-02-20T15:00:00Z,2026-11-10T13:25:00Z,live,40
KXCPI-26OCT-T0.3,KXCPI,canada_proclamations,unscheduled_macro,unscheduled_macro,2026-09-08,live,active,binary,0.3%,Above 0.3%,0.3,,2026-02-20T15:00:00Z,2026-11-10T13:25:00Z,live,49
KXCPI-26OCT-T0.2,KXCPI,canada_proclamations,unscheduled_macro,unscheduled_macro,2026-09-08,live,active,binary,0.2%,Above 0.2%,0.2,,2026-02-20T15:00:00Z,2026-11-10T13:25:00Z,live,50
KXCPI-26OCT-T0.1,KXCPI,canada_proclamations,unscheduled_macro,unscheduled_macro,2026-09-08,live,active,binary,0.1%,Above 0.1%,0.1,,2026-02-20T15:00:00Z,2026-11-10T13:25:00Z,live,37
KXCPI-26OCT-T-0.1,KXCPI,canada_proclamations,unscheduled_macro,unscheduled_macro,2026-09-08,live,active,binary,-0.1%,Above -0.1%,-0.1,,2026-02-20T15:00:00Z,2026-11-10T13:25:00Z,live,44
KXCPI-26OCT-T0.0,KXCPI,canada_proclamations,unscheduled_macro,unscheduled_macro,2026-09-08,live,active,binary,0.0%,Above 0.0%,0,,2026-02-20T15:00:00Z,2026-11-10T13:25:00Z,live,39
KXCPI-26SEP-T0.5,KXCPI,canada_proclamations,unscheduled_macro,unscheduled_macro,2026-09-08,live,active,binary,0.5%,Above 0.5%,0.5,,2026-02-20T15:00:00Z,2026-10-14T12:25:00Z,live,48
KXCPI-26SEP-T0.4,KXCPI,canada_proclamations,unscheduled_macro,unscheduled_macro,2026-09-08,live,active,binary,0.4%,Above 0.4%,0.4,,2026-02-20T15:00:00Z,2026-10-14T12:25:00Z,live,55
KXCPI-26SEP-T0.3,KXCPI,canada_proclamations,unscheduled_macro,unscheduled_macro,2026-09-08,live,active,binary,0.3%,Above 0.3%,0.3,,2026-02-20T15:00:00Z,2026-10-14T12:25:00Z,live,55
KXCPI-26SEP-T0.2,KXCPI,canada_proclamations,unscheduled_macro,unscheduled_macro,2026-09-08,live,active,binary,0.2%,Above 0.2%,0.2,,2026-02-20T15:00:00Z,2026-10-14T12:25:00Z,live,52
KXCPI-26SEP-T0.1,KXCPI,canada_proclamations,unscheduled_macro,unscheduled_macro,2026-09-08,live,active,binary,0.1%,Above 0.1%,0.1,,2026-02-20T15:00:00Z,2026-10-14T12:25:00Z,live,49
KXCPI-26SEP-T-0.1,KXCPI,canada_proclamations,unscheduled_macro,unscheduled_macro,2026-09-08,live,active,binary,-0.1%,Above -0.1%,-0.1,,2026-02-20T15:00:00Z,2026-10-14T12:25:00Z,live,52
KXCPI-26SEP-T0.0,KXCPI,canada_proclamations,unscheduled_macro,unscheduled_macro,2026-09-08,live,active,binary,0.0%,Above 0.0%,0,,2026-02-20T15:00:00Z,2026-10-14T12:25:00Z,live,47
KXCPI-26AUG-T0.5,KXCPI,canada_proclamations,unscheduled_macro,unscheduled_macro,2026-09-08,live,finalized,binary,0.5%,Above 0.5%,0.5,,2026-02-20T15:00:00Z,2026-09-11T12:25:00Z,live,47
KXCPI-26AUG-T0.4,KXCPI,canada_proclamations,unscheduled_macro,unscheduled_macro,2026-09-08,live,finalized,binary,0.4%,Above 0.4%,0.4,,2026-02-20T15:00:00Z,2026-09-11T12:25:00Z,live,50
KXCPI-26AUG-T0.3,KXCPI,canada_proclamations,unscheduled_macro,unscheduled_macro,2026-09-08,live,finalized,binary,0.3%,Above 0.3%,0.3,,2026-02-20T15:00:00Z,2026-09-11T12:25:00Z,live,50
KXCPI-26AUG-T0.2,KXCPI,canada_proclamations,unscheduled_macro,unscheduled_macro,2026-09-08,live,finalized,binary,0.2%,Above 0.2%,0.2,,2026-02-20T15:00:00Z,2026-09-11T12:25:00Z,live,50
KXCPI-26AUG-T0.1,KXCPI,canada_proclamations,unscheduled_macro,unscheduled_macro,2026-09-08,live,finalized,binary,0.1%,Above 0.1%,0.1,,2026-02-20T15:00:00Z,2026-09-11T12:25:00Z,live,49
KXCPI-26AUG-T-0.1,KXCPI,canada_proclamations,unscheduled_macro,unscheduled_macro,2026-09-08,live,finalized,binary,-0.1%,Above -0.1%,-0.1,,2026-02-20T15:00:00Z,2026-09-11T12:25:00Z,live,41
KXCPI-26AUG-T0.0,KXCPI,canada_proclamations,unscheduled_macro,unscheduled_macro,2026-09-08,live,finalized,binary,0.0%,Above 0.0%,0,,2026-02-20T15:00:00Z,2026-09-11T12:25:00Z,live,44
KXCPI-26JUL-T0.5,KXCPI,canada_proclamations,unscheduled_macro,unscheduled_macro,2026-09-08,live,finalized,binary,0.5%,Above 0.5%,0.5,,2026-02-20T15:00:00Z,2026-08-12T12:25:00Z,live,20
KXCPI-26JUL-T0.4,KXCPI,canada_proclamations,unscheduled_macro,unscheduled_macro,2026-09-08,live,finalized,binary,0.4%,Above 0.4%,0.4,,2026-02-20T15:00:00Z,2026-08-12T12:25:00Z,live,20
KXCPI-26JUL-T0.3,KXCPI,canada_proclamations,unscheduled_macro,unscheduled_macro,2026-09-08,live,finalized,binary,0.3%,Above 0.3%,0.3,,2026-02-20T15:00:00Z,2026-08-12T12:25:00Z,live,20
KXCPI-26JUL-T0.2,KXCPI,canada_proclamations,unscheduled_macro,unscheduled_macro,2026-09-08,live,finalized,binary,0.2%,Above 0.2%,0.2,,2026-02-20T15:00:00Z,2026-08-12T12:25:00Z,live,20
KXCPI-26JUL-T0.1,KXCPI,canada_proclamations,unscheduled_macro,unscheduled_macro,2026-09-08,live,finalized,binary,0.1%,Above 0.1%,0.1,,2026-02-20T15:00:00Z,2026-08-12T12:25:00Z,live,20
KXCPI-26JUL-T-0.1,KXCPI,canada_proclamations,unscheduled_macro,unscheduled_macro,2026-09-08,live,finalized,binary,-0.1%,Above -0.1%,-0.1,,2026-02-20T15:00:00Z,2026-08-12T12:25:00Z,live,20
KXCPI-26JUL-T0.0,KXCPI,canada_proclamations,unscheduled_macro,unscheduled_macro,2026-09-08,live,finalized,binary,0.0%,Above 0.0%,0,,2026-02-20T15:00:00Z,2026-08-12T12:25:00Z,live,20
KXCPICORE-26NOV-T1.0,KXCPICORE,canada_proclamations,unscheduled_macro,unscheduled_macro,2026-09-08,live,active,binary,1.0,Above 1.0%,1,1,2026-06-11T00:15:00Z,2026-12-10T13:25:00Z,live,10
KXCPICORE-26NOV-T0.9,KXCPICORE,canada_proclamations,unscheduled_macro,unscheduled_macro,2026-09-08,live,active,binary,0.9,Above 0.9%,0.9,0.9,2026-06-11T00:15:00Z,2026-12-10T13:25:00Z,live,22
KXCPICORE-26NOV-T0.8,KXCPICORE,canada_proclamations,unscheduled_macro,unscheduled_macro,2026-09-08,live,active,binary,0.8,Above 0.8%,0.8,0.8,2026-06-11T00:15:00Z,2026-12-10T13:25:00Z,live,24
KXCPICORE-26NOV-T0.7,KXCPICORE,canada_proclamations,unscheduled_macro,unscheduled_macro,2026-09-08,live,active,binary,0.7,Above 0.7%,0.7,0.7,2026-06-11T00:15:00Z,2026-12-10T13:25:00Z,live,36
KXCPICORE-26NOV-T0.6,KXCPICORE,canada_proclamations,unscheduled_macro,unscheduled_macro,2026-09-08,live,active,binary,0.6,Above 0.6%,0.6,0.6,2026-06-11T00:15:00Z,2026-12-10T13:25:00Z,live,35
KXCPICORE-26NOV-T0.5,KXCPICORE,canada_proclamations,unscheduled_macro,unscheduled_macro,2026-09-08,live,active,binary,0.5,Above 0.5%,0.5,0.5,2026-06-11T00:15:00Z,2026-12-10T13:25:00Z,live,35
KXCPICORE-26NOV-T0.4,KXCPICORE,canada_proclamations,unscheduled_macro,unscheduled_macro,2026-09-08,live,active,binary,0.4,Above 0.4%,0.4,0.4,2026-06-11T00:15:00Z,2026-12-10T13:25:00Z,live,32
KXCPICORE-26NOV-T0.3,KXCPICORE,canada_proclamations,unscheduled_macro,unscheduled_macro,2026-09-08,live,active,binary,0.3,Above 0.3%,0.3,0.3,2026-06-11T00:15:00Z,2026-12-10T13:25:00Z,live,39
KXCPICORE-26NOV-T0.2,KXCPICORE,canada_proclamations,unscheduled_macro,unscheduled_macro,2026-09-08,live,active,binary,0.2,Above 0.2%,0.2,0.2,2026-06-11T00:15:00Z,2026-12-10T13:25:00Z,live,50
KXCPICORE-26NOV-T0.1,KXCPICORE,canada_proclamations,unscheduled_macro,unscheduled_macro,2026-09-08,live,active,binary,0.1,Above 0.1%,0.1,0.1,2026-06-11T00:15:00Z,2026-12-10T13:25:00Z,live,44
KXCPICORE-26NOV-T0.0,KXCPICORE,canada_proclamations,unscheduled_macro,unscheduled_macro,2026-09-08,live,active,binary,0.0,Above 0.0%,0,0,2026-06-11T00:15:00Z,2026-12-10T13:25:00Z,live,37
KXCPICORE-26OCT-T1.0,KXCPICORE,canada_proclamations,unscheduled_macro,unscheduled_macro,2026-09-08,live,active,binary,1.0,Above 1.0%,1,1,2026-06-10T20:00:00Z,2026-11-10T13:25:00Z,live,21
KXCPICORE-26OCT-T0.9,KXCPICORE,canada_proclamations,unscheduled_macro,unscheduled_macro,2026-09-08,live,active,binary,0.9,Above 0.9%,0.9,0.9,2026-06-10T20:00:00Z,2026-11-10T13:25:00Z,live,15
KXCPICORE-26OCT-T0.8,KXCPICORE,canada_proclamations,unscheduled_macro,unscheduled_macro,2026-09-08,live,active,binary,0.8,Above 0.8%,0.8,0.8,2026-06-10T20:00:00Z,2026-11-10T13:25:00Z,live,35
KXCPICORE-26OCT-T0.7,KXCPICORE,canada_proclamations,unscheduled_macro,unscheduled_macro,2026-09-08,live,active,binary,0.7,Above 0.7%,0.7,0.7,2026-06-10T20:00:00Z,2026-11-10T13:25:00Z,live,38
KXCPICORE-26OCT-T0.6,KXCPICORE,canada_proclamations,unscheduled_macro,unscheduled_macro,2026-09-08,live,active,binary,0.6,Above 0.6%,0.6,0.6,2026-06-10T20:00:00Z,2026-11-10T13:25:00Z,live,30
KXCPICORE-26OCT-T0.5,KXCPICORE,canada_proclamations,unscheduled_macro,unscheduled_macro,2026-09-08,live,active,binary,0.5,Above 0.5%,0.5,0.5,2026-06-10T20:00:00Z,2026-11-10T13:25:00Z,live,28
KXCPICORE-26OCT-T0.4,KXCPICORE,canada_proclamations,unscheduled_macro,unscheduled_macro,2026-09-08,live,active,binary,0.4,Above 0.4%,0.4,0.4,2026-06-10T20:00:00Z,2026-11-10T13:25:00Z,live,34
KXCPICORE-26OCT-T0.3,KXCPICORE,canada_proclamations,unscheduled_macro,unscheduled_macro,2026-09-08,live,active,binary,0.3,Above 0.3%,0.3,0.3,2026-06-10T20:00:00Z,2026-11-10T13:25:00Z,live,37
KXCPICORE-26OCT-T0.2,KXCPICORE,canada_proclamations,unscheduled_macro,unscheduled_macro,2026-09-08,live,active,binary,0.2,Above 0.2%,0.2,0.2,2026-06-10T20:00:00Z,2026-11-10T13:25:00Z,live,41
KXCPICORE-26OCT-T0.1,KXCPICORE,canada_proclamations,unscheduled_macro,unscheduled_macro,2026-09-08,live,active,binary,0.1,Above 0.1%,0.1,0.1,2026-06-10T20:00:00Z,2026-11-10T13:25:00Z,live,41
KXCPICORE-26OCT-T0.0,KXCPICORE,canada_proclamations,unscheduled_macro,unscheduled_macro,2026-09-08,live,active,binary,0.0,Above 0.0%,0,0,2026-06-10T20:00:00Z,2026-11-10T13:25:00Z,live,40
KXCPICORE-26SEP-T1.0,KXCPICORE,canada_proclamations,unscheduled_macro,unscheduled_macro,2026-09-08,live,active,binary,1.0,Above 1.0%,1,1,2026-06-10T19:50:00Z,2026-10-14T12:25:00Z,live,5
KXCPICORE-26SEP-T0.9,KXCPICORE,canada_proclamations,unscheduled_macro,unscheduled_macro,2026-09-08,live,active,binary,0.9,Above 0.9%,0.9,0.9,2026-06-10T19:50:00Z,2026-10-14T12:25:00Z,live,6
KXCPICORE-26SEP-T0.8,KXCPICORE,canada_proclamations,unscheduled_macro,unscheduled_macro,2026-09-08,live,active,binary,0.8,Above 0.8%,0.8,0.8,2026-06-10T19:50:00Z,2026-10-14T12:25:00Z,live,6
KXCPICORE-26SEP-T0.7,KXCPICORE,canada_proclamations,unscheduled_macro,unscheduled_macro,2026-09-08,live,active,binary,0.7,Above 0.7%,0.7,0.7,2026-06-10T19:50:00Z,2026-10-14T12:25:00Z,live,33
KXCPICORE-26SEP-T0.6,KXCPICORE,canada_proclamations,unscheduled_macro,unscheduled_macro,2026-09-08,live,active,binary,0.6,Above 0.6%,0.6,0.6,2026-06-10T19:50:00Z,2026-10-14T12:25:00Z,live,26
KXCPICORE-26SEP-T0.5,KXCPICORE,canada_proclamations,unscheduled_macro,unscheduled_macro,2026-09-08,live,active,binary,0.5,Above 0.5%,0.5,0.5,2026-06-10T19:50:00Z,2026-10-14T12:25:00Z,live,25
KXCPICORE-26SEP-T0.4,KXCPICORE,canada_proclamations,unscheduled_macro,unscheduled_macro,2026-09-08,live,active,binary,0.4,Above 0.4%,0.4,0.4,2026-06-10T19:50:00Z,2026-10-14T12:25:00Z,live,34
KXCPICORE-26SEP-T0.3,KXCPICORE,canada_proclamations,unscheduled_macro,unscheduled_macro,2026-09-08,live,active,binary,0.3,Above 0.3%,0.3,0.3,2026-06-10T19:50:00Z,2026-10-14T12:25:00Z,live,36
KXCPICORE-26SEP-T0.2,KXCPICORE,canada_proclamations,unscheduled_macro,unscheduled_macro,2026-09-08,live,active,binary,0.2,Above 0.2%,0.2,0.2,2026-06-10T19:50:00Z,2026-10-14T12:25:00Z,live,43
KXCPICORE-26SEP-T0.1,KXCPICORE,canada_proclamations,unscheduled_macro,unscheduled_macro,2026-09-08,live,active,binary,0.1,Above 0.1%,0.1,0.1,2026-06-10T19:50:00Z,2026-10-14T12:25:00Z,live,40
KXCPICORE-26SEP-T0.0,KXCPICORE,canada_proclamations,unscheduled_macro,unscheduled_macro,2026-09-08,live,active,binary,0.0,Above 0.0%,0,0,2026-06-10T19:50:00Z,2026-10-14T12:25:00Z,live,36
KXCPICORE-26AUG-T1.0,KXCPICORE,canada_proclamations,unscheduled_macro,unscheduled_macro,2026-09-08,live,finalized,binary,1.0,Above 1.0%,1,1,2026-06-10T18:30:00Z,2026-09-11T12:25:00Z,live,8
KXCPICORE-26AUG-T0.9,KXCPICORE,canada_proclamations,unscheduled_macro,unscheduled_macro,2026-09-08,live,finalized,binary,0.9,Above 0.9%,0.9,0.9,2026-06-10T18:30:00Z,2026-09-11T12:25:00Z,live,11
KXCPICORE-26AUG-T0.8,KXCPICORE,canada_proclamations,unscheduled_macro,unscheduled_macro,2026-09-08,live,finalized,binary,0.8,Above 0.8%,0.8,0.8,2026-06-10T18:30:00Z,2026-09-11T12:25:00Z,live,40
KXCPICORE-26AUG-T0.7,KXCPICORE,canada_proclamations,unscheduled_macro,unscheduled_macro,2026-09-08,live,finalized,binary,0.7,Above 0.7%,0.7,0.7,2026-06-10T18:30:00Z,2026-09-11T12:25:00Z,live,39
KXCPICORE-26AUG-T0.6,KXCPICORE,canada_proclamations,unscheduled_macro,unscheduled_macro,2026-09-08,live,finalized,binary,0.6,Above 0.6%,0.6,0.6,2026-06-10T18:30:00Z,2026-09-11T12:25:00Z,live,39
KXCPICORE-26AUG-T0.5,KXCPICORE,canada_proclamations,unscheduled_macro,unscheduled_macro,2026-09-08,live,finalized,binary,0.5,Above 0.5%,0.5,0.5,2026-06-10T18:30:00Z,2026-09-11T12:25:00Z,live,39
KXCPICORE-26AUG-T0.4,KXCPICORE,canada_proclamations,unscheduled_macro,unscheduled_macro,2026-09-08,live,finalized,binary,0.4,Above 0.4%,0.4,0.4,2026-06-10T18:30:00Z,2026-09-11T12:25:00Z,live,29
KXCPICORE-26AUG-T0.3,KXCPICORE,canada_proclamations,unscheduled_macro,unscheduled_macro,2026-09-08,live,finalized,binary,0.3,Above 0.3%,0.3,0.3,2026-06-10T18:30:00Z,2026-09-11T12:25:00Z,live,42
KXCPICORE-26AUG-T0.2,KXCPICORE,canada_proclamations,unscheduled_macro,unscheduled_macro,2026-09-08,live,finalized,binary,0.2,Above 0.2%,0.2,0.2,2026-06-10T18:30:00Z,2026-09-11T12:25:00Z,live,46
KXCPICORE-26AUG-T0.1,KXCPICORE,canada_proclamations,unscheduled_macro,unscheduled_macro,2026-09-08,live,finalized,binary,0.1,Above 0.1%,0.1,0.1,2026-06-10T18:30:00Z,2026-09-11T12:25:00Z,live,41
KXCPICORE-26AUG-T0.0,KXCPICORE,canada_proclamations,unscheduled_macro,unscheduled_macro,2026-09-08,live,finalized,binary,0.0,Above 0.0%,0,0,2026-06-10T18:30:00Z,2026-09-11T12:25:00Z,live,41
KXCPICORE-26JUL-T1.0,KXCPICORE,canada_proclamations,unscheduled_macro,unscheduled_macro,2026-09-08,live,finalized,binary,1.0,Above 1.0%,1,1,2026-05-12T16:00:00Z,2026-08-12T12:25:00Z,live,18
KXCPICORE-26JUL-T0.9,KXCPICORE,canada_proclamations,unscheduled_macro,unscheduled_macro,2026-09-08,live,finalized,binary,0.9,Above 0.9%,0.9,0.9,2026-05-12T16:00:00Z,2026-08-12T12:25:00Z,live,18
KXCPICORE-26JUL-T0.8,KXCPICORE,canada_proclamations,unscheduled_macro,unscheduled_macro,2026-09-08,live,finalized,binary,0.8,Above 0.8%,0.8,0.8,2026-05-12T16:00:00Z,2026-08-12T12:25:00Z,live,14
KXCPICORE-26JUL-T0.7,KXCPICORE,canada_proclamations,unscheduled_macro,unscheduled_macro,2026-09-08,live,finalized,binary,0.7,Above 0.7%,0.7,0.7,2026-05-12T16:00:00Z,2026-08-12T12:25:00Z,live,19
KXCPICORE-26JUL-T0.6,KXCPICORE,canada_proclamations,unscheduled_macro,unscheduled_macro,2026-09-08,live,finalized,binary,0.6,Above 0.6%,0.6,0.6,2026-05-12T16:00:00Z,2026-08-12T12:25:00Z,live,18
KXCPICORE-26JUL-T0.5,KXCPICORE,canada_proclamations,unscheduled_macro,unscheduled_macro,2026-09-08,live,finalized,binary,0.5,Above 0.5%,0.5,0.5,2026-05-12T16:00:00Z,2026-08-12T12:25:00Z,live,20
KXCPICORE-26JUL-T0.4,KXCPICORE,canada_proclamations,unscheduled_macro,unscheduled_macro,2026-09-08,live,finalized,binary,0.4,Above 0.4%,0.4,0.4,2026-05-12T16:00:00Z,2026-08-12T12:25:00Z,live,20
KXCPICORE-26JUL-T0.3,KXCPICORE,canada_proclamations,unscheduled_macro,unscheduled_macro,2026-09-08,live,finalized,binary,0.3,Above 0.3%,0.3,0.3,2026-05-12T16:00:00Z,2026-08-12T12:25:00Z,live,19
KXCPICORE-26JUL-T0.2,KXCPICORE,canada_proclamations,unscheduled_macro,unscheduled_macro,2026-09-08,live,finalized,binary,0.2,Above 0.2%,0.2,0.2,2026-05-12T16:00:00Z,2026-08-12T12:25:00Z,live,20
KXCPICORE-26JUL-T0.1,KXCPICORE,canada_proclamations,unscheduled_macro,unscheduled_macro,2026-09-08,live,finalized,binary,0.1,Above 0.1%,0.1,0.1,2026-05-12T16:00:00Z,2026-08-12T12:25:00Z,live,20
KXCPICORE-26JUL-T0.0,KXCPICORE,canada_proclamations,unscheduled_macro,unscheduled_macro,2026-09-08,live,finalized,binary,0.0,Above 0.0%,0,0,2026-05-12T16:00:00Z,2026-08-12T12:25:00Z,live,20
KXCPI-26OCT-T1.0,KXCPI,perim_island_seized,unscheduled_macro,unscheduled_macro,2026-09-11,live,active,binary,1.0%,Above 1.0%,1,,2026-09-18T16:00:00Z,2026-11-10T13:25:00Z,live,2
KXCPI-26OCT-T0.9,KXCPI,perim_island_seized,unscheduled_macro,unscheduled_macro,2026-09-11,live,active,binary,0.9%,Above 0.9%,0.9,,2026-09-18T16:00:00Z,2026-11-10T13:25:00Z,live,2
KXCPI-26OCT-T0.8,KXCPI,perim_island_seized,unscheduled_macro,unscheduled_macro,2026-09-11,live,active,binary,0.8%,Above 0.8%,0.8,,2026-09-18T16:00:00Z,2026-11-10T13:25:00Z,live,2
KXCPI-26OCT-T0.7,KXCPI,perim_island_seized,unscheduled_macro,unscheduled_macro,2026-09-11,live,active,binary,0.7%,Above 0.7%,0.7,,2026-09-18T16:00:00Z,2026-11-10T13:25:00Z,live,2
KXCPI-26OCT-T0.6,KXCPI,perim_island_seized,unscheduled_macro,unscheduled_macro,2026-09-11,live,active,binary,0.6%,Above 0.6%,0.6,,2026-09-18T16:00:00Z,2026-11-10T13:25:00Z,live,2
KXCPI-26DEC-T0.9,KXCPI,perim_island_seized,unscheduled_macro,unscheduled_macro,2026-09-11,live,active,binary,0.9%,Above 0.9%,0.9,,2026-09-17T15:30:00Z,2027-01-13T13:25:00Z,live,3
KXCPI-26DEC-T0.8,KXCPI,perim_island_seized,unscheduled_macro,unscheduled_macro,2026-09-11,live,active,binary,0.8%,Above 0.8%,0.8,,2026-09-17T15:30:00Z,2027-01-13T13:25:00Z,live,3
KXCPI-26DEC-T0.7,KXCPI,perim_island_seized,unscheduled_macro,unscheduled_macro,2026-09-11,live,active,binary,0.7%,Above 0.7%,0.7,,2026-09-17T15:30:00Z,2027-01-13T13:25:00Z,live,3
KXCPI-26DEC-T0.6,KXCPI,perim_island_seized,unscheduled_macro,unscheduled_macro,2026-09-11,live,active,binary,0.6%,Above 0.6%,0.6,,2026-09-17T15:30:00Z,2027-01-13T13:25:00Z,live,3
KXCPI-26DEC-T0.5,KXCPI,perim_island_seized,unscheduled_macro,unscheduled_macro,2026-09-11,live,active,binary,0.5%,Above 0.5%,0.5,,2026-09-17T15:30:00Z,2027-01-13T13:25:00Z,live,3
KXCPI-26DEC-T0.4,KXCPI,perim_island_seized,unscheduled_macro,unscheduled_macro,2026-09-11,live,active,binary,0.4%,Above 0.4%,0.4,,2026-09-17T15:30:00Z,2027-01-13T13:25:00Z,live,3
KXCPI-26DEC-T0.3,KXCPI,perim_island_seized,unscheduled_macro,unscheduled_macro,2026-09-11,live,active,binary,0.3%,Above 0.3%,0.3,,2026-09-17T15:30:00Z,2027-01-13T13:25:00Z,live,3
KXCPI-26DEC-T0.2,KXCPI,perim_island_seized,unscheduled_macro,unscheduled_macro,2026-09-11,live,active,binary,0.2%,Above 0.2%,0.2,,2026-09-17T15:30:00Z,2027-01-13T13:25:00Z,live,3
KXCPI-26DEC-T0.1,KXCPI,perim_island_seized,unscheduled_macro,unscheduled_macro,2026-09-11,live,active,binary,0.1%,Above 0.1%,0.1,,2026-09-17T15:30:00Z,2027-01-13T13:25:00Z,live,3
KXCPI-26DEC-T-0.1,KXCPI,perim_island_seized,unscheduled_macro,unscheduled_macro,2026-09-11,live,active,binary,-0.1%,Above -0.1%,-0.1,,2026-09-17T15:30:00Z,2027-01-13T13:25:00Z,live,3
KXCPI-26DEC-T0.0,KXCPI,perim_island_seized,unscheduled_macro,unscheduled_macro,2026-09-11,live,active,binary,0.0%,Above 0.0%,0,,2026-09-17T15:30:00Z,2027-01-13T13:25:00Z,live,3
KXCPI-26SEP-T0.9,KXCPI,perim_island_seized,unscheduled_macro,unscheduled_macro,2026-09-11,live,active,binary,0.9%,Above 0.9%,0.9,,2026-09-17T15:30:00Z,2026-10-14T12:25:00Z,live,3
KXCPI-26SEP-T0.8,KXCPI,perim_island_seized,unscheduled_macro,unscheduled_macro,2026-09-11,live,active,binary,0.8%,Above 0.8%,0.8,,2026-09-17T15:30:00Z,2026-10-14T12:25:00Z,live,3
KXCPI-26SEP-T0.7,KXCPI,perim_island_seized,unscheduled_macro,unscheduled_macro,2026-09-11,live,active,binary,0.7%,Above 0.7%,0.7,,2026-09-17T15:30:00Z,2026-10-14T12:25:00Z,live,3
KXCPI-26AUG-T1.0,KXCPI,perim_island_seized,unscheduled_macro,unscheduled_macro,2026-09-11,live,finalized,binary,1.0%,Above 1.0%,1,,2026-07-23T21:00:00Z,2026-09-11T12:25:00Z,live,40
KXCPI-26AUG-T0.9,KXCPI,perim_island_seized,unscheduled_macro,unscheduled_macro,2026-09-11,live,finalized,binary,0.9%,Above 0.9%,0.9,,2026-07-23T21:00:00Z,2026-09-11T12:25:00Z,live,42
KXCPI-26AUG-T0.8,KXCPI,perim_island_seized,unscheduled_macro,unscheduled_macro,2026-09-11,live,finalized,binary,0.8%,Above 0.8%,0.8,,2026-07-23T21:00:00Z,2026-09-11T12:25:00Z,live,40
KXCPI-26AUG-T0.7,KXCPI,perim_island_seized,unscheduled_macro,unscheduled_macro,2026-09-11,live,finalized,binary,0.7%,Above 0.7%,0.7,,2026-07-23T21:00:00Z,2026-09-11T12:25:00Z,live,44
KXCPI-26AUG-T0.6,KXCPI,perim_island_seized,unscheduled_macro,unscheduled_macro,2026-09-11,live,finalized,binary,0.6%,Above 0.6%,0.6,,2026-07-23T21:00:00Z,2026-09-11T12:25:00Z,live,44
KXCPI-26SEP-T0.6,KXCPI,perim_island_seized,unscheduled_macro,unscheduled_macro,2026-09-11,live,active,binary,0.6%,Above 0.6%,0.6,,2026-07-20T18:00:00Z,2026-10-14T12:25:00Z,live,54
KXCPI-26SEP-T-0.4,KXCPI,perim_island_seized,unscheduled_macro,unscheduled_macro,2026-09-11,live,active,binary,-0.4%,Above -0.4%,-0.4,,2026-07-20T18:00:00Z,2026-10-14T12:25:00Z,live,47
KXCPI-26SEP-T-0.3,KXCPI,perim_island_seized,unscheduled_macro,unscheduled_macro,2026-09-11,live,active,binary,-0.3%,Above -0.3%,-0.3,,2026-07-20T18:00:00Z,2026-10-14T12:25:00Z,live,50
KXCPI-26SEP-T-0.2,KXCPI,perim_island_seized,unscheduled_macro,unscheduled_macro,2026-09-11,live,active,binary,-0.2%,Above -0.2%,-0.2,,2026-07-20T18:00:00Z,2026-10-14T12:25:00Z,live,48
KXCPI-26AUG-T-0.4,KXCPI,perim_island_seized,unscheduled_macro,unscheduled_macro,2026-09-11,live,finalized,binary,-0.4%,Above -0.4%,-0.4,,2026-07-20T18:00:00Z,2026-09-11T12:25:00Z,live,40
KXCPI-26AUG-T-0.3,KXCPI,perim_island_seized,unscheduled_macro,unscheduled_macro,2026-09-11,live,finalized,binary,-0.3%,Above -0.3%,-0.3,,2026-07-20T18:00:00Z,2026-09-11T12:25:00Z,live,42
KXCPI-26AUG-T-0.2,KXCPI,perim_island_seized,unscheduled_macro,unscheduled_macro,2026-09-11,live,finalized,binary,-0.2%,Above -0.2%,-0.2,,2026-07-20T18:00:00Z,2026-09-11T12:25:00Z,live,43
KXCPI-26JUL-T-0.4,KXCPI,perim_island_seized,unscheduled_macro,unscheduled_macro,2026-09-11,live,finalized,binary,-0.4%,Above -0.4%,-0.4,,2026-06-16T17:45:00Z,2026-08-12T12:25:00Z,live,17
KXCPI-26JUL-T-0.3,KXCPI,perim_island_seized,unscheduled_macro,unscheduled_macro,2026-09-11,live,finalized,binary,-0.3%,Above -0.3%,-0.3,,2026-06-16T17:45:00Z,2026-08-12T12:25:00Z,live,17
KXCPI-26JUL-T-0.2,KXCPI,perim_island_seized,unscheduled_macro,unscheduled_macro,2026-09-11,live,finalized,binary,-0.2%,Above -0.2%,-0.2,,2026-06-16T17:45:00Z,2026-08-12T12:25:00Z,live,17
KXCPI-26NOV-T0.5,KXCPI,perim_island_seized,unscheduled_macro,unscheduled_macro,2026-09-11,live,active,binary,0.5%,Above 0.5%,0.5,,2026-02-20T15:00:00Z,2026-12-10T13:25:00Z,live,38
KXCPI-26NOV-T0.4,KXCPI,perim_island_seized,unscheduled_macro,unscheduled_macro,2026-09-11,live,active,binary,0.4%,Above 0.4%,0.4,,2026-02-20T15:00:00Z,2026-12-10T13:25:00Z,live,37
KXCPI-26NOV-T0.3,KXCPI,perim_island_seized,unscheduled_macro,unscheduled_macro,2026-09-11,live,active,binary,0.3%,Above 0.3%,0.3,,2026-02-20T15:00:00Z,2026-12-10T13:25:00Z,live,48
KXCPI-26NOV-T0.2,KXCPI,perim_island_seized,unscheduled_macro,unscheduled_macro,2026-09-11,live,active,binary,0.2%,Above 0.2%,0.2,,2026-02-20T15:00:00Z,2026-12-10T13:25:00Z,live,48
KXCPI-26NOV-T0.1,KXCPI,perim_island_seized,unscheduled_macro,unscheduled_macro,2026-09-11,live,active,binary,0.1%,Above 0.1%,0.1,,2026-02-20T15:00:00Z,2026-12-10T13:25:00Z,live,47
KXCPI-26NOV-T-0.1,KXCPI,perim_island_seized,unscheduled_macro,unscheduled_macro,2026-09-11,live,active,binary,-0.1%,Above -0.1%,-0.1,,2026-02-20T15:00:00Z,2026-12-10T13:25:00Z,live,33
KXCPI-26NOV-T0.0,KXCPI,perim_island_seized,unscheduled_macro,unscheduled_macro,2026-09-11,live,active,binary,0.0%,Above 0.0%,0,,2026-02-20T15:00:00Z,2026-12-10T13:25:00Z,live,43
KXCPI-26OCT-T0.5,KXCPI,perim_island_seized,unscheduled_macro,unscheduled_macro,2026-09-11,live,active,binary,0.5%,Above 0.5%,0.5,,2026-02-20T15:00:00Z,2026-11-10T13:25:00Z,live,35
KXCPI-26OCT-T0.4,KXCPI,perim_island_seized,unscheduled_macro,unscheduled_macro,2026-09-11,live,active,binary,0.4%,Above 0.4%,0.4,,2026-02-20T15:00:00Z,2026-11-10T13:25:00Z,live,42
KXCPI-26OCT-T0.3,KXCPI,perim_island_seized,unscheduled_macro,unscheduled_macro,2026-09-11,live,active,binary,0.3%,Above 0.3%,0.3,,2026-02-20T15:00:00Z,2026-11-10T13:25:00Z,live,52
KXCPI-26OCT-T0.2,KXCPI,perim_island_seized,unscheduled_macro,unscheduled_macro,2026-09-11,live,active,binary,0.2%,Above 0.2%,0.2,,2026-02-20T15:00:00Z,2026-11-10T13:25:00Z,live,51
KXCPI-26OCT-T0.1,KXCPI,perim_island_seized,unscheduled_macro,unscheduled_macro,2026-09-11,live,active,binary,0.1%,Above 0.1%,0.1,,2026-02-20T15:00:00Z,2026-11-10T13:25:00Z,live,40
KXCPI-26OCT-T-0.1,KXCPI,perim_island_seized,unscheduled_macro,unscheduled_macro,2026-09-11,live,active,binary,-0.1%,Above -0.1%,-0.1,,2026-02-20T15:00:00Z,2026-11-10T13:25:00Z,live,46
KXCPI-26OCT-T0.0,KXCPI,perim_island_seized,unscheduled_macro,unscheduled_macro,2026-09-11,live,active,binary,0.0%,Above 0.0%,0,,2026-02-20T15:00:00Z,2026-11-10T13:25:00Z,live,41
KXCPI-26SEP-T0.5,KXCPI,perim_island_seized,unscheduled_macro,unscheduled_macro,2026-09-11,live,active,binary,0.5%,Above 0.5%,0.5,,2026-02-20T15:00:00Z,2026-10-14T12:25:00Z,live,50
KXCPI-26SEP-T0.4,KXCPI,perim_island_seized,unscheduled_macro,unscheduled_macro,2026-09-11,live,active,binary,0.4%,Above 0.4%,0.4,,2026-02-20T15:00:00Z,2026-10-14T12:25:00Z,live,55
KXCPI-26SEP-T0.3,KXCPI,perim_island_seized,unscheduled_macro,unscheduled_macro,2026-09-11,live,active,binary,0.3%,Above 0.3%,0.3,,2026-02-20T15:00:00Z,2026-10-14T12:25:00Z,live,55
KXCPI-26SEP-T0.2,KXCPI,perim_island_seized,unscheduled_macro,unscheduled_macro,2026-09-11,live,active,binary,0.2%,Above 0.2%,0.2,,2026-02-20T15:00:00Z,2026-10-14T12:25:00Z,live,55
KXCPI-26SEP-T0.1,KXCPI,perim_island_seized,unscheduled_macro,unscheduled_macro,2026-09-11,live,active,binary,0.1%,Above 0.1%,0.1,,2026-02-20T15:00:00Z,2026-10-14T12:25:00Z,live,52
KXCPI-26SEP-T-0.1,KXCPI,perim_island_seized,unscheduled_macro,unscheduled_macro,2026-09-11,live,active,binary,-0.1%,Above -0.1%,-0.1,,2026-02-20T15:00:00Z,2026-10-14T12:25:00Z,live,53
KXCPI-26SEP-T0.0,KXCPI,perim_island_seized,unscheduled_macro,unscheduled_macro,2026-09-11,live,active,binary,0.0%,Above 0.0%,0,,2026-02-20T15:00:00Z,2026-10-14T12:25:00Z,live,49
KXCPI-26AUG-T0.5,KXCPI,perim_island_seized,unscheduled_macro,unscheduled_macro,2026-09-11,live,finalized,binary,0.5%,Above 0.5%,0.5,,2026-02-20T15:00:00Z,2026-09-11T12:25:00Z,live,44
KXCPI-26AUG-T0.4,KXCPI,perim_island_seized,unscheduled_macro,unscheduled_macro,2026-09-11,live,finalized,binary,0.4%,Above 0.4%,0.4,,2026-02-20T15:00:00Z,2026-09-11T12:25:00Z,live,47
KXCPI-26AUG-T0.3,KXCPI,perim_island_seized,unscheduled_macro,unscheduled_macro,2026-09-11,live,finalized,binary,0.3%,Above 0.3%,0.3,,2026-02-20T15:00:00Z,2026-09-11T12:25:00Z,live,47
KXCPI-26AUG-T0.2,KXCPI,perim_island_seized,unscheduled_macro,unscheduled_macro,2026-09-11,live,finalized,binary,0.2%,Above 0.2%,0.2,,2026-02-20T15:00:00Z,2026-09-11T12:25:00Z,live,47
KXCPI-26AUG-T0.1,KXCPI,perim_island_seized,unscheduled_macro,unscheduled_macro,2026-09-11,live,finalized,binary,0.1%,Above 0.1%,0.1,,2026-02-20T15:00:00Z,2026-09-11T12:25:00Z,live,46
KXCPI-26AUG-T-0.1,KXCPI,perim_island_seized,unscheduled_macro,unscheduled_macro,2026-09-11,live,finalized,binary,-0.1%,Above -0.1%,-0.1,,2026-02-20T15:00:00Z,2026-09-11T12:25:00Z,live,38
KXCPI-26AUG-T0.0,KXCPI,perim_island_seized,unscheduled_macro,unscheduled_macro,2026-09-11,live,finalized,binary,0.0%,Above 0.0%,0,,2026-02-20T15:00:00Z,2026-09-11T12:25:00Z,live,41
KXCPI-26JUL-T0.5,KXCPI,perim_island_seized,unscheduled_macro,unscheduled_macro,2026-09-11,live,finalized,binary,0.5%,Above 0.5%,0.5,,2026-02-20T15:00:00Z,2026-08-12T12:25:00Z,live,17
KXCPI-26JUL-T0.4,KXCPI,perim_island_seized,unscheduled_macro,unscheduled_macro,2026-09-11,live,finalized,binary,0.4%,Above 0.4%,0.4,,2026-02-20T15:00:00Z,2026-08-12T12:25:00Z,live,17
KXCPI-26JUL-T0.3,KXCPI,perim_island_seized,unscheduled_macro,unscheduled_macro,2026-09-11,live,finalized,binary,0.3%,Above 0.3%,0.3,,2026-02-20T15:00:00Z,2026-08-12T12:25:00Z,live,17
KXCPI-26JUL-T0.2,KXCPI,perim_island_seized,unscheduled_macro,unscheduled_macro,2026-09-11,live,finalized,binary,0.2%,Above 0.2%,0.2,,2026-02-20T15:00:00Z,2026-08-12T12:25:00Z,live,17
KXCPI-26JUL-T0.1,KXCPI,perim_island_seized,unscheduled_macro,unscheduled_macro,2026-09-11,live,finalized,binary,0.1%,Above 0.1%,0.1,,2026-02-20T15:00:00Z,2026-08-12T12:25:00Z,live,17
KXCPI-26JUL-T-0.1,KXCPI,perim_island_seized,unscheduled_macro,unscheduled_macro,2026-09-11,live,finalized,binary,-0.1%,Above -0.1%,-0.1,,2026-02-20T15:00:00Z,2026-08-12T12:25:00Z,live,17
KXCPI-26JUL-T0.0,KXCPI,perim_island_seized,unscheduled_macro,unscheduled_macro,2026-09-11,live,finalized,binary,0.0%,Above 0.0%,0,,2026-02-20T15:00:00Z,2026-08-12T12:25:00Z,live,17
KXCPICORE-26DEC-T1.0,KXCPICORE,perim_island_seized,unscheduled_macro,unscheduled_macro,2026-09-11,live,active,binary,1.0,Above 1.0%,1,1,2026-09-18T16:00:00Z,2027-01-13T13:25:00Z,live,2
KXCPICORE-26DEC-T0.9,KXCPICORE,perim_island_seized,unscheduled_macro,unscheduled_macro,2026-09-11,live,active,binary,0.9,Above 0.9%,0.9,0.9,2026-09-18T16:00:00Z,2027-01-13T13:25:00Z,live,2
KXCPICORE-26DEC-T0.8,KXCPICORE,perim_island_seized,unscheduled_macro,unscheduled_macro,2026-09-11,live,active,binary,0.8,Above 0.8%,0.8,0.8,2026-09-18T16:00:00Z,2027-01-13T13:25:00Z,live,2
KXCPICORE-26DEC-T0.7,KXCPICORE,perim_island_seized,unscheduled_macro,unscheduled_macro,2026-09-11,live,active,binary,0.7,Above 0.7%,0.7,0.7,2026-09-18T16:00:00Z,2027-01-13T13:25:00Z,live,2
KXCPICORE-26DEC-T0.6,KXCPICORE,perim_island_seized,unscheduled_macro,unscheduled_macro,2026-09-11,live,active,binary,0.6,Above 0.6%,0.6,0.6,2026-09-18T16:00:00Z,2027-01-13T13:25:00Z,live,2
KXCPICORE-26DEC-T0.5,KXCPICORE,perim_island_seized,unscheduled_macro,unscheduled_macro,2026-09-11,live,active,binary,0.5,Above 0.5%,0.5,0.5,2026-09-18T16:00:00Z,2027-01-13T13:25:00Z,live,2
KXCPICORE-26DEC-T0.4,KXCPICORE,perim_island_seized,unscheduled_macro,unscheduled_macro,2026-09-11,live,active,binary,0.4,Above 0.4%,0.4,0.4,2026-09-18T16:00:00Z,2027-01-13T13:25:00Z,live,2
KXCPICORE-26DEC-T0.3,KXCPICORE,perim_island_seized,unscheduled_macro,unscheduled_macro,2026-09-11,live,active,binary,0.3,Above 0.3%,0.3,0.3,2026-09-18T16:00:00Z,2027-01-13T13:25:00Z,live,2
KXCPICORE-26DEC-T0.2,KXCPICORE,perim_island_seized,unscheduled_macro,unscheduled_macro,2026-09-11,live,active,binary,0.2,Above 0.2%,0.2,0.2,2026-09-18T16:00:00Z,2027-01-13T13:25:00Z,live,2
KXCPICORE-26DEC-T0.1,KXCPICORE,perim_island_seized,unscheduled_macro,unscheduled_macro,2026-09-11,live,active,binary,0.1,Above 0.1%,0.1,0.1,2026-09-18T16:00:00Z,2027-01-13T13:25:00Z,live,2
KXCPICORE-26DEC-T0.0,KXCPICORE,perim_island_seized,unscheduled_macro,unscheduled_macro,2026-09-11,live,active,binary,0.0,Above 0.0%,0,0,2026-09-18T16:00:00Z,2027-01-13T13:25:00Z,live,2
KXCPICORE-26NOV-T1.0,KXCPICORE,perim_island_seized,unscheduled_macro,unscheduled_macro,2026-09-11,live,active,binary,1.0,Above 1.0%,1,1,2026-06-11T00:15:00Z,2026-12-10T13:25:00Z,live,12
KXCPICORE-26NOV-T0.9,KXCPICORE,perim_island_seized,unscheduled_macro,unscheduled_macro,2026-09-11,live,active,binary,0.9,Above 0.9%,0.9,0.9,2026-06-11T00:15:00Z,2026-12-10T13:25:00Z,live,24
KXCPICORE-26NOV-T0.8,KXCPICORE,perim_island_seized,unscheduled_macro,unscheduled_macro,2026-09-11,live,active,binary,0.8,Above 0.8%,0.8,0.8,2026-06-11T00:15:00Z,2026-12-10T13:25:00Z,live,26
KXCPICORE-26NOV-T0.7,KXCPICORE,perim_island_seized,unscheduled_macro,unscheduled_macro,2026-09-11,live,active,binary,0.7,Above 0.7%,0.7,0.7,2026-06-11T00:15:00Z,2026-12-10T13:25:00Z,live,38
KXCPICORE-26NOV-T0.6,KXCPICORE,perim_island_seized,unscheduled_macro,unscheduled_macro,2026-09-11,live,active,binary,0.6,Above 0.6%,0.6,0.6,2026-06-11T00:15:00Z,2026-12-10T13:25:00Z,live,37
KXCPICORE-26NOV-T0.5,KXCPICORE,perim_island_seized,unscheduled_macro,unscheduled_macro,2026-09-11,live,active,binary,0.5,Above 0.5%,0.5,0.5,2026-06-11T00:15:00Z,2026-12-10T13:25:00Z,live,37
KXCPICORE-26NOV-T0.4,KXCPICORE,perim_island_seized,unscheduled_macro,unscheduled_macro,2026-09-11,live,active,binary,0.4,Above 0.4%,0.4,0.4,2026-06-11T00:15:00Z,2026-12-10T13:25:00Z,live,35
KXCPICORE-26NOV-T0.3,KXCPICORE,perim_island_seized,unscheduled_macro,unscheduled_macro,2026-09-11,live,active,binary,0.3,Above 0.3%,0.3,0.3,2026-06-11T00:15:00Z,2026-12-10T13:25:00Z,live,42
KXCPICORE-26NOV-T0.2,KXCPICORE,perim_island_seized,unscheduled_macro,unscheduled_macro,2026-09-11,live,active,binary,0.2,Above 0.2%,0.2,0.2,2026-06-11T00:15:00Z,2026-12-10T13:25:00Z,live,52
KXCPICORE-26NOV-T0.1,KXCPICORE,perim_island_seized,unscheduled_macro,unscheduled_macro,2026-09-11,live,active,binary,0.1,Above 0.1%,0.1,0.1,2026-06-11T00:15:00Z,2026-12-10T13:25:00Z,live,46
KXCPICORE-26NOV-T0.0,KXCPICORE,perim_island_seized,unscheduled_macro,unscheduled_macro,2026-09-11,live,active,binary,0.0,Above 0.0%,0,0,2026-06-11T00:15:00Z,2026-12-10T13:25:00Z,live,37
KXCPICORE-26OCT-T1.0,KXCPICORE,perim_island_seized,unscheduled_macro,unscheduled_macro,2026-09-11,live,active,binary,1.0,Above 1.0%,1,1,2026-06-10T20:00:00Z,2026-11-10T13:25:00Z,live,23
KXCPICORE-26OCT-T0.9,KXCPICORE,perim_island_seized,unscheduled_macro,unscheduled_macro,2026-09-11,live,active,binary,0.9,Above 0.9%,0.9,0.9,2026-06-10T20:00:00Z,2026-11-10T13:25:00Z,live,17
KXCPICORE-26OCT-T0.8,KXCPICORE,perim_island_seized,unscheduled_macro,unscheduled_macro,2026-09-11,live,active,binary,0.8,Above 0.8%,0.8,0.8,2026-06-10T20:00:00Z,2026-11-10T13:25:00Z,live,37
KXCPICORE-26OCT-T0.7,KXCPICORE,perim_island_seized,unscheduled_macro,unscheduled_macro,2026-09-11,live,active,binary,0.7,Above 0.7%,0.7,0.7,2026-06-10T20:00:00Z,2026-11-10T13:25:00Z,live,40
KXCPICORE-26OCT-T0.6,KXCPICORE,perim_island_seized,unscheduled_macro,unscheduled_macro,2026-09-11,live,active,binary,0.6,Above 0.6%,0.6,0.6,2026-06-10T20:00:00Z,2026-11-10T13:25:00Z,live,32
KXCPICORE-26OCT-T0.5,KXCPICORE,perim_island_seized,unscheduled_macro,unscheduled_macro,2026-09-11,live,active,binary,0.5,Above 0.5%,0.5,0.5,2026-06-10T20:00:00Z,2026-11-10T13:25:00Z,live,30
KXCPICORE-26OCT-T0.4,KXCPICORE,perim_island_seized,unscheduled_macro,unscheduled_macro,2026-09-11,live,active,binary,0.4,Above 0.4%,0.4,0.4,2026-06-10T20:00:00Z,2026-11-10T13:25:00Z,live,36
KXCPICORE-26OCT-T0.3,KXCPICORE,perim_island_seized,unscheduled_macro,unscheduled_macro,2026-09-11,live,active,binary,0.3,Above 0.3%,0.3,0.3,2026-06-10T20:00:00Z,2026-11-10T13:25:00Z,live,39
KXCPICORE-26OCT-T0.2,KXCPICORE,perim_island_seized,unscheduled_macro,unscheduled_macro,2026-09-11,live,active,binary,0.2,Above 0.2%,0.2,0.2,2026-06-10T20:00:00Z,2026-11-10T13:25:00Z,live,43
KXCPICORE-26OCT-T0.1,KXCPICORE,perim_island_seized,unscheduled_macro,unscheduled_macro,2026-09-11,live,active,binary,0.1,Above 0.1%,0.1,0.1,2026-06-10T20:00:00Z,2026-11-10T13:25:00Z,live,43
KXCPICORE-26OCT-T0.0,KXCPICORE,perim_island_seized,unscheduled_macro,unscheduled_macro,2026-09-11,live,active,binary,0.0,Above 0.0%,0,0,2026-06-10T20:00:00Z,2026-11-10T13:25:00Z,live,42
KXCPICORE-26SEP-T1.0,KXCPICORE,perim_island_seized,unscheduled_macro,unscheduled_macro,2026-09-11,live,active,binary,1.0,Above 1.0%,1,1,2026-06-10T19:50:00Z,2026-10-14T12:25:00Z,live,4
KXCPICORE-26SEP-T0.9,KXCPICORE,perim_island_seized,unscheduled_macro,unscheduled_macro,2026-09-11,live,active,binary,0.9,Above 0.9%,0.9,0.9,2026-06-10T19:50:00Z,2026-10-14T12:25:00Z,live,5
KXCPICORE-26SEP-T0.8,KXCPICORE,perim_island_seized,unscheduled_macro,unscheduled_macro,2026-09-11,live,active,binary,0.8,Above 0.8%,0.8,0.8,2026-06-10T19:50:00Z,2026-10-14T12:25:00Z,live,5
KXCPICORE-26SEP-T0.7,KXCPICORE,perim_island_seized,unscheduled_macro,unscheduled_macro,2026-09-11,live,active,binary,0.7,Above 0.7%,0.7,0.7,2026-06-10T19:50:00Z,2026-10-14T12:25:00Z,live,35
KXCPICORE-26SEP-T0.6,KXCPICORE,perim_island_seized,unscheduled_macro,unscheduled_macro,2026-09-11,live,active,binary,0.6,Above 0.6%,0.6,0.6,2026-06-10T19:50:00Z,2026-10-14T12:25:00Z,live,28
KXCPICORE-26SEP-T0.5,KXCPICORE,perim_island_seized,unscheduled_macro,unscheduled_macro,2026-09-11,live,active,binary,0.5,Above 0.5%,0.5,0.5,2026-06-10T19:50:00Z,2026-10-14T12:25:00Z,live,27
KXCPICORE-26SEP-T0.4,KXCPICORE,perim_island_seized,unscheduled_macro,unscheduled_macro,2026-09-11,live,active,binary,0.4,Above 0.4%,0.4,0.4,2026-06-10T19:50:00Z,2026-10-14T12:25:00Z,live,36
KXCPICORE-26SEP-T0.3,KXCPICORE,perim_island_seized,unscheduled_macro,unscheduled_macro,2026-09-11,live,active,binary,0.3,Above 0.3%,0.3,0.3,2026-06-10T19:50:00Z,2026-10-14T12:25:00Z,live,38
KXCPICORE-26SEP-T0.2,KXCPICORE,perim_island_seized,unscheduled_macro,unscheduled_macro,2026-09-11,live,active,binary,0.2,Above 0.2%,0.2,0.2,2026-06-10T19:50:00Z,2026-10-14T12:25:00Z,live,45
KXCPICORE-26SEP-T0.1,KXCPICORE,perim_island_seized,unscheduled_macro,unscheduled_macro,2026-09-11,live,active,binary,0.1,Above 0.1%,0.1,0.1,2026-06-10T19:50:00Z,2026-10-14T12:25:00Z,live,42
KXCPICORE-26SEP-T0.0,KXCPICORE,perim_island_seized,unscheduled_macro,unscheduled_macro,2026-09-11,live,active,binary,0.0,Above 0.0%,0,0,2026-06-10T19:50:00Z,2026-10-14T12:25:00Z,live,38
KXCPICORE-26AUG-T1.0,KXCPICORE,perim_island_seized,unscheduled_macro,unscheduled_macro,2026-09-11,live,finalized,binary,1.0,Above 1.0%,1,1,2026-06-10T18:30:00Z,2026-09-11T12:25:00Z,live,7
KXCPICORE-26AUG-T0.9,KXCPICORE,perim_island_seized,unscheduled_macro,unscheduled_macro,2026-09-11,live,finalized,binary,0.9,Above 0.9%,0.9,0.9,2026-06-10T18:30:00Z,2026-09-11T12:25:00Z,live,10
KXCPICORE-26AUG-T0.8,KXCPICORE,perim_island_seized,unscheduled_macro,unscheduled_macro,2026-09-11,live,finalized,binary,0.8,Above 0.8%,0.8,0.8,2026-06-10T18:30:00Z,2026-09-11T12:25:00Z,live,38
KXCPICORE-26AUG-T0.7,KXCPICORE,perim_island_seized,unscheduled_macro,unscheduled_macro,2026-09-11,live,finalized,binary,0.7,Above 0.7%,0.7,0.7,2026-06-10T18:30:00Z,2026-09-11T12:25:00Z,live,37
KXCPICORE-26AUG-T0.6,KXCPICORE,perim_island_seized,unscheduled_macro,unscheduled_macro,2026-09-11,live,finalized,binary,0.6,Above 0.6%,0.6,0.6,2026-06-10T18:30:00Z,2026-09-11T12:25:00Z,live,38
KXCPICORE-26AUG-T0.5,KXCPICORE,perim_island_seized,unscheduled_macro,unscheduled_macro,2026-09-11,live,finalized,binary,0.5,Above 0.5%,0.5,0.5,2026-06-10T18:30:00Z,2026-09-11T12:25:00Z,live,38
KXCPICORE-26AUG-T0.4,KXCPICORE,perim_island_seized,unscheduled_macro,unscheduled_macro,2026-09-11,live,finalized,binary,0.4,Above 0.4%,0.4,0.4,2026-06-10T18:30:00Z,2026-09-11T12:25:00Z,live,28
KXCPICORE-26AUG-T0.3,KXCPICORE,perim_island_seized,unscheduled_macro,unscheduled_macro,2026-09-11,live,finalized,binary,0.3,Above 0.3%,0.3,0.3,2026-06-10T18:30:00Z,2026-09-11T12:25:00Z,live,40
KXCPICORE-26AUG-T0.2,KXCPICORE,perim_island_seized,unscheduled_macro,unscheduled_macro,2026-09-11,live,finalized,binary,0.2,Above 0.2%,0.2,0.2,2026-06-10T18:30:00Z,2026-09-11T12:25:00Z,live,45
KXCPICORE-26AUG-T0.1,KXCPICORE,perim_island_seized,unscheduled_macro,unscheduled_macro,2026-09-11,live,finalized,binary,0.1,Above 0.1%,0.1,0.1,2026-06-10T18:30:00Z,2026-09-11T12:25:00Z,live,39
KXCPICORE-26AUG-T0.0,KXCPICORE,perim_island_seized,unscheduled_macro,unscheduled_macro,2026-09-11,live,finalized,binary,0.0,Above 0.0%,0,0,2026-06-10T18:30:00Z,2026-09-11T12:25:00Z,live,40
KXCPICORE-26JUL-T1.0,KXCPICORE,perim_island_seized,unscheduled_macro,unscheduled_macro,2026-09-11,live,finalized,binary,1.0,Above 1.0%,1,1,2026-05-12T16:00:00Z,2026-08-12T12:25:00Z,live,17
KXCPICORE-26JUL-T0.9,KXCPICORE,perim_island_seized,unscheduled_macro,unscheduled_macro,2026-09-11,live,finalized,binary,0.9,Above 0.9%,0.9,0.9,2026-05-12T16:00:00Z,2026-08-12T12:25:00Z,live,17
KXCPICORE-26JUL-T0.8,KXCPICORE,perim_island_seized,unscheduled_macro,unscheduled_macro,2026-09-11,live,finalized,binary,0.8,Above 0.8%,0.8,0.8,2026-05-12T16:00:00Z,2026-08-12T12:25:00Z,live,12
KXCPICORE-26JUL-T0.7,KXCPICORE,perim_island_seized,unscheduled_macro,unscheduled_macro,2026-09-11,live,finalized,binary,0.7,Above 0.7%,0.7,0.7,2026-05-12T16:00:00Z,2026-08-12T12:25:00Z,live,17
KXCPICORE-26JUL-T0.6,KXCPICORE,perim_island_seized,unscheduled_macro,unscheduled_macro,2026-09-11,live,finalized,binary,0.6,Above 0.6%,0.6,0.6,2026-05-12T16:00:00Z,2026-08-12T12:25:00Z,live,17
KXCPICORE-26JUL-T0.5,KXCPICORE,perim_island_seized,unscheduled_macro,unscheduled_macro,2026-09-11,live,finalized,binary,0.5,Above 0.5%,0.5,0.5,2026-05-12T16:00:00Z,2026-08-12T12:25:00Z,live,17
KXCPICORE-26JUL-T0.4,KXCPICORE,perim_island_seized,unscheduled_macro,unscheduled_macro,2026-09-11,live,finalized,binary,0.4,Above 0.4%,0.4,0.4,2026-05-12T16:00:00Z,2026-08-12T12:25:00Z,live,17
KXCPICORE-26JUL-T0.3,KXCPICORE,perim_island_seized,unscheduled_macro,unscheduled_macro,2026-09-11,live,finalized,binary,0.3,Above 0.3%,0.3,0.3,2026-05-12T16:00:00Z,2026-08-12T12:25:00Z,live,16
KXCPICORE-26JUL-T0.2,KXCPICORE,perim_island_seized,unscheduled_macro,unscheduled_macro,2026-09-11,live,finalized,binary,0.2,Above 0.2%,0.2,0.2,2026-05-12T16:00:00Z,2026-08-12T12:25:00Z,live,17
KXCPICORE-26JUL-T0.1,KXCPICORE,perim_island_seized,unscheduled_macro,unscheduled_macro,2026-09-11,live,finalized,binary,0.1,Above 0.1%,0.1,0.1,2026-05-12T16:00:00Z,2026-08-12T12:25:00Z,live,17
KXCPICORE-26JUL-T0.0,KXCPICORE,perim_island_seized,unscheduled_macro,unscheduled_macro,2026-09-11,live,finalized,binary,0.0,Above 0.0%,0,0,2026-05-12T16:00:00Z,2026-08-12T12:25:00Z,live,17
KXFED-27APR-T6.00,KXFED,perim_island_seized,unscheduled_macro,unscheduled_macro,2026-09-11,live,active,binary,6.00%,Above 6.00%,6,,2026-09-18T15:00:00Z,2027-04-28T17:55:00Z,live,2
KXFED-27APR-T5.75,KXFED,perim_island_seized,unscheduled_macro,unscheduled_macro,2026-09-11,live,active,binary,5.75%,Above 5.75%,5.75,,2026-09-18T15:00:00Z,2027-04-28T17:55:00Z,live,2
KXFED-27APR-T5.50,KXFED,perim_island_seized,unscheduled_macro,unscheduled_macro,2026-09-11,live,active,binary,5.50%,Above 5.50%,5.5,,2026-09-18T15:00:00Z,2027-04-28T17:55:00Z,live,2
KXFED-27APR-T5.25,KXFED,perim_island_seized,unscheduled_macro,unscheduled_macro,2026-09-11,live,active,binary,5.25%,Above 5.25%,5.25,,2026-09-18T15:00:00Z,2027-04-28T17:55:00Z,live,2
KXFED-27APR-T5.00,KXFED,perim_island_seized,unscheduled_macro,unscheduled_macro,2026-09-11,live,active,binary,5.00%,Above 5.00%,5,,2026-09-18T15:00:00Z,2027-04-28T17:55:00Z,live,2
KXFED-27APR-T4.75,KXFED,perim_island_seized,unscheduled_macro,unscheduled_macro,2026-09-11,live,active,binary,4.75%,Above 4.75%,4.75,,2026-09-18T15:00:00Z,2027-04-28T17:55:00Z,live,2
KXFED-27APR-T4.50,KXFED,perim_island_seized,unscheduled_macro,unscheduled_macro,2026-09-11,live,active,binary,4.50%,Above 4.50%,4.5,,2026-09-18T15:00:00Z,2027-04-28T17:55:00Z,live,2
KXFED-27MAR-T6.00,KXFED,perim_island_seized,unscheduled_macro,unscheduled_macro,2026-09-11,live,active,binary,6.00%,Above 6.00%,6,,2026-09-18T15:00:00Z,2027-03-17T17:55:00Z,live,2
KXFED-27MAR-T5.75,KXFED,perim_island_seized,unscheduled_macro,unscheduled_macro,2026-09-11,live,active,binary,5.75%,Above 5.75%,5.75,,2026-09-18T15:00:00Z,2027-03-17T17:55:00Z,live,2
KXFED-27MAR-T5.50,KXFED,perim_island_seized,unscheduled_macro,unscheduled_macro,2026-09-11,live,active,binary,5.50%,Above 5.50%,5.5,,2026-09-18T15:00:00Z,2027-03-17T17:55:00Z,live,2
KXFED-27MAR-T5.25,KXFED,perim_island_seized,unscheduled_macro,unscheduled_macro,2026-09-11,live,active,binary,5.25%,Above 5.25%,5.25,,2026-09-18T15:00:00Z,2027-03-17T17:55:00Z,live,2
KXFED-27MAR-T5.00,KXFED,perim_island_seized,unscheduled_macro,unscheduled_macro,2026-09-11,live,active,binary,5.00%,Above 5.00%,5,,2026-09-18T15:00:00Z,2027-03-17T17:55:00Z,live,2
KXFED-27MAR-T4.75,KXFED,perim_island_seized,unscheduled_macro,unscheduled_macro,2026-09-11,live,active,binary,4.75%,Above 4.75%,4.75,,2026-09-18T15:00:00Z,2027-03-17T17:55:00Z,live,2
KXFED-27MAR-T4.50,KXFED,perim_island_seized,unscheduled_macro,unscheduled_macro,2026-09-11,live,active,binary,4.50%,Above 4.50%,4.5,,2026-09-18T15:00:00Z,2027-03-17T17:55:00Z,live,2
KXFED-27JAN-T6.00,KXFED,perim_island_seized,unscheduled_macro,unscheduled_macro,2026-09-11,live,active,binary,6.00%,Above 6.00%,6,,2026-09-18T15:00:00Z,2027-01-27T18:55:00Z,live,2
KXFED-27JAN-T5.75,KXFED,perim_island_seized,unscheduled_macro,unscheduled_macro,2026-09-11,live,active,binary,5.75%,Above 5.75%,5.75,,2026-09-18T15:00:00Z,2027-01-27T18:55:00Z,live,2
KXFED-27JAN-T5.50,KXFED,perim_island_seized,unscheduled_macro,unscheduled_macro,2026-09-11,live,active,binary,5.50%,Above 5.50%,5.5,,2026-09-18T15:00:00Z,2027-01-27T18:55:00Z,live,2
KXFED-27JAN-T5.25,KXFED,perim_island_seized,unscheduled_macro,unscheduled_macro,2026-09-11,live,active,binary,5.25%,Above 5.25%,5.25,,2026-09-18T15:00:00Z,2027-01-27T18:55:00Z,live,2
KXFED-27JAN-T5.00,KXFED,perim_island_seized,unscheduled_macro,unscheduled_macro,2026-09-11,live,active,binary,5.00%,Above 5.00%,5,,2026-09-18T15:00:00Z,2027-01-27T18:55:00Z,live,2
KXFED-27JAN-T4.75,KXFED,perim_island_seized,unscheduled_macro,unscheduled_macro,2026-09-11,live,active,binary,4.75%,Above 4.75%,4.75,,2026-09-18T15:00:00Z,2027-01-27T18:55:00Z,live,2
KXFED-27JAN-T4.50,KXFED,perim_island_seized,unscheduled_macro,unscheduled_macro,2026-09-11,live,active,binary,4.50%,Above 4.50%,4.5,,2026-09-18T15:00:00Z,2027-01-27T18:55:00Z,live,2
KXFED-28JAN-T6.00,KXFED,perim_island_seized,unscheduled_macro,unscheduled_macro,2026-09-11,live,active,binary,6.00%,Above 6.00%,6,,2026-09-18T15:00:00Z,2028-01-26T18:55:00Z,live,2
KXFED-28JAN-T5.75,KXFED,perim_island_seized,unscheduled_macro,unscheduled_macro,2026-09-11,live,active,binary,5.75%,Above 5.75%,5.75,,2026-09-18T15:00:00Z,2028-01-26T18:55:00Z,live,2
KXFED-28JAN-T5.50,KXFED,perim_island_seized,unscheduled_macro,unscheduled_macro,2026-09-11,live,active,binary,5.50%,Above 5.50%,5.5,,2026-09-18T15:00:00Z,2028-01-26T18:55:00Z,live,2
KXFED-28JAN-T5.25,KXFED,perim_island_seized,unscheduled_macro,unscheduled_macro,2026-09-11,live,active,binary,5.25%,Above 5.25%,5.25,,2026-09-18T15:00:00Z,2028-01-26T18:55:00Z,live,2
KXFED-28JAN-T5.00,KXFED,perim_island_seized,unscheduled_macro,unscheduled_macro,2026-09-11,live,active,binary,5.00%,Above 5.00%,5,,2026-09-18T15:00:00Z,2028-01-26T18:55:00Z,live,2
KXFED-28JAN-T4.75,KXFED,perim_island_seized,unscheduled_macro,unscheduled_macro,2026-09-11,live,active,binary,4.75%,Above 4.75%,4.75,,2026-09-18T15:00:00Z,2028-01-26T18:55:00Z,live,2
KXFED-28JAN-T4.50,KXFED,perim_island_seized,unscheduled_macro,unscheduled_macro,2026-09-11,live,active,binary,4.50%,Above 4.50%,4.5,,2026-09-18T15:00:00Z,2028-01-26T18:55:00Z,live,2
KXFED-28JAN-T4.25,KXFED,perim_island_seized,unscheduled_macro,unscheduled_macro,2026-09-11,live,active,binary,4.25%,Above 4.25%,4.25,,2026-09-18T15:00:00Z,2028-01-26T18:55:00Z,live,2
KXFED-28JAN-T4.00,KXFED,perim_island_seized,unscheduled_macro,unscheduled_macro,2026-09-11,live,active,binary,4.00%,Above 4.00%,4,,2026-09-18T15:00:00Z,2028-01-26T18:55:00Z,live,2
KXFED-28JAN-T3.75,KXFED,perim_island_seized,unscheduled_macro,unscheduled_macro,2026-09-11,live,active,binary,3.75%,Above 3.75%,3.75,,2026-09-18T15:00:00Z,2028-01-26T18:55:00Z,live,2
KXFED-28JAN-T3.50,KXFED,perim_island_seized,unscheduled_macro,unscheduled_macro,2026-09-11,live,active,binary,3.50%,Above 3.50%,3.5,,2026-09-18T15:00:00Z,2028-01-26T18:55:00Z,live,2
KXFED-28JAN-T3.25,KXFED,perim_island_seized,unscheduled_macro,unscheduled_macro,2026-09-11,live,active,binary,3.25%,Above 3.25%,3.25,,2026-09-18T15:00:00Z,2028-01-26T18:55:00Z,live,2
KXFED-28JAN-T3.00,KXFED,perim_island_seized,unscheduled_macro,unscheduled_macro,2026-09-11,live,active,binary,3.00%,Above 3.00%,3,,2026-09-18T15:00:00Z,2028-01-26T18:55:00Z,live,2
KXFED-28JAN-T2.75,KXFED,perim_island_seized,unscheduled_macro,unscheduled_macro,2026-09-11,live,active,binary,2.75%,Above 2.75%,2.75,,2026-09-18T15:00:00Z,2028-01-26T18:55:00Z,live,2
KXFED-28JAN-T2.50,KXFED,perim_island_seized,unscheduled_macro,unscheduled_macro,2026-09-11,live,active,binary,2.50%,Above 2.50%,2.5,,2026-09-18T15:00:00Z,2028-01-26T18:55:00Z,live,2
KXFED-28JAN-T2.25,KXFED,perim_island_seized,unscheduled_macro,unscheduled_macro,2026-09-11,live,active,binary,2.25%,Above 2.25%,2.25,,2026-09-18T15:00:00Z,2028-01-26T18:55:00Z,live,2
KXFED-28JAN-T2.00,KXFED,perim_island_seized,unscheduled_macro,unscheduled_macro,2026-09-11,live,active,binary,2.00%,Above 2.00%,2,,2026-09-18T15:00:00Z,2028-01-26T18:55:00Z,live,2
KXFED-28JAN-T1.75,KXFED,perim_island_seized,unscheduled_macro,unscheduled_macro,2026-09-11,live,active,binary,1.75%,Above 1.75%,1.75,,2026-09-18T15:00:00Z,2028-01-26T18:55:00Z,live,2
KXFED-28JAN-T1.50,KXFED,perim_island_seized,unscheduled_macro,unscheduled_macro,2026-09-11,live,active,binary,1.50%,Above 1.50%,1.5,,2026-09-18T15:00:00Z,2028-01-26T18:55:00Z,live,2
KXFED-28JAN-T1.25,KXFED,perim_island_seized,unscheduled_macro,unscheduled_macro,2026-09-11,live,active,binary,1.25%,Above 1.25%,1.25,,2026-09-18T15:00:00Z,2028-01-26T18:55:00Z,live,2
KXFED-28JAN-T1.00,KXFED,perim_island_seized,unscheduled_macro,unscheduled_macro,2026-09-11,live,active,binary,1.00%,Above 1.00%,1,,2026-09-18T15:00:00Z,2028-01-26T18:55:00Z,live,2
KXFED-28JAN-T0.75,KXFED,perim_island_seized,unscheduled_macro,unscheduled_macro,2026-09-11,live,active,binary,0.75%,Above 0.75%,0.75,,2026-09-18T15:00:00Z,2028-01-26T18:55:00Z,live,2
KXFED-28JAN-T0.50,KXFED,perim_island_seized,unscheduled_macro,unscheduled_macro,2026-09-11,live,active,binary,0.50%,Above 0.50%,0.5,,2026-09-18T15:00:00Z,2028-01-26T18:55:00Z,live,2
KXFED-28JAN-T0.25,KXFED,perim_island_seized,unscheduled_macro,unscheduled_macro,2026-09-11,live,active,binary,0.25%,Above 0.25%,0.25,,2026-09-18T15:00:00Z,2028-01-26T18:55:00Z,live,2
KXFED-28JAN-T0.00,KXFED,perim_island_seized,unscheduled_macro,unscheduled_macro,2026-09-11,live,active,binary,0.00%,Above 0.00%,0,,2026-09-18T15:00:00Z,2028-01-26T18:55:00Z,live,2
KXFED-27DEC-T6.00,KXFED,perim_island_seized,unscheduled_macro,unscheduled_macro,2026-09-11,live,active,binary,6.00%,Above 6.00%,6,,2026-09-18T15:00:00Z,2027-12-08T18:55:00Z,live,2
KXFED-27DEC-T5.75,KXFED,perim_island_seized,unscheduled_macro,unscheduled_macro,2026-09-11,live,active,binary,5.75%,Above 5.75%,5.75,,2026-09-18T15:00:00Z,2027-12-08T18:55:00Z,live,2
KXFED-27DEC-T5.50,KXFED,perim_island_seized,unscheduled_macro,unscheduled_macro,2026-09-11,live,active,binary,5.50%,Above 5.50%,5.5,,2026-09-18T15:00:00Z,2027-12-08T18:55:00Z,live,2
KXFED-27DEC-T5.25,KXFED,perim_island_seized,unscheduled_macro,unscheduled_macro,2026-09-11,live,active,binary,5.25%,Above 5.25%,5.25,,2026-09-18T15:00:00Z,2027-12-08T18:55:00Z,live,2
KXFED-27DEC-T5.00,KXFED,perim_island_seized,unscheduled_macro,unscheduled_macro,2026-09-11,live,active,binary,5.00%,Above 5.00%,5,,2026-09-18T15:00:00Z,2027-12-08T18:55:00Z,live,2
KXFED-27DEC-T4.75,KXFED,perim_island_seized,unscheduled_macro,unscheduled_macro,2026-09-11,live,active,binary,4.75%,Above 4.75%,4.75,,2026-09-18T15:00:00Z,2027-12-08T18:55:00Z,live,2
KXFED-27DEC-T4.50,KXFED,perim_island_seized,unscheduled_macro,unscheduled_macro,2026-09-11,live,active,binary,4.50%,Above 4.50%,4.5,,2026-09-18T15:00:00Z,2027-12-08T18:55:00Z,live,2
KXFED-27DEC-T4.25,KXFED,perim_island_seized,unscheduled_macro,unscheduled_macro,2026-09-11,live,active,binary,4.25%,Above 4.25%,4.25,,2026-09-18T15:00:00Z,2027-12-08T18:55:00Z,live,2
KXFED-27DEC-T4.00,KXFED,perim_island_seized,unscheduled_macro,unscheduled_macro,2026-09-11,live,active,binary,4.00%,Above 4.00%,4,,2026-09-18T15:00:00Z,2027-12-08T18:55:00Z,live,2
KXFED-27DEC-T3.75,KXFED,perim_island_seized,unscheduled_macro,unscheduled_macro,2026-09-11,live,active,binary,3.75%,Above 3.75%,3.75,,2026-09-18T15:00:00Z,2027-12-08T18:55:00Z,live,2
KXFED-27DEC-T3.50,KXFED,perim_island_seized,unscheduled_macro,unscheduled_macro,2026-09-11,live,active,binary,3.50%,Above 3.50%,3.5,,2026-09-18T15:00:00Z,2027-12-08T18:55:00Z,live,2
KXFED-27DEC-T3.25,KXFED,perim_island_seized,unscheduled_macro,unscheduled_macro,2026-09-11,live,active,binary,3.25%,Above 3.25%,3.25,,2026-09-18T15:00:00Z,2027-12-08T18:55:00Z,live,2
KXFED-27DEC-T3.00,KXFED,perim_island_seized,unscheduled_macro,unscheduled_macro,2026-09-11,live,active,binary,3.00%,Above 3.00%,3,,2026-09-18T15:00:00Z,2027-12-08T18:55:00Z,live,2
KXFED-27DEC-T2.75,KXFED,perim_island_seized,unscheduled_macro,unscheduled_macro,2026-09-11,live,active,binary,2.75%,Above 2.75%,2.75,,2026-09-18T15:00:00Z,2027-12-08T18:55:00Z,live,2
KXFED-27DEC-T2.50,KXFED,perim_island_seized,unscheduled_macro,unscheduled_macro,2026-09-11,live,active,binary,2.50%,Above 2.50%,2.5,,2026-09-18T15:00:00Z,2027-12-08T18:55:00Z,live,2
KXFED-27DEC-T2.25,KXFED,perim_island_seized,unscheduled_macro,unscheduled_macro,2026-09-11,live,active,binary,2.25%,Above 2.25%,2.25,,2026-09-18T15:00:00Z,2027-12-08T18:55:00Z,live,2
KXFED-27DEC-T2.00,KXFED,perim_island_seized,unscheduled_macro,unscheduled_macro,2026-09-11,live,active,binary,2.00%,Above 2.00%,2,,2026-09-18T15:00:00Z,2027-12-08T18:55:00Z,live,2
KXFED-27DEC-T1.75,KXFED,perim_island_seized,unscheduled_macro,unscheduled_macro,2026-09-11,live,active,binary,1.75%,Above 1.75%,1.75,,2026-09-18T15:00:00Z,2027-12-08T18:55:00Z,live,2
KXFED-27DEC-T1.50,KXFED,perim_island_seized,unscheduled_macro,unscheduled_macro,2026-09-11,live,active,binary,1.50%,Above 1.50%,1.5,,2026-09-18T15:00:00Z,2027-12-08T18:55:00Z,live,2
KXFED-27DEC-T1.25,KXFED,perim_island_seized,unscheduled_macro,unscheduled_macro,2026-09-11,live,active,binary,1.25%,Above 1.25%,1.25,,2026-09-18T15:00:00Z,2027-12-08T18:55:00Z,live,2
KXFED-27DEC-T1.00,KXFED,perim_island_seized,unscheduled_macro,unscheduled_macro,2026-09-11,live,active,binary,1.00%,Above 1.00%,1,,2026-09-18T15:00:00Z,2027-12-08T18:55:00Z,live,2
KXFED-27DEC-T0.75,KXFED,perim_island_seized,unscheduled_macro,unscheduled_macro,2026-09-11,live,active,binary,0.75%,Above 0.75%,0.75,,2026-09-18T15:00:00Z,2027-12-08T18:55:00Z,live,2
KXFED-27DEC-T0.50,KXFED,perim_island_seized,unscheduled_macro,unscheduled_macro,2026-09-11,live,active,binary,0.50%,Above 0.50%,0.5,,2026-09-18T15:00:00Z,2027-12-08T18:55:00Z,live,2
KXFED-27DEC-T0.25,KXFED,perim_island_seized,unscheduled_macro,unscheduled_macro,2026-09-11,live,active,binary,0.25%,Above 0.25%,0.25,,2026-09-18T15:00:00Z,2027-12-08T18:55:00Z,live,2
KXFED-27DEC-T0.00,KXFED,perim_island_seized,unscheduled_macro,unscheduled_macro,2026-09-11,live,active,binary,0.00%,Above 0.00%,0,,2026-09-18T15:00:00Z,2027-12-08T18:55:00Z,live,2
KXFED-27OCT-T6.00,KXFED,perim_island_seized,unscheduled_macro,unscheduled_macro,2026-09-11,live,active,binary,6.00%,Above 6.00%,6,,2026-09-18T15:00:00Z,2027-10-27T17:55:00Z,live,2
KXFED-27OCT-T5.75,KXFED,perim_island_seized,unscheduled_macro,unscheduled_macro,2026-09-11,live,active,binary,5.75%,Above 5.75%,5.75,,2026-09-18T15:00:00Z,2027-10-27T17:55:00Z,live,2
KXFED-27OCT-T5.50,KXFED,perim_island_seized,unscheduled_macro,unscheduled_macro,2026-09-11,live,active,binary,5.50%,Above 5.50%,5.5,,2026-09-18T15:00:00Z,2027-10-27T17:55:00Z,live,2
KXFED-27OCT-T5.25,KXFED,perim_island_seized,unscheduled_macro,unscheduled_macro,2026-09-11,live,active,binary,5.25%,Above 5.25%,5.25,,2026-09-18T15:00:00Z,2027-10-27T17:55:00Z,live,2
KXFED-27OCT-T5.00,KXFED,perim_island_seized,unscheduled_macro,unscheduled_macro,2026-09-11,live,active,binary,5.00%,Above 5.00%,5,,2026-09-18T15:00:00Z,2027-10-27T17:55:00Z,live,2
KXFED-27OCT-T4.75,KXFED,perim_island_seized,unscheduled_macro,unscheduled_macro,2026-09-11,live,active,binary,4.75%,Above 4.75%,4.75,,2026-09-18T15:00:00Z,2027-10-27T17:55:00Z,live,2
KXFED-27OCT-T4.50,KXFED,perim_island_seized,unscheduled_macro,unscheduled_macro,2026-09-11,live,active,binary,4.50%,Above 4.50%,4.5,,2026-09-18T15:00:00Z,2027-10-27T17:55:00Z,live,2
KXFED-27OCT-T4.25,KXFED,perim_island_seized,unscheduled_macro,unscheduled_macro,2026-09-11,live,active,binary,4.25%,Above 4.25%,4.25,,2026-09-18T15:00:00Z,2027-10-27T17:55:00Z,live,2
KXFED-27OCT-T4.00,KXFED,perim_island_seized,unscheduled_macro,unscheduled_macro,2026-09-11,live,active,binary,4.00%,Above 4.00%,4,,2026-09-18T15:00:00Z,2027-10-27T17:55:00Z,live,2
KXFED-27OCT-T3.75,KXFED,perim_island_seized,unscheduled_macro,unscheduled_macro,2026-09-11,live,active,binary,3.75%,Above 3.75%,3.75,,2026-09-18T15:00:00Z,2027-10-27T17:55:00Z,live,2
KXFED-27OCT-T3.50,KXFED,perim_island_seized,unscheduled_macro,unscheduled_macro,2026-09-11,live,active,binary,3.50%,Above 3.50%,3.5,,2026-09-18T15:00:00Z,2027-10-27T17:55:00Z,live,2
KXFED-27OCT-T3.25,KXFED,perim_island_seized,unscheduled_macro,unscheduled_macro,2026-09-11,live,active,binary,3.25%,Above 3.25%,3.25,,2026-09-18T15:00:00Z,2027-10-27T17:55:00Z,live,2
KXFED-27OCT-T3.00,KXFED,perim_island_seized,unscheduled_macro,unscheduled_macro,2026-09-11,live,active,binary,3.00%,Above 3.00%,3,,2026-09-18T15:00:00Z,2027-10-27T17:55:00Z,live,2
KXFED-27OCT-T2.75,KXFED,perim_island_seized,unscheduled_macro,unscheduled_macro,2026-09-11,live,active,binary,2.75%,Above 2.75%,2.75,,2026-09-18T15:00:00Z,2027-10-27T17:55:00Z,live,2
KXFED-27OCT-T2.50,KXFED,perim_island_seized,unscheduled_macro,unscheduled_macro,2026-09-11,live,active,binary,2.50%,Above 2.50%,2.5,,2026-09-18T15:00:00Z,2027-10-27T17:55:00Z,live,2
KXFED-27OCT-T2.25,KXFED,perim_island_seized,unscheduled_macro,unscheduled_macro,2026-09-11,live,active,binary,2.25%,Above 2.25%,2.25,,2026-09-18T15:00:00Z,2027-10-27T17:55:00Z,live,2
KXFED-27OCT-T2.00,KXFED,perim_island_seized,unscheduled_macro,unscheduled_macro,2026-09-11,live,active,binary,2.00%,Above 2.00%,2,,2026-09-18T15:00:00Z,2027-10-27T17:55:00Z,live,2
KXFED-27OCT-T1.75,KXFED,perim_island_seized,unscheduled_macro,unscheduled_macro,2026-09-11,live,active,binary,1.75%,Above 1.75%,1.75,,2026-09-18T15:00:00Z,2027-10-27T17:55:00Z,live,2
KXFED-27OCT-T1.50,KXFED,perim_island_seized,unscheduled_macro,unscheduled_macro,2026-09-11,live,active,binary,1.50%,Above 1.50%,1.5,,2026-09-18T15:00:00Z,2027-10-27T17:55:00Z,live,2
KXFED-27OCT-T1.25,KXFED,perim_island_seized,unscheduled_macro,unscheduled_macro,2026-09-11,live,active,binary,1.25%,Above 1.25%,1.25,,2026-09-18T15:00:00Z,2027-10-27T17:55:00Z,live,2
KXFED-27OCT-T1.00,KXFED,perim_island_seized,unscheduled_macro,unscheduled_macro,2026-09-11,live,active,binary,1.00%,Above 1.00%,1,,2026-09-18T15:00:00Z,2027-10-27T17:55:00Z,live,2
KXFED-27OCT-T0.75,KXFED,perim_island_seized,unscheduled_macro,unscheduled_macro,2026-09-11,live,active,binary,0.75%,Above 0.75%,0.75,,2026-09-18T15:00:00Z,2027-10-27T17:55:00Z,live,2
KXFED-27OCT-T0.50,KXFED,perim_island_seized,unscheduled_macro,unscheduled_macro,2026-09-11,live,active,binary,0.50%,Above 0.50%,0.5,,2026-09-18T15:00:00Z,2027-10-27T17:55:00Z,live,2
KXFED-27OCT-T0.25,KXFED,perim_island_seized,unscheduled_macro,unscheduled_macro,2026-09-11,live,active,binary,0.25%,Above 0.25%,0.25,,2026-09-18T15:00:00Z,2027-10-27T17:55:00Z,live,2
KXFED-27OCT-T0.00,KXFED,perim_island_seized,unscheduled_macro,unscheduled_macro,2026-09-11,live,active,binary,0.00%,Above 0.00%,0,,2026-09-18T15:00:00Z,2027-10-27T17:55:00Z,live,2
KXFED-27SEP-T6.00,KXFED,perim_island_seized,unscheduled_macro,unscheduled_macro,2026-09-11,live,active,binary,6.00%,Above 6.00%,6,,2026-09-18T15:00:00Z,2027-09-15T17:55:00Z,live,2
KXFED-27SEP-T5.75,KXFED,perim_island_seized,unscheduled_macro,unscheduled_macro,2026-09-11,live,active,binary,5.75%,Above 5.75%,5.75,,2026-09-18T15:00:00Z,2027-09-15T17:55:00Z,live,2
KXFED-27SEP-T5.50,KXFED,perim_island_seized,unscheduled_macro,unscheduled_macro,2026-09-11,live,active,binary,5.50%,Above 5.50%,5.5,,2026-09-18T15:00:00Z,2027-09-15T17:55:00Z,live,2
KXFED-27SEP-T5.25,KXFED,perim_island_seized,unscheduled_macro,unscheduled_macro,2026-09-11,live,active,binary,5.25%,Above 5.25%,5.25,,2026-09-18T15:00:00Z,2027-09-15T17:55:00Z,live,2
KXFED-27SEP-T5.00,KXFED,perim_island_seized,unscheduled_macro,unscheduled_macro,2026-09-11,live,active,binary,5.00%,Above 5.00%,5,,2026-09-18T15:00:00Z,2027-09-15T17:55:00Z,live,2
KXFED-27SEP-T4.75,KXFED,perim_island_seized,unscheduled_macro,unscheduled_macro,2026-09-11,live,active,binary,4.75%,Above 4.75%,4.75,,2026-09-18T15:00:00Z,2027-09-15T17:55:00Z,live,2
KXFED-27SEP-T4.50,KXFED,perim_island_seized,unscheduled_macro,unscheduled_macro,2026-09-11,live,active,binary,4.50%,Above 4.50%,4.5,,2026-09-18T15:00:00Z,2027-09-15T17:55:00Z,live,2
KXFED-27SEP-T4.25,KXFED,perim_island_seized,unscheduled_macro,unscheduled_macro,2026-09-11,live,active,binary,4.25%,Above 4.25%,4.25,,2026-09-18T15:00:00Z,2027-09-15T17:55:00Z,live,2
KXFED-27SEP-T4.00,KXFED,perim_island_seized,unscheduled_macro,unscheduled_macro,2026-09-11,live,active,binary,4.00%,Above 4.00%,4,,2026-09-18T15:00:00Z,2027-09-15T17:55:00Z,live,2
KXFED-27SEP-T3.75,KXFED,perim_island_seized,unscheduled_macro,unscheduled_macro,2026-09-11,live,active,binary,3.75%,Above 3.75%,3.75,,2026-09-18T15:00:00Z,2027-09-15T17:55:00Z,live,2
KXFED-27SEP-T3.50,KXFED,perim_island_seized,unscheduled_macro,unscheduled_macro,2026-09-11,live,active,binary,3.50%,Above 3.50%,3.5,,2026-09-18T15:00:00Z,2027-09-15T17:55:00Z,live,2
KXFED-27SEP-T3.25,KXFED,perim_island_seized,unscheduled_macro,unscheduled_macro,2026-09-11,live,active,binary,3.25%,Above 3.25%,3.25,,2026-09-18T15:00:00Z,2027-09-15T17:55:00Z,live,2
KXFED-27SEP-T3.00,KXFED,perim_island_seized,unscheduled_macro,unscheduled_macro,2026-09-11,live,active,binary,3.00%,Above 3.00%,3,,2026-09-18T15:00:00Z,2027-09-15T17:55:00Z,live,2
KXFED-27SEP-T2.75,KXFED,perim_island_seized,unscheduled_macro,unscheduled_macro,2026-09-11,live,active,binary,2.75%,Above 2.75%,2.75,,2026-09-18T15:00:00Z,2027-09-15T17:55:00Z,live,2
KXFED-27SEP-T2.50,KXFED,perim_island_seized,unscheduled_macro,unscheduled_macro,2026-09-11,live,active,binary,2.50%,Above 2.50%,2.5,,2026-09-18T15:00:00Z,2027-09-15T17:55:00Z,live,2
KXFED-27SEP-T2.25,KXFED,perim_island_seized,unscheduled_macro,unscheduled_macro,2026-09-11,live,active,binary,2.25%,Above 2.25%,2.25,,2026-09-18T15:00:00Z,2027-09-15T17:55:00Z,live,2
KXFED-27SEP-T2.00,KXFED,perim_island_seized,unscheduled_macro,unscheduled_macro,2026-09-11,live,active,binary,2.00%,Above 2.00%,2,,2026-09-18T15:00:00Z,2027-09-15T17:55:00Z,live,2
KXFED-27SEP-T1.75,KXFED,perim_island_seized,unscheduled_macro,unscheduled_macro,2026-09-11,live,active,binary,1.75%,Above 1.75%,1.75,,2026-09-18T15:00:00Z,2027-09-15T17:55:00Z,live,2
KXFED-27SEP-T1.50,KXFED,perim_island_seized,unscheduled_macro,unscheduled_macro,2026-09-11,live,active,binary,1.50%,Above 1.50%,1.5,,2026-09-18T15:00:00Z,2027-09-15T17:55:00Z,live,2
KXFED-27SEP-T1.25,KXFED,perim_island_seized,unscheduled_macro,unscheduled_macro,2026-09-11,live,active,binary,1.25%,Above 1.25%,1.25,,2026-09-18T15:00:00Z,2027-09-15T17:55:00Z,live,2
KXFED-27SEP-T1.00,KXFED,perim_island_seized,unscheduled_macro,unscheduled_macro,2026-09-11,live,active,binary,1.00%,Above 1.00%,1,,2026-09-18T15:00:00Z,2027-09-15T17:55:00Z,live,2
KXFED-27SEP-T0.75,KXFED,perim_island_seized,unscheduled_macro,unscheduled_macro,2026-09-11,live,active,binary,0.75%,Above 0.75%,0.75,,2026-09-18T15:00:00Z,2027-09-15T17:55:00Z,live,2
KXFED-27SEP-T0.50,KXFED,perim_island_seized,unscheduled_macro,unscheduled_macro,2026-09-11,live,active,binary,0.50%,Above 0.50%,0.5,,2026-09-18T15:00:00Z,2027-09-15T17:55:00Z,live,2
KXFED-27SEP-T0.25,KXFED,perim_island_seized,unscheduled_macro,unscheduled_macro,2026-09-11,live,active,binary,0.25%,Above 0.25%,0.25,,2026-09-18T15:00:00Z,2027-09-15T17:55:00Z,live,2
KXFED-27SEP-T0.00,KXFED,perim_island_seized,unscheduled_macro,unscheduled_macro,2026-09-11,live,active,binary,0.00%,Above 0.00%,0,,2026-09-18T15:00:00Z,2027-09-15T17:55:00Z,live,2
KXFED-27JUL-T6.00,KXFED,perim_island_seized,unscheduled_macro,unscheduled_macro,2026-09-11,live,active,binary,6.00%,Above 6.00%,6,,2026-09-18T15:00:00Z,2027-07-28T17:55:00Z,live,2
KXFED-27JUL-T5.75,KXFED,perim_island_seized,unscheduled_macro,unscheduled_macro,2026-09-11,live,active,binary,5.75%,Above 5.75%,5.75,,2026-09-18T15:00:00Z,2027-07-28T17:55:00Z,live,2
KXFED-27JUL-T5.50,KXFED,perim_island_seized,unscheduled_macro,unscheduled_macro,2026-09-11,live,active,binary,5.50%,Above 5.50%,5.5,,2026-09-18T15:00:00Z,2027-07-28T17:55:00Z,live,2
KXFED-27JUL-T5.25,KXFED,perim_island_seized,unscheduled_macro,unscheduled_macro,2026-09-11,live,active,binary,5.25%,Above 5.25%,5.25,,2026-09-18T15:00:00Z,2027-07-28T17:55:00Z,live,2
KXFED-27JUL-T5.00,KXFED,perim_island_seized,unscheduled_macro,unscheduled_macro,2026-09-11,live,active,binary,5.00%,Above 5.00%,5,,2026-09-18T15:00:00Z,2027-07-28T17:55:00Z,live,2
KXFED-27JUL-T4.75,KXFED,perim_island_seized,unscheduled_macro,unscheduled_macro,2026-09-11,live,active,binary,4.75%,Above 4.75%,4.75,,2026-09-18T15:00:00Z,2027-07-28T17:55:00Z,live,2
KXFED-27JUL-T4.50,KXFED,perim_island_seized,unscheduled_macro,unscheduled_macro,2026-09-11,live,active,binary,4.50%,Above 4.50%,4.5,,2026-09-18T15:00:00Z,2027-07-28T17:55:00Z,live,2
KXFED-27JUL-T4.25,KXFED,perim_island_seized,unscheduled_macro,unscheduled_macro,2026-09-11,live,active,binary,4.25%,Above 4.25%,4.25,,2026-09-18T15:00:00Z,2027-07-28T17:55:00Z,live,2
KXFED-27JUL-T4.00,KXFED,perim_island_seized,unscheduled_macro,unscheduled_macro,2026-09-11,live,active,binary,4.00%,Above 4.00%,4,,2026-09-18T15:00:00Z,2027-07-28T17:55:00Z,live,2
KXFED-27JUL-T3.75,KXFED,perim_island_seized,unscheduled_macro,unscheduled_macro,2026-09-11,live,active,binary,3.75%,Above 3.75%,3.75,,2026-09-18T15:00:00Z,2027-07-28T17:55:00Z,live,2
KXFED-27JUL-T3.50,KXFED,perim_island_seized,unscheduled_macro,unscheduled_macro,2026-09-11,live,active,binary,3.50%,Above 3.50%,3.5,,2026-09-18T15:00:00Z,2027-07-28T17:55:00Z,live,2
KXFED-27JUL-T3.25,KXFED,perim_island_seized,unscheduled_macro,unscheduled_macro,2026-09-11,live,active,binary,3.25%,Above 3.25%,3.25,,2026-09-18T15:00:00Z,2027-07-28T17:55:00Z,live,2
KXFED-27JUL-T3.00,KXFED,perim_island_seized,unscheduled_macro,unscheduled_macro,2026-09-11,live,active,binary,3.00%,Above 3.00%,3,,2026-09-18T15:00:00Z,2027-07-28T17:55:00Z,live,2
KXFED-27JUL-T2.75,KXFED,perim_island_seized,unscheduled_macro,unscheduled_macro,2026-09-11,live,active,binary,2.75%,Above 2.75%,2.75,,2026-09-18T15:00:00Z,2027-07-28T17:55:00Z,live,2
KXFED-27JUL-T2.50,KXFED,perim_island_seized,unscheduled_macro,unscheduled_macro,2026-09-11,live,active,binary,2.50%,Above 2.50%,2.5,,2026-09-18T15:00:00Z,2027-07-28T17:55:00Z,live,2
KXFED-27JUL-T2.25,KXFED,perim_island_seized,unscheduled_macro,unscheduled_macro,2026-09-11,live,active,binary,2.25%,Above 2.25%,2.25,,2026-09-18T15:00:00Z,2027-07-28T17:55:00Z,live,2
KXFED-27JUL-T2.00,KXFED,perim_island_seized,unscheduled_macro,unscheduled_macro,2026-09-11,live,active,binary,2.00%,Above 2.00%,2,,2026-09-18T15:00:00Z,2027-07-28T17:55:00Z,live,2
KXFED-27JUL-T1.75,KXFED,perim_island_seized,unscheduled_macro,unscheduled_macro,2026-09-11,live,active,binary,1.75%,Above 1.75%,1.75,,2026-09-18T15:00:00Z,2027-07-28T17:55:00Z,live,2
KXFED-27JUL-T1.50,KXFED,perim_island_seized,unscheduled_macro,unscheduled_macro,2026-09-11,live,active,binary,1.50%,Above 1.50%,1.5,,2026-09-18T15:00:00Z,2027-07-28T17:55:00Z,live,2
KXFED-27JUL-T1.25,KXFED,perim_island_seized,unscheduled_macro,unscheduled_macro,2026-09-11,live,active,binary,1.25%,Above 1.25%,1.25,,2026-09-18T15:00:00Z,2027-07-28T17:55:00Z,live,2
KXFED-27JUL-T1.00,KXFED,perim_island_seized,unscheduled_macro,unscheduled_macro,2026-09-11,live,active,binary,1.00%,Above 1.00%,1,,2026-09-18T15:00:00Z,2027-07-28T17:55:00Z,live,2
KXFED-27JUL-T0.75,KXFED,perim_island_seized,unscheduled_macro,unscheduled_macro,2026-09-11,live,active,binary,0.75%,Above 0.75%,0.75,,2026-09-18T15:00:00Z,2027-07-28T17:55:00Z,live,2
KXFED-27JUL-T0.50,KXFED,perim_island_seized,unscheduled_macro,unscheduled_macro,2026-09-11,live,active,binary,0.50%,Above 0.50%,0.5,,2026-09-18T15:00:00Z,2027-07-28T17:55:00Z,live,2
KXFED-27JUL-T0.25,KXFED,perim_island_seized,unscheduled_macro,unscheduled_macro,2026-09-11,live,active,binary,0.25%,Above 0.25%,0.25,,2026-09-18T15:00:00Z,2027-07-28T17:55:00Z,live,2
KXFED-27JUL-T0.00,KXFED,perim_island_seized,unscheduled_macro,unscheduled_macro,2026-09-11,live,active,binary,0.00%,Above 0.00%,0,,2026-09-18T15:00:00Z,2027-07-28T17:55:00Z,live,2
KXFED-27JUN-T6.00,KXFED,perim_island_seized,unscheduled_macro,unscheduled_macro,2026-09-11,live,active,binary,6.00%,Above 6.00%,6,,2026-09-18T15:00:00Z,2027-06-09T17:55:00Z,live,2
KXFED-27JUN-T5.75,KXFED,perim_island_seized,unscheduled_macro,unscheduled_macro,2026-09-11,live,active,binary,5.75%,Above 5.75%,5.75,,2026-09-18T15:00:00Z,2027-06-09T17:55:00Z,live,2
KXFED-27JUN-T5.50,KXFED,perim_island_seized,unscheduled_macro,unscheduled_macro,2026-09-11,live,active,binary,5.50%,Above 5.50%,5.5,,2026-09-18T15:00:00Z,2027-06-09T17:55:00Z,live,2
KXFED-27JUN-T5.25,KXFED,perim_island_seized,unscheduled_macro,unscheduled_macro,2026-09-11,live,active,binary,5.25%,Above 5.25%,5.25,,2026-09-18T15:00:00Z,2027-06-09T17:55:00Z,live,2
KXFED-27JUN-T5.00,KXFED,perim_island_seized,unscheduled_macro,unscheduled_macro,2026-09-11,live,active,binary,5.00%,Above 5.00%,5,,2026-09-18T15:00:00Z,2027-06-09T17:55:00Z,live,2
KXFED-27JUN-T4.75,KXFED,perim_island_seized,unscheduled_macro,unscheduled_macro,2026-09-11,live,active,binary,4.75%,Above 4.75%,4.75,,2026-09-18T15:00:00Z,2027-06-09T17:55:00Z,live,2
KXFED-27JUN-T4.50,KXFED,perim_island_seized,unscheduled_macro,unscheduled_macro,2026-09-11,live,active,binary,4.50%,Above 4.50%,4.5,,2026-09-18T15:00:00Z,2027-06-09T17:55:00Z,live,2
KXFED-27JUN-T4.25,KXFED,perim_island_seized,unscheduled_macro,unscheduled_macro,2026-09-11,live,active,binary,4.25%,Above 4.25%,4.25,,2026-09-18T15:00:00Z,2027-06-09T17:55:00Z,live,2
KXFED-27JUN-T4.00,KXFED,perim_island_seized,unscheduled_macro,unscheduled_macro,2026-09-11,live,active,binary,4.00%,Above 4.00%,4,,2026-09-18T15:00:00Z,2027-06-09T17:55:00Z,live,2
KXFED-27JUN-T3.75,KXFED,perim_island_seized,unscheduled_macro,unscheduled_macro,2026-09-11,live,active,binary,3.75%,Above 3.75%,3.75,,2026-09-18T15:00:00Z,2027-06-09T17:55:00Z,live,2
KXFED-27JUN-T3.50,KXFED,perim_island_seized,unscheduled_macro,unscheduled_macro,2026-09-11,live,active,binary,3.50%,Above 3.50%,3.5,,2026-09-18T15:00:00Z,2027-06-09T17:55:00Z,live,2
KXFED-27JUN-T3.25,KXFED,perim_island_seized,unscheduled_macro,unscheduled_macro,2026-09-11,live,active,binary,3.25%,Above 3.25%,3.25,,2026-09-18T15:00:00Z,2027-06-09T17:55:00Z,live,2
KXFED-27JUN-T3.00,KXFED,perim_island_seized,unscheduled_macro,unscheduled_macro,2026-09-11,live,active,binary,3.00%,Above 3.00%,3,,2026-09-18T15:00:00Z,2027-06-09T17:55:00Z,live,2
KXFED-27JUN-T2.75,KXFED,perim_island_seized,unscheduled_macro,unscheduled_macro,2026-09-11,live,active,binary,2.75%,Above 2.75%,2.75,,2026-09-18T15:00:00Z,2027-06-09T17:55:00Z,live,2
KXFED-27JUN-T2.50,KXFED,perim_island_seized,unscheduled_macro,unscheduled_macro,2026-09-11,live,active,binary,2.50%,Above 2.50%,2.5,,2026-09-18T15:00:00Z,2027-06-09T17:55:00Z,live,2
KXFED-27JUN-T2.25,KXFED,perim_island_seized,unscheduled_macro,unscheduled_macro,2026-09-11,live,active,binary,2.25%,Above 2.25%,2.25,,2026-09-18T15:00:00Z,2027-06-09T17:55:00Z,live,2
KXFED-27JUN-T2.00,KXFED,perim_island_seized,unscheduled_macro,unscheduled_macro,2026-09-11,live,active,binary,2.00%,Above 2.00%,2,,2026-09-18T15:00:00Z,2027-06-09T17:55:00Z,live,2
KXFED-27JUN-T1.75,KXFED,perim_island_seized,unscheduled_macro,unscheduled_macro,2026-09-11,live,active,binary,1.75%,Above 1.75%,1.75,,2026-09-18T15:00:00Z,2027-06-09T17:55:00Z,live,2
KXFED-27JUN-T1.50,KXFED,perim_island_seized,unscheduled_macro,unscheduled_macro,2026-09-11,live,active,binary,1.50%,Above 1.50%,1.5,,2026-09-18T15:00:00Z,2027-06-09T17:55:00Z,live,2
KXFED-27JUN-T1.25,KXFED,perim_island_seized,unscheduled_macro,unscheduled_macro,2026-09-11,live,active,binary,1.25%,Above 1.25%,1.25,,2026-09-18T15:00:00Z,2027-06-09T17:55:00Z,live,2
KXFED-27JUN-T1.00,KXFED,perim_island_seized,unscheduled_macro,unscheduled_macro,2026-09-11,live,active,binary,1.00%,Above 1.00%,1,,2026-09-18T15:00:00Z,2027-06-09T17:55:00Z,live,2
KXFED-27JUN-T0.75,KXFED,perim_island_seized,unscheduled_macro,unscheduled_macro,2026-09-11,live,active,binary,0.75%,Above 0.75%,0.75,,2026-09-18T15:00:00Z,2027-06-09T17:55:00Z,live,2
KXFED-27JUN-T0.50,KXFED,perim_island_seized,unscheduled_macro,unscheduled_macro,2026-09-11,live,active,binary,0.50%,Above 0.50%,0.5,,2026-09-18T15:00:00Z,2027-06-09T17:55:00Z,live,2
KXFED-27JUN-T0.25,KXFED,perim_island_seized,unscheduled_macro,unscheduled_macro,2026-09-11,live,active,binary,0.25%,Above 0.25%,0.25,,2026-09-18T15:00:00Z,2027-06-09T17:55:00Z,live,2
KXFED-27JUN-T0.00,KXFED,perim_island_seized,unscheduled_macro,unscheduled_macro,2026-09-11,live,active,binary,0.00%,Above 0.00%,0,,2026-09-18T15:00:00Z,2027-06-09T17:55:00Z,live,2
KXFED-27APR-T4.25,KXFED,perim_island_seized,unscheduled_macro,unscheduled_macro,2026-09-11,live,active,binary,4.25%,Above 4.25%,4.25,,2025-10-13T14:00:00Z,2027-04-28T17:55:00Z,live,52
KXFED-27APR-T4.00,KXFED,perim_island_seized,unscheduled_macro,unscheduled_macro,2026-09-11,live,active,binary,4.00%,Above 4.00%,4,,2025-10-13T14:00:00Z,2027-04-28T17:55:00Z,live,55
KXFED-27APR-T3.75,KXFED,perim_island_seized,unscheduled_macro,unscheduled_macro,2026-09-11,live,active,binary,3.75%,Above 3.75%,3.75,,2025-10-13T14:00:00Z,2027-04-28T17:55:00Z,live,55
KXFED-27APR-T3.50,KXFED,perim_island_seized,unscheduled_macro,unscheduled_macro,2026-09-11,live,active,binary,3.50%,Above 3.50%,3.5,,2025-10-13T14:00:00Z,2027-04-28T17:55:00Z,live,55
KXFED-27APR-T3.25,KXFED,perim_island_seized,unscheduled_macro,unscheduled_macro,2026-09-11,live,active,binary,3.25%,Above 3.25%,3.25,,2025-10-13T14:00:00Z,2027-04-28T17:55:00Z,live,55
KXFED-27APR-T3.00,KXFED,perim_island_seized,unscheduled_macro,unscheduled_macro,2026-09-11,live,active,binary,3.00%,Above 3.00%,3,,2025-10-13T14:00:00Z,2027-04-28T17:55:00Z,live,53
KXFED-27APR-T2.75,KXFED,perim_island_seized,unscheduled_macro,unscheduled_macro,2026-09-11,live,active,binary,2.75%,Above 2.75%,2.75,,2025-10-13T14:00:00Z,2027-04-28T17:55:00Z,live,54
KXFED-27APR-T2.50,KXFED,perim_island_seized,unscheduled_macro,unscheduled_macro,2026-09-11,live,active,binary,2.50%,Above 2.50%,2.5,,2025-10-13T14:00:00Z,2027-04-28T17:55:00Z,live,53
KXFED-27APR-T2.25,KXFED,perim_island_seized,unscheduled_macro,unscheduled_macro,2026-09-11,live,active,binary,2.25%,Above 2.25%,2.25,,2025-10-13T14:00:00Z,2027-04-28T17:55:00Z,live,54
KXFED-27APR-T2.00,KXFED,perim_island_seized,unscheduled_macro,unscheduled_macro,2026-09-11,live,active,binary,2.00%,Above 2.00%,2,,2025-10-13T14:00:00Z,2027-04-28T17:55:00Z,live,52
KXFED-27APR-T1.75,KXFED,perim_island_seized,unscheduled_macro,unscheduled_macro,2026-09-11,live,active,binary,1.75%,Above 1.75%,1.75,,2025-10-13T14:00:00Z,2027-04-28T17:55:00Z,live,53
KXFED-27APR-T1.50,KXFED,perim_island_seized,unscheduled_macro,unscheduled_macro,2026-09-11,live,active,binary,1.50%,Above 1.50%,1.5,,2025-10-13T14:00:00Z,2027-04-28T17:55:00Z,live,53
KXFED-27APR-T1.25,KXFED,perim_island_seized,unscheduled_macro,unscheduled_macro,2026-09-11,live,active,binary,1.25%,Above 1.25%,1.25,,2025-10-13T14:00:00Z,2027-04-28T17:55:00Z,live,54
KXFED-27APR-T1.00,KXFED,perim_island_seized,unscheduled_macro,unscheduled_macro,2026-09-11,live,active,binary,1.00%,Above 1.00%,1,,2025-10-13T14:00:00Z,2027-04-28T17:55:00Z,live,52
KXFED-27APR-T0.75,KXFED,perim_island_seized,unscheduled_macro,unscheduled_macro,2026-09-11,live,active,binary,0.75%,Above 0.75%,0.75,,2025-10-13T14:00:00Z,2027-04-28T17:55:00Z,live,51
KXFED-27APR-T0.50,KXFED,perim_island_seized,unscheduled_macro,unscheduled_macro,2026-09-11,live,active,binary,0.50%,Above 0.50%,0.5,,2025-10-13T14:00:00Z,2027-04-28T17:55:00Z,live,50
KXFED-27APR-T0.25,KXFED,perim_island_seized,unscheduled_macro,unscheduled_macro,2026-09-11,live,active,binary,0.25%,Above 0.25%,0.25,,2025-10-13T14:00:00Z,2027-04-28T17:55:00Z,live,47
KXFED-27APR-T0.00,KXFED,perim_island_seized,unscheduled_macro,unscheduled_macro,2026-09-11,live,active,binary,0.00%,Above 0.00%,0,,2025-10-13T14:00:00Z,2027-04-28T17:55:00Z,live,45
KXFED-27MAR-T4.25,KXFED,perim_island_seized,unscheduled_macro,unscheduled_macro,2026-09-11,live,active,binary,4.25%,Above 4.25%,4.25,,2025-10-13T14:00:00Z,2027-03-17T17:55:00Z,live,52
KXFED-27MAR-T4.00,KXFED,perim_island_seized,unscheduled_macro,unscheduled_macro,2026-09-11,live,active,binary,4.00%,Above 4.00%,4,,2025-10-13T14:00:00Z,2027-03-17T17:55:00Z,live,53
KXFED-27MAR-T3.75,KXFED,perim_island_seized,unscheduled_macro,unscheduled_macro,2026-09-11,live,active,binary,3.75%,Above 3.75%,3.75,,2025-10-13T14:00:00Z,2027-03-17T17:55:00Z,live,49
KXFED-27MAR-T3.50,KXFED,perim_island_seized,unscheduled_macro,unscheduled_macro,2026-09-11,live,active,binary,3.50%,Above 3.50%,3.5,,2025-10-13T14:00:00Z,2027-03-17T17:55:00Z,live,50
KXFED-27MAR-T3.25,KXFED,perim_island_seized,unscheduled_macro,unscheduled_macro,2026-09-11,live,active,binary,3.25%,Above 3.25%,3.25,,2025-10-13T14:00:00Z,2027-03-17T17:55:00Z,live,53
KXFED-27MAR-T3.00,KXFED,perim_island_seized,unscheduled_macro,unscheduled_macro,2026-09-11,live,active,binary,3.00%,Above 3.00%,3,,2025-10-13T14:00:00Z,2027-03-17T17:55:00Z,live,51
KXFED-27MAR-T2.75,KXFED,perim_island_seized,unscheduled_macro,unscheduled_macro,2026-09-11,live,active,binary,2.75%,Above 2.75%,2.75,,2025-10-13T14:00:00Z,2027-03-17T17:55:00Z,live,50
KXFED-27MAR-T2.50,KXFED,perim_island_seized,unscheduled_macro,unscheduled_macro,2026-09-11,live,active,binary,2.50%,Above 2.50%,2.5,,2025-10-13T14:00:00Z,2027-03-17T17:55:00Z,live,48
KXFED-27MAR-T2.25,KXFED,perim_island_seized,unscheduled_macro,unscheduled_macro,2026-09-11,live,active,binary,2.25%,Above 2.25%,2.25,,2025-10-13T14:00:00Z,2027-03-17T17:55:00Z,live,49
KXFED-27MAR-T2.00,KXFED,perim_island_seized,unscheduled_macro,unscheduled_macro,2026-09-11,live,active,binary,2.00%,Above 2.00%,2,,2025-10-13T14:00:00Z,2027-03-17T17:55:00Z,live,43
KXFED-27MAR-T1.75,KXFED,perim_island_seized,unscheduled_macro,unscheduled_macro,2026-09-11,live,active,binary,1.75%,Above 1.75%,1.75,,2025-10-13T14:00:00Z,2027-03-17T17:55:00Z,live,45
KXFED-27MAR-T1.50,KXFED,perim_island_seized,unscheduled_macro,unscheduled_macro,2026-09-11,live,active,binary,1.50%,Above 1.50%,1.5,,2025-10-13T14:00:00Z,2027-03-17T17:55:00Z,live,44
KXFED-27MAR-T1.25,KXFED,perim_island_seized,unscheduled_macro,unscheduled_macro,2026-09-11,live,active,binary,1.25%,Above 1.25%,1.25,,2025-10-13T14:00:00Z,2027-03-17T17:55:00Z,live,42
KXFED-27MAR-T1.00,KXFED,perim_island_seized,unscheduled_macro,unscheduled_macro,2026-09-11,live,active,binary,1.00%,Above 1.00%,1,,2025-10-13T14:00:00Z,2027-03-17T17:55:00Z,live,41
KXFED-27MAR-T0.75,KXFED,perim_island_seized,unscheduled_macro,unscheduled_macro,2026-09-11,live,active,binary,0.75%,Above 0.75%,0.75,,2025-10-13T14:00:00Z,2027-03-17T17:55:00Z,live,36
KXFED-27MAR-T0.50,KXFED,perim_island_seized,unscheduled_macro,unscheduled_macro,2026-09-11,live,active,binary,0.50%,Above 0.50%,0.5,,2025-10-13T14:00:00Z,2027-03-17T17:55:00Z,live,36
KXFED-27MAR-T0.25,KXFED,perim_island_seized,unscheduled_macro,unscheduled_macro,2026-09-11,live,active,binary,0.25%,Above 0.25%,0.25,,2025-10-13T14:00:00Z,2027-03-17T17:55:00Z,live,40
KXFED-27MAR-T0.00,KXFED,perim_island_seized,unscheduled_macro,unscheduled_macro,2026-09-11,live,active,binary,0.00%,Above 0.00%,0,,2025-10-13T14:00:00Z,2027-03-17T17:55:00Z,live,39
KXFED-27JAN-T4.25,KXFED,perim_island_seized,unscheduled_macro,unscheduled_macro,2026-09-11,live,active,binary,4.25%,Above 4.25%,4.25,,2025-10-06T14:00:00Z,2027-01-27T18:55:00Z,live,50
KXFED-27JAN-T4.00,KXFED,perim_island_seized,unscheduled_macro,unscheduled_macro,2026-09-11,live,active,binary,4.00%,Above 4.00%,4,,2025-10-06T14:00:00Z,2027-01-27T18:55:00Z,live,54
KXFED-27JAN-T3.75,KXFED,perim_island_seized,unscheduled_macro,unscheduled_macro,2026-09-11,live,active,binary,3.75%,Above 3.75%,3.75,,2025-10-06T14:00:00Z,2027-01-27T18:55:00Z,live,53
KXFED-27JAN-T3.50,KXFED,perim_island_seized,unscheduled_macro,unscheduled_macro,2026-09-11,live,active,binary,3.50%,Above 3.50%,3.5,,2025-10-06T14:00:00Z,2027-01-27T18:55:00Z,live,51
KXFED-27JAN-T3.25,KXFED,perim_island_seized,unscheduled_macro,unscheduled_macro,2026-09-11,live,active,binary,3.25%,Above 3.25%,3.25,,2025-10-06T14:00:00Z,2027-01-27T18:55:00Z,live,55
KXFED-27JAN-T3.00,KXFED,perim_island_seized,unscheduled_macro,unscheduled_macro,2026-09-11,live,active,binary,3.00%,Above 3.00%,3,,2025-10-06T14:00:00Z,2027-01-27T18:55:00Z,live,52
KXFED-27JAN-T2.75,KXFED,perim_island_seized,unscheduled_macro,unscheduled_macro,2026-09-11,live,active,binary,2.75%,Above 2.75%,2.75,,2025-10-06T14:00:00Z,2027-01-27T18:55:00Z,live,53
KXFED-27JAN-T2.50,KXFED,perim_island_seized,unscheduled_macro,unscheduled_macro,2026-09-11,live,active,binary,2.50%,Above 2.50%,2.5,,2025-10-06T14:00:00Z,2027-01-27T18:55:00Z,live,53
KXFED-27JAN-T2.25,KXFED,perim_island_seized,unscheduled_macro,unscheduled_macro,2026-09-11,live,active,binary,2.25%,Above 2.25%,2.25,,2025-10-06T14:00:00Z,2027-01-27T18:55:00Z,live,49
KXFED-27JAN-T2.00,KXFED,perim_island_seized,unscheduled_macro,unscheduled_macro,2026-09-11,live,active,binary,2.00%,Above 2.00%,2,,2025-10-06T14:00:00Z,2027-01-27T18:55:00Z,live,51
KXFED-27JAN-T1.75,KXFED,perim_island_seized,unscheduled_macro,unscheduled_macro,2026-09-11,live,active,binary,1.75%,Above 1.75%,1.75,,2025-10-06T14:00:00Z,2027-01-27T18:55:00Z,live,49
KXFED-27JAN-T1.50,KXFED,perim_island_seized,unscheduled_macro,unscheduled_macro,2026-09-11,live,active,binary,1.50%,Above 1.50%,1.5,,2025-10-06T14:00:00Z,2027-01-27T18:55:00Z,live,50
KXFED-27JAN-T1.25,KXFED,perim_island_seized,unscheduled_macro,unscheduled_macro,2026-09-11,live,active,binary,1.25%,Above 1.25%,1.25,,2025-10-06T14:00:00Z,2027-01-27T18:55:00Z,live,50
KXFED-27JAN-T1.00,KXFED,perim_island_seized,unscheduled_macro,unscheduled_macro,2026-09-11,live,active,binary,1.00%,Above 1.00%,1,,2025-10-06T14:00:00Z,2027-01-27T18:55:00Z,live,47
KXFED-27JAN-T0.75,KXFED,perim_island_seized,unscheduled_macro,unscheduled_macro,2026-09-11,live,active,binary,0.75%,Above 0.75%,0.75,,2025-10-06T14:00:00Z,2027-01-27T18:55:00Z,live,52
KXFED-27JAN-T0.50,KXFED,perim_island_seized,unscheduled_macro,unscheduled_macro,2026-09-11,live,active,binary,0.50%,Above 0.50%,0.5,,2025-10-06T14:00:00Z,2027-01-27T18:55:00Z,live,53
KXFED-27JAN-T0.25,KXFED,perim_island_seized,unscheduled_macro,unscheduled_macro,2026-09-11,live,active,binary,0.25%,Above 0.25%,0.25,,2025-10-06T14:00:00Z,2027-01-27T18:55:00Z,live,50
KXFED-27JAN-T0.00,KXFED,perim_island_seized,unscheduled_macro,unscheduled_macro,2026-09-11,live,active,binary,0.00%,Above 0.00%,0,,2025-10-06T14:00:00Z,2027-01-27T18:55:00Z,live,48
KXFED-26DEC-T5.25,KXFED,perim_island_seized,unscheduled_macro,unscheduled_macro,2026-09-11,live,active,binary,5.25%,Above 5.25%,5.25,,2025-08-06T14:30:00Z,2026-12-09T18:55:00Z,live,35
KXFED-26DEC-T5.00,KXFED,perim_island_seized,unscheduled_macro,unscheduled_macro,2026-09-11,live,active,binary,5.00%,Above 5.00%,5,,2025-08-06T14:30:00Z,2026-12-09T18:55:00Z,live,45
KXFED-26DEC-T4.75,KXFED,perim_island_seized,unscheduled_macro,unscheduled_macro,2026-09-11,live,active,binary,4.75%,Above 4.75%,4.75,,2025-08-06T14:30:00Z,2026-12-09T18:55:00Z,live,40
KXFED-26DEC-T4.50,KXFED,perim_island_seized,unscheduled_macro,unscheduled_macro,2026-09-11,live,active,binary,4.50%,Above 4.50%,4.5,,2025-08-06T14:30:00Z,2026-12-09T18:55:00Z,live,46
KXFED-26DEC-T4.25,KXFED,perim_island_seized,unscheduled_macro,unscheduled_macro,2026-09-11,live,active,binary,4.25%,Above 4.25%,4.25,,2025-08-06T14:30:00Z,2026-12-09T18:55:00Z,live,54
KXFED-26DEC-T4.00,KXFED,perim_island_seized,unscheduled_macro,unscheduled_macro,2026-09-11,live,active,binary,4.00%,Above 4.00%,4,,2025-08-06T14:30:00Z,2026-12-09T18:55:00Z,live,54
KXFED-26DEC-T3.75,KXFED,perim_island_seized,unscheduled_macro,unscheduled_macro,2026-09-11,live,active,binary,3.75%,Above 3.75%,3.75,,2025-08-06T14:30:00Z,2026-12-09T18:55:00Z,live,53
KXFED-26DEC-T3.50,KXFED,perim_island_seized,unscheduled_macro,unscheduled_macro,2026-09-11,live,active,binary,3.50%,Above 3.50%,3.5,,2025-08-06T14:30:00Z,2026-12-09T18:55:00Z,live,54
KXFED-26DEC-T3.25,KXFED,perim_island_seized,unscheduled_macro,unscheduled_macro,2026-09-11,live,active,binary,3.25%,Above 3.25%,3.25,,2025-08-06T14:30:00Z,2026-12-09T18:55:00Z,live,51
KXFED-26DEC-T3.00,KXFED,perim_island_seized,unscheduled_macro,unscheduled_macro,2026-09-11,live,active,binary,3.00%,Above 3.00%,3,,2025-08-06T14:30:00Z,2026-12-09T18:55:00Z,live,49
KXFED-26DEC-T2.75,KXFED,perim_island_seized,unscheduled_macro,unscheduled_macro,2026-09-11,live,active,binary,2.75%,Above 2.75%,2.75,,2025-08-06T14:30:00Z,2026-12-09T18:55:00Z,live,52
KXFED-26OCT-T5.25,KXFED,perim_island_seized,unscheduled_macro,unscheduled_macro,2026-09-11,live,active,binary,5.25%,Above 5.25%,5.25,,2025-08-06T14:30:00Z,2026-10-28T17:55:00Z,live,47
KXFED-26OCT-T5.00,KXFED,perim_island_seized,unscheduled_macro,unscheduled_macro,2026-09-11,live,active,binary,5.00%,Above 5.00%,5,,2025-08-06T14:30:00Z,2026-10-28T17:55:00Z,live,44
KXFED-26OCT-T4.75,KXFED,perim_island_seized,unscheduled_macro,unscheduled_macro,2026-09-11,live,active,binary,4.75%,Above 4.75%,4.75,,2025-08-06T14:30:00Z,2026-10-28T17:55:00Z,live,48
KXFED-26OCT-T4.50,KXFED,perim_island_seized,unscheduled_macro,unscheduled_macro,2026-09-11,live,active,binary,4.50%,Above 4.50%,4.5,,2025-08-06T14:30:00Z,2026-10-28T17:55:00Z,live,50
KXFED-26OCT-T4.25,KXFED,perim_island_seized,unscheduled_macro,unscheduled_macro,2026-09-11,live,active,binary,4.25%,Above 4.25%,4.25,,2025-08-06T14:30:00Z,2026-10-28T17:55:00Z,live,49
KXFED-26OCT-T4.00,KXFED,perim_island_seized,unscheduled_macro,unscheduled_macro,2026-09-11,live,active,binary,4.00%,Above 4.00%,4,,2025-08-06T14:30:00Z,2026-10-28T17:55:00Z,live,55
KXFED-26OCT-T3.75,KXFED,perim_island_seized,unscheduled_macro,unscheduled_macro,2026-09-11,live,active,binary,3.75%,Above 3.75%,3.75,,2025-08-06T14:30:00Z,2026-10-28T17:55:00Z,live,55
KXFED-26OCT-T3.50,KXFED,perim_island_seized,unscheduled_macro,unscheduled_macro,2026-09-11,live,active,binary,3.50%,Above 3.50%,3.5,,2025-08-06T14:30:00Z,2026-10-28T17:55:00Z,live,51
KXFED-26OCT-T3.25,KXFED,perim_island_seized,unscheduled_macro,unscheduled_macro,2026-09-11,live,active,binary,3.25%,Above 3.25%,3.25,,2025-08-06T14:30:00Z,2026-10-28T17:55:00Z,live,52
KXFED-26OCT-T3.00,KXFED,perim_island_seized,unscheduled_macro,unscheduled_macro,2026-09-11,live,active,binary,3.00%,Above 3.00%,3,,2025-08-06T14:30:00Z,2026-10-28T17:55:00Z,live,44
KXFED-26OCT-T2.75,KXFED,perim_island_seized,unscheduled_macro,unscheduled_macro,2026-09-11,live,active,binary,2.75%,Above 2.75%,2.75,,2025-08-06T14:30:00Z,2026-10-28T17:55:00Z,live,45
KXFED-26SEP-T5.25,KXFED,perim_island_seized,unscheduled_macro,unscheduled_macro,2026-09-11,live,finalized,binary,5.25%,Above 5.25%,5.25,,2025-08-06T14:30:00Z,2026-09-16T17:55:00Z,live,46
KXFED-26SEP-T5.00,KXFED,perim_island_seized,unscheduled_macro,unscheduled_macro,2026-09-11,live,finalized,binary,5.00%,Above 5.00%,5,,2025-08-06T14:30:00Z,2026-09-16T17:55:00Z,live,47
KXFED-26SEP-T4.75,KXFED,perim_island_seized,unscheduled_macro,unscheduled_macro,2026-09-11,live,finalized,binary,4.75%,Above 4.75%,4.75,,2025-08-06T14:30:00Z,2026-09-16T17:55:00Z,live,46
KXFED-26SEP-T4.50,KXFED,perim_island_seized,unscheduled_macro,unscheduled_macro,2026-09-11,live,finalized,binary,4.50%,Above 4.50%,4.5,,2025-08-06T14:30:00Z,2026-09-16T17:55:00Z,live,47
KXFED-26SEP-T4.25,KXFED,perim_island_seized,unscheduled_macro,unscheduled_macro,2026-09-11,live,finalized,binary,4.25%,Above 4.25%,4.25,,2025-08-06T14:30:00Z,2026-09-16T17:55:00Z,live,48
KXFED-26SEP-T4.00,KXFED,perim_island_seized,unscheduled_macro,unscheduled_macro,2026-09-11,live,finalized,binary,4.00%,Above 4.00%,4,,2025-08-06T14:30:00Z,2026-09-16T17:55:00Z,live,52
KXFED-26SEP-T3.75,KXFED,perim_island_seized,unscheduled_macro,unscheduled_macro,2026-09-11,live,finalized,binary,3.75%,Above 3.75%,3.75,,2025-08-06T14:30:00Z,2026-09-16T17:55:00Z,live,52
KXFED-26SEP-T3.50,KXFED,perim_island_seized,unscheduled_macro,unscheduled_macro,2026-09-11,live,finalized,binary,3.50%,Above 3.50%,3.5,,2025-08-06T14:30:00Z,2026-09-16T17:55:00Z,live,46
KXFED-26SEP-T3.25,KXFED,perim_island_seized,unscheduled_macro,unscheduled_macro,2026-09-11,live,finalized,binary,3.25%,Above 3.25%,3.25,,2025-08-06T14:30:00Z,2026-09-16T17:55:00Z,live,33
KXFED-26SEP-T3.00,KXFED,perim_island_seized,unscheduled_macro,unscheduled_macro,2026-09-11,live,finalized,binary,3.00%,Above 3.00%,3,,2025-08-06T14:30:00Z,2026-09-16T17:55:00Z,live,44
KXFED-26SEP-T2.75,KXFED,perim_island_seized,unscheduled_macro,unscheduled_macro,2026-09-11,live,finalized,binary,2.75%,Above 2.75%,2.75,,2025-08-06T14:30:00Z,2026-09-16T17:55:00Z,live,46
KXFED-26JUL-T5.25,KXFED,perim_island_seized,unscheduled_macro,unscheduled_macro,2026-09-11,live,finalized,binary,5.25%,Above 5.25%,5.25,,2025-08-06T14:30:00Z,2026-07-29T17:55:00Z,live,3
KXFED-26JUL-T5.00,KXFED,perim_island_seized,unscheduled_macro,unscheduled_macro,2026-09-11,live,finalized,binary,5.00%,Above 5.00%,5,,2025-08-06T14:30:00Z,2026-07-29T17:55:00Z,live,3
KXFED-26JUL-T4.75,KXFED,perim_island_seized,unscheduled_macro,unscheduled_macro,2026-09-11,live,finalized,binary,4.75%,Above 4.75%,4.75,,2025-08-06T14:30:00Z,2026-07-29T17:55:00Z,live,3
KXFED-26JUL-T4.50,KXFED,perim_island_seized,unscheduled_macro,unscheduled_macro,2026-09-11,live,finalized,binary,4.50%,Above 4.50%,4.5,,2025-08-06T14:30:00Z,2026-07-29T17:55:00Z,live,3
KXFED-26JUL-T4.25,KXFED,perim_island_seized,unscheduled_macro,unscheduled_macro,2026-09-11,live,finalized,binary,4.25%,Above 4.25%,4.25,,2025-08-06T14:30:00Z,2026-07-29T17:55:00Z,live,3
KXFED-26JUL-T4.00,KXFED,perim_island_seized,unscheduled_macro,unscheduled_macro,2026-09-11,live,finalized,binary,4.00%,Above 4.00%,4,,2025-08-06T14:30:00Z,2026-07-29T17:55:00Z,live,3
KXFED-26JUL-T3.75,KXFED,perim_island_seized,unscheduled_macro,unscheduled_macro,2026-09-11,live,finalized,binary,3.75%,Above 3.75%,3.75,,2025-08-06T14:30:00Z,2026-07-29T17:55:00Z,live,3
KXFED-26JUL-T3.50,KXFED,perim_island_seized,unscheduled_macro,unscheduled_macro,2026-09-11,live,finalized,binary,3.50%,Above 3.50%,3.5,,2025-08-06T14:30:00Z,2026-07-29T17:55:00Z,live,3
KXFED-26JUL-T3.25,KXFED,perim_island_seized,unscheduled_macro,unscheduled_macro,2026-09-11,live,finalized,binary,3.25%,Above 3.25%,3.25,,2025-08-06T14:30:00Z,2026-07-29T17:55:00Z,live,3
KXFED-26JUL-T3.00,KXFED,perim_island_seized,unscheduled_macro,unscheduled_macro,2026-09-11,live,finalized,binary,3.00%,Above 3.00%,3,,2025-08-06T14:30:00Z,2026-07-29T17:55:00Z,live,3
KXFED-26JUL-T2.75,KXFED,perim_island_seized,unscheduled_macro,unscheduled_macro,2026-09-11,live,finalized,binary,2.75%,Above 2.75%,2.75,,2025-08-06T14:30:00Z,2026-07-29T17:55:00Z,live,3
KXCPI-26OCT-T1.0,KXCPI,hormuz_strike_pipeline_shutdown,unscheduled_macro,unscheduled_macro,2026-09-13,live,active,binary,1.0%,Above 1.0%,1,,2026-09-18T16:00:00Z,2026-11-10T13:25:00Z,live,4
KXCPI-26OCT-T0.9,KXCPI,hormuz_strike_pipeline_shutdown,unscheduled_macro,unscheduled_macro,2026-09-13,live,active,binary,0.9%,Above 0.9%,0.9,,2026-09-18T16:00:00Z,2026-11-10T13:25:00Z,live,4
KXCPI-26OCT-T0.8,KXCPI,hormuz_strike_pipeline_shutdown,unscheduled_macro,unscheduled_macro,2026-09-13,live,active,binary,0.8%,Above 0.8%,0.8,,2026-09-18T16:00:00Z,2026-11-10T13:25:00Z,live,4
KXCPI-26SEP-T0.8,KXCPI,hormuz_strike_pipeline_shutdown,unscheduled_macro,unscheduled_macro,2026-09-13,live,active,binary,0.8%,Above 0.8%,0.8,,2026-09-17T15:30:00Z,2026-10-14T12:25:00Z,live,5
KXCPI-26SEP-T0.7,KXCPI,hormuz_strike_pipeline_shutdown,unscheduled_macro,unscheduled_macro,2026-09-13,live,active,binary,0.7%,Above 0.7%,0.7,,2026-09-17T15:30:00Z,2026-10-14T12:25:00Z,live,5
KXCPI-26JUL-T-0.2,KXCPI,hormuz_strike_pipeline_shutdown,unscheduled_macro,unscheduled_macro,2026-09-13,live,finalized,binary,-0.2%,Above -0.2%,-0.2,,2026-06-16T17:45:00Z,2026-08-12T12:25:00Z,live,15
KXCPI-26NOV-T0.0,KXCPI,hormuz_strike_pipeline_shutdown,unscheduled_macro,unscheduled_macro,2026-09-13,live,active,binary,0.0%,Above 0.0%,0,,2026-02-20T15:00:00Z,2026-12-10T13:25:00Z,live,44
KXCPI-26OCT-T0.4,KXCPI,hormuz_strike_pipeline_shutdown,unscheduled_macro,unscheduled_macro,2026-09-13,live,active,binary,0.4%,Above 0.4%,0.4,,2026-02-20T15:00:00Z,2026-11-10T13:25:00Z,live,43
KXCPI-26OCT-T0.2,KXCPI,hormuz_strike_pipeline_shutdown,unscheduled_macro,unscheduled_macro,2026-09-13,live,active,binary,0.2%,Above 0.2%,0.2,,2026-02-20T15:00:00Z,2026-11-10T13:25:00Z,live,52
KXCPI-26SEP-T-0.1,KXCPI,hormuz_strike_pipeline_shutdown,unscheduled_macro,unscheduled_macro,2026-09-13,live,active,binary,-0.1%,Above -0.1%,-0.1,,2026-02-20T15:00:00Z,2026-10-14T12:25:00Z,live,53
KXCPI-26SEP-T0.0,KXCPI,hormuz_strike_pipeline_shutdown,unscheduled_macro,unscheduled_macro,2026-09-13,live,active,binary,0.0%,Above 0.0%,0,,2026-02-20T15:00:00Z,2026-10-14T12:25:00Z,live,49
KXCPI-26AUG-T0.5,KXCPI,hormuz_strike_pipeline_shutdown,unscheduled_macro,unscheduled_macro,2026-09-13,live,finalized,binary,0.5%,Above 0.5%,0.5,,2026-02-20T15:00:00Z,2026-09-11T12:25:00Z,live,42
KXCPI-26JUL-T0.3,KXCPI,hormuz_strike_pipeline_shutdown,unscheduled_macro,unscheduled_macro,2026-09-13,live,finalized,binary,0.3%,Above 0.3%,0.3,,2026-02-20T15:00:00Z,2026-08-12T12:25:00Z,live,15
KXCPI-26JUL-T0.2,KXCPI,hormuz_strike_pipeline_shutdown,unscheduled_macro,unscheduled_macro,2026-09-13,live,finalized,binary,0.2%,Above 0.2%,0.2,,2026-02-20T15:00:00Z,2026-08-12T12:25:00Z,live,15
KXCPICORE-26DEC-T1.0,KXCPICORE,hormuz_strike_pipeline_shutdown,unscheduled_macro,unscheduled_macro,2026-09-13,live,active,binary,1.0,Above 1.0%,1,1,2026-09-18T16:00:00Z,2027-01-13T13:25:00Z,live,4
KXCPICORE-26DEC-T0.9,KXCPICORE,hormuz_strike_pipeline_shutdown,unscheduled_macro,unscheduled_macro,2026-09-13,live,active,binary,0.9,Above 0.9%,0.9,0.9,2026-09-18T16:00:00Z,2027-01-13T13:25:00Z,live,4
KXCPICORE-26DEC-T0.8,KXCPICORE,hormuz_strike_pipeline_shutdown,unscheduled_macro,unscheduled_macro,2026-09-13,live,active,binary,0.8,Above 0.8%,0.8,0.8,2026-09-18T16:00:00Z,2027-01-13T13:25:00Z,live,4
KXCPICORE-26DEC-T0.7,KXCPICORE,hormuz_strike_pipeline_shutdown,unscheduled_macro,unscheduled_macro,2026-09-13,live,active,binary,0.7,Above 0.7%,0.7,0.7,2026-09-18T16:00:00Z,2027-01-13T13:25:00Z,live,4
KXCPICORE-26DEC-T0.6,KXCPICORE,hormuz_strike_pipeline_shutdown,unscheduled_macro,unscheduled_macro,2026-09-13,live,active,binary,0.6,Above 0.6%,0.6,0.6,2026-09-18T16:00:00Z,2027-01-13T13:25:00Z,live,4
KXCPICORE-26DEC-T0.5,KXCPICORE,hormuz_strike_pipeline_shutdown,unscheduled_macro,unscheduled_macro,2026-09-13,live,active,binary,0.5,Above 0.5%,0.5,0.5,2026-09-18T16:00:00Z,2027-01-13T13:25:00Z,live,4
KXCPICORE-26DEC-T0.4,KXCPICORE,hormuz_strike_pipeline_shutdown,unscheduled_macro,unscheduled_macro,2026-09-13,live,active,binary,0.4,Above 0.4%,0.4,0.4,2026-09-18T16:00:00Z,2027-01-13T13:25:00Z,live,4
KXCPICORE-26DEC-T0.3,KXCPICORE,hormuz_strike_pipeline_shutdown,unscheduled_macro,unscheduled_macro,2026-09-13,live,active,binary,0.3,Above 0.3%,0.3,0.3,2026-09-18T16:00:00Z,2027-01-13T13:25:00Z,live,4
KXCPICORE-26DEC-T0.2,KXCPICORE,hormuz_strike_pipeline_shutdown,unscheduled_macro,unscheduled_macro,2026-09-13,live,active,binary,0.2,Above 0.2%,0.2,0.2,2026-09-18T16:00:00Z,2027-01-13T13:25:00Z,live,4
KXCPICORE-26DEC-T0.1,KXCPICORE,hormuz_strike_pipeline_shutdown,unscheduled_macro,unscheduled_macro,2026-09-13,live,active,binary,0.1,Above 0.1%,0.1,0.1,2026-09-18T16:00:00Z,2027-01-13T13:25:00Z,live,4
KXCPICORE-26DEC-T0.0,KXCPICORE,hormuz_strike_pipeline_shutdown,unscheduled_macro,unscheduled_macro,2026-09-13,live,active,binary,0.0,Above 0.0%,0,0,2026-09-18T16:00:00Z,2027-01-13T13:25:00Z,live,4
KXCPICORE-26NOV-T0.9,KXCPICORE,hormuz_strike_pipeline_shutdown,unscheduled_macro,unscheduled_macro,2026-09-13,live,active,binary,0.9,Above 0.9%,0.9,0.9,2026-06-11T00:15:00Z,2026-12-10T13:25:00Z,live,25
KXCPICORE-26NOV-T0.8,KXCPICORE,hormuz_strike_pipeline_shutdown,unscheduled_macro,unscheduled_macro,2026-09-13,live,active,binary,0.8,Above 0.8%,0.8,0.8,2026-06-11T00:15:00Z,2026-12-10T13:25:00Z,live,27
KXCPICORE-26OCT-T0.9,KXCPICORE,hormuz_strike_pipeline_shutdown,unscheduled_macro,unscheduled_macro,2026-09-13,live,active,binary,0.9,Above 0.9%,0.9,0.9,2026-06-10T20:00:00Z,2026-11-10T13:25:00Z,live,18
KXCPICORE-26OCT-T0.1,KXCPICORE,hormuz_strike_pipeline_shutdown,unscheduled_macro,unscheduled_macro,2026-09-13,live,active,binary,0.1,Above 0.1%,0.1,0.1,2026-06-10T20:00:00Z,2026-11-10T13:25:00Z,live,44
KXCPICORE-26SEP-T1.0,KXCPICORE,hormuz_strike_pipeline_shutdown,unscheduled_macro,unscheduled_macro,2026-09-13,live,active,binary,1.0,Above 1.0%,1,1,2026-06-10T19:50:00Z,2026-10-14T12:25:00Z,live,3
KXCPICORE-26SEP-T0.8,KXCPICORE,hormuz_strike_pipeline_shutdown,unscheduled_macro,unscheduled_macro,2026-09-13,live,active,binary,0.8,Above 0.8%,0.8,0.8,2026-06-10T19:50:00Z,2026-10-14T12:25:00Z,live,4
KXCPICORE-26SEP-T0.7,KXCPICORE,hormuz_strike_pipeline_shutdown,unscheduled_macro,unscheduled_macro,2026-09-13,live,active,binary,0.7,Above 0.7%,0.7,0.7,2026-06-10T19:50:00Z,2026-10-14T12:25:00Z,live,35
KXCPICORE-26SEP-T0.1,KXCPICORE,hormuz_strike_pipeline_shutdown,unscheduled_macro,unscheduled_macro,2026-09-13,live,active,binary,0.1,Above 0.1%,0.1,0.1,2026-06-10T19:50:00Z,2026-10-14T12:25:00Z,live,43
KXCPICORE-26AUG-T1.0,KXCPICORE,hormuz_strike_pipeline_shutdown,unscheduled_macro,unscheduled_macro,2026-09-13,live,finalized,binary,1.0,Above 1.0%,1,1,2026-06-10T18:30:00Z,2026-09-11T12:25:00Z,live,6
KXCPICORE-26AUG-T0.9,KXCPICORE,hormuz_strike_pipeline_shutdown,unscheduled_macro,unscheduled_macro,2026-09-13,live,finalized,binary,0.9,Above 0.9%,0.9,0.9,2026-06-10T18:30:00Z,2026-09-11T12:25:00Z,live,9
KXCPICORE-26AUG-T0.5,KXCPICORE,hormuz_strike_pipeline_shutdown,unscheduled_macro,unscheduled_macro,2026-09-13,live,finalized,binary,0.5,Above 0.5%,0.5,0.5,2026-06-10T18:30:00Z,2026-09-11T12:25:00Z,live,37
KXCPICORE-26AUG-T0.4,KXCPICORE,hormuz_strike_pipeline_shutdown,unscheduled_macro,unscheduled_macro,2026-09-13,live,finalized,binary,0.4,Above 0.4%,0.4,0.4,2026-06-10T18:30:00Z,2026-09-11T12:25:00Z,live,27
KXCPICORE-26JUL-T1.0,KXCPICORE,hormuz_strike_pipeline_shutdown,unscheduled_macro,unscheduled_macro,2026-09-13,live,finalized,binary,1.0,Above 1.0%,1,1,2026-05-12T16:00:00Z,2026-08-12T12:25:00Z,live,15
KXCPICORE-26JUL-T0.9,KXCPICORE,hormuz_strike_pipeline_shutdown,unscheduled_macro,unscheduled_macro,2026-09-13,live,finalized,binary,0.9,Above 0.9%,0.9,0.9,2026-05-12T16:00:00Z,2026-08-12T12:25:00Z,live,15
KXCPICORE-26JUL-T0.7,KXCPICORE,hormuz_strike_pipeline_shutdown,unscheduled_macro,unscheduled_macro,2026-09-13,live,finalized,binary,0.7,Above 0.7%,0.7,0.7,2026-05-12T16:00:00Z,2026-08-12T12:25:00Z,live,15
KXCPICORE-26JUL-T0.6,KXCPICORE,hormuz_strike_pipeline_shutdown,unscheduled_macro,unscheduled_macro,2026-09-13,live,finalized,binary,0.6,Above 0.6%,0.6,0.6,2026-05-12T16:00:00Z,2026-08-12T12:25:00Z,live,15
KXCPICORE-26JUL-T0.4,KXCPICORE,hormuz_strike_pipeline_shutdown,unscheduled_macro,unscheduled_macro,2026-09-13,live,finalized,binary,0.4,Above 0.4%,0.4,0.4,2026-05-12T16:00:00Z,2026-08-12T12:25:00Z,live,15
KXFED-27APR-T5.75,KXFED,hormuz_strike_pipeline_shutdown,unscheduled_macro,unscheduled_macro,2026-09-13,live,active,binary,5.75%,Above 5.75%,5.75,,2026-09-18T15:00:00Z,2027-04-28T17:55:00Z,live,3
KXFED-27APR-T5.50,KXFED,hormuz_strike_pipeline_shutdown,unscheduled_macro,unscheduled_macro,2026-09-13,live,active,binary,5.50%,Above 5.50%,5.5,,2026-09-18T15:00:00Z,2027-04-28T17:55:00Z,live,3
KXFED-27APR-T5.25,KXFED,hormuz_strike_pipeline_shutdown,unscheduled_macro,unscheduled_macro,2026-09-13,live,active,binary,5.25%,Above 5.25%,5.25,,2026-09-18T15:00:00Z,2027-04-28T17:55:00Z,live,3
KXFED-27APR-T4.50,KXFED,hormuz_strike_pipeline_shutdown,unscheduled_macro,unscheduled_macro,2026-09-13,live,active,binary,4.50%,Above 4.50%,4.5,,2026-09-18T15:00:00Z,2027-04-28T17:55:00Z,live,3
KXFED-27MAR-T6.00,KXFED,hormuz_strike_pipeline_shutdown,unscheduled_macro,unscheduled_macro,2026-09-13,live,active,binary,6.00%,Above 6.00%,6,,2026-09-18T15:00:00Z,2027-03-17T17:55:00Z,live,3
KXFED-27MAR-T5.75,KXFED,hormuz_strike_pipeline_shutdown,unscheduled_macro,unscheduled_macro,2026-09-13,live,active,binary,5.75%,Above 5.75%,5.75,,2026-09-18T15:00:00Z,2027-03-17T17:55:00Z,live,3
KXFED-27MAR-T5.50,KXFED,hormuz_strike_pipeline_shutdown,unscheduled_macro,unscheduled_macro,2026-09-13,live,active,binary,5.50%,Above 5.50%,5.5,,2026-09-18T15:00:00Z,2027-03-17T17:55:00Z,live,3
KXFED-27MAR-T4.75,KXFED,hormuz_strike_pipeline_shutdown,unscheduled_macro,unscheduled_macro,2026-09-13,live,active,binary,4.75%,Above 4.75%,4.75,,2026-09-18T15:00:00Z,2027-03-17T17:55:00Z,live,3
KXFED-27MAR-T4.50,KXFED,hormuz_strike_pipeline_shutdown,unscheduled_macro,unscheduled_macro,2026-09-13,live,active,binary,4.50%,Above 4.50%,4.5,,2026-09-18T15:00:00Z,2027-03-17T17:55:00Z,live,3
KXFED-27JAN-T5.75,KXFED,hormuz_strike_pipeline_shutdown,unscheduled_macro,unscheduled_macro,2026-09-13,live,active,binary,5.75%,Above 5.75%,5.75,,2026-09-18T15:00:00Z,2027-01-27T18:55:00Z,live,4
KXFED-27JAN-T5.25,KXFED,hormuz_strike_pipeline_shutdown,unscheduled_macro,unscheduled_macro,2026-09-13,live,active,binary,5.25%,Above 5.25%,5.25,,2026-09-18T15:00:00Z,2027-01-27T18:55:00Z,live,4
KXFED-27JAN-T5.00,KXFED,hormuz_strike_pipeline_shutdown,unscheduled_macro,unscheduled_macro,2026-09-13,live,active,binary,5.00%,Above 5.00%,5,,2026-09-18T15:00:00Z,2027-01-27T18:55:00Z,live,4
KXFED-27JAN-T4.75,KXFED,hormuz_strike_pipeline_shutdown,unscheduled_macro,unscheduled_macro,2026-09-13,live,active,binary,4.75%,Above 4.75%,4.75,,2026-09-18T15:00:00Z,2027-01-27T18:55:00Z,live,4
KXFED-27JAN-T4.50,KXFED,hormuz_strike_pipeline_shutdown,unscheduled_macro,unscheduled_macro,2026-09-13,live,active,binary,4.50%,Above 4.50%,4.5,,2026-09-18T15:00:00Z,2027-01-27T18:55:00Z,live,4
KXFED-28JAN-T5.50,KXFED,hormuz_strike_pipeline_shutdown,unscheduled_macro,unscheduled_macro,2026-09-13,live,active,binary,5.50%,Above 5.50%,5.5,,2026-09-18T15:00:00Z,2028-01-26T18:55:00Z,live,3
KXFED-28JAN-T5.25,KXFED,hormuz_strike_pipeline_shutdown,unscheduled_macro,unscheduled_macro,2026-09-13,live,active,binary,5.25%,Above 5.25%,5.25,,2026-09-18T15:00:00Z,2028-01-26T18:55:00Z,live,3
KXFED-28JAN-T4.75,KXFED,hormuz_strike_pipeline_shutdown,unscheduled_macro,unscheduled_macro,2026-09-13,live,active,binary,4.75%,Above 4.75%,4.75,,2026-09-18T15:00:00Z,2028-01-26T18:55:00Z,live,3
KXFED-28JAN-T4.50,KXFED,hormuz_strike_pipeline_shutdown,unscheduled_macro,unscheduled_macro,2026-09-13,live,active,binary,4.50%,Above 4.50%,4.5,,2026-09-18T15:00:00Z,2028-01-26T18:55:00Z,live,3
KXFED-28JAN-T4.25,KXFED,hormuz_strike_pipeline_shutdown,unscheduled_macro,unscheduled_macro,2026-09-13,live,active,binary,4.25%,Above 4.25%,4.25,,2026-09-18T15:00:00Z,2028-01-26T18:55:00Z,live,3
KXFED-28JAN-T4.00,KXFED,hormuz_strike_pipeline_shutdown,unscheduled_macro,unscheduled_macro,2026-09-13,live,active,binary,4.00%,Above 4.00%,4,,2026-09-18T15:00:00Z,2028-01-26T18:55:00Z,live,3
KXFED-28JAN-T3.75,KXFED,hormuz_strike_pipeline_shutdown,unscheduled_macro,unscheduled_macro,2026-09-13,live,active,binary,3.75%,Above 3.75%,3.75,,2026-09-18T15:00:00Z,2028-01-26T18:55:00Z,live,3
KXFED-28JAN-T3.50,KXFED,hormuz_strike_pipeline_shutdown,unscheduled_macro,unscheduled_macro,2026-09-13,live,active,binary,3.50%,Above 3.50%,3.5,,2026-09-18T15:00:00Z,2028-01-26T18:55:00Z,live,3
KXFED-28JAN-T3.25,KXFED,hormuz_strike_pipeline_shutdown,unscheduled_macro,unscheduled_macro,2026-09-13,live,active,binary,3.25%,Above 3.25%,3.25,,2026-09-18T15:00:00Z,2028-01-26T18:55:00Z,live,4
KXFED-28JAN-T3.00,KXFED,hormuz_strike_pipeline_shutdown,unscheduled_macro,unscheduled_macro,2026-09-13,live,active,binary,3.00%,Above 3.00%,3,,2026-09-18T15:00:00Z,2028-01-26T18:55:00Z,live,4
KXFED-28JAN-T2.75,KXFED,hormuz_strike_pipeline_shutdown,unscheduled_macro,unscheduled_macro,2026-09-13,live,active,binary,2.75%,Above 2.75%,2.75,,2026-09-18T15:00:00Z,2028-01-26T18:55:00Z,live,4
KXFED-28JAN-T2.50,KXFED,hormuz_strike_pipeline_shutdown,unscheduled_macro,unscheduled_macro,2026-09-13,live,active,binary,2.50%,Above 2.50%,2.5,,2026-09-18T15:00:00Z,2028-01-26T18:55:00Z,live,4
KXFED-28JAN-T2.00,KXFED,hormuz_strike_pipeline_shutdown,unscheduled_macro,unscheduled_macro,2026-09-13,live,active,binary,2.00%,Above 2.00%,2,,2026-09-18T15:00:00Z,2028-01-26T18:55:00Z,live,4
KXFED-28JAN-T1.75,KXFED,hormuz_strike_pipeline_shutdown,unscheduled_macro,unscheduled_macro,2026-09-13,live,active,binary,1.75%,Above 1.75%,1.75,,2026-09-18T15:00:00Z,2028-01-26T18:55:00Z,live,4
KXFED-28JAN-T1.50,KXFED,hormuz_strike_pipeline_shutdown,unscheduled_macro,unscheduled_macro,2026-09-13,live,active,binary,1.50%,Above 1.50%,1.5,,2026-09-18T15:00:00Z,2028-01-26T18:55:00Z,live,4
KXFED-28JAN-T1.25,KXFED,hormuz_strike_pipeline_shutdown,unscheduled_macro,unscheduled_macro,2026-09-13,live,active,binary,1.25%,Above 1.25%,1.25,,2026-09-18T15:00:00Z,2028-01-26T18:55:00Z,live,4
KXFED-28JAN-T1.00,KXFED,hormuz_strike_pipeline_shutdown,unscheduled_macro,unscheduled_macro,2026-09-13,live,active,binary,1.00%,Above 1.00%,1,,2026-09-18T15:00:00Z,2028-01-26T18:55:00Z,live,4
KXFED-28JAN-T0.25,KXFED,hormuz_strike_pipeline_shutdown,unscheduled_macro,unscheduled_macro,2026-09-13,live,active,binary,0.25%,Above 0.25%,0.25,,2026-09-18T15:00:00Z,2028-01-26T18:55:00Z,live,4
KXFED-28JAN-T0.00,KXFED,hormuz_strike_pipeline_shutdown,unscheduled_macro,unscheduled_macro,2026-09-13,live,active,binary,0.00%,Above 0.00%,0,,2026-09-18T15:00:00Z,2028-01-26T18:55:00Z,live,4
KXFED-27DEC-T6.00,KXFED,hormuz_strike_pipeline_shutdown,unscheduled_macro,unscheduled_macro,2026-09-13,live,active,binary,6.00%,Above 6.00%,6,,2026-09-18T15:00:00Z,2027-12-08T18:55:00Z,live,4
KXFED-27DEC-T5.75,KXFED,hormuz_strike_pipeline_shutdown,unscheduled_macro,unscheduled_macro,2026-09-13,live,active,binary,5.75%,Above 5.75%,5.75,,2026-09-18T15:00:00Z,2027-12-08T18:55:00Z,live,4
KXFED-27DEC-T5.50,KXFED,hormuz_strike_pipeline_shutdown,unscheduled_macro,unscheduled_macro,2026-09-13,live,active,binary,5.50%,Above 5.50%,5.5,,2026-09-18T15:00:00Z,2027-12-08T18:55:00Z,live,4
KXFED-27DEC-T5.25,KXFED,hormuz_strike_pipeline_shutdown,unscheduled_macro,unscheduled_macro,2026-09-13,live,active,binary,5.25%,Above 5.25%,5.25,,2026-09-18T15:00:00Z,2027-12-08T18:55:00Z,live,4
KXFED-27DEC-T5.00,KXFED,hormuz_strike_pipeline_shutdown,unscheduled_macro,unscheduled_macro,2026-09-13,live,active,binary,5.00%,Above 5.00%,5,,2026-09-18T15:00:00Z,2027-12-08T18:55:00Z,live,4
KXFED-27DEC-T4.50,KXFED,hormuz_strike_pipeline_shutdown,unscheduled_macro,unscheduled_macro,2026-09-13,live,active,binary,4.50%,Above 4.50%,4.5,,2026-09-18T15:00:00Z,2027-12-08T18:55:00Z,live,4
KXFED-27DEC-T4.25,KXFED,hormuz_strike_pipeline_shutdown,unscheduled_macro,unscheduled_macro,2026-09-13,live,active,binary,4.25%,Above 4.25%,4.25,,2026-09-18T15:00:00Z,2027-12-08T18:55:00Z,live,4
KXFED-27DEC-T4.00,KXFED,hormuz_strike_pipeline_shutdown,unscheduled_macro,unscheduled_macro,2026-09-13,live,active,binary,4.00%,Above 4.00%,4,,2026-09-18T15:00:00Z,2027-12-08T18:55:00Z,live,4
KXFED-27DEC-T3.75,KXFED,hormuz_strike_pipeline_shutdown,unscheduled_macro,unscheduled_macro,2026-09-13,live,active,binary,3.75%,Above 3.75%,3.75,,2026-09-18T15:00:00Z,2027-12-08T18:55:00Z,live,4
KXFED-27DEC-T3.50,KXFED,hormuz_strike_pipeline_shutdown,unscheduled_macro,unscheduled_macro,2026-09-13,live,active,binary,3.50%,Above 3.50%,3.5,,2026-09-18T15:00:00Z,2027-12-08T18:55:00Z,live,4
KXFED-27DEC-T3.25,KXFED,hormuz_strike_pipeline_shutdown,unscheduled_macro,unscheduled_macro,2026-09-13,live,active,binary,3.25%,Above 3.25%,3.25,,2026-09-18T15:00:00Z,2027-12-08T18:55:00Z,live,4
KXFED-27DEC-T3.00,KXFED,hormuz_strike_pipeline_shutdown,unscheduled_macro,unscheduled_macro,2026-09-13,live,active,binary,3.00%,Above 3.00%,3,,2026-09-18T15:00:00Z,2027-12-08T18:55:00Z,live,4
KXFED-27DEC-T2.75,KXFED,hormuz_strike_pipeline_shutdown,unscheduled_macro,unscheduled_macro,2026-09-13,live,active,binary,2.75%,Above 2.75%,2.75,,2026-09-18T15:00:00Z,2027-12-08T18:55:00Z,live,4
KXFED-27DEC-T2.50,KXFED,hormuz_strike_pipeline_shutdown,unscheduled_macro,unscheduled_macro,2026-09-13,live,active,binary,2.50%,Above 2.50%,2.5,,2026-09-18T15:00:00Z,2027-12-08T18:55:00Z,live,4
KXFED-27DEC-T2.25,KXFED,hormuz_strike_pipeline_shutdown,unscheduled_macro,unscheduled_macro,2026-09-13,live,active,binary,2.25%,Above 2.25%,2.25,,2026-09-18T15:00:00Z,2027-12-08T18:55:00Z,live,4
KXFED-27DEC-T1.75,KXFED,hormuz_strike_pipeline_shutdown,unscheduled_macro,unscheduled_macro,2026-09-13,live,active,binary,1.75%,Above 1.75%,1.75,,2026-09-18T15:00:00Z,2027-12-08T18:55:00Z,live,4
KXFED-27DEC-T1.50,KXFED,hormuz_strike_pipeline_shutdown,unscheduled_macro,unscheduled_macro,2026-09-13,live,active,binary,1.50%,Above 1.50%,1.5,,2026-09-18T15:00:00Z,2027-12-08T18:55:00Z,live,4
KXFED-27DEC-T1.25,KXFED,hormuz_strike_pipeline_shutdown,unscheduled_macro,unscheduled_macro,2026-09-13,live,active,binary,1.25%,Above 1.25%,1.25,,2026-09-18T15:00:00Z,2027-12-08T18:55:00Z,live,4
KXFED-27DEC-T0.75,KXFED,hormuz_strike_pipeline_shutdown,unscheduled_macro,unscheduled_macro,2026-09-13,live,active,binary,0.75%,Above 0.75%,0.75,,2026-09-18T15:00:00Z,2027-12-08T18:55:00Z,live,4
KXFED-27DEC-T0.50,KXFED,hormuz_strike_pipeline_shutdown,unscheduled_macro,unscheduled_macro,2026-09-13,live,active,binary,0.50%,Above 0.50%,0.5,,2026-09-18T15:00:00Z,2027-12-08T18:55:00Z,live,4
KXFED-27DEC-T0.25,KXFED,hormuz_strike_pipeline_shutdown,unscheduled_macro,unscheduled_macro,2026-09-13,live,active,binary,0.25%,Above 0.25%,0.25,,2026-09-18T15:00:00Z,2027-12-08T18:55:00Z,live,4
KXFED-27DEC-T0.00,KXFED,hormuz_strike_pipeline_shutdown,unscheduled_macro,unscheduled_macro,2026-09-13,live,active,binary,0.00%,Above 0.00%,0,,2026-09-18T15:00:00Z,2027-12-08T18:55:00Z,live,4
KXFED-27OCT-T6.00,KXFED,hormuz_strike_pipeline_shutdown,unscheduled_macro,unscheduled_macro,2026-09-13,live,active,binary,6.00%,Above 6.00%,6,,2026-09-18T15:00:00Z,2027-10-27T17:55:00Z,live,3
KXFED-27OCT-T5.50,KXFED,hormuz_strike_pipeline_shutdown,unscheduled_macro,unscheduled_macro,2026-09-13,live,active,binary,5.50%,Above 5.50%,5.5,,2026-09-18T15:00:00Z,2027-10-27T17:55:00Z,live,3
KXFED-27OCT-T5.00,KXFED,hormuz_strike_pipeline_shutdown,unscheduled_macro,unscheduled_macro,2026-09-13,live,active,binary,5.00%,Above 5.00%,5,,2026-09-18T15:00:00Z,2027-10-27T17:55:00Z,live,3
KXFED-27OCT-T4.75,KXFED,hormuz_strike_pipeline_shutdown,unscheduled_macro,unscheduled_macro,2026-09-13,live,active,binary,4.75%,Above 4.75%,4.75,,2026-09-18T15:00:00Z,2027-10-27T17:55:00Z,live,3
KXFED-27OCT-T4.50,KXFED,hormuz_strike_pipeline_shutdown,unscheduled_macro,unscheduled_macro,2026-09-13,live,active,binary,4.50%,Above 4.50%,4.5,,2026-09-18T15:00:00Z,2027-10-27T17:55:00Z,live,3
KXFED-27OCT-T4.25,KXFED,hormuz_strike_pipeline_shutdown,unscheduled_macro,unscheduled_macro,2026-09-13,live,active,binary,4.25%,Above 4.25%,4.25,,2026-09-18T15:00:00Z,2027-10-27T17:55:00Z,live,3
KXFED-27OCT-T4.00,KXFED,hormuz_strike_pipeline_shutdown,unscheduled_macro,unscheduled_macro,2026-09-13,live,active,binary,4.00%,Above 4.00%,4,,2026-09-18T15:00:00Z,2027-10-27T17:55:00Z,live,3
KXFED-27OCT-T3.75,KXFED,hormuz_strike_pipeline_shutdown,unscheduled_macro,unscheduled_macro,2026-09-13,live,active,binary,3.75%,Above 3.75%,3.75,,2026-09-18T15:00:00Z,2027-10-27T17:55:00Z,live,3
KXFED-27OCT-T3.50,KXFED,hormuz_strike_pipeline_shutdown,unscheduled_macro,unscheduled_macro,2026-09-13,live,active,binary,3.50%,Above 3.50%,3.5,,2026-09-18T15:00:00Z,2027-10-27T17:55:00Z,live,3
KXFED-27OCT-T3.25,KXFED,hormuz_strike_pipeline_shutdown,unscheduled_macro,unscheduled_macro,2026-09-13,live,active,binary,3.25%,Above 3.25%,3.25,,2026-09-18T15:00:00Z,2027-10-27T17:55:00Z,live,4
KXFED-27OCT-T3.00,KXFED,hormuz_strike_pipeline_shutdown,unscheduled_macro,unscheduled_macro,2026-09-13,live,active,binary,3.00%,Above 3.00%,3,,2026-09-18T15:00:00Z,2027-10-27T17:55:00Z,live,4
KXFED-27OCT-T2.75,KXFED,hormuz_strike_pipeline_shutdown,unscheduled_macro,unscheduled_macro,2026-09-13,live,active,binary,2.75%,Above 2.75%,2.75,,2026-09-18T15:00:00Z,2027-10-27T17:55:00Z,live,4
KXFED-27OCT-T2.50,KXFED,hormuz_strike_pipeline_shutdown,unscheduled_macro,unscheduled_macro,2026-09-13,live,active,binary,2.50%,Above 2.50%,2.5,,2026-09-18T15:00:00Z,2027-10-27T17:55:00Z,live,4
KXFED-27OCT-T2.25,KXFED,hormuz_strike_pipeline_shutdown,unscheduled_macro,unscheduled_macro,2026-09-13,live,active,binary,2.25%,Above 2.25%,2.25,,2026-09-18T15:00:00Z,2027-10-27T17:55:00Z,live,4
KXFED-27OCT-T1.25,KXFED,hormuz_strike_pipeline_shutdown,unscheduled_macro,unscheduled_macro,2026-09-13,live,active,binary,1.25%,Above 1.25%,1.25,,2026-09-18T15:00:00Z,2027-10-27T17:55:00Z,live,4
KXFED-27OCT-T0.75,KXFED,hormuz_strike_pipeline_shutdown,unscheduled_macro,unscheduled_macro,2026-09-13,live,active,binary,0.75%,Above 0.75%,0.75,,2026-09-18T15:00:00Z,2027-10-27T17:55:00Z,live,4
KXFED-27OCT-T0.50,KXFED,hormuz_strike_pipeline_shutdown,unscheduled_macro,unscheduled_macro,2026-09-13,live,active,binary,0.50%,Above 0.50%,0.5,,2026-09-18T15:00:00Z,2027-10-27T17:55:00Z,live,4
KXFED-27OCT-T0.25,KXFED,hormuz_strike_pipeline_shutdown,unscheduled_macro,unscheduled_macro,2026-09-13,live,active,binary,0.25%,Above 0.25%,0.25,,2026-09-18T15:00:00Z,2027-10-27T17:55:00Z,live,4
KXFED-27SEP-T6.00,KXFED,hormuz_strike_pipeline_shutdown,unscheduled_macro,unscheduled_macro,2026-09-13,live,active,binary,6.00%,Above 6.00%,6,,2026-09-18T15:00:00Z,2027-09-15T17:55:00Z,live,3
KXFED-27SEP-T5.75,KXFED,hormuz_strike_pipeline_shutdown,unscheduled_macro,unscheduled_macro,2026-09-13,live,active,binary,5.75%,Above 5.75%,5.75,,2026-09-18T15:00:00Z,2027-09-15T17:55:00Z,live,3
KXFED-27SEP-T5.50,KXFED,hormuz_strike_pipeline_shutdown,unscheduled_macro,unscheduled_macro,2026-09-13,live,active,binary,5.50%,Above 5.50%,5.5,,2026-09-18T15:00:00Z,2027-09-15T17:55:00Z,live,3
KXFED-27SEP-T5.25,KXFED,hormuz_strike_pipeline_shutdown,unscheduled_macro,unscheduled_macro,2026-09-13,live,active,binary,5.25%,Above 5.25%,5.25,,2026-09-18T15:00:00Z,2027-09-15T17:55:00Z,live,3
KXFED-27SEP-T5.00,KXFED,hormuz_strike_pipeline_shutdown,unscheduled_macro,unscheduled_macro,2026-09-13,live,active,binary,5.00%,Above 5.00%,5,,2026-09-18T15:00:00Z,2027-09-15T17:55:00Z,live,3
KXFED-27SEP-T4.75,KXFED,hormuz_strike_pipeline_shutdown,unscheduled_macro,unscheduled_macro,2026-09-13,live,active,binary,4.75%,Above 4.75%,4.75,,2026-09-18T15:00:00Z,2027-09-15T17:55:00Z,live,3
KXFED-27SEP-T4.50,KXFED,hormuz_strike_pipeline_shutdown,unscheduled_macro,unscheduled_macro,2026-09-13,live,active,binary,4.50%,Above 4.50%,4.5,,2026-09-18T15:00:00Z,2027-09-15T17:55:00Z,live,3
KXFED-27SEP-T4.25,KXFED,hormuz_strike_pipeline_shutdown,unscheduled_macro,unscheduled_macro,2026-09-13,live,active,binary,4.25%,Above 4.25%,4.25,,2026-09-18T15:00:00Z,2027-09-15T17:55:00Z,live,3
KXFED-27SEP-T4.00,KXFED,hormuz_strike_pipeline_shutdown,unscheduled_macro,unscheduled_macro,2026-09-13,live,active,binary,4.00%,Above 4.00%,4,,2026-09-18T15:00:00Z,2027-09-15T17:55:00Z,live,3
KXFED-27SEP-T3.50,KXFED,hormuz_strike_pipeline_shutdown,unscheduled_macro,unscheduled_macro,2026-09-13,live,active,binary,3.50%,Above 3.50%,3.5,,2026-09-18T15:00:00Z,2027-09-15T17:55:00Z,live,3
KXFED-27SEP-T3.25,KXFED,hormuz_strike_pipeline_shutdown,unscheduled_macro,unscheduled_macro,2026-09-13,live,active,binary,3.25%,Above 3.25%,3.25,,2026-09-18T15:00:00Z,2027-09-15T17:55:00Z,live,4
KXFED-27SEP-T2.75,KXFED,hormuz_strike_pipeline_shutdown,unscheduled_macro,unscheduled_macro,2026-09-13,live,active,binary,2.75%,Above 2.75%,2.75,,2026-09-18T15:00:00Z,2027-09-15T17:55:00Z,live,4
KXFED-27SEP-T2.50,KXFED,hormuz_strike_pipeline_shutdown,unscheduled_macro,unscheduled_macro,2026-09-13,live,active,binary,2.50%,Above 2.50%,2.5,,2026-09-18T15:00:00Z,2027-09-15T17:55:00Z,live,4
KXFED-27SEP-T2.25,KXFED,hormuz_strike_pipeline_shutdown,unscheduled_macro,unscheduled_macro,2026-09-13,live,active,binary,2.25%,Above 2.25%,2.25,,2026-09-18T15:00:00Z,2027-09-15T17:55:00Z,live,4
KXFED-27SEP-T1.75,KXFED,hormuz_strike_pipeline_shutdown,unscheduled_macro,unscheduled_macro,2026-09-13,live,active,binary,1.75%,Above 1.75%,1.75,,2026-09-18T15:00:00Z,2027-09-15T17:55:00Z,live,4
KXFED-27SEP-T1.50,KXFED,hormuz_strike_pipeline_shutdown,unscheduled_macro,unscheduled_macro,2026-09-13,live,active,binary,1.50%,Above 1.50%,1.5,,2026-09-18T15:00:00Z,2027-09-15T17:55:00Z,live,4
KXFED-27SEP-T1.25,KXFED,hormuz_strike_pipeline_shutdown,unscheduled_macro,unscheduled_macro,2026-09-13,live,active,binary,1.25%,Above 1.25%,1.25,,2026-09-18T15:00:00Z,2027-09-15T17:55:00Z,live,4
KXFED-27SEP-T1.00,KXFED,hormuz_strike_pipeline_shutdown,unscheduled_macro,unscheduled_macro,2026-09-13,live,active,binary,1.00%,Above 1.00%,1,,2026-09-18T15:00:00Z,2027-09-15T17:55:00Z,live,4
KXFED-27SEP-T0.50,KXFED,hormuz_strike_pipeline_shutdown,unscheduled_macro,unscheduled_macro,2026-09-13,live,active,binary,0.50%,Above 0.50%,0.5,,2026-09-18T15:00:00Z,2027-09-15T17:55:00Z,live,4
KXFED-27SEP-T0.25,KXFED,hormuz_strike_pipeline_shutdown,unscheduled_macro,unscheduled_macro,2026-09-13,live,active,binary,0.25%,Above 0.25%,0.25,,2026-09-18T15:00:00Z,2027-09-15T17:55:00Z,live,4
KXFED-27SEP-T0.00,KXFED,hormuz_strike_pipeline_shutdown,unscheduled_macro,unscheduled_macro,2026-09-13,live,active,binary,0.00%,Above 0.00%,0,,2026-09-18T15:00:00Z,2027-09-15T17:55:00Z,live,4
KXFED-27JUL-T6.00,KXFED,hormuz_strike_pipeline_shutdown,unscheduled_macro,unscheduled_macro,2026-09-13,live,active,binary,6.00%,Above 6.00%,6,,2026-09-18T15:00:00Z,2027-07-28T17:55:00Z,live,3
KXFED-27JUL-T5.75,KXFED,hormuz_strike_pipeline_shutdown,unscheduled_macro,unscheduled_macro,2026-09-13,live,active,binary,5.75%,Above 5.75%,5.75,,2026-09-18T15:00:00Z,2027-07-28T17:55:00Z,live,3
KXFED-27JUL-T5.50,KXFED,hormuz_strike_pipeline_shutdown,unscheduled_macro,unscheduled_macro,2026-09-13,live,active,binary,5.50%,Above 5.50%,5.5,,2026-09-18T15:00:00Z,2027-07-28T17:55:00Z,live,3
KXFED-27JUL-T5.25,KXFED,hormuz_strike_pipeline_shutdown,unscheduled_macro,unscheduled_macro,2026-09-13,live,active,binary,5.25%,Above 5.25%,5.25,,2026-09-18T15:00:00Z,2027-07-28T17:55:00Z,live,3
KXFED-27JUL-T5.00,KXFED,hormuz_strike_pipeline_shutdown,unscheduled_macro,unscheduled_macro,2026-09-13,live,active,binary,5.00%,Above 5.00%,5,,2026-09-18T15:00:00Z,2027-07-28T17:55:00Z,live,3
KXFED-27JUL-T4.75,KXFED,hormuz_strike_pipeline_shutdown,unscheduled_macro,unscheduled_macro,2026-09-13,live,active,binary,4.75%,Above 4.75%,4.75,,2026-09-18T15:00:00Z,2027-07-28T17:55:00Z,live,3
KXFED-27JUL-T4.50,KXFED,hormuz_strike_pipeline_shutdown,unscheduled_macro,unscheduled_macro,2026-09-13,live,active,binary,4.50%,Above 4.50%,4.5,,2026-09-18T15:00:00Z,2027-07-28T17:55:00Z,live,3
KXFED-27JUL-T4.25,KXFED,hormuz_strike_pipeline_shutdown,unscheduled_macro,unscheduled_macro,2026-09-13,live,active,binary,4.25%,Above 4.25%,4.25,,2026-09-18T15:00:00Z,2027-07-28T17:55:00Z,live,3
KXFED-27JUL-T4.00,KXFED,hormuz_strike_pipeline_shutdown,unscheduled_macro,unscheduled_macro,2026-09-13,live,active,binary,4.00%,Above 4.00%,4,,2026-09-18T15:00:00Z,2027-07-28T17:55:00Z,live,3
KXFED-27JUL-T3.75,KXFED,hormuz_strike_pipeline_shutdown,unscheduled_macro,unscheduled_macro,2026-09-13,live,active,binary,3.75%,Above 3.75%,3.75,,2026-09-18T15:00:00Z,2027-07-28T17:55:00Z,live,3
KXFED-27JUL-T3.50,KXFED,hormuz_strike_pipeline_shutdown,unscheduled_macro,unscheduled_macro,2026-09-13,live,active,binary,3.50%,Above 3.50%,3.5,,2026-09-18T15:00:00Z,2027-07-28T17:55:00Z,live,3
KXFED-27JUL-T3.00,KXFED,hormuz_strike_pipeline_shutdown,unscheduled_macro,unscheduled_macro,2026-09-13,live,active,binary,3.00%,Above 3.00%,3,,2026-09-18T15:00:00Z,2027-07-28T17:55:00Z,live,3
KXFED-27JUL-T2.75,KXFED,hormuz_strike_pipeline_shutdown,unscheduled_macro,unscheduled_macro,2026-09-13,live,active,binary,2.75%,Above 2.75%,2.75,,2026-09-18T15:00:00Z,2027-07-28T17:55:00Z,live,3
KXFED-27JUL-T2.50,KXFED,hormuz_strike_pipeline_shutdown,unscheduled_macro,unscheduled_macro,2026-09-13,live,active,binary,2.50%,Above 2.50%,2.5,,2026-09-18T15:00:00Z,2027-07-28T17:55:00Z,live,3
KXFED-27JUL-T2.25,KXFED,hormuz_strike_pipeline_shutdown,unscheduled_macro,unscheduled_macro,2026-09-13,live,active,binary,2.25%,Above 2.25%,2.25,,2026-09-18T15:00:00Z,2027-07-28T17:55:00Z,live,3
KXFED-27JUL-T1.75,KXFED,hormuz_strike_pipeline_shutdown,unscheduled_macro,unscheduled_macro,2026-09-13,live,active,binary,1.75%,Above 1.75%,1.75,,2026-09-18T15:00:00Z,2027-07-28T17:55:00Z,live,3
KXFED-27JUL-T1.50,KXFED,hormuz_strike_pipeline_shutdown,unscheduled_macro,unscheduled_macro,2026-09-13,live,active,binary,1.50%,Above 1.50%,1.5,,2026-09-18T15:00:00Z,2027-07-28T17:55:00Z,live,3
KXFED-27JUL-T1.00,KXFED,hormuz_strike_pipeline_shutdown,unscheduled_macro,unscheduled_macro,2026-09-13,live,active,binary,1.00%,Above 1.00%,1,,2026-09-18T15:00:00Z,2027-07-28T17:55:00Z,live,3
KXFED-27JUL-T0.75,KXFED,hormuz_strike_pipeline_shutdown,unscheduled_macro,unscheduled_macro,2026-09-13,live,active,binary,0.75%,Above 0.75%,0.75,,2026-09-18T15:00:00Z,2027-07-28T17:55:00Z,live,3
KXFED-27JUL-T0.50,KXFED,hormuz_strike_pipeline_shutdown,unscheduled_macro,unscheduled_macro,2026-09-13,live,active,binary,0.50%,Above 0.50%,0.5,,2026-09-18T15:00:00Z,2027-07-28T17:55:00Z,live,3
KXFED-27JUL-T0.00,KXFED,hormuz_strike_pipeline_shutdown,unscheduled_macro,unscheduled_macro,2026-09-13,live,active,binary,0.00%,Above 0.00%,0,,2026-09-18T15:00:00Z,2027-07-28T17:55:00Z,live,3
KXFED-27JUN-T6.00,KXFED,hormuz_strike_pipeline_shutdown,unscheduled_macro,unscheduled_macro,2026-09-13,live,active,binary,6.00%,Above 6.00%,6,,2026-09-18T15:00:00Z,2027-06-09T17:55:00Z,live,4
KXFED-27JUN-T5.75,KXFED,hormuz_strike_pipeline_shutdown,unscheduled_macro,unscheduled_macro,2026-09-13,live,active,binary,5.75%,Above 5.75%,5.75,,2026-09-18T15:00:00Z,2027-06-09T17:55:00Z,live,4
KXFED-27JUN-T5.25,KXFED,hormuz_strike_pipeline_shutdown,unscheduled_macro,unscheduled_macro,2026-09-13,live,active,binary,5.25%,Above 5.25%,5.25,,2026-09-18T15:00:00Z,2027-06-09T17:55:00Z,live,4
KXFED-27JUN-T5.00,KXFED,hormuz_strike_pipeline_shutdown,unscheduled_macro,unscheduled_macro,2026-09-13,live,active,binary,5.00%,Above 5.00%,5,,2026-09-18T15:00:00Z,2027-06-09T17:55:00Z,live,4
KXFED-27JUN-T4.75,KXFED,hormuz_strike_pipeline_shutdown,unscheduled_macro,unscheduled_macro,2026-09-13,live,active,binary,4.75%,Above 4.75%,4.75,,2026-09-18T15:00:00Z,2027-06-09T17:55:00Z,live,4
KXFED-27JUN-T4.50,KXFED,hormuz_strike_pipeline_shutdown,unscheduled_macro,unscheduled_macro,2026-09-13,live,active,binary,4.50%,Above 4.50%,4.5,,2026-09-18T15:00:00Z,2027-06-09T17:55:00Z,live,4
KXFED-27JUN-T4.25,KXFED,hormuz_strike_pipeline_shutdown,unscheduled_macro,unscheduled_macro,2026-09-13,live,active,binary,4.25%,Above 4.25%,4.25,,2026-09-18T15:00:00Z,2027-06-09T17:55:00Z,live,4
KXFED-27JUN-T4.00,KXFED,hormuz_strike_pipeline_shutdown,unscheduled_macro,unscheduled_macro,2026-09-13,live,active,binary,4.00%,Above 4.00%,4,,2026-09-18T15:00:00Z,2027-06-09T17:55:00Z,live,4
KXFED-27JUN-T3.75,KXFED,hormuz_strike_pipeline_shutdown,unscheduled_macro,unscheduled_macro,2026-09-13,live,active,binary,3.75%,Above 3.75%,3.75,,2026-09-18T15:00:00Z,2027-06-09T17:55:00Z,live,4
KXFED-27JUN-T3.50,KXFED,hormuz_strike_pipeline_shutdown,unscheduled_macro,unscheduled_macro,2026-09-13,live,active,binary,3.50%,Above 3.50%,3.5,,2026-09-18T15:00:00Z,2027-06-09T17:55:00Z,live,4
KXFED-27JUN-T3.25,KXFED,hormuz_strike_pipeline_shutdown,unscheduled_macro,unscheduled_macro,2026-09-13,live,active,binary,3.25%,Above 3.25%,3.25,,2026-09-18T15:00:00Z,2027-06-09T17:55:00Z,live,4
KXFED-27JUN-T3.00,KXFED,hormuz_strike_pipeline_shutdown,unscheduled_macro,unscheduled_macro,2026-09-13,live,active,binary,3.00%,Above 3.00%,3,,2026-09-18T15:00:00Z,2027-06-09T17:55:00Z,live,4
KXFED-27JUN-T2.75,KXFED,hormuz_strike_pipeline_shutdown,unscheduled_macro,unscheduled_macro,2026-09-13,live,active,binary,2.75%,Above 2.75%,2.75,,2026-09-18T15:00:00Z,2027-06-09T17:55:00Z,live,4
KXFED-27JUN-T2.50,KXFED,hormuz_strike_pipeline_shutdown,unscheduled_macro,unscheduled_macro,2026-09-13,live,active,binary,2.50%,Above 2.50%,2.5,,2026-09-18T15:00:00Z,2027-06-09T17:55:00Z,live,4
KXFED-27JUN-T2.00,KXFED,hormuz_strike_pipeline_shutdown,unscheduled_macro,unscheduled_macro,2026-09-13,live,active,binary,2.00%,Above 2.00%,2,,2026-09-18T15:00:00Z,2027-06-09T17:55:00Z,live,4
KXFED-27JUN-T1.75,KXFED,hormuz_strike_pipeline_shutdown,unscheduled_macro,unscheduled_macro,2026-09-13,live,active,binary,1.75%,Above 1.75%,1.75,,2026-09-18T15:00:00Z,2027-06-09T17:55:00Z,live,4
KXFED-27JUN-T1.50,KXFED,hormuz_strike_pipeline_shutdown,unscheduled_macro,unscheduled_macro,2026-09-13,live,active,binary,1.50%,Above 1.50%,1.5,,2026-09-18T15:00:00Z,2027-06-09T17:55:00Z,live,4
KXFED-27JUN-T1.25,KXFED,hormuz_strike_pipeline_shutdown,unscheduled_macro,unscheduled_macro,2026-09-13,live,active,binary,1.25%,Above 1.25%,1.25,,2026-09-18T15:00:00Z,2027-06-09T17:55:00Z,live,4
KXFED-27JUN-T1.00,KXFED,hormuz_strike_pipeline_shutdown,unscheduled_macro,unscheduled_macro,2026-09-13,live,active,binary,1.00%,Above 1.00%,1,,2026-09-18T15:00:00Z,2027-06-09T17:55:00Z,live,4
KXFED-27JUN-T0.75,KXFED,hormuz_strike_pipeline_shutdown,unscheduled_macro,unscheduled_macro,2026-09-13,live,active,binary,0.75%,Above 0.75%,0.75,,2026-09-18T15:00:00Z,2027-06-09T17:55:00Z,live,4
KXFED-27JUN-T0.50,KXFED,hormuz_strike_pipeline_shutdown,unscheduled_macro,unscheduled_macro,2026-09-13,live,active,binary,0.50%,Above 0.50%,0.5,,2026-09-18T15:00:00Z,2027-06-09T17:55:00Z,live,4
KXFED-27JUN-T0.25,KXFED,hormuz_strike_pipeline_shutdown,unscheduled_macro,unscheduled_macro,2026-09-13,live,active,binary,0.25%,Above 0.25%,0.25,,2026-09-18T15:00:00Z,2027-06-09T17:55:00Z,live,4
KXFED-27JUN-T0.00,KXFED,hormuz_strike_pipeline_shutdown,unscheduled_macro,unscheduled_macro,2026-09-13,live,active,binary,0.00%,Above 0.00%,0,,2026-09-18T15:00:00Z,2027-06-09T17:55:00Z,live,4
KXFED-27APR-T6.00,KXFED,tariff_eu_threat,unscheduled_macro,unscheduled_macro,2026-09-16,live,active,binary,6.00%,Above 6.00%,6,,2026-09-18T15:00:00Z,2027-04-28T17:55:00Z,live,5
KXFED-27APR-T5.75,KXFED,tariff_eu_threat,unscheduled_macro,unscheduled_macro,2026-09-16,live,active,binary,5.75%,Above 5.75%,5.75,,2026-09-18T15:00:00Z,2027-04-28T17:55:00Z,live,5
KXFED-27APR-T5.50,KXFED,tariff_eu_threat,unscheduled_macro,unscheduled_macro,2026-09-16,live,active,binary,5.50%,Above 5.50%,5.5,,2026-09-18T15:00:00Z,2027-04-28T17:55:00Z,live,4
KXFED-27APR-T5.25,KXFED,tariff_eu_threat,unscheduled_macro,unscheduled_macro,2026-09-16,live,active,binary,5.25%,Above 5.25%,5.25,,2026-09-18T15:00:00Z,2027-04-28T17:55:00Z,live,5
KXFED-27APR-T5.00,KXFED,tariff_eu_threat,unscheduled_macro,unscheduled_macro,2026-09-16,live,active,binary,5.00%,Above 5.00%,5,,2026-09-18T15:00:00Z,2027-04-28T17:55:00Z,live,5
KXFED-27APR-T4.75,KXFED,tariff_eu_threat,unscheduled_macro,unscheduled_macro,2026-09-16,live,active,binary,4.75%,Above 4.75%,4.75,,2026-09-18T15:00:00Z,2027-04-28T17:55:00Z,live,5
KXFED-27APR-T4.50,KXFED,tariff_eu_threat,unscheduled_macro,unscheduled_macro,2026-09-16,live,active,binary,4.50%,Above 4.50%,4.5,,2026-09-18T15:00:00Z,2027-04-28T17:55:00Z,live,5
KXFED-27MAR-T5.75,KXFED,tariff_eu_threat,unscheduled_macro,unscheduled_macro,2026-09-16,live,active,binary,5.75%,Above 5.75%,5.75,,2026-09-18T15:00:00Z,2027-03-17T17:55:00Z,live,5
KXFED-27MAR-T5.50,KXFED,tariff_eu_threat,unscheduled_macro,unscheduled_macro,2026-09-16,live,active,binary,5.50%,Above 5.50%,5.5,,2026-09-18T15:00:00Z,2027-03-17T17:55:00Z,live,5
KXFED-27MAR-T5.25,KXFED,tariff_eu_threat,unscheduled_macro,unscheduled_macro,2026-09-16,live,active,binary,5.25%,Above 5.25%,5.25,,2026-09-18T15:00:00Z,2027-03-17T17:55:00Z,live,5
KXFED-27MAR-T5.00,KXFED,tariff_eu_threat,unscheduled_macro,unscheduled_macro,2026-09-16,live,active,binary,5.00%,Above 5.00%,5,,2026-09-18T15:00:00Z,2027-03-17T17:55:00Z,live,5
KXFED-27MAR-T4.75,KXFED,tariff_eu_threat,unscheduled_macro,unscheduled_macro,2026-09-16,live,active,binary,4.75%,Above 4.75%,4.75,,2026-09-18T15:00:00Z,2027-03-17T17:55:00Z,live,5
KXFED-27MAR-T4.50,KXFED,tariff_eu_threat,unscheduled_macro,unscheduled_macro,2026-09-16,live,active,binary,4.50%,Above 4.50%,4.5,,2026-09-18T15:00:00Z,2027-03-17T17:55:00Z,live,5
KXFED-27JAN-T5.75,KXFED,tariff_eu_threat,unscheduled_macro,unscheduled_macro,2026-09-16,live,active,binary,5.75%,Above 5.75%,5.75,,2026-09-18T15:00:00Z,2027-01-27T18:55:00Z,live,6
KXFED-27JAN-T5.50,KXFED,tariff_eu_threat,unscheduled_macro,unscheduled_macro,2026-09-16,live,active,binary,5.50%,Above 5.50%,5.5,,2026-09-18T15:00:00Z,2027-01-27T18:55:00Z,live,6
KXFED-27JAN-T5.25,KXFED,tariff_eu_threat,unscheduled_macro,unscheduled_macro,2026-09-16,live,active,binary,5.25%,Above 5.25%,5.25,,2026-09-18T15:00:00Z,2027-01-27T18:55:00Z,live,6
KXFED-27JAN-T5.00,KXFED,tariff_eu_threat,unscheduled_macro,unscheduled_macro,2026-09-16,live,active,binary,5.00%,Above 5.00%,5,,2026-09-18T15:00:00Z,2027-01-27T18:55:00Z,live,6
KXFED-27JAN-T4.75,KXFED,tariff_eu_threat,unscheduled_macro,unscheduled_macro,2026-09-16,live,active,binary,4.75%,Above 4.75%,4.75,,2026-09-18T15:00:00Z,2027-01-27T18:55:00Z,live,6
KXFED-27JAN-T4.50,KXFED,tariff_eu_threat,unscheduled_macro,unscheduled_macro,2026-09-16,live,active,binary,4.50%,Above 4.50%,4.5,,2026-09-18T15:00:00Z,2027-01-27T18:55:00Z,live,6
KXFED-28JAN-T6.00,KXFED,tariff_eu_threat,unscheduled_macro,unscheduled_macro,2026-09-16,live,active,binary,6.00%,Above 6.00%,6,,2026-09-18T15:00:00Z,2028-01-26T18:55:00Z,live,4
KXFED-28JAN-T5.75,KXFED,tariff_eu_threat,unscheduled_macro,unscheduled_macro,2026-09-16,live,active,binary,5.75%,Above 5.75%,5.75,,2026-09-18T15:00:00Z,2028-01-26T18:55:00Z,live,4
KXFED-28JAN-T5.50,KXFED,tariff_eu_threat,unscheduled_macro,unscheduled_macro,2026-09-16,live,active,binary,5.50%,Above 5.50%,5.5,,2026-09-18T15:00:00Z,2028-01-26T18:55:00Z,live,4
KXFED-28JAN-T5.25,KXFED,tariff_eu_threat,unscheduled_macro,unscheduled_macro,2026-09-16,live,active,binary,5.25%,Above 5.25%,5.25,,2026-09-18T15:00:00Z,2028-01-26T18:55:00Z,live,4
KXFED-28JAN-T5.00,KXFED,tariff_eu_threat,unscheduled_macro,unscheduled_macro,2026-09-16,live,active,binary,5.00%,Above 5.00%,5,,2026-09-18T15:00:00Z,2028-01-26T18:55:00Z,live,4
KXFED-28JAN-T4.75,KXFED,tariff_eu_threat,unscheduled_macro,unscheduled_macro,2026-09-16,live,active,binary,4.75%,Above 4.75%,4.75,,2026-09-18T15:00:00Z,2028-01-26T18:55:00Z,live,4
KXFED-28JAN-T4.50,KXFED,tariff_eu_threat,unscheduled_macro,unscheduled_macro,2026-09-16,live,active,binary,4.50%,Above 4.50%,4.5,,2026-09-18T15:00:00Z,2028-01-26T18:55:00Z,live,4
KXFED-28JAN-T4.25,KXFED,tariff_eu_threat,unscheduled_macro,unscheduled_macro,2026-09-16,live,active,binary,4.25%,Above 4.25%,4.25,,2026-09-18T15:00:00Z,2028-01-26T18:55:00Z,live,4
KXFED-28JAN-T4.00,KXFED,tariff_eu_threat,unscheduled_macro,unscheduled_macro,2026-09-16,live,active,binary,4.00%,Above 4.00%,4,,2026-09-18T15:00:00Z,2028-01-26T18:55:00Z,live,4
KXFED-28JAN-T3.75,KXFED,tariff_eu_threat,unscheduled_macro,unscheduled_macro,2026-09-16,live,active,binary,3.75%,Above 3.75%,3.75,,2026-09-18T15:00:00Z,2028-01-26T18:55:00Z,live,4
KXFED-28JAN-T3.50,KXFED,tariff_eu_threat,unscheduled_macro,unscheduled_macro,2026-09-16,live,active,binary,3.50%,Above 3.50%,3.5,,2026-09-18T15:00:00Z,2028-01-26T18:55:00Z,live,4
KXFED-28JAN-T3.25,KXFED,tariff_eu_threat,unscheduled_macro,unscheduled_macro,2026-09-16,live,active,binary,3.25%,Above 3.25%,3.25,,2026-09-18T15:00:00Z,2028-01-26T18:55:00Z,live,5
KXFED-28JAN-T3.00,KXFED,tariff_eu_threat,unscheduled_macro,unscheduled_macro,2026-09-16,live,active,binary,3.00%,Above 3.00%,3,,2026-09-18T15:00:00Z,2028-01-26T18:55:00Z,live,5
KXFED-28JAN-T2.75,KXFED,tariff_eu_threat,unscheduled_macro,unscheduled_macro,2026-09-16,live,active,binary,2.75%,Above 2.75%,2.75,,2026-09-18T15:00:00Z,2028-01-26T18:55:00Z,live,5
KXFED-28JAN-T2.50,KXFED,tariff_eu_threat,unscheduled_macro,unscheduled_macro,2026-09-16,live,active,binary,2.50%,Above 2.50%,2.5,,2026-09-18T15:00:00Z,2028-01-26T18:55:00Z,live,5
KXFED-28JAN-T2.25,KXFED,tariff_eu_threat,unscheduled_macro,unscheduled_macro,2026-09-16,live,active,binary,2.25%,Above 2.25%,2.25,,2026-09-18T15:00:00Z,2028-01-26T18:55:00Z,live,5
KXFED-28JAN-T2.00,KXFED,tariff_eu_threat,unscheduled_macro,unscheduled_macro,2026-09-16,live,active,binary,2.00%,Above 2.00%,2,,2026-09-18T15:00:00Z,2028-01-26T18:55:00Z,live,5
KXFED-28JAN-T1.25,KXFED,tariff_eu_threat,unscheduled_macro,unscheduled_macro,2026-09-16,live,active,binary,1.25%,Above 1.25%,1.25,,2026-09-18T15:00:00Z,2028-01-26T18:55:00Z,live,5
KXFED-28JAN-T1.00,KXFED,tariff_eu_threat,unscheduled_macro,unscheduled_macro,2026-09-16,live,active,binary,1.00%,Above 1.00%,1,,2026-09-18T15:00:00Z,2028-01-26T18:55:00Z,live,5
KXFED-28JAN-T0.75,KXFED,tariff_eu_threat,unscheduled_macro,unscheduled_macro,2026-09-16,live,active,binary,0.75%,Above 0.75%,0.75,,2026-09-18T15:00:00Z,2028-01-26T18:55:00Z,live,5
KXFED-28JAN-T0.50,KXFED,tariff_eu_threat,unscheduled_macro,unscheduled_macro,2026-09-16,live,active,binary,0.50%,Above 0.50%,0.5,,2026-09-18T15:00:00Z,2028-01-26T18:55:00Z,live,5
KXFED-28JAN-T0.00,KXFED,tariff_eu_threat,unscheduled_macro,unscheduled_macro,2026-09-16,live,active,binary,0.00%,Above 0.00%,0,,2026-09-18T15:00:00Z,2028-01-26T18:55:00Z,live,5
KXFED-27DEC-T6.00,KXFED,tariff_eu_threat,unscheduled_macro,unscheduled_macro,2026-09-16,live,active,binary,6.00%,Above 6.00%,6,,2026-09-18T15:00:00Z,2027-12-08T18:55:00Z,live,5
KXFED-27DEC-T5.75,KXFED,tariff_eu_threat,unscheduled_macro,unscheduled_macro,2026-09-16,live,active,binary,5.75%,Above 5.75%,5.75,,2026-09-18T15:00:00Z,2027-12-08T18:55:00Z,live,5
KXFED-27DEC-T5.25,KXFED,tariff_eu_threat,unscheduled_macro,unscheduled_macro,2026-09-16,live,active,binary,5.25%,Above 5.25%,5.25,,2026-09-18T15:00:00Z,2027-12-08T18:55:00Z,live,5
KXFED-27DEC-T5.00,KXFED,tariff_eu_threat,unscheduled_macro,unscheduled_macro,2026-09-16,live,active,binary,5.00%,Above 5.00%,5,,2026-09-18T15:00:00Z,2027-12-08T18:55:00Z,live,5
KXFED-27DEC-T4.75,KXFED,tariff_eu_threat,unscheduled_macro,unscheduled_macro,2026-09-16,live,active,binary,4.75%,Above 4.75%,4.75,,2026-09-18T15:00:00Z,2027-12-08T18:55:00Z,live,5
KXFED-27DEC-T4.50,KXFED,tariff_eu_threat,unscheduled_macro,unscheduled_macro,2026-09-16,live,active,binary,4.50%,Above 4.50%,4.5,,2026-09-18T15:00:00Z,2027-12-08T18:55:00Z,live,6
KXFED-27DEC-T4.00,KXFED,tariff_eu_threat,unscheduled_macro,unscheduled_macro,2026-09-16,live,active,binary,4.00%,Above 4.00%,4,,2026-09-18T15:00:00Z,2027-12-08T18:55:00Z,live,5
KXFED-27DEC-T3.75,KXFED,tariff_eu_threat,unscheduled_macro,unscheduled_macro,2026-09-16,live,active,binary,3.75%,Above 3.75%,3.75,,2026-09-18T15:00:00Z,2027-12-08T18:55:00Z,live,5
KXFED-27DEC-T3.25,KXFED,tariff_eu_threat,unscheduled_macro,unscheduled_macro,2026-09-16,live,active,binary,3.25%,Above 3.25%,3.25,,2026-09-18T15:00:00Z,2027-12-08T18:55:00Z,live,5
KXFED-27DEC-T3.00,KXFED,tariff_eu_threat,unscheduled_macro,unscheduled_macro,2026-09-16,live,active,binary,3.00%,Above 3.00%,3,,2026-09-18T15:00:00Z,2027-12-08T18:55:00Z,live,5
KXFED-27DEC-T2.75,KXFED,tariff_eu_threat,unscheduled_macro,unscheduled_macro,2026-09-16,live,active,binary,2.75%,Above 2.75%,2.75,,2026-09-18T15:00:00Z,2027-12-08T18:55:00Z,live,5
KXFED-27DEC-T2.50,KXFED,tariff_eu_threat,unscheduled_macro,unscheduled_macro,2026-09-16,live,active,binary,2.50%,Above 2.50%,2.5,,2026-09-18T15:00:00Z,2027-12-08T18:55:00Z,live,5
KXFED-27DEC-T2.25,KXFED,tariff_eu_threat,unscheduled_macro,unscheduled_macro,2026-09-16,live,active,binary,2.25%,Above 2.25%,2.25,,2026-09-18T15:00:00Z,2027-12-08T18:55:00Z,live,5
KXFED-27DEC-T1.50,KXFED,tariff_eu_threat,unscheduled_macro,unscheduled_macro,2026-09-16,live,active,binary,1.50%,Above 1.50%,1.5,,2026-09-18T15:00:00Z,2027-12-08T18:55:00Z,live,5
KXFED-27DEC-T1.25,KXFED,tariff_eu_threat,unscheduled_macro,unscheduled_macro,2026-09-16,live,active,binary,1.25%,Above 1.25%,1.25,,2026-09-18T15:00:00Z,2027-12-08T18:55:00Z,live,5
KXFED-27DEC-T1.00,KXFED,tariff_eu_threat,unscheduled_macro,unscheduled_macro,2026-09-16,live,active,binary,1.00%,Above 1.00%,1,,2026-09-18T15:00:00Z,2027-12-08T18:55:00Z,live,5
KXFED-27DEC-T0.75,KXFED,tariff_eu_threat,unscheduled_macro,unscheduled_macro,2026-09-16,live,active,binary,0.75%,Above 0.75%,0.75,,2026-09-18T15:00:00Z,2027-12-08T18:55:00Z,live,5
KXFED-27DEC-T0.50,KXFED,tariff_eu_threat,unscheduled_macro,unscheduled_macro,2026-09-16,live,active,binary,0.50%,Above 0.50%,0.5,,2026-09-18T15:00:00Z,2027-12-08T18:55:00Z,live,5
KXFED-27DEC-T0.25,KXFED,tariff_eu_threat,unscheduled_macro,unscheduled_macro,2026-09-16,live,active,binary,0.25%,Above 0.25%,0.25,,2026-09-18T15:00:00Z,2027-12-08T18:55:00Z,live,5
KXFED-27DEC-T0.00,KXFED,tariff_eu_threat,unscheduled_macro,unscheduled_macro,2026-09-16,live,active,binary,0.00%,Above 0.00%,0,,2026-09-18T15:00:00Z,2027-12-08T18:55:00Z,live,5
KXFED-27OCT-T5.75,KXFED,tariff_eu_threat,unscheduled_macro,unscheduled_macro,2026-09-16,live,active,binary,5.75%,Above 5.75%,5.75,,2026-09-18T15:00:00Z,2027-10-27T17:55:00Z,live,4
KXFED-27OCT-T5.50,KXFED,tariff_eu_threat,unscheduled_macro,unscheduled_macro,2026-09-16,live,active,binary,5.50%,Above 5.50%,5.5,,2026-09-18T15:00:00Z,2027-10-27T17:55:00Z,live,4
KXFED-27OCT-T5.25,KXFED,tariff_eu_threat,unscheduled_macro,unscheduled_macro,2026-09-16,live,active,binary,5.25%,Above 5.25%,5.25,,2026-09-18T15:00:00Z,2027-10-27T17:55:00Z,live,4
KXFED-27OCT-T5.00,KXFED,tariff_eu_threat,unscheduled_macro,unscheduled_macro,2026-09-16,live,active,binary,5.00%,Above 5.00%,5,,2026-09-18T15:00:00Z,2027-10-27T17:55:00Z,live,4
KXFED-27OCT-T4.75,KXFED,tariff_eu_threat,unscheduled_macro,unscheduled_macro,2026-09-16,live,active,binary,4.75%,Above 4.75%,4.75,,2026-09-18T15:00:00Z,2027-10-27T17:55:00Z,live,4
KXFED-27OCT-T4.50,KXFED,tariff_eu_threat,unscheduled_macro,unscheduled_macro,2026-09-16,live,active,binary,4.50%,Above 4.50%,4.5,,2026-09-18T15:00:00Z,2027-10-27T17:55:00Z,live,4
KXFED-27OCT-T4.25,KXFED,tariff_eu_threat,unscheduled_macro,unscheduled_macro,2026-09-16,live,active,binary,4.25%,Above 4.25%,4.25,,2026-09-18T15:00:00Z,2027-10-27T17:55:00Z,live,4
KXFED-27OCT-T4.00,KXFED,tariff_eu_threat,unscheduled_macro,unscheduled_macro,2026-09-16,live,active,binary,4.00%,Above 4.00%,4,,2026-09-18T15:00:00Z,2027-10-27T17:55:00Z,live,4
KXFED-27OCT-T3.50,KXFED,tariff_eu_threat,unscheduled_macro,unscheduled_macro,2026-09-16,live,active,binary,3.50%,Above 3.50%,3.5,,2026-09-18T15:00:00Z,2027-10-27T17:55:00Z,live,4
KXFED-27OCT-T3.25,KXFED,tariff_eu_threat,unscheduled_macro,unscheduled_macro,2026-09-16,live,active,binary,3.25%,Above 3.25%,3.25,,2026-09-18T15:00:00Z,2027-10-27T17:55:00Z,live,5
KXFED-27OCT-T3.00,KXFED,tariff_eu_threat,unscheduled_macro,unscheduled_macro,2026-09-16,live,active,binary,3.00%,Above 3.00%,3,,2026-09-18T15:00:00Z,2027-10-27T17:55:00Z,live,5
KXFED-27OCT-T2.75,KXFED,tariff_eu_threat,unscheduled_macro,unscheduled_macro,2026-09-16,live,active,binary,2.75%,Above 2.75%,2.75,,2026-09-18T15:00:00Z,2027-10-27T17:55:00Z,live,5
KXFED-27OCT-T2.50,KXFED,tariff_eu_threat,unscheduled_macro,unscheduled_macro,2026-09-16,live,active,binary,2.50%,Above 2.50%,2.5,,2026-09-18T15:00:00Z,2027-10-27T17:55:00Z,live,5
KXFED-27OCT-T2.25,KXFED,tariff_eu_threat,unscheduled_macro,unscheduled_macro,2026-09-16,live,active,binary,2.25%,Above 2.25%,2.25,,2026-09-18T15:00:00Z,2027-10-27T17:55:00Z,live,5
KXFED-27OCT-T2.00,KXFED,tariff_eu_threat,unscheduled_macro,unscheduled_macro,2026-09-16,live,active,binary,2.00%,Above 2.00%,2,,2026-09-18T15:00:00Z,2027-10-27T17:55:00Z,live,5
KXFED-27OCT-T1.75,KXFED,tariff_eu_threat,unscheduled_macro,unscheduled_macro,2026-09-16,live,active,binary,1.75%,Above 1.75%,1.75,,2026-09-18T15:00:00Z,2027-10-27T17:55:00Z,live,5
KXFED-27OCT-T1.50,KXFED,tariff_eu_threat,unscheduled_macro,unscheduled_macro,2026-09-16,live,active,binary,1.50%,Above 1.50%,1.5,,2026-09-18T15:00:00Z,2027-10-27T17:55:00Z,live,5
KXFED-27OCT-T1.25,KXFED,tariff_eu_threat,unscheduled_macro,unscheduled_macro,2026-09-16,live,active,binary,1.25%,Above 1.25%,1.25,,2026-09-18T15:00:00Z,2027-10-27T17:55:00Z,live,5
KXFED-27OCT-T1.00,KXFED,tariff_eu_threat,unscheduled_macro,unscheduled_macro,2026-09-16,live,active,binary,1.00%,Above 1.00%,1,,2026-09-18T15:00:00Z,2027-10-27T17:55:00Z,live,5
KXFED-27OCT-T0.75,KXFED,tariff_eu_threat,unscheduled_macro,unscheduled_macro,2026-09-16,live,active,binary,0.75%,Above 0.75%,0.75,,2026-09-18T15:00:00Z,2027-10-27T17:55:00Z,live,5
KXFED-27OCT-T0.50,KXFED,tariff_eu_threat,unscheduled_macro,unscheduled_macro,2026-09-16,live,active,binary,0.50%,Above 0.50%,0.5,,2026-09-18T15:00:00Z,2027-10-27T17:55:00Z,live,5
KXFED-27OCT-T0.25,KXFED,tariff_eu_threat,unscheduled_macro,unscheduled_macro,2026-09-16,live,active,binary,0.25%,Above 0.25%,0.25,,2026-09-18T15:00:00Z,2027-10-27T17:55:00Z,live,5
KXFED-27OCT-T0.00,KXFED,tariff_eu_threat,unscheduled_macro,unscheduled_macro,2026-09-16,live,active,binary,0.00%,Above 0.00%,0,,2026-09-18T15:00:00Z,2027-10-27T17:55:00Z,live,6
KXFED-27SEP-T6.00,KXFED,tariff_eu_threat,unscheduled_macro,unscheduled_macro,2026-09-16,live,active,binary,6.00%,Above 6.00%,6,,2026-09-18T15:00:00Z,2027-09-15T17:55:00Z,live,4
KXFED-27SEP-T5.75,KXFED,tariff_eu_threat,unscheduled_macro,unscheduled_macro,2026-09-16,live,active,binary,5.75%,Above 5.75%,5.75,,2026-09-18T15:00:00Z,2027-09-15T17:55:00Z,live,4
KXFED-27SEP-T5.50,KXFED,tariff_eu_threat,unscheduled_macro,unscheduled_macro,2026-09-16,live,active,binary,5.50%,Above 5.50%,5.5,,2026-09-18T15:00:00Z,2027-09-15T17:55:00Z,live,4
KXFED-27SEP-T5.25,KXFED,tariff_eu_threat,unscheduled_macro,unscheduled_macro,2026-09-16,live,active,binary,5.25%,Above 5.25%,5.25,,2026-09-18T15:00:00Z,2027-09-15T17:55:00Z,live,4
KXFED-27SEP-T5.00,KXFED,tariff_eu_threat,unscheduled_macro,unscheduled_macro,2026-09-16,live,active,binary,5.00%,Above 5.00%,5,,2026-09-18T15:00:00Z,2027-09-15T17:55:00Z,live,4
KXFED-27SEP-T4.25,KXFED,tariff_eu_threat,unscheduled_macro,unscheduled_macro,2026-09-16,live,active,binary,4.25%,Above 4.25%,4.25,,2026-09-18T15:00:00Z,2027-09-15T17:55:00Z,live,4
KXFED-27SEP-T4.00,KXFED,tariff_eu_threat,unscheduled_macro,unscheduled_macro,2026-09-16,live,active,binary,4.00%,Above 4.00%,4,,2026-09-18T15:00:00Z,2027-09-15T17:55:00Z,live,4
KXFED-27SEP-T3.75,KXFED,tariff_eu_threat,unscheduled_macro,unscheduled_macro,2026-09-16,live,active,binary,3.75%,Above 3.75%,3.75,,2026-09-18T15:00:00Z,2027-09-15T17:55:00Z,live,4
KXFED-27SEP-T3.50,KXFED,tariff_eu_threat,unscheduled_macro,unscheduled_macro,2026-09-16,live,active,binary,3.50%,Above 3.50%,3.5,,2026-09-18T15:00:00Z,2027-09-15T17:55:00Z,live,4
KXFED-27SEP-T3.25,KXFED,tariff_eu_threat,unscheduled_macro,unscheduled_macro,2026-09-16,live,active,binary,3.25%,Above 3.25%,3.25,,2026-09-18T15:00:00Z,2027-09-15T17:55:00Z,live,5
KXFED-27SEP-T3.00,KXFED,tariff_eu_threat,unscheduled_macro,unscheduled_macro,2026-09-16,live,active,binary,3.00%,Above 3.00%,3,,2026-09-18T15:00:00Z,2027-09-15T17:55:00Z,live,5
KXFED-27SEP-T2.75,KXFED,tariff_eu_threat,unscheduled_macro,unscheduled_macro,2026-09-16,live,active,binary,2.75%,Above 2.75%,2.75,,2026-09-18T15:00:00Z,2027-09-15T17:55:00Z,live,5
KXFED-27SEP-T2.50,KXFED,tariff_eu_threat,unscheduled_macro,unscheduled_macro,2026-09-16,live,active,binary,2.50%,Above 2.50%,2.5,,2026-09-18T15:00:00Z,2027-09-15T17:55:00Z,live,5
KXFED-27SEP-T2.25,KXFED,tariff_eu_threat,unscheduled_macro,unscheduled_macro,2026-09-16,live,active,binary,2.25%,Above 2.25%,2.25,,2026-09-18T15:00:00Z,2027-09-15T17:55:00Z,live,5
KXFED-27SEP-T2.00,KXFED,tariff_eu_threat,unscheduled_macro,unscheduled_macro,2026-09-16,live,active,binary,2.00%,Above 2.00%,2,,2026-09-18T15:00:00Z,2027-09-15T17:55:00Z,live,5
KXFED-27SEP-T1.75,KXFED,tariff_eu_threat,unscheduled_macro,unscheduled_macro,2026-09-16,live,active,binary,1.75%,Above 1.75%,1.75,,2026-09-18T15:00:00Z,2027-09-15T17:55:00Z,live,5
KXFED-27SEP-T1.50,KXFED,tariff_eu_threat,unscheduled_macro,unscheduled_macro,2026-09-16,live,active,binary,1.50%,Above 1.50%,1.5,,2026-09-18T15:00:00Z,2027-09-15T17:55:00Z,live,5
KXFED-27SEP-T1.25,KXFED,tariff_eu_threat,unscheduled_macro,unscheduled_macro,2026-09-16,live,active,binary,1.25%,Above 1.25%,1.25,,2026-09-18T15:00:00Z,2027-09-15T17:55:00Z,live,5
KXFED-27SEP-T1.00,KXFED,tariff_eu_threat,unscheduled_macro,unscheduled_macro,2026-09-16,live,active,binary,1.00%,Above 1.00%,1,,2026-09-18T15:00:00Z,2027-09-15T17:55:00Z,live,5
KXFED-27SEP-T0.75,KXFED,tariff_eu_threat,unscheduled_macro,unscheduled_macro,2026-09-16,live,active,binary,0.75%,Above 0.75%,0.75,,2026-09-18T15:00:00Z,2027-09-15T17:55:00Z,live,5
KXFED-27SEP-T0.50,KXFED,tariff_eu_threat,unscheduled_macro,unscheduled_macro,2026-09-16,live,active,binary,0.50%,Above 0.50%,0.5,,2026-09-18T15:00:00Z,2027-09-15T17:55:00Z,live,5
KXFED-27SEP-T0.25,KXFED,tariff_eu_threat,unscheduled_macro,unscheduled_macro,2026-09-16,live,active,binary,0.25%,Above 0.25%,0.25,,2026-09-18T15:00:00Z,2027-09-15T17:55:00Z,live,5
KXFED-27SEP-T0.00,KXFED,tariff_eu_threat,unscheduled_macro,unscheduled_macro,2026-09-16,live,active,binary,0.00%,Above 0.00%,0,,2026-09-18T15:00:00Z,2027-09-15T17:55:00Z,live,5
KXFED-27JUL-T6.00,KXFED,tariff_eu_threat,unscheduled_macro,unscheduled_macro,2026-09-16,live,active,binary,6.00%,Above 6.00%,6,,2026-09-18T15:00:00Z,2027-07-28T17:55:00Z,live,4
KXFED-27JUL-T5.75,KXFED,tariff_eu_threat,unscheduled_macro,unscheduled_macro,2026-09-16,live,active,binary,5.75%,Above 5.75%,5.75,,2026-09-18T15:00:00Z,2027-07-28T17:55:00Z,live,4
KXFED-27JUL-T5.50,KXFED,tariff_eu_threat,unscheduled_macro,unscheduled_macro,2026-09-16,live,active,binary,5.50%,Above 5.50%,5.5,,2026-09-18T15:00:00Z,2027-07-28T17:55:00Z,live,4
KXFED-27JUL-T5.25,KXFED,tariff_eu_threat,unscheduled_macro,unscheduled_macro,2026-09-16,live,active,binary,5.25%,Above 5.25%,5.25,,2026-09-18T15:00:00Z,2027-07-28T17:55:00Z,live,4
KXFED-27JUL-T5.00,KXFED,tariff_eu_threat,unscheduled_macro,unscheduled_macro,2026-09-16,live,active,binary,5.00%,Above 5.00%,5,,2026-09-18T15:00:00Z,2027-07-28T17:55:00Z,live,4
KXFED-27JUL-T4.75,KXFED,tariff_eu_threat,unscheduled_macro,unscheduled_macro,2026-09-16,live,active,binary,4.75%,Above 4.75%,4.75,,2026-09-18T15:00:00Z,2027-07-28T17:55:00Z,live,4
KXFED-27JUL-T4.50,KXFED,tariff_eu_threat,unscheduled_macro,unscheduled_macro,2026-09-16,live,active,binary,4.50%,Above 4.50%,4.5,,2026-09-18T15:00:00Z,2027-07-28T17:55:00Z,live,4
KXFED-27JUL-T4.25,KXFED,tariff_eu_threat,unscheduled_macro,unscheduled_macro,2026-09-16,live,active,binary,4.25%,Above 4.25%,4.25,,2026-09-18T15:00:00Z,2027-07-28T17:55:00Z,live,4
KXFED-27JUL-T4.00,KXFED,tariff_eu_threat,unscheduled_macro,unscheduled_macro,2026-09-16,live,active,binary,4.00%,Above 4.00%,4,,2026-09-18T15:00:00Z,2027-07-28T17:55:00Z,live,4
KXFED-27JUL-T3.75,KXFED,tariff_eu_threat,unscheduled_macro,unscheduled_macro,2026-09-16,live,active,binary,3.75%,Above 3.75%,3.75,,2026-09-18T15:00:00Z,2027-07-28T17:55:00Z,live,4
KXFED-27JUL-T3.50,KXFED,tariff_eu_threat,unscheduled_macro,unscheduled_macro,2026-09-16,live,active,binary,3.50%,Above 3.50%,3.5,,2026-09-18T15:00:00Z,2027-07-28T17:55:00Z,live,4
KXFED-27JUL-T3.25,KXFED,tariff_eu_threat,unscheduled_macro,unscheduled_macro,2026-09-16,live,active,binary,3.25%,Above 3.25%,3.25,,2026-09-18T15:00:00Z,2027-07-28T17:55:00Z,live,4
KXFED-27JUL-T3.00,KXFED,tariff_eu_threat,unscheduled_macro,unscheduled_macro,2026-09-16,live,active,binary,3.00%,Above 3.00%,3,,2026-09-18T15:00:00Z,2027-07-28T17:55:00Z,live,4
KXFED-27JUL-T2.75,KXFED,tariff_eu_threat,unscheduled_macro,unscheduled_macro,2026-09-16,live,active,binary,2.75%,Above 2.75%,2.75,,2026-09-18T15:00:00Z,2027-07-28T17:55:00Z,live,4
KXFED-27JUL-T2.50,KXFED,tariff_eu_threat,unscheduled_macro,unscheduled_macro,2026-09-16,live,active,binary,2.50%,Above 2.50%,2.5,,2026-09-18T15:00:00Z,2027-07-28T17:55:00Z,live,4
KXFED-27JUL-T2.25,KXFED,tariff_eu_threat,unscheduled_macro,unscheduled_macro,2026-09-16,live,active,binary,2.25%,Above 2.25%,2.25,,2026-09-18T15:00:00Z,2027-07-28T17:55:00Z,live,4
KXFED-27JUL-T2.00,KXFED,tariff_eu_threat,unscheduled_macro,unscheduled_macro,2026-09-16,live,active,binary,2.00%,Above 2.00%,2,,2026-09-18T15:00:00Z,2027-07-28T17:55:00Z,live,4
KXFED-27JUL-T1.75,KXFED,tariff_eu_threat,unscheduled_macro,unscheduled_macro,2026-09-16,live,active,binary,1.75%,Above 1.75%,1.75,,2026-09-18T15:00:00Z,2027-07-28T17:55:00Z,live,4
KXFED-27JUL-T1.50,KXFED,tariff_eu_threat,unscheduled_macro,unscheduled_macro,2026-09-16,live,active,binary,1.50%,Above 1.50%,1.5,,2026-09-18T15:00:00Z,2027-07-28T17:55:00Z,live,4
KXFED-27JUL-T1.25,KXFED,tariff_eu_threat,unscheduled_macro,unscheduled_macro,2026-09-16,live,active,binary,1.25%,Above 1.25%,1.25,,2026-09-18T15:00:00Z,2027-07-28T17:55:00Z,live,4
KXFED-27JUL-T1.00,KXFED,tariff_eu_threat,unscheduled_macro,unscheduled_macro,2026-09-16,live,active,binary,1.00%,Above 1.00%,1,,2026-09-18T15:00:00Z,2027-07-28T17:55:00Z,live,4
KXFED-27JUL-T0.50,KXFED,tariff_eu_threat,unscheduled_macro,unscheduled_macro,2026-09-16,live,active,binary,0.50%,Above 0.50%,0.5,,2026-09-18T15:00:00Z,2027-07-28T17:55:00Z,live,4
KXFED-27JUL-T0.25,KXFED,tariff_eu_threat,unscheduled_macro,unscheduled_macro,2026-09-16,live,active,binary,0.25%,Above 0.25%,0.25,,2026-09-18T15:00:00Z,2027-07-28T17:55:00Z,live,4
KXFED-27JUL-T0.00,KXFED,tariff_eu_threat,unscheduled_macro,unscheduled_macro,2026-09-16,live,active,binary,0.00%,Above 0.00%,0,,2026-09-18T15:00:00Z,2027-07-28T17:55:00Z,live,4
KXFED-27JUN-T6.00,KXFED,tariff_eu_threat,unscheduled_macro,unscheduled_macro,2026-09-16,live,active,binary,6.00%,Above 6.00%,6,,2026-09-18T15:00:00Z,2027-06-09T17:55:00Z,live,6
KXFED-27JUN-T5.75,KXFED,tariff_eu_threat,unscheduled_macro,unscheduled_macro,2026-09-16,live,active,binary,5.75%,Above 5.75%,5.75,,2026-09-18T15:00:00Z,2027-06-09T17:55:00Z,live,5
KXFED-27JUN-T5.50,KXFED,tariff_eu_threat,unscheduled_macro,unscheduled_macro,2026-09-16,live,active,binary,5.50%,Above 5.50%,5.5,,2026-09-18T15:00:00Z,2027-06-09T17:55:00Z,live,5
KXFED-27JUN-T5.25,KXFED,tariff_eu_threat,unscheduled_macro,unscheduled_macro,2026-09-16,live,active,binary,5.25%,Above 5.25%,5.25,,2026-09-18T15:00:00Z,2027-06-09T17:55:00Z,live,5
KXFED-27JUN-T5.00,KXFED,tariff_eu_threat,unscheduled_macro,unscheduled_macro,2026-09-16,live,active,binary,5.00%,Above 5.00%,5,,2026-09-18T15:00:00Z,2027-06-09T17:55:00Z,live,6
KXFED-27JUN-T4.75,KXFED,tariff_eu_threat,unscheduled_macro,unscheduled_macro,2026-09-16,live,active,binary,4.75%,Above 4.75%,4.75,,2026-09-18T15:00:00Z,2027-06-09T17:55:00Z,live,6
KXFED-27JUN-T4.50,KXFED,tariff_eu_threat,unscheduled_macro,unscheduled_macro,2026-09-16,live,active,binary,4.50%,Above 4.50%,4.5,,2026-09-18T15:00:00Z,2027-06-09T17:55:00Z,live,6
KXFED-27JUN-T4.25,KXFED,tariff_eu_threat,unscheduled_macro,unscheduled_macro,2026-09-16,live,active,binary,4.25%,Above 4.25%,4.25,,2026-09-18T15:00:00Z,2027-06-09T17:55:00Z,live,6
KXFED-27JUN-T4.00,KXFED,tariff_eu_threat,unscheduled_macro,unscheduled_macro,2026-09-16,live,active,binary,4.00%,Above 4.00%,4,,2026-09-18T15:00:00Z,2027-06-09T17:55:00Z,live,6
KXFED-27JUN-T3.75,KXFED,tariff_eu_threat,unscheduled_macro,unscheduled_macro,2026-09-16,live,active,binary,3.75%,Above 3.75%,3.75,,2026-09-18T15:00:00Z,2027-06-09T17:55:00Z,live,6
KXFED-27JUN-T3.50,KXFED,tariff_eu_threat,unscheduled_macro,unscheduled_macro,2026-09-16,live,active,binary,3.50%,Above 3.50%,3.5,,2026-09-18T15:00:00Z,2027-06-09T17:55:00Z,live,5
KXFED-27JUN-T3.00,KXFED,tariff_eu_threat,unscheduled_macro,unscheduled_macro,2026-09-16,live,active,binary,3.00%,Above 3.00%,3,,2026-09-18T15:00:00Z,2027-06-09T17:55:00Z,live,5
KXFED-27JUN-T2.75,KXFED,tariff_eu_threat,unscheduled_macro,unscheduled_macro,2026-09-16,live,active,binary,2.75%,Above 2.75%,2.75,,2026-09-18T15:00:00Z,2027-06-09T17:55:00Z,live,5
KXFED-27JUN-T2.50,KXFED,tariff_eu_threat,unscheduled_macro,unscheduled_macro,2026-09-16,live,active,binary,2.50%,Above 2.50%,2.5,,2026-09-18T15:00:00Z,2027-06-09T17:55:00Z,live,5
KXFED-27JUN-T2.25,KXFED,tariff_eu_threat,unscheduled_macro,unscheduled_macro,2026-09-16,live,active,binary,2.25%,Above 2.25%,2.25,,2026-09-18T15:00:00Z,2027-06-09T17:55:00Z,live,5
KXFED-27JUN-T2.00,KXFED,tariff_eu_threat,unscheduled_macro,unscheduled_macro,2026-09-16,live,active,binary,2.00%,Above 2.00%,2,,2026-09-18T15:00:00Z,2027-06-09T17:55:00Z,live,5
KXFED-27JUN-T1.75,KXFED,tariff_eu_threat,unscheduled_macro,unscheduled_macro,2026-09-16,live,active,binary,1.75%,Above 1.75%,1.75,,2026-09-18T15:00:00Z,2027-06-09T17:55:00Z,live,5
KXFED-27JUN-T1.50,KXFED,tariff_eu_threat,unscheduled_macro,unscheduled_macro,2026-09-16,live,active,binary,1.50%,Above 1.50%,1.5,,2026-09-18T15:00:00Z,2027-06-09T17:55:00Z,live,5
KXFED-27JUN-T1.25,KXFED,tariff_eu_threat,unscheduled_macro,unscheduled_macro,2026-09-16,live,active,binary,1.25%,Above 1.25%,1.25,,2026-09-18T15:00:00Z,2027-06-09T17:55:00Z,live,5
KXFED-27JUN-T1.00,KXFED,tariff_eu_threat,unscheduled_macro,unscheduled_macro,2026-09-16,live,active,binary,1.00%,Above 1.00%,1,,2026-09-18T15:00:00Z,2027-06-09T17:55:00Z,live,5
KXFED-27JUN-T0.75,KXFED,tariff_eu_threat,unscheduled_macro,unscheduled_macro,2026-09-16,live,active,binary,0.75%,Above 0.75%,0.75,,2026-09-18T15:00:00Z,2027-06-09T17:55:00Z,live,5
KXFED-27JUN-T0.50,KXFED,tariff_eu_threat,unscheduled_macro,unscheduled_macro,2026-09-16,live,active,binary,0.50%,Above 0.50%,0.5,,2026-09-18T15:00:00Z,2027-06-09T17:55:00Z,live,5
KXFED-27JUN-T0.25,KXFED,tariff_eu_threat,unscheduled_macro,unscheduled_macro,2026-09-16,live,active,binary,0.25%,Above 0.25%,0.25,,2026-09-18T15:00:00Z,2027-06-09T17:55:00Z,live,6
KXFED-27JUN-T0.00,KXFED,tariff_eu_threat,unscheduled_macro,unscheduled_macro,2026-09-16,live,active,binary,0.00%,Above 0.00%,0,,2026-09-18T15:00:00Z,2027-06-09T17:55:00Z,live,6
KXFED-27APR-T2.25,KXFED,tariff_eu_threat,unscheduled_macro,unscheduled_macro,2026-09-16,live,active,binary,2.25%,Above 2.25%,2.25,,2025-10-13T14:00:00Z,2027-04-28T17:55:00Z,live,53
KXCPI-26OCT-T1.0,KXCPI,tariff_eu_threat,unscheduled_macro,unscheduled_macro,2026-09-16,live,active,binary,1.0%,Above 1.0%,1,,2026-09-18T16:00:00Z,2026-11-10T13:25:00Z,live,6
KXCPI-26OCT-T0.9,KXCPI,tariff_eu_threat,unscheduled_macro,unscheduled_macro,2026-09-16,live,active,binary,0.9%,Above 0.9%,0.9,,2026-09-18T16:00:00Z,2026-11-10T13:25:00Z,live,6
KXCPI-26OCT-T0.8,KXCPI,tariff_eu_threat,unscheduled_macro,unscheduled_macro,2026-09-16,live,active,binary,0.8%,Above 0.8%,0.8,,2026-09-18T16:00:00Z,2026-11-10T13:25:00Z,live,6
KXCPI-26OCT-T0.7,KXCPI,tariff_eu_threat,unscheduled_macro,unscheduled_macro,2026-09-16,live,active,binary,0.7%,Above 0.7%,0.7,,2026-09-18T16:00:00Z,2026-11-10T13:25:00Z,live,6
KXCPI-26OCT-T0.6,KXCPI,tariff_eu_threat,unscheduled_macro,unscheduled_macro,2026-09-16,live,active,binary,0.6%,Above 0.6%,0.6,,2026-09-18T16:00:00Z,2026-11-10T13:25:00Z,live,6
KXCPI-26DEC-T0.9,KXCPI,tariff_eu_threat,unscheduled_macro,unscheduled_macro,2026-09-16,live,active,binary,0.9%,Above 0.9%,0.9,,2026-09-17T15:30:00Z,2027-01-13T13:25:00Z,live,7
KXCPI-26DEC-T0.8,KXCPI,tariff_eu_threat,unscheduled_macro,unscheduled_macro,2026-09-16,live,active,binary,0.8%,Above 0.8%,0.8,,2026-09-17T15:30:00Z,2027-01-13T13:25:00Z,live,7
KXCPI-26DEC-T0.7,KXCPI,tariff_eu_threat,unscheduled_macro,unscheduled_macro,2026-09-16,live,active,binary,0.7%,Above 0.7%,0.7,,2026-09-17T15:30:00Z,2027-01-13T13:25:00Z,live,7
KXCPI-26DEC-T0.6,KXCPI,tariff_eu_threat,unscheduled_macro,unscheduled_macro,2026-09-16,live,active,binary,0.6%,Above 0.6%,0.6,,2026-09-17T15:30:00Z,2027-01-13T13:25:00Z,live,7
KXCPI-26DEC-T0.5,KXCPI,tariff_eu_threat,unscheduled_macro,unscheduled_macro,2026-09-16,live,active,binary,0.5%,Above 0.5%,0.5,,2026-09-17T15:30:00Z,2027-01-13T13:25:00Z,live,7
KXCPI-26DEC-T0.4,KXCPI,tariff_eu_threat,unscheduled_macro,unscheduled_macro,2026-09-16,live,active,binary,0.4%,Above 0.4%,0.4,,2026-09-17T15:30:00Z,2027-01-13T13:25:00Z,live,7
KXCPI-26DEC-T0.3,KXCPI,tariff_eu_threat,unscheduled_macro,unscheduled_macro,2026-09-16,live,active,binary,0.3%,Above 0.3%,0.3,,2026-09-17T15:30:00Z,2027-01-13T13:25:00Z,live,7
KXCPI-26DEC-T0.2,KXCPI,tariff_eu_threat,unscheduled_macro,unscheduled_macro,2026-09-16,live,active,binary,0.2%,Above 0.2%,0.2,,2026-09-17T15:30:00Z,2027-01-13T13:25:00Z,live,7
KXCPI-26DEC-T-0.1,KXCPI,tariff_eu_threat,unscheduled_macro,unscheduled_macro,2026-09-16,live,active,binary,-0.1%,Above -0.1%,-0.1,,2026-09-17T15:30:00Z,2027-01-13T13:25:00Z,live,7
KXCPI-26DEC-T0.0,KXCPI,tariff_eu_threat,unscheduled_macro,unscheduled_macro,2026-09-16,live,active,binary,0.0%,Above 0.0%,0,,2026-09-17T15:30:00Z,2027-01-13T13:25:00Z,live,7
KXCPI-26SEP-T0.9,KXCPI,tariff_eu_threat,unscheduled_macro,unscheduled_macro,2026-09-16,live,active,binary,0.9%,Above 0.9%,0.9,,2026-09-17T15:30:00Z,2026-10-14T12:25:00Z,live,7
KXCPI-26SEP-T0.8,KXCPI,tariff_eu_threat,unscheduled_macro,unscheduled_macro,2026-09-16,live,active,binary,0.8%,Above 0.8%,0.8,,2026-09-17T15:30:00Z,2026-10-14T12:25:00Z,live,7
KXCPI-26SEP-T0.7,KXCPI,tariff_eu_threat,unscheduled_macro,unscheduled_macro,2026-09-16,live,active,binary,0.7%,Above 0.7%,0.7,,2026-09-17T15:30:00Z,2026-10-14T12:25:00Z,live,7
KXCPI-26AUG-T0.7,KXCPI,tariff_eu_threat,unscheduled_macro,unscheduled_macro,2026-09-16,live,finalized,binary,0.7%,Above 0.7%,0.7,,2026-07-23T21:00:00Z,2026-09-11T12:25:00Z,live,39
KXCPI-26AUG-T0.0,KXCPI,tariff_eu_threat,unscheduled_macro,unscheduled_macro,2026-09-16,live,finalized,binary,0.0%,Above 0.0%,0,,2026-02-20T15:00:00Z,2026-09-11T12:25:00Z,live,36
KXCPI-26JUL-T0.5,KXCPI,tariff_eu_threat,unscheduled_macro,unscheduled_macro,2026-09-16,live,finalized,binary,0.5%,Above 0.5%,0.5,,2026-02-20T15:00:00Z,2026-08-12T12:25:00Z,live,12
KXCPI-26JUL-T0.3,KXCPI,tariff_eu_threat,unscheduled_macro,unscheduled_macro,2026-09-16,live,finalized,binary,0.3%,Above 0.3%,0.3,,2026-02-20T15:00:00Z,2026-08-12T12:25:00Z,live,12
KXCPI-26JUL-T0.2,KXCPI,tariff_eu_threat,unscheduled_macro,unscheduled_macro,2026-09-16,live,finalized,binary,0.2%,Above 0.2%,0.2,,2026-02-20T15:00:00Z,2026-08-12T12:25:00Z,live,12
KXCPI-26JUL-T0.1,KXCPI,tariff_eu_threat,unscheduled_macro,unscheduled_macro,2026-09-16,live,finalized,binary,0.1%,Above 0.1%,0.1,,2026-02-20T15:00:00Z,2026-08-12T12:25:00Z,live,12
KXCPI-26JUL-T0.0,KXCPI,tariff_eu_threat,unscheduled_macro,unscheduled_macro,2026-09-16,live,finalized,binary,0.0%,Above 0.0%,0,,2026-02-20T15:00:00Z,2026-08-12T12:25:00Z,live,12
KXCPICORE-26DEC-T1.0,KXCPICORE,tariff_eu_threat,unscheduled_macro,unscheduled_macro,2026-09-16,live,active,binary,1.0,Above 1.0%,1,1,2026-09-18T16:00:00Z,2027-01-13T13:25:00Z,live,6
KXCPICORE-26DEC-T0.9,KXCPICORE,tariff_eu_threat,unscheduled_macro,unscheduled_macro,2026-09-16,live,active,binary,0.9,Above 0.9%,0.9,0.9,2026-09-18T16:00:00Z,2027-01-13T13:25:00Z,live,6
KXCPICORE-26DEC-T0.8,KXCPICORE,tariff_eu_threat,unscheduled_macro,unscheduled_macro,2026-09-16,live,active,binary,0.8,Above 0.8%,0.8,0.8,2026-09-18T16:00:00Z,2027-01-13T13:25:00Z,live,6
KXCPICORE-26DEC-T0.7,KXCPICORE,tariff_eu_threat,unscheduled_macro,unscheduled_macro,2026-09-16,live,active,binary,0.7,Above 0.7%,0.7,0.7,2026-09-18T16:00:00Z,2027-01-13T13:25:00Z,live,6
KXCPICORE-26DEC-T0.6,KXCPICORE,tariff_eu_threat,unscheduled_macro,unscheduled_macro,2026-09-16,live,active,binary,0.6,Above 0.6%,0.6,0.6,2026-09-18T16:00:00Z,2027-01-13T13:25:00Z,live,6
KXCPICORE-26DEC-T0.4,KXCPICORE,tariff_eu_threat,unscheduled_macro,unscheduled_macro,2026-09-16,live,active,binary,0.4,Above 0.4%,0.4,0.4,2026-09-18T16:00:00Z,2027-01-13T13:25:00Z,live,6
KXCPICORE-26DEC-T0.3,KXCPICORE,tariff_eu_threat,unscheduled_macro,unscheduled_macro,2026-09-16,live,active,binary,0.3,Above 0.3%,0.3,0.3,2026-09-18T16:00:00Z,2027-01-13T13:25:00Z,live,6
KXCPICORE-26DEC-T0.2,KXCPICORE,tariff_eu_threat,unscheduled_macro,unscheduled_macro,2026-09-16,live,active,binary,0.2,Above 0.2%,0.2,0.2,2026-09-18T16:00:00Z,2027-01-13T13:25:00Z,live,5
KXCPICORE-26DEC-T0.1,KXCPICORE,tariff_eu_threat,unscheduled_macro,unscheduled_macro,2026-09-16,live,active,binary,0.1,Above 0.1%,0.1,0.1,2026-09-18T16:00:00Z,2027-01-13T13:25:00Z,live,6
KXCPICORE-26DEC-T0.0,KXCPICORE,tariff_eu_threat,unscheduled_macro,unscheduled_macro,2026-09-16,live,active,binary,0.0,Above 0.0%,0,0,2026-09-18T16:00:00Z,2027-01-13T13:25:00Z,live,6
KXCPICORE-26NOV-T1.0,KXCPICORE,tariff_eu_threat,unscheduled_macro,unscheduled_macro,2026-09-16,live,active,binary,1.0,Above 1.0%,1,1,2026-06-11T00:15:00Z,2026-12-10T13:25:00Z,live,12
KXCPICORE-26NOV-T0.0,KXCPICORE,tariff_eu_threat,unscheduled_macro,unscheduled_macro,2026-09-16,live,active,binary,0.0,Above 0.0%,0,0,2026-06-11T00:15:00Z,2026-12-10T13:25:00Z,live,37
KXCPICORE-26OCT-T0.6,KXCPICORE,tariff_eu_threat,unscheduled_macro,unscheduled_macro,2026-09-16,live,active,binary,0.6,Above 0.6%,0.6,0.6,2026-06-10T20:00:00Z,2026-11-10T13:25:00Z,live,32
KXCPICORE-26OCT-T0.4,KXCPICORE,tariff_eu_threat,unscheduled_macro,unscheduled_macro,2026-09-16,live,active,binary,0.4,Above 0.4%,0.4,0.4,2026-06-10T20:00:00Z,2026-11-10T13:25:00Z,live,36
KXCPICORE-26OCT-T0.2,KXCPICORE,tariff_eu_threat,unscheduled_macro,unscheduled_macro,2026-09-16,live,active,binary,0.2,Above 0.2%,0.2,0.2,2026-06-10T20:00:00Z,2026-11-10T13:25:00Z,live,43
KXCPICORE-26SEP-T0.9,KXCPICORE,tariff_eu_threat,unscheduled_macro,unscheduled_macro,2026-09-16,live,active,binary,0.9,Above 0.9%,0.9,0.9,2026-06-10T19:50:00Z,2026-10-14T12:25:00Z,live,1
KXCPICORE-26SEP-T0.8,KXCPICORE,tariff_eu_threat,unscheduled_macro,unscheduled_macro,2026-09-16,live,active,binary,0.8,Above 0.8%,0.8,0.8,2026-06-10T19:50:00Z,2026-10-14T12:25:00Z,live,1
KXCPICORE-26SEP-T0.5,KXCPICORE,tariff_eu_threat,unscheduled_macro,unscheduled_macro,2026-09-16,live,active,binary,0.5,Above 0.5%,0.5,0.5,2026-06-10T19:50:00Z,2026-10-14T12:25:00Z,live,26
KXCPICORE-26SEP-T0.4,KXCPICORE,tariff_eu_threat,unscheduled_macro,unscheduled_macro,2026-09-16,live,active,binary,0.4,Above 0.4%,0.4,0.4,2026-06-10T19:50:00Z,2026-10-14T12:25:00Z,live,36
KXCPICORE-26SEP-T0.2,KXCPICORE,tariff_eu_threat,unscheduled_macro,unscheduled_macro,2026-09-16,live,active,binary,0.2,Above 0.2%,0.2,0.2,2026-06-10T19:50:00Z,2026-10-14T12:25:00Z,live,45
KXCPICORE-26SEP-T0.1,KXCPICORE,tariff_eu_threat,unscheduled_macro,unscheduled_macro,2026-09-16,live,active,binary,0.1,Above 0.1%,0.1,0.1,2026-06-10T19:50:00Z,2026-10-14T12:25:00Z,live,42
KXCPICORE-26AUG-T1.0,KXCPICORE,tariff_eu_threat,unscheduled_macro,unscheduled_macro,2026-09-16,live,finalized,binary,1.0,Above 1.0%,1,1,2026-06-10T18:30:00Z,2026-09-11T12:25:00Z,live,3
KXCPICORE-26AUG-T0.9,KXCPICORE,tariff_eu_threat,unscheduled_macro,unscheduled_macro,2026-09-16,live,finalized,binary,0.9,Above 0.9%,0.9,0.9,2026-06-10T18:30:00Z,2026-09-11T12:25:00Z,live,6
KXCPICORE-26AUG-T0.7,KXCPICORE,tariff_eu_threat,unscheduled_macro,unscheduled_macro,2026-09-16,live,finalized,binary,0.7,Above 0.7%,0.7,0.7,2026-06-10T18:30:00Z,2026-09-11T12:25:00Z,live,33
KXCPICORE-26AUG-T0.3,KXCPICORE,tariff_eu_threat,unscheduled_macro,unscheduled_macro,2026-09-16,live,finalized,binary,0.3,Above 0.3%,0.3,0.3,2026-06-10T18:30:00Z,2026-09-11T12:25:00Z,live,35
KXCPICORE-26AUG-T0.2,KXCPICORE,tariff_eu_threat,unscheduled_macro,unscheduled_macro,2026-09-16,live,finalized,binary,0.2,Above 0.2%,0.2,0.2,2026-06-10T18:30:00Z,2026-09-11T12:25:00Z,live,41
KXCPICORE-26JUL-T1.0,KXCPICORE,tariff_eu_threat,unscheduled_macro,unscheduled_macro,2026-09-16,live,finalized,binary,1.0,Above 1.0%,1,1,2026-05-12T16:00:00Z,2026-08-12T12:25:00Z,live,12
KXCPICORE-26JUL-T0.9,KXCPICORE,tariff_eu_threat,unscheduled_macro,unscheduled_macro,2026-09-16,live,finalized,binary,0.9,Above 0.9%,0.9,0.9,2026-05-12T16:00:00Z,2026-08-12T12:25:00Z,live,12
KXCPICORE-26JUL-T0.8,KXCPICORE,tariff_eu_threat,unscheduled_macro,unscheduled_macro,2026-09-16,live,finalized,binary,0.8,Above 0.8%,0.8,0.8,2026-05-12T16:00:00Z,2026-08-12T12:25:00Z,live,7
KXCPICORE-26JUL-T0.7,KXCPICORE,tariff_eu_threat,unscheduled_macro,unscheduled_macro,2026-09-16,live,finalized,binary,0.7,Above 0.7%,0.7,0.7,2026-05-12T16:00:00Z,2026-08-12T12:25:00Z,live,12
KXCPICORE-26JUL-T0.6,KXCPICORE,tariff_eu_threat,unscheduled_macro,unscheduled_macro,2026-09-16,live,finalized,binary,0.6,Above 0.6%,0.6,0.6,2026-05-12T16:00:00Z,2026-08-12T12:25:00Z,live,12
KXCPICORE-26JUL-T0.3,KXCPICORE,tariff_eu_threat,unscheduled_macro,unscheduled_macro,2026-09-16,live,finalized,binary,0.3,Above 0.3%,0.3,0.3,2026-05-12T16:00:00Z,2026-08-12T12:25:00Z,live,11
KXCPICORE-26JUL-T0.2,KXCPICORE,tariff_eu_threat,unscheduled_macro,unscheduled_macro,2026-09-16,live,finalized,binary,0.2,Above 0.2%,0.2,0.2,2026-05-12T16:00:00Z,2026-08-12T12:25:00Z,live,12
KXCPICORE-26JUL-T0.1,KXCPICORE,tariff_eu_threat,unscheduled_macro,unscheduled_macro,2026-09-16,live,finalized,binary,0.1,Above 0.1%,0.1,0.1,2026-05-12T16:00:00Z,2026-08-12T12:25:00Z,live,12
KXCPICORE-26JUL-T0.0,KXCPICORE,tariff_eu_threat,unscheduled_macro,unscheduled_macro,2026-09-16,live,finalized,binary,0.0,Above 0.0%,0,0,2026-05-12T16:00:00Z,2026-08-12T12:25:00Z,live,12
KXFED-27APR-T6.00,KXFED,russia_sanctions_bill,unscheduled_macro,unscheduled_macro,2026-09-16,live,active,binary,6.00%,Above 6.00%,6,,2026-09-18T15:00:00Z,2027-04-28T17:55:00Z,live,5
KXFED-27APR-T5.75,KXFED,russia_sanctions_bill,unscheduled_macro,unscheduled_macro,2026-09-16,live,active,binary,5.75%,Above 5.75%,5.75,,2026-09-18T15:00:00Z,2027-04-28T17:55:00Z,live,5
KXFED-27APR-T5.50,KXFED,russia_sanctions_bill,unscheduled_macro,unscheduled_macro,2026-09-16,live,active,binary,5.50%,Above 5.50%,5.5,,2026-09-18T15:00:00Z,2027-04-28T17:55:00Z,live,4
KXFED-27APR-T5.25,KXFED,russia_sanctions_bill,unscheduled_macro,unscheduled_macro,2026-09-16,live,active,binary,5.25%,Above 5.25%,5.25,,2026-09-18T15:00:00Z,2027-04-28T17:55:00Z,live,5
KXFED-27APR-T5.00,KXFED,russia_sanctions_bill,unscheduled_macro,unscheduled_macro,2026-09-16,live,active,binary,5.00%,Above 5.00%,5,,2026-09-18T15:00:00Z,2027-04-28T17:55:00Z,live,5
KXFED-27APR-T4.75,KXFED,russia_sanctions_bill,unscheduled_macro,unscheduled_macro,2026-09-16,live,active,binary,4.75%,Above 4.75%,4.75,,2026-09-18T15:00:00Z,2027-04-28T17:55:00Z,live,5
KXFED-27APR-T4.50,KXFED,russia_sanctions_bill,unscheduled_macro,unscheduled_macro,2026-09-16,live,active,binary,4.50%,Above 4.50%,4.5,,2026-09-18T15:00:00Z,2027-04-28T17:55:00Z,live,5
KXFED-27MAR-T5.75,KXFED,russia_sanctions_bill,unscheduled_macro,unscheduled_macro,2026-09-16,live,active,binary,5.75%,Above 5.75%,5.75,,2026-09-18T15:00:00Z,2027-03-17T17:55:00Z,live,5
KXFED-27MAR-T5.50,KXFED,russia_sanctions_bill,unscheduled_macro,unscheduled_macro,2026-09-16,live,active,binary,5.50%,Above 5.50%,5.5,,2026-09-18T15:00:00Z,2027-03-17T17:55:00Z,live,5
KXFED-27MAR-T5.25,KXFED,russia_sanctions_bill,unscheduled_macro,unscheduled_macro,2026-09-16,live,active,binary,5.25%,Above 5.25%,5.25,,2026-09-18T15:00:00Z,2027-03-17T17:55:00Z,live,5
KXFED-27MAR-T5.00,KXFED,russia_sanctions_bill,unscheduled_macro,unscheduled_macro,2026-09-16,live,active,binary,5.00%,Above 5.00%,5,,2026-09-18T15:00:00Z,2027-03-17T17:55:00Z,live,5
KXFED-27MAR-T4.75,KXFED,russia_sanctions_bill,unscheduled_macro,unscheduled_macro,2026-09-16,live,active,binary,4.75%,Above 4.75%,4.75,,2026-09-18T15:00:00Z,2027-03-17T17:55:00Z,live,5
KXFED-27MAR-T4.50,KXFED,russia_sanctions_bill,unscheduled_macro,unscheduled_macro,2026-09-16,live,active,binary,4.50%,Above 4.50%,4.5,,2026-09-18T15:00:00Z,2027-03-17T17:55:00Z,live,5
KXFED-27JAN-T5.75,KXFED,russia_sanctions_bill,unscheduled_macro,unscheduled_macro,2026-09-16,live,active,binary,5.75%,Above 5.75%,5.75,,2026-09-18T15:00:00Z,2027-01-27T18:55:00Z,live,6
KXFED-27JAN-T5.50,KXFED,russia_sanctions_bill,unscheduled_macro,unscheduled_macro,2026-09-16,live,active,binary,5.50%,Above 5.50%,5.5,,2026-09-18T15:00:00Z,2027-01-27T18:55:00Z,live,6
KXFED-27JAN-T5.25,KXFED,russia_sanctions_bill,unscheduled_macro,unscheduled_macro,2026-09-16,live,active,binary,5.25%,Above 5.25%,5.25,,2026-09-18T15:00:00Z,2027-01-27T18:55:00Z,live,6
KXFED-27JAN-T5.00,KXFED,russia_sanctions_bill,unscheduled_macro,unscheduled_macro,2026-09-16,live,active,binary,5.00%,Above 5.00%,5,,2026-09-18T15:00:00Z,2027-01-27T18:55:00Z,live,6
KXFED-27JAN-T4.75,KXFED,russia_sanctions_bill,unscheduled_macro,unscheduled_macro,2026-09-16,live,active,binary,4.75%,Above 4.75%,4.75,,2026-09-18T15:00:00Z,2027-01-27T18:55:00Z,live,6
KXFED-27JAN-T4.50,KXFED,russia_sanctions_bill,unscheduled_macro,unscheduled_macro,2026-09-16,live,active,binary,4.50%,Above 4.50%,4.5,,2026-09-18T15:00:00Z,2027-01-27T18:55:00Z,live,6
KXFED-28JAN-T6.00,KXFED,russia_sanctions_bill,unscheduled_macro,unscheduled_macro,2026-09-16,live,active,binary,6.00%,Above 6.00%,6,,2026-09-18T15:00:00Z,2028-01-26T18:55:00Z,live,4
KXFED-28JAN-T5.75,KXFED,russia_sanctions_bill,unscheduled_macro,unscheduled_macro,2026-09-16,live,active,binary,5.75%,Above 5.75%,5.75,,2026-09-18T15:00:00Z,2028-01-26T18:55:00Z,live,4
KXFED-28JAN-T5.50,KXFED,russia_sanctions_bill,unscheduled_macro,unscheduled_macro,2026-09-16,live,active,binary,5.50%,Above 5.50%,5.5,,2026-09-18T15:00:00Z,2028-01-26T18:55:00Z,live,4
KXFED-28JAN-T5.25,KXFED,russia_sanctions_bill,unscheduled_macro,unscheduled_macro,2026-09-16,live,active,binary,5.25%,Above 5.25%,5.25,,2026-09-18T15:00:00Z,2028-01-26T18:55:00Z,live,4
KXFED-28JAN-T5.00,KXFED,russia_sanctions_bill,unscheduled_macro,unscheduled_macro,2026-09-16,live,active,binary,5.00%,Above 5.00%,5,,2026-09-18T15:00:00Z,2028-01-26T18:55:00Z,live,4
KXFED-28JAN-T4.75,KXFED,russia_sanctions_bill,unscheduled_macro,unscheduled_macro,2026-09-16,live,active,binary,4.75%,Above 4.75%,4.75,,2026-09-18T15:00:00Z,2028-01-26T18:55:00Z,live,4
KXFED-28JAN-T4.50,KXFED,russia_sanctions_bill,unscheduled_macro,unscheduled_macro,2026-09-16,live,active,binary,4.50%,Above 4.50%,4.5,,2026-09-18T15:00:00Z,2028-01-26T18:55:00Z,live,4
KXFED-28JAN-T4.25,KXFED,russia_sanctions_bill,unscheduled_macro,unscheduled_macro,2026-09-16,live,active,binary,4.25%,Above 4.25%,4.25,,2026-09-18T15:00:00Z,2028-01-26T18:55:00Z,live,4
KXFED-28JAN-T4.00,KXFED,russia_sanctions_bill,unscheduled_macro,unscheduled_macro,2026-09-16,live,active,binary,4.00%,Above 4.00%,4,,2026-09-18T15:00:00Z,2028-01-26T18:55:00Z,live,4
KXFED-28JAN-T3.75,KXFED,russia_sanctions_bill,unscheduled_macro,unscheduled_macro,2026-09-16,live,active,binary,3.75%,Above 3.75%,3.75,,2026-09-18T15:00:00Z,2028-01-26T18:55:00Z,live,4
KXFED-28JAN-T3.50,KXFED,russia_sanctions_bill,unscheduled_macro,unscheduled_macro,2026-09-16,live,active,binary,3.50%,Above 3.50%,3.5,,2026-09-18T15:00:00Z,2028-01-26T18:55:00Z,live,4
KXFED-28JAN-T3.25,KXFED,russia_sanctions_bill,unscheduled_macro,unscheduled_macro,2026-09-16,live,active,binary,3.25%,Above 3.25%,3.25,,2026-09-18T15:00:00Z,2028-01-26T18:55:00Z,live,5
KXFED-28JAN-T3.00,KXFED,russia_sanctions_bill,unscheduled_macro,unscheduled_macro,2026-09-16,live,active,binary,3.00%,Above 3.00%,3,,2026-09-18T15:00:00Z,2028-01-26T18:55:00Z,live,5
KXFED-28JAN-T2.75,KXFED,russia_sanctions_bill,unscheduled_macro,unscheduled_macro,2026-09-16,live,active,binary,2.75%,Above 2.75%,2.75,,2026-09-18T15:00:00Z,2028-01-26T18:55:00Z,live,5
KXFED-28JAN-T2.50,KXFED,russia_sanctions_bill,unscheduled_macro,unscheduled_macro,2026-09-16,live,active,binary,2.50%,Above 2.50%,2.5,,2026-09-18T15:00:00Z,2028-01-26T18:55:00Z,live,5
KXFED-28JAN-T2.25,KXFED,russia_sanctions_bill,unscheduled_macro,unscheduled_macro,2026-09-16,live,active,binary,2.25%,Above 2.25%,2.25,,2026-09-18T15:00:00Z,2028-01-26T18:55:00Z,live,5
KXFED-28JAN-T2.00,KXFED,russia_sanctions_bill,unscheduled_macro,unscheduled_macro,2026-09-16,live,active,binary,2.00%,Above 2.00%,2,,2026-09-18T15:00:00Z,2028-01-26T18:55:00Z,live,5
KXFED-28JAN-T1.25,KXFED,russia_sanctions_bill,unscheduled_macro,unscheduled_macro,2026-09-16,live,active,binary,1.25%,Above 1.25%,1.25,,2026-09-18T15:00:00Z,2028-01-26T18:55:00Z,live,5
KXFED-28JAN-T1.00,KXFED,russia_sanctions_bill,unscheduled_macro,unscheduled_macro,2026-09-16,live,active,binary,1.00%,Above 1.00%,1,,2026-09-18T15:00:00Z,2028-01-26T18:55:00Z,live,5
KXFED-28JAN-T0.75,KXFED,russia_sanctions_bill,unscheduled_macro,unscheduled_macro,2026-09-16,live,active,binary,0.75%,Above 0.75%,0.75,,2026-09-18T15:00:00Z,2028-01-26T18:55:00Z,live,5
KXFED-28JAN-T0.50,KXFED,russia_sanctions_bill,unscheduled_macro,unscheduled_macro,2026-09-16,live,active,binary,0.50%,Above 0.50%,0.5,,2026-09-18T15:00:00Z,2028-01-26T18:55:00Z,live,5
KXFED-28JAN-T0.00,KXFED,russia_sanctions_bill,unscheduled_macro,unscheduled_macro,2026-09-16,live,active,binary,0.00%,Above 0.00%,0,,2026-09-18T15:00:00Z,2028-01-26T18:55:00Z,live,5
KXFED-27DEC-T6.00,KXFED,russia_sanctions_bill,unscheduled_macro,unscheduled_macro,2026-09-16,live,active,binary,6.00%,Above 6.00%,6,,2026-09-18T15:00:00Z,2027-12-08T18:55:00Z,live,5
KXFED-27DEC-T5.75,KXFED,russia_sanctions_bill,unscheduled_macro,unscheduled_macro,2026-09-16,live,active,binary,5.75%,Above 5.75%,5.75,,2026-09-18T15:00:00Z,2027-12-08T18:55:00Z,live,5
KXFED-27DEC-T5.25,KXFED,russia_sanctions_bill,unscheduled_macro,unscheduled_macro,2026-09-16,live,active,binary,5.25%,Above 5.25%,5.25,,2026-09-18T15:00:00Z,2027-12-08T18:55:00Z,live,5
KXFED-27DEC-T5.00,KXFED,russia_sanctions_bill,unscheduled_macro,unscheduled_macro,2026-09-16,live,active,binary,5.00%,Above 5.00%,5,,2026-09-18T15:00:00Z,2027-12-08T18:55:00Z,live,5
KXFED-27DEC-T4.75,KXFED,russia_sanctions_bill,unscheduled_macro,unscheduled_macro,2026-09-16,live,active,binary,4.75%,Above 4.75%,4.75,,2026-09-18T15:00:00Z,2027-12-08T18:55:00Z,live,5
KXFED-27DEC-T4.50,KXFED,russia_sanctions_bill,unscheduled_macro,unscheduled_macro,2026-09-16,live,active,binary,4.50%,Above 4.50%,4.5,,2026-09-18T15:00:00Z,2027-12-08T18:55:00Z,live,6
KXFED-27DEC-T4.00,KXFED,russia_sanctions_bill,unscheduled_macro,unscheduled_macro,2026-09-16,live,active,binary,4.00%,Above 4.00%,4,,2026-09-18T15:00:00Z,2027-12-08T18:55:00Z,live,5
KXFED-27DEC-T3.75,KXFED,russia_sanctions_bill,unscheduled_macro,unscheduled_macro,2026-09-16,live,active,binary,3.75%,Above 3.75%,3.75,,2026-09-18T15:00:00Z,2027-12-08T18:55:00Z,live,5
KXFED-27DEC-T3.25,KXFED,russia_sanctions_bill,unscheduled_macro,unscheduled_macro,2026-09-16,live,active,binary,3.25%,Above 3.25%,3.25,,2026-09-18T15:00:00Z,2027-12-08T18:55:00Z,live,5
KXFED-27DEC-T3.00,KXFED,russia_sanctions_bill,unscheduled_macro,unscheduled_macro,2026-09-16,live,active,binary,3.00%,Above 3.00%,3,,2026-09-18T15:00:00Z,2027-12-08T18:55:00Z,live,5
KXFED-27DEC-T2.75,KXFED,russia_sanctions_bill,unscheduled_macro,unscheduled_macro,2026-09-16,live,active,binary,2.75%,Above 2.75%,2.75,,2026-09-18T15:00:00Z,2027-12-08T18:55:00Z,live,5
KXFED-27DEC-T2.50,KXFED,russia_sanctions_bill,unscheduled_macro,unscheduled_macro,2026-09-16,live,active,binary,2.50%,Above 2.50%,2.5,,2026-09-18T15:00:00Z,2027-12-08T18:55:00Z,live,5
KXFED-27DEC-T2.25,KXFED,russia_sanctions_bill,unscheduled_macro,unscheduled_macro,2026-09-16,live,active,binary,2.25%,Above 2.25%,2.25,,2026-09-18T15:00:00Z,2027-12-08T18:55:00Z,live,5
KXFED-27DEC-T1.50,KXFED,russia_sanctions_bill,unscheduled_macro,unscheduled_macro,2026-09-16,live,active,binary,1.50%,Above 1.50%,1.5,,2026-09-18T15:00:00Z,2027-12-08T18:55:00Z,live,5
KXFED-27DEC-T1.25,KXFED,russia_sanctions_bill,unscheduled_macro,unscheduled_macro,2026-09-16,live,active,binary,1.25%,Above 1.25%,1.25,,2026-09-18T15:00:00Z,2027-12-08T18:55:00Z,live,5
KXFED-27DEC-T1.00,KXFED,russia_sanctions_bill,unscheduled_macro,unscheduled_macro,2026-09-16,live,active,binary,1.00%,Above 1.00%,1,,2026-09-18T15:00:00Z,2027-12-08T18:55:00Z,live,5
KXFED-27DEC-T0.75,KXFED,russia_sanctions_bill,unscheduled_macro,unscheduled_macro,2026-09-16,live,active,binary,0.75%,Above 0.75%,0.75,,2026-09-18T15:00:00Z,2027-12-08T18:55:00Z,live,5
KXFED-27DEC-T0.50,KXFED,russia_sanctions_bill,unscheduled_macro,unscheduled_macro,2026-09-16,live,active,binary,0.50%,Above 0.50%,0.5,,2026-09-18T15:00:00Z,2027-12-08T18:55:00Z,live,5
KXFED-27DEC-T0.25,KXFED,russia_sanctions_bill,unscheduled_macro,unscheduled_macro,2026-09-16,live,active,binary,0.25%,Above 0.25%,0.25,,2026-09-18T15:00:00Z,2027-12-08T18:55:00Z,live,5
KXFED-27DEC-T0.00,KXFED,russia_sanctions_bill,unscheduled_macro,unscheduled_macro,2026-09-16,live,active,binary,0.00%,Above 0.00%,0,,2026-09-18T15:00:00Z,2027-12-08T18:55:00Z,live,5
KXFED-27OCT-T5.75,KXFED,russia_sanctions_bill,unscheduled_macro,unscheduled_macro,2026-09-16,live,active,binary,5.75%,Above 5.75%,5.75,,2026-09-18T15:00:00Z,2027-10-27T17:55:00Z,live,4
KXFED-27OCT-T5.50,KXFED,russia_sanctions_bill,unscheduled_macro,unscheduled_macro,2026-09-16,live,active,binary,5.50%,Above 5.50%,5.5,,2026-09-18T15:00:00Z,2027-10-27T17:55:00Z,live,4
KXFED-27OCT-T5.25,KXFED,russia_sanctions_bill,unscheduled_macro,unscheduled_macro,2026-09-16,live,active,binary,5.25%,Above 5.25%,5.25,,2026-09-18T15:00:00Z,2027-10-27T17:55:00Z,live,4
KXFED-27OCT-T5.00,KXFED,russia_sanctions_bill,unscheduled_macro,unscheduled_macro,2026-09-16,live,active,binary,5.00%,Above 5.00%,5,,2026-09-18T15:00:00Z,2027-10-27T17:55:00Z,live,4
KXFED-27OCT-T4.75,KXFED,russia_sanctions_bill,unscheduled_macro,unscheduled_macro,2026-09-16,live,active,binary,4.75%,Above 4.75%,4.75,,2026-09-18T15:00:00Z,2027-10-27T17:55:00Z,live,4
KXFED-27OCT-T4.50,KXFED,russia_sanctions_bill,unscheduled_macro,unscheduled_macro,2026-09-16,live,active,binary,4.50%,Above 4.50%,4.5,,2026-09-18T15:00:00Z,2027-10-27T17:55:00Z,live,4
KXFED-27OCT-T4.25,KXFED,russia_sanctions_bill,unscheduled_macro,unscheduled_macro,2026-09-16,live,active,binary,4.25%,Above 4.25%,4.25,,2026-09-18T15:00:00Z,2027-10-27T17:55:00Z,live,4
KXFED-27OCT-T4.00,KXFED,russia_sanctions_bill,unscheduled_macro,unscheduled_macro,2026-09-16,live,active,binary,4.00%,Above 4.00%,4,,2026-09-18T15:00:00Z,2027-10-27T17:55:00Z,live,4
KXFED-27OCT-T3.50,KXFED,russia_sanctions_bill,unscheduled_macro,unscheduled_macro,2026-09-16,live,active,binary,3.50%,Above 3.50%,3.5,,2026-09-18T15:00:00Z,2027-10-27T17:55:00Z,live,4
KXFED-27OCT-T3.25,KXFED,russia_sanctions_bill,unscheduled_macro,unscheduled_macro,2026-09-16,live,active,binary,3.25%,Above 3.25%,3.25,,2026-09-18T15:00:00Z,2027-10-27T17:55:00Z,live,5
KXFED-27OCT-T3.00,KXFED,russia_sanctions_bill,unscheduled_macro,unscheduled_macro,2026-09-16,live,active,binary,3.00%,Above 3.00%,3,,2026-09-18T15:00:00Z,2027-10-27T17:55:00Z,live,5
KXFED-27OCT-T2.75,KXFED,russia_sanctions_bill,unscheduled_macro,unscheduled_macro,2026-09-16,live,active,binary,2.75%,Above 2.75%,2.75,,2026-09-18T15:00:00Z,2027-10-27T17:55:00Z,live,5
KXFED-27OCT-T2.50,KXFED,russia_sanctions_bill,unscheduled_macro,unscheduled_macro,2026-09-16,live,active,binary,2.50%,Above 2.50%,2.5,,2026-09-18T15:00:00Z,2027-10-27T17:55:00Z,live,5
KXFED-27OCT-T2.25,KXFED,russia_sanctions_bill,unscheduled_macro,unscheduled_macro,2026-09-16,live,active,binary,2.25%,Above 2.25%,2.25,,2026-09-18T15:00:00Z,2027-10-27T17:55:00Z,live,5
KXFED-27OCT-T2.00,KXFED,russia_sanctions_bill,unscheduled_macro,unscheduled_macro,2026-09-16,live,active,binary,2.00%,Above 2.00%,2,,2026-09-18T15:00:00Z,2027-10-27T17:55:00Z,live,5
KXFED-27OCT-T1.75,KXFED,russia_sanctions_bill,unscheduled_macro,unscheduled_macro,2026-09-16,live,active,binary,1.75%,Above 1.75%,1.75,,2026-09-18T15:00:00Z,2027-10-27T17:55:00Z,live,5
KXFED-27OCT-T1.50,KXFED,russia_sanctions_bill,unscheduled_macro,unscheduled_macro,2026-09-16,live,active,binary,1.50%,Above 1.50%,1.5,,2026-09-18T15:00:00Z,2027-10-27T17:55:00Z,live,5
KXFED-27OCT-T1.25,KXFED,russia_sanctions_bill,unscheduled_macro,unscheduled_macro,2026-09-16,live,active,binary,1.25%,Above 1.25%,1.25,,2026-09-18T15:00:00Z,2027-10-27T17:55:00Z,live,5
KXFED-27OCT-T1.00,KXFED,russia_sanctions_bill,unscheduled_macro,unscheduled_macro,2026-09-16,live,active,binary,1.00%,Above 1.00%,1,,2026-09-18T15:00:00Z,2027-10-27T17:55:00Z,live,5
KXFED-27OCT-T0.75,KXFED,russia_sanctions_bill,unscheduled_macro,unscheduled_macro,2026-09-16,live,active,binary,0.75%,Above 0.75%,0.75,,2026-09-18T15:00:00Z,2027-10-27T17:55:00Z,live,5
KXFED-27OCT-T0.50,KXFED,russia_sanctions_bill,unscheduled_macro,unscheduled_macro,2026-09-16,live,active,binary,0.50%,Above 0.50%,0.5,,2026-09-18T15:00:00Z,2027-10-27T17:55:00Z,live,5
KXFED-27OCT-T0.25,KXFED,russia_sanctions_bill,unscheduled_macro,unscheduled_macro,2026-09-16,live,active,binary,0.25%,Above 0.25%,0.25,,2026-09-18T15:00:00Z,2027-10-27T17:55:00Z,live,5
KXFED-27OCT-T0.00,KXFED,russia_sanctions_bill,unscheduled_macro,unscheduled_macro,2026-09-16,live,active,binary,0.00%,Above 0.00%,0,,2026-09-18T15:00:00Z,2027-10-27T17:55:00Z,live,6
KXFED-27SEP-T6.00,KXFED,russia_sanctions_bill,unscheduled_macro,unscheduled_macro,2026-09-16,live,active,binary,6.00%,Above 6.00%,6,,2026-09-18T15:00:00Z,2027-09-15T17:55:00Z,live,4
KXFED-27SEP-T5.75,KXFED,russia_sanctions_bill,unscheduled_macro,unscheduled_macro,2026-09-16,live,active,binary,5.75%,Above 5.75%,5.75,,2026-09-18T15:00:00Z,2027-09-15T17:55:00Z,live,4
KXFED-27SEP-T5.50,KXFED,russia_sanctions_bill,unscheduled_macro,unscheduled_macro,2026-09-16,live,active,binary,5.50%,Above 5.50%,5.5,,2026-09-18T15:00:00Z,2027-09-15T17:55:00Z,live,4
KXFED-27SEP-T5.25,KXFED,russia_sanctions_bill,unscheduled_macro,unscheduled_macro,2026-09-16,live,active,binary,5.25%,Above 5.25%,5.25,,2026-09-18T15:00:00Z,2027-09-15T17:55:00Z,live,4
KXFED-27SEP-T5.00,KXFED,russia_sanctions_bill,unscheduled_macro,unscheduled_macro,2026-09-16,live,active,binary,5.00%,Above 5.00%,5,,2026-09-18T15:00:00Z,2027-09-15T17:55:00Z,live,4
KXFED-27SEP-T4.25,KXFED,russia_sanctions_bill,unscheduled_macro,unscheduled_macro,2026-09-16,live,active,binary,4.25%,Above 4.25%,4.25,,2026-09-18T15:00:00Z,2027-09-15T17:55:00Z,live,4
KXFED-27SEP-T4.00,KXFED,russia_sanctions_bill,unscheduled_macro,unscheduled_macro,2026-09-16,live,active,binary,4.00%,Above 4.00%,4,,2026-09-18T15:00:00Z,2027-09-15T17:55:00Z,live,4
KXFED-27SEP-T3.75,KXFED,russia_sanctions_bill,unscheduled_macro,unscheduled_macro,2026-09-16,live,active,binary,3.75%,Above 3.75%,3.75,,2026-09-18T15:00:00Z,2027-09-15T17:55:00Z,live,4
KXFED-27SEP-T3.50,KXFED,russia_sanctions_bill,unscheduled_macro,unscheduled_macro,2026-09-16,live,active,binary,3.50%,Above 3.50%,3.5,,2026-09-18T15:00:00Z,2027-09-15T17:55:00Z,live,4
KXFED-27SEP-T3.25,KXFED,russia_sanctions_bill,unscheduled_macro,unscheduled_macro,2026-09-16,live,active,binary,3.25%,Above 3.25%,3.25,,2026-09-18T15:00:00Z,2027-09-15T17:55:00Z,live,5
KXFED-27SEP-T3.00,KXFED,russia_sanctions_bill,unscheduled_macro,unscheduled_macro,2026-09-16,live,active,binary,3.00%,Above 3.00%,3,,2026-09-18T15:00:00Z,2027-09-15T17:55:00Z,live,5
KXFED-27SEP-T2.75,KXFED,russia_sanctions_bill,unscheduled_macro,unscheduled_macro,2026-09-16,live,active,binary,2.75%,Above 2.75%,2.75,,2026-09-18T15:00:00Z,2027-09-15T17:55:00Z,live,5
KXFED-27SEP-T2.50,KXFED,russia_sanctions_bill,unscheduled_macro,unscheduled_macro,2026-09-16,live,active,binary,2.50%,Above 2.50%,2.5,,2026-09-18T15:00:00Z,2027-09-15T17:55:00Z,live,5
KXFED-27SEP-T2.25,KXFED,russia_sanctions_bill,unscheduled_macro,unscheduled_macro,2026-09-16,live,active,binary,2.25%,Above 2.25%,2.25,,2026-09-18T15:00:00Z,2027-09-15T17:55:00Z,live,5
KXFED-27SEP-T2.00,KXFED,russia_sanctions_bill,unscheduled_macro,unscheduled_macro,2026-09-16,live,active,binary,2.00%,Above 2.00%,2,,2026-09-18T15:00:00Z,2027-09-15T17:55:00Z,live,5
KXFED-27SEP-T1.75,KXFED,russia_sanctions_bill,unscheduled_macro,unscheduled_macro,2026-09-16,live,active,binary,1.75%,Above 1.75%,1.75,,2026-09-18T15:00:00Z,2027-09-15T17:55:00Z,live,5
KXFED-27SEP-T1.50,KXFED,russia_sanctions_bill,unscheduled_macro,unscheduled_macro,2026-09-16,live,active,binary,1.50%,Above 1.50%,1.5,,2026-09-18T15:00:00Z,2027-09-15T17:55:00Z,live,5
KXFED-27SEP-T1.25,KXFED,russia_sanctions_bill,unscheduled_macro,unscheduled_macro,2026-09-16,live,active,binary,1.25%,Above 1.25%,1.25,,2026-09-18T15:00:00Z,2027-09-15T17:55:00Z,live,5
KXFED-27SEP-T1.00,KXFED,russia_sanctions_bill,unscheduled_macro,unscheduled_macro,2026-09-16,live,active,binary,1.00%,Above 1.00%,1,,2026-09-18T15:00:00Z,2027-09-15T17:55:00Z,live,5
KXFED-27SEP-T0.75,KXFED,russia_sanctions_bill,unscheduled_macro,unscheduled_macro,2026-09-16,live,active,binary,0.75%,Above 0.75%,0.75,,2026-09-18T15:00:00Z,2027-09-15T17:55:00Z,live,5
KXFED-27SEP-T0.50,KXFED,russia_sanctions_bill,unscheduled_macro,unscheduled_macro,2026-09-16,live,active,binary,0.50%,Above 0.50%,0.5,,2026-09-18T15:00:00Z,2027-09-15T17:55:00Z,live,5
KXFED-27SEP-T0.25,KXFED,russia_sanctions_bill,unscheduled_macro,unscheduled_macro,2026-09-16,live,active,binary,0.25%,Above 0.25%,0.25,,2026-09-18T15:00:00Z,2027-09-15T17:55:00Z,live,5
KXFED-27SEP-T0.00,KXFED,russia_sanctions_bill,unscheduled_macro,unscheduled_macro,2026-09-16,live,active,binary,0.00%,Above 0.00%,0,,2026-09-18T15:00:00Z,2027-09-15T17:55:00Z,live,5
KXFED-27JUL-T6.00,KXFED,russia_sanctions_bill,unscheduled_macro,unscheduled_macro,2026-09-16,live,active,binary,6.00%,Above 6.00%,6,,2026-09-18T15:00:00Z,2027-07-28T17:55:00Z,live,4
KXFED-27JUL-T5.75,KXFED,russia_sanctions_bill,unscheduled_macro,unscheduled_macro,2026-09-16,live,active,binary,5.75%,Above 5.75%,5.75,,2026-09-18T15:00:00Z,2027-07-28T17:55:00Z,live,4
KXFED-27JUL-T5.50,KXFED,russia_sanctions_bill,unscheduled_macro,unscheduled_macro,2026-09-16,live,active,binary,5.50%,Above 5.50%,5.5,,2026-09-18T15:00:00Z,2027-07-28T17:55:00Z,live,4
KXFED-27JUL-T5.25,KXFED,russia_sanctions_bill,unscheduled_macro,unscheduled_macro,2026-09-16,live,active,binary,5.25%,Above 5.25%,5.25,,2026-09-18T15:00:00Z,2027-07-28T17:55:00Z,live,4
KXFED-27JUL-T5.00,KXFED,russia_sanctions_bill,unscheduled_macro,unscheduled_macro,2026-09-16,live,active,binary,5.00%,Above 5.00%,5,,2026-09-18T15:00:00Z,2027-07-28T17:55:00Z,live,4
KXFED-27JUL-T4.75,KXFED,russia_sanctions_bill,unscheduled_macro,unscheduled_macro,2026-09-16,live,active,binary,4.75%,Above 4.75%,4.75,,2026-09-18T15:00:00Z,2027-07-28T17:55:00Z,live,4
KXFED-27JUL-T4.50,KXFED,russia_sanctions_bill,unscheduled_macro,unscheduled_macro,2026-09-16,live,active,binary,4.50%,Above 4.50%,4.5,,2026-09-18T15:00:00Z,2027-07-28T17:55:00Z,live,4
KXFED-27JUL-T4.25,KXFED,russia_sanctions_bill,unscheduled_macro,unscheduled_macro,2026-09-16,live,active,binary,4.25%,Above 4.25%,4.25,,2026-09-18T15:00:00Z,2027-07-28T17:55:00Z,live,4
KXFED-27JUL-T4.00,KXFED,russia_sanctions_bill,unscheduled_macro,unscheduled_macro,2026-09-16,live,active,binary,4.00%,Above 4.00%,4,,2026-09-18T15:00:00Z,2027-07-28T17:55:00Z,live,4
KXFED-27JUL-T3.75,KXFED,russia_sanctions_bill,unscheduled_macro,unscheduled_macro,2026-09-16,live,active,binary,3.75%,Above 3.75%,3.75,,2026-09-18T15:00:00Z,2027-07-28T17:55:00Z,live,4
KXFED-27JUL-T3.50,KXFED,russia_sanctions_bill,unscheduled_macro,unscheduled_macro,2026-09-16,live,active,binary,3.50%,Above 3.50%,3.5,,2026-09-18T15:00:00Z,2027-07-28T17:55:00Z,live,4
KXFED-27JUL-T3.25,KXFED,russia_sanctions_bill,unscheduled_macro,unscheduled_macro,2026-09-16,live,active,binary,3.25%,Above 3.25%,3.25,,2026-09-18T15:00:00Z,2027-07-28T17:55:00Z,live,4
KXFED-27JUL-T3.00,KXFED,russia_sanctions_bill,unscheduled_macro,unscheduled_macro,2026-09-16,live,active,binary,3.00%,Above 3.00%,3,,2026-09-18T15:00:00Z,2027-07-28T17:55:00Z,live,4
KXFED-27JUL-T2.75,KXFED,russia_sanctions_bill,unscheduled_macro,unscheduled_macro,2026-09-16,live,active,binary,2.75%,Above 2.75%,2.75,,2026-09-18T15:00:00Z,2027-07-28T17:55:00Z,live,4
KXFED-27JUL-T2.50,KXFED,russia_sanctions_bill,unscheduled_macro,unscheduled_macro,2026-09-16,live,active,binary,2.50%,Above 2.50%,2.5,,2026-09-18T15:00:00Z,2027-07-28T17:55:00Z,live,4
KXFED-27JUL-T2.25,KXFED,russia_sanctions_bill,unscheduled_macro,unscheduled_macro,2026-09-16,live,active,binary,2.25%,Above 2.25%,2.25,,2026-09-18T15:00:00Z,2027-07-28T17:55:00Z,live,4
KXFED-27JUL-T2.00,KXFED,russia_sanctions_bill,unscheduled_macro,unscheduled_macro,2026-09-16,live,active,binary,2.00%,Above 2.00%,2,,2026-09-18T15:00:00Z,2027-07-28T17:55:00Z,live,4
KXFED-27JUL-T1.75,KXFED,russia_sanctions_bill,unscheduled_macro,unscheduled_macro,2026-09-16,live,active,binary,1.75%,Above 1.75%,1.75,,2026-09-18T15:00:00Z,2027-07-28T17:55:00Z,live,4
KXFED-27JUL-T1.50,KXFED,russia_sanctions_bill,unscheduled_macro,unscheduled_macro,2026-09-16,live,active,binary,1.50%,Above 1.50%,1.5,,2026-09-18T15:00:00Z,2027-07-28T17:55:00Z,live,4
KXFED-27JUL-T1.25,KXFED,russia_sanctions_bill,unscheduled_macro,unscheduled_macro,2026-09-16,live,active,binary,1.25%,Above 1.25%,1.25,,2026-09-18T15:00:00Z,2027-07-28T17:55:00Z,live,4
KXFED-27JUL-T1.00,KXFED,russia_sanctions_bill,unscheduled_macro,unscheduled_macro,2026-09-16,live,active,binary,1.00%,Above 1.00%,1,,2026-09-18T15:00:00Z,2027-07-28T17:55:00Z,live,4
KXFED-27JUL-T0.50,KXFED,russia_sanctions_bill,unscheduled_macro,unscheduled_macro,2026-09-16,live,active,binary,0.50%,Above 0.50%,0.5,,2026-09-18T15:00:00Z,2027-07-28T17:55:00Z,live,4
KXFED-27JUL-T0.25,KXFED,russia_sanctions_bill,unscheduled_macro,unscheduled_macro,2026-09-16,live,active,binary,0.25%,Above 0.25%,0.25,,2026-09-18T15:00:00Z,2027-07-28T17:55:00Z,live,4
KXFED-27JUL-T0.00,KXFED,russia_sanctions_bill,unscheduled_macro,unscheduled_macro,2026-09-16,live,active,binary,0.00%,Above 0.00%,0,,2026-09-18T15:00:00Z,2027-07-28T17:55:00Z,live,4
KXFED-27JUN-T6.00,KXFED,russia_sanctions_bill,unscheduled_macro,unscheduled_macro,2026-09-16,live,active,binary,6.00%,Above 6.00%,6,,2026-09-18T15:00:00Z,2027-06-09T17:55:00Z,live,6
KXFED-27JUN-T5.75,KXFED,russia_sanctions_bill,unscheduled_macro,unscheduled_macro,2026-09-16,live,active,binary,5.75%,Above 5.75%,5.75,,2026-09-18T15:00:00Z,2027-06-09T17:55:00Z,live,5
KXFED-27JUN-T5.50,KXFED,russia_sanctions_bill,unscheduled_macro,unscheduled_macro,2026-09-16,live,active,binary,5.50%,Above 5.50%,5.5,,2026-09-18T15:00:00Z,2027-06-09T17:55:00Z,live,5
KXFED-27JUN-T5.25,KXFED,russia_sanctions_bill,unscheduled_macro,unscheduled_macro,2026-09-16,live,active,binary,5.25%,Above 5.25%,5.25,,2026-09-18T15:00:00Z,2027-06-09T17:55:00Z,live,5
KXFED-27JUN-T5.00,KXFED,russia_sanctions_bill,unscheduled_macro,unscheduled_macro,2026-09-16,live,active,binary,5.00%,Above 5.00%,5,,2026-09-18T15:00:00Z,2027-06-09T17:55:00Z,live,6
KXFED-27JUN-T4.75,KXFED,russia_sanctions_bill,unscheduled_macro,unscheduled_macro,2026-09-16,live,active,binary,4.75%,Above 4.75%,4.75,,2026-09-18T15:00:00Z,2027-06-09T17:55:00Z,live,6
KXFED-27JUN-T4.50,KXFED,russia_sanctions_bill,unscheduled_macro,unscheduled_macro,2026-09-16,live,active,binary,4.50%,Above 4.50%,4.5,,2026-09-18T15:00:00Z,2027-06-09T17:55:00Z,live,6
KXFED-27JUN-T4.25,KXFED,russia_sanctions_bill,unscheduled_macro,unscheduled_macro,2026-09-16,live,active,binary,4.25%,Above 4.25%,4.25,,2026-09-18T15:00:00Z,2027-06-09T17:55:00Z,live,6
KXFED-27JUN-T4.00,KXFED,russia_sanctions_bill,unscheduled_macro,unscheduled_macro,2026-09-16,live,active,binary,4.00%,Above 4.00%,4,,2026-09-18T15:00:00Z,2027-06-09T17:55:00Z,live,6
KXFED-27JUN-T3.75,KXFED,russia_sanctions_bill,unscheduled_macro,unscheduled_macro,2026-09-16,live,active,binary,3.75%,Above 3.75%,3.75,,2026-09-18T15:00:00Z,2027-06-09T17:55:00Z,live,6
KXFED-27JUN-T3.50,KXFED,russia_sanctions_bill,unscheduled_macro,unscheduled_macro,2026-09-16,live,active,binary,3.50%,Above 3.50%,3.5,,2026-09-18T15:00:00Z,2027-06-09T17:55:00Z,live,5
KXFED-27JUN-T3.00,KXFED,russia_sanctions_bill,unscheduled_macro,unscheduled_macro,2026-09-16,live,active,binary,3.00%,Above 3.00%,3,,2026-09-18T15:00:00Z,2027-06-09T17:55:00Z,live,5
KXFED-27JUN-T2.75,KXFED,russia_sanctions_bill,unscheduled_macro,unscheduled_macro,2026-09-16,live,active,binary,2.75%,Above 2.75%,2.75,,2026-09-18T15:00:00Z,2027-06-09T17:55:00Z,live,5
KXFED-27JUN-T2.50,KXFED,russia_sanctions_bill,unscheduled_macro,unscheduled_macro,2026-09-16,live,active,binary,2.50%,Above 2.50%,2.5,,2026-09-18T15:00:00Z,2027-06-09T17:55:00Z,live,5
KXFED-27JUN-T2.25,KXFED,russia_sanctions_bill,unscheduled_macro,unscheduled_macro,2026-09-16,live,active,binary,2.25%,Above 2.25%,2.25,,2026-09-18T15:00:00Z,2027-06-09T17:55:00Z,live,5
KXFED-27JUN-T2.00,KXFED,russia_sanctions_bill,unscheduled_macro,unscheduled_macro,2026-09-16,live,active,binary,2.00%,Above 2.00%,2,,2026-09-18T15:00:00Z,2027-06-09T17:55:00Z,live,5
KXFED-27JUN-T1.75,KXFED,russia_sanctions_bill,unscheduled_macro,unscheduled_macro,2026-09-16,live,active,binary,1.75%,Above 1.75%,1.75,,2026-09-18T15:00:00Z,2027-06-09T17:55:00Z,live,5
KXFED-27JUN-T1.50,KXFED,russia_sanctions_bill,unscheduled_macro,unscheduled_macro,2026-09-16,live,active,binary,1.50%,Above 1.50%,1.5,,2026-09-18T15:00:00Z,2027-06-09T17:55:00Z,live,5
KXFED-27JUN-T1.25,KXFED,russia_sanctions_bill,unscheduled_macro,unscheduled_macro,2026-09-16,live,active,binary,1.25%,Above 1.25%,1.25,,2026-09-18T15:00:00Z,2027-06-09T17:55:00Z,live,5
KXFED-27JUN-T1.00,KXFED,russia_sanctions_bill,unscheduled_macro,unscheduled_macro,2026-09-16,live,active,binary,1.00%,Above 1.00%,1,,2026-09-18T15:00:00Z,2027-06-09T17:55:00Z,live,5
KXFED-27JUN-T0.75,KXFED,russia_sanctions_bill,unscheduled_macro,unscheduled_macro,2026-09-16,live,active,binary,0.75%,Above 0.75%,0.75,,2026-09-18T15:00:00Z,2027-06-09T17:55:00Z,live,5
KXFED-27JUN-T0.50,KXFED,russia_sanctions_bill,unscheduled_macro,unscheduled_macro,2026-09-16,live,active,binary,0.50%,Above 0.50%,0.5,,2026-09-18T15:00:00Z,2027-06-09T17:55:00Z,live,5
KXFED-27JUN-T0.25,KXFED,russia_sanctions_bill,unscheduled_macro,unscheduled_macro,2026-09-16,live,active,binary,0.25%,Above 0.25%,0.25,,2026-09-18T15:00:00Z,2027-06-09T17:55:00Z,live,6
KXFED-27JUN-T0.00,KXFED,russia_sanctions_bill,unscheduled_macro,unscheduled_macro,2026-09-16,live,active,binary,0.00%,Above 0.00%,0,,2026-09-18T15:00:00Z,2027-06-09T17:55:00Z,live,6
KXFED-27APR-T2.25,KXFED,russia_sanctions_bill,unscheduled_macro,unscheduled_macro,2026-09-16,live,active,binary,2.25%,Above 2.25%,2.25,,2025-10-13T14:00:00Z,2027-04-28T17:55:00Z,live,53
KXCPI-26OCT-T1.0,KXCPI,russia_sanctions_bill,unscheduled_macro,unscheduled_macro,2026-09-16,live,active,binary,1.0%,Above 1.0%,1,,2026-09-18T16:00:00Z,2026-11-10T13:25:00Z,live,6
KXCPI-26OCT-T0.9,KXCPI,russia_sanctions_bill,unscheduled_macro,unscheduled_macro,2026-09-16,live,active,binary,0.9%,Above 0.9%,0.9,,2026-09-18T16:00:00Z,2026-11-10T13:25:00Z,live,6
KXCPI-26OCT-T0.8,KXCPI,russia_sanctions_bill,unscheduled_macro,unscheduled_macro,2026-09-16,live,active,binary,0.8%,Above 0.8%,0.8,,2026-09-18T16:00:00Z,2026-11-10T13:25:00Z,live,6
KXCPI-26OCT-T0.7,KXCPI,russia_sanctions_bill,unscheduled_macro,unscheduled_macro,2026-09-16,live,active,binary,0.7%,Above 0.7%,0.7,,2026-09-18T16:00:00Z,2026-11-10T13:25:00Z,live,6
KXCPI-26OCT-T0.6,KXCPI,russia_sanctions_bill,unscheduled_macro,unscheduled_macro,2026-09-16,live,active,binary,0.6%,Above 0.6%,0.6,,2026-09-18T16:00:00Z,2026-11-10T13:25:00Z,live,6
KXCPI-26DEC-T0.9,KXCPI,russia_sanctions_bill,unscheduled_macro,unscheduled_macro,2026-09-16,live,active,binary,0.9%,Above 0.9%,0.9,,2026-09-17T15:30:00Z,2027-01-13T13:25:00Z,live,7
KXCPI-26DEC-T0.8,KXCPI,russia_sanctions_bill,unscheduled_macro,unscheduled_macro,2026-09-16,live,active,binary,0.8%,Above 0.8%,0.8,,2026-09-17T15:30:00Z,2027-01-13T13:25:00Z,live,7
KXCPI-26DEC-T0.7,KXCPI,russia_sanctions_bill,unscheduled_macro,unscheduled_macro,2026-09-16,live,active,binary,0.7%,Above 0.7%,0.7,,2026-09-17T15:30:00Z,2027-01-13T13:25:00Z,live,7
KXCPI-26DEC-T0.6,KXCPI,russia_sanctions_bill,unscheduled_macro,unscheduled_macro,2026-09-16,live,active,binary,0.6%,Above 0.6%,0.6,,2026-09-17T15:30:00Z,2027-01-13T13:25:00Z,live,7
KXCPI-26DEC-T0.5,KXCPI,russia_sanctions_bill,unscheduled_macro,unscheduled_macro,2026-09-16,live,active,binary,0.5%,Above 0.5%,0.5,,2026-09-17T15:30:00Z,2027-01-13T13:25:00Z,live,7
KXCPI-26DEC-T0.4,KXCPI,russia_sanctions_bill,unscheduled_macro,unscheduled_macro,2026-09-16,live,active,binary,0.4%,Above 0.4%,0.4,,2026-09-17T15:30:00Z,2027-01-13T13:25:00Z,live,7
KXCPI-26DEC-T0.3,KXCPI,russia_sanctions_bill,unscheduled_macro,unscheduled_macro,2026-09-16,live,active,binary,0.3%,Above 0.3%,0.3,,2026-09-17T15:30:00Z,2027-01-13T13:25:00Z,live,7
KXCPI-26DEC-T0.2,KXCPI,russia_sanctions_bill,unscheduled_macro,unscheduled_macro,2026-09-16,live,active,binary,0.2%,Above 0.2%,0.2,,2026-09-17T15:30:00Z,2027-01-13T13:25:00Z,live,7
KXCPI-26DEC-T-0.1,KXCPI,russia_sanctions_bill,unscheduled_macro,unscheduled_macro,2026-09-16,live,active,binary,-0.1%,Above -0.1%,-0.1,,2026-09-17T15:30:00Z,2027-01-13T13:25:00Z,live,7
KXCPI-26DEC-T0.0,KXCPI,russia_sanctions_bill,unscheduled_macro,unscheduled_macro,2026-09-16,live,active,binary,0.0%,Above 0.0%,0,,2026-09-17T15:30:00Z,2027-01-13T13:25:00Z,live,7
KXCPI-26SEP-T0.9,KXCPI,russia_sanctions_bill,unscheduled_macro,unscheduled_macro,2026-09-16,live,active,binary,0.9%,Above 0.9%,0.9,,2026-09-17T15:30:00Z,2026-10-14T12:25:00Z,live,7
KXCPI-26SEP-T0.8,KXCPI,russia_sanctions_bill,unscheduled_macro,unscheduled_macro,2026-09-16,live,active,binary,0.8%,Above 0.8%,0.8,,2026-09-17T15:30:00Z,2026-10-14T12:25:00Z,live,7
KXCPI-26SEP-T0.7,KXCPI,russia_sanctions_bill,unscheduled_macro,unscheduled_macro,2026-09-16,live,active,binary,0.7%,Above 0.7%,0.7,,2026-09-17T15:30:00Z,2026-10-14T12:25:00Z,live,7
KXCPI-26AUG-T0.7,KXCPI,russia_sanctions_bill,unscheduled_macro,unscheduled_macro,2026-09-16,live,finalized,binary,0.7%,Above 0.7%,0.7,,2026-07-23T21:00:00Z,2026-09-11T12:25:00Z,live,39
KXCPI-26AUG-T0.0,KXCPI,russia_sanctions_bill,unscheduled_macro,unscheduled_macro,2026-09-16,live,finalized,binary,0.0%,Above 0.0%,0,,2026-02-20T15:00:00Z,2026-09-11T12:25:00Z,live,36
KXCPI-26JUL-T0.5,KXCPI,russia_sanctions_bill,unscheduled_macro,unscheduled_macro,2026-09-16,live,finalized,binary,0.5%,Above 0.5%,0.5,,2026-02-20T15:00:00Z,2026-08-12T12:25:00Z,live,12
KXCPI-26JUL-T0.3,KXCPI,russia_sanctions_bill,unscheduled_macro,unscheduled_macro,2026-09-16,live,finalized,binary,0.3%,Above 0.3%,0.3,,2026-02-20T15:00:00Z,2026-08-12T12:25:00Z,live,12
KXCPI-26JUL-T0.2,KXCPI,russia_sanctions_bill,unscheduled_macro,unscheduled_macro,2026-09-16,live,finalized,binary,0.2%,Above 0.2%,0.2,,2026-02-20T15:00:00Z,2026-08-12T12:25:00Z,live,12
KXCPI-26JUL-T0.1,KXCPI,russia_sanctions_bill,unscheduled_macro,unscheduled_macro,2026-09-16,live,finalized,binary,0.1%,Above 0.1%,0.1,,2026-02-20T15:00:00Z,2026-08-12T12:25:00Z,live,12
KXCPI-26JUL-T0.0,KXCPI,russia_sanctions_bill,unscheduled_macro,unscheduled_macro,2026-09-16,live,finalized,binary,0.0%,Above 0.0%,0,,2026-02-20T15:00:00Z,2026-08-12T12:25:00Z,live,12
KXCPICORE-26DEC-T1.0,KXCPICORE,russia_sanctions_bill,unscheduled_macro,unscheduled_macro,2026-09-16,live,active,binary,1.0,Above 1.0%,1,1,2026-09-18T16:00:00Z,2027-01-13T13:25:00Z,live,6
KXCPICORE-26DEC-T0.9,KXCPICORE,russia_sanctions_bill,unscheduled_macro,unscheduled_macro,2026-09-16,live,active,binary,0.9,Above 0.9%,0.9,0.9,2026-09-18T16:00:00Z,2027-01-13T13:25:00Z,live,6
KXCPICORE-26DEC-T0.8,KXCPICORE,russia_sanctions_bill,unscheduled_macro,unscheduled_macro,2026-09-16,live,active,binary,0.8,Above 0.8%,0.8,0.8,2026-09-18T16:00:00Z,2027-01-13T13:25:00Z,live,6
KXCPICORE-26DEC-T0.7,KXCPICORE,russia_sanctions_bill,unscheduled_macro,unscheduled_macro,2026-09-16,live,active,binary,0.7,Above 0.7%,0.7,0.7,2026-09-18T16:00:00Z,2027-01-13T13:25:00Z,live,6
KXCPICORE-26DEC-T0.6,KXCPICORE,russia_sanctions_bill,unscheduled_macro,unscheduled_macro,2026-09-16,live,active,binary,0.6,Above 0.6%,0.6,0.6,2026-09-18T16:00:00Z,2027-01-13T13:25:00Z,live,6
KXCPICORE-26DEC-T0.4,KXCPICORE,russia_sanctions_bill,unscheduled_macro,unscheduled_macro,2026-09-16,live,active,binary,0.4,Above 0.4%,0.4,0.4,2026-09-18T16:00:00Z,2027-01-13T13:25:00Z,live,6
KXCPICORE-26DEC-T0.3,KXCPICORE,russia_sanctions_bill,unscheduled_macro,unscheduled_macro,2026-09-16,live,active,binary,0.3,Above 0.3%,0.3,0.3,2026-09-18T16:00:00Z,2027-01-13T13:25:00Z,live,6
KXCPICORE-26DEC-T0.2,KXCPICORE,russia_sanctions_bill,unscheduled_macro,unscheduled_macro,2026-09-16,live,active,binary,0.2,Above 0.2%,0.2,0.2,2026-09-18T16:00:00Z,2027-01-13T13:25:00Z,live,5
KXCPICORE-26DEC-T0.1,KXCPICORE,russia_sanctions_bill,unscheduled_macro,unscheduled_macro,2026-09-16,live,active,binary,0.1,Above 0.1%,0.1,0.1,2026-09-18T16:00:00Z,2027-01-13T13:25:00Z,live,6
KXCPICORE-26DEC-T0.0,KXCPICORE,russia_sanctions_bill,unscheduled_macro,unscheduled_macro,2026-09-16,live,active,binary,0.0,Above 0.0%,0,0,2026-09-18T16:00:00Z,2027-01-13T13:25:00Z,live,6
KXCPICORE-26NOV-T1.0,KXCPICORE,russia_sanctions_bill,unscheduled_macro,unscheduled_macro,2026-09-16,live,active,binary,1.0,Above 1.0%,1,1,2026-06-11T00:15:00Z,2026-12-10T13:25:00Z,live,12
KXCPICORE-26NOV-T0.0,KXCPICORE,russia_sanctions_bill,unscheduled_macro,unscheduled_macro,2026-09-16,live,active,binary,0.0,Above 0.0%,0,0,2026-06-11T00:15:00Z,2026-12-10T13:25:00Z,live,37
KXCPICORE-26OCT-T0.6,KXCPICORE,russia_sanctions_bill,unscheduled_macro,unscheduled_macro,2026-09-16,live,active,binary,0.6,Above 0.6%,0.6,0.6,2026-06-10T20:00:00Z,2026-11-10T13:25:00Z,live,32
KXCPICORE-26OCT-T0.4,KXCPICORE,russia_sanctions_bill,unscheduled_macro,unscheduled_macro,2026-09-16,live,active,binary,0.4,Above 0.4%,0.4,0.4,2026-06-10T20:00:00Z,2026-11-10T13:25:00Z,live,36
KXCPICORE-26OCT-T0.2,KXCPICORE,russia_sanctions_bill,unscheduled_macro,unscheduled_macro,2026-09-16,live,active,binary,0.2,Above 0.2%,0.2,0.2,2026-06-10T20:00:00Z,2026-11-10T13:25:00Z,live,43
KXCPICORE-26SEP-T0.9,KXCPICORE,russia_sanctions_bill,unscheduled_macro,unscheduled_macro,2026-09-16,live,active,binary,0.9,Above 0.9%,0.9,0.9,2026-06-10T19:50:00Z,2026-10-14T12:25:00Z,live,1
KXCPICORE-26SEP-T0.8,KXCPICORE,russia_sanctions_bill,unscheduled_macro,unscheduled_macro,2026-09-16,live,active,binary,0.8,Above 0.8%,0.8,0.8,2026-06-10T19:50:00Z,2026-10-14T12:25:00Z,live,1
KXCPICORE-26SEP-T0.5,KXCPICORE,russia_sanctions_bill,unscheduled_macro,unscheduled_macro,2026-09-16,live,active,binary,0.5,Above 0.5%,0.5,0.5,2026-06-10T19:50:00Z,2026-10-14T12:25:00Z,live,26
KXCPICORE-26SEP-T0.4,KXCPICORE,russia_sanctions_bill,unscheduled_macro,unscheduled_macro,2026-09-16,live,active,binary,0.4,Above 0.4%,0.4,0.4,2026-06-10T19:50:00Z,2026-10-14T12:25:00Z,live,36
KXCPICORE-26SEP-T0.2,KXCPICORE,russia_sanctions_bill,unscheduled_macro,unscheduled_macro,2026-09-16,live,active,binary,0.2,Above 0.2%,0.2,0.2,2026-06-10T19:50:00Z,2026-10-14T12:25:00Z,live,45
KXCPICORE-26SEP-T0.1,KXCPICORE,russia_sanctions_bill,unscheduled_macro,unscheduled_macro,2026-09-16,live,active,binary,0.1,Above 0.1%,0.1,0.1,2026-06-10T19:50:00Z,2026-10-14T12:25:00Z,live,42
KXCPICORE-26AUG-T1.0,KXCPICORE,russia_sanctions_bill,unscheduled_macro,unscheduled_macro,2026-09-16,live,finalized,binary,1.0,Above 1.0%,1,1,2026-06-10T18:30:00Z,2026-09-11T12:25:00Z,live,3
KXCPICORE-26AUG-T0.9,KXCPICORE,russia_sanctions_bill,unscheduled_macro,unscheduled_macro,2026-09-16,live,finalized,binary,0.9,Above 0.9%,0.9,0.9,2026-06-10T18:30:00Z,2026-09-11T12:25:00Z,live,6
KXCPICORE-26AUG-T0.7,KXCPICORE,russia_sanctions_bill,unscheduled_macro,unscheduled_macro,2026-09-16,live,finalized,binary,0.7,Above 0.7%,0.7,0.7,2026-06-10T18:30:00Z,2026-09-11T12:25:00Z,live,33
KXCPICORE-26AUG-T0.3,KXCPICORE,russia_sanctions_bill,unscheduled_macro,unscheduled_macro,2026-09-16,live,finalized,binary,0.3,Above 0.3%,0.3,0.3,2026-06-10T18:30:00Z,2026-09-11T12:25:00Z,live,35
KXCPICORE-26AUG-T0.2,KXCPICORE,russia_sanctions_bill,unscheduled_macro,unscheduled_macro,2026-09-16,live,finalized,binary,0.2,Above 0.2%,0.2,0.2,2026-06-10T18:30:00Z,2026-09-11T12:25:00Z,live,41
KXCPICORE-26JUL-T1.0,KXCPICORE,russia_sanctions_bill,unscheduled_macro,unscheduled_macro,2026-09-16,live,finalized,binary,1.0,Above 1.0%,1,1,2026-05-12T16:00:00Z,2026-08-12T12:25:00Z,live,12
KXCPICORE-26JUL-T0.9,KXCPICORE,russia_sanctions_bill,unscheduled_macro,unscheduled_macro,2026-09-16,live,finalized,binary,0.9,Above 0.9%,0.9,0.9,2026-05-12T16:00:00Z,2026-08-12T12:25:00Z,live,12
KXCPICORE-26JUL-T0.8,KXCPICORE,russia_sanctions_bill,unscheduled_macro,unscheduled_macro,2026-09-16,live,finalized,binary,0.8,Above 0.8%,0.8,0.8,2026-05-12T16:00:00Z,2026-08-12T12:25:00Z,live,7
KXCPICORE-26JUL-T0.7,KXCPICORE,russia_sanctions_bill,unscheduled_macro,unscheduled_macro,2026-09-16,live,finalized,binary,0.7,Above 0.7%,0.7,0.7,2026-05-12T16:00:00Z,2026-08-12T12:25:00Z,live,12
KXCPICORE-26JUL-T0.6,KXCPICORE,russia_sanctions_bill,unscheduled_macro,unscheduled_macro,2026-09-16,live,finalized,binary,0.6,Above 0.6%,0.6,0.6,2026-05-12T16:00:00Z,2026-08-12T12:25:00Z,live,12
KXCPICORE-26JUL-T0.3,KXCPICORE,russia_sanctions_bill,unscheduled_macro,unscheduled_macro,2026-09-16,live,finalized,binary,0.3,Above 0.3%,0.3,0.3,2026-05-12T16:00:00Z,2026-08-12T12:25:00Z,live,11
KXCPICORE-26JUL-T0.2,KXCPICORE,russia_sanctions_bill,unscheduled_macro,unscheduled_macro,2026-09-16,live,finalized,binary,0.2,Above 0.2%,0.2,0.2,2026-05-12T16:00:00Z,2026-08-12T12:25:00Z,live,12
KXCPICORE-26JUL-T0.1,KXCPICORE,russia_sanctions_bill,unscheduled_macro,unscheduled_macro,2026-09-16,live,finalized,binary,0.1,Above 0.1%,0.1,0.1,2026-05-12T16:00:00Z,2026-08-12T12:25:00Z,live,12
KXCPICORE-26JUL-T0.0,KXCPICORE,russia_sanctions_bill,unscheduled_macro,unscheduled_macro,2026-09-16,live,finalized,binary,0.0,Above 0.0%,0,0,2026-05-12T16:00:00Z,2026-08-12T12:25:00Z,live,12
KXFED-27APR-T6.00,KXFED,trump_truth_fed,unscheduled_macro,unscheduled_macro,2026-09-16,live,active,binary,6.00%,Above 6.00%,6,,2026-09-18T15:00:00Z,2027-04-28T17:55:00Z,live,5
KXFED-27APR-T5.75,KXFED,trump_truth_fed,unscheduled_macro,unscheduled_macro,2026-09-16,live,active,binary,5.75%,Above 5.75%,5.75,,2026-09-18T15:00:00Z,2027-04-28T17:55:00Z,live,5
KXFED-27APR-T5.50,KXFED,trump_truth_fed,unscheduled_macro,unscheduled_macro,2026-09-16,live,active,binary,5.50%,Above 5.50%,5.5,,2026-09-18T15:00:00Z,2027-04-28T17:55:00Z,live,4
KXFED-27APR-T5.25,KXFED,trump_truth_fed,unscheduled_macro,unscheduled_macro,2026-09-16,live,active,binary,5.25%,Above 5.25%,5.25,,2026-09-18T15:00:00Z,2027-04-28T17:55:00Z,live,5
KXFED-27APR-T5.00,KXFED,trump_truth_fed,unscheduled_macro,unscheduled_macro,2026-09-16,live,active,binary,5.00%,Above 5.00%,5,,2026-09-18T15:00:00Z,2027-04-28T17:55:00Z,live,5
KXFED-27APR-T4.75,KXFED,trump_truth_fed,unscheduled_macro,unscheduled_macro,2026-09-16,live,active,binary,4.75%,Above 4.75%,4.75,,2026-09-18T15:00:00Z,2027-04-28T17:55:00Z,live,5
KXFED-27APR-T4.50,KXFED,trump_truth_fed,unscheduled_macro,unscheduled_macro,2026-09-16,live,active,binary,4.50%,Above 4.50%,4.5,,2026-09-18T15:00:00Z,2027-04-28T17:55:00Z,live,5
KXFED-27MAR-T5.75,KXFED,trump_truth_fed,unscheduled_macro,unscheduled_macro,2026-09-16,live,active,binary,5.75%,Above 5.75%,5.75,,2026-09-18T15:00:00Z,2027-03-17T17:55:00Z,live,5
KXFED-27MAR-T5.50,KXFED,trump_truth_fed,unscheduled_macro,unscheduled_macro,2026-09-16,live,active,binary,5.50%,Above 5.50%,5.5,,2026-09-18T15:00:00Z,2027-03-17T17:55:00Z,live,5
KXFED-27MAR-T5.25,KXFED,trump_truth_fed,unscheduled_macro,unscheduled_macro,2026-09-16,live,active,binary,5.25%,Above 5.25%,5.25,,2026-09-18T15:00:00Z,2027-03-17T17:55:00Z,live,5
KXFED-27MAR-T5.00,KXFED,trump_truth_fed,unscheduled_macro,unscheduled_macro,2026-09-16,live,active,binary,5.00%,Above 5.00%,5,,2026-09-18T15:00:00Z,2027-03-17T17:55:00Z,live,5
KXFED-27MAR-T4.75,KXFED,trump_truth_fed,unscheduled_macro,unscheduled_macro,2026-09-16,live,active,binary,4.75%,Above 4.75%,4.75,,2026-09-18T15:00:00Z,2027-03-17T17:55:00Z,live,5
KXFED-27MAR-T4.50,KXFED,trump_truth_fed,unscheduled_macro,unscheduled_macro,2026-09-16,live,active,binary,4.50%,Above 4.50%,4.5,,2026-09-18T15:00:00Z,2027-03-17T17:55:00Z,live,5
KXFED-27JAN-T5.75,KXFED,trump_truth_fed,unscheduled_macro,unscheduled_macro,2026-09-16,live,active,binary,5.75%,Above 5.75%,5.75,,2026-09-18T15:00:00Z,2027-01-27T18:55:00Z,live,6
KXFED-27JAN-T5.50,KXFED,trump_truth_fed,unscheduled_macro,unscheduled_macro,2026-09-16,live,active,binary,5.50%,Above 5.50%,5.5,,2026-09-18T15:00:00Z,2027-01-27T18:55:00Z,live,6
KXFED-27JAN-T5.25,KXFED,trump_truth_fed,unscheduled_macro,unscheduled_macro,2026-09-16,live,active,binary,5.25%,Above 5.25%,5.25,,2026-09-18T15:00:00Z,2027-01-27T18:55:00Z,live,6
KXFED-27JAN-T5.00,KXFED,trump_truth_fed,unscheduled_macro,unscheduled_macro,2026-09-16,live,active,binary,5.00%,Above 5.00%,5,,2026-09-18T15:00:00Z,2027-01-27T18:55:00Z,live,6
KXFED-27JAN-T4.75,KXFED,trump_truth_fed,unscheduled_macro,unscheduled_macro,2026-09-16,live,active,binary,4.75%,Above 4.75%,4.75,,2026-09-18T15:00:00Z,2027-01-27T18:55:00Z,live,6
KXFED-27JAN-T4.50,KXFED,trump_truth_fed,unscheduled_macro,unscheduled_macro,2026-09-16,live,active,binary,4.50%,Above 4.50%,4.5,,2026-09-18T15:00:00Z,2027-01-27T18:55:00Z,live,6
KXFED-28JAN-T6.00,KXFED,trump_truth_fed,unscheduled_macro,unscheduled_macro,2026-09-16,live,active,binary,6.00%,Above 6.00%,6,,2026-09-18T15:00:00Z,2028-01-26T18:55:00Z,live,4
KXFED-28JAN-T5.75,KXFED,trump_truth_fed,unscheduled_macro,unscheduled_macro,2026-09-16,live,active,binary,5.75%,Above 5.75%,5.75,,2026-09-18T15:00:00Z,2028-01-26T18:55:00Z,live,4
KXFED-28JAN-T5.50,KXFED,trump_truth_fed,unscheduled_macro,unscheduled_macro,2026-09-16,live,active,binary,5.50%,Above 5.50%,5.5,,2026-09-18T15:00:00Z,2028-01-26T18:55:00Z,live,4
KXFED-28JAN-T5.25,KXFED,trump_truth_fed,unscheduled_macro,unscheduled_macro,2026-09-16,live,active,binary,5.25%,Above 5.25%,5.25,,2026-09-18T15:00:00Z,2028-01-26T18:55:00Z,live,4
KXFED-28JAN-T5.00,KXFED,trump_truth_fed,unscheduled_macro,unscheduled_macro,2026-09-16,live,active,binary,5.00%,Above 5.00%,5,,2026-09-18T15:00:00Z,2028-01-26T18:55:00Z,live,4
KXFED-28JAN-T4.75,KXFED,trump_truth_fed,unscheduled_macro,unscheduled_macro,2026-09-16,live,active,binary,4.75%,Above 4.75%,4.75,,2026-09-18T15:00:00Z,2028-01-26T18:55:00Z,live,4
KXFED-28JAN-T4.50,KXFED,trump_truth_fed,unscheduled_macro,unscheduled_macro,2026-09-16,live,active,binary,4.50%,Above 4.50%,4.5,,2026-09-18T15:00:00Z,2028-01-26T18:55:00Z,live,4
KXFED-28JAN-T4.25,KXFED,trump_truth_fed,unscheduled_macro,unscheduled_macro,2026-09-16,live,active,binary,4.25%,Above 4.25%,4.25,,2026-09-18T15:00:00Z,2028-01-26T18:55:00Z,live,4
KXFED-28JAN-T4.00,KXFED,trump_truth_fed,unscheduled_macro,unscheduled_macro,2026-09-16,live,active,binary,4.00%,Above 4.00%,4,,2026-09-18T15:00:00Z,2028-01-26T18:55:00Z,live,4
KXFED-28JAN-T3.75,KXFED,trump_truth_fed,unscheduled_macro,unscheduled_macro,2026-09-16,live,active,binary,3.75%,Above 3.75%,3.75,,2026-09-18T15:00:00Z,2028-01-26T18:55:00Z,live,4
KXFED-28JAN-T3.50,KXFED,trump_truth_fed,unscheduled_macro,unscheduled_macro,2026-09-16,live,active,binary,3.50%,Above 3.50%,3.5,,2026-09-18T15:00:00Z,2028-01-26T18:55:00Z,live,4
KXFED-28JAN-T3.25,KXFED,trump_truth_fed,unscheduled_macro,unscheduled_macro,2026-09-16,live,active,binary,3.25%,Above 3.25%,3.25,,2026-09-18T15:00:00Z,2028-01-26T18:55:00Z,live,5
KXFED-28JAN-T3.00,KXFED,trump_truth_fed,unscheduled_macro,unscheduled_macro,2026-09-16,live,active,binary,3.00%,Above 3.00%,3,,2026-09-18T15:00:00Z,2028-01-26T18:55:00Z,live,5
KXFED-28JAN-T2.75,KXFED,trump_truth_fed,unscheduled_macro,unscheduled_macro,2026-09-16,live,active,binary,2.75%,Above 2.75%,2.75,,2026-09-18T15:00:00Z,2028-01-26T18:55:00Z,live,5
KXFED-28JAN-T2.50,KXFED,trump_truth_fed,unscheduled_macro,unscheduled_macro,2026-09-16,live,active,binary,2.50%,Above 2.50%,2.5,,2026-09-18T15:00:00Z,2028-01-26T18:55:00Z,live,5
KXFED-28JAN-T2.25,KXFED,trump_truth_fed,unscheduled_macro,unscheduled_macro,2026-09-16,live,active,binary,2.25%,Above 2.25%,2.25,,2026-09-18T15:00:00Z,2028-01-26T18:55:00Z,live,5
KXFED-28JAN-T2.00,KXFED,trump_truth_fed,unscheduled_macro,unscheduled_macro,2026-09-16,live,active,binary,2.00%,Above 2.00%,2,,2026-09-18T15:00:00Z,2028-01-26T18:55:00Z,live,5
KXFED-28JAN-T1.25,KXFED,trump_truth_fed,unscheduled_macro,unscheduled_macro,2026-09-16,live,active,binary,1.25%,Above 1.25%,1.25,,2026-09-18T15:00:00Z,2028-01-26T18:55:00Z,live,5
KXFED-28JAN-T1.00,KXFED,trump_truth_fed,unscheduled_macro,unscheduled_macro,2026-09-16,live,active,binary,1.00%,Above 1.00%,1,,2026-09-18T15:00:00Z,2028-01-26T18:55:00Z,live,5
KXFED-28JAN-T0.75,KXFED,trump_truth_fed,unscheduled_macro,unscheduled_macro,2026-09-16,live,active,binary,0.75%,Above 0.75%,0.75,,2026-09-18T15:00:00Z,2028-01-26T18:55:00Z,live,5
KXFED-28JAN-T0.50,KXFED,trump_truth_fed,unscheduled_macro,unscheduled_macro,2026-09-16,live,active,binary,0.50%,Above 0.50%,0.5,,2026-09-18T15:00:00Z,2028-01-26T18:55:00Z,live,5
KXFED-28JAN-T0.00,KXFED,trump_truth_fed,unscheduled_macro,unscheduled_macro,2026-09-16,live,active,binary,0.00%,Above 0.00%,0,,2026-09-18T15:00:00Z,2028-01-26T18:55:00Z,live,5
KXFED-27DEC-T6.00,KXFED,trump_truth_fed,unscheduled_macro,unscheduled_macro,2026-09-16,live,active,binary,6.00%,Above 6.00%,6,,2026-09-18T15:00:00Z,2027-12-08T18:55:00Z,live,5
KXFED-27DEC-T5.75,KXFED,trump_truth_fed,unscheduled_macro,unscheduled_macro,2026-09-16,live,active,binary,5.75%,Above 5.75%,5.75,,2026-09-18T15:00:00Z,2027-12-08T18:55:00Z,live,5
KXFED-27DEC-T5.25,KXFED,trump_truth_fed,unscheduled_macro,unscheduled_macro,2026-09-16,live,active,binary,5.25%,Above 5.25%,5.25,,2026-09-18T15:00:00Z,2027-12-08T18:55:00Z,live,5
KXFED-27DEC-T5.00,KXFED,trump_truth_fed,unscheduled_macro,unscheduled_macro,2026-09-16,live,active,binary,5.00%,Above 5.00%,5,,2026-09-18T15:00:00Z,2027-12-08T18:55:00Z,live,5
KXFED-27DEC-T4.75,KXFED,trump_truth_fed,unscheduled_macro,unscheduled_macro,2026-09-16,live,active,binary,4.75%,Above 4.75%,4.75,,2026-09-18T15:00:00Z,2027-12-08T18:55:00Z,live,5
KXFED-27DEC-T4.50,KXFED,trump_truth_fed,unscheduled_macro,unscheduled_macro,2026-09-16,live,active,binary,4.50%,Above 4.50%,4.5,,2026-09-18T15:00:00Z,2027-12-08T18:55:00Z,live,6
KXFED-27DEC-T4.00,KXFED,trump_truth_fed,unscheduled_macro,unscheduled_macro,2026-09-16,live,active,binary,4.00%,Above 4.00%,4,,2026-09-18T15:00:00Z,2027-12-08T18:55:00Z,live,5
KXFED-27DEC-T3.75,KXFED,trump_truth_fed,unscheduled_macro,unscheduled_macro,2026-09-16,live,active,binary,3.75%,Above 3.75%,3.75,,2026-09-18T15:00:00Z,2027-12-08T18:55:00Z,live,5
KXFED-27DEC-T3.25,KXFED,trump_truth_fed,unscheduled_macro,unscheduled_macro,2026-09-16,live,active,binary,3.25%,Above 3.25%,3.25,,2026-09-18T15:00:00Z,2027-12-08T18:55:00Z,live,5
KXFED-27DEC-T3.00,KXFED,trump_truth_fed,unscheduled_macro,unscheduled_macro,2026-09-16,live,active,binary,3.00%,Above 3.00%,3,,2026-09-18T15:00:00Z,2027-12-08T18:55:00Z,live,5
KXFED-27DEC-T2.75,KXFED,trump_truth_fed,unscheduled_macro,unscheduled_macro,2026-09-16,live,active,binary,2.75%,Above 2.75%,2.75,,2026-09-18T15:00:00Z,2027-12-08T18:55:00Z,live,5
KXFED-27DEC-T2.50,KXFED,trump_truth_fed,unscheduled_macro,unscheduled_macro,2026-09-16,live,active,binary,2.50%,Above 2.50%,2.5,,2026-09-18T15:00:00Z,2027-12-08T18:55:00Z,live,5
KXFED-27DEC-T2.25,KXFED,trump_truth_fed,unscheduled_macro,unscheduled_macro,2026-09-16,live,active,binary,2.25%,Above 2.25%,2.25,,2026-09-18T15:00:00Z,2027-12-08T18:55:00Z,live,5
KXFED-27DEC-T1.50,KXFED,trump_truth_fed,unscheduled_macro,unscheduled_macro,2026-09-16,live,active,binary,1.50%,Above 1.50%,1.5,,2026-09-18T15:00:00Z,2027-12-08T18:55:00Z,live,5
KXFED-27DEC-T1.25,KXFED,trump_truth_fed,unscheduled_macro,unscheduled_macro,2026-09-16,live,active,binary,1.25%,Above 1.25%,1.25,,2026-09-18T15:00:00Z,2027-12-08T18:55:00Z,live,5
KXFED-27DEC-T1.00,KXFED,trump_truth_fed,unscheduled_macro,unscheduled_macro,2026-09-16,live,active,binary,1.00%,Above 1.00%,1,,2026-09-18T15:00:00Z,2027-12-08T18:55:00Z,live,5
KXFED-27DEC-T0.75,KXFED,trump_truth_fed,unscheduled_macro,unscheduled_macro,2026-09-16,live,active,binary,0.75%,Above 0.75%,0.75,,2026-09-18T15:00:00Z,2027-12-08T18:55:00Z,live,5
KXFED-27DEC-T0.50,KXFED,trump_truth_fed,unscheduled_macro,unscheduled_macro,2026-09-16,live,active,binary,0.50%,Above 0.50%,0.5,,2026-09-18T15:00:00Z,2027-12-08T18:55:00Z,live,5
KXFED-27DEC-T0.25,KXFED,trump_truth_fed,unscheduled_macro,unscheduled_macro,2026-09-16,live,active,binary,0.25%,Above 0.25%,0.25,,2026-09-18T15:00:00Z,2027-12-08T18:55:00Z,live,5
KXFED-27DEC-T0.00,KXFED,trump_truth_fed,unscheduled_macro,unscheduled_macro,2026-09-16,live,active,binary,0.00%,Above 0.00%,0,,2026-09-18T15:00:00Z,2027-12-08T18:55:00Z,live,5
KXFED-27OCT-T5.75,KXFED,trump_truth_fed,unscheduled_macro,unscheduled_macro,2026-09-16,live,active,binary,5.75%,Above 5.75%,5.75,,2026-09-18T15:00:00Z,2027-10-27T17:55:00Z,live,4
KXFED-27OCT-T5.50,KXFED,trump_truth_fed,unscheduled_macro,unscheduled_macro,2026-09-16,live,active,binary,5.50%,Above 5.50%,5.5,,2026-09-18T15:00:00Z,2027-10-27T17:55:00Z,live,4
KXFED-27OCT-T5.25,KXFED,trump_truth_fed,unscheduled_macro,unscheduled_macro,2026-09-16,live,active,binary,5.25%,Above 5.25%,5.25,,2026-09-18T15:00:00Z,2027-10-27T17:55:00Z,live,4
KXFED-27OCT-T5.00,KXFED,trump_truth_fed,unscheduled_macro,unscheduled_macro,2026-09-16,live,active,binary,5.00%,Above 5.00%,5,,2026-09-18T15:00:00Z,2027-10-27T17:55:00Z,live,4
KXFED-27OCT-T4.75,KXFED,trump_truth_fed,unscheduled_macro,unscheduled_macro,2026-09-16,live,active,binary,4.75%,Above 4.75%,4.75,,2026-09-18T15:00:00Z,2027-10-27T17:55:00Z,live,4
KXFED-27OCT-T4.50,KXFED,trump_truth_fed,unscheduled_macro,unscheduled_macro,2026-09-16,live,active,binary,4.50%,Above 4.50%,4.5,,2026-09-18T15:00:00Z,2027-10-27T17:55:00Z,live,4
KXFED-27OCT-T4.25,KXFED,trump_truth_fed,unscheduled_macro,unscheduled_macro,2026-09-16,live,active,binary,4.25%,Above 4.25%,4.25,,2026-09-18T15:00:00Z,2027-10-27T17:55:00Z,live,4
KXFED-27OCT-T4.00,KXFED,trump_truth_fed,unscheduled_macro,unscheduled_macro,2026-09-16,live,active,binary,4.00%,Above 4.00%,4,,2026-09-18T15:00:00Z,2027-10-27T17:55:00Z,live,4
KXFED-27OCT-T3.50,KXFED,trump_truth_fed,unscheduled_macro,unscheduled_macro,2026-09-16,live,active,binary,3.50%,Above 3.50%,3.5,,2026-09-18T15:00:00Z,2027-10-27T17:55:00Z,live,4
KXFED-27OCT-T3.25,KXFED,trump_truth_fed,unscheduled_macro,unscheduled_macro,2026-09-16,live,active,binary,3.25%,Above 3.25%,3.25,,2026-09-18T15:00:00Z,2027-10-27T17:55:00Z,live,5
KXFED-27OCT-T3.00,KXFED,trump_truth_fed,unscheduled_macro,unscheduled_macro,2026-09-16,live,active,binary,3.00%,Above 3.00%,3,,2026-09-18T15:00:00Z,2027-10-27T17:55:00Z,live,5
KXFED-27OCT-T2.75,KXFED,trump_truth_fed,unscheduled_macro,unscheduled_macro,2026-09-16,live,active,binary,2.75%,Above 2.75%,2.75,,2026-09-18T15:00:00Z,2027-10-27T17:55:00Z,live,5
KXFED-27OCT-T2.50,KXFED,trump_truth_fed,unscheduled_macro,unscheduled_macro,2026-09-16,live,active,binary,2.50%,Above 2.50%,2.5,,2026-09-18T15:00:00Z,2027-10-27T17:55:00Z,live,5
KXFED-27OCT-T2.25,KXFED,trump_truth_fed,unscheduled_macro,unscheduled_macro,2026-09-16,live,active,binary,2.25%,Above 2.25%,2.25,,2026-09-18T15:00:00Z,2027-10-27T17:55:00Z,live,5
KXFED-27OCT-T2.00,KXFED,trump_truth_fed,unscheduled_macro,unscheduled_macro,2026-09-16,live,active,binary,2.00%,Above 2.00%,2,,2026-09-18T15:00:00Z,2027-10-27T17:55:00Z,live,5
KXFED-27OCT-T1.75,KXFED,trump_truth_fed,unscheduled_macro,unscheduled_macro,2026-09-16,live,active,binary,1.75%,Above 1.75%,1.75,,2026-09-18T15:00:00Z,2027-10-27T17:55:00Z,live,5
KXFED-27OCT-T1.50,KXFED,trump_truth_fed,unscheduled_macro,unscheduled_macro,2026-09-16,live,active,binary,1.50%,Above 1.50%,1.5,,2026-09-18T15:00:00Z,2027-10-27T17:55:00Z,live,5
KXFED-27OCT-T1.25,KXFED,trump_truth_fed,unscheduled_macro,unscheduled_macro,2026-09-16,live,active,binary,1.25%,Above 1.25%,1.25,,2026-09-18T15:00:00Z,2027-10-27T17:55:00Z,live,5
KXFED-27OCT-T1.00,KXFED,trump_truth_fed,unscheduled_macro,unscheduled_macro,2026-09-16,live,active,binary,1.00%,Above 1.00%,1,,2026-09-18T15:00:00Z,2027-10-27T17:55:00Z,live,5
KXFED-27OCT-T0.75,KXFED,trump_truth_fed,unscheduled_macro,unscheduled_macro,2026-09-16,live,active,binary,0.75%,Above 0.75%,0.75,,2026-09-18T15:00:00Z,2027-10-27T17:55:00Z,live,5
KXFED-27OCT-T0.50,KXFED,trump_truth_fed,unscheduled_macro,unscheduled_macro,2026-09-16,live,active,binary,0.50%,Above 0.50%,0.5,,2026-09-18T15:00:00Z,2027-10-27T17:55:00Z,live,5
KXFED-27OCT-T0.25,KXFED,trump_truth_fed,unscheduled_macro,unscheduled_macro,2026-09-16,live,active,binary,0.25%,Above 0.25%,0.25,,2026-09-18T15:00:00Z,2027-10-27T17:55:00Z,live,5
KXFED-27OCT-T0.00,KXFED,trump_truth_fed,unscheduled_macro,unscheduled_macro,2026-09-16,live,active,binary,0.00%,Above 0.00%,0,,2026-09-18T15:00:00Z,2027-10-27T17:55:00Z,live,6
KXFED-27SEP-T6.00,KXFED,trump_truth_fed,unscheduled_macro,unscheduled_macro,2026-09-16,live,active,binary,6.00%,Above 6.00%,6,,2026-09-18T15:00:00Z,2027-09-15T17:55:00Z,live,4
KXFED-27SEP-T5.75,KXFED,trump_truth_fed,unscheduled_macro,unscheduled_macro,2026-09-16,live,active,binary,5.75%,Above 5.75%,5.75,,2026-09-18T15:00:00Z,2027-09-15T17:55:00Z,live,4
KXFED-27SEP-T5.50,KXFED,trump_truth_fed,unscheduled_macro,unscheduled_macro,2026-09-16,live,active,binary,5.50%,Above 5.50%,5.5,,2026-09-18T15:00:00Z,2027-09-15T17:55:00Z,live,4
KXFED-27SEP-T5.25,KXFED,trump_truth_fed,unscheduled_macro,unscheduled_macro,2026-09-16,live,active,binary,5.25%,Above 5.25%,5.25,,2026-09-18T15:00:00Z,2027-09-15T17:55:00Z,live,4
KXFED-27SEP-T5.00,KXFED,trump_truth_fed,unscheduled_macro,unscheduled_macro,2026-09-16,live,active,binary,5.00%,Above 5.00%,5,,2026-09-18T15:00:00Z,2027-09-15T17:55:00Z,live,4
KXFED-27SEP-T4.25,KXFED,trump_truth_fed,unscheduled_macro,unscheduled_macro,2026-09-16,live,active,binary,4.25%,Above 4.25%,4.25,,2026-09-18T15:00:00Z,2027-09-15T17:55:00Z,live,4
KXFED-27SEP-T4.00,KXFED,trump_truth_fed,unscheduled_macro,unscheduled_macro,2026-09-16,live,active,binary,4.00%,Above 4.00%,4,,2026-09-18T15:00:00Z,2027-09-15T17:55:00Z,live,4
KXFED-27SEP-T3.75,KXFED,trump_truth_fed,unscheduled_macro,unscheduled_macro,2026-09-16,live,active,binary,3.75%,Above 3.75%,3.75,,2026-09-18T15:00:00Z,2027-09-15T17:55:00Z,live,4
KXFED-27SEP-T3.50,KXFED,trump_truth_fed,unscheduled_macro,unscheduled_macro,2026-09-16,live,active,binary,3.50%,Above 3.50%,3.5,,2026-09-18T15:00:00Z,2027-09-15T17:55:00Z,live,4
KXFED-27SEP-T3.25,KXFED,trump_truth_fed,unscheduled_macro,unscheduled_macro,2026-09-16,live,active,binary,3.25%,Above 3.25%,3.25,,2026-09-18T15:00:00Z,2027-09-15T17:55:00Z,live,5
KXFED-27SEP-T3.00,KXFED,trump_truth_fed,unscheduled_macro,unscheduled_macro,2026-09-16,live,active,binary,3.00%,Above 3.00%,3,,2026-09-18T15:00:00Z,2027-09-15T17:55:00Z,live,5
KXFED-27SEP-T2.75,KXFED,trump_truth_fed,unscheduled_macro,unscheduled_macro,2026-09-16,live,active,binary,2.75%,Above 2.75%,2.75,,2026-09-18T15:00:00Z,2027-09-15T17:55:00Z,live,5
KXFED-27SEP-T2.50,KXFED,trump_truth_fed,unscheduled_macro,unscheduled_macro,2026-09-16,live,active,binary,2.50%,Above 2.50%,2.5,,2026-09-18T15:00:00Z,2027-09-15T17:55:00Z,live,5
KXFED-27SEP-T2.25,KXFED,trump_truth_fed,unscheduled_macro,unscheduled_macro,2026-09-16,live,active,binary,2.25%,Above 2.25%,2.25,,2026-09-18T15:00:00Z,2027-09-15T17:55:00Z,live,5
KXFED-27SEP-T2.00,KXFED,trump_truth_fed,unscheduled_macro,unscheduled_macro,2026-09-16,live,active,binary,2.00%,Above 2.00%,2,,2026-09-18T15:00:00Z,2027-09-15T17:55:00Z,live,5
KXFED-27SEP-T1.75,KXFED,trump_truth_fed,unscheduled_macro,unscheduled_macro,2026-09-16,live,active,binary,1.75%,Above 1.75%,1.75,,2026-09-18T15:00:00Z,2027-09-15T17:55:00Z,live,5
KXFED-27SEP-T1.50,KXFED,trump_truth_fed,unscheduled_macro,unscheduled_macro,2026-09-16,live,active,binary,1.50%,Above 1.50%,1.5,,2026-09-18T15:00:00Z,2027-09-15T17:55:00Z,live,5
KXFED-27SEP-T1.25,KXFED,trump_truth_fed,unscheduled_macro,unscheduled_macro,2026-09-16,live,active,binary,1.25%,Above 1.25%,1.25,,2026-09-18T15:00:00Z,2027-09-15T17:55:00Z,live,5
KXFED-27SEP-T1.00,KXFED,trump_truth_fed,unscheduled_macro,unscheduled_macro,2026-09-16,live,active,binary,1.00%,Above 1.00%,1,,2026-09-18T15:00:00Z,2027-09-15T17:55:00Z,live,5
KXFED-27SEP-T0.75,KXFED,trump_truth_fed,unscheduled_macro,unscheduled_macro,2026-09-16,live,active,binary,0.75%,Above 0.75%,0.75,,2026-09-18T15:00:00Z,2027-09-15T17:55:00Z,live,5
KXFED-27SEP-T0.50,KXFED,trump_truth_fed,unscheduled_macro,unscheduled_macro,2026-09-16,live,active,binary,0.50%,Above 0.50%,0.5,,2026-09-18T15:00:00Z,2027-09-15T17:55:00Z,live,5
KXFED-27SEP-T0.25,KXFED,trump_truth_fed,unscheduled_macro,unscheduled_macro,2026-09-16,live,active,binary,0.25%,Above 0.25%,0.25,,2026-09-18T15:00:00Z,2027-09-15T17:55:00Z,live,5
KXFED-27SEP-T0.00,KXFED,trump_truth_fed,unscheduled_macro,unscheduled_macro,2026-09-16,live,active,binary,0.00%,Above 0.00%,0,,2026-09-18T15:00:00Z,2027-09-15T17:55:00Z,live,5
KXFED-27JUL-T6.00,KXFED,trump_truth_fed,unscheduled_macro,unscheduled_macro,2026-09-16,live,active,binary,6.00%,Above 6.00%,6,,2026-09-18T15:00:00Z,2027-07-28T17:55:00Z,live,4
KXFED-27JUL-T5.75,KXFED,trump_truth_fed,unscheduled_macro,unscheduled_macro,2026-09-16,live,active,binary,5.75%,Above 5.75%,5.75,,2026-09-18T15:00:00Z,2027-07-28T17:55:00Z,live,4
KXFED-27JUL-T5.50,KXFED,trump_truth_fed,unscheduled_macro,unscheduled_macro,2026-09-16,live,active,binary,5.50%,Above 5.50%,5.5,,2026-09-18T15:00:00Z,2027-07-28T17:55:00Z,live,4
KXFED-27JUL-T5.25,KXFED,trump_truth_fed,unscheduled_macro,unscheduled_macro,2026-09-16,live,active,binary,5.25%,Above 5.25%,5.25,,2026-09-18T15:00:00Z,2027-07-28T17:55:00Z,live,4
KXFED-27JUL-T5.00,KXFED,trump_truth_fed,unscheduled_macro,unscheduled_macro,2026-09-16,live,active,binary,5.00%,Above 5.00%,5,,2026-09-18T15:00:00Z,2027-07-28T17:55:00Z,live,4
KXFED-27JUL-T4.75,KXFED,trump_truth_fed,unscheduled_macro,unscheduled_macro,2026-09-16,live,active,binary,4.75%,Above 4.75%,4.75,,2026-09-18T15:00:00Z,2027-07-28T17:55:00Z,live,4
KXFED-27JUL-T4.50,KXFED,trump_truth_fed,unscheduled_macro,unscheduled_macro,2026-09-16,live,active,binary,4.50%,Above 4.50%,4.5,,2026-09-18T15:00:00Z,2027-07-28T17:55:00Z,live,4
KXFED-27JUL-T4.25,KXFED,trump_truth_fed,unscheduled_macro,unscheduled_macro,2026-09-16,live,active,binary,4.25%,Above 4.25%,4.25,,2026-09-18T15:00:00Z,2027-07-28T17:55:00Z,live,4
KXFED-27JUL-T4.00,KXFED,trump_truth_fed,unscheduled_macro,unscheduled_macro,2026-09-16,live,active,binary,4.00%,Above 4.00%,4,,2026-09-18T15:00:00Z,2027-07-28T17:55:00Z,live,4
KXFED-27JUL-T3.75,KXFED,trump_truth_fed,unscheduled_macro,unscheduled_macro,2026-09-16,live,active,binary,3.75%,Above 3.75%,3.75,,2026-09-18T15:00:00Z,2027-07-28T17:55:00Z,live,4
KXFED-27JUL-T3.50,KXFED,trump_truth_fed,unscheduled_macro,unscheduled_macro,2026-09-16,live,active,binary,3.50%,Above 3.50%,3.5,,2026-09-18T15:00:00Z,2027-07-28T17:55:00Z,live,4
KXFED-27JUL-T3.25,KXFED,trump_truth_fed,unscheduled_macro,unscheduled_macro,2026-09-16,live,active,binary,3.25%,Above 3.25%,3.25,,2026-09-18T15:00:00Z,2027-07-28T17:55:00Z,live,4
KXFED-27JUL-T3.00,KXFED,trump_truth_fed,unscheduled_macro,unscheduled_macro,2026-09-16,live,active,binary,3.00%,Above 3.00%,3,,2026-09-18T15:00:00Z,2027-07-28T17:55:00Z,live,4
KXFED-27JUL-T2.75,KXFED,trump_truth_fed,unscheduled_macro,unscheduled_macro,2026-09-16,live,active,binary,2.75%,Above 2.75%,2.75,,2026-09-18T15:00:00Z,2027-07-28T17:55:00Z,live,4
KXFED-27JUL-T2.50,KXFED,trump_truth_fed,unscheduled_macro,unscheduled_macro,2026-09-16,live,active,binary,2.50%,Above 2.50%,2.5,,2026-09-18T15:00:00Z,2027-07-28T17:55:00Z,live,4
KXFED-27JUL-T2.25,KXFED,trump_truth_fed,unscheduled_macro,unscheduled_macro,2026-09-16,live,active,binary,2.25%,Above 2.25%,2.25,,2026-09-18T15:00:00Z,2027-07-28T17:55:00Z,live,4
KXFED-27JUL-T2.00,KXFED,trump_truth_fed,unscheduled_macro,unscheduled_macro,2026-09-16,live,active,binary,2.00%,Above 2.00%,2,,2026-09-18T15:00:00Z,2027-07-28T17:55:00Z,live,4
KXFED-27JUL-T1.75,KXFED,trump_truth_fed,unscheduled_macro,unscheduled_macro,2026-09-16,live,active,binary,1.75%,Above 1.75%,1.75,,2026-09-18T15:00:00Z,2027-07-28T17:55:00Z,live,4
KXFED-27JUL-T1.50,KXFED,trump_truth_fed,unscheduled_macro,unscheduled_macro,2026-09-16,live,active,binary,1.50%,Above 1.50%,1.5,,2026-09-18T15:00:00Z,2027-07-28T17:55:00Z,live,4
KXFED-27JUL-T1.25,KXFED,trump_truth_fed,unscheduled_macro,unscheduled_macro,2026-09-16,live,active,binary,1.25%,Above 1.25%,1.25,,2026-09-18T15:00:00Z,2027-07-28T17:55:00Z,live,4
KXFED-27JUL-T1.00,KXFED,trump_truth_fed,unscheduled_macro,unscheduled_macro,2026-09-16,live,active,binary,1.00%,Above 1.00%,1,,2026-09-18T15:00:00Z,2027-07-28T17:55:00Z,live,4
KXFED-27JUL-T0.50,KXFED,trump_truth_fed,unscheduled_macro,unscheduled_macro,2026-09-16,live,active,binary,0.50%,Above 0.50%,0.5,,2026-09-18T15:00:00Z,2027-07-28T17:55:00Z,live,4
KXFED-27JUL-T0.25,KXFED,trump_truth_fed,unscheduled_macro,unscheduled_macro,2026-09-16,live,active,binary,0.25%,Above 0.25%,0.25,,2026-09-18T15:00:00Z,2027-07-28T17:55:00Z,live,4
KXFED-27JUL-T0.00,KXFED,trump_truth_fed,unscheduled_macro,unscheduled_macro,2026-09-16,live,active,binary,0.00%,Above 0.00%,0,,2026-09-18T15:00:00Z,2027-07-28T17:55:00Z,live,4
KXFED-27JUN-T6.00,KXFED,trump_truth_fed,unscheduled_macro,unscheduled_macro,2026-09-16,live,active,binary,6.00%,Above 6.00%,6,,2026-09-18T15:00:00Z,2027-06-09T17:55:00Z,live,6
KXFED-27JUN-T5.75,KXFED,trump_truth_fed,unscheduled_macro,unscheduled_macro,2026-09-16,live,active,binary,5.75%,Above 5.75%,5.75,,2026-09-18T15:00:00Z,2027-06-09T17:55:00Z,live,5
KXFED-27JUN-T5.50,KXFED,trump_truth_fed,unscheduled_macro,unscheduled_macro,2026-09-16,live,active,binary,5.50%,Above 5.50%,5.5,,2026-09-18T15:00:00Z,2027-06-09T17:55:00Z,live,5
KXFED-27JUN-T5.25,KXFED,trump_truth_fed,unscheduled_macro,unscheduled_macro,2026-09-16,live,active,binary,5.25%,Above 5.25%,5.25,,2026-09-18T15:00:00Z,2027-06-09T17:55:00Z,live,5
KXFED-27JUN-T5.00,KXFED,trump_truth_fed,unscheduled_macro,unscheduled_macro,2026-09-16,live,active,binary,5.00%,Above 5.00%,5,,2026-09-18T15:00:00Z,2027-06-09T17:55:00Z,live,6
KXFED-27JUN-T4.75,KXFED,trump_truth_fed,unscheduled_macro,unscheduled_macro,2026-09-16,live,active,binary,4.75%,Above 4.75%,4.75,,2026-09-18T15:00:00Z,2027-06-09T17:55:00Z,live,6
KXFED-27JUN-T4.50,KXFED,trump_truth_fed,unscheduled_macro,unscheduled_macro,2026-09-16,live,active,binary,4.50%,Above 4.50%,4.5,,2026-09-18T15:00:00Z,2027-06-09T17:55:00Z,live,6
KXFED-27JUN-T4.25,KXFED,trump_truth_fed,unscheduled_macro,unscheduled_macro,2026-09-16,live,active,binary,4.25%,Above 4.25%,4.25,,2026-09-18T15:00:00Z,2027-06-09T17:55:00Z,live,6
KXFED-27JUN-T4.00,KXFED,trump_truth_fed,unscheduled_macro,unscheduled_macro,2026-09-16,live,active,binary,4.00%,Above 4.00%,4,,2026-09-18T15:00:00Z,2027-06-09T17:55:00Z,live,6
KXFED-27JUN-T3.75,KXFED,trump_truth_fed,unscheduled_macro,unscheduled_macro,2026-09-16,live,active,binary,3.75%,Above 3.75%,3.75,,2026-09-18T15:00:00Z,2027-06-09T17:55:00Z,live,6
KXFED-27JUN-T3.50,KXFED,trump_truth_fed,unscheduled_macro,unscheduled_macro,2026-09-16,live,active,binary,3.50%,Above 3.50%,3.5,,2026-09-18T15:00:00Z,2027-06-09T17:55:00Z,live,5
KXFED-27JUN-T3.00,KXFED,trump_truth_fed,unscheduled_macro,unscheduled_macro,2026-09-16,live,active,binary,3.00%,Above 3.00%,3,,2026-09-18T15:00:00Z,2027-06-09T17:55:00Z,live,5
KXFED-27JUN-T2.75,KXFED,trump_truth_fed,unscheduled_macro,unscheduled_macro,2026-09-16,live,active,binary,2.75%,Above 2.75%,2.75,,2026-09-18T15:00:00Z,2027-06-09T17:55:00Z,live,5
KXFED-27JUN-T2.50,KXFED,trump_truth_fed,unscheduled_macro,unscheduled_macro,2026-09-16,live,active,binary,2.50%,Above 2.50%,2.5,,2026-09-18T15:00:00Z,2027-06-09T17:55:00Z,live,5
KXFED-27JUN-T2.25,KXFED,trump_truth_fed,unscheduled_macro,unscheduled_macro,2026-09-16,live,active,binary,2.25%,Above 2.25%,2.25,,2026-09-18T15:00:00Z,2027-06-09T17:55:00Z,live,5
KXFED-27JUN-T2.00,KXFED,trump_truth_fed,unscheduled_macro,unscheduled_macro,2026-09-16,live,active,binary,2.00%,Above 2.00%,2,,2026-09-18T15:00:00Z,2027-06-09T17:55:00Z,live,5
KXFED-27JUN-T1.75,KXFED,trump_truth_fed,unscheduled_macro,unscheduled_macro,2026-09-16,live,active,binary,1.75%,Above 1.75%,1.75,,2026-09-18T15:00:00Z,2027-06-09T17:55:00Z,live,5
KXFED-27JUN-T1.50,KXFED,trump_truth_fed,unscheduled_macro,unscheduled_macro,2026-09-16,live,active,binary,1.50%,Above 1.50%,1.5,,2026-09-18T15:00:00Z,2027-06-09T17:55:00Z,live,5
KXFED-27JUN-T1.25,KXFED,trump_truth_fed,unscheduled_macro,unscheduled_macro,2026-09-16,live,active,binary,1.25%,Above 1.25%,1.25,,2026-09-18T15:00:00Z,2027-06-09T17:55:00Z,live,5
KXFED-27JUN-T1.00,KXFED,trump_truth_fed,unscheduled_macro,unscheduled_macro,2026-09-16,live,active,binary,1.00%,Above 1.00%,1,,2026-09-18T15:00:00Z,2027-06-09T17:55:00Z,live,5
KXFED-27JUN-T0.75,KXFED,trump_truth_fed,unscheduled_macro,unscheduled_macro,2026-09-16,live,active,binary,0.75%,Above 0.75%,0.75,,2026-09-18T15:00:00Z,2027-06-09T17:55:00Z,live,5
KXFED-27JUN-T0.50,KXFED,trump_truth_fed,unscheduled_macro,unscheduled_macro,2026-09-16,live,active,binary,0.50%,Above 0.50%,0.5,,2026-09-18T15:00:00Z,2027-06-09T17:55:00Z,live,5
KXFED-27JUN-T0.25,KXFED,trump_truth_fed,unscheduled_macro,unscheduled_macro,2026-09-16,live,active,binary,0.25%,Above 0.25%,0.25,,2026-09-18T15:00:00Z,2027-06-09T17:55:00Z,live,6
KXFED-27JUN-T0.00,KXFED,trump_truth_fed,unscheduled_macro,unscheduled_macro,2026-09-16,live,active,binary,0.00%,Above 0.00%,0,,2026-09-18T15:00:00Z,2027-06-09T17:55:00Z,live,6
KXFED-27APR-T2.25,KXFED,trump_truth_fed,unscheduled_macro,unscheduled_macro,2026-09-16,live,active,binary,2.25%,Above 2.25%,2.25,,2025-10-13T14:00:00Z,2027-04-28T17:55:00Z,live,53
KXFED-27APR-T3.75,KXFED,nvda_earnings,unscheduled_macro,unscheduled_macro,2026-08-26,live,active,binary,3.75%,Above 3.75%,3.75,,2025-10-13T14:00:00Z,2027-04-28T17:55:00Z,live,55
KXFED-27MAR-T3.75,KXFED,nvda_earnings,unscheduled_macro,unscheduled_macro,2026-08-26,live,active,binary,3.75%,Above 3.75%,3.75,,2025-10-13T14:00:00Z,2027-03-17T17:55:00Z,live,51
KXFED-27MAR-T3.50,KXFED,nvda_earnings,unscheduled_macro,unscheduled_macro,2026-08-26,live,active,binary,3.50%,Above 3.50%,3.5,,2025-10-13T14:00:00Z,2027-03-17T17:55:00Z,live,49
KXFED-27MAR-T3.00,KXFED,nvda_earnings,unscheduled_macro,unscheduled_macro,2026-08-26,live,active,binary,3.00%,Above 3.00%,3,,2025-10-13T14:00:00Z,2027-03-17T17:55:00Z,live,54
KXFED-27MAR-T2.75,KXFED,nvda_earnings,unscheduled_macro,unscheduled_macro,2026-08-26,live,active,binary,2.75%,Above 2.75%,2.75,,2025-10-13T14:00:00Z,2027-03-17T17:55:00Z,live,55
KXFED-27MAR-T2.50,KXFED,nvda_earnings,unscheduled_macro,unscheduled_macro,2026-08-26,live,active,binary,2.50%,Above 2.50%,2.5,,2025-10-13T14:00:00Z,2027-03-17T17:55:00Z,live,52
KXFED-27MAR-T2.00,KXFED,nvda_earnings,unscheduled_macro,unscheduled_macro,2026-08-26,live,active,binary,2.00%,Above 2.00%,2,,2025-10-13T14:00:00Z,2027-03-17T17:55:00Z,live,46
KXFED-27JAN-T2.00,KXFED,nvda_earnings,unscheduled_macro,unscheduled_macro,2026-08-26,live,active,binary,2.00%,Above 2.00%,2,,2025-10-06T14:00:00Z,2027-01-27T18:55:00Z,live,53
KXFED-27JAN-T1.75,KXFED,nvda_earnings,unscheduled_macro,unscheduled_macro,2026-08-26,live,active,binary,1.75%,Above 1.75%,1.75,,2025-10-06T14:00:00Z,2027-01-27T18:55:00Z,live,51
KXFED-26DEC-T4.50,KXFED,nvda_earnings,unscheduled_macro,unscheduled_macro,2026-08-26,live,active,binary,4.50%,Above 4.50%,4.5,,2025-08-06T14:30:00Z,2026-12-09T18:55:00Z,live,50
KXFED-26DEC-T4.25,KXFED,nvda_earnings,unscheduled_macro,unscheduled_macro,2026-08-26,live,active,binary,4.25%,Above 4.25%,4.25,,2025-08-06T14:30:00Z,2026-12-09T18:55:00Z,live,53
KXFED-26DEC-T4.00,KXFED,nvda_earnings,unscheduled_macro,unscheduled_macro,2026-08-26,live,active,binary,4.00%,Above 4.00%,4,,2025-08-06T14:30:00Z,2026-12-09T18:55:00Z,live,55
KXFED-26OCT-T3.00,KXFED,nvda_earnings,unscheduled_macro,unscheduled_macro,2026-08-26,live,active,binary,3.00%,Above 3.00%,3,,2025-08-06T14:30:00Z,2026-10-28T17:55:00Z,live,47
KXFED-26JUL-T5.25,KXFED,nvda_earnings,unscheduled_macro,unscheduled_macro,2026-08-26,live,finalized,binary,5.25%,Above 5.25%,5.25,,2025-08-06T14:30:00Z,2026-07-29T17:55:00Z,live,16
KXFED-26JUL-T4.50,KXFED,nvda_earnings,unscheduled_macro,unscheduled_macro,2026-08-26,live,finalized,binary,4.50%,Above 4.50%,4.5,,2025-08-06T14:30:00Z,2026-07-29T17:55:00Z,live,18
KXFED-26JUL-T4.25,KXFED,nvda_earnings,unscheduled_macro,unscheduled_macro,2026-08-26,live,finalized,binary,4.25%,Above 4.25%,4.25,,2025-08-06T14:30:00Z,2026-07-29T17:55:00Z,live,19
KXCPI-26AUG-T0.9,KXCPI,nvda_earnings,unscheduled_macro,unscheduled_macro,2026-08-26,live,finalized,binary,0.9%,Above 0.9%,0.9,,2026-07-23T21:00:00Z,2026-09-11T12:25:00Z,live,41
KXCPI-26NOV-T0.0,KXCPI,nvda_earnings,unscheduled_macro,unscheduled_macro,2026-08-26,live,active,binary,0.0%,Above 0.0%,0,,2026-02-20T15:00:00Z,2026-12-10T13:25:00Z,live,39
KXCPI-26OCT-T0.2,KXCPI,nvda_earnings,unscheduled_macro,unscheduled_macro,2026-08-26,live,active,binary,0.2%,Above 0.2%,0.2,,2026-02-20T15:00:00Z,2026-11-10T13:25:00Z,live,50
KXCPI-26OCT-T0.1,KXCPI,nvda_earnings,unscheduled_macro,unscheduled_macro,2026-08-26,live,active,binary,0.1%,Above 0.1%,0.1,,2026-02-20T15:00:00Z,2026-11-10T13:25:00Z,live,36
KXCPI-26JUL-T0.3,KXCPI,nvda_earnings,unscheduled_macro,unscheduled_macro,2026-08-26,live,finalized,binary,0.3%,Above 0.3%,0.3,,2026-02-20T15:00:00Z,2026-08-12T12:25:00Z,live,33
KXCPI-26JUL-T0.1,KXCPI,nvda_earnings,unscheduled_macro,unscheduled_macro,2026-08-26,live,finalized,binary,0.1%,Above 0.1%,0.1,,2026-02-20T15:00:00Z,2026-08-12T12:25:00Z,live,33
KXCPI-26JUL-T-0.1,KXCPI,nvda_earnings,unscheduled_macro,unscheduled_macro,2026-08-26,live,finalized,binary,-0.1%,Above -0.1%,-0.1,,2026-02-20T15:00:00Z,2026-08-12T12:25:00Z,live,33
KXCPI-26JUN-T-0.3,KXCPI,nvda_earnings,unscheduled_macro,unscheduled_macro,2026-08-26,historical,finalized,binary,-0.3%,Above -0.3%,-0.3,,2026-06-08T22:00:00Z,2026-07-14T12:25:00Z,historical,4
KXCPI-26JUN-T-0.2,KXCPI,nvda_earnings,unscheduled_macro,unscheduled_macro,2026-08-26,historical,finalized,binary,-0.2%,Above -0.2%,-0.2,,2026-06-08T22:00:00Z,2026-07-14T12:25:00Z,historical,4
KXCPI-26JUN-T0.5,KXCPI,nvda_earnings,unscheduled_macro,unscheduled_macro,2026-08-26,historical,finalized,binary,0.5%,Above 0.5%,0.5,,2026-02-20T15:00:00Z,2026-07-14T12:25:00Z,historical,3
KXCPI-26JUN-T0.4,KXCPI,nvda_earnings,unscheduled_macro,unscheduled_macro,2026-08-26,historical,finalized,binary,0.4%,Above 0.4%,0.4,,2026-02-20T15:00:00Z,2026-07-14T12:25:00Z,historical,4
KXCPI-26JUN-T0.3,KXCPI,nvda_earnings,unscheduled_macro,unscheduled_macro,2026-08-26,historical,finalized,binary,0.3%,Above 0.3%,0.3,,2026-02-20T15:00:00Z,2026-07-14T12:25:00Z,historical,3
KXCPI-26JUN-T0.2,KXCPI,nvda_earnings,unscheduled_macro,unscheduled_macro,2026-08-26,historical,finalized,binary,0.2%,Above 0.2%,0.2,,2026-02-20T15:00:00Z,2026-07-14T12:25:00Z,historical,4
KXCPI-26JUN-T0.1,KXCPI,nvda_earnings,unscheduled_macro,unscheduled_macro,2026-08-26,historical,finalized,binary,0.1%,Above 0.1%,0.1,,2026-02-20T15:00:00Z,2026-07-14T12:25:00Z,historical,4
KXCPI-26JUN-T-0.1,KXCPI,nvda_earnings,unscheduled_macro,unscheduled_macro,2026-08-26,historical,finalized,binary,-0.1%,Above -0.1%,-0.1,,2026-02-20T15:00:00Z,2026-07-14T12:25:00Z,historical,4
KXCPI-26JUN-T0.0,KXCPI,nvda_earnings,unscheduled_macro,unscheduled_macro,2026-08-26,historical,finalized,binary,0.0%,Above 0.0%,0,,2026-02-20T15:00:00Z,2026-07-14T12:25:00Z,historical,4
KXFED-27APR-T6.00,KXFED,fomc_sep_hike,scheduled_macro,scheduled_macro,2026-09-16,live,active,binary,6.00%,Above 6.00%,6,,2026-09-18T15:00:00Z,2027-04-28T17:55:00Z,live,5
KXFED-27APR-T5.75,KXFED,fomc_sep_hike,scheduled_macro,scheduled_macro,2026-09-16,live,active,binary,5.75%,Above 5.75%,5.75,,2026-09-18T15:00:00Z,2027-04-28T17:55:00Z,live,5
KXFED-27APR-T5.50,KXFED,fomc_sep_hike,scheduled_macro,scheduled_macro,2026-09-16,live,active,binary,5.50%,Above 5.50%,5.5,,2026-09-18T15:00:00Z,2027-04-28T17:55:00Z,live,4
KXFED-27APR-T5.25,KXFED,fomc_sep_hike,scheduled_macro,scheduled_macro,2026-09-16,live,active,binary,5.25%,Above 5.25%,5.25,,2026-09-18T15:00:00Z,2027-04-28T17:55:00Z,live,5
KXFED-27APR-T5.00,KXFED,fomc_sep_hike,scheduled_macro,scheduled_macro,2026-09-16,live,active,binary,5.00%,Above 5.00%,5,,2026-09-18T15:00:00Z,2027-04-28T17:55:00Z,live,5
KXFED-27APR-T4.75,KXFED,fomc_sep_hike,scheduled_macro,scheduled_macro,2026-09-16,live,active,binary,4.75%,Above 4.75%,4.75,,2026-09-18T15:00:00Z,2027-04-28T17:55:00Z,live,5
KXFED-27APR-T4.50,KXFED,fomc_sep_hike,scheduled_macro,scheduled_macro,2026-09-16,live,active,binary,4.50%,Above 4.50%,4.5,,2026-09-18T15:00:00Z,2027-04-28T17:55:00Z,live,5
KXFED-27MAR-T5.75,KXFED,fomc_sep_hike,scheduled_macro,scheduled_macro,2026-09-16,live,active,binary,5.75%,Above 5.75%,5.75,,2026-09-18T15:00:00Z,2027-03-17T17:55:00Z,live,5
KXFED-27MAR-T5.50,KXFED,fomc_sep_hike,scheduled_macro,scheduled_macro,2026-09-16,live,active,binary,5.50%,Above 5.50%,5.5,,2026-09-18T15:00:00Z,2027-03-17T17:55:00Z,live,5
KXFED-27MAR-T5.25,KXFED,fomc_sep_hike,scheduled_macro,scheduled_macro,2026-09-16,live,active,binary,5.25%,Above 5.25%,5.25,,2026-09-18T15:00:00Z,2027-03-17T17:55:00Z,live,5
KXFED-27MAR-T5.00,KXFED,fomc_sep_hike,scheduled_macro,scheduled_macro,2026-09-16,live,active,binary,5.00%,Above 5.00%,5,,2026-09-18T15:00:00Z,2027-03-17T17:55:00Z,live,5
KXFED-27MAR-T4.75,KXFED,fomc_sep_hike,scheduled_macro,scheduled_macro,2026-09-16,live,active,binary,4.75%,Above 4.75%,4.75,,2026-09-18T15:00:00Z,2027-03-17T17:55:00Z,live,5
KXFED-27MAR-T4.50,KXFED,fomc_sep_hike,scheduled_macro,scheduled_macro,2026-09-16,live,active,binary,4.50%,Above 4.50%,4.5,,2026-09-18T15:00:00Z,2027-03-17T17:55:00Z,live,5
KXFED-27JAN-T5.75,KXFED,fomc_sep_hike,scheduled_macro,scheduled_macro,2026-09-16,live,active,binary,5.75%,Above 5.75%,5.75,,2026-09-18T15:00:00Z,2027-01-27T18:55:00Z,live,6
KXFED-27JAN-T5.50,KXFED,fomc_sep_hike,scheduled_macro,scheduled_macro,2026-09-16,live,active,binary,5.50%,Above 5.50%,5.5,,2026-09-18T15:00:00Z,2027-01-27T18:55:00Z,live,6
KXFED-27JAN-T5.25,KXFED,fomc_sep_hike,scheduled_macro,scheduled_macro,2026-09-16,live,active,binary,5.25%,Above 5.25%,5.25,,2026-09-18T15:00:00Z,2027-01-27T18:55:00Z,live,6
KXFED-27JAN-T5.00,KXFED,fomc_sep_hike,scheduled_macro,scheduled_macro,2026-09-16,live,active,binary,5.00%,Above 5.00%,5,,2026-09-18T15:00:00Z,2027-01-27T18:55:00Z,live,6
KXFED-27JAN-T4.75,KXFED,fomc_sep_hike,scheduled_macro,scheduled_macro,2026-09-16,live,active,binary,4.75%,Above 4.75%,4.75,,2026-09-18T15:00:00Z,2027-01-27T18:55:00Z,live,6
KXFED-27JAN-T4.50,KXFED,fomc_sep_hike,scheduled_macro,scheduled_macro,2026-09-16,live,active,binary,4.50%,Above 4.50%,4.5,,2026-09-18T15:00:00Z,2027-01-27T18:55:00Z,live,6
KXFED-28JAN-T6.00,KXFED,fomc_sep_hike,scheduled_macro,scheduled_macro,2026-09-16,live,active,binary,6.00%,Above 6.00%,6,,2026-09-18T15:00:00Z,2028-01-26T18:55:00Z,live,4
KXFED-28JAN-T5.75,KXFED,fomc_sep_hike,scheduled_macro,scheduled_macro,2026-09-16,live,active,binary,5.75%,Above 5.75%,5.75,,2026-09-18T15:00:00Z,2028-01-26T18:55:00Z,live,4
KXFED-28JAN-T5.50,KXFED,fomc_sep_hike,scheduled_macro,scheduled_macro,2026-09-16,live,active,binary,5.50%,Above 5.50%,5.5,,2026-09-18T15:00:00Z,2028-01-26T18:55:00Z,live,4
KXFED-28JAN-T5.25,KXFED,fomc_sep_hike,scheduled_macro,scheduled_macro,2026-09-16,live,active,binary,5.25%,Above 5.25%,5.25,,2026-09-18T15:00:00Z,2028-01-26T18:55:00Z,live,4
KXFED-28JAN-T5.00,KXFED,fomc_sep_hike,scheduled_macro,scheduled_macro,2026-09-16,live,active,binary,5.00%,Above 5.00%,5,,2026-09-18T15:00:00Z,2028-01-26T18:55:00Z,live,4
KXFED-28JAN-T4.75,KXFED,fomc_sep_hike,scheduled_macro,scheduled_macro,2026-09-16,live,active,binary,4.75%,Above 4.75%,4.75,,2026-09-18T15:00:00Z,2028-01-26T18:55:00Z,live,4
KXFED-28JAN-T4.50,KXFED,fomc_sep_hike,scheduled_macro,scheduled_macro,2026-09-16,live,active,binary,4.50%,Above 4.50%,4.5,,2026-09-18T15:00:00Z,2028-01-26T18:55:00Z,live,4
KXFED-28JAN-T4.25,KXFED,fomc_sep_hike,scheduled_macro,scheduled_macro,2026-09-16,live,active,binary,4.25%,Above 4.25%,4.25,,2026-09-18T15:00:00Z,2028-01-26T18:55:00Z,live,4
KXFED-28JAN-T4.00,KXFED,fomc_sep_hike,scheduled_macro,scheduled_macro,2026-09-16,live,active,binary,4.00%,Above 4.00%,4,,2026-09-18T15:00:00Z,2028-01-26T18:55:00Z,live,4
KXFED-28JAN-T3.75,KXFED,fomc_sep_hike,scheduled_macro,scheduled_macro,2026-09-16,live,active,binary,3.75%,Above 3.75%,3.75,,2026-09-18T15:00:00Z,2028-01-26T18:55:00Z,live,4
KXFED-28JAN-T3.50,KXFED,fomc_sep_hike,scheduled_macro,scheduled_macro,2026-09-16,live,active,binary,3.50%,Above 3.50%,3.5,,2026-09-18T15:00:00Z,2028-01-26T18:55:00Z,live,4
KXFED-28JAN-T3.25,KXFED,fomc_sep_hike,scheduled_macro,scheduled_macro,2026-09-16,live,active,binary,3.25%,Above 3.25%,3.25,,2026-09-18T15:00:00Z,2028-01-26T18:55:00Z,live,5
KXFED-28JAN-T3.00,KXFED,fomc_sep_hike,scheduled_macro,scheduled_macro,2026-09-16,live,active,binary,3.00%,Above 3.00%,3,,2026-09-18T15:00:00Z,2028-01-26T18:55:00Z,live,5
KXFED-28JAN-T2.75,KXFED,fomc_sep_hike,scheduled_macro,scheduled_macro,2026-09-16,live,active,binary,2.75%,Above 2.75%,2.75,,2026-09-18T15:00:00Z,2028-01-26T18:55:00Z,live,5
KXFED-28JAN-T2.50,KXFED,fomc_sep_hike,scheduled_macro,scheduled_macro,2026-09-16,live,active,binary,2.50%,Above 2.50%,2.5,,2026-09-18T15:00:00Z,2028-01-26T18:55:00Z,live,5
KXFED-28JAN-T2.25,KXFED,fomc_sep_hike,scheduled_macro,scheduled_macro,2026-09-16,live,active,binary,2.25%,Above 2.25%,2.25,,2026-09-18T15:00:00Z,2028-01-26T18:55:00Z,live,5
KXFED-28JAN-T2.00,KXFED,fomc_sep_hike,scheduled_macro,scheduled_macro,2026-09-16,live,active,binary,2.00%,Above 2.00%,2,,2026-09-18T15:00:00Z,2028-01-26T18:55:00Z,live,5
KXFED-28JAN-T1.25,KXFED,fomc_sep_hike,scheduled_macro,scheduled_macro,2026-09-16,live,active,binary,1.25%,Above 1.25%,1.25,,2026-09-18T15:00:00Z,2028-01-26T18:55:00Z,live,5
KXFED-28JAN-T1.00,KXFED,fomc_sep_hike,scheduled_macro,scheduled_macro,2026-09-16,live,active,binary,1.00%,Above 1.00%,1,,2026-09-18T15:00:00Z,2028-01-26T18:55:00Z,live,5
KXFED-28JAN-T0.75,KXFED,fomc_sep_hike,scheduled_macro,scheduled_macro,2026-09-16,live,active,binary,0.75%,Above 0.75%,0.75,,2026-09-18T15:00:00Z,2028-01-26T18:55:00Z,live,5
KXFED-28JAN-T0.50,KXFED,fomc_sep_hike,scheduled_macro,scheduled_macro,2026-09-16,live,active,binary,0.50%,Above 0.50%,0.5,,2026-09-18T15:00:00Z,2028-01-26T18:55:00Z,live,5
KXFED-28JAN-T0.00,KXFED,fomc_sep_hike,scheduled_macro,scheduled_macro,2026-09-16,live,active,binary,0.00%,Above 0.00%,0,,2026-09-18T15:00:00Z,2028-01-26T18:55:00Z,live,5
KXFED-27DEC-T6.00,KXFED,fomc_sep_hike,scheduled_macro,scheduled_macro,2026-09-16,live,active,binary,6.00%,Above 6.00%,6,,2026-09-18T15:00:00Z,2027-12-08T18:55:00Z,live,5
KXFED-27DEC-T5.75,KXFED,fomc_sep_hike,scheduled_macro,scheduled_macro,2026-09-16,live,active,binary,5.75%,Above 5.75%,5.75,,2026-09-18T15:00:00Z,2027-12-08T18:55:00Z,live,5
KXFED-27DEC-T5.25,KXFED,fomc_sep_hike,scheduled_macro,scheduled_macro,2026-09-16,live,active,binary,5.25%,Above 5.25%,5.25,,2026-09-18T15:00:00Z,2027-12-08T18:55:00Z,live,5
KXFED-27DEC-T5.00,KXFED,fomc_sep_hike,scheduled_macro,scheduled_macro,2026-09-16,live,active,binary,5.00%,Above 5.00%,5,,2026-09-18T15:00:00Z,2027-12-08T18:55:00Z,live,5
KXFED-27DEC-T4.75,KXFED,fomc_sep_hike,scheduled_macro,scheduled_macro,2026-09-16,live,active,binary,4.75%,Above 4.75%,4.75,,2026-09-18T15:00:00Z,2027-12-08T18:55:00Z,live,5
KXFED-27DEC-T4.50,KXFED,fomc_sep_hike,scheduled_macro,scheduled_macro,2026-09-16,live,active,binary,4.50%,Above 4.50%,4.5,,2026-09-18T15:00:00Z,2027-12-08T18:55:00Z,live,6
KXFED-27DEC-T4.00,KXFED,fomc_sep_hike,scheduled_macro,scheduled_macro,2026-09-16,live,active,binary,4.00%,Above 4.00%,4,,2026-09-18T15:00:00Z,2027-12-08T18:55:00Z,live,5
KXFED-27DEC-T3.75,KXFED,fomc_sep_hike,scheduled_macro,scheduled_macro,2026-09-16,live,active,binary,3.75%,Above 3.75%,3.75,,2026-09-18T15:00:00Z,2027-12-08T18:55:00Z,live,5
KXFED-27DEC-T3.25,KXFED,fomc_sep_hike,scheduled_macro,scheduled_macro,2026-09-16,live,active,binary,3.25%,Above 3.25%,3.25,,2026-09-18T15:00:00Z,2027-12-08T18:55:00Z,live,5
KXFED-27DEC-T3.00,KXFED,fomc_sep_hike,scheduled_macro,scheduled_macro,2026-09-16,live,active,binary,3.00%,Above 3.00%,3,,2026-09-18T15:00:00Z,2027-12-08T18:55:00Z,live,5
KXFED-27DEC-T2.75,KXFED,fomc_sep_hike,scheduled_macro,scheduled_macro,2026-09-16,live,active,binary,2.75%,Above 2.75%,2.75,,2026-09-18T15:00:00Z,2027-12-08T18:55:00Z,live,5
KXFED-27DEC-T2.50,KXFED,fomc_sep_hike,scheduled_macro,scheduled_macro,2026-09-16,live,active,binary,2.50%,Above 2.50%,2.5,,2026-09-18T15:00:00Z,2027-12-08T18:55:00Z,live,5
KXFED-27DEC-T2.25,KXFED,fomc_sep_hike,scheduled_macro,scheduled_macro,2026-09-16,live,active,binary,2.25%,Above 2.25%,2.25,,2026-09-18T15:00:00Z,2027-12-08T18:55:00Z,live,5
KXFED-27DEC-T1.50,KXFED,fomc_sep_hike,scheduled_macro,scheduled_macro,2026-09-16,live,active,binary,1.50%,Above 1.50%,1.5,,2026-09-18T15:00:00Z,2027-12-08T18:55:00Z,live,5
KXFED-27DEC-T1.25,KXFED,fomc_sep_hike,scheduled_macro,scheduled_macro,2026-09-16,live,active,binary,1.25%,Above 1.25%,1.25,,2026-09-18T15:00:00Z,2027-12-08T18:55:00Z,live,5
KXFED-27DEC-T1.00,KXFED,fomc_sep_hike,scheduled_macro,scheduled_macro,2026-09-16,live,active,binary,1.00%,Above 1.00%,1,,2026-09-18T15:00:00Z,2027-12-08T18:55:00Z,live,5
KXFED-27DEC-T0.75,KXFED,fomc_sep_hike,scheduled_macro,scheduled_macro,2026-09-16,live,active,binary,0.75%,Above 0.75%,0.75,,2026-09-18T15:00:00Z,2027-12-08T18:55:00Z,live,5
KXFED-27DEC-T0.50,KXFED,fomc_sep_hike,scheduled_macro,scheduled_macro,2026-09-16,live,active,binary,0.50%,Above 0.50%,0.5,,2026-09-18T15:00:00Z,2027-12-08T18:55:00Z,live,5
KXFED-27DEC-T0.25,KXFED,fomc_sep_hike,scheduled_macro,scheduled_macro,2026-09-16,live,active,binary,0.25%,Above 0.25%,0.25,,2026-09-18T15:00:00Z,2027-12-08T18:55:00Z,live,5
KXFED-27DEC-T0.00,KXFED,fomc_sep_hike,scheduled_macro,scheduled_macro,2026-09-16,live,active,binary,0.00%,Above 0.00%,0,,2026-09-18T15:00:00Z,2027-12-08T18:55:00Z,live,5
KXFED-27OCT-T5.75,KXFED,fomc_sep_hike,scheduled_macro,scheduled_macro,2026-09-16,live,active,binary,5.75%,Above 5.75%,5.75,,2026-09-18T15:00:00Z,2027-10-27T17:55:00Z,live,4
KXFED-27OCT-T5.50,KXFED,fomc_sep_hike,scheduled_macro,scheduled_macro,2026-09-16,live,active,binary,5.50%,Above 5.50%,5.5,,2026-09-18T15:00:00Z,2027-10-27T17:55:00Z,live,4
KXFED-27OCT-T5.25,KXFED,fomc_sep_hike,scheduled_macro,scheduled_macro,2026-09-16,live,active,binary,5.25%,Above 5.25%,5.25,,2026-09-18T15:00:00Z,2027-10-27T17:55:00Z,live,4
KXFED-27OCT-T5.00,KXFED,fomc_sep_hike,scheduled_macro,scheduled_macro,2026-09-16,live,active,binary,5.00%,Above 5.00%,5,,2026-09-18T15:00:00Z,2027-10-27T17:55:00Z,live,4
KXFED-27OCT-T4.75,KXFED,fomc_sep_hike,scheduled_macro,scheduled_macro,2026-09-16,live,active,binary,4.75%,Above 4.75%,4.75,,2026-09-18T15:00:00Z,2027-10-27T17:55:00Z,live,4
KXFED-27OCT-T4.50,KXFED,fomc_sep_hike,scheduled_macro,scheduled_macro,2026-09-16,live,active,binary,4.50%,Above 4.50%,4.5,,2026-09-18T15:00:00Z,2027-10-27T17:55:00Z,live,4
KXFED-27OCT-T4.25,KXFED,fomc_sep_hike,scheduled_macro,scheduled_macro,2026-09-16,live,active,binary,4.25%,Above 4.25%,4.25,,2026-09-18T15:00:00Z,2027-10-27T17:55:00Z,live,4
KXFED-27OCT-T4.00,KXFED,fomc_sep_hike,scheduled_macro,scheduled_macro,2026-09-16,live,active,binary,4.00%,Above 4.00%,4,,2026-09-18T15:00:00Z,2027-10-27T17:55:00Z,live,4
KXFED-27OCT-T3.50,KXFED,fomc_sep_hike,scheduled_macro,scheduled_macro,2026-09-16,live,active,binary,3.50%,Above 3.50%,3.5,,2026-09-18T15:00:00Z,2027-10-27T17:55:00Z,live,4
KXFED-27OCT-T3.25,KXFED,fomc_sep_hike,scheduled_macro,scheduled_macro,2026-09-16,live,active,binary,3.25%,Above 3.25%,3.25,,2026-09-18T15:00:00Z,2027-10-27T17:55:00Z,live,5
KXFED-27OCT-T3.00,KXFED,fomc_sep_hike,scheduled_macro,scheduled_macro,2026-09-16,live,active,binary,3.00%,Above 3.00%,3,,2026-09-18T15:00:00Z,2027-10-27T17:55:00Z,live,5
KXFED-27OCT-T2.75,KXFED,fomc_sep_hike,scheduled_macro,scheduled_macro,2026-09-16,live,active,binary,2.75%,Above 2.75%,2.75,,2026-09-18T15:00:00Z,2027-10-27T17:55:00Z,live,5
KXFED-27OCT-T2.50,KXFED,fomc_sep_hike,scheduled_macro,scheduled_macro,2026-09-16,live,active,binary,2.50%,Above 2.50%,2.5,,2026-09-18T15:00:00Z,2027-10-27T17:55:00Z,live,5
KXFED-27OCT-T2.25,KXFED,fomc_sep_hike,scheduled_macro,scheduled_macro,2026-09-16,live,active,binary,2.25%,Above 2.25%,2.25,,2026-09-18T15:00:00Z,2027-10-27T17:55:00Z,live,5
KXFED-27OCT-T2.00,KXFED,fomc_sep_hike,scheduled_macro,scheduled_macro,2026-09-16,live,active,binary,2.00%,Above 2.00%,2,,2026-09-18T15:00:00Z,2027-10-27T17:55:00Z,live,5
KXFED-27OCT-T1.75,KXFED,fomc_sep_hike,scheduled_macro,scheduled_macro,2026-09-16,live,active,binary,1.75%,Above 1.75%,1.75,,2026-09-18T15:00:00Z,2027-10-27T17:55:00Z,live,5
KXFED-27OCT-T1.50,KXFED,fomc_sep_hike,scheduled_macro,scheduled_macro,2026-09-16,live,active,binary,1.50%,Above 1.50%,1.5,,2026-09-18T15:00:00Z,2027-10-27T17:55:00Z,live,5
KXFED-27OCT-T1.25,KXFED,fomc_sep_hike,scheduled_macro,scheduled_macro,2026-09-16,live,active,binary,1.25%,Above 1.25%,1.25,,2026-09-18T15:00:00Z,2027-10-27T17:55:00Z,live,5
KXFED-27OCT-T1.00,KXFED,fomc_sep_hike,scheduled_macro,scheduled_macro,2026-09-16,live,active,binary,1.00%,Above 1.00%,1,,2026-09-18T15:00:00Z,2027-10-27T17:55:00Z,live,5
KXFED-27OCT-T0.75,KXFED,fomc_sep_hike,scheduled_macro,scheduled_macro,2026-09-16,live,active,binary,0.75%,Above 0.75%,0.75,,2026-09-18T15:00:00Z,2027-10-27T17:55:00Z,live,5
KXFED-27OCT-T0.50,KXFED,fomc_sep_hike,scheduled_macro,scheduled_macro,2026-09-16,live,active,binary,0.50%,Above 0.50%,0.5,,2026-09-18T15:00:00Z,2027-10-27T17:55:00Z,live,5
KXFED-27OCT-T0.25,KXFED,fomc_sep_hike,scheduled_macro,scheduled_macro,2026-09-16,live,active,binary,0.25%,Above 0.25%,0.25,,2026-09-18T15:00:00Z,2027-10-27T17:55:00Z,live,5
KXFED-27OCT-T0.00,KXFED,fomc_sep_hike,scheduled_macro,scheduled_macro,2026-09-16,live,active,binary,0.00%,Above 0.00%,0,,2026-09-18T15:00:00Z,2027-10-27T17:55:00Z,live,6
KXFED-27SEP-T6.00,KXFED,fomc_sep_hike,scheduled_macro,scheduled_macro,2026-09-16,live,active,binary,6.00%,Above 6.00%,6,,2026-09-18T15:00:00Z,2027-09-15T17:55:00Z,live,4
KXFED-27SEP-T5.75,KXFED,fomc_sep_hike,scheduled_macro,scheduled_macro,2026-09-16,live,active,binary,5.75%,Above 5.75%,5.75,,2026-09-18T15:00:00Z,2027-09-15T17:55:00Z,live,4
KXFED-27SEP-T5.50,KXFED,fomc_sep_hike,scheduled_macro,scheduled_macro,2026-09-16,live,active,binary,5.50%,Above 5.50%,5.5,,2026-09-18T15:00:00Z,2027-09-15T17:55:00Z,live,4
KXFED-27SEP-T5.25,KXFED,fomc_sep_hike,scheduled_macro,scheduled_macro,2026-09-16,live,active,binary,5.25%,Above 5.25%,5.25,,2026-09-18T15:00:00Z,2027-09-15T17:55:00Z,live,4
KXFED-27SEP-T5.00,KXFED,fomc_sep_hike,scheduled_macro,scheduled_macro,2026-09-16,live,active,binary,5.00%,Above 5.00%,5,,2026-09-18T15:00:00Z,2027-09-15T17:55:00Z,live,4
KXFED-27SEP-T4.25,KXFED,fomc_sep_hike,scheduled_macro,scheduled_macro,2026-09-16,live,active,binary,4.25%,Above 4.25%,4.25,,2026-09-18T15:00:00Z,2027-09-15T17:55:00Z,live,4
KXFED-27SEP-T4.00,KXFED,fomc_sep_hike,scheduled_macro,scheduled_macro,2026-09-16,live,active,binary,4.00%,Above 4.00%,4,,2026-09-18T15:00:00Z,2027-09-15T17:55:00Z,live,4
KXFED-27SEP-T3.75,KXFED,fomc_sep_hike,scheduled_macro,scheduled_macro,2026-09-16,live,active,binary,3.75%,Above 3.75%,3.75,,2026-09-18T15:00:00Z,2027-09-15T17:55:00Z,live,4
KXFED-27SEP-T3.50,KXFED,fomc_sep_hike,scheduled_macro,scheduled_macro,2026-09-16,live,active,binary,3.50%,Above 3.50%,3.5,,2026-09-18T15:00:00Z,2027-09-15T17:55:00Z,live,4
KXFED-27SEP-T3.25,KXFED,fomc_sep_hike,scheduled_macro,scheduled_macro,2026-09-16,live,active,binary,3.25%,Above 3.25%,3.25,,2026-09-18T15:00:00Z,2027-09-15T17:55:00Z,live,5
KXFED-27SEP-T3.00,KXFED,fomc_sep_hike,scheduled_macro,scheduled_macro,2026-09-16,live,active,binary,3.00%,Above 3.00%,3,,2026-09-18T15:00:00Z,2027-09-15T17:55:00Z,live,5
KXFED-27SEP-T2.75,KXFED,fomc_sep_hike,scheduled_macro,scheduled_macro,2026-09-16,live,active,binary,2.75%,Above 2.75%,2.75,,2026-09-18T15:00:00Z,2027-09-15T17:55:00Z,live,5
KXFED-27SEP-T2.50,KXFED,fomc_sep_hike,scheduled_macro,scheduled_macro,2026-09-16,live,active,binary,2.50%,Above 2.50%,2.5,,2026-09-18T15:00:00Z,2027-09-15T17:55:00Z,live,5
KXFED-27SEP-T2.25,KXFED,fomc_sep_hike,scheduled_macro,scheduled_macro,2026-09-16,live,active,binary,2.25%,Above 2.25%,2.25,,2026-09-18T15:00:00Z,2027-09-15T17:55:00Z,live,5
KXFED-27SEP-T2.00,KXFED,fomc_sep_hike,scheduled_macro,scheduled_macro,2026-09-16,live,active,binary,2.00%,Above 2.00%,2,,2026-09-18T15:00:00Z,2027-09-15T17:55:00Z,live,5
KXFED-27SEP-T1.75,KXFED,fomc_sep_hike,scheduled_macro,scheduled_macro,2026-09-16,live,active,binary,1.75%,Above 1.75%,1.75,,2026-09-18T15:00:00Z,2027-09-15T17:55:00Z,live,5
KXFED-27SEP-T1.50,KXFED,fomc_sep_hike,scheduled_macro,scheduled_macro,2026-09-16,live,active,binary,1.50%,Above 1.50%,1.5,,2026-09-18T15:00:00Z,2027-09-15T17:55:00Z,live,5
KXFED-27SEP-T1.25,KXFED,fomc_sep_hike,scheduled_macro,scheduled_macro,2026-09-16,live,active,binary,1.25%,Above 1.25%,1.25,,2026-09-18T15:00:00Z,2027-09-15T17:55:00Z,live,5
KXFED-27SEP-T1.00,KXFED,fomc_sep_hike,scheduled_macro,scheduled_macro,2026-09-16,live,active,binary,1.00%,Above 1.00%,1,,2026-09-18T15:00:00Z,2027-09-15T17:55:00Z,live,5
KXFED-27SEP-T0.75,KXFED,fomc_sep_hike,scheduled_macro,scheduled_macro,2026-09-16,live,active,binary,0.75%,Above 0.75%,0.75,,2026-09-18T15:00:00Z,2027-09-15T17:55:00Z,live,5
KXFED-27SEP-T0.50,KXFED,fomc_sep_hike,scheduled_macro,scheduled_macro,2026-09-16,live,active,binary,0.50%,Above 0.50%,0.5,,2026-09-18T15:00:00Z,2027-09-15T17:55:00Z,live,5
KXFED-27SEP-T0.25,KXFED,fomc_sep_hike,scheduled_macro,scheduled_macro,2026-09-16,live,active,binary,0.25%,Above 0.25%,0.25,,2026-09-18T15:00:00Z,2027-09-15T17:55:00Z,live,5
KXFED-27SEP-T0.00,KXFED,fomc_sep_hike,scheduled_macro,scheduled_macro,2026-09-16,live,active,binary,0.00%,Above 0.00%,0,,2026-09-18T15:00:00Z,2027-09-15T17:55:00Z,live,5
KXFED-27JUL-T6.00,KXFED,fomc_sep_hike,scheduled_macro,scheduled_macro,2026-09-16,live,active,binary,6.00%,Above 6.00%,6,,2026-09-18T15:00:00Z,2027-07-28T17:55:00Z,live,4
KXFED-27JUL-T5.75,KXFED,fomc_sep_hike,scheduled_macro,scheduled_macro,2026-09-16,live,active,binary,5.75%,Above 5.75%,5.75,,2026-09-18T15:00:00Z,2027-07-28T17:55:00Z,live,4
KXFED-27JUL-T5.50,KXFED,fomc_sep_hike,scheduled_macro,scheduled_macro,2026-09-16,live,active,binary,5.50%,Above 5.50%,5.5,,2026-09-18T15:00:00Z,2027-07-28T17:55:00Z,live,4
KXFED-27JUL-T5.25,KXFED,fomc_sep_hike,scheduled_macro,scheduled_macro,2026-09-16,live,active,binary,5.25%,Above 5.25%,5.25,,2026-09-18T15:00:00Z,2027-07-28T17:55:00Z,live,4
KXFED-27JUL-T5.00,KXFED,fomc_sep_hike,scheduled_macro,scheduled_macro,2026-09-16,live,active,binary,5.00%,Above 5.00%,5,,2026-09-18T15:00:00Z,2027-07-28T17:55:00Z,live,4
KXFED-27JUL-T4.75,KXFED,fomc_sep_hike,scheduled_macro,scheduled_macro,2026-09-16,live,active,binary,4.75%,Above 4.75%,4.75,,2026-09-18T15:00:00Z,2027-07-28T17:55:00Z,live,4
KXFED-27JUL-T4.50,KXFED,fomc_sep_hike,scheduled_macro,scheduled_macro,2026-09-16,live,active,binary,4.50%,Above 4.50%,4.5,,2026-09-18T15:00:00Z,2027-07-28T17:55:00Z,live,4
KXFED-27JUL-T4.25,KXFED,fomc_sep_hike,scheduled_macro,scheduled_macro,2026-09-16,live,active,binary,4.25%,Above 4.25%,4.25,,2026-09-18T15:00:00Z,2027-07-28T17:55:00Z,live,4
KXFED-27JUL-T4.00,KXFED,fomc_sep_hike,scheduled_macro,scheduled_macro,2026-09-16,live,active,binary,4.00%,Above 4.00%,4,,2026-09-18T15:00:00Z,2027-07-28T17:55:00Z,live,4
KXFED-27JUL-T3.75,KXFED,fomc_sep_hike,scheduled_macro,scheduled_macro,2026-09-16,live,active,binary,3.75%,Above 3.75%,3.75,,2026-09-18T15:00:00Z,2027-07-28T17:55:00Z,live,4
KXFED-27JUL-T3.50,KXFED,fomc_sep_hike,scheduled_macro,scheduled_macro,2026-09-16,live,active,binary,3.50%,Above 3.50%,3.5,,2026-09-18T15:00:00Z,2027-07-28T17:55:00Z,live,4
KXFED-27JUL-T3.25,KXFED,fomc_sep_hike,scheduled_macro,scheduled_macro,2026-09-16,live,active,binary,3.25%,Above 3.25%,3.25,,2026-09-18T15:00:00Z,2027-07-28T17:55:00Z,live,4
KXFED-27JUL-T3.00,KXFED,fomc_sep_hike,scheduled_macro,scheduled_macro,2026-09-16,live,active,binary,3.00%,Above 3.00%,3,,2026-09-18T15:00:00Z,2027-07-28T17:55:00Z,live,4
KXFED-27JUL-T2.75,KXFED,fomc_sep_hike,scheduled_macro,scheduled_macro,2026-09-16,live,active,binary,2.75%,Above 2.75%,2.75,,2026-09-18T15:00:00Z,2027-07-28T17:55:00Z,live,4
KXFED-27JUL-T2.50,KXFED,fomc_sep_hike,scheduled_macro,scheduled_macro,2026-09-16,live,active,binary,2.50%,Above 2.50%,2.5,,2026-09-18T15:00:00Z,2027-07-28T17:55:00Z,live,4
KXFED-27JUL-T2.25,KXFED,fomc_sep_hike,scheduled_macro,scheduled_macro,2026-09-16,live,active,binary,2.25%,Above 2.25%,2.25,,2026-09-18T15:00:00Z,2027-07-28T17:55:00Z,live,4
KXFED-27JUL-T2.00,KXFED,fomc_sep_hike,scheduled_macro,scheduled_macro,2026-09-16,live,active,binary,2.00%,Above 2.00%,2,,2026-09-18T15:00:00Z,2027-07-28T17:55:00Z,live,4
KXFED-27JUL-T1.75,KXFED,fomc_sep_hike,scheduled_macro,scheduled_macro,2026-09-16,live,active,binary,1.75%,Above 1.75%,1.75,,2026-09-18T15:00:00Z,2027-07-28T17:55:00Z,live,4
KXFED-27JUL-T1.50,KXFED,fomc_sep_hike,scheduled_macro,scheduled_macro,2026-09-16,live,active,binary,1.50%,Above 1.50%,1.5,,2026-09-18T15:00:00Z,2027-07-28T17:55:00Z,live,4
KXFED-27JUL-T1.25,KXFED,fomc_sep_hike,scheduled_macro,scheduled_macro,2026-09-16,live,active,binary,1.25%,Above 1.25%,1.25,,2026-09-18T15:00:00Z,2027-07-28T17:55:00Z,live,4
KXFED-27JUL-T1.00,KXFED,fomc_sep_hike,scheduled_macro,scheduled_macro,2026-09-16,live,active,binary,1.00%,Above 1.00%,1,,2026-09-18T15:00:00Z,2027-07-28T17:55:00Z,live,4
KXFED-27JUL-T0.50,KXFED,fomc_sep_hike,scheduled_macro,scheduled_macro,2026-09-16,live,active,binary,0.50%,Above 0.50%,0.5,,2026-09-18T15:00:00Z,2027-07-28T17:55:00Z,live,4
KXFED-27JUL-T0.25,KXFED,fomc_sep_hike,scheduled_macro,scheduled_macro,2026-09-16,live,active,binary,0.25%,Above 0.25%,0.25,,2026-09-18T15:00:00Z,2027-07-28T17:55:00Z,live,4
KXFED-27JUL-T0.00,KXFED,fomc_sep_hike,scheduled_macro,scheduled_macro,2026-09-16,live,active,binary,0.00%,Above 0.00%,0,,2026-09-18T15:00:00Z,2027-07-28T17:55:00Z,live,4
KXFED-27JUN-T6.00,KXFED,fomc_sep_hike,scheduled_macro,scheduled_macro,2026-09-16,live,active,binary,6.00%,Above 6.00%,6,,2026-09-18T15:00:00Z,2027-06-09T17:55:00Z,live,6
KXFED-27JUN-T5.75,KXFED,fomc_sep_hike,scheduled_macro,scheduled_macro,2026-09-16,live,active,binary,5.75%,Above 5.75%,5.75,,2026-09-18T15:00:00Z,2027-06-09T17:55:00Z,live,5
KXFED-27JUN-T5.50,KXFED,fomc_sep_hike,scheduled_macro,scheduled_macro,2026-09-16,live,active,binary,5.50%,Above 5.50%,5.5,,2026-09-18T15:00:00Z,2027-06-09T17:55:00Z,live,5
KXFED-27JUN-T5.25,KXFED,fomc_sep_hike,scheduled_macro,scheduled_macro,2026-09-16,live,active,binary,5.25%,Above 5.25%,5.25,,2026-09-18T15:00:00Z,2027-06-09T17:55:00Z,live,5
KXFED-27JUN-T5.00,KXFED,fomc_sep_hike,scheduled_macro,scheduled_macro,2026-09-16,live,active,binary,5.00%,Above 5.00%,5,,2026-09-18T15:00:00Z,2027-06-09T17:55:00Z,live,6
KXFED-27JUN-T4.75,KXFED,fomc_sep_hike,scheduled_macro,scheduled_macro,2026-09-16,live,active,binary,4.75%,Above 4.75%,4.75,,2026-09-18T15:00:00Z,2027-06-09T17:55:00Z,live,6
KXFED-27JUN-T4.50,KXFED,fomc_sep_hike,scheduled_macro,scheduled_macro,2026-09-16,live,active,binary,4.50%,Above 4.50%,4.5,,2026-09-18T15:00:00Z,2027-06-09T17:55:00Z,live,6
KXFED-27JUN-T4.25,KXFED,fomc_sep_hike,scheduled_macro,scheduled_macro,2026-09-16,live,active,binary,4.25%,Above 4.25%,4.25,,2026-09-18T15:00:00Z,2027-06-09T17:55:00Z,live,6
KXFED-27JUN-T4.00,KXFED,fomc_sep_hike,scheduled_macro,scheduled_macro,2026-09-16,live,active,binary,4.00%,Above 4.00%,4,,2026-09-18T15:00:00Z,2027-06-09T17:55:00Z,live,6
KXFED-27JUN-T3.75,KXFED,fomc_sep_hike,scheduled_macro,scheduled_macro,2026-09-16,live,active,binary,3.75%,Above 3.75%,3.75,,2026-09-18T15:00:00Z,2027-06-09T17:55:00Z,live,6
KXFED-27JUN-T3.50,KXFED,fomc_sep_hike,scheduled_macro,scheduled_macro,2026-09-16,live,active,binary,3.50%,Above 3.50%,3.5,,2026-09-18T15:00:00Z,2027-06-09T17:55:00Z,live,5
KXFED-27JUN-T3.00,KXFED,fomc_sep_hike,scheduled_macro,scheduled_macro,2026-09-16,live,active,binary,3.00%,Above 3.00%,3,,2026-09-18T15:00:00Z,2027-06-09T17:55:00Z,live,5
KXFED-27JUN-T2.75,KXFED,fomc_sep_hike,scheduled_macro,scheduled_macro,2026-09-16,live,active,binary,2.75%,Above 2.75%,2.75,,2026-09-18T15:00:00Z,2027-06-09T17:55:00Z,live,5
KXFED-27JUN-T2.50,KXFED,fomc_sep_hike,scheduled_macro,scheduled_macro,2026-09-16,live,active,binary,2.50%,Above 2.50%,2.5,,2026-09-18T15:00:00Z,2027-06-09T17:55:00Z,live,5
KXFED-27JUN-T2.25,KXFED,fomc_sep_hike,scheduled_macro,scheduled_macro,2026-09-16,live,active,binary,2.25%,Above 2.25%,2.25,,2026-09-18T15:00:00Z,2027-06-09T17:55:00Z,live,5
KXFED-27JUN-T2.00,KXFED,fomc_sep_hike,scheduled_macro,scheduled_macro,2026-09-16,live,active,binary,2.00%,Above 2.00%,2,,2026-09-18T15:00:00Z,2027-06-09T17:55:00Z,live,5
KXFED-27JUN-T1.75,KXFED,fomc_sep_hike,scheduled_macro,scheduled_macro,2026-09-16,live,active,binary,1.75%,Above 1.75%,1.75,,2026-09-18T15:00:00Z,2027-06-09T17:55:00Z,live,5
KXFED-27JUN-T1.50,KXFED,fomc_sep_hike,scheduled_macro,scheduled_macro,2026-09-16,live,active,binary,1.50%,Above 1.50%,1.5,,2026-09-18T15:00:00Z,2027-06-09T17:55:00Z,live,5
KXFED-27JUN-T1.25,KXFED,fomc_sep_hike,scheduled_macro,scheduled_macro,2026-09-16,live,active,binary,1.25%,Above 1.25%,1.25,,2026-09-18T15:00:00Z,2027-06-09T17:55:00Z,live,5
KXFED-27JUN-T1.00,KXFED,fomc_sep_hike,scheduled_macro,scheduled_macro,2026-09-16,live,active,binary,1.00%,Above 1.00%,1,,2026-09-18T15:00:00Z,2027-06-09T17:55:00Z,live,5
KXFED-27JUN-T0.75,KXFED,fomc_sep_hike,scheduled_macro,scheduled_macro,2026-09-16,live,active,binary,0.75%,Above 0.75%,0.75,,2026-09-18T15:00:00Z,2027-06-09T17:55:00Z,live,5
KXFED-27JUN-T0.50,KXFED,fomc_sep_hike,scheduled_macro,scheduled_macro,2026-09-16,live,active,binary,0.50%,Above 0.50%,0.5,,2026-09-18T15:00:00Z,2027-06-09T17:55:00Z,live,5
KXFED-27JUN-T0.25,KXFED,fomc_sep_hike,scheduled_macro,scheduled_macro,2026-09-16,live,active,binary,0.25%,Above 0.25%,0.25,,2026-09-18T15:00:00Z,2027-06-09T17:55:00Z,live,6
KXFED-27JUN-T0.00,KXFED,fomc_sep_hike,scheduled_macro,scheduled_macro,2026-09-16,live,active,binary,0.00%,Above 0.00%,0,,2026-09-18T15:00:00Z,2027-06-09T17:55:00Z,live,6
KXFED-27APR-T2.25,KXFED,fomc_sep_hike,scheduled_macro,scheduled_macro,2026-09-16,live,active,binary,2.25%,Above 2.25%,2.25,,2025-10-13T14:00:00Z,2027-04-28T17:55:00Z,live,53
