timestamp,ticker,bid,ask,last,volume,trades,open_interest
2026-09-19T04:00:00+00:00,KXFED-27APR-T6.00,0.0100,0.9900,,0.00,,0.00
2026-09-19T04:00:00+00:00,KXFED-27APR-T5.75,0.0100,0.9900,,0.00,,0.00
2026-09-19T04:00:00+00:00,KXFED-27APR-T5.50,0.0100,0.9900,,0.00,,0.00
2026-09-19T04:00:00+00:00,KXFED-27APR-T5.25,0.0100,0.9900,,0.00,,0.00
2026-09-19T04:00:00+00:00,KXFED-27APR-T5.00,0.0100,0.9900,,0.00,,0.00
2026-09-19T04:00:00+00:00,KXFED-27APR-T4.75,0.0100,0.9900,,0.00,,0.00
2026-09-19T04:00:00+00:00,KXFED-27APR-T4.50,0.0100,0.9900,,0.00,,0.00
2026-09-19T04:00:00+00:00,KXFED-27MAR-T6.00,0.0100,0.9900,,0.00,,0.00
2026-09-19T04:00:00+00:00,KXFED-27MAR-T5.75,0.0100,0.9900,,0.00,,0.00
2026-09-19T04:00:00+00:00,KXFED-27MAR-T5.50,0.0100,0.9900,,0.00,,0.00
2026-09-19T04:00:00+00:00,KXFED-27MAR-T5.25,0.0100,0.9900,,0.00,,0.00
2026-09-19T04:00:00+00:00,KXFED-27MAR-T5.00,0.0100,0.9900,,0.00,,0.00
2026-09-19T04:00:00+00:00,KXFED-27MAR-T4.75,0.0100,0.9900,,0.00,,0.00
2026-09-19T04:00:00+00:00,KXFED-27MAR-T4.50,0.0100,0.9900,,0.00,,0.00
2026-09-19T04:00:00+00:00,KXFED-27JAN-T6.00,0.0100,0.9800,,0.00,,0.00
2026-09-19T04:00:00+00:00,KXFED-27JAN-T5.75,0.0100,0.9800,,0.00,,0.00
2026-09-19T04:00:00+00:00,KXFED-27JAN-T5.50,0.0100,0.9800,,0.00,,0.00
2026-09-19T04:00:00+00:00,KXFED-27JAN-T5.25,0.0100,0.9800,,0.00,,0.00
2026-09-19T04:00:00+00:00,KXFED-27JAN-T5.00,0.0100,0.9800,,0.00,,0.00
2026-09-19T04:00:00+00:00,KXFED-27JAN-T4.75,0.0100,0.9800,,0.00,,0.00
2026-09-19T04:00:00+00:00,KXFED-27JAN-T4.50,0.0100,0.9800,,0.00,,0.00
2026-09-19T04:00:00+00:00,KXFED-28JAN-T6.00,0.0100,0.9900,,0.00,,0.00
2026-09-19T04:00:00+00:00,KXFED-28JAN-T5.75,0.0100,0.9900,,0.00,,0.00
2026-09-19T04:00:00+00:00,KXFED-28JAN-T5.50,0.0100,0.9900,,0.00,,0.00
2026-09-19T04:00:00+00:00,KXFED-28JAN-T5.25,0.0100,0.9900,,0.00,,0.00
2026-09-19T04:00:00+00:00,KXFED-28JAN-T5.00,0.0100,0.9900,,0.00,,0.00
2026-09-19T04:00:00+00:00,KXFED-28JAN-T4.75,0.0100,0.9900,,0.00,,0.00
2026-09-19T04:00:00+00:00,KXFED-28JAN-T4.50,0.0100,0.9900,,0.00,,0.00
2026-09-19T04:00:00+00:00,KXFED-28JAN-T4.25,0.0100,0.9900,,0.00,,0.00
2026-09-19T04:00:00+00:00,KXFED-28JAN-T4.00,0.0100,0.9900,,0.00,,0.00
2026-09-19T04:00:00+00:00,KXFED-28JAN-T3.75,0.0100,0.9900,,0.00,,0.00
2026-09-19T04:00:00+00:00,KXFED-28JAN-T3.50,0.0100,0.9900,,0.00,,0.00
2026-09-19T04:00:00+00:00,KXFED-28JAN-T3.25,0.6000,0.9900,0.9900,15.00,,15.00
2026-09-19T04:00:00+00:00,KXFED-28JAN-T3.00,0.6000,0.9900,0.9900,15.00,,15.00
2026-09-19T04:00:00+00:00,KXFED-28JAN-T2.75,0.6000,0.9900,0.9900,15.00,,15.00
2026-09-19T04:00:00+00:00,KXFED-28JAN-T2.50,0.6000,0.9900,0.9900,15.00,,15.00
2026-09-19T04:00:00+00:00,KXFED-28JAN-T2.25,0.6000,0.9900,0.9900,15.00,,15.00
2026-09-19T04:00:00+00:00,KXFED-28JAN-T2.00,0.6000,0.9900,0.9900,15.00,,15.00
2026-09-19T04:00:00+00:00,KXFED-28JAN-T1.75,0.6000,0.9900,0.9900,15.00,,15.00
2026-09-19T04:00:00+00:00,KXFED-28JAN-T1.50,0.6000,0.9900,0.9900,15.00,,15.00
2026-09-19T04:00:00+00:00,KXFED-28JAN-T1.25,0.6000,0.9900,0.9900,15.00,,15.00
2026-09-19T04:00:00+00:00,KXFED-28JAN-T1.00,0.6000,0.9900,0.9900,15.00,,15.00
2026-09-19T04:00:00+00:00,KXFED-28JAN-T0.75,0.6000,0.9900,0.9900,15.00,,15.00
2026-09-19T04:00:00+00:00,KXFED-28JAN-T0.50,0.6000,0.9900,0.9900,15.00,,15.00
2026-09-19T04:00:00+00:00,KXFED-28JAN-T0.25,0.6000,0.9900,0.9900,15.00,,15.00
2026-09-19T04:00:00+00:00,KXFED-28JAN-T0.00,0.6000,0.9900,0.9900,15.00,,15.00
2026-09-19T04:00:00+00:00,KXFED-27DEC-T6.00,0.0100,0.9900,,0.00,,0.00
2026-09-19T04:00:00+00:00,KXFED-27DEC-T5.75,0.0100,0.9900,,0.00,,0.00
2026-09-19T04:00:00+00:00,KXFED-27DEC-T5.50,0.0100,0.9900,,0.00,,0.00
2026-09-19T04:00:00+00:00,KXFED-27DEC-T5.25,0.0100,0.9900,,0.00,,0.00
2026-09-19T04:00:00+00:00,KXFED-27DEC-T5.00,0.0100,0.9900,,0.00,,0.00
2026-09-19T04:00:00+00:00,KXFED-27DEC-T4.75,0.0100,0.9900,,0.00,,0.00
2026-09-19T04:00:00+00:00,KXFED-27DEC-T4.50,0.0100,0.9900,,0.00,,0.00
2026-09-19T04:00:00+00:00,KXFED-27DEC-T4.25,0.0100,0.9900,,0.00,,0.00
2026-09-19T04:00:00+00:00,KXFED-27DEC-T4.00,0.0100,0.9900,,0.00,,0.00
2026-09-19T04:00:00+00:00,KXFED-27DEC-T3.75,0.0100,0.9900,,0.00,,0.00
2026-09-19T04:00:00+00:00,KXFED-27DEC-T3.50,0.0100,0.9900,,0.00,,0.00
2026-09-19T04:00:00+00:00,KXFED-27DEC-T3.25,0.6000,0.9900,0.9900,9.00,,9.00
2026-09-19T04:00:00+00:00,KXFED-27DEC-T3.00,0.6000,0.9900,0.9900,10.00,,10.00
2026-09-19T04:00:00+00:00,KXFED-27DEC-T2.75,0.6000,0.9900,0.9900,10.00,,10.00
2026-09-19T04:00:00+00:00,KXFED-27DEC-T2.50,0.6000,0.9900,0.9900,11.00,,11.00
2026-09-19T04:00:00+00:00,KXFED-27DEC-T2.25,0.6000,0.9900,0.9900,12.00,,12.00
2026-09-19T04:00:00+00:00,KXFED-27DEC-T2.00,0.6000,0.9900,0.9900,12.00,,12.00
2026-09-19T04:00:00+00:00,KXFED-27DEC-T1.75,0.6000,0.9900,0.9900,13.00,,13.00
2026-09-19T04:00:00+00:00,KXFED-27DEC-T1.50,0.6000,0.9900,0.9900,14.00,,14.00
2026-09-19T04:00:00+00:00,KXFED-27DEC-T1.25,0.6000,0.9900,0.9900,15.00,,15.00
2026-09-19T04:00:00+00:00,KXFED-27DEC-T1.00,0.6000,0.9900,0.9900,15.00,,15.00
2026-09-19T04:00:00+00:00,KXFED-27DEC-T0.75,0.6000,0.9900,0.9900,15.00,,15.00
2026-09-19T04:00:00+00:00,KXFED-27DEC-T0.50,0.6000,0.9900,0.9900,15.00,,15.00
2026-09-19T04:00:00+00:00,KXFED-27DEC-T0.25,0.6000,0.9900,0.9900,15.00,,15.00
2026-09-19T04:00:00+00:00,KXFED-27DEC-T0.00,0.6000,0.9900,0.9900,15.00,,15.00
2026-09-19T04:00:00+00:00,KXFED-27OCT-T6.00,0.0100,0.9900,,0.00,,0.00
2026-09-19T04:00:00+00:00,KXFED-27OCT-T5.75,0.0100,0.9900,,0.00,,0.00
2026-09-19T04:00:00+00:00,KXFED-27OCT-T5.50,0.0100,0.9900,,0.00,,0.00
2026-09-19T04:00:00+00:00,KXFED-27OCT-T5.25,0.0100,0.9900,,0.00,,0.00
2026-09-19T04:00:00+00:00,KXFED-27OCT-T5.00,0.0100,0.9900,,0.00,,0.00
2026-09-19T04:00:00+00:00,KXFED-27OCT-T4.75,0.0100,0.9900,,0.00,,0.00
2026-09-19T04:00:00+00:00,KXFED-27OCT-T4.50,0.0100,0.9900,,0.00,,0.00
2026-09-19T04:00:00+00:00,KXFED-27OCT-T4.25,0.0100,0.9900,,0.00,,0.00
2026-09-19T04:00:00+00:00,KXFED-27OCT-T4.00,0.0100,0.9900,,0.00,,0.00
2026-09-19T04:00:00+00:00,KXFED-27OCT-T3.75,0.0100,0.9900,,0.00,,0.00
2026-09-19T04:00:00+00:00,KXFED-27OCT-T3.50,0.0100,0.9900,,0.00,,0.00
2026-09-19T04:00:00+00:00,KXFED-27OCT-T3.25,0.6000,0.9900,0.9900,3.00,,3.00
2026-09-19T04:00:00+00:00,KXFED-27OCT-T3.00,0.6000,0.9900,0.9900,4.00,,4.00
2026-09-19T04:00:00+00:00,KXFED-27OCT-T2.75,0.6000,0.9900,0.9900,4.00,,4.00
2026-09-19T04:00:00+00:00,KXFED-27OCT-T2.50,0.6000,0.9900,0.9900,4.00,,4.00
2026-09-19T04:00:00+00:00,KXFED-27OCT-T2.25,0.6000,0.9900,0.9900,5.00,,5.00
2026-09-19T04:00:00+00:00,KXFED-27OCT-T2.00,0.6000,0.9900,0.9900,5.00,,5.00
2026-09-19T04:00:00+00:00,KXFED-27OCT-T1.75,0.6000,0.9900,0.9900,5.00,,5.00
2026-09-19T04:00:00+00:00,KXFED-27OCT-T1.50,0.6000,0.9900,0.9900,6.00,,6.00
2026-09-19T04:00:00+00:00,KXFED-27OCT-T1.25,0.6000,0.9900,0.9900,6.00,,6.00
2026-09-19T04:00:00+00:00,KXFED-27OCT-T1.00,0.6000,0.9900,0.9900,6.00,,6.00
2026-09-19T04:00:00+00:00,KXFED-27OCT-T0.75,0.6000,0.9900,0.9900,7.00,,7.00
2026-09-19T04:00:00+00:00,KXFED-27OCT-T0.50,0.6000,0.9900,0.9900,7.00,,7.00
2026-09-19T04:00:00+00:00,KXFED-27OCT-T0.25,0.9000,0.9900,0.9900,8.00,,8.00
2026-09-19T04:00:00+00:00,KXFED-27OCT-T0.00,0.9500,0.9900,0.9900,8.00,,8.00
2026-09-19T04:00:00+00:00,KXFED-27SEP-T6.00,0.0100,0.9900,,0.00,,0.00
2026-09-19T04:00:00+00:00,KXFED-27SEP-T5.75,0.0100,0.9900,,0.00,,0.00
2026-09-19T04:00:00+00:00,KXFED-27SEP-T5.50,0.0100,0.9900,,0.00,,0.00
2026-09-19T04:00:00+00:00,KXFED-27SEP-T5.25,0.0100,0.9900,,0.00,,0.00
2026-09-19T04:00:00+00:00,KXFED-27SEP-T5.00,0.0100,0.9900,,0.00,,0.00
2026-09-19T04:00:00+00:00,KXFED-27SEP-T4.75,0.0100,0.9900,,0.00,,0.00
2026-09-19T04:00:00+00:00,KXFED-27SEP-T4.50,0.0100,0.9900,,0.00,,0.00
2026-09-19T04:00:00+00:00,KXFED-27SEP-T4.25,0.0100,0.9900,,0.00,,0.00
2026-09-19T04:00:00+00:00,KXFED-27SEP-T4.00,0.0100,0.9900,,0.00,,0.00
2026-09-19T04:00:00+00:00,KXFED-27SEP-T3.75,0.0100,0.9900,,0.00,,0.00
2026-09-19T04:00:00+00:00,KXFED-27SEP-T3.50,0.0100,0.9900,,0.00,,0.00
2026-09-19T04:00:00+00:00,KXFED-27SEP-T3.25,0.6000,0.9900,0.9900,1.00,,1.00
2026-09-19T04:00:00+00:00,KXFED-27SEP-T3.00,0.6000,0.9900,0.9900,1.00,,1.00
2026-09-19T04:00:00+00:00,KXFED-27SEP-T2.75,0.6000,0.9900,0.9900,1.00,,1.00
2026-09-19T04:00:00+00:00,KXFED-27SEP-T2.50,0.6000,0.9900,0.9900,1.00,,1.00
2026-09-19T04:00:00+00:00,KXFED-27SEP-T2.25,0.6000,0.9900,0.9900,2.00,,2.00
2026-09-19T04:00:00+00:00,KXFED-27SEP-T2.00,0.6000,0.9900,0.9900,2.00,,2.00
2026-09-19T04:00:00+00:00,KXFED-27SEP-T1.75,0.6000,0.9900,0.9900,2.00,,2.00
2026-09-19T04:00:00+00:00,KXFED-27SEP-T1.50,0.6000,0.9900,0.9900,2.00,,2.00
2026-09-19T04:00:00+00:00,KXFED-27SEP-T1.25,0.6000,0.9900,0.9900,2.00,,2.00
2026-09-19T04:00:00+00:00,KXFED-27SEP-T1.00,0.6000,0.9900,0.9900,2.00,,2.00
2026-09-19T04:00:00+00:00,KXFED-27SEP-T0.75,0.6000,0.9900,0.9900,3.00,,3.00
2026-09-19T04:00:00+00:00,KXFED-27SEP-T0.50,0.6000,0.9900,0.9900,3.00,,3.00
2026-09-19T04:00:00+00:00,KXFED-27SEP-T0.25,0.6000,0.9900,0.9900,3.00,,3.00
2026-09-19T04:00:00+00:00,KXFED-27SEP-T0.00,0.6000,0.9900,0.9900,3.00,,3.00
2026-09-19T04:00:00+00:00,KXFED-27JUL-T6.00,0.0100,0.9900,,0.00,,0.00
2026-09-19T04:00:00+00:00,KXFED-27JUL-T5.75,0.0100,0.9900,,0.00,,0.00
2026-09-19T04:00:00+00:00,KXFED-27JUL-T5.50,0.0100,0.9900,,0.00,,0.00
2026-09-19T04:00:00+00:00,KXFED-27JUL-T5.25,0.0100,0.9900,,0.00,,0.00
2026-09-19T04:00:00+00:00,KXFED-27JUL-T5.00,0.0100,0.9900,,0.00,,0.00
2026-09-19T04:00:00+00:00,KXFED-27JUL-T4.75,0.0100,0.9900,,0.00,,0.00
2026-09-19T04:00:00+00:00,KXFED-27JUL-T4.50,0.0100,0.9900,,0.00,,0.00
2026-09-19T04:00:00+00:00,KXFED-27JUL-T4.25,0.0100,0.9900,,0.00,,0.00
2026-09-19T04:00:00+00:00,KXFED-27JUL-T4.00,0.0100,0.9900,,0.00,,0.00
2026-09-19T04:00:00+00:00,KXFED-27JUL-T3.75,0.0100,0.9900,,0.00,,0.00
2026-09-19T04:00:00+00:00,KXFED-27JUL-T3.50,0.0100,0.9900,,0.00,,0.00
2026-09-19T04:00:00+00:00,KXFED-27JUL-T3.25,0.0100,0.9900,0.9900,1.00,,1.00
2026-09-19T04:00:00+00:00,KXFED-27JUL-T3.00,0.0100,0.9900,0.9900,1.00,,1.00
2026-09-19T04:00:00+00:00,KXFED-27JUL-T2.75,0.0100,0.9900,0.9900,1.00,,1.00
2026-09-19T04:00:00+00:00,KXFED-27JUL-T2.50,0.0200,0.9900,0.9900,2.00,,2.00
2026-09-19T04:00:00+00:00,KXFED-27JUL-T2.25,0.0200,0.9900,0.9900,2.00,,2.00
2026-09-19T04:00:00+00:00,KXFED-27JUL-T2.00,0.0200,0.9900,0.9900,2.00,,2.00
2026-09-19T04:00:00+00:00,KXFED-27JUL-T1.75,0.0200,0.9900,0.9900,2.00,,2.00
2026-09-19T04:00:00+00:00,KXFED-27JUL-T1.50,0.0100,0.9900,0.9900,1.00,,1.00
2026-09-19T04:00:00+00:00,KXFED-27JUL-T1.25,0.0100,0.9900,0.9900,1.00,,1.00
2026-09-19T04:00:00+00:00,KXFED-27JUL-T1.00,0.0100,0.9900,0.9900,1.00,,1.00
2026-09-19T04:00:00+00:00,KXFED-27JUL-T0.75,0.0100,0.9900,0.9900,1.00,,1.00
2026-09-19T04:00:00+00:00,KXFED-27JUL-T0.50,0.0100,0.9900,0.9900,1.00,,1.00
2026-09-19T04:00:00+00:00,KXFED-27JUL-T0.25,0.0100,0.9900,0.9900,1.00,,1.00
2026-09-19T04:00:00+00:00,KXFED-27JUL-T0.00,0.0100,0.9900,0.9900,1.00,,1.00
2026-09-19T04:00:00+00:00,KXFED-27JUN-T6.00,0.0100,0.9900,,0.00,,0.00
2026-09-19T04:00:00+00:00,KXFED-27JUN-T5.75,0.0100,0.9900,,0.00,,0.00
2026-09-19T04:00:00+00:00,KXFED-27JUN-T5.50,0.0100,0.9900,,0.00,,0.00
2026-09-19T04:00:00+00:00,KXFED-27JUN-T5.25,0.0100,0.9900,,0.00,,0.00
2026-09-19T04:00:00+00:00,KXFED-27JUN-T5.00,0.0100,0.9900,,0.00,,0.00
2026-09-19T04:00:00+00:00,KXFED-27JUN-T4.75,0.0100,0.9900,,0.00,,0.00
2026-09-19T04:00:00+00:00,KXFED-27JUN-T4.50,0.0100,0.9900,,0.00,,0.00
2026-09-19T04:00:00+00:00,KXFED-27JUN-T4.25,0.0100,0.9900,,0.00,,0.00
2026-09-19T04:00:00+00:00,KXFED-27JUN-T4.00,0.0100,0.9900,,0.00,,0.00
2026-09-19T04:00:00+00:00,KXFED-27JUN-T3.75,0.0100,0.9900,,0.00,,0.00
2026-09-19T04:00:00+00:00,KXFED-27JUN-T3.50,0.0100,0.9900,,0.00,,0.00
2026-09-19T04:00:00+00:00,KXFED-27JUN-T3.25,0.0100,0.9900,,0.00,,0.00
2026-09-19T04:00:00+00:00,KXFED-27JUN-T3.00,0.0100,0.9900,,0.00,,0.00
2026-09-19T04:00:00+00:00,KXFED-27JUN-T2.75,0.0100,0.9900,,0.00,,0.00
2026-09-19T04:00:00+00:00,KXFED-27JUN-T2.50,0.0100,0.9900,,0.00,,0.00
2026-09-19T04:00:00+00:00,KXFED-27JUN-T2.25,0.0100,0.9900,,0.00,,0.00
2026-09-19T04:00:00+00:00,KXFED-27JUN-T2.00,0.0100,0.9900,,0.00,,0.00
2026-09-19T04:00:00+00:00,KXFED-27JUN-T1.75,0.0100,0.9900,0.9900,1.00,,1.00
2026-09-19T04:00:00+00:00,KXFED-27JUN-T1.50,0.0100,0.9900,0.9900,1.00,,1.00
2026-09-19T04:00:00+00:00,KXFED-27JUN-T1.25,0.0100,0.9900,0.9900,1.00,,1.00
2026-09-19T04:00:00+00:00,KXFED-27JUN-T1.00,0.0100,0.9900,0.9900,1.00,,1.00
2026-09-19T04:00:00+00:00,KXFED-27JUN-T0.75,0.0100,0.9900,0.9900,1.00,,1.00
2026-09-19T04:00:00+00:00,KXFED-27JUN-T0.50,0.0100,0.9900,0.9900,1.00,,1.00
2026-09-19T04:00:00+00:00,KXFED-27JUN-T0.25,0.0100,0.9900,0.9900,1.00,,1.00
2026-09-19T04:00:00+00:00,KXFED-27JUN-T0.00,0.0100,0.9900,0.9900,1.00,,1.00
2026-08-02T04:00:00+00:00,KXFED-27APR-T4.25,0.1400,0.2900,,0.00,,2028.01
2026-08-03T04:00:00+00:00,KXFED-27APR-T4.25,0.1200,0.2800,,0.00,,2028.01
2026-08-04T04:00:00+00:00,KXFED-27APR-T4.25,0.1200,0.2900,,0.00,,2028.01
2026-08-05T04:00:00+00:00,KXFED-27APR-T4.25,0.3000,0.4800,0.3000,10.00,,2027.01
2026-08-06T04:00:00+00:00,KXFED-27APR-T4.25,0.3000,0.4700,0.4700,4.00,,2028.01
2026-08-07T04:00:00+00:00,KXFED-27APR-T4.25,0.3000,0.3200,0.3000,42.00,,2049.01
2026-08-08T04:00:00+00:00,KXFED-27APR-T4.25,0.3100,0.3300,0.3100,5.00,,2049.01
2026-08-11T04:00:00+00:00,KXFED-27APR-T4.25,0.3100,0.4000,,0.00,,2049.01
2026-08-12T04:00:00+00:00,KXFED-27APR-T4.25,0.1700,0.3600,,0.00,,2049.01
2026-08-13T04:00:00+00:00,KXFED-27APR-T4.25,0.0900,0.3400,0.1700,3.00,,2050.01
2026-08-14T04:00:00+00:00,KXFED-27APR-T4.25,0.1700,0.3300,,0.00,,2050.01
2026-08-15T04:00:00+00:00,KXFED-27APR-T4.25,0.1700,0.3600,,0.00,,2050.01
2026-08-16T04:00:00+00:00,KXFED-27APR-T4.25,0.1700,0.3400,,0.00,,2050.01
2026-08-17T04:00:00+00:00,KXFED-27APR-T4.25,0.1700,0.3600,,0.00,,2050.01
2026-08-18T04:00:00+00:00,KXFED-27APR-T4.25,0.1700,0.3500,,0.00,,2050.01
2026-08-19T04:00:00+00:00,KXFED-27APR-T4.25,0.1700,0.3600,,0.00,,2050.01
2026-08-20T04:00:00+00:00,KXFED-27APR-T4.25,0.1700,0.3900,,0.00,,2050.01
2026-08-21T04:00:00+00:00,KXFED-27APR-T4.25,0.1600,0.3900,,0.00,,2050.01
2026-08-22T04:00:00+00:00,KXFED-27APR-T4.25,0.1600,0.3500,,0.00,,2050.01
2026-08-23T04:00:00+00:00,KXFED-27APR-T4.25,0.3200,0.3600,,0.00,,2050.01
2026-08-24T04:00:00+00:00,KXFED-27APR-T4.25,0.1600,0.3500,,0.00,,2050.01
2026-08-25T04:00:00+00:00,KXFED-27APR-T4.25,0.1600,0.3500,,0.00,,2050.01
2026-08-26T04:00:00+00:00,KXFED-27APR-T4.25,0.1600,0.3500,,0.00,,2050.01
2026-08-27T04:00:00+00:00,KXFED-27APR-T4.25,0.1500,0.3500,,0.00,,2050.01
2026-08-28T04:00:00+00:00,KXFED-27APR-T4.25,0.1500,0.3500,0.1700,2.00,,2050.01
2026-08-29T04:00:00+00:00,KXFED-27APR-T4.25,0.2600,0.3500,0.2600,6.00,,2054.01
2026-08-30T04:00:00+00:00,KXFED-27APR-T4.25,0.2600,0.3500,,0.00,,2054.01
2026-08-31T04:00:00+00:00,KXFED-27APR-T4.25,0.2600,0.3500,,0.00,,2054.01
2026-09-01T04:00:00+00:00,KXFED-27APR-T4.25,0.1800,0.3400,0.2600,1.00,,2053.01
2026-09-02T04:00:00+00:00,KXFED-27APR-T4.25,0.1700,0.3400,0.2700,1.00,,2053.01
2026-09-03T04:00:00+00:00,KXFED-27APR-T4.25,0.1700,0.3500,0.3500,2.00,,2055.01
2026-09-04T04:00:00+00:00,KXFED-27APR-T4.25,0.1500,0.3500,,0.00,,2055.01
2026-09-05T04:00:00+00:00,KXFED-27APR-T4.25,0.1500,0.3500,,0.00,,2055.01
2026-09-06T04:00:00+00:00,KXFED-27APR-T4.25,0.2100,0.3700,0.3700,30.00,,2054.01
2026-09-07T04:00:00+00:00,KXFED-27APR-T4.25,0.1800,0.3700,0.1600,5.00,,2049.01
2026-09-08T04:00:00+00:00,KXFED-27APR-T4.25,0.1700,0.2500,,0.00,,2049.01
2026-09-09T04:00:00+00:00,KXFED-27APR-T4.25,0.2500,0.4000,0.1800,25.17,,2024.01
2026-09-10T04:00:00+00:00,KXFED-27APR-T4.25,0.1500,0.4200,,0.00,,2024.01
2026-09-11T04:00:00+00:00,KXFED-27APR-T4.25,0.3400,0.4400,,0.00,,2024.01
2026-09-12T04:00:00+00:00,KXFED-27APR-T4.25,0.3500,0.4400,0.4500,28.03,,2024.01
2026-09-13T04:00:00+00:00,KXFED-27APR-T4.25,0.3500,0.4400,,0.00,,2024.01
2026-09-14T04:00:00+00:00,KXFED-27APR-T4.25,0.3500,0.4400,,0.00,,2024.01
2026-09-15T04:00:00+00:00,KXFED-27APR-T4.25,0.4300,0.4500,0.4300,16.75,,2040.26
2026-09-17T04:00:00+00:00,KXFED-27APR-T4.25,0.3600,0.5300,0.4700,9.00,,2049.26
2026-09-18T04:00:00+00:00,KXFED-27APR-T4.25,0.3700,0.4400,0.3600,11.00,,2049.26
2026-09-19T04:00:00+00:00,KXFED-27APR-T4.25,0.4000,0.5300,,0.00,,2049.26
2026-08-02T04:00:00+00:00,KXFED-27APR-T4.00,0.4000,0.5200,,0.00,,1732.72
2026-08-03T04:00:00+00:00,KXFED-27APR-T4.00,0.4000,0.4600,0.4000,24.00,,1732.72
2026-08-04T04:00:00+00:00,KXFED-27APR-T4.00,0.4000,0.6100,,0.00,,1732.72
2026-08-05T04:00:00+00:00,KXFED-27APR-T4.00,0.4000,0.6900,0.4000,9.00,,1732.72
2026-08-06T04:00:00+00:00,KXFED-27APR-T4.00,0.2600,0.7000,,0.00,,1732.72
2026-08-07T04:00:00+00:00,KXFED-27APR-T4.00,0.2300,0.5700,,0.00,,1732.72
2026-08-08T04:00:00+00:00,KXFED-27APR-T4.00,0.2300,0.4700,0.4200,1.00,,1732.72
2026-08-09T04:00:00+00:00,KXFED-27APR-T4.00,0.2200,0.5800,,0.00,,1732.72
2026-08-10T04:00:00+00:00,KXFED-27APR-T4.00,0.2300,0.6200,,0.00,,1732.72
2026-08-11T04:00:00+00:00,KXFED-27APR-T4.00,0.1700,0.6900,,0.00,,1732.72
2026-08-12T04:00:00+00:00,KXFED-27APR-T4.00,0.1900,0.5800,,0.00,,1732.72
2026-08-13T04:00:00+00:00,KXFED-27APR-T4.00,0.1900,0.6100,,0.00,,1732.72
2026-08-14T04:00:00+00:00,KXFED-27APR-T4.00,0.1900,0.6400,,0.00,,1732.72
2026-08-15T04:00:00+00:00,KXFED-27APR-T4.00,0.2000,0.7000,,0.00,,1732.72
2026-08-16T04:00:00+00:00,KXFED-27APR-T4.00,0.2200,0.7000,,0.00,,1732.72
2026-08-17T04:00:00+00:00,KXFED-27APR-T4.00,0.2400,0.7000,,0.00,,1732.72
2026-08-18T04:00:00+00:00,KXFED-27APR-T4.00,0.1900,0.6100,,0.00,,1732.72
2026-08-19T04:00:00+00:00,KXFED-27APR-T4.00,0.2100,0.6500,,0.00,,1732.72
2026-08-20T04:00:00+00:00,KXFED-27APR-T4.00,0.1700,0.6000,,0.00,,1732.72
2026-08-21T04:00:00+00:00,KXFED-27APR-T4.00,0.1700,0.6100,,0.00,,1732.72
2026-08-22T04:00:00+00:00,KXFED-27APR-T4.00,0.1700,0.6900,,0.00,,1732.72
2026-08-23T04:00:00+00:00,KXFED-27APR-T4.00,0.3200,0.5200,0.2000,100.00,,1762.20
2026-08-24T04:00:00+00:00,KXFED-27APR-T4.00,0.2500,0.6000,0.2600,40.00,,1724.36
2026-08-25T04:00:00+00:00,KXFED-27APR-T4.00,0.3600,0.5400,,0.00,,1724.36
2026-08-26T04:00:00+00:00,KXFED-27APR-T4.00,0.3600,0.5800,,0.00,,1724.36
2026-08-27T04:00:00+00:00,KXFED-27APR-T4.00,0.4000,0.6300,,0.00,,1724.36
2026-08-28T04:00:00+00:00,KXFED-27APR-T4.00,0.4000,0.5800,,0.00,,1724.36
2026-08-29T04:00:00+00:00,KXFED-27APR-T4.00,0.4200,0.5200,,0.00,,1724.36
2026-08-30T04:00:00+00:00,KXFED-27APR-T4.00,0.4200,0.5200,,0.00,,1724.36
2026-08-31T04:00:00+00:00,KXFED-27APR-T4.00,0.4200,0.5000,,0.00,,1724.36
2026-09-01T04:00:00+00:00,KXFED-27APR-T4.00,0.4100,0.5200,,0.00,,1724.36
2026-09-02T04:00:00+00:00,KXFED-27APR-T4.00,0.3400,0.4900,0.3700,21.74,,1719.20
2026-09-03T04:00:00+00:00,KXFED-27APR-T4.00,0.3800,0.4700,,0.00,,1719.20
2026-09-04T04:00:00+00:00,KXFED-27APR-T4.00,0.3300,0.4700,,0.00,,1719.20
2026-09-05T04:00:00+00:00,KXFED-27APR-T4.00,0.3000,0.5100,,0.00,,1719.20
2026-09-06T04:00:00+00:00,KXFED-27APR-T4.00,0.3300,0.4900,0.5100,58.74,,1694.96
2026-09-07T04:00:00+00:00,KXFED-27APR-T4.00,0.3600,0.6300,,0.00,,1694.96
2026-09-08T04:00:00+00:00,KXFED-27APR-T4.00,0.3600,0.6300,,0.00,,1694.96
2026-09-09T04:00:00+00:00,KXFED-27APR-T4.00,0.4000,0.6300,,0.00,,1694.96
2026-09-10T04:00:00+00:00,KXFED-27APR-T4.00,0.4100,0.6300,,0.00,,1694.96
2026-09-11T04:00:00+00:00,KXFED-27APR-T4.00,0.4400,0.6300,,0.00,,1694.96
2026-09-12T04:00:00+00:00,KXFED-27APR-T4.00,0.5100,0.6300,,0.00,,1694.96
2026-09-13T04:00:00+00:00,KXFED-27APR-T4.00,0.5100,0.6300,,0.00,,1694.96
2026-09-14T04:00:00+00:00,KXFED-27APR-T4.00,0.5100,0.5800,,0.00,,1694.96
2026-09-15T04:00:00+00:00,KXFED-27APR-T4.00,0.5800,0.5900,0.5800,18.08,,1713.04
2026-09-16T04:00:00+00:00,KXFED-27APR-T4.00,0.5900,0.6400,0.5900,4.00,,1717.04
2026-09-17T04:00:00+00:00,KXFED-27APR-T4.00,0.6500,0.8400,0.7800,75.78,,1780.82
2026-09-18T04:00:00+00:00,KXFED-27APR-T4.00,0.6600,0.8000,0.8000,5.00,,1780.82
2026-09-19T04:00:00+00:00,KXFED-27APR-T4.00,0.6500,0.8900,,0.00,,1780.82
2026-08-02T04:00:00+00:00,KXFED-27APR-T3.75,0.3900,0.5200,0.4100,1.00,,1690.75
2026-08-03T04:00:00+00:00,KXFED-27APR-T3.75,0.4100,0.5300,0.3600,2.00,,1690.75
2026-08-04T04:00:00+00:00,KXFED-27APR-T3.75,0.3300,0.7000,,0.00,,1690.75
2026-08-05T04:00:00+00:00,KXFED-27APR-T3.75,0.3500,0.7000,,0.00,,1690.75
2026-08-06T04:00:00+00:00,KXFED-27APR-T3.75,0.2700,0.7000,,0.00,,1690.75
2026-08-07T04:00:00+00:00,KXFED-27APR-T3.75,0.2700,0.7000,,0.00,,1690.75
2026-08-08T04:00:00+00:00,KXFED-27APR-T3.75,0.3900,0.4800,,0.00,,1690.75
2026-08-09T04:00:00+00:00,KXFED-27APR-T3.75,0.2500,0.6100,,0.00,,1690.75
2026-08-10T04:00:00+00:00,KXFED-27APR-T3.75,0.2500,0.6200,,0.00,,1690.75
2026-08-11T04:00:00+00:00,KXFED-27APR-T3.75,0.2100,0.7000,0.6900,8.00,,1690.75
2026-08-12T04:00:00+00:00,KXFED-27APR-T3.75,0.2400,0.6900,,0.00,,1690.75
2026-08-13T04:00:00+00:00,KXFED-27APR-T3.75,0.3200,0.5900,0.2400,6.63,,1684.12
2026-08-14T04:00:00+00:00,KXFED-27APR-T3.75,0.4200,0.6100,,0.00,,1684.12
2026-08-15T04:00:00+00:00,KXFED-27APR-T3.75,0.4200,0.7000,,0.00,,1684.12
2026-08-16T04:00:00+00:00,KXFED-27APR-T3.75,0.4200,0.7000,,0.00,,1684.12
2026-08-17T04:00:00+00:00,KXFED-27APR-T3.75,0.4200,0.7000,,0.00,,1684.12
2026-08-18T04:00:00+00:00,KXFED-27APR-T3.75,0.4200,0.7000,,0.00,,1684.12
2026-08-19T04:00:00+00:00,KXFED-27APR-T3.75,0.4200,0.6100,0.4200,20.41,,1684.12
2026-08-20T04:00:00+00:00,KXFED-27APR-T3.75,0.4200,0.5700,,0.00,,1684.12
2026-08-21T04:00:00+00:00,KXFED-27APR-T3.75,0.4200,0.5700,,0.00,,1684.12
2026-08-22T04:00:00+00:00,KXFED-27APR-T3.75,0.4300,0.6900,0.5800,33.87,,1707.83
2026-08-23T04:00:00+00:00,KXFED-27APR-T3.75,0.4300,0.5200,,0.00,,1707.83
2026-08-24T04:00:00+00:00,KXFED-27APR-T3.75,0.4300,0.6900,,0.00,,1707.83
2026-08-25T04:00:00+00:00,KXFED-27APR-T3.75,0.4300,0.6200,0.4200,42.07,,1737.10
2026-08-26T04:00:00+00:00,KXFED-27APR-T3.75,0.4300,0.6300,,0.00,,1737.10
2026-08-27T04:00:00+00:00,KXFED-27APR-T3.75,0.4300,0.6900,,0.00,,1737.10
2026-08-28T04:00:00+00:00,KXFED-27APR-T3.75,0.4300,0.6900,,0.00,,1737.10
2026-08-29T04:00:00+00:00,KXFED-27APR-T3.75,0.4500,0.6100,,0.00,,1737.10
2026-08-30T04:00:00+00:00,KXFED-27APR-T3.75,0.4600,0.6000,,0.00,,1737.10
2026-08-31T04:00:00+00:00,KXFED-27APR-T3.75,0.4600,0.6000,,0.00,,1737.10
2026-09-01T04:00:00+00:00,KXFED-27APR-T3.75,0.6000,0.6100,0.6000,1.00,,1738.10
2026-09-02T04:00:00+00:00,KXFED-27APR-T3.75,0.4300,0.6900,0.5800,4.00,,1737.10
2026-09-03T04:00:00+00:00,KXFED-27APR-T3.75,0.5100,0.7100,,0.00,,1737.10
2026-09-04T04:00:00+00:00,KXFED-27APR-T3.75,0.5100,0.7100,0.7100,8.76,,1735.78
2026-09-05T04:00:00+00:00,KXFED-27APR-T3.75,0.6100,0.6600,0.5100,6.00,,1732.78
2026-09-06T04:00:00+00:00,KXFED-27APR-T3.75,0.5200,0.6900,0.7100,43.94,,1691.84
2026-09-07T04:00:00+00:00,KXFED-27APR-T3.75,0.5300,0.6900,0.7000,1.39,,1693.23
2026-09-08T04:00:00+00:00,KXFED-27APR-T3.75,0.6000,0.6400,0.5300,6.00,,1687.23
2026-09-09T04:00:00+00:00,KXFED-27APR-T3.75,0.6000,0.7100,0.6200,1.00,,1687.23
2026-09-10T04:00:00+00:00,KXFED-27APR-T3.75,0.4200,0.7200,0.7200,4.00,,1689.23
2026-09-11T04:00:00+00:00,KXFED-27APR-T3.75,0.5300,0.6800,0.5300,1.00,,1689.23
2026-09-12T04:00:00+00:00,KXFED-27APR-T3.75,0.5500,0.6700,,0.00,,1689.23
2026-09-13T04:00:00+00:00,KXFED-27APR-T3.75,0.5500,0.6700,,0.00,,1689.23
2026-09-14T04:00:00+00:00,KXFED-27APR-T3.75,0.5500,0.6700,,0.00,,1689.23
2026-09-15T04:00:00+00:00,KXFED-27APR-T3.75,0.5800,0.6600,,0.00,,1689.23
2026-09-16T04:00:00+00:00,KXFED-27APR-T3.75,0.5800,0.6600,0.5600,9.00,,1682.18
2026-09-17T04:00:00+00:00,KXFED-27APR-T3.75,0.7100,0.9000,0.8900,127.50,,1713.30
2026-09-18T04:00:00+00:00,KXFED-27APR-T3.75,0.7100,0.9000,,0.00,,1713.30
2026-09-19T04:00:00+00:00,KXFED-27APR-T3.75,0.7100,0.9100,,0.00,,1713.30
2026-08-02T04:00:00+00:00,KXFED-27APR-T3.50,0.3200,0.7300,0.5300,53.00,,2179.22
2026-08-03T04:00:00+00:00,KXFED-27APR-T3.50,0.5800,0.7100,,0.00,,2179.22
2026-08-04T04:00:00+00:00,KXFED-27APR-T3.50,0.3200,0.7600,,0.00,,2179.22
2026-08-05T04:00:00+00:00,KXFED-27APR-T3.50,0.3400,0.7700,,0.00,,2179.22
2026-08-06T04:00:00+00:00,KXFED-27APR-T3.50,0.3000,0.7900,0.7700,4.00,,2179.22
2026-08-07T04:00:00+00:00,KXFED-27APR-T3.50,0.3000,0.8000,,0.00,,2179.22
2026-08-08T04:00:00+00:00,KXFED-27APR-T3.50,0.5800,0.7900,,0.00,,2179.22
2026-08-09T04:00:00+00:00,KXFED-27APR-T3.50,0.3000,0.8200,,0.00,,2179.22
2026-08-10T04:00:00+00:00,KXFED-27APR-T3.50,0.3000,0.8200,,0.00,,2179.22
2026-08-11T04:00:00+00:00,KXFED-27APR-T3.50,0.5200,0.8300,0.8200,6.00,,2185.22
2026-08-12T04:00:00+00:00,KXFED-27APR-T3.50,0.3200,0.8200,,0.00,,2185.22
2026-08-13T04:00:00+00:00,KXFED-27APR-T3.50,0.6200,0.8300,0.8300,81.30,,2185.22
2026-08-14T04:00:00+00:00,KXFED-27APR-T3.50,0.3000,0.8200,,0.00,,2185.22
2026-08-15T04:00:00+00:00,KXFED-27APR-T3.50,0.3300,0.8200,,0.00,,2185.22
2026-08-16T04:00:00+00:00,KXFED-27APR-T3.50,0.3600,0.8200,,0.00,,2185.22
2026-08-17T04:00:00+00:00,KXFED-27APR-T3.50,0.3200,0.8300,,0.00,,2185.22
2026-08-18T04:00:00+00:00,KXFED-27APR-T3.50,0.3800,0.8300,,0.00,,2185.22
2026-08-19T04:00:00+00:00,KXFED-27APR-T3.50,0.3000,0.8300,0.3000,22.98,,2185.22
2026-08-20T04:00:00+00:00,KXFED-27APR-T3.50,0.3000,0.8300,0.8300,1.00,,2185.22
2026-08-21T04:00:00+00:00,KXFED-27APR-T3.50,0.3000,0.8300,,0.00,,2185.22
2026-08-22T04:00:00+00:00,KXFED-27APR-T3.50,0.3600,0.8200,,0.00,,2185.22
2026-08-23T04:00:00+00:00,KXFED-27APR-T3.50,0.3700,0.5200,,0.00,,2185.22
2026-08-24T04:00:00+00:00,KXFED-27APR-T3.50,0.4400,0.7300,0.4400,21.00,,2164.22
2026-08-25T04:00:00+00:00,KXFED-27APR-T3.50,0.4600,0.6300,0.7300,28.00,,2164.22
2026-08-26T04:00:00+00:00,KXFED-27APR-T3.50,0.4300,0.6300,,0.00,,2164.22
2026-08-27T04:00:00+00:00,KXFED-27APR-T3.50,0.3000,0.6700,0.4000,1.00,,2163.22
2026-08-28T04:00:00+00:00,KXFED-27APR-T3.50,0.3000,0.6700,,0.00,,2163.22
2026-08-29T04:00:00+00:00,KXFED-27APR-T3.50,0.3000,0.6700,,0.00,,2163.22
2026-08-30T04:00:00+00:00,KXFED-27APR-T3.50,0.3500,0.6800,,0.00,,2163.22
2026-08-31T04:00:00+00:00,KXFED-27APR-T3.50,0.5700,0.6700,,0.00,,2163.22
2026-09-01T04:00:00+00:00,KXFED-27APR-T3.50,0.5600,0.6700,0.6800,13.24,,2172.46
2026-09-02T04:00:00+00:00,KXFED-27APR-T3.50,0.6400,0.7700,0.6100,9.00,,2169.46
2026-09-03T04:00:00+00:00,KXFED-27APR-T3.50,0.6700,0.7400,0.7600,12.00,,2175.46
2026-09-04T04:00:00+00:00,KXFED-27APR-T3.50,0.6700,0.7300,0.6700,10.00,,2175.22
2026-09-05T04:00:00+00:00,KXFED-27APR-T3.50,0.6700,0.6900,0.6700,3.00,,2175.22
2026-09-06T04:00:00+00:00,KXFED-27APR-T3.50,0.6700,0.6900,0.6700,115.16,,2170.38
2026-09-07T04:00:00+00:00,KXFED-27APR-T3.50,0.6700,0.7000,0.6700,3.00,,2171.38
2026-09-08T04:00:00+00:00,KXFED-27APR-T3.50,0.6600,0.7300,0.6800,4.00,,2174.38
2026-09-09T04:00:00+00:00,KXFED-27APR-T3.50,0.6600,0.7100,0.6600,26.00,,2179.38
2026-09-10T04:00:00+00:00,KXFED-27APR-T3.50,0.5300,0.7000,0.5400,4.00,,2179.87
2026-09-11T04:00:00+00:00,KXFED-27APR-T3.50,0.5300,0.7300,,0.00,,2179.87
2026-09-12T04:00:00+00:00,KXFED-27APR-T3.50,0.6300,0.7000,,0.00,,2179.87
2026-09-13T04:00:00+00:00,KXFED-27APR-T3.50,0.6300,0.7000,,0.00,,2179.87
2026-09-14T04:00:00+00:00,KXFED-27APR-T3.50,0.6300,0.7000,,0.00,,2179.87
2026-09-15T04:00:00+00:00,KXFED-27APR-T3.50,0.6300,0.7000,,0.00,,2179.87
2026-09-16T04:00:00+00:00,KXFED-27APR-T3.50,0.6300,0.7000,0.7000,22.00,,2187.87
2026-09-17T04:00:00+00:00,KXFED-27APR-T3.50,0.7100,0.9100,0.8700,8.00,,2183.87
2026-09-18T04:00:00+00:00,KXFED-27APR-T3.50,0.5700,0.9500,,0.00,,2183.87
2026-09-19T04:00:00+00:00,KXFED-27APR-T3.50,0.3000,0.9500,,0.00,,2183.87
2026-08-02T04:00:00+00:00,KXFED-27APR-T3.25,0.7000,0.7400,0.7800,13.00,,1941.89
2026-08-03T04:00:00+00:00,KXFED-27APR-T3.25,0.6800,0.7700,0.6500,6.00,,1941.89
2026-08-04T04:00:00+00:00,KXFED-27APR-T3.25,0.6500,0.7400,,0.00,,1941.89
2026-08-05T04:00:00+00:00,KXFED-27APR-T3.25,0.3400,0.7400,,0.00,,1941.89
2026-08-06T04:00:00+00:00,KXFED-27APR-T3.25,0.3400,0.7900,,0.00,,1941.89
2026-08-07T04:00:00+00:00,KXFED-27APR-T3.25,0.3600,0.7800,,0.00,,1941.89
2026-08-08T04:00:00+00:00,KXFED-27APR-T3.25,0.7000,0.8000,,0.00,,1941.89
2026-08-09T04:00:00+00:00,KXFED-27APR-T3.25,0.6400,0.7800,,0.00,,1941.89
2026-08-10T04:00:00+00:00,KXFED-27APR-T3.25,0.6400,0.7800,,0.00,,1941.89
2026-08-11T04:00:00+00:00,KXFED-27APR-T3.25,0.3400,0.8400,0.9100,6.00,,1947.89
2026-08-12T04:00:00+00:00,KXFED-27APR-T3.25,0.6300,0.8200,,0.00,,1947.89
2026-08-13T04:00:00+00:00,KXFED-27APR-T3.25,0.6900,0.8000,0.8200,26.00,,1968.89
2026-08-14T04:00:00+00:00,KXFED-27APR-T3.25,0.3600,0.8300,,0.00,,1968.89
2026-08-15T04:00:00+00:00,KXFED-27APR-T3.25,0.3400,0.8200,,0.00,,1968.89
2026-08-16T04:00:00+00:00,KXFED-27APR-T3.25,0.6400,0.8200,,0.00,,1968.89
2026-08-17T04:00:00+00:00,KXFED-27APR-T3.25,0.6400,0.8500,,0.00,,1968.89
2026-08-18T04:00:00+00:00,KXFED-27APR-T3.25,0.3400,0.8300,,0.00,,1968.89
2026-08-19T04:00:00+00:00,KXFED-27APR-T3.25,0.6100,0.8500,0.3400,21.75,,1975.14
2026-08-20T04:00:00+00:00,KXFED-27APR-T3.25,0.6100,0.8100,,0.00,,1975.14
2026-08-21T04:00:00+00:00,KXFED-27APR-T3.25,0.5900,0.8100,,0.00,,1975.14
2026-08-22T04:00:00+00:00,KXFED-27APR-T3.25,0.3400,0.8500,,0.00,,1975.14
2026-08-23T04:00:00+00:00,KXFED-27APR-T3.25,0.3600,0.5200,,0.00,,1975.14
2026-08-24T04:00:00+00:00,KXFED-27APR-T3.25,0.5200,0.8100,0.5900,174.14,,1801.00
2026-08-25T04:00:00+00:00,KXFED-27APR-T3.25,0.6100,0.8200,,0.00,,1801.00
2026-08-26T04:00:00+00:00,KXFED-27APR-T3.25,0.5500,0.8100,0.8300,68.00,,1801.00
2026-08-27T04:00:00+00:00,KXFED-27APR-T3.25,0.4100,0.8700,,0.00,,1801.00
2026-08-28T04:00:00+00:00,KXFED-27APR-T3.25,0.6300,0.8700,,0.00,,1801.00
2026-08-29T04:00:00+00:00,KXFED-27APR-T3.25,0.6300,0.8300,,0.00,,1801.00
2026-08-30T04:00:00+00:00,KXFED-27APR-T3.25,0.6500,0.7700,,0.00,,1801.00
2026-08-31T04:00:00+00:00,KXFED-27APR-T3.25,0.6000,0.7500,,0.00,,1801.00
2026-09-01T04:00:00+00:00,KXFED-27APR-T3.25,0.3500,0.7300,0.6400,1.00,,1801.00
2026-09-02T04:00:00+00:00,KXFED-27APR-T3.25,0.6200,0.7200,0.6500,9.00,,1801.00
2026-09-03T04:00:00+00:00,KXFED-27APR-T3.25,0.6800,0.7700,0.7800,18.00,,1815.00
2026-09-04T04:00:00+00:00,KXFED-27APR-T3.25,0.6700,0.7600,0.6800,1.00,,1815.00
2026-09-05T04:00:00+00:00,KXFED-27APR-T3.25,0.6300,0.7700,,0.00,,1815.00
2026-09-06T04:00:00+00:00,KXFED-27APR-T3.25,0.5200,0.7200,0.5900,90.00,,1725.00
2026-09-07T04:00:00+00:00,KXFED-27APR-T3.25,0.5200,0.7200,0.6700,1.00,,1726.00
2026-09-08T04:00:00+00:00,KXFED-27APR-T3.25,0.5500,0.6700,0.6500,7.00,,1727.00
2026-09-09T04:00:00+00:00,KXFED-27APR-T3.25,0.5700,0.6700,,0.00,,1727.00
2026-09-10T04:00:00+00:00,KXFED-27APR-T3.25,0.5900,0.6900,0.7000,4.00,,1729.00
2026-09-11T04:00:00+00:00,KXFED-27APR-T3.25,0.6300,0.6900,,0.00,,1729.00
2026-09-12T04:00:00+00:00,KXFED-27APR-T3.25,0.6300,0.6700,,0.00,,1729.00
2026-09-13T04:00:00+00:00,KXFED-27APR-T3.25,0.6100,0.6700,,0.00,,1729.00
2026-09-14T04:00:00+00:00,KXFED-27APR-T3.25,0.6100,0.6700,,0.00,,1729.00
2026-09-15T04:00:00+00:00,KXFED-27APR-T3.25,0.6600,0.7800,0.7000,272.44,,1971.44
2026-09-16T04:00:00+00:00,KXFED-27APR-T3.25,0.7000,0.7600,,0.00,,1971.44
2026-09-17T04:00:00+00:00,KXFED-27APR-T3.25,0.8100,0.8800,0.8000,31.75,,2003.19
2026-09-18T04:00:00+00:00,KXFED-27APR-T3.25,0.8100,0.9400,,0.00,,2003.19
2026-09-19T04:00:00+00:00,KXFED-27APR-T3.25,0.8100,0.9300,,0.00,,2003.19
2026-08-02T04:00:00+00:00,KXFED-27APR-T3.00,0.7100,0.7300,0.7300,40.70,,1050.44
2026-08-03T04:00:00+00:00,KXFED-27APR-T3.00,0.7400,0.7700,0.7500,19.15,,1063.59
2026-08-04T04:00:00+00:00,KXFED-27APR-T3.00,0.7400,0.7500,0.7600,3.00,,1066.59
2026-08-05T04:00:00+00:00,KXFED-27APR-T3.00,0.7400,0.7500,0.7600,1.00,,1067.59
2026-08-06T04:00:00+00:00,KXFED-27APR-T3.00,0.7400,0.9100,,0.00,,1067.59
2026-08-07T04:00:00+00:00,KXFED-27APR-T3.00,0.6300,0.8100,0.9400,3.70,,1069.44
2026-08-08T04:00:00+00:00,KXFED-27APR-T3.00,0.6300,0.8500,,0.00,,1069.44
2026-08-09T04:00:00+00:00,KXFED-27APR-T3.00,0.6500,0.8200,,0.00,,1069.44
2026-08-11T04:00:00+00:00,KXFED-27APR-T3.00,0.6500,0.9400,0.9400,5.00,,1074.44
2026-08-12T04:00:00+00:00,KXFED-27APR-T3.00,0.6300,0.8500,0.6300,17.00,,1057.44
2026-08-13T04:00:00+00:00,KXFED-27APR-T3.00,0.6300,0.8500,,0.00,,1057.44
2026-08-14T04:00:00+00:00,KXFED-27APR-T3.00,0.6400,0.8400,0.7400,2.00,,1059.44
2026-08-15T04:00:00+00:00,KXFED-27APR-T3.00,0.6400,0.8400,,0.00,,1059.44
2026-08-16T04:00:00+00:00,KXFED-27APR-T3.00,0.6400,0.8400,,0.00,,1059.44
2026-08-17T04:00:00+00:00,KXFED-27APR-T3.00,0.6300,0.8500,,0.00,,1059.44
2026-08-18T04:00:00+00:00,KXFED-27APR-T3.00,0.6300,0.9500,,0.00,,1059.44
2026-08-19T04:00:00+00:00,KXFED-27APR-T3.00,0.6300,0.8200,0.6300,13.70,,1045.74
2026-08-20T04:00:00+00:00,KXFED-27APR-T3.00,0.6300,0.8400,,0.00,,1045.74
2026-08-21T04:00:00+00:00,KXFED-27APR-T3.00,0.6300,0.8400,,0.00,,1045.74
2026-08-22T04:00:00+00:00,KXFED-27APR-T3.00,0.6300,0.8600,,0.00,,1045.74
2026-08-23T04:00:00+00:00,KXFED-27APR-T3.00,0.3600,0.8000,0.5200,6.00,,1051.74
2026-08-24T04:00:00+00:00,KXFED-27APR-T3.00,0.6400,0.8400,,0.00,,1051.74
2026-08-25T04:00:00+00:00,KXFED-27APR-T3.00,0.6100,0.8600,0.8400,6.00,,1051.74
2026-08-26T04:00:00+00:00,KXFED-27APR-T3.00,0.6400,0.8800,0.8600,8.00,,1051.74
2026-08-27T04:00:00+00:00,KXFED-27APR-T3.00,0.4100,0.9300,0.9700,2.00,,1051.74
2026-08-28T04:00:00+00:00,KXFED-27APR-T3.00,0.6000,0.8400,,0.00,,1051.74
2026-08-29T04:00:00+00:00,KXFED-27APR-T3.00,0.6000,0.9200,,0.00,,1051.74
2026-08-30T04:00:00+00:00,KXFED-27APR-T3.00,0.6400,0.8600,,0.00,,1051.74
2026-08-31T04:00:00+00:00,KXFED-27APR-T3.00,0.5900,0.8200,,0.00,,1051.74
2026-09-01T04:00:00+00:00,KXFED-27APR-T3.00,0.5800,0.9000,,0.00,,1051.74
2026-09-02T04:00:00+00:00,KXFED-27APR-T3.00,0.6300,0.9200,0.8000,14.00,,1065.74
2026-09-03T04:00:00+00:00,KXFED-27APR-T3.00,0.6600,0.8900,0.8700,20.00,,1075.74
2026-09-04T04:00:00+00:00,KXFED-27APR-T3.00,0.6100,0.8900,0.5900,4.00,,1075.74
2026-09-05T04:00:00+00:00,KXFED-27APR-T3.00,0.5200,0.9400,,0.00,,1075.74
2026-09-06T04:00:00+00:00,KXFED-27APR-T3.00,0.6700,0.8200,0.5600,100.07,,999.31
2026-09-07T04:00:00+00:00,KXFED-27APR-T3.00,0.6700,0.8200,0.6900,1.00,,1000.31
2026-09-08T04:00:00+00:00,KXFED-27APR-T3.00,0.5000,0.8100,0.6000,13.00,,1000.31
2026-09-09T04:00:00+00:00,KXFED-27APR-T3.00,0.5000,0.8100,,0.00,,1000.31
2026-09-10T04:00:00+00:00,KXFED-27APR-T3.00,0.6600,0.8700,0.8300,1.00,,999.31
2026-09-11T04:00:00+00:00,KXFED-27APR-T3.00,0.6600,0.8500,,0.00,,999.31
2026-09-12T04:00:00+00:00,KXFED-27APR-T3.00,0.6600,0.8700,,0.00,,999.31
2026-09-13T04:00:00+00:00,KXFED-27APR-T3.00,0.6600,0.8600,,0.00,,999.31
2026-09-14T04:00:00+00:00,KXFED-27APR-T3.00,0.6600,0.8600,,0.00,,999.31
2026-09-15T04:00:00+00:00,KXFED-27APR-T3.00,0.7100,0.7800,0.7600,288.52,,1261.21
2026-09-16T04:00:00+00:00,KXFED-27APR-T3.00,0.8000,0.8500,0.8000,17.00,,1278.21
2026-09-17T04:00:00+00:00,KXFED-27APR-T3.00,0.8500,0.9400,,0.00,,1278.21
2026-09-18T04:00:00+00:00,KXFED-27APR-T3.00,0.8500,0.9700,,0.00,,1278.21
2026-08-02T04:00:00+00:00,KXFED-27APR-T2.75,0.7200,0.7900,0.7200,3.00,,1296.14
2026-08-03T04:00:00+00:00,KXFED-27APR-T2.75,0.7000,0.7900,0.7800,11.00,,1303.14
2026-08-04T04:00:00+00:00,KXFED-27APR-T2.75,0.6400,0.7900,0.7900,2.00,,1305.14
2026-08-05T04:00:00+00:00,KXFED-27APR-T2.75,0.6000,0.7900,,0.00,,1305.14
2026-08-06T04:00:00+00:00,KXFED-27APR-T2.75,0.6000,0.8100,,0.00,,1305.14
2026-08-07T04:00:00+00:00,KXFED-27APR-T2.75,0.4000,0.8000,0.8500,2.00,,1305.14
2026-08-08T04:00:00+00:00,KXFED-27APR-T2.75,0.7200,0.8300,0.7000,3.00,,1305.14
2026-08-09T04:00:00+00:00,KXFED-27APR-T2.75,0.6800,0.8200,,0.00,,1305.14
2026-08-10T04:00:00+00:00,KXFED-27APR-T2.75,0.6800,0.8200,,0.00,,1305.14
2026-08-11T04:00:00+00:00,KXFED-27APR-T2.75,0.3900,0.9300,0.9200,6.00,,1311.14
2026-08-12T04:00:00+00:00,KXFED-27APR-T2.75,0.7400,0.8300,0.7400,9.00,,1302.14
2026-08-13T04:00:00+00:00,KXFED-27APR-T2.75,0.7800,0.9100,0.8600,121.51,,1423.65
2026-08-14T04:00:00+00:00,KXFED-27APR-T2.75,0.8000,0.9000,0.8300,39.00,,1393.65
2026-08-15T04:00:00+00:00,KXFED-27APR-T2.75,0.8200,0.9400,,0.00,,1393.65
2026-08-16T04:00:00+00:00,KXFED-27APR-T2.75,0.8200,0.8900,,0.00,,1393.65
2026-08-17T04:00:00+00:00,KXFED-27APR-T2.75,0.8100,0.9600,,0.00,,1393.65
2026-08-18T04:00:00+00:00,KXFED-27APR-T2.75,0.8100,0.9600,,0.00,,1393.65
2026-08-19T04:00:00+00:00,KXFED-27APR-T2.75,0.8000,0.9600,,0.00,,1393.65
2026-08-20T04:00:00+00:00,KXFED-27APR-T2.75,0.6500,0.9600,,0.00,,1393.65
2026-08-21T04:00:00+00:00,KXFED-27APR-T2.75,0.7000,0.9600,,0.00,,1393.65
2026-08-22T04:00:00+00:00,KXFED-27APR-T2.75,0.8300,0.9600,,0.00,,1393.65
2026-08-23T04:00:00+00:00,KXFED-27APR-T2.75,0.8200,0.9500,0.9500,44.65,,1379.65
2026-08-24T04:00:00+00:00,KXFED-27APR-T2.75,0.6900,0.8700,,0.00,,1379.65
2026-08-25T04:00:00+00:00,KXFED-27APR-T2.75,0.6800,0.8900,0.8500,6.00,,1379.65
2026-08-26T04:00:00+00:00,KXFED-27APR-T2.75,0.6900,0.9100,0.9600,86.00,,1374.65
2026-08-27T04:00:00+00:00,KXFED-27APR-T2.75,0.4200,0.9600,0.4100,2.00,,1372.65
2026-08-28T04:00:00+00:00,KXFED-27APR-T2.75,0.6500,0.9500,,0.00,,1372.65
2026-08-29T04:00:00+00:00,KXFED-27APR-T2.75,0.6500,0.9600,,0.00,,1372.65
2026-08-30T04:00:00+00:00,KXFED-27APR-T2.75,0.6600,0.9500,,0.00,,1372.65
2026-08-31T04:00:00+00:00,KXFED-27APR-T2.75,0.6600,0.9600,,0.00,,1372.65
2026-09-01T04:00:00+00:00,KXFED-27APR-T2.75,0.4400,0.9500,0.7500,4.00,,1372.65
2026-09-02T04:00:00+00:00,KXFED-27APR-T2.75,0.5400,0.9600,,0.00,,1372.65
2026-09-03T04:00:00+00:00,KXFED-27APR-T2.75,0.6300,0.9100,0.9300,15.00,,1387.65
2026-09-04T04:00:00+00:00,KXFED-27APR-T2.75,0.6800,0.9000,,0.00,,1387.65
2026-09-05T04:00:00+00:00,KXFED-27APR-T2.75,0.5400,0.9200,,0.00,,1387.65
2026-09-06T04:00:00+00:00,KXFED-27APR-T2.75,0.6800,0.9500,0.4700,40.00,,1347.65
2026-09-07T04:00:00+00:00,KXFED-27APR-T2.75,0.5800,0.8300,,0.00,,1347.65
2026-09-08T04:00:00+00:00,KXFED-27APR-T2.75,0.7600,0.8600,,0.00,,1347.65
2026-09-09T04:00:00+00:00,KXFED-27APR-T2.75,0.6300,0.8400,,0.00,,1347.65
2026-09-10T04:00:00+00:00,KXFED-27APR-T2.75,0.6800,0.8400,,0.00,,1347.65
2026-09-11T04:00:00+00:00,KXFED-27APR-T2.75,0.6800,0.8400,,0.00,,1347.65
2026-09-12T04:00:00+00:00,KXFED-27APR-T2.75,0.6700,0.9500,,0.00,,1347.65
2026-09-13T04:00:00+00:00,KXFED-27APR-T2.75,0.6800,0.9500,,0.00,,1347.65
2026-09-14T04:00:00+00:00,KXFED-27APR-T2.75,0.6800,0.9500,,0.00,,1347.65
2026-09-15T04:00:00+00:00,KXFED-27APR-T2.75,0.7100,0.8500,0.8700,247.09,,1583.74
2026-09-16T04:00:00+00:00,KXFED-27APR-T2.75,0.7300,0.8100,0.7900,4.00,,1587.74
2026-09-17T04:00:00+00:00,KXFED-27APR-T2.75,0.8800,0.9600,0.8800,24.97,,1612.71
2026-09-18T04:00:00+00:00,KXFED-27APR-T2.75,0.8900,0.9900,0.9500,1.10,,1613.81
2026-09-19T04:00:00+00:00,KXFED-27APR-T2.75,0.8900,0.9700,0.9900,2.10,,1615.91
2026-08-02T04:00:00+00:00,KXFED-27APR-T2.50,0.5800,0.8400,,0.00,,1018.92
2026-08-03T04:00:00+00:00,KXFED-27APR-T2.50,0.7900,0.8400,0.8500,3.00,,1021.92
2026-08-04T04:00:00+00:00,KXFED-27APR-T2.50,0.7700,0.8500,0.8500,2.00,,1023.92
2026-08-05T04:00:00+00:00,KXFED-27APR-T2.50,0.4500,0.8500,,0.00,,1023.92
2026-08-06T04:00:00+00:00,KXFED-27APR-T2.50,0.7000,0.8900,,0.00,,1023.92
2026-08-07T04:00:00+00:00,KXFED-27APR-T2.50,0.6800,0.9100,0.9500,36.00,,1023.92
2026-08-08T04:00:00+00:00,KXFED-27APR-T2.50,0.8100,0.9100,0.9000,2.00,,1025.92
2026-08-09T04:00:00+00:00,KXFED-27APR-T2.50,0.8000,0.8800,,0.00,,1025.92
2026-08-10T04:00:00+00:00,KXFED-27APR-T2.50,0.8000,0.8800,,0.00,,1025.92
2026-08-11T04:00:00+00:00,KXFED-27APR-T2.50,0.7500,0.9300,0.9500,5.00,,1030.92
2026-08-12T04:00:00+00:00,KXFED-27APR-T2.50,0.7300,0.9500,0.7100,5.00,,1025.92
2026-08-13T04:00:00+00:00,KXFED-27APR-T2.50,0.7600,0.9000,,0.00,,1025.92
2026-08-14T04:00:00+00:00,KXFED-27APR-T2.50,0.7500,0.9200,0.8300,4.00,,1025.92
2026-08-15T04:00:00+00:00,KXFED-27APR-T2.50,0.7900,0.8800,0.7100,3.00,,1025.92
2026-08-16T04:00:00+00:00,KXFED-27APR-T2.50,0.7800,0.8800,,0.00,,1025.92
2026-08-17T04:00:00+00:00,KXFED-27APR-T2.50,0.6900,0.9400,,0.00,,1025.92
2026-08-18T04:00:00+00:00,KXFED-27APR-T2.50,0.7400,0.9400,,0.00,,1025.92
2026-08-19T04:00:00+00:00,KXFED-27APR-T2.50,0.6800,0.9400,,0.00,,1025.92
2026-08-20T04:00:00+00:00,KXFED-27APR-T2.50,0.7400,0.9400,,0.00,,1025.92
2026-08-21T04:00:00+00:00,KXFED-27APR-T2.50,0.7300,0.9400,,0.00,,1025.92
2026-08-22T04:00:00+00:00,KXFED-27APR-T2.50,0.7300,0.9400,,0.00,,1025.92
2026-08-23T04:00:00+00:00,KXFED-27APR-T2.50,0.5200,0.9300,0.7900,18.63,,1037.56
2026-08-24T04:00:00+00:00,KXFED-27APR-T2.50,0.7000,0.8900,,0.00,,1037.56
2026-08-25T04:00:00+00:00,KXFED-27APR-T2.50,0.6800,0.8900,0.8500,6.00,,1037.56
2026-08-26T04:00:00+00:00,KXFED-27APR-T2.50,0.6900,0.9100,0.9600,79.00,,1012.56
2026-08-27T04:00:00+00:00,KXFED-27APR-T2.50,0.5900,0.9500,,0.00,,1012.56
2026-08-28T04:00:00+00:00,KXFED-27APR-T2.50,0.6900,0.9700,,0.00,,1012.56
2026-08-29T04:00:00+00:00,KXFED-27APR-T2.50,0.6900,0.9600,0.6900,3.00,,1012.56
2026-08-30T04:00:00+00:00,KXFED-27APR-T2.50,0.7100,0.9500,0.6900,3.00,,1012.56
2026-08-31T04:00:00+00:00,KXFED-27APR-T2.50,0.8000,0.9500,,0.00,,1012.56
2026-09-01T04:00:00+00:00,KXFED-27APR-T2.50,0.7000,0.9400,,0.00,,1012.56
2026-09-02T04:00:00+00:00,KXFED-27APR-T2.50,0.7200,0.9500,,0.00,,1012.56
2026-09-03T04:00:00+00:00,KXFED-27APR-T2.50,0.7100,0.9100,0.9000,47.00,,1042.56
2026-09-04T04:00:00+00:00,KXFED-27APR-T2.50,0.6900,0.9000,0.6900,6.00,,1042.56
2026-09-05T04:00:00+00:00,KXFED-27APR-T2.50,0.6700,0.9000,0.6900,3.00,,1042.56
2026-09-06T04:00:00+00:00,KXFED-27APR-T2.50,0.6800,0.8400,0.6800,30.00,,1012.56
2026-09-07T04:00:00+00:00,KXFED-27APR-T2.50,0.6800,0.8400,,0.00,,1012.56
2026-09-08T04:00:00+00:00,KXFED-27APR-T2.50,0.7700,0.8400,,0.00,,1012.56
2026-09-09T04:00:00+00:00,KXFED-27APR-T2.50,0.6600,0.8400,,0.00,,1012.56
2026-09-10T04:00:00+00:00,KXFED-27APR-T2.50,0.6600,0.8100,0.5300,5.00,,1011.56
2026-09-11T04:00:00+00:00,KXFED-27APR-T2.50,0.6000,0.9300,,0.00,,1011.56
2026-09-12T04:00:00+00:00,KXFED-27APR-T2.50,0.6100,0.9300,,0.00,,1011.56
2026-09-13T04:00:00+00:00,KXFED-27APR-T2.50,0.6100,0.9300,,0.00,,1011.56
2026-09-14T04:00:00+00:00,KXFED-27APR-T2.50,0.5800,0.9300,,0.00,,1011.56
2026-09-15T04:00:00+00:00,KXFED-27APR-T2.50,0.8800,0.9400,0.8900,503.64,,1411.20
2026-09-16T04:00:00+00:00,KXFED-27APR-T2.50,0.7900,0.9500,0.8800,4.00,,1411.20
2026-09-17T04:00:00+00:00,KXFED-27APR-T2.50,0.8900,0.9600,,0.00,,1411.20
2026-09-18T04:00:00+00:00,KXFED-27APR-T2.50,0.9000,0.9800,,0.00,,1411.20
2026-08-02T04:00:00+00:00,KXFED-27APR-T2.25,0.7300,0.8600,0.7800,3.00,,1081.37
2026-08-03T04:00:00+00:00,KXFED-27APR-T2.25,0.8000,0.8700,0.7900,18.00,,1085.37
2026-08-04T04:00:00+00:00,KXFED-27APR-T2.25,0.8000,0.8400,,0.00,,1085.37
2026-08-05T04:00:00+00:00,KXFED-27APR-T2.25,0.4700,0.8400,,0.00,,1085.37
2026-08-06T04:00:00+00:00,KXFED-27APR-T2.25,0.5200,0.8700,,0.00,,1085.37
2026-08-07T04:00:00+00:00,KXFED-27APR-T2.25,0.7400,0.8900,0.7400,39.00,,1084.37
2026-08-08T04:00:00+00:00,KXFED-27APR-T2.25,0.7900,0.9000,,0.00,,1084.37
2026-08-09T04:00:00+00:00,KXFED-27APR-T2.25,0.6600,0.8800,,0.00,,1084.37
2026-08-10T04:00:00+00:00,KXFED-27APR-T2.25,0.7000,0.8800,,0.00,,1084.37
2026-08-11T04:00:00+00:00,KXFED-27APR-T2.25,0.6900,0.9300,0.9600,5.00,,1089.37
2026-08-12T04:00:00+00:00,KXFED-27APR-T2.25,0.7900,0.9500,,0.00,,1089.37
2026-08-13T04:00:00+00:00,KXFED-27APR-T2.25,0.3800,0.9200,0.8000,11.00,,1078.37
2026-08-14T04:00:00+00:00,KXFED-27APR-T2.25,0.4200,0.9500,0.8200,15.00,,1093.37
2026-08-15T04:00:00+00:00,KXFED-27APR-T2.25,0.6800,0.9300,,0.00,,1093.37
2026-08-16T04:00:00+00:00,KXFED-27APR-T2.25,0.6800,0.9100,,0.00,,1093.37
2026-08-17T04:00:00+00:00,KXFED-27APR-T2.25,0.6800,0.9300,,0.00,,1093.37
2026-08-18T04:00:00+00:00,KXFED-27APR-T2.25,0.6400,0.9200,,0.00,,1093.37
2026-08-19T04:00:00+00:00,KXFED-27APR-T2.25,0.3800,0.9400,,0.00,,1093.37
2026-08-20T04:00:00+00:00,KXFED-27APR-T2.25,0.3800,0.9400,,0.00,,1093.37
2026-08-21T04:00:00+00:00,KXFED-27APR-T2.25,0.3800,0.9500,0.3800,11.00,,1082.37
2026-08-22T04:00:00+00:00,KXFED-27APR-T2.25,0.6600,0.9300,,0.00,,1082.37
2026-08-23T04:00:00+00:00,KXFED-27APR-T2.25,0.8200,0.9300,0.5200,6.00,,1088.37
2026-08-24T04:00:00+00:00,KXFED-27APR-T2.25,0.6800,0.8700,,0.00,,1088.37
2026-08-25T04:00:00+00:00,KXFED-27APR-T2.25,0.5000,0.8900,0.8500,6.00,,1088.37
2026-08-26T04:00:00+00:00,KXFED-27APR-T2.25,0.7000,0.9100,0.9000,40.00,,1074.44
2026-08-27T04:00:00+00:00,KXFED-27APR-T2.25,0.5900,0.9700,0.9700,6.00,,1074.44
2026-08-28T04:00:00+00:00,KXFED-27APR-T2.25,0.6500,0.9700,,0.00,,1074.44
2026-08-29T04:00:00+00:00,KXFED-27APR-T2.25,0.6500,0.9700,,0.00,,1074.44
2026-08-30T04:00:00+00:00,KXFED-27APR-T2.25,0.6500,0.9300,,0.00,,1074.44
2026-08-31T04:00:00+00:00,KXFED-27APR-T2.25,0.6700,0.9300,,0.00,,1074.44
2026-09-01T04:00:00+00:00,KXFED-27APR-T2.25,0.6800,0.9600,0.8900,11.00,,1071.44
2026-09-02T04:00:00+00:00,KXFED-27APR-T2.25,0.6600,0.9300,,0.00,,1071.44
2026-09-03T04:00:00+00:00,KXFED-27APR-T2.25,0.7100,0.9300,0.9600,11.00,,1073.44
2026-09-04T04:00:00+00:00,KXFED-27APR-T2.25,0.6400,0.9100,0.7000,3.00,,1073.44
2026-09-05T04:00:00+00:00,KXFED-27APR-T2.25,0.6700,0.9500,,0.00,,1073.44
2026-09-06T04:00:00+00:00,KXFED-27APR-T2.25,0.6600,0.8600,0.6800,26.00,,1047.44
2026-09-07T04:00:00+00:00,KXFED-27APR-T2.25,0.6900,0.8600,,0.00,,1047.44
2026-09-08T04:00:00+00:00,KXFED-27APR-T2.25,0.7900,0.9300,0.7900,12.00,,1035.44
2026-09-09T04:00:00+00:00,KXFED-27APR-T2.25,0.6200,0.9300,,0.00,,1035.44
2026-09-10T04:00:00+00:00,KXFED-27APR-T2.25,0.4800,0.9600,,0.00,,1035.44
2026-09-11T04:00:00+00:00,KXFED-27APR-T2.25,0.6800,0.9500,,0.00,,1035.44
2026-09-12T04:00:00+00:00,KXFED-27APR-T2.25,0.6000,0.9300,,0.00,,1035.44
2026-09-13T04:00:00+00:00,KXFED-27APR-T2.25,0.6800,0.9300,,0.00,,1035.44
2026-09-14T04:00:00+00:00,KXFED-27APR-T2.25,0.5500,0.9300,,0.00,,1035.44
2026-09-15T04:00:00+00:00,KXFED-27APR-T2.25,0.4600,0.9400,0.8900,27.85,,1063.29
2026-09-16T04:00:00+00:00,KXFED-27APR-T2.25,0.3700,0.9500,,0.00,,1063.29
2026-09-17T04:00:00+00:00,KXFED-27APR-T2.25,0.9100,0.9800,0.9200,102.56,,1156.57
2026-09-18T04:00:00+00:00,KXFED-27APR-T2.25,0.9200,0.9900,,0.00,,1156.57
2026-09-19T04:00:00+00:00,KXFED-27APR-T2.25,0.9100,0.9900,,0.00,,1156.57
2026-08-02T04:00:00+00:00,KXFED-27APR-T2.00,0.8600,0.9200,0.9000,24.99,,1055.45
2026-08-03T04:00:00+00:00,KXFED-27APR-T2.00,0.8700,0.9000,,0.00,,1055.45
2026-08-04T04:00:00+00:00,KXFED-27APR-T2.00,0.8500,0.9000,,0.00,,1055.45
2026-08-05T04:00:00+00:00,KXFED-27APR-T2.00,0.8700,0.9000,,0.00,,1055.45
2026-08-06T04:00:00+00:00,KXFED-27APR-T2.00,0.8500,0.9100,,0.00,,1055.45
2026-08-07T04:00:00+00:00,KXFED-27APR-T2.00,0.3800,0.9200,0.9100,83.00,,1074.45
2026-08-08T04:00:00+00:00,KXFED-27APR-T2.00,0.8400,0.9500,0.9500,3.00,,1074.45
2026-08-09T04:00:00+00:00,KXFED-27APR-T2.00,0.5700,0.9600,,0.00,,1074.45
2026-08-10T04:00:00+00:00,KXFED-27APR-T2.00,0.5700,0.9600,,0.00,,1074.45
2026-08-11T04:00:00+00:00,KXFED-27APR-T2.00,0.5600,0.9700,0.9800,5.00,,1079.45
2026-08-12T04:00:00+00:00,KXFED-27APR-T2.00,0.6900,0.9900,,0.00,,1079.45
2026-08-13T04:00:00+00:00,KXFED-27APR-T2.00,0.3800,0.9600,,0.00,,1079.45
2026-08-14T04:00:00+00:00,KXFED-27APR-T2.00,0.4100,0.9300,0.8300,12.00,,1091.45
2026-08-15T04:00:00+00:00,KXFED-27APR-T2.00,0.6900,0.9000,,0.00,,1091.45
2026-08-16T04:00:00+00:00,KXFED-27APR-T2.00,0.6900,0.9000,,0.00,,1091.45
2026-08-17T04:00:00+00:00,KXFED-27APR-T2.00,0.6900,0.9200,,0.00,,1091.45
2026-08-18T04:00:00+00:00,KXFED-27APR-T2.00,0.6900,0.9200,,0.00,,1091.45
2026-08-19T04:00:00+00:00,KXFED-27APR-T2.00,0.3800,0.9200,,0.00,,1091.45
2026-08-20T04:00:00+00:00,KXFED-27APR-T2.00,0.3800,0.9200,,0.00,,1091.45
2026-08-21T04:00:00+00:00,KXFED-27APR-T2.00,0.3800,0.9800,,0.00,,1091.45
2026-08-22T04:00:00+00:00,KXFED-27APR-T2.00,0.3800,0.9800,,0.00,,1091.45
2026-08-23T04:00:00+00:00,KXFED-27APR-T2.00,0.4000,0.9300,0.5200,6.00,,1097.45
2026-08-24T04:00:00+00:00,KXFED-27APR-T2.00,0.6900,0.8900,,0.00,,1097.45
2026-08-25T04:00:00+00:00,KXFED-27APR-T2.00,0.6900,0.9000,0.9000,6.00,,1097.45
2026-08-26T04:00:00+00:00,KXFED-27APR-T2.00,0.7100,0.9200,,0.00,,1097.45
2026-08-27T04:00:00+00:00,KXFED-27APR-T2.00,0.6400,0.9900,0.9900,12.00,,1097.45
2026-08-28T04:00:00+00:00,KXFED-27APR-T2.00,0.5600,0.9800,,0.00,,1097.45
2026-08-29T04:00:00+00:00,KXFED-27APR-T2.00,0.6800,0.9600,,0.00,,1097.45
2026-08-30T04:00:00+00:00,KXFED-27APR-T2.00,0.6800,0.9900,,0.00,,1097.45
2026-08-31T04:00:00+00:00,KXFED-27APR-T2.00,0.6800,0.9600,,0.00,,1097.45
2026-09-01T04:00:00+00:00,KXFED-27APR-T2.00,0.6900,0.9500,0.8700,14.00,,1096.64
2026-09-02T04:00:00+00:00,KXFED-27APR-T2.00,0.7200,0.9500,,0.00,,1096.64
2026-09-03T04:00:00+00:00,KXFED-27APR-T2.00,0.7100,0.9300,0.9500,10.00,,1096.64
2026-09-04T04:00:00+00:00,KXFED-27APR-T2.00,0.6900,0.9100,0.7000,3.00,,1096.64
2026-09-05T04:00:00+00:00,KXFED-27APR-T2.00,0.6800,0.9500,,0.00,,1096.64
2026-09-06T04:00:00+00:00,KXFED-27APR-T2.00,0.6800,0.8600,0.7000,20.00,,1076.64
2026-09-07T04:00:00+00:00,KXFED-27APR-T2.00,0.6800,0.8900,,0.00,,1076.64
2026-09-08T04:00:00+00:00,KXFED-27APR-T2.00,0.6700,0.9100,,0.00,,1076.64
2026-09-10T04:00:00+00:00,KXFED-27APR-T2.00,0.6400,0.9300,,0.00,,1076.64
2026-09-11T04:00:00+00:00,KXFED-27APR-T2.00,0.6800,0.9300,,0.00,,1076.64
2026-09-12T04:00:00+00:00,KXFED-27APR-T2.00,0.6800,0.9300,,0.00,,1076.64
2026-09-13T04:00:00+00:00,KXFED-27APR-T2.00,0.6800,0.9700,,0.00,,1076.64
2026-09-14T04:00:00+00:00,KXFED-27APR-T2.00,0.6900,0.9700,,0.00,,1076.64
2026-09-15T04:00:00+00:00,KXFED-27APR-T2.00,0.2600,0.9500,,0.00,,1076.64
2026-09-16T04:00:00+00:00,KXFED-27APR-T2.00,0.1900,0.9500,,0.00,,1076.64
2026-09-17T04:00:00+00:00,KXFED-27APR-T2.00,0.9100,0.9700,0.9500,19.15,,1095.79
2026-09-18T04:00:00+00:00,KXFED-27APR-T2.00,0.9100,0.9800,0.9100,1.00,,1095.79
2026-08-02T04:00:00+00:00,KXFED-27APR-T1.75,0.8600,0.9300,,0.00,,593.27
2026-08-03T04:00:00+00:00,KXFED-27APR-T1.75,0.8700,0.9300,,0.00,,593.27
2026-08-04T04:00:00+00:00,KXFED-27APR-T1.75,0.8000,0.9100,,0.00,,593.27
2026-08-05T04:00:00+00:00,KXFED-27APR-T1.75,0.5800,0.9200,,0.00,,593.27
2026-08-06T04:00:00+00:00,KXFED-27APR-T1.75,0.7900,0.9500,,0.00,,593.27
2026-08-07T04:00:00+00:00,KXFED-27APR-T1.75,0.4400,0.9200,0.9200,36.00,,593.27
2026-08-08T04:00:00+00:00,KXFED-27APR-T1.75,0.7800,0.9200,0.9300,5.00,,595.27
2026-08-09T04:00:00+00:00,KXFED-27APR-T1.75,0.8000,0.9400,,0.00,,595.27
2026-08-10T04:00:00+00:00,KXFED-27APR-T1.75,0.8000,0.9400,,0.00,,595.27
2026-08-11T04:00:00+00:00,KXFED-27APR-T1.75,0.7000,0.9600,0.9600,5.00,,600.27
2026-08-12T04:00:00+00:00,KXFED-27APR-T1.75,0.7400,0.9600,,0.00,,600.27
2026-08-13T04:00:00+00:00,KXFED-27APR-T1.75,0.7700,0.9600,,0.00,,600.27
2026-08-14T04:00:00+00:00,KXFED-27APR-T1.75,0.7100,0.9400,,0.00,,600.27
2026-08-15T04:00:00+00:00,KXFED-27APR-T1.75,0.6900,0.9700,,0.00,,600.27
2026-08-16T04:00:00+00:00,KXFED-27APR-T1.75,0.6800,0.9700,,0.00,,600.27
2026-08-17T04:00:00+00:00,KXFED-27APR-T1.75,0.6800,0.9700,,0.00,,600.27
2026-08-18T04:00:00+00:00,KXFED-27APR-T1.75,0.7000,0.9700,,0.00,,600.27
2026-08-19T04:00:00+00:00,KXFED-27APR-T1.75,0.3800,0.9700,,0.00,,600.27
2026-08-20T04:00:00+00:00,KXFED-27APR-T1.75,0.3800,0.9700,,0.00,,600.27
2026-08-21T04:00:00+00:00,KXFED-27APR-T1.75,0.3800,0.9700,,0.00,,600.27
2026-08-22T04:00:00+00:00,KXFED-27APR-T1.75,0.6800,0.9600,,0.00,,600.27
2026-08-23T04:00:00+00:00,KXFED-27APR-T1.75,0.4000,0.9500,,0.00,,600.27
2026-08-24T04:00:00+00:00,KXFED-27APR-T1.75,0.6900,0.9100,,0.00,,600.27
2026-08-25T04:00:00+00:00,KXFED-27APR-T1.75,0.7000,0.9000,,0.00,,600.27
2026-08-26T04:00:00+00:00,KXFED-27APR-T1.75,0.7100,0.9200,,0.00,,600.27
2026-08-27T04:00:00+00:00,KXFED-27APR-T1.75,0.6900,0.9700,,0.00,,600.27
2026-08-28T04:00:00+00:00,KXFED-27APR-T1.75,0.6900,0.9600,,0.00,,600.27
2026-08-29T04:00:00+00:00,KXFED-27APR-T1.75,0.6900,0.9600,,0.00,,600.27
2026-08-30T04:00:00+00:00,KXFED-27APR-T1.75,0.8300,0.9400,0.9400,7.00,,604.27
2026-08-31T04:00:00+00:00,KXFED-27APR-T1.75,0.7900,0.9400,,0.00,,604.27
2026-09-01T04:00:00+00:00,KXFED-27APR-T1.75,0.7200,0.9200,,0.00,,604.27
2026-09-02T04:00:00+00:00,KXFED-27APR-T1.75,0.6800,0.9200,,0.00,,604.27
2026-09-03T04:00:00+00:00,KXFED-27APR-T1.75,0.7200,0.9300,0.9300,22.69,,604.27
2026-09-04T04:00:00+00:00,KXFED-27APR-T1.75,0.6900,0.9000,0.6900,9.00,,598.27
2026-09-05T04:00:00+00:00,KXFED-27APR-T1.75,0.6900,0.9100,,0.00,,598.27
2026-09-06T04:00:00+00:00,KXFED-27APR-T1.75,0.6700,0.8900,,0.00,,598.27
2026-09-07T04:00:00+00:00,KXFED-27APR-T1.75,0.6800,0.8600,,0.00,,598.27
2026-09-08T04:00:00+00:00,KXFED-27APR-T1.75,0.7900,0.9000,,0.00,,598.27
2026-09-09T04:00:00+00:00,KXFED-27APR-T1.75,0.6500,0.9000,,0.00,,598.27
2026-09-10T04:00:00+00:00,KXFED-27APR-T1.75,0.4000,0.9500,,0.00,,598.27
2026-09-11T04:00:00+00:00,KXFED-27APR-T1.75,0.3900,0.9100,,0.00,,598.27
2026-09-12T04:00:00+00:00,KXFED-27APR-T1.75,0.3900,0.9500,,0.00,,598.27
2026-09-13T04:00:00+00:00,KXFED-27APR-T1.75,0.3900,0.9500,,0.00,,598.27
2026-09-15T04:00:00+00:00,KXFED-27APR-T1.75,0.3200,0.9600,0.9100,6.94,,605.21
2026-09-16T04:00:00+00:00,KXFED-27APR-T1.75,0.5400,0.9600,,0.00,,605.21
2026-09-17T04:00:00+00:00,KXFED-27APR-T1.75,0.9100,0.9700,0.9200,7.56,,612.77
2026-09-18T04:00:00+00:00,KXFED-27APR-T1.75,0.9200,0.9900,,0.00,,612.77
2026-09-19T04:00:00+00:00,KXFED-27APR-T1.75,0.9100,0.9900,,0.00,,612.77
2026-08-02T04:00:00+00:00,KXFED-27APR-T1.50,0.8700,0.9400,0.8500,8.00,,982.23
2026-08-03T04:00:00+00:00,KXFED-27APR-T1.50,0.8700,0.9100,,0.00,,982.23
2026-08-04T04:00:00+00:00,KXFED-27APR-T1.50,0.8200,0.9200,,0.00,,982.23
2026-08-05T04:00:00+00:00,KXFED-27APR-T1.50,0.7500,0.9400,,0.00,,982.23
2026-08-06T04:00:00+00:00,KXFED-27APR-T1.50,0.8000,0.9600,,0.00,,982.23
2026-08-07T04:00:00+00:00,KXFED-27APR-T1.50,0.7500,0.9700,0.9700,80.00,,980.27
2026-08-08T04:00:00+00:00,KXFED-27APR-T1.50,0.8100,0.9200,0.7500,4.00,,980.27
2026-08-09T04:00:00+00:00,KXFED-27APR-T1.50,0.7700,0.9600,,0.00,,980.27
2026-08-11T04:00:00+00:00,KXFED-27APR-T1.50,0.7700,0.9700,,0.00,,980.27
2026-08-12T04:00:00+00:00,KXFED-27APR-T1.50,0.6900,0.9600,,0.00,,980.27
2026-08-13T04:00:00+00:00,KXFED-27APR-T1.50,0.6200,0.9600,,0.00,,980.27
2026-08-14T04:00:00+00:00,KXFED-27APR-T1.50,0.6900,0.9100,,0.00,,980.27
2026-08-15T04:00:00+00:00,KXFED-27APR-T1.50,0.6900,0.9500,,0.00,,980.27
2026-08-16T04:00:00+00:00,KXFED-27APR-T1.50,0.6900,0.9500,,0.00,,980.27
2026-08-17T04:00:00+00:00,KXFED-27APR-T1.50,0.6900,0.9500,,0.00,,980.27
2026-08-18T04:00:00+00:00,KXFED-27APR-T1.50,0.6900,0.9500,,0.00,,980.27
2026-08-19T04:00:00+00:00,KXFED-27APR-T1.50,0.6900,0.9500,,0.00,,980.27
2026-08-20T04:00:00+00:00,KXFED-27APR-T1.50,0.6800,0.9500,,0.00,,980.27
2026-08-21T04:00:00+00:00,KXFED-27APR-T1.50,0.6900,0.9500,,0.00,,980.27
2026-08-22T04:00:00+00:00,KXFED-27APR-T1.50,0.6900,0.9500,,0.00,,980.27
2026-08-23T04:00:00+00:00,KXFED-27APR-T1.50,0.6100,0.9400,,0.00,,980.27
2026-08-24T04:00:00+00:00,KXFED-27APR-T1.50,0.6900,0.9100,,0.00,,980.27
2026-08-25T04:00:00+00:00,KXFED-27APR-T1.50,0.7100,0.9000,,0.00,,980.27
2026-08-26T04:00:00+00:00,KXFED-27APR-T1.50,0.7100,0.9300,,0.00,,980.27
2026-08-27T04:00:00+00:00,KXFED-27APR-T1.50,0.6800,0.9700,,0.00,,980.27
2026-08-28T04:00:00+00:00,KXFED-27APR-T1.50,0.6800,0.9500,,0.00,,980.27
2026-08-29T04:00:00+00:00,KXFED-27APR-T1.50,0.6800,0.9500,,0.00,,980.27
2026-08-30T04:00:00+00:00,KXFED-27APR-T1.50,0.6800,0.9500,,0.00,,980.27
2026-08-31T04:00:00+00:00,KXFED-27APR-T1.50,0.6800,0.9500,,0.00,,980.27
2026-09-01T04:00:00+00:00,KXFED-27APR-T1.50,0.7000,0.9200,,0.00,,980.27
2026-09-02T04:00:00+00:00,KXFED-27APR-T1.50,0.6800,0.9400,,0.00,,980.27
2026-09-03T04:00:00+00:00,KXFED-27APR-T1.50,0.7100,0.9500,0.9500,11.00,,986.27
2026-09-04T04:00:00+00:00,KXFED-27APR-T1.50,0.6900,0.9200,,0.00,,986.27
2026-09-05T04:00:00+00:00,KXFED-27APR-T1.50,0.7100,0.8800,,0.00,,986.27
2026-09-06T04:00:00+00:00,KXFED-27APR-T1.50,0.6700,0.9200,,0.00,,986.27
2026-09-07T04:00:00+00:00,KXFED-27APR-T1.50,0.6900,0.8600,,0.00,,986.27
2026-09-08T04:00:00+00:00,KXFED-27APR-T1.50,0.6700,0.8800,,0.00,,986.27
2026-09-09T04:00:00+00:00,KXFED-27APR-T1.50,0.6600,0.8900,0.6700,8.06,,979.27
2026-09-10T04:00:00+00:00,KXFED-27APR-T1.50,0.6900,0.9300,,0.00,,979.27
2026-09-11T04:00:00+00:00,KXFED-27APR-T1.50,0.6900,0.9300,,0.00,,979.27
2026-09-12T04:00:00+00:00,KXFED-27APR-T1.50,0.6900,0.9300,,0.00,,979.27
2026-09-13T04:00:00+00:00,KXFED-27APR-T1.50,0.6900,0.9300,,0.00,,979.27
2026-09-14T04:00:00+00:00,KXFED-27APR-T1.50,0.6900,0.9300,,0.00,,979.27
2026-09-15T04:00:00+00:00,KXFED-27APR-T1.50,0.6300,0.9700,0.9200,16.42,,995.69
2026-09-16T04:00:00+00:00,KXFED-27APR-T1.50,0.7400,0.9500,,0.00,,995.69
2026-09-17T04:00:00+00:00,KXFED-27APR-T1.50,0.9100,0.9700,0.9200,2.56,,998.25
2026-09-18T04:00:00+00:00,KXFED-27APR-T1.50,0.9100,0.9900,,0.00,,998.25
2026-09-19T04:00:00+00:00,KXFED-27APR-T1.50,0.9100,0.9900,,0.00,,998.25
2026-08-02T04:00:00+00:00,KXFED-27APR-T1.25,0.9200,0.9300,,0.00,,2922.99
2026-08-03T04:00:00+00:00,KXFED-27APR-T1.25,0.9300,0.9400,,0.00,,2922.99
2026-08-04T04:00:00+00:00,KXFED-27APR-T1.25,0.9300,0.9400,0.9400,1.00,,2921.99
2026-08-05T04:00:00+00:00,KXFED-27APR-T1.25,0.7600,0.9300,0.9400,29.00,,2892.99
2026-08-06T04:00:00+00:00,KXFED-27APR-T1.25,0.7700,0.9400,,0.00,,2892.99
2026-08-07T04:00:00+00:00,KXFED-27APR-T1.25,0.7700,0.9600,0.9300,91.00,,2891.99
2026-08-08T04:00:00+00:00,KXFED-27APR-T1.25,0.8200,0.9400,,0.00,,2891.99
2026-08-09T04:00:00+00:00,KXFED-27APR-T1.25,0.8200,0.9600,0.9100,10.00,,2886.99
2026-08-10T04:00:00+00:00,KXFED-27APR-T1.25,0.8200,0.9600,,0.00,,2886.99
2026-08-11T04:00:00+00:00,KXFED-27APR-T1.25,0.7100,0.9500,0.9600,5.00,,2891.99
2026-08-12T04:00:00+00:00,KXFED-27APR-T1.25,0.6800,0.9500,,0.00,,2891.99
2026-08-13T04:00:00+00:00,KXFED-27APR-T1.25,0.6800,0.9600,,0.00,,2891.99
2026-08-14T04:00:00+00:00,KXFED-27APR-T1.25,0.5400,0.9000,0.8300,10.00,,2901.99
2026-08-15T04:00:00+00:00,KXFED-27APR-T1.25,0.6800,0.9300,,0.00,,2901.99
2026-08-17T04:00:00+00:00,KXFED-27APR-T1.25,0.6900,0.9300,,0.00,,2901.99
2026-08-18T04:00:00+00:00,KXFED-27APR-T1.25,0.6900,0.9500,,0.00,,2901.99
2026-08-19T04:00:00+00:00,KXFED-27APR-T1.25,0.6900,0.9500,,0.00,,2901.99
2026-08-20T04:00:00+00:00,KXFED-27APR-T1.25,0.4600,0.9500,,0.00,,2901.99
2026-08-21T04:00:00+00:00,KXFED-27APR-T1.25,0.6900,0.9500,,0.00,,2901.99
2026-08-22T04:00:00+00:00,KXFED-27APR-T1.25,0.6900,0.9500,,0.00,,2901.99
2026-08-23T04:00:00+00:00,KXFED-27APR-T1.25,0.4600,0.9400,0.7000,3.00,,2901.99
2026-08-24T04:00:00+00:00,KXFED-27APR-T1.25,0.7200,0.9100,,0.00,,2901.99
2026-08-25T04:00:00+00:00,KXFED-27APR-T1.25,0.7300,0.9100,,0.00,,2901.99
2026-08-26T04:00:00+00:00,KXFED-27APR-T1.25,0.7100,0.9400,,0.00,,2901.99
2026-08-27T04:00:00+00:00,KXFED-27APR-T1.25,0.7500,0.9500,0.9700,10.00,,2901.99
2026-08-28T04:00:00+00:00,KXFED-27APR-T1.25,0.7500,0.9500,,0.00,,2901.99
2026-08-29T04:00:00+00:00,KXFED-27APR-T1.25,0.7700,0.9500,,0.00,,2901.99
2026-08-30T04:00:00+00:00,KXFED-27APR-T1.25,0.7500,0.9100,,0.00,,2901.99
2026-08-31T04:00:00+00:00,KXFED-27APR-T1.25,0.7800,0.8900,0.7500,4.00,,2901.99
2026-09-01T04:00:00+00:00,KXFED-27APR-T1.25,0.8700,0.9100,0.8700,1.00,,2902.99
2026-09-02T04:00:00+00:00,KXFED-27APR-T1.25,0.8700,0.9500,,0.00,,2902.99
2026-09-03T04:00:00+00:00,KXFED-27APR-T1.25,0.7500,0.9500,0.8700,35.00,,2933.99
2026-09-04T04:00:00+00:00,KXFED-27APR-T1.25,0.7500,0.9100,0.7500,9.57,,2935.56
2026-09-05T04:00:00+00:00,KXFED-27APR-T1.25,0.7700,0.8600,0.7500,12.00,,2935.56
2026-09-06T04:00:00+00:00,KXFED-27APR-T1.25,0.7500,0.8500,0.7900,33.00,,2968.56
2026-09-07T04:00:00+00:00,KXFED-27APR-T1.25,0.7500,0.8600,,0.00,,2968.56
2026-09-08T04:00:00+00:00,KXFED-27APR-T1.25,0.7500,0.8600,,0.00,,2968.56
2026-09-09T04:00:00+00:00,KXFED-27APR-T1.25,0.7500,0.8600,0.8600,2.14,,2969.64
2026-09-10T04:00:00+00:00,KXFED-27APR-T1.25,0.6100,0.9000,,0.00,,2969.64
2026-09-11T04:00:00+00:00,KXFED-27APR-T1.25,0.6900,0.9500,0.8800,1.00,,2970.64
2026-09-12T04:00:00+00:00,KXFED-27APR-T1.25,0.6900,0.9500,,0.00,,2970.64
2026-09-13T04:00:00+00:00,KXFED-27APR-T1.25,0.6900,0.9500,,0.00,,2970.64
2026-09-14T04:00:00+00:00,KXFED-27APR-T1.25,0.7000,0.9500,,0.00,,2970.64
2026-09-15T04:00:00+00:00,KXFED-27APR-T1.25,0.5000,0.9500,,0.00,,2970.64
2026-09-16T04:00:00+00:00,KXFED-27APR-T1.25,0.5100,0.9500,,0.00,,2970.64
2026-09-17T04:00:00+00:00,KXFED-27APR-T1.25,0.9100,0.9400,0.9100,28.89,,2989.53
2026-09-18T04:00:00+00:00,KXFED-27APR-T1.25,0.9100,0.9700,0.9100,9.08,,2997.53
2026-09-19T04:00:00+00:00,KXFED-27APR-T1.25,0.9100,0.9700,,0.00,,2997.53
2026-08-02T04:00:00+00:00,KXFED-27APR-T1.00,0.9000,0.9300,,0.00,,978.24
2026-08-03T04:00:00+00:00,KXFED-27APR-T1.00,0.9200,0.9300,,0.00,,978.24
2026-08-04T04:00:00+00:00,KXFED-27APR-T1.00,0.8500,0.9300,0.9300,1.00,,978.24
2026-08-05T04:00:00+00:00,KXFED-27APR-T1.00,0.7500,0.9300,0.9300,29.00,,978.24
2026-08-06T04:00:00+00:00,KXFED-27APR-T1.00,0.7700,0.9300,,0.00,,978.24
2026-08-07T04:00:00+00:00,KXFED-27APR-T1.00,0.9000,0.9500,0.9200,83.00,,978.24
2026-08-08T04:00:00+00:00,KXFED-27APR-T1.00,0.8900,0.9500,,0.00,,978.24
2026-08-09T04:00:00+00:00,KXFED-27APR-T1.00,0.8800,0.9500,,0.00,,978.24
2026-08-10T04:00:00+00:00,KXFED-27APR-T1.00,0.8800,0.9500,,0.00,,978.24
2026-08-11T04:00:00+00:00,KXFED-27APR-T1.00,0.8800,0.9600,,0.00,,978.24
2026-08-12T04:00:00+00:00,KXFED-27APR-T1.00,0.9000,0.9400,,0.00,,978.24
2026-08-13T04:00:00+00:00,KXFED-27APR-T1.00,0.8800,0.9500,,0.00,,978.24
2026-08-14T04:00:00+00:00,KXFED-27APR-T1.00,0.9000,0.9400,,0.00,,978.24
2026-08-15T04:00:00+00:00,KXFED-27APR-T1.00,0.8900,0.9400,,0.00,,978.24
2026-08-16T04:00:00+00:00,KXFED-27APR-T1.00,0.9000,0.9400,,0.00,,978.24
2026-08-17T04:00:00+00:00,KXFED-27APR-T1.00,0.8800,0.9500,,0.00,,978.24
2026-08-18T04:00:00+00:00,KXFED-27APR-T1.00,0.8800,0.9500,,0.00,,978.24
2026-08-19T04:00:00+00:00,KXFED-27APR-T1.00,0.8800,0.9600,,0.00,,978.24
2026-08-20T04:00:00+00:00,KXFED-27APR-T1.00,0.8700,0.9400,,0.00,,978.24
2026-08-21T04:00:00+00:00,KXFED-27APR-T1.00,0.8900,0.9400,,0.00,,978.24
2026-08-22T04:00:00+00:00,KXFED-27APR-T1.00,0.9000,0.9500,,0.00,,978.24
2026-08-23T04:00:00+00:00,KXFED-27APR-T1.00,0.8900,0.9400,,0.00,,978.24
2026-08-24T04:00:00+00:00,KXFED-27APR-T1.00,0.8800,0.9300,,0.00,,978.24
2026-08-25T04:00:00+00:00,KXFED-27APR-T1.00,0.9000,0.9300,0.9000,8.00,,979.24
2026-08-26T04:00:00+00:00,KXFED-27APR-T1.00,0.9000,0.9500,,0.00,,979.24
2026-08-27T04:00:00+00:00,KXFED-27APR-T1.00,0.8600,0.9500,,0.00,,979.24
2026-08-28T04:00:00+00:00,KXFED-27APR-T1.00,0.8800,0.9500,,0.00,,979.24
2026-08-29T04:00:00+00:00,KXFED-27APR-T1.00,0.8800,0.9500,,0.00,,979.24
2026-08-30T04:00:00+00:00,KXFED-27APR-T1.00,0.8800,0.9500,,0.00,,979.24
2026-08-31T04:00:00+00:00,KXFED-27APR-T1.00,0.8800,0.9500,,0.00,,979.24
2026-09-01T04:00:00+00:00,KXFED-27APR-T1.00,0.8800,0.9500,,0.00,,979.24
2026-09-02T04:00:00+00:00,KXFED-27APR-T1.00,0.8700,0.9500,,0.00,,979.24
2026-09-03T04:00:00+00:00,KXFED-27APR-T1.00,0.8700,0.9500,0.9500,3.00,,982.24
2026-09-04T04:00:00+00:00,KXFED-27APR-T1.00,0.8700,0.9500,,0.00,,982.24
2026-09-05T04:00:00+00:00,KXFED-27APR-T1.00,0.8700,0.9500,,0.00,,982.24
2026-09-06T04:00:00+00:00,KXFED-27APR-T1.00,0.8600,0.9500,0.8900,33.00,,991.55
2026-09-07T04:00:00+00:00,KXFED-27APR-T1.00,0.8600,0.9500,,0.00,,991.55
2026-09-08T04:00:00+00:00,KXFED-27APR-T1.00,0.8600,0.9500,,0.00,,991.55
2026-09-09T04:00:00+00:00,KXFED-27APR-T1.00,0.8600,0.9500,,0.00,,991.55
2026-09-10T04:00:00+00:00,KXFED-27APR-T1.00,0.8600,0.9500,,0.00,,991.55
2026-09-11T04:00:00+00:00,KXFED-27APR-T1.00,0.8600,0.9500,,0.00,,991.55
2026-09-12T04:00:00+00:00,KXFED-27APR-T1.00,0.8400,0.9500,,0.00,,991.55
2026-09-13T04:00:00+00:00,KXFED-27APR-T1.00,0.8400,0.9500,,0.00,,991.55
2026-09-14T04:00:00+00:00,KXFED-27APR-T1.00,0.8500,0.9500,,0.00,,991.55
2026-09-15T04:00:00+00:00,KXFED-27APR-T1.00,0.7800,0.9500,,0.00,,991.55
2026-09-16T04:00:00+00:00,KXFED-27APR-T1.00,0.8200,0.9500,,0.00,,991.55
2026-09-17T04:00:00+00:00,KXFED-27APR-T1.00,0.9200,0.9500,0.9500,6.61,,991.55
2026-09-18T04:00:00+00:00,KXFED-27APR-T1.00,0.9200,0.9500,,0.00,,991.55
2026-08-02T04:00:00+00:00,KXFED-27APR-T0.75,0.9200,0.9500,,0.00,,1013.00
2026-08-03T04:00:00+00:00,KXFED-27APR-T0.75,0.9300,0.9500,,0.00,,1013.00
2026-08-04T04:00:00+00:00,KXFED-27APR-T0.75,0.8500,0.9600,,0.00,,1013.00
2026-08-05T04:00:00+00:00,KXFED-27APR-T0.75,0.6000,0.9500,,0.00,,1013.00
2026-08-06T04:00:00+00:00,KXFED-27APR-T0.75,0.6400,0.9600,0.9600,5.00,,1013.00
2026-08-07T04:00:00+00:00,KXFED-27APR-T0.75,0.5800,0.9700,0.9700,4.00,,1014.00
2026-08-08T04:00:00+00:00,KXFED-27APR-T0.75,0.8400,0.9200,,0.00,,1014.00
2026-08-09T04:00:00+00:00,KXFED-27APR-T0.75,0.8900,0.9700,0.8900,5.00,,1019.00
2026-08-12T04:00:00+00:00,KXFED-27APR-T0.75,0.8900,0.9700,,0.00,,1019.00
2026-08-13T04:00:00+00:00,KXFED-27APR-T0.75,0.8900,0.9700,,0.00,,1019.00
2026-08-14T04:00:00+00:00,KXFED-27APR-T0.75,0.5600,0.9400,0.8900,5.00,,1024.00
2026-08-15T04:00:00+00:00,KXFED-27APR-T0.75,0.5600,0.9600,,0.00,,1024.00
2026-08-16T04:00:00+00:00,KXFED-27APR-T0.75,0.6900,0.9600,,0.00,,1024.00
2026-08-17T04:00:00+00:00,KXFED-27APR-T0.75,0.7100,0.9700,,0.00,,1024.00
2026-08-18T04:00:00+00:00,KXFED-27APR-T0.75,0.6400,0.9700,,0.00,,1024.00
2026-08-19T04:00:00+00:00,KXFED-27APR-T0.75,0.6400,0.9700,,0.00,,1024.00
2026-08-20T04:00:00+00:00,KXFED-27APR-T0.75,0.6300,0.9700,,0.00,,1024.00
2026-08-21T04:00:00+00:00,KXFED-27APR-T0.75,0.6300,0.9700,,0.00,,1024.00
2026-08-22T04:00:00+00:00,KXFED-27APR-T0.75,0.5600,0.9700,,0.00,,1024.00
2026-08-23T04:00:00+00:00,KXFED-27APR-T0.75,0.5700,0.9500,,0.00,,1024.00
2026-08-24T04:00:00+00:00,KXFED-27APR-T0.75,0.8800,0.9300,,0.00,,1024.00
2026-08-25T04:00:00+00:00,KXFED-27APR-T0.75,0.8700,0.9300,0.8800,8.00,,1032.00
2026-08-26T04:00:00+00:00,KXFED-27APR-T0.75,0.9100,0.9400,0.9700,292.00,,1030.00
2026-08-27T04:00:00+00:00,KXFED-27APR-T0.75,0.7600,0.9800,,0.00,,1030.00
2026-08-28T04:00:00+00:00,KXFED-27APR-T0.75,0.7600,0.9800,,0.00,,1030.00
2026-08-29T04:00:00+00:00,KXFED-27APR-T0.75,0.7700,0.9700,0.7600,4.00,,1030.00
2026-08-30T04:00:00+00:00,KXFED-27APR-T0.75,0.8400,0.9700,0.8300,4.00,,1030.00
2026-08-31T04:00:00+00:00,KXFED-27APR-T0.75,0.8700,0.9700,,0.00,,1030.00
2026-09-01T04:00:00+00:00,KXFED-27APR-T0.75,0.8700,0.9700,0.9700,1.00,,1030.00
2026-09-02T04:00:00+00:00,KXFED-27APR-T0.75,0.8600,0.9700,,0.00,,1030.00
2026-09-03T04:00:00+00:00,KXFED-27APR-T0.75,0.8800,0.9700,0.9700,3.00,,1030.00
2026-09-04T04:00:00+00:00,KXFED-27APR-T0.75,0.8600,0.9700,,0.00,,1030.00
2026-09-05T04:00:00+00:00,KXFED-27APR-T0.75,0.8500,0.9700,,0.00,,1030.00
2026-09-06T04:00:00+00:00,KXFED-27APR-T0.75,0.8700,0.9700,,0.00,,1030.00
2026-09-07T04:00:00+00:00,KXFED-27APR-T0.75,0.8600,0.9700,,0.00,,1030.00
2026-09-08T04:00:00+00:00,KXFED-27APR-T0.75,0.8400,0.9700,,0.00,,1030.00
2026-09-09T04:00:00+00:00,KXFED-27APR-T0.75,0.8600,0.9700,,0.00,,1030.00
2026-09-10T04:00:00+00:00,KXFED-27APR-T0.75,0.8500,0.9700,,0.00,,1030.00
2026-09-11T04:00:00+00:00,KXFED-27APR-T0.75,0.8500,0.9700,,0.00,,1030.00
2026-09-12T04:00:00+00:00,KXFED-27APR-T0.75,0.8500,0.9700,,0.00,,1030.00
2026-09-13T04:00:00+00:00,KXFED-27APR-T0.75,0.8500,0.9700,,0.00,,1030.00
2026-09-14T04:00:00+00:00,KXFED-27APR-T0.75,0.8500,0.9700,,0.00,,1030.00
2026-09-15T04:00:00+00:00,KXFED-27APR-T0.75,0.8700,0.9700,,0.00,,1030.00
2026-09-16T04:00:00+00:00,KXFED-27APR-T0.75,0.8400,0.9700,,0.00,,1030.00
2026-09-17T04:00:00+00:00,KXFED-27APR-T0.75,0.9100,0.9700,,0.00,,1030.00
2026-09-18T04:00:00+00:00,KXFED-27APR-T0.75,0.9100,0.9700,,0.00,,1030.00
2026-08-02T04:00:00+00:00,KXFED-27APR-T0.50,0.9300,0.9600,,0.00,,1131.00
2026-08-03T04:00:00+00:00,KXFED-27APR-T0.50,0.9300,0.9600,,0.00,,1131.00
2026-08-04T04:00:00+00:00,KXFED-27APR-T0.50,0.9000,0.9700,,0.00,,1131.00
2026-08-05T04:00:00+00:00,KXFED-27APR-T0.50,0.8300,0.9700,,0.00,,1131.00
2026-08-06T04:00:00+00:00,KXFED-27APR-T0.50,0.8000,0.9900,,0.00,,1131.00
2026-08-07T04:00:00+00:00,KXFED-27APR-T0.50,0.8100,0.9900,,0.00,,1131.00
2026-08-08T04:00:00+00:00,KXFED-27APR-T0.50,0.8700,0.9800,0.8600,20.00,,1131.00
2026-08-09T04:00:00+00:00,KXFED-27APR-T0.50,0.8700,0.9800,,0.00,,1131.00
2026-08-11T04:00:00+00:00,KXFED-27APR-T0.50,0.8400,0.9600,,0.00,,1131.00
2026-08-12T04:00:00+00:00,KXFED-27APR-T0.50,0.8600,0.9700,,0.00,,1131.00
2026-08-13T04:00:00+00:00,KXFED-27APR-T0.50,0.8800,0.9700,,0.00,,1131.00
2026-08-14T04:00:00+00:00,KXFED-27APR-T0.50,0.8900,0.9500,,0.00,,1131.00
2026-08-15T04:00:00+00:00,KXFED-27APR-T0.50,0.8900,0.9600,,0.00,,1131.00
2026-08-16T04:00:00+00:00,KXFED-27APR-T0.50,0.8800,0.9600,,0.00,,1131.00
2026-08-17T04:00:00+00:00,KXFED-27APR-T0.50,0.8900,0.9500,,0.00,,1131.00
2026-08-18T04:00:00+00:00,KXFED-27APR-T0.50,0.8700,0.9600,,0.00,,1131.00
2026-08-19T04:00:00+00:00,KXFED-27APR-T0.50,0.8600,0.9500,,0.00,,1131.00
2026-08-20T04:00:00+00:00,KXFED-27APR-T0.50,0.8500,0.9500,,0.00,,1131.00
2026-08-21T04:00:00+00:00,KXFED-27APR-T0.50,0.8500,0.9600,,0.00,,1131.00
2026-08-22T04:00:00+00:00,KXFED-27APR-T0.50,0.8500,0.9500,,0.00,,1131.00
2026-08-23T04:00:00+00:00,KXFED-27APR-T0.50,0.8100,0.9600,,0.00,,1131.00
2026-08-24T04:00:00+00:00,KXFED-27APR-T0.50,0.8900,0.9500,,0.00,,1131.00
2026-08-25T04:00:00+00:00,KXFED-27APR-T0.50,0.9100,0.9300,,0.00,,1131.00
2026-08-26T04:00:00+00:00,KXFED-27APR-T0.50,0.9600,0.9700,0.9900,49.13,,1131.00
2026-08-27T04:00:00+00:00,KXFED-27APR-T0.50,0.8300,0.9900,,0.00,,1131.00
2026-08-28T04:00:00+00:00,KXFED-27APR-T0.50,0.8300,0.9500,,0.00,,1131.00
2026-08-29T04:00:00+00:00,KXFED-27APR-T0.50,0.8500,0.9900,,0.00,,1131.00
2026-08-30T04:00:00+00:00,KXFED-27APR-T0.50,0.8500,0.9500,,0.00,,1131.00
2026-08-31T04:00:00+00:00,KXFED-27APR-T0.50,0.8400,1.0000,,0.00,,1131.00
2026-09-01T04:00:00+00:00,KXFED-27APR-T0.50,0.8300,1.0000,,0.00,,1131.00
2026-09-02T04:00:00+00:00,KXFED-27APR-T0.50,0.8300,1.0000,,0.00,,1131.00
2026-09-03T04:00:00+00:00,KXFED-27APR-T0.50,0.8900,1.0000,,0.00,,1131.00
2026-09-04T04:00:00+00:00,KXFED-27APR-T0.50,0.8700,1.0000,,0.00,,1131.00
2026-09-05T04:00:00+00:00,KXFED-27APR-T0.50,0.8100,1.0000,,0.00,,1131.00
2026-09-06T04:00:00+00:00,KXFED-27APR-T0.50,0.8700,1.0000,,0.00,,1131.00
2026-09-07T04:00:00+00:00,KXFED-27APR-T0.50,0.8700,1.0000,,0.00,,1131.00
2026-09-08T04:00:00+00:00,KXFED-27APR-T0.50,0.8300,1.0000,,0.00,,1131.00
2026-09-10T04:00:00+00:00,KXFED-27APR-T0.50,0.8100,1.0000,,0.00,,1131.00
2026-09-11T04:00:00+00:00,KXFED-27APR-T0.50,0.8100,1.0000,,0.00,,1131.00
2026-09-12T04:00:00+00:00,KXFED-27APR-T0.50,0.8100,1.0000,,0.00,,1131.00
2026-09-13T04:00:00+00:00,KXFED-27APR-T0.50,0.8300,1.0000,,0.00,,1131.00
2026-09-14T04:00:00+00:00,KXFED-27APR-T0.50,0.8100,1.0000,,0.00,,1131.00
2026-09-15T04:00:00+00:00,KXFED-27APR-T0.50,0.8100,1.0000,,0.00,,1131.00
2026-09-16T04:00:00+00:00,KXFED-27APR-T0.50,0.8100,1.0000,,0.00,,1131.00
2026-09-17T04:00:00+00:00,KXFED-27APR-T0.50,0.9200,1.0000,,0.00,,1131.00
2026-09-18T04:00:00+00:00,KXFED-27APR-T0.50,0.8100,1.0000,,0.00,,1131.00
2026-08-02T04:00:00+00:00,KXFED-27APR-T0.25,0.9400,0.9700,0.9700,20.00,,774.00
2026-08-03T04:00:00+00:00,KXFED-27APR-T0.25,0.9400,0.9700,,0.00,,774.00
2026-08-04T04:00:00+00:00,KXFED-27APR-T0.25,0.9400,0.9700,,0.00,,774.00
2026-08-05T04:00:00+00:00,KXFED-27APR-T0.25,0.9400,0.9900,,0.00,,774.00
2026-08-06T04:00:00+00:00,KXFED-27APR-T0.25,0.9400,0.9900,,0.00,,774.00
2026-08-07T04:00:00+00:00,KXFED-27APR-T0.25,0.9300,0.9900,,0.00,,774.00
2026-08-08T04:00:00+00:00,KXFED-27APR-T0.25,0.9200,0.9900,,0.00,,774.00
2026-08-09T04:00:00+00:00,KXFED-27APR-T0.25,0.9300,0.9900,,0.00,,774.00
2026-08-11T04:00:00+00:00,KXFED-27APR-T0.25,0.9400,0.9900,,0.00,,774.00
2026-08-12T04:00:00+00:00,KXFED-27APR-T0.25,0.9400,0.9900,,0.00,,774.00
2026-08-13T04:00:00+00:00,KXFED-27APR-T0.25,0.9300,0.9900,0.9200,17.00,,782.65
2026-08-14T04:00:00+00:00,KXFED-27APR-T0.25,0.9000,0.9300,0.9100,31.00,,810.00
2026-08-15T04:00:00+00:00,KXFED-27APR-T0.25,0.9000,0.9300,,0.00,,810.00
2026-08-17T04:00:00+00:00,KXFED-27APR-T0.25,0.8800,0.9300,,0.00,,810.00
2026-08-18T04:00:00+00:00,KXFED-27APR-T0.25,0.8900,0.9300,,0.00,,810.00
2026-08-19T04:00:00+00:00,KXFED-27APR-T0.25,0.8900,0.9300,,0.00,,810.00
2026-08-20T04:00:00+00:00,KXFED-27APR-T0.25,0.8900,0.9300,,0.00,,810.00
2026-08-21T04:00:00+00:00,KXFED-27APR-T0.25,0.8900,0.9300,,0.00,,810.00
2026-08-22T04:00:00+00:00,KXFED-27APR-T0.25,0.8700,0.9300,,0.00,,810.00
2026-08-23T04:00:00+00:00,KXFED-27APR-T0.25,0.7700,0.9300,,0.00,,810.00
2026-08-24T04:00:00+00:00,KXFED-27APR-T0.25,0.8900,0.9300,,0.00,,810.00
2026-08-25T04:00:00+00:00,KXFED-27APR-T0.25,0.8900,0.9300,,0.00,,810.00
2026-08-26T04:00:00+00:00,KXFED-27APR-T0.25,0.9600,0.9700,0.9900,435.01,,622.16
2026-08-27T04:00:00+00:00,KXFED-27APR-T0.25,0.8500,1.0000,,0.00,,622.16
2026-08-28T04:00:00+00:00,KXFED-27APR-T0.25,0.9000,1.0000,,0.00,,622.16
2026-08-31T04:00:00+00:00,KXFED-27APR-T0.25,0.9000,1.0000,,0.00,,622.16
2026-09-01T04:00:00+00:00,KXFED-27APR-T0.25,0.8500,1.0000,,0.00,,622.16
2026-09-02T04:00:00+00:00,KXFED-27APR-T0.25,0.8900,1.0000,,0.00,,622.16
2026-09-03T04:00:00+00:00,KXFED-27APR-T0.25,0.9100,1.0000,,0.00,,622.16
2026-09-04T04:00:00+00:00,KXFED-27APR-T0.25,0.8900,1.0000,,0.00,,622.16
2026-09-05T04:00:00+00:00,KXFED-27APR-T0.25,0.8900,1.0000,,0.00,,622.16
2026-09-06T04:00:00+00:00,KXFED-27APR-T0.25,0.8800,1.0000,,0.00,,622.16
2026-09-07T04:00:00+00:00,KXFED-27APR-T0.25,0.8900,1.0000,,0.00,,622.16
2026-09-08T04:00:00+00:00,KXFED-27APR-T0.25,0.8700,1.0000,,0.00,,622.16
2026-09-10T04:00:00+00:00,KXFED-27APR-T0.25,0.8800,1.0000,,0.00,,622.16
2026-09-11T04:00:00+00:00,KXFED-27APR-T0.25,0.8800,1.0000,,0.00,,622.16
2026-09-12T04:00:00+00:00,KXFED-27APR-T0.25,0.8800,1.0000,,0.00,,622.16
2026-09-14T04:00:00+00:00,KXFED-27APR-T0.25,0.8100,1.0000,0.8800,57.00,,565.16
2026-09-15T04:00:00+00:00,KXFED-27APR-T0.25,0.9500,0.9900,0.9900,2.00,,567.16
2026-09-16T04:00:00+00:00,KXFED-27APR-T0.25,0.8900,0.9900,,0.00,,567.16
2026-09-17T04:00:00+00:00,KXFED-27APR-T0.25,0.9300,0.9900,,0.00,,567.16
2026-09-18T04:00:00+00:00,KXFED-27APR-T0.25,0.8600,0.9900,,0.00,,567.16
2026-09-19T04:00:00+00:00,KXFED-27APR-T0.25,0.8400,0.9900,,0.00,,567.16
2026-08-02T04:00:00+00:00,KXFED-27APR-T0.00,0.9400,0.9800,,0.00,,930.52
2026-08-03T04:00:00+00:00,KXFED-27APR-T0.00,0.9400,0.9800,,0.00,,930.52
2026-08-04T04:00:00+00:00,KXFED-27APR-T0.00,0.9000,0.9800,,0.00,,930.52
2026-08-05T04:00:00+00:00,KXFED-27APR-T0.00,0.9000,0.9800,,0.00,,930.52
2026-08-06T04:00:00+00:00,KXFED-27APR-T0.00,0.9100,0.9800,,0.00,,930.52
2026-08-07T04:00:00+00:00,KXFED-27APR-T0.00,0.9000,0.9800,,0.00,,930.52
2026-08-08T04:00:00+00:00,KXFED-27APR-T0.00,0.8200,0.9800,,0.00,,930.52
2026-08-09T04:00:00+00:00,KXFED-27APR-T0.00,0.8000,0.9900,,0.00,,930.52
2026-08-11T04:00:00+00:00,KXFED-27APR-T0.00,0.8400,0.9900,,0.00,,930.52
2026-08-12T04:00:00+00:00,KXFED-27APR-T0.00,0.8400,0.9900,,0.00,,930.52
2026-08-13T04:00:00+00:00,KXFED-27APR-T0.00,0.7600,0.9900,,0.00,,930.52
2026-08-14T04:00:00+00:00,KXFED-27APR-T0.00,0.7700,0.9900,,0.00,,930.52
2026-08-15T04:00:00+00:00,KXFED-27APR-T0.00,0.7700,0.9900,,0.00,,930.52
2026-08-17T04:00:00+00:00,KXFED-27APR-T0.00,0.7600,0.9900,,0.00,,930.52
2026-08-18T04:00:00+00:00,KXFED-27APR-T0.00,0.7600,0.9900,,0.00,,930.52
2026-08-19T04:00:00+00:00,KXFED-27APR-T0.00,0.7600,0.9900,,0.00,,930.52
2026-08-20T04:00:00+00:00,KXFED-27APR-T0.00,0.7600,0.9900,,0.00,,930.52
2026-08-21T04:00:00+00:00,KXFED-27APR-T0.00,0.7600,0.9900,,0.00,,930.52
2026-08-22T04:00:00+00:00,KXFED-27APR-T0.00,0.7600,0.9900,,0.00,,930.52
2026-08-23T04:00:00+00:00,KXFED-27APR-T0.00,0.7700,0.9900,,0.00,,930.52
2026-08-24T04:00:00+00:00,KXFED-27APR-T0.00,0.9000,0.9900,,0.00,,930.52
2026-08-25T04:00:00+00:00,KXFED-27APR-T0.00,0.8300,0.9900,,0.00,,930.52
2026-08-26T04:00:00+00:00,KXFED-27APR-T0.00,0.9500,0.9700,,0.00,,930.52
2026-08-27T04:00:00+00:00,KXFED-27APR-T0.00,0.7600,1.0000,,0.00,,930.52
2026-08-28T04:00:00+00:00,KXFED-27APR-T0.00,0.8600,1.0000,,0.00,,930.52
2026-09-01T04:00:00+00:00,KXFED-27APR-T0.00,0.8300,1.0000,,0.00,,930.52
2026-09-02T04:00:00+00:00,KXFED-27APR-T0.00,0.8800,1.0000,,0.00,,930.52
2026-09-03T04:00:00+00:00,KXFED-27APR-T0.00,0.9200,1.0000,,0.00,,930.52
2026-09-04T04:00:00+00:00,KXFED-27APR-T0.00,0.8400,1.0000,0.8600,2.00,,931.52
2026-09-05T04:00:00+00:00,KXFED-27APR-T0.00,0.8500,0.9900,0.9900,2.00,,933.52
2026-09-06T04:00:00+00:00,KXFED-27APR-T0.00,0.8700,0.9900,,0.00,,933.52
2026-09-07T04:00:00+00:00,KXFED-27APR-T0.00,0.8900,0.9900,,0.00,,933.52
2026-09-08T04:00:00+00:00,KXFED-27APR-T0.00,0.8700,0.9900,,0.00,,933.52
2026-09-10T04:00:00+00:00,KXFED-27APR-T0.00,0.8600,0.9900,,0.00,,933.52
2026-09-12T04:00:00+00:00,KXFED-27APR-T0.00,0.8500,0.9900,,0.00,,933.52
2026-09-15T04:00:00+00:00,KXFED-27APR-T0.00,0.9500,0.9900,,0.00,,933.52
2026-09-16T04:00:00+00:00,KXFED-27APR-T0.00,0.9000,0.9900,,0.00,,933.52
2026-09-17T04:00:00+00:00,KXFED-27APR-T0.00,0.9300,0.9900,,0.00,,933.52
2026-09-18T04:00:00+00:00,KXFED-27APR-T0.00,0.7600,0.9900,,0.00,,933.52
2026-09-19T04:00:00+00:00,KXFED-27APR-T0.00,0.7600,0.9900,,0.00,,933.52
2026-08-02T04:00:00+00:00,KXFED-27MAR-T4.25,0.0500,0.1600,,0.00,,899.25
2026-08-03T04:00:00+00:00,KXFED-27MAR-T4.25,0.0500,0.1600,,0.00,,899.25
2026-08-04T04:00:00+00:00,KXFED-27MAR-T4.25,0.0500,0.1600,,0.00,,899.25
2026-08-05T04:00:00+00:00,KXFED-27MAR-T4.25,0.0500,0.1700,,0.00,,899.25
2026-08-06T04:00:00+00:00,KXFED-27MAR-T4.25,0.0500,0.1700,,0.00,,899.25
2026-08-07T04:00:00+00:00,KXFED-27MAR-T4.25,0.0600,0.0700,0.0600,48.66,,899.25
2026-08-08T04:00:00+00:00,KXFED-27MAR-T4.25,0.0900,0.1300,0.0900,31.10,,900.68
2026-08-09T04:00:00+00:00,KXFED-27MAR-T4.25,0.0900,0.1300,,0.00,,900.68
2026-08-11T04:00:00+00:00,KXFED-27MAR-T4.25,0.0500,0.0900,,0.00,,900.68
2026-08-12T04:00:00+00:00,KXFED-27MAR-T4.25,0.0500,0.0900,,0.00,,900.68
2026-08-13T04:00:00+00:00,KXFED-27MAR-T4.25,0.0500,0.0900,,0.00,,900.68
2026-08-14T04:00:00+00:00,KXFED-27MAR-T4.25,0.0500,0.0700,,0.00,,900.68
2026-08-15T04:00:00+00:00,KXFED-27MAR-T4.25,0.0500,0.0700,,0.00,,900.68
2026-08-16T04:00:00+00:00,KXFED-27MAR-T4.25,0.0500,0.0900,,0.00,,900.68
2026-08-17T04:00:00+00:00,KXFED-27MAR-T4.25,0.0500,0.0800,,0.00,,900.68
2026-08-18T04:00:00+00:00,KXFED-27MAR-T4.25,0.0500,0.0800,,0.00,,900.68
2026-08-19T04:00:00+00:00,KXFED-27MAR-T4.25,0.0500,0.0800,,0.00,,900.68
2026-08-20T04:00:00+00:00,KXFED-27MAR-T4.25,0.0500,0.0900,,0.00,,900.68
2026-08-21T04:00:00+00:00,KXFED-27MAR-T4.25,0.0500,0.0900,,0.00,,900.68
2026-08-22T04:00:00+00:00,KXFED-27MAR-T4.25,0.0500,0.0900,,0.00,,900.68
2026-08-23T04:00:00+00:00,KXFED-27MAR-T4.25,0.0500,0.1000,,0.00,,900.68
2026-08-24T04:00:00+00:00,KXFED-27MAR-T4.25,0.0500,0.0900,,0.00,,900.68
2026-08-25T04:00:00+00:00,KXFED-27MAR-T4.25,0.0500,0.0700,,0.00,,900.68
2026-08-26T04:00:00+00:00,KXFED-27MAR-T4.25,0.0500,0.0900,,0.00,,900.68
2026-08-27T04:00:00+00:00,KXFED-27MAR-T4.25,0.0500,0.0900,,0.00,,900.68
2026-08-28T04:00:00+00:00,KXFED-27MAR-T4.25,0.0500,0.0900,,0.00,,900.68
2026-08-30T04:00:00+00:00,KXFED-27MAR-T4.25,0.0100,0.0900,,0.00,,900.68
2026-08-31T04:00:00+00:00,KXFED-27MAR-T4.25,0.0100,0.1000,,0.00,,900.68
2026-09-01T04:00:00+00:00,KXFED-27MAR-T4.25,0.0100,0.1000,0.0100,1.00,,899.68
2026-09-02T04:00:00+00:00,KXFED-27MAR-T4.25,0.0100,0.0900,,0.00,,899.68
2026-09-03T04:00:00+00:00,KXFED-27MAR-T4.25,0.0100,0.1000,0.0900,1.00,,900.68
2026-09-04T04:00:00+00:00,KXFED-27MAR-T4.25,0.0100,0.1100,,0.00,,900.68
2026-09-05T04:00:00+00:00,KXFED-27MAR-T4.25,0.0100,0.0800,,0.00,,900.68
2026-09-06T04:00:00+00:00,KXFED-27MAR-T4.25,0.0100,0.1000,,0.00,,900.68
2026-09-07T04:00:00+00:00,KXFED-27MAR-T4.25,0.0100,0.0900,0.1000,5.00,,905.68
2026-09-08T04:00:00+00:00,KXFED-27MAR-T4.25,0.0100,0.0900,,0.00,,905.68
2026-09-09T04:00:00+00:00,KXFED-27MAR-T4.25,0.0800,0.1300,,0.00,,905.68
2026-09-10T04:00:00+00:00,KXFED-27MAR-T4.25,0.0800,0.1500,,0.00,,905.68
2026-09-11T04:00:00+00:00,KXFED-27MAR-T4.25,0.0400,0.1300,,0.00,,905.68
2026-09-12T04:00:00+00:00,KXFED-27MAR-T4.25,0.0800,0.1700,0.1500,29.61,,934.29
2026-09-13T04:00:00+00:00,KXFED-27MAR-T4.25,0.0800,0.1700,0.1700,11.00,,945.29
2026-09-15T04:00:00+00:00,KXFED-27MAR-T4.25,0.1400,0.2600,0.2200,268.31,,1212.60
2026-09-16T04:00:00+00:00,KXFED-27MAR-T4.25,0.1600,0.2600,0.1500,18.28,,1209.60
2026-09-17T04:00:00+00:00,KXFED-27MAR-T4.25,0.1200,0.5300,0.4500,201.28,,1409.60
2026-09-18T04:00:00+00:00,KXFED-27MAR-T4.25,0.2400,0.4400,,0.00,,1409.60
2026-09-19T04:00:00+00:00,KXFED-27MAR-T4.25,0.4000,0.4500,,0.00,,1409.60
2026-08-02T04:00:00+00:00,KXFED-27MAR-T4.00,0.2000,0.5200,,0.00,,584.00
2026-08-03T04:00:00+00:00,KXFED-27MAR-T4.00,0.2000,0.5200,,0.00,,584.00
2026-08-04T04:00:00+00:00,KXFED-27MAR-T4.00,0.1600,0.5100,,0.00,,584.00
2026-08-05T04:00:00+00:00,KXFED-27MAR-T4.00,0.1600,0.5200,,0.00,,584.00
2026-08-06T04:00:00+00:00,KXFED-27MAR-T4.00,0.1600,0.5600,,0.00,,584.00
2026-08-07T04:00:00+00:00,KXFED-27MAR-T4.00,0.1900,0.5100,0.1500,38.00,,596.00
2026-08-08T04:00:00+00:00,KXFED-27MAR-T4.00,0.2800,0.4200,,0.00,,596.00
2026-08-09T04:00:00+00:00,KXFED-27MAR-T4.00,0.1600,0.4700,,0.00,,596.00
2026-08-10T04:00:00+00:00,KXFED-27MAR-T4.00,0.1600,0.4700,,0.00,,596.00
2026-08-11T04:00:00+00:00,KXFED-27MAR-T4.00,0.2000,0.5400,0.5400,1.00,,596.00
2026-08-12T04:00:00+00:00,KXFED-27MAR-T4.00,0.2300,0.5200,,0.00,,596.00
2026-08-13T04:00:00+00:00,KXFED-27MAR-T4.00,0.1700,0.4900,,0.00,,596.00
2026-08-14T04:00:00+00:00,KXFED-27MAR-T4.00,0.2700,0.4800,,0.00,,596.00
2026-08-15T04:00:00+00:00,KXFED-27MAR-T4.00,0.1500,0.4800,,0.00,,596.00
2026-08-16T04:00:00+00:00,KXFED-27MAR-T4.00,0.1500,0.4800,,0.00,,596.00
2026-08-17T04:00:00+00:00,KXFED-27MAR-T4.00,0.1500,0.4600,,0.00,,596.00
2026-08-18T04:00:00+00:00,KXFED-27MAR-T4.00,0.2300,0.4600,,0.00,,596.00
2026-08-19T04:00:00+00:00,KXFED-27MAR-T4.00,0.1500,0.5100,,0.00,,596.00
2026-08-20T04:00:00+00:00,KXFED-27MAR-T4.00,0.2200,0.4800,,0.00,,596.00
2026-08-21T04:00:00+00:00,KXFED-27MAR-T4.00,0.2300,0.4800,,0.00,,596.00
2026-08-22T04:00:00+00:00,KXFED-27MAR-T4.00,0.2100,0.5000,,0.00,,596.00
2026-08-23T04:00:00+00:00,KXFED-27MAR-T4.00,0.2100,0.5500,,0.00,,596.00
2026-08-24T04:00:00+00:00,KXFED-27MAR-T4.00,0.2100,0.4900,,0.00,,596.00
2026-08-25T04:00:00+00:00,KXFED-27MAR-T4.00,0.2100,0.4900,,0.00,,596.00
2026-08-26T04:00:00+00:00,KXFED-27MAR-T4.00,0.1800,0.5000,,0.00,,596.00
2026-08-27T04:00:00+00:00,KXFED-27MAR-T4.00,0.1900,0.4800,,0.00,,596.00
2026-08-28T04:00:00+00:00,KXFED-27MAR-T4.00,0.1700,0.5500,,0.00,,596.00
2026-08-29T04:00:00+00:00,KXFED-27MAR-T4.00,0.1700,0.5000,0.5000,2.00,,598.00
2026-08-30T04:00:00+00:00,KXFED-27MAR-T4.00,0.2700,0.4900,,0.00,,598.00
2026-08-31T04:00:00+00:00,KXFED-27MAR-T4.00,0.2700,0.4200,,0.00,,598.00
2026-09-01T04:00:00+00:00,KXFED-27MAR-T4.00,0.2100,0.4100,,0.00,,598.00
2026-09-02T04:00:00+00:00,KXFED-27MAR-T4.00,0.2500,0.5300,,0.00,,598.00
2026-09-03T04:00:00+00:00,KXFED-27MAR-T4.00,0.1900,0.5200,,0.00,,598.00
2026-09-04T04:00:00+00:00,KXFED-27MAR-T4.00,0.1700,0.4100,,0.00,,598.00
2026-09-05T04:00:00+00:00,KXFED-27MAR-T4.00,0.1700,0.5300,,0.00,,598.00
2026-09-06T04:00:00+00:00,KXFED-27MAR-T4.00,0.1700,0.4100,,0.00,,598.00
2026-09-07T04:00:00+00:00,KXFED-27MAR-T4.00,0.1900,0.5600,0.1700,2.00,,596.00
2026-09-08T04:00:00+00:00,KXFED-27MAR-T4.00,0.1700,0.3600,,0.00,,596.00
2026-09-09T04:00:00+00:00,KXFED-27MAR-T4.00,0.2700,0.4900,0.2600,1.00,,597.00
2026-09-10T04:00:00+00:00,KXFED-27MAR-T4.00,0.2700,0.4800,,0.00,,597.00
2026-09-11T04:00:00+00:00,KXFED-27MAR-T4.00,0.3600,0.4900,,0.00,,597.00
2026-09-12T04:00:00+00:00,KXFED-27MAR-T4.00,0.2700,0.5500,0.4200,14.20,,595.00
2026-09-13T04:00:00+00:00,KXFED-27MAR-T4.00,0.2700,0.5600,,0.00,,595.00
2026-09-14T04:00:00+00:00,KXFED-27MAR-T4.00,0.2700,0.5600,,0.00,,595.00
2026-09-15T04:00:00+00:00,KXFED-27MAR-T4.00,0.3500,0.5600,,0.00,,595.00
2026-09-16T04:00:00+00:00,KXFED-27MAR-T4.00,0.4700,0.5100,0.3400,21.00,,585.68
2026-09-17T04:00:00+00:00,KXFED-27MAR-T4.00,0.3100,0.8900,0.7900,769.42,,977.62
2026-09-18T04:00:00+00:00,KXFED-27MAR-T4.00,0.4800,0.9100,,0.00,,977.62
2026-09-19T04:00:00+00:00,KXFED-27MAR-T4.00,0.2900,0.8800,,0.00,,977.62
2026-08-02T04:00:00+00:00,KXFED-27MAR-T3.75,0.2800,0.6300,,0.00,,690.00
2026-08-03T04:00:00+00:00,KXFED-27MAR-T3.75,0.2800,0.6300,,0.00,,690.00
2026-08-04T04:00:00+00:00,KXFED-27MAR-T3.75,0.3200,0.6700,,0.00,,690.00
2026-08-05T04:00:00+00:00,KXFED-27MAR-T3.75,0.3200,0.7200,,0.00,,690.00
2026-08-06T04:00:00+00:00,KXFED-27MAR-T3.75,0.1900,0.7100,,0.00,,690.00
2026-08-07T04:00:00+00:00,KXFED-27MAR-T3.75,0.2800,0.6400,,0.00,,690.00
2026-08-08T04:00:00+00:00,KXFED-27MAR-T3.75,0.2600,0.3800,,0.00,,690.00
2026-08-09T04:00:00+00:00,KXFED-27MAR-T3.75,0.2800,0.4600,,0.00,,690.00
2026-08-11T04:00:00+00:00,KXFED-27MAR-T3.75,0.2000,0.5800,0.5400,10.00,,690.00
2026-08-12T04:00:00+00:00,KXFED-27MAR-T3.75,0.2500,0.5300,,0.00,,690.00
2026-08-13T04:00:00+00:00,KXFED-27MAR-T3.75,0.2100,0.4700,,0.00,,690.00
2026-08-14T04:00:00+00:00,KXFED-27MAR-T3.75,0.2600,0.4700,,0.00,,690.00
2026-08-15T04:00:00+00:00,KXFED-27MAR-T3.75,0.2600,0.4700,,0.00,,690.00
2026-08-17T04:00:00+00:00,KXFED-27MAR-T3.75,0.2800,0.4700,,0.00,,690.00
2026-08-18T04:00:00+00:00,KXFED-27MAR-T3.75,0.2400,0.4700,,0.00,,690.00
2026-08-19T04:00:00+00:00,KXFED-27MAR-T3.75,0.2200,0.4700,,0.00,,690.00
2026-08-20T04:00:00+00:00,KXFED-27MAR-T3.75,0.2200,0.4700,,0.00,,690.00
2026-08-21T04:00:00+00:00,KXFED-27MAR-T3.75,0.2200,0.4700,,0.00,,690.00
2026-08-22T04:00:00+00:00,KXFED-27MAR-T3.75,0.2200,0.4700,,0.00,,690.00
2026-08-25T04:00:00+00:00,KXFED-27MAR-T3.75,0.2200,0.4700,,0.00,,690.00
2026-08-26T04:00:00+00:00,KXFED-27MAR-T3.75,0.2000,0.4700,,0.00,,690.00
2026-08-27T04:00:00+00:00,KXFED-27MAR-T3.75,0.2000,0.4700,,0.00,,690.00
2026-08-28T04:00:00+00:00,KXFED-27MAR-T3.75,0.2000,0.4700,,0.00,,690.00
2026-08-29T04:00:00+00:00,KXFED-27MAR-T3.75,0.2000,0.5700,0.4800,152.00,,789.00
2026-08-30T04:00:00+00:00,KXFED-27MAR-T3.75,0.2600,0.6900,,0.00,,789.00
2026-08-31T04:00:00+00:00,KXFED-27MAR-T3.75,0.2800,0.7000,,0.00,,789.00
2026-09-01T04:00:00+00:00,KXFED-27MAR-T3.75,0.1900,0.6900,0.2200,1.00,,788.00
2026-09-02T04:00:00+00:00,KXFED-27MAR-T3.75,0.2800,0.6300,,0.00,,788.00
2026-09-03T04:00:00+00:00,KXFED-27MAR-T3.75,0.3500,0.7100,0.6900,4.00,,792.00
2026-09-04T04:00:00+00:00,KXFED-27MAR-T3.75,0.3500,0.7100,,0.00,,792.00
2026-09-05T04:00:00+00:00,KXFED-27MAR-T3.75,0.3500,0.7300,,0.00,,792.00
2026-09-06T04:00:00+00:00,KXFED-27MAR-T3.75,0.3500,0.7300,,0.00,,792.00
2026-09-07T04:00:00+00:00,KXFED-27MAR-T3.75,0.3500,0.7300,,0.00,,792.00
2026-09-10T04:00:00+00:00,KXFED-27MAR-T3.75,0.1900,0.5500,0.2200,10.00,,782.00
2026-09-11T04:00:00+00:00,KXFED-27MAR-T3.75,0.2000,0.6100,,0.00,,782.00
2026-09-12T04:00:00+00:00,KXFED-27MAR-T3.75,0.2000,0.6900,,0.00,,782.00
2026-09-13T04:00:00+00:00,KXFED-27MAR-T3.75,0.2700,0.7200,,0.00,,782.00
2026-09-14T04:00:00+00:00,KXFED-27MAR-T3.75,0.2700,0.7200,,0.00,,782.00
2026-09-15T04:00:00+00:00,KXFED-27MAR-T3.75,0.3600,0.7200,,0.00,,782.00
2026-09-16T04:00:00+00:00,KXFED-27MAR-T3.75,0.4700,0.5200,,0.00,,782.00
2026-09-17T04:00:00+00:00,KXFED-27MAR-T3.75,0.5500,0.9700,0.5300,11.58,,791.58
2026-09-18T04:00:00+00:00,KXFED-27MAR-T3.75,0.5500,0.9700,,0.00,,791.58
2026-09-19T04:00:00+00:00,KXFED-27MAR-T3.75,0.5500,0.9400,,0.00,,791.58
2026-08-02T04:00:00+00:00,KXFED-27MAR-T3.50,0.3900,0.6600,,0.00,,1135.01
2026-08-03T04:00:00+00:00,KXFED-27MAR-T3.50,0.3100,0.6600,,0.00,,1135.01
2026-08-04T04:00:00+00:00,KXFED-27MAR-T3.50,0.4500,0.6400,,0.00,,1135.01
2026-08-05T04:00:00+00:00,KXFED-27MAR-T3.50,0.4500,0.6400,,0.00,,1135.01
2026-08-06T04:00:00+00:00,KXFED-27MAR-T3.50,0.3600,0.6700,,0.00,,1135.01
2026-08-07T04:00:00+00:00,KXFED-27MAR-T3.50,0.3600,0.6600,,0.00,,1135.01
2026-08-08T04:00:00+00:00,KXFED-27MAR-T3.50,0.3200,0.6400,,0.00,,1135.01
2026-08-09T04:00:00+00:00,KXFED-27MAR-T3.50,0.4000,0.6600,,0.00,,1135.01
2026-08-10T04:00:00+00:00,KXFED-27MAR-T3.50,0.4000,0.6600,,0.00,,1135.01
2026-08-11T04:00:00+00:00,KXFED-27MAR-T3.50,0.2800,0.6600,0.6600,8.00,,1143.01
2026-08-12T04:00:00+00:00,KXFED-27MAR-T3.50,0.4800,0.6600,,0.00,,1143.01
2026-08-13T04:00:00+00:00,KXFED-27MAR-T3.50,0.2900,0.6600,,0.00,,1143.01
2026-08-14T04:00:00+00:00,KXFED-27MAR-T3.50,0.3200,0.6600,,0.00,,1143.01
2026-08-15T04:00:00+00:00,KXFED-27MAR-T3.50,0.3200,0.6600,,0.00,,1143.01
2026-08-16T04:00:00+00:00,KXFED-27MAR-T3.50,0.3400,0.6600,,0.00,,1143.01
2026-08-17T04:00:00+00:00,KXFED-27MAR-T3.50,0.3000,0.6600,,0.00,,1143.01
2026-08-18T04:00:00+00:00,KXFED-27MAR-T3.50,0.2800,0.6600,,0.00,,1143.01
2026-08-19T04:00:00+00:00,KXFED-27MAR-T3.50,0.2600,0.6600,,0.00,,1143.01
2026-08-20T04:00:00+00:00,KXFED-27MAR-T3.50,0.2600,0.6600,,0.00,,1143.01
2026-08-21T04:00:00+00:00,KXFED-27MAR-T3.50,0.2600,0.6600,,0.00,,1143.01
2026-08-22T04:00:00+00:00,KXFED-27MAR-T3.50,0.2600,0.6600,,0.00,,1143.01
2026-08-25T04:00:00+00:00,KXFED-27MAR-T3.50,0.2600,0.6600,,0.00,,1143.01
2026-08-27T04:00:00+00:00,KXFED-27MAR-T3.50,0.2600,0.6600,,0.00,,1143.01
2026-08-28T04:00:00+00:00,KXFED-27MAR-T3.50,0.2600,0.6600,,0.00,,1143.01
2026-08-29T04:00:00+00:00,KXFED-27MAR-T3.50,0.3200,0.6600,,0.00,,1143.01
2026-08-30T04:00:00+00:00,KXFED-27MAR-T3.50,0.3000,0.6600,,0.00,,1143.01
2026-08-31T04:00:00+00:00,KXFED-27MAR-T3.50,0.3500,0.7800,0.6700,17.89,,1156.90
2026-09-01T04:00:00+00:00,KXFED-27MAR-T3.50,0.4200,0.7500,,0.00,,1156.90
2026-09-02T04:00:00+00:00,KXFED-27MAR-T3.50,0.4000,0.7800,0.7600,4.00,,1156.90
2026-09-03T04:00:00+00:00,KXFED-27MAR-T3.50,0.3900,0.7800,0.7600,13.00,,1169.90
2026-09-04T04:00:00+00:00,KXFED-27MAR-T3.50,0.4000,0.7800,,0.00,,1169.90
2026-09-05T04:00:00+00:00,KXFED-27MAR-T3.50,0.4200,0.7800,,0.00,,1169.90
2026-09-06T04:00:00+00:00,KXFED-27MAR-T3.50,0.4100,0.7800,,0.00,,1169.90
2026-09-07T04:00:00+00:00,KXFED-27MAR-T3.50,0.4000,0.7800,,0.00,,1169.90
2026-09-09T04:00:00+00:00,KXFED-27MAR-T3.50,0.4000,0.7800,,0.00,,1169.90
2026-09-10T04:00:00+00:00,KXFED-27MAR-T3.50,0.3000,0.7800,0.4300,5.00,,1164.90
2026-09-11T04:00:00+00:00,KXFED-27MAR-T3.50,0.3300,0.7800,,0.00,,1164.90
2026-09-12T04:00:00+00:00,KXFED-27MAR-T3.50,0.4200,0.7800,,0.00,,1164.90
2026-09-13T04:00:00+00:00,KXFED-27MAR-T3.50,0.5600,0.8500,0.7900,185.60,,1350.50
2026-09-14T04:00:00+00:00,KXFED-27MAR-T3.50,0.4900,0.8500,,0.00,,1350.50
2026-09-15T04:00:00+00:00,KXFED-27MAR-T3.50,0.4900,0.8600,,0.00,,1350.50
2026-09-16T04:00:00+00:00,KXFED-27MAR-T3.50,0.4800,0.8800,,0.00,,1350.50
2026-09-17T04:00:00+00:00,KXFED-27MAR-T3.50,0.6400,0.9400,,0.00,,1350.50
2026-09-18T04:00:00+00:00,KXFED-27MAR-T3.50,0.6600,0.7800,0.7300,3.00,,1347.50
2026-09-19T04:00:00+00:00,KXFED-27MAR-T3.50,0.6300,0.9700,,0.00,,1347.50
2026-08-02T04:00:00+00:00,KXFED-27MAR-T3.25,0.5800,0.9300,,0.00,,714.94
2026-08-03T04:00:00+00:00,KXFED-27MAR-T3.25,0.5800,0.9300,0.5800,3.00,,711.94
2026-08-04T04:00:00+00:00,KXFED-27MAR-T3.25,0.6000,0.8900,,0.00,,711.94
2026-08-05T04:00:00+00:00,KXFED-27MAR-T3.25,0.3700,0.8900,,0.00,,711.94
2026-08-06T04:00:00+00:00,KXFED-27MAR-T3.25,0.3600,0.9300,,0.00,,711.94
2026-08-07T04:00:00+00:00,KXFED-27MAR-T3.25,0.3700,0.9500,,0.00,,711.94
2026-08-08T04:00:00+00:00,KXFED-27MAR-T3.25,0.7800,0.8900,,0.00,,711.94
2026-08-09T04:00:00+00:00,KXFED-27MAR-T3.25,0.3800,0.9300,,0.00,,711.94
2026-08-10T04:00:00+00:00,KXFED-27MAR-T3.25,0.3800,0.9300,,0.00,,711.94
2026-08-11T04:00:00+00:00,KXFED-27MAR-T3.25,0.3600,0.9300,0.9300,5.00,,716.94
2026-08-12T04:00:00+00:00,KXFED-27MAR-T3.25,0.3600,0.9300,,0.00,,716.94
2026-08-13T04:00:00+00:00,KXFED-27MAR-T3.25,0.3800,0.9200,,0.00,,716.94
2026-08-14T04:00:00+00:00,KXFED-27MAR-T3.25,0.6500,0.9200,,0.00,,716.94
2026-08-15T04:00:00+00:00,KXFED-27MAR-T3.25,0.6600,0.9200,,0.00,,716.94
2026-08-16T04:00:00+00:00,KXFED-27MAR-T3.25,0.3600,0.9200,,0.00,,716.94
2026-08-17T04:00:00+00:00,KXFED-27MAR-T3.25,0.3600,0.9200,,0.00,,716.94
2026-08-18T04:00:00+00:00,KXFED-27MAR-T3.25,0.6600,0.9200,,0.00,,716.94
2026-08-19T04:00:00+00:00,KXFED-27MAR-T3.25,0.3600,0.9200,,0.00,,716.94
2026-08-20T04:00:00+00:00,KXFED-27MAR-T3.25,0.6500,0.9400,0.6700,2.00,,714.94
2026-08-21T04:00:00+00:00,KXFED-27MAR-T3.25,0.6600,0.9400,,0.00,,714.94
2026-08-22T04:00:00+00:00,KXFED-27MAR-T3.25,0.3600,0.9200,,0.00,,714.94
2026-08-23T04:00:00+00:00,KXFED-27MAR-T3.25,0.3600,0.9200,,0.00,,714.94
2026-08-24T04:00:00+00:00,KXFED-27MAR-T3.25,0.6600,0.9200,,0.00,,714.94
2026-08-25T04:00:00+00:00,KXFED-27MAR-T3.25,0.6500,0.9100,0.6500,5.46,,714.94
2026-08-26T04:00:00+00:00,KXFED-27MAR-T3.25,0.6500,0.9200,,0.00,,714.94
2026-08-27T04:00:00+00:00,KXFED-27MAR-T3.25,0.3600,0.9000,,0.00,,714.94
2026-08-28T04:00:00+00:00,KXFED-27MAR-T3.25,0.6600,0.9600,,0.00,,714.94
2026-08-29T04:00:00+00:00,KXFED-27MAR-T3.25,0.6600,0.9000,,0.00,,714.94
2026-08-30T04:00:00+00:00,KXFED-27MAR-T3.25,0.7300,0.9200,,0.00,,714.94
2026-08-31T04:00:00+00:00,KXFED-27MAR-T3.25,0.8100,0.9200,,0.00,,714.94
2026-09-01T04:00:00+00:00,KXFED-27MAR-T3.25,0.7100,0.8900,,0.00,,714.94
2026-09-02T04:00:00+00:00,KXFED-27MAR-T3.25,0.7300,0.9000,,0.00,,714.94
2026-09-03T04:00:00+00:00,KXFED-27MAR-T3.25,0.6700,0.9200,0.8400,13.00,,723.94
2026-09-04T04:00:00+00:00,KXFED-27MAR-T3.25,0.6800,0.9200,,0.00,,723.94
2026-09-05T04:00:00+00:00,KXFED-27MAR-T3.25,0.8100,0.9200,,0.00,,723.94
2026-09-07T04:00:00+00:00,KXFED-27MAR-T3.25,0.8100,0.9400,,0.00,,723.94
2026-09-08T04:00:00+00:00,KXFED-27MAR-T3.25,0.8300,0.9400,,0.00,,723.94
2026-09-09T04:00:00+00:00,KXFED-27MAR-T3.25,0.6700,0.9200,,0.00,,723.94
2026-09-10T04:00:00+00:00,KXFED-27MAR-T3.25,0.6700,0.9400,,0.00,,723.94
2026-09-11T04:00:00+00:00,KXFED-27MAR-T3.25,0.7500,0.9300,,0.00,,723.94
2026-09-12T04:00:00+00:00,KXFED-27MAR-T3.25,0.8200,0.9300,,0.00,,723.94
2026-09-13T04:00:00+00:00,KXFED-27MAR-T3.25,0.7000,0.9200,,0.00,,723.94
2026-09-14T04:00:00+00:00,KXFED-27MAR-T3.25,0.8100,0.9200,,0.00,,723.94
2026-09-15T04:00:00+00:00,KXFED-27MAR-T3.25,0.7200,0.9200,,0.00,,723.94
2026-09-16T04:00:00+00:00,KXFED-27MAR-T3.25,0.7500,0.9300,,0.00,,723.94
2026-09-17T04:00:00+00:00,KXFED-27MAR-T3.25,0.7400,0.9500,,0.00,,723.94
2026-09-18T04:00:00+00:00,KXFED-27MAR-T3.25,0.8300,0.9900,,0.00,,723.94
2026-09-19T04:00:00+00:00,KXFED-27MAR-T3.25,0.4200,0.9900,,0.00,,723.94
2026-08-02T04:00:00+00:00,KXFED-27MAR-T3.00,0.8500,0.9700,,0.00,,290.03
2026-08-03T04:00:00+00:00,KXFED-27MAR-T3.00,0.8500,0.9700,,0.00,,290.03
2026-08-04T04:00:00+00:00,KXFED-27MAR-T3.00,0.8400,0.9700,,0.00,,290.03
2026-08-05T04:00:00+00:00,KXFED-27MAR-T3.00,0.8600,0.9700,,0.00,,290.03
2026-08-06T04:00:00+00:00,KXFED-27MAR-T3.00,0.8100,0.9600,,0.00,,290.03
2026-08-07T04:00:00+00:00,KXFED-27MAR-T3.00,0.8200,0.9300,0.9500,56.00,,289.10
2026-08-08T04:00:00+00:00,KXFED-27MAR-T3.00,0.8200,0.9200,,0.00,,289.10
2026-08-09T04:00:00+00:00,KXFED-27MAR-T3.00,0.8300,0.9200,,0.00,,289.10
2026-08-10T04:00:00+00:00,KXFED-27MAR-T3.00,0.8100,0.9200,,0.00,,289.10
2026-08-11T04:00:00+00:00,KXFED-27MAR-T3.00,0.7600,0.9200,0.9200,6.00,,295.10
2026-08-12T04:00:00+00:00,KXFED-27MAR-T3.00,0.7800,0.9200,,0.00,,295.10
2026-08-13T04:00:00+00:00,KXFED-27MAR-T3.00,0.6600,0.9000,,0.00,,295.10
2026-08-14T04:00:00+00:00,KXFED-27MAR-T3.00,0.7200,0.9200,0.1400,1.00,,295.10
2026-08-15T04:00:00+00:00,KXFED-27MAR-T3.00,0.7200,0.9200,,0.00,,295.10
2026-08-16T04:00:00+00:00,KXFED-27MAR-T3.00,0.7200,0.9200,,0.00,,295.10
2026-08-17T04:00:00+00:00,KXFED-27MAR-T3.00,0.7400,0.9200,,0.00,,295.10
2026-08-18T04:00:00+00:00,KXFED-27MAR-T3.00,0.6600,0.9400,,0.00,,295.10
2026-08-19T04:00:00+00:00,KXFED-27MAR-T3.00,0.6700,0.9400,,0.00,,295.10
2026-08-20T04:00:00+00:00,KXFED-27MAR-T3.00,0.6600,0.9400,,0.00,,295.10
2026-08-21T04:00:00+00:00,KXFED-27MAR-T3.00,0.6600,0.9400,,0.00,,295.10
2026-08-22T04:00:00+00:00,KXFED-27MAR-T3.00,0.6600,0.9400,,0.00,,295.10
2026-08-23T04:00:00+00:00,KXFED-27MAR-T3.00,0.6100,0.9400,,0.00,,295.10
2026-08-24T04:00:00+00:00,KXFED-27MAR-T3.00,0.6100,0.9400,,0.00,,295.10
2026-08-26T04:00:00+00:00,KXFED-27MAR-T3.00,0.6100,0.9600,,0.00,,295.10
2026-08-27T04:00:00+00:00,KXFED-27MAR-T3.00,0.6500,0.9600,,0.00,,295.10
2026-08-28T04:00:00+00:00,KXFED-27MAR-T3.00,0.6500,0.9600,,0.00,,295.10
2026-08-29T04:00:00+00:00,KXFED-27MAR-T3.00,0.6900,0.9200,,0.00,,295.10
2026-08-30T04:00:00+00:00,KXFED-27MAR-T3.00,0.6500,0.9200,,0.00,,295.10
2026-08-31T04:00:00+00:00,KXFED-27MAR-T3.00,0.6700,0.9200,,0.00,,295.10
2026-09-01T04:00:00+00:00,KXFED-27MAR-T3.00,0.6400,0.9100,,0.00,,295.10
2026-09-02T04:00:00+00:00,KXFED-27MAR-T3.00,0.6900,0.9200,,0.00,,295.10
2026-09-03T04:00:00+00:00,KXFED-27MAR-T3.00,0.6700,0.9200,0.9200,15.00,,310.10
2026-09-04T04:00:00+00:00,KXFED-27MAR-T3.00,0.6600,0.9200,,0.00,,310.10
2026-09-05T04:00:00+00:00,KXFED-27MAR-T3.00,0.6200,0.9200,,0.00,,310.10
2026-09-06T04:00:00+00:00,KXFED-27MAR-T3.00,0.6200,0.9200,,0.00,,310.10
2026-09-07T04:00:00+00:00,KXFED-27MAR-T3.00,0.6200,0.9200,,0.00,,310.10
2026-09-09T04:00:00+00:00,KXFED-27MAR-T3.00,0.7400,0.9200,,0.00,,310.10
2026-09-10T04:00:00+00:00,KXFED-27MAR-T3.00,0.6200,0.9600,,0.00,,310.10
2026-09-11T04:00:00+00:00,KXFED-27MAR-T3.00,0.6200,0.9600,,0.00,,310.10
2026-09-12T04:00:00+00:00,KXFED-27MAR-T3.00,0.6200,0.9600,,0.00,,310.10
2026-09-13T04:00:00+00:00,KXFED-27MAR-T3.00,0.6800,0.9200,,0.00,,310.10
2026-09-14T04:00:00+00:00,KXFED-27MAR-T3.00,0.7000,0.9300,,0.00,,310.10
2026-09-15T04:00:00+00:00,KXFED-27MAR-T3.00,0.6900,0.9400,,0.00,,310.10
2026-09-16T04:00:00+00:00,KXFED-27MAR-T3.00,0.7600,0.9400,,0.00,,310.10
2026-09-17T04:00:00+00:00,KXFED-27MAR-T3.00,0.3700,0.9600,,0.00,,310.10
2026-09-18T04:00:00+00:00,KXFED-27MAR-T3.00,0.3200,0.9800,,0.00,,310.10
2026-08-02T04:00:00+00:00,KXFED-27MAR-T2.75,0.8300,0.9700,,0.00,,308.98
2026-08-03T04:00:00+00:00,KXFED-27MAR-T2.75,0.8300,0.9700,,0.00,,308.98
2026-08-04T04:00:00+00:00,KXFED-27MAR-T2.75,0.6500,0.9700,,0.00,,308.98
2026-08-05T04:00:00+00:00,KXFED-27MAR-T2.75,0.6700,0.9700,,0.00,,308.98
2026-08-06T04:00:00+00:00,KXFED-27MAR-T2.75,0.8100,0.9600,,0.00,,308.98
2026-08-07T04:00:00+00:00,KXFED-27MAR-T2.75,0.6500,0.9500,0.9600,44.38,,306.98
2026-08-08T04:00:00+00:00,KXFED-27MAR-T2.75,0.8500,0.9600,,0.00,,306.98
2026-08-09T04:00:00+00:00,KXFED-27MAR-T2.75,0.8300,0.9600,,0.00,,306.98
2026-08-10T04:00:00+00:00,KXFED-27MAR-T2.75,0.8100,0.9600,,0.00,,306.98
2026-08-11T04:00:00+00:00,KXFED-27MAR-T2.75,0.6300,0.9600,0.9600,5.00,,311.98
2026-08-12T04:00:00+00:00,KXFED-27MAR-T2.75,0.6700,0.9600,,0.00,,311.98
2026-08-13T04:00:00+00:00,KXFED-27MAR-T2.75,0.6800,0.9600,,0.00,,311.98
2026-08-14T04:00:00+00:00,KXFED-27MAR-T2.75,0.7400,0.9600,,0.00,,311.98
2026-08-15T04:00:00+00:00,KXFED-27MAR-T2.75,0.7300,0.9600,,0.00,,311.98
2026-08-16T04:00:00+00:00,KXFED-27MAR-T2.75,0.7300,0.9600,,0.00,,311.98
2026-08-17T04:00:00+00:00,KXFED-27MAR-T2.75,0.7300,0.9600,,0.00,,311.98
2026-08-18T04:00:00+00:00,KXFED-27MAR-T2.75,0.6200,0.9600,,0.00,,311.98
2026-08-19T04:00:00+00:00,KXFED-27MAR-T2.75,0.6200,0.9600,,0.00,,311.98
2026-08-20T04:00:00+00:00,KXFED-27MAR-T2.75,0.6500,0.9600,,0.00,,311.98
2026-08-21T04:00:00+00:00,KXFED-27MAR-T2.75,0.6200,0.9600,,0.00,,311.98
2026-08-22T04:00:00+00:00,KXFED-27MAR-T2.75,0.6300,0.9600,,0.00,,311.98
2026-08-23T04:00:00+00:00,KXFED-27MAR-T2.75,0.6200,0.9600,,0.00,,311.98
2026-08-24T04:00:00+00:00,KXFED-27MAR-T2.75,0.6300,0.9600,,0.00,,311.98
2026-08-25T04:00:00+00:00,KXFED-27MAR-T2.75,0.6300,0.9600,,0.00,,311.98
2026-08-26T04:00:00+00:00,KXFED-27MAR-T2.75,0.6300,0.9600,,0.00,,311.98
2026-08-27T04:00:00+00:00,KXFED-27MAR-T2.75,0.6400,0.9600,,0.00,,311.98
2026-08-28T04:00:00+00:00,KXFED-27MAR-T2.75,0.6400,0.9500,,0.00,,311.98
2026-08-29T04:00:00+00:00,KXFED-27MAR-T2.75,0.6900,0.9300,,0.00,,311.98
2026-08-30T04:00:00+00:00,KXFED-27MAR-T2.75,0.6600,0.9300,,0.00,,311.98
2026-08-31T04:00:00+00:00,KXFED-27MAR-T2.75,0.6600,0.9500,,0.00,,311.98
2026-09-01T04:00:00+00:00,KXFED-27MAR-T2.75,0.6700,0.9400,,0.00,,311.98
2026-09-02T04:00:00+00:00,KXFED-27MAR-T2.75,0.7400,0.9500,,0.00,,311.98
2026-09-03T04:00:00+00:00,KXFED-27MAR-T2.75,0.9300,0.9500,0.9300,15.37,,323.35
2026-09-04T04:00:00+00:00,KXFED-27MAR-T2.75,0.7100,0.9300,,0.00,,323.35
2026-09-05T04:00:00+00:00,KXFED-27MAR-T2.75,0.6300,0.9300,,0.00,,323.35
2026-09-09T04:00:00+00:00,KXFED-27MAR-T2.75,0.8100,0.9300,,0.00,,323.35
2026-09-10T04:00:00+00:00,KXFED-27MAR-T2.75,0.6300,0.9600,,0.00,,323.35
2026-09-11T04:00:00+00:00,KXFED-27MAR-T2.75,0.6300,0.9900,,0.00,,323.35
2026-09-12T04:00:00+00:00,KXFED-27MAR-T2.75,0.6300,0.9900,,0.00,,323.35
2026-09-13T04:00:00+00:00,KXFED-27MAR-T2.75,0.6900,0.9300,,0.00,,323.35
2026-09-14T04:00:00+00:00,KXFED-27MAR-T2.75,0.7900,0.9500,,0.00,,323.35
2026-09-15T04:00:00+00:00,KXFED-27MAR-T2.75,0.6900,0.9500,,0.00,,323.35
2026-09-16T04:00:00+00:00,KXFED-27MAR-T2.75,0.8000,0.9500,,0.00,,323.35
2026-09-17T04:00:00+00:00,KXFED-27MAR-T2.75,0.4100,0.9600,,0.00,,323.35
2026-09-18T04:00:00+00:00,KXFED-27MAR-T2.75,0.3900,0.9900,,0.00,,323.35
2026-08-02T04:00:00+00:00,KXFED-27MAR-T2.50,0.8800,0.9600,,0.00,,251.52
2026-08-03T04:00:00+00:00,KXFED-27MAR-T2.50,0.8800,0.9600,,0.00,,251.52
2026-08-04T04:00:00+00:00,KXFED-27MAR-T2.50,0.8800,0.9600,,0.00,,251.52
2026-08-05T04:00:00+00:00,KXFED-27MAR-T2.50,0.6300,0.9400,,0.00,,251.52
2026-08-06T04:00:00+00:00,KXFED-27MAR-T2.50,0.8300,0.9700,,0.00,,251.52
2026-08-07T04:00:00+00:00,KXFED-27MAR-T2.50,0.6700,0.9400,0.9400,54.00,,249.28
2026-08-08T04:00:00+00:00,KXFED-27MAR-T2.50,0.8500,0.9500,,0.00,,249.28
2026-08-11T04:00:00+00:00,KXFED-27MAR-T2.50,0.8100,0.9500,,0.00,,249.28
2026-08-12T04:00:00+00:00,KXFED-27MAR-T2.50,0.8200,0.9500,,0.00,,249.28
2026-08-13T04:00:00+00:00,KXFED-27MAR-T2.50,0.8500,0.9300,,0.00,,249.28
2026-08-14T04:00:00+00:00,KXFED-27MAR-T2.50,0.8600,0.9700,,0.00,,249.28
2026-08-15T04:00:00+00:00,KXFED-27MAR-T2.50,0.8500,0.9700,,0.00,,249.28
2026-08-16T04:00:00+00:00,KXFED-27MAR-T2.50,0.8500,0.9700,,0.00,,249.28
2026-08-17T04:00:00+00:00,KXFED-27MAR-T2.50,0.8400,0.9700,,0.00,,249.28
2026-08-18T04:00:00+00:00,KXFED-27MAR-T2.50,0.8200,0.9700,,0.00,,249.28
2026-08-19T04:00:00+00:00,KXFED-27MAR-T2.50,0.8100,0.9700,,0.00,,249.28
2026-08-20T04:00:00+00:00,KXFED-27MAR-T2.50,0.8200,0.9700,,0.00,,249.28
2026-08-21T04:00:00+00:00,KXFED-27MAR-T2.50,0.8200,0.9700,,0.00,,249.28
2026-08-22T04:00:00+00:00,KXFED-27MAR-T2.50,0.8200,0.9700,,0.00,,249.28
2026-08-23T04:00:00+00:00,KXFED-27MAR-T2.50,0.6200,0.9700,,0.00,,249.28
2026-08-24T04:00:00+00:00,KXFED-27MAR-T2.50,0.6200,0.9700,,0.00,,249.28
2026-08-25T04:00:00+00:00,KXFED-27MAR-T2.50,0.6200,0.9300,,0.00,,249.28
2026-08-27T04:00:00+00:00,KXFED-27MAR-T2.50,0.8000,0.9300,,0.00,,249.28
2026-08-28T04:00:00+00:00,KXFED-27MAR-T2.50,0.8100,0.9700,,0.00,,249.28
2026-08-29T04:00:00+00:00,KXFED-27MAR-T2.50,0.8100,0.9300,,0.00,,249.28
2026-08-30T04:00:00+00:00,KXFED-27MAR-T2.50,0.8500,0.9500,,0.00,,249.28
2026-08-31T04:00:00+00:00,KXFED-27MAR-T2.50,0.8300,0.9500,,0.00,,249.28
2026-09-01T04:00:00+00:00,KXFED-27MAR-T2.50,0.8400,0.9500,,0.00,,249.28
2026-09-02T04:00:00+00:00,KXFED-27MAR-T2.50,0.8000,0.9500,,0.00,,249.28
2026-09-03T04:00:00+00:00,KXFED-27MAR-T2.50,0.8400,0.9500,0.9500,4.00,,253.28
2026-09-04T04:00:00+00:00,KXFED-27MAR-T2.50,0.8100,0.9300,,0.00,,253.28
2026-09-05T04:00:00+00:00,KXFED-27MAR-T2.50,0.7900,0.9500,,0.00,,253.28
2026-09-06T04:00:00+00:00,KXFED-27MAR-T2.50,0.7800,0.9500,,0.00,,253.28
2026-09-09T04:00:00+00:00,KXFED-27MAR-T2.50,0.8200,0.9300,,0.00,,253.28
2026-09-10T04:00:00+00:00,KXFED-27MAR-T2.50,0.6500,0.9500,0.9300,3.00,,250.28
2026-09-11T04:00:00+00:00,KXFED-27MAR-T2.50,0.7900,0.9900,,0.00,,250.28
2026-09-12T04:00:00+00:00,KXFED-27MAR-T2.50,0.7700,0.9900,,0.00,,250.28
2026-09-13T04:00:00+00:00,KXFED-27MAR-T2.50,0.8100,0.9600,,0.00,,250.28
2026-09-14T04:00:00+00:00,KXFED-27MAR-T2.50,0.8100,0.9500,,0.00,,250.28
2026-09-15T04:00:00+00:00,KXFED-27MAR-T2.50,0.8200,0.9500,,0.00,,250.28
2026-09-16T04:00:00+00:00,KXFED-27MAR-T2.50,0.8200,0.9700,,0.00,,250.28
2026-09-17T04:00:00+00:00,KXFED-27MAR-T2.50,0.6300,0.9700,,0.00,,250.28
2026-09-18T04:00:00+00:00,KXFED-27MAR-T2.50,0.6100,0.9900,,0.00,,250.28
2026-08-02T04:00:00+00:00,KXFED-27MAR-T2.25,0.8900,0.9700,,0.00,,955.84
2026-08-03T04:00:00+00:00,KXFED-27MAR-T2.25,0.8700,0.9700,,0.00,,955.84
2026-08-04T04:00:00+00:00,KXFED-27MAR-T2.25,0.8700,0.9700,,0.00,,955.84
2026-08-05T04:00:00+00:00,KXFED-27MAR-T2.25,0.8600,0.9700,,0.00,,955.84
2026-08-06T04:00:00+00:00,KXFED-27MAR-T2.25,0.8600,0.9700,,0.00,,955.84
2026-08-07T04:00:00+00:00,KXFED-27MAR-T2.25,0.8600,0.9100,0.8600,37.62,,955.84
2026-08-08T04:00:00+00:00,KXFED-27MAR-T2.25,0.8600,0.9500,,0.00,,955.84
2026-08-09T04:00:00+00:00,KXFED-27MAR-T2.25,0.8600,0.9500,,0.00,,955.84
2026-08-10T04:00:00+00:00,KXFED-27MAR-T2.25,0.8600,0.9500,,0.00,,955.84
2026-08-11T04:00:00+00:00,KXFED-27MAR-T2.25,0.8600,0.9500,,0.00,,955.84
2026-08-12T04:00:00+00:00,KXFED-27MAR-T2.25,0.8600,0.9200,,0.00,,955.84
2026-08-13T04:00:00+00:00,KXFED-27MAR-T2.25,0.8600,0.9200,,0.00,,955.84
2026-08-14T04:00:00+00:00,KXFED-27MAR-T2.25,0.8600,0.9500,,0.00,,955.84
2026-08-15T04:00:00+00:00,KXFED-27MAR-T2.25,0.8600,0.9500,,0.00,,955.84
2026-08-16T04:00:00+00:00,KXFED-27MAR-T2.25,0.8600,0.9500,,0.00,,955.84
2026-08-17T04:00:00+00:00,KXFED-27MAR-T2.25,0.8600,0.9500,,0.00,,955.84
2026-08-18T04:00:00+00:00,KXFED-27MAR-T2.25,0.8600,0.9700,,0.00,,955.84
2026-08-19T04:00:00+00:00,KXFED-27MAR-T2.25,0.8600,0.9700,,0.00,,955.84
2026-08-20T04:00:00+00:00,KXFED-27MAR-T2.25,0.8600,0.9700,,0.00,,955.84
2026-08-21T04:00:00+00:00,KXFED-27MAR-T2.25,0.8600,0.9600,,0.00,,955.84
2026-08-22T04:00:00+00:00,KXFED-27MAR-T2.25,0.8600,0.9600,,0.00,,955.84
2026-08-23T04:00:00+00:00,KXFED-27MAR-T2.25,0.8600,0.9600,,0.00,,955.84
2026-08-24T04:00:00+00:00,KXFED-27MAR-T2.25,0.8700,0.9600,,0.00,,955.84
2026-08-25T04:00:00+00:00,KXFED-27MAR-T2.25,0.8600,0.9600,,0.00,,955.84
2026-08-26T04:00:00+00:00,KXFED-27MAR-T2.25,0.8600,0.9600,,0.00,,955.84
2026-08-27T04:00:00+00:00,KXFED-27MAR-T2.25,0.8600,0.9600,,0.00,,955.84
2026-08-28T04:00:00+00:00,KXFED-27MAR-T2.25,0.8600,0.9600,,0.00,,955.84
2026-08-29T04:00:00+00:00,KXFED-27MAR-T2.25,0.8600,0.9400,,0.00,,955.84
2026-08-30T04:00:00+00:00,KXFED-27MAR-T2.25,0.8600,0.9600,,0.00,,955.84
2026-08-31T04:00:00+00:00,KXFED-27MAR-T2.25,0.8600,0.9600,,0.00,,955.84
2026-09-01T04:00:00+00:00,KXFED-27MAR-T2.25,0.8600,0.9600,,0.00,,955.84
2026-09-02T04:00:00+00:00,KXFED-27MAR-T2.25,0.8600,0.9600,,0.00,,955.84
2026-09-03T04:00:00+00:00,KXFED-27MAR-T2.25,0.8700,0.9600,0.9600,3.00,,958.84
2026-09-04T04:00:00+00:00,KXFED-27MAR-T2.25,0.8900,0.9300,,0.00,,958.84
2026-09-05T04:00:00+00:00,KXFED-27MAR-T2.25,0.8700,0.9400,,0.00,,958.84
2026-09-06T04:00:00+00:00,KXFED-27MAR-T2.25,0.8600,0.9700,,0.00,,958.84
2026-09-07T04:00:00+00:00,KXFED-27MAR-T2.25,0.8600,0.9700,,0.00,,958.84
2026-09-09T04:00:00+00:00,KXFED-27MAR-T2.25,0.8600,0.9300,,0.00,,958.84
2026-09-10T04:00:00+00:00,KXFED-27MAR-T2.25,0.8600,0.9700,,0.00,,958.84
2026-09-11T04:00:00+00:00,KXFED-27MAR-T2.25,0.8600,0.9700,,0.00,,958.84
2026-09-12T04:00:00+00:00,KXFED-27MAR-T2.25,0.8600,0.9700,,0.00,,958.84
2026-09-13T04:00:00+00:00,KXFED-27MAR-T2.25,0.8600,0.9500,,0.00,,958.84
2026-09-17T04:00:00+00:00,KXFED-27MAR-T2.25,0.8600,0.9700,,0.00,,958.84
2026-09-18T04:00:00+00:00,KXFED-27MAR-T2.25,0.8600,0.9900,,0.00,,958.84
2026-09-19T04:00:00+00:00,KXFED-27MAR-T2.25,0.8600,0.9900,,0.00,,958.84
2026-08-02T04:00:00+00:00,KXFED-27MAR-T2.00,0.8800,0.9800,,0.00,,870.00
2026-08-03T04:00:00+00:00,KXFED-27MAR-T2.00,0.8800,0.9800,,0.00,,870.00
2026-08-04T04:00:00+00:00,KXFED-27MAR-T2.00,0.9300,0.9700,,0.00,,870.00
2026-08-05T04:00:00+00:00,KXFED-27MAR-T2.00,0.9300,0.9700,,0.00,,870.00
2026-08-06T04:00:00+00:00,KXFED-27MAR-T2.00,0.9200,0.9600,,0.00,,870.00
2026-08-07T04:00:00+00:00,KXFED-27MAR-T2.00,0.9000,0.9500,0.9100,3.00,,870.88
2026-08-08T04:00:00+00:00,KXFED-27MAR-T2.00,0.9100,0.9600,,0.00,,870.88
2026-08-11T04:00:00+00:00,KXFED-27MAR-T2.00,0.9100,0.9600,,0.00,,870.88
2026-08-12T04:00:00+00:00,KXFED-27MAR-T2.00,0.9100,0.9600,,0.00,,870.88
2026-08-13T04:00:00+00:00,KXFED-27MAR-T2.00,0.9100,0.9600,,0.00,,870.88
2026-08-14T04:00:00+00:00,KXFED-27MAR-T2.00,0.9100,0.9600,,0.00,,870.88
2026-08-15T04:00:00+00:00,KXFED-27MAR-T2.00,0.9100,0.9600,,0.00,,870.88
2026-08-18T04:00:00+00:00,KXFED-27MAR-T2.00,0.9100,0.9600,,0.00,,870.88
2026-08-19T04:00:00+00:00,KXFED-27MAR-T2.00,0.9100,0.9600,,0.00,,870.88
2026-08-20T04:00:00+00:00,KXFED-27MAR-T2.00,0.9100,0.9600,,0.00,,870.88
2026-08-21T04:00:00+00:00,KXFED-27MAR-T2.00,0.9100,0.9600,,0.00,,870.88
2026-08-22T04:00:00+00:00,KXFED-27MAR-T2.00,0.9100,0.9600,,0.00,,870.88
2026-08-25T04:00:00+00:00,KXFED-27MAR-T2.00,0.9100,0.9600,,0.00,,870.88
2026-08-27T04:00:00+00:00,KXFED-27MAR-T2.00,0.9100,0.9600,,0.00,,870.88
2026-08-28T04:00:00+00:00,KXFED-27MAR-T2.00,0.9100,0.9600,,0.00,,870.88
2026-08-29T04:00:00+00:00,KXFED-27MAR-T2.00,0.9100,0.9600,,0.00,,870.88
2026-08-31T04:00:00+00:00,KXFED-27MAR-T2.00,0.9100,0.9600,,0.00,,870.88
2026-09-01T04:00:00+00:00,KXFED-27MAR-T2.00,0.9100,0.9600,0.9600,1.00,,870.88
2026-09-02T04:00:00+00:00,KXFED-27MAR-T2.00,0.9100,0.9600,,0.00,,870.88
2026-09-03T04:00:00+00:00,KXFED-27MAR-T2.00,0.9100,0.9600,0.9600,2.00,,872.88
2026-09-04T04:00:00+00:00,KXFED-27MAR-T2.00,0.9100,0.9500,,0.00,,872.88
2026-09-05T04:00:00+00:00,KXFED-27MAR-T2.00,0.9100,0.9400,,0.00,,872.88
2026-09-06T04:00:00+00:00,KXFED-27MAR-T2.00,0.9100,0.9400,,0.00,,872.88
2026-09-07T04:00:00+00:00,KXFED-27MAR-T2.00,0.9100,0.9500,,0.00,,872.88
2026-09-08T04:00:00+00:00,KXFED-27MAR-T2.00,0.9100,0.9500,,0.00,,872.88
2026-09-09T04:00:00+00:00,KXFED-27MAR-T2.00,0.9100,0.9400,,0.00,,872.88
2026-09-10T04:00:00+00:00,KXFED-27MAR-T2.00,0.9100,0.9500,,0.00,,872.88
2026-09-11T04:00:00+00:00,KXFED-27MAR-T2.00,0.9100,0.9500,,0.00,,872.88
2026-09-12T04:00:00+00:00,KXFED-27MAR-T2.00,0.9100,0.9500,,0.00,,872.88
2026-09-13T04:00:00+00:00,KXFED-27MAR-T2.00,0.9100,0.9600,,0.00,,872.88
2026-09-15T04:00:00+00:00,KXFED-27MAR-T2.00,0.9100,0.9600,,0.00,,872.88
2026-09-17T04:00:00+00:00,KXFED-27MAR-T2.00,0.8700,0.9800,,0.00,,872.88
2026-09-18T04:00:00+00:00,KXFED-27MAR-T2.00,0.8700,0.9900,,0.00,,872.88
2026-08-02T04:00:00+00:00,KXFED-27MAR-T1.75,0.8900,0.9800,,0.00,,197.35
2026-08-03T04:00:00+00:00,KXFED-27MAR-T1.75,0.8900,0.9800,,0.00,,197.35
2026-08-04T04:00:00+00:00,KXFED-27MAR-T1.75,0.9200,0.9600,,0.00,,197.35
2026-08-05T04:00:00+00:00,KXFED-27MAR-T1.75,0.9200,0.9600,,0.00,,197.35
2026-08-06T04:00:00+00:00,KXFED-27MAR-T1.75,0.9200,0.9600,,0.00,,197.35
2026-08-07T04:00:00+00:00,KXFED-27MAR-T1.75,0.9200,0.9600,,0.00,,197.35
2026-08-08T04:00:00+00:00,KXFED-27MAR-T1.75,0.9200,0.9600,,0.00,,197.35
2026-08-11T04:00:00+00:00,KXFED-27MAR-T1.75,0.9200,0.9600,,0.00,,197.35
2026-08-12T04:00:00+00:00,KXFED-27MAR-T1.75,0.9200,0.9600,,0.00,,197.35
2026-08-13T04:00:00+00:00,KXFED-27MAR-T1.75,0.9200,0.9500,0.9100,19.00,,206.33
2026-08-14T04:00:00+00:00,KXFED-27MAR-T1.75,0.9300,0.9600,,0.00,,206.33
2026-08-15T04:00:00+00:00,KXFED-27MAR-T1.75,0.9300,0.9600,,0.00,,206.33
2026-08-17T04:00:00+00:00,KXFED-27MAR-T1.75,0.9300,0.9600,,0.00,,206.33
2026-08-18T04:00:00+00:00,KXFED-27MAR-T1.75,0.9200,0.9600,0.9300,2.00,,204.33
2026-08-19T04:00:00+00:00,KXFED-27MAR-T1.75,0.9300,0.9600,,0.00,,204.33
2026-08-20T04:00:00+00:00,KXFED-27MAR-T1.75,0.9300,0.9600,,0.00,,204.33
2026-08-21T04:00:00+00:00,KXFED-27MAR-T1.75,0.9300,0.9600,,0.00,,204.33
2026-08-22T04:00:00+00:00,KXFED-27MAR-T1.75,0.9300,0.9600,,0.00,,204.33
2026-08-23T04:00:00+00:00,KXFED-27MAR-T1.75,0.9200,0.9600,,0.00,,204.33
2026-08-24T04:00:00+00:00,KXFED-27MAR-T1.75,0.9300,0.9600,,0.00,,204.33
2026-08-25T04:00:00+00:00,KXFED-27MAR-T1.75,0.9300,0.9600,,0.00,,204.33
2026-08-27T04:00:00+00:00,KXFED-27MAR-T1.75,0.9300,0.9600,,0.00,,204.33
2026-08-28T04:00:00+00:00,KXFED-27MAR-T1.75,0.9300,0.9600,,0.00,,204.33
2026-08-29T04:00:00+00:00,KXFED-27MAR-T1.75,0.9300,0.9600,,0.00,,204.33
2026-08-31T04:00:00+00:00,KXFED-27MAR-T1.75,0.9300,0.9600,,0.00,,204.33
2026-09-01T04:00:00+00:00,KXFED-27MAR-T1.75,0.9300,0.9600,0.9600,1.00,,203.33
2026-09-02T04:00:00+00:00,KXFED-27MAR-T1.75,0.9300,0.9600,,0.00,,203.33
2026-09-03T04:00:00+00:00,KXFED-27MAR-T1.75,0.9300,0.9600,0.9600,1.00,,203.33
2026-09-04T04:00:00+00:00,KXFED-27MAR-T1.75,0.9200,0.9500,,0.00,,203.33
2026-09-05T04:00:00+00:00,KXFED-27MAR-T1.75,0.9200,0.9400,,0.00,,203.33
2026-09-06T04:00:00+00:00,KXFED-27MAR-T1.75,0.9200,0.9400,,0.00,,203.33
2026-09-07T04:00:00+00:00,KXFED-27MAR-T1.75,0.9200,0.9500,,0.00,,203.33
2026-09-08T04:00:00+00:00,KXFED-27MAR-T1.75,0.9200,0.9500,,0.00,,203.33
2026-09-09T04:00:00+00:00,KXFED-27MAR-T1.75,0.9200,0.9400,,0.00,,203.33
2026-09-10T04:00:00+00:00,KXFED-27MAR-T1.75,0.9200,0.9500,,0.00,,203.33
2026-09-11T04:00:00+00:00,KXFED-27MAR-T1.75,0.9200,0.9500,,0.00,,203.33
2026-09-12T04:00:00+00:00,KXFED-27MAR-T1.75,0.9200,0.9500,,0.00,,203.33
2026-09-13T04:00:00+00:00,KXFED-27MAR-T1.75,0.9200,0.9600,,0.00,,203.33
2026-09-15T04:00:00+00:00,KXFED-27MAR-T1.75,0.9200,0.9600,,0.00,,203.33
2026-09-17T04:00:00+00:00,KXFED-27MAR-T1.75,0.8800,0.9800,,0.00,,203.33
2026-09-18T04:00:00+00:00,KXFED-27MAR-T1.75,0.8800,0.9900,,0.00,,203.33
2026-08-02T04:00:00+00:00,KXFED-27MAR-T1.50,0.8900,0.9800,,0.00,,143.00
2026-08-04T04:00:00+00:00,KXFED-27MAR-T1.50,0.9200,0.9600,,0.00,,143.00
2026-08-05T04:00:00+00:00,KXFED-27MAR-T1.50,0.9200,0.9700,,0.00,,143.00
2026-08-06T04:00:00+00:00,KXFED-27MAR-T1.50,0.9200,0.9500,,0.00,,143.00
2026-08-07T04:00:00+00:00,KXFED-27MAR-T1.50,0.9200,0.9600,,0.00,,143.00
2026-08-08T04:00:00+00:00,KXFED-27MAR-T1.50,0.9200,0.9500,,0.00,,143.00
2026-08-11T04:00:00+00:00,KXFED-27MAR-T1.50,0.9200,0.9500,,0.00,,143.00
2026-08-12T04:00:00+00:00,KXFED-27MAR-T1.50,0.9200,0.9500,,0.00,,143.00
2026-08-13T04:00:00+00:00,KXFED-27MAR-T1.50,0.9200,0.9500,,0.00,,143.00
2026-08-14T04:00:00+00:00,KXFED-27MAR-T1.50,0.9200,0.9500,,0.00,,143.00
2026-08-15T04:00:00+00:00,KXFED-27MAR-T1.50,0.9200,0.9500,,0.00,,143.00
2026-08-17T04:00:00+00:00,KXFED-27MAR-T1.50,0.9200,0.9500,,0.00,,143.00
2026-08-18T04:00:00+00:00,KXFED-27MAR-T1.50,0.9200,0.9500,,0.00,,143.00
2026-08-19T04:00:00+00:00,KXFED-27MAR-T1.50,0.9200,0.9500,,0.00,,143.00
2026-08-20T04:00:00+00:00,KXFED-27MAR-T1.50,0.9200,0.9600,,0.00,,143.00
2026-08-21T04:00:00+00:00,KXFED-27MAR-T1.50,0.9200,0.9600,,0.00,,143.00
2026-08-22T04:00:00+00:00,KXFED-27MAR-T1.50,0.9200,0.9500,,0.00,,143.00
2026-08-25T04:00:00+00:00,KXFED-27MAR-T1.50,0.9200,0.9500,,0.00,,143.00
2026-08-27T04:00:00+00:00,KXFED-27MAR-T1.50,0.9200,0.9500,,0.00,,143.00
2026-08-28T04:00:00+00:00,KXFED-27MAR-T1.50,0.9200,0.9500,,0.00,,143.00
2026-08-29T04:00:00+00:00,KXFED-27MAR-T1.50,0.9300,0.9500,,0.00,,143.00
2026-08-30T04:00:00+00:00,KXFED-27MAR-T1.50,0.9300,0.9600,0.9600,8.28,,146.31
2026-08-31T04:00:00+00:00,KXFED-27MAR-T1.50,0.9200,0.9500,,0.00,,146.31
2026-09-01T04:00:00+00:00,KXFED-27MAR-T1.50,0.9200,0.9500,0.9500,1.00,,146.31
2026-09-02T04:00:00+00:00,KXFED-27MAR-T1.50,0.9200,0.9500,,0.00,,146.31
2026-09-03T04:00:00+00:00,KXFED-27MAR-T1.50,0.9500,0.9600,0.9500,1.42,,147.73
2026-09-04T04:00:00+00:00,KXFED-27MAR-T1.50,0.9500,0.9600,,0.00,,147.73
2026-09-05T04:00:00+00:00,KXFED-27MAR-T1.50,0.9500,0.9800,,0.00,,147.73
2026-09-06T04:00:00+00:00,KXFED-27MAR-T1.50,0.9500,0.9900,,0.00,,147.73
2026-09-07T04:00:00+00:00,KXFED-27MAR-T1.50,0.9500,0.9800,,0.00,,147.73
2026-09-08T04:00:00+00:00,KXFED-27MAR-T1.50,0.9500,0.9900,,0.00,,147.73
2026-09-09T04:00:00+00:00,KXFED-27MAR-T1.50,0.9500,0.9600,,0.00,,147.73
2026-09-10T04:00:00+00:00,KXFED-27MAR-T1.50,0.9500,0.9800,,0.00,,147.73
2026-09-11T04:00:00+00:00,KXFED-27MAR-T1.50,0.9500,0.9800,,0.00,,147.73
2026-09-12T04:00:00+00:00,KXFED-27MAR-T1.50,0.9500,0.9800,,0.00,,147.73
2026-09-13T04:00:00+00:00,KXFED-27MAR-T1.50,0.9500,0.9600,,0.00,,147.73
2026-09-15T04:00:00+00:00,KXFED-27MAR-T1.50,0.9500,0.9600,,0.00,,147.73
2026-09-16T04:00:00+00:00,KXFED-27MAR-T1.50,0.9500,0.9600,,0.00,,147.73
2026-09-17T04:00:00+00:00,KXFED-27MAR-T1.50,0.9500,0.9800,,0.00,,147.73
2026-09-18T04:00:00+00:00,KXFED-27MAR-T1.50,0.9500,0.9900,,0.00,,147.73
2026-08-02T04:00:00+00:00,KXFED-27MAR-T1.25,0.9000,0.9800,,0.00,,593.10
2026-08-03T04:00:00+00:00,KXFED-27MAR-T1.25,0.9000,0.9800,,0.00,,593.10
2026-08-04T04:00:00+00:00,KXFED-27MAR-T1.25,0.9300,0.9700,,0.00,,593.10
2026-08-05T04:00:00+00:00,KXFED-27MAR-T1.25,0.9300,0.9700,,0.00,,593.10
2026-08-06T04:00:00+00:00,KXFED-27MAR-T1.25,0.9200,0.9600,,0.00,,593.10
2026-08-07T04:00:00+00:00,KXFED-27MAR-T1.25,0.9200,0.9700,,0.00,,593.10
2026-08-08T04:00:00+00:00,KXFED-27MAR-T1.25,0.9200,0.9600,,0.00,,593.10
2026-08-09T04:00:00+00:00,KXFED-27MAR-T1.25,0.9200,0.9600,,0.00,,593.10
2026-08-11T04:00:00+00:00,KXFED-27MAR-T1.25,0.9200,0.9700,,0.00,,593.10
2026-08-12T04:00:00+00:00,KXFED-27MAR-T1.25,0.9200,0.9600,,0.00,,593.10
2026-08-13T04:00:00+00:00,KXFED-27MAR-T1.25,0.9200,0.9600,,0.00,,593.10
2026-08-14T04:00:00+00:00,KXFED-27MAR-T1.25,0.9200,0.9600,,0.00,,593.10
2026-08-15T04:00:00+00:00,KXFED-27MAR-T1.25,0.9200,0.9600,,0.00,,593.10
2026-08-17T04:00:00+00:00,KXFED-27MAR-T1.25,0.9200,0.9600,,0.00,,593.10
2026-08-18T04:00:00+00:00,KXFED-27MAR-T1.25,0.9200,0.9600,,0.00,,593.10
2026-08-19T04:00:00+00:00,KXFED-27MAR-T1.25,0.9200,0.9600,,0.00,,593.10
2026-08-20T04:00:00+00:00,KXFED-27MAR-T1.25,0.9200,0.9700,,0.00,,593.10
2026-08-21T04:00:00+00:00,KXFED-27MAR-T1.25,0.9200,0.9700,,0.00,,593.10
2026-08-22T04:00:00+00:00,KXFED-27MAR-T1.25,0.9200,0.9600,,0.00,,593.10
2026-08-25T04:00:00+00:00,KXFED-27MAR-T1.25,0.9200,0.9600,,0.00,,593.10
2026-08-27T04:00:00+00:00,KXFED-27MAR-T1.25,0.9300,0.9600,,0.00,,593.10
2026-08-28T04:00:00+00:00,KXFED-27MAR-T1.25,0.9300,0.9600,,0.00,,593.10
2026-08-29T04:00:00+00:00,KXFED-27MAR-T1.25,0.9300,0.9600,,0.00,,593.10
2026-08-30T04:00:00+00:00,KXFED-27MAR-T1.25,0.9300,0.9600,,0.00,,593.10
2026-09-01T04:00:00+00:00,KXFED-27MAR-T1.25,0.9300,0.9700,0.9700,1.00,,592.10
2026-09-02T04:00:00+00:00,KXFED-27MAR-T1.25,0.9300,0.9700,,0.00,,592.10
2026-09-03T04:00:00+00:00,KXFED-27MAR-T1.25,0.9300,0.9700,0.9700,1.00,,592.10
2026-09-04T04:00:00+00:00,KXFED-27MAR-T1.25,0.9300,0.9500,,0.00,,592.10
2026-09-05T04:00:00+00:00,KXFED-27MAR-T1.25,0.9200,0.9600,,0.00,,592.10
2026-09-09T04:00:00+00:00,KXFED-27MAR-T1.25,0.9200,0.9600,,0.00,,592.10
2026-09-10T04:00:00+00:00,KXFED-27MAR-T1.25,0.9200,0.9600,,0.00,,592.10
2026-09-11T04:00:00+00:00,KXFED-27MAR-T1.25,0.9200,0.9600,,0.00,,592.10
2026-09-12T04:00:00+00:00,KXFED-27MAR-T1.25,0.9200,0.9600,,0.00,,592.10
2026-09-13T04:00:00+00:00,KXFED-27MAR-T1.25,0.9200,0.9600,,0.00,,592.10
2026-09-15T04:00:00+00:00,KXFED-27MAR-T1.25,0.9300,0.9600,,0.00,,592.10
2026-09-16T04:00:00+00:00,KXFED-27MAR-T1.25,0.9300,0.9600,,0.00,,592.10
2026-09-17T04:00:00+00:00,KXFED-27MAR-T1.25,0.8900,0.9700,,0.00,,592.10
2026-09-18T04:00:00+00:00,KXFED-27MAR-T1.25,0.9000,1.0000,,0.00,,592.10
2026-08-02T04:00:00+00:00,KXFED-27MAR-T1.00,0.9200,0.9800,,0.00,,486.98
2026-08-03T04:00:00+00:00,KXFED-27MAR-T1.00,0.9200,0.9800,,0.00,,486.98
2026-08-04T04:00:00+00:00,KXFED-27MAR-T1.00,0.9400,0.9700,,0.00,,486.98
2026-08-05T04:00:00+00:00,KXFED-27MAR-T1.00,0.9400,0.9700,,0.00,,486.98
2026-08-06T04:00:00+00:00,KXFED-27MAR-T1.00,0.9400,0.9700,,0.00,,486.98
2026-08-07T04:00:00+00:00,KXFED-27MAR-T1.00,0.9400,0.9700,,0.00,,486.98
2026-08-08T04:00:00+00:00,KXFED-27MAR-T1.00,0.9400,0.9700,,0.00,,486.98
2026-08-09T04:00:00+00:00,KXFED-27MAR-T1.00,0.9400,0.9700,,0.00,,486.98
2026-08-11T04:00:00+00:00,KXFED-27MAR-T1.00,0.9400,0.9700,,0.00,,486.98
2026-08-12T04:00:00+00:00,KXFED-27MAR-T1.00,0.9400,0.9700,,0.00,,486.98
2026-08-13T04:00:00+00:00,KXFED-27MAR-T1.00,0.9400,0.9700,,0.00,,486.98
2026-08-14T04:00:00+00:00,KXFED-27MAR-T1.00,0.9400,0.9700,,0.00,,486.98
2026-08-15T04:00:00+00:00,KXFED-27MAR-T1.00,0.9400,0.9700,,0.00,,486.98
2026-08-17T04:00:00+00:00,KXFED-27MAR-T1.00,0.9400,0.9700,,0.00,,486.98
2026-08-18T04:00:00+00:00,KXFED-27MAR-T1.00,0.9400,0.9700,,0.00,,486.98
2026-08-19T04:00:00+00:00,KXFED-27MAR-T1.00,0.9400,0.9700,,0.00,,486.98
2026-08-20T04:00:00+00:00,KXFED-27MAR-T1.00,0.9400,0.9700,,0.00,,486.98
2026-08-21T04:00:00+00:00,KXFED-27MAR-T1.00,0.9400,0.9700,,0.00,,486.98
2026-08-22T04:00:00+00:00,KXFED-27MAR-T1.00,0.9400,0.9700,,0.00,,486.98
2026-08-23T04:00:00+00:00,KXFED-27MAR-T1.00,0.9400,0.9700,,0.00,,486.98
2026-08-24T04:00:00+00:00,KXFED-27MAR-T1.00,0.9400,0.9700,,0.00,,486.98
2026-08-25T04:00:00+00:00,KXFED-27MAR-T1.00,0.9400,0.9700,,0.00,,486.98
2026-08-27T04:00:00+00:00,KXFED-27MAR-T1.00,0.9400,0.9600,,0.00,,486.98
2026-08-28T04:00:00+00:00,KXFED-27MAR-T1.00,0.9400,0.9600,,0.00,,486.98
2026-09-01T04:00:00+00:00,KXFED-27MAR-T1.00,0.9400,0.9600,0.9600,1.00,,485.98
2026-09-02T04:00:00+00:00,KXFED-27MAR-T1.00,0.9400,0.9600,,0.00,,485.98
2026-09-03T04:00:00+00:00,KXFED-27MAR-T1.00,0.9400,0.9600,0.9600,1.00,,485.98
2026-09-04T04:00:00+00:00,KXFED-27MAR-T1.00,0.9400,0.9500,,0.00,,485.98
2026-09-05T04:00:00+00:00,KXFED-27MAR-T1.00,0.9400,0.9500,,0.00,,485.98
2026-09-08T04:00:00+00:00,KXFED-27MAR-T1.00,0.9300,0.9500,,0.00,,485.98
2026-09-09T04:00:00+00:00,KXFED-27MAR-T1.00,0.9400,0.9600,,0.00,,485.98
2026-09-10T04:00:00+00:00,KXFED-27MAR-T1.00,0.9300,0.9500,,0.00,,485.98
2026-09-11T04:00:00+00:00,KXFED-27MAR-T1.00,0.9300,0.9500,,0.00,,485.98
2026-09-12T04:00:00+00:00,KXFED-27MAR-T1.00,0.9300,0.9500,,0.00,,485.98
2026-09-13T04:00:00+00:00,KXFED-27MAR-T1.00,0.9400,0.9600,,0.00,,485.98
2026-09-17T04:00:00+00:00,KXFED-27MAR-T1.00,0.9100,0.9700,,0.00,,485.98
2026-09-18T04:00:00+00:00,KXFED-27MAR-T1.00,0.9100,1.0000,,0.00,,485.98
2026-08-02T04:00:00+00:00,KXFED-27MAR-T0.75,0.9200,0.9800,,0.00,,586.30
2026-08-04T04:00:00+00:00,KXFED-27MAR-T0.75,0.9400,0.9700,,0.00,,586.30
2026-08-05T04:00:00+00:00,KXFED-27MAR-T0.75,0.9400,0.9700,,0.00,,586.30
2026-08-06T04:00:00+00:00,KXFED-27MAR-T0.75,0.9400,0.9700,,0.00,,586.30
2026-08-07T04:00:00+00:00,KXFED-27MAR-T0.75,0.9400,0.9700,,0.00,,586.30
2026-08-08T04:00:00+00:00,KXFED-27MAR-T0.75,0.9400,0.9700,,0.00,,586.30
2026-08-11T04:00:00+00:00,KXFED-27MAR-T0.75,0.9400,0.9700,,0.00,,586.30
2026-08-12T04:00:00+00:00,KXFED-27MAR-T0.75,0.9400,0.9700,,0.00,,586.30
2026-08-13T04:00:00+00:00,KXFED-27MAR-T0.75,0.9400,0.9700,,0.00,,586.30
2026-08-14T04:00:00+00:00,KXFED-27MAR-T0.75,0.9400,0.9700,,0.00,,586.30
2026-08-15T04:00:00+00:00,KXFED-27MAR-T0.75,0.9400,0.9700,,0.00,,586.30
2026-08-18T04:00:00+00:00,KXFED-27MAR-T0.75,0.9400,0.9700,,0.00,,586.30
2026-08-19T04:00:00+00:00,KXFED-27MAR-T0.75,0.9400,0.9700,,0.00,,586.30
2026-08-20T04:00:00+00:00,KXFED-27MAR-T0.75,0.9400,0.9700,,0.00,,586.30
2026-08-21T04:00:00+00:00,KXFED-27MAR-T0.75,0.9400,0.9700,,0.00,,586.30
2026-08-22T04:00:00+00:00,KXFED-27MAR-T0.75,0.9400,0.9700,,0.00,,586.30
2026-08-25T04:00:00+00:00,KXFED-27MAR-T0.75,0.9400,0.9700,,0.00,,586.30
2026-08-27T04:00:00+00:00,KXFED-27MAR-T0.75,0.9400,0.9600,,0.00,,586.30
2026-08-28T04:00:00+00:00,KXFED-27MAR-T0.75,0.9400,0.9600,,0.00,,586.30
2026-09-01T04:00:00+00:00,KXFED-27MAR-T0.75,0.9400,0.9600,0.9600,1.00,,585.30
2026-09-02T04:00:00+00:00,KXFED-27MAR-T0.75,0.9400,0.9600,,0.00,,585.30
2026-09-03T04:00:00+00:00,KXFED-27MAR-T0.75,0.9400,0.9600,0.9600,1.00,,585.30
2026-09-04T04:00:00+00:00,KXFED-27MAR-T0.75,0.9400,0.9600,0.9600,200.00,,585.30
2026-09-05T04:00:00+00:00,KXFED-27MAR-T0.75,0.9400,0.9600,,0.00,,585.30
2026-09-10T04:00:00+00:00,KXFED-27MAR-T0.75,0.9400,0.9600,,0.00,,585.30
2026-09-11T04:00:00+00:00,KXFED-27MAR-T0.75,0.9400,0.9600,,0.00,,585.30
2026-09-12T04:00:00+00:00,KXFED-27MAR-T0.75,0.9400,0.9600,,0.00,,585.30
2026-09-13T04:00:00+00:00,KXFED-27MAR-T0.75,0.9500,0.9700,,0.00,,585.30
2026-09-15T04:00:00+00:00,KXFED-27MAR-T0.75,0.9500,0.9700,,0.00,,585.30
2026-09-16T04:00:00+00:00,KXFED-27MAR-T0.75,0.9500,0.9700,,0.00,,585.30
2026-09-17T04:00:00+00:00,KXFED-27MAR-T0.75,0.9100,0.9700,,0.00,,585.30
2026-09-18T04:00:00+00:00,KXFED-27MAR-T0.75,0.9200,1.0000,,0.00,,585.30
2026-08-02T04:00:00+00:00,KXFED-27MAR-T0.50,0.9100,0.9800,,0.00,,190.98
2026-08-04T04:00:00+00:00,KXFED-27MAR-T0.50,0.9500,0.9800,,0.00,,190.98
2026-08-05T04:00:00+00:00,KXFED-27MAR-T0.50,0.9500,0.9800,,0.00,,190.98
2026-08-06T04:00:00+00:00,KXFED-27MAR-T0.50,0.9400,0.9700,,0.00,,190.98
2026-08-07T04:00:00+00:00,KXFED-27MAR-T0.50,0.9400,0.9700,,0.00,,190.98
2026-08-08T04:00:00+00:00,KXFED-27MAR-T0.50,0.9400,0.9700,,0.00,,190.98
2026-08-11T04:00:00+00:00,KXFED-27MAR-T0.50,0.9400,0.9700,,0.00,,190.98
2026-08-12T04:00:00+00:00,KXFED-27MAR-T0.50,0.9400,0.9700,,0.00,,190.98
2026-08-13T04:00:00+00:00,KXFED-27MAR-T0.50,0.9400,0.9700,,0.00,,190.98
2026-08-14T04:00:00+00:00,KXFED-27MAR-T0.50,0.9400,0.9700,,0.00,,190.98
2026-08-15T04:00:00+00:00,KXFED-27MAR-T0.50,0.9400,0.9700,,0.00,,190.98
2026-08-18T04:00:00+00:00,KXFED-27MAR-T0.50,0.9400,0.9700,0.9700,2.00,,188.98
2026-08-19T04:00:00+00:00,KXFED-27MAR-T0.50,0.9400,0.9700,,0.00,,188.98
2026-08-20T04:00:00+00:00,KXFED-27MAR-T0.50,0.9400,0.9700,,0.00,,188.98
2026-08-21T04:00:00+00:00,KXFED-27MAR-T0.50,0.9400,0.9700,,0.00,,188.98
2026-08-22T04:00:00+00:00,KXFED-27MAR-T0.50,0.9400,0.9700,,0.00,,188.98
2026-08-25T04:00:00+00:00,KXFED-27MAR-T0.50,0.9400,0.9700,,0.00,,188.98
2026-08-27T04:00:00+00:00,KXFED-27MAR-T0.50,0.9500,0.9700,,0.00,,188.98
2026-08-28T04:00:00+00:00,KXFED-27MAR-T0.50,0.9500,0.9700,,0.00,,188.98
2026-09-01T04:00:00+00:00,KXFED-27MAR-T0.50,0.9500,0.9700,,0.00,,188.98
2026-09-02T04:00:00+00:00,KXFED-27MAR-T0.50,0.9500,0.9700,,0.00,,188.98
2026-09-03T04:00:00+00:00,KXFED-27MAR-T0.50,0.9500,0.9700,,0.00,,188.98
2026-09-04T04:00:00+00:00,KXFED-27MAR-T0.50,0.9400,0.9600,0.9600,1.00,,188.98
2026-09-05T04:00:00+00:00,KXFED-27MAR-T0.50,0.9400,0.9600,,0.00,,188.98
2026-09-09T04:00:00+00:00,KXFED-27MAR-T0.50,0.9400,0.9600,0.9600,200.00,,259.98
2026-09-10T04:00:00+00:00,KXFED-27MAR-T0.50,0.9400,0.9600,,0.00,,259.98
2026-09-11T04:00:00+00:00,KXFED-27MAR-T0.50,0.9400,0.9600,,0.00,,259.98
2026-09-12T04:00:00+00:00,KXFED-27MAR-T0.50,0.9400,0.9600,,0.00,,259.98
2026-09-13T04:00:00+00:00,KXFED-27MAR-T0.50,0.9500,0.9700,,0.00,,259.98
2026-09-14T04:00:00+00:00,KXFED-27MAR-T0.50,0.9500,0.9700,0.9500,1.00,,258.98
2026-09-17T04:00:00+00:00,KXFED-27MAR-T0.50,0.9100,0.9800,,0.00,,258.98
2026-09-18T04:00:00+00:00,KXFED-27MAR-T0.50,0.9100,0.9900,,0.00,,258.98
2026-08-02T04:00:00+00:00,KXFED-27MAR-T0.25,0.9300,0.9900,,0.00,,361.00
2026-08-04T04:00:00+00:00,KXFED-27MAR-T0.25,0.9400,0.9900,,0.00,,361.00
2026-08-05T04:00:00+00:00,KXFED-27MAR-T0.25,0.9400,0.9900,,0.00,,361.00
2026-08-06T04:00:00+00:00,KXFED-27MAR-T0.25,0.9400,0.9900,,0.00,,361.00
2026-08-07T04:00:00+00:00,KXFED-27MAR-T0.25,0.9400,0.9900,,0.00,,361.00
2026-08-08T04:00:00+00:00,KXFED-27MAR-T0.25,0.9400,0.9900,,0.00,,361.00
2026-08-11T04:00:00+00:00,KXFED-27MAR-T0.25,0.9400,0.9900,,0.00,,361.00
2026-08-12T04:00:00+00:00,KXFED-27MAR-T0.25,0.9400,0.9900,,0.00,,361.00
2026-08-13T04:00:00+00:00,KXFED-27MAR-T0.25,0.9400,0.9900,,0.00,,361.00
2026-08-14T04:00:00+00:00,KXFED-27MAR-T0.25,0.9400,0.9900,,0.00,,361.00
2026-08-15T04:00:00+00:00,KXFED-27MAR-T0.25,0.9400,0.9900,,0.00,,361.00
2026-08-17T04:00:00+00:00,KXFED-27MAR-T0.25,0.9400,0.9900,,0.00,,361.00
2026-08-18T04:00:00+00:00,KXFED-27MAR-T0.25,0.9400,0.9900,,0.00,,361.00
2026-08-19T04:00:00+00:00,KXFED-27MAR-T0.25,0.9400,0.9900,,0.00,,361.00
2026-08-20T04:00:00+00:00,KXFED-27MAR-T0.25,0.9400,0.9900,,0.00,,361.00
2026-08-21T04:00:00+00:00,KXFED-27MAR-T0.25,0.9400,0.9900,,0.00,,361.00
2026-08-22T04:00:00+00:00,KXFED-27MAR-T0.25,0.9400,0.9900,,0.00,,361.00
2026-08-25T04:00:00+00:00,KXFED-27MAR-T0.25,0.9400,0.9900,,0.00,,361.00
2026-08-27T04:00:00+00:00,KXFED-27MAR-T0.25,0.9400,0.9900,,0.00,,361.00
2026-08-28T04:00:00+00:00,KXFED-27MAR-T0.25,0.9400,0.9900,,0.00,,361.00
2026-08-29T04:00:00+00:00,KXFED-27MAR-T0.25,0.9500,1.0000,,0.00,,361.00
2026-09-01T04:00:00+00:00,KXFED-27MAR-T0.25,0.9400,0.9900,,0.00,,361.00
2026-09-02T04:00:00+00:00,KXFED-27MAR-T0.25,0.9400,0.9900,,0.00,,361.00
2026-09-03T04:00:00+00:00,KXFED-27MAR-T0.25,0.9500,1.0000,,0.00,,361.00
2026-09-04T04:00:00+00:00,KXFED-27MAR-T0.25,0.9400,0.9800,,0.00,,361.00
2026-09-05T04:00:00+00:00,KXFED-27MAR-T0.25,0.9300,0.9800,,0.00,,361.00
2026-09-09T04:00:00+00:00,KXFED-27MAR-T0.25,0.9400,0.9800,,0.00,,361.00
2026-09-10T04:00:00+00:00,KXFED-27MAR-T0.25,0.9300,0.9800,,0.00,,361.00
2026-09-11T04:00:00+00:00,KXFED-27MAR-T0.25,0.9300,0.9800,,0.00,,361.00
2026-09-12T04:00:00+00:00,KXFED-27MAR-T0.25,0.9300,0.9800,,0.00,,361.00
2026-09-13T04:00:00+00:00,KXFED-27MAR-T0.25,0.9500,0.9900,,0.00,,361.00
2026-09-14T04:00:00+00:00,KXFED-27MAR-T0.25,0.9500,0.9900,,0.00,,361.00
2026-09-15T04:00:00+00:00,KXFED-27MAR-T0.25,0.9500,0.9900,,0.00,,361.00
2026-09-16T04:00:00+00:00,KXFED-27MAR-T0.25,0.9500,0.9900,,0.00,,361.00
2026-09-17T04:00:00+00:00,KXFED-27MAR-T0.25,0.9200,1.0000,,0.00,,361.00
2026-09-18T04:00:00+00:00,KXFED-27MAR-T0.25,0.9300,1.0000,,0.00,,361.00
2026-08-02T04:00:00+00:00,KXFED-27MAR-T0.00,0.9300,0.9900,,0.00,,328.88
2026-08-04T04:00:00+00:00,KXFED-27MAR-T0.00,0.9500,0.9900,,0.00,,328.88
2026-08-05T04:00:00+00:00,KXFED-27MAR-T0.00,0.9500,0.9900,,0.00,,328.88
2026-08-06T04:00:00+00:00,KXFED-27MAR-T0.00,0.9400,0.9900,,0.00,,328.88
2026-08-07T04:00:00+00:00,KXFED-27MAR-T0.00,0.9400,0.9900,,0.00,,328.88
2026-08-08T04:00:00+00:00,KXFED-27MAR-T0.00,0.9400,0.9900,,0.00,,328.88
2026-08-11T04:00:00+00:00,KXFED-27MAR-T0.00,0.9400,0.9900,,0.00,,328.88
2026-08-12T04:00:00+00:00,KXFED-27MAR-T0.00,0.9400,0.9900,,0.00,,328.88
2026-08-13T04:00:00+00:00,KXFED-27MAR-T0.00,0.9400,0.9900,,0.00,,328.88
2026-08-14T04:00:00+00:00,KXFED-27MAR-T0.00,0.9400,0.9900,,0.00,,328.88
2026-08-15T04:00:00+00:00,KXFED-27MAR-T0.00,0.9400,0.9900,,0.00,,328.88
2026-08-17T04:00:00+00:00,KXFED-27MAR-T0.00,0.9400,0.9900,,0.00,,328.88
2026-08-18T04:00:00+00:00,KXFED-27MAR-T0.00,0.9400,0.9900,,0.00,,328.88
2026-08-19T04:00:00+00:00,KXFED-27MAR-T0.00,0.9400,0.9900,,0.00,,328.88
2026-08-20T04:00:00+00:00,KXFED-27MAR-T0.00,0.9400,0.9900,,0.00,,328.88
2026-08-21T04:00:00+00:00,KXFED-27MAR-T0.00,0.9400,0.9900,,0.00,,328.88
2026-08-22T04:00:00+00:00,KXFED-27MAR-T0.00,0.9400,0.9900,,0.00,,328.88
2026-08-25T04:00:00+00:00,KXFED-27MAR-T0.00,0.9400,0.9900,,0.00,,328.88
2026-08-27T04:00:00+00:00,KXFED-27MAR-T0.00,0.9500,1.0000,,0.00,,328.88
2026-08-28T04:00:00+00:00,KXFED-27MAR-T0.00,0.9500,1.0000,,0.00,,328.88
2026-09-01T04:00:00+00:00,KXFED-27MAR-T0.00,0.9500,1.0000,,0.00,,328.88
2026-09-02T04:00:00+00:00,KXFED-27MAR-T0.00,0.9500,1.0000,,0.00,,328.88
2026-09-03T04:00:00+00:00,KXFED-27MAR-T0.00,0.9500,1.0000,,0.00,,328.88
2026-09-04T04:00:00+00:00,KXFED-27MAR-T0.00,0.9400,0.9800,,0.00,,328.88
2026-09-05T04:00:00+00:00,KXFED-27MAR-T0.00,0.9300,0.9800,,0.00,,328.88
2026-09-09T04:00:00+00:00,KXFED-27MAR-T0.00,0.9400,0.9800,0.9300,1.00,,327.88
2026-09-10T04:00:00+00:00,KXFED-27MAR-T0.00,0.9300,0.9800,,0.00,,327.88
2026-09-11T04:00:00+00:00,KXFED-27MAR-T0.00,0.9300,0.9800,,0.00,,327.88
2026-09-12T04:00:00+00:00,KXFED-27MAR-T0.00,0.9300,0.9800,,0.00,,327.88
2026-09-13T04:00:00+00:00,KXFED-27MAR-T0.00,0.9500,0.9900,,0.00,,327.88
2026-09-14T04:00:00+00:00,KXFED-27MAR-T0.00,0.9500,0.9900,,0.00,,327.88
2026-09-15T04:00:00+00:00,KXFED-27MAR-T0.00,0.9500,0.9900,,0.00,,327.88
2026-09-16T04:00:00+00:00,KXFED-27MAR-T0.00,0.9500,0.9900,,0.00,,327.88
2026-09-17T04:00:00+00:00,KXFED-27MAR-T0.00,0.9200,1.0000,,0.00,,327.88
2026-09-18T04:00:00+00:00,KXFED-27MAR-T0.00,0.9300,1.0000,,0.00,,327.88
2026-08-02T04:00:00+00:00,KXFED-27JAN-T4.25,0.0800,0.1300,,0.00,,245.90
2026-08-03T04:00:00+00:00,KXFED-27JAN-T4.25,0.0800,0.1300,,0.00,,245.90
2026-08-04T04:00:00+00:00,KXFED-27JAN-T4.25,0.0700,0.1300,,0.00,,245.90
2026-08-05T04:00:00+00:00,KXFED-27JAN-T4.25,0.0700,0.1400,,0.00,,245.90
2026-08-06T04:00:00+00:00,KXFED-27JAN-T4.25,0.0800,0.1400,,0.00,,245.90
2026-08-07T04:00:00+00:00,KXFED-27JAN-T4.25,0.0800,0.1200,0.0800,30.76,,247.06
2026-08-08T04:00:00+00:00,KXFED-27JAN-T4.25,0.0800,0.1300,,0.00,,247.06
2026-08-09T04:00:00+00:00,KXFED-27JAN-T4.25,0.0800,0.1200,,0.00,,247.06
2026-08-11T04:00:00+00:00,KXFED-27JAN-T4.25,0.0800,0.1200,,0.00,,247.06
2026-08-12T04:00:00+00:00,KXFED-27JAN-T4.25,0.0800,0.1300,,0.00,,247.06
2026-08-13T04:00:00+00:00,KXFED-27JAN-T4.25,0.0700,0.1200,0.0700,13.00,,239.12
2026-08-14T04:00:00+00:00,KXFED-27JAN-T4.25,0.0700,0.1100,,0.00,,239.12
2026-08-15T04:00:00+00:00,KXFED-27JAN-T4.25,0.0700,0.1200,,0.00,,239.12
2026-08-17T04:00:00+00:00,KXFED-27JAN-T4.25,0.0700,0.1200,,0.00,,239.12
2026-08-19T04:00:00+00:00,KXFED-27JAN-T4.25,0.0700,0.1200,,0.00,,239.12
2026-08-20T04:00:00+00:00,KXFED-27JAN-T4.25,0.0700,0.1600,,0.00,,239.12
2026-08-21T04:00:00+00:00,KXFED-27JAN-T4.25,0.0700,0.1600,,0.00,,239.12
2026-08-22T04:00:00+00:00,KXFED-27JAN-T4.25,0.0700,0.1400,,0.00,,239.12
2026-08-23T04:00:00+00:00,KXFED-27JAN-T4.25,0.0700,0.1500,,0.00,,239.12
2026-08-24T04:00:00+00:00,KXFED-27JAN-T4.25,0.0700,0.1400,,0.00,,239.12
2026-08-25T04:00:00+00:00,KXFED-27JAN-T4.25,0.0700,0.1200,,0.00,,239.12
2026-08-26T04:00:00+00:00,KXFED-27JAN-T4.25,0.0700,0.1200,,0.00,,239.12
2026-08-27T04:00:00+00:00,KXFED-27JAN-T4.25,0.0700,0.1400,,0.00,,239.12
2026-08-28T04:00:00+00:00,KXFED-27JAN-T4.25,0.0700,0.1800,,0.00,,239.12
2026-08-30T04:00:00+00:00,KXFED-27JAN-T4.25,0.0700,0.1800,,0.00,,239.12
2026-08-31T04:00:00+00:00,KXFED-27JAN-T4.25,0.0700,0.1600,,0.00,,239.12
2026-09-01T04:00:00+00:00,KXFED-27JAN-T4.25,0.0700,0.1300,0.0700,1.00,,238.12
2026-09-02T04:00:00+00:00,KXFED-27JAN-T4.25,0.0900,0.1300,,0.00,,238.12
2026-09-03T04:00:00+00:00,KXFED-27JAN-T4.25,0.0900,0.1300,,0.00,,238.12
2026-09-04T04:00:00+00:00,KXFED-27JAN-T4.25,0.0900,0.1400,,0.00,,238.12
2026-09-05T04:00:00+00:00,KXFED-27JAN-T4.25,0.0900,0.1400,,0.00,,238.12
2026-09-06T04:00:00+00:00,KXFED-27JAN-T4.25,0.0900,0.1400,,0.00,,238.12
2026-09-07T04:00:00+00:00,KXFED-27JAN-T4.25,0.0900,0.1200,,0.00,,238.12
2026-09-09T04:00:00+00:00,KXFED-27JAN-T4.25,0.0900,0.1200,,0.00,,238.12
2026-09-10T04:00:00+00:00,KXFED-27JAN-T4.25,0.0900,0.1300,,0.00,,238.12
2026-09-11T04:00:00+00:00,KXFED-27JAN-T4.25,0.0900,0.1300,,0.00,,238.12
2026-09-12T04:00:00+00:00,KXFED-27JAN-T4.25,0.1600,0.2300,0.2300,346.21,,583.33
2026-09-13T04:00:00+00:00,KXFED-27JAN-T4.25,0.0900,0.2400,0.2400,0.39,,583.72
2026-09-14T04:00:00+00:00,KXFED-27JAN-T4.25,0.0900,0.2400,,0.00,,583.72
2026-09-15T04:00:00+00:00,KXFED-27JAN-T4.25,0.1200,0.2400,,0.00,,583.72
2026-09-16T04:00:00+00:00,KXFED-27JAN-T4.25,0.1100,0.2400,,0.00,,583.72
2026-09-17T04:00:00+00:00,KXFED-27JAN-T4.25,0.2600,0.3000,0.3000,5.00,,583.33
2026-09-18T04:00:00+00:00,KXFED-27JAN-T4.25,0.2900,0.4600,0.2800,46.32,,618.33
2026-09-19T04:00:00+00:00,KXFED-27JAN-T4.25,0.2800,0.5500,,0.00,,618.33
2026-08-02T04:00:00+00:00,KXFED-27JAN-T4.00,0.1500,0.3500,,0.00,,522.75
2026-08-03T04:00:00+00:00,KXFED-27JAN-T4.00,0.1600,0.3100,,0.00,,522.75
2026-08-04T04:00:00+00:00,KXFED-27JAN-T4.00,0.1700,0.3100,,0.00,,522.75
2026-08-05T04:00:00+00:00,KXFED-27JAN-T4.00,0.1700,0.4500,,0.00,,522.75
2026-08-06T04:00:00+00:00,KXFED-27JAN-T4.00,0.1500,0.4700,,0.00,,522.75
2026-08-07T04:00:00+00:00,KXFED-27JAN-T4.00,0.1600,0.4700,0.1500,56.00,,535.26
2026-08-08T04:00:00+00:00,KXFED-27JAN-T4.00,0.1900,0.3500,,0.00,,535.26
2026-08-09T04:00:00+00:00,KXFED-27JAN-T4.00,0.1500,0.3600,,0.00,,535.26
2026-08-10T04:00:00+00:00,KXFED-27JAN-T4.00,0.1500,0.3600,,0.00,,535.26
2026-08-11T04:00:00+00:00,KXFED-27JAN-T4.00,0.1400,0.4500,,0.00,,535.26
2026-08-12T04:00:00+00:00,KXFED-27JAN-T4.00,0.1500,0.3500,,0.00,,535.26
2026-08-13T04:00:00+00:00,KXFED-27JAN-T4.00,0.1500,0.4200,,0.00,,535.26
2026-08-14T04:00:00+00:00,KXFED-27JAN-T4.00,0.1500,0.4200,,0.00,,535.26
2026-08-15T04:00:00+00:00,KXFED-27JAN-T4.00,0.1500,0.3000,,0.00,,535.26
2026-08-16T04:00:00+00:00,KXFED-27JAN-T4.00,0.1500,0.3500,,0.00,,535.26
2026-08-17T04:00:00+00:00,KXFED-27JAN-T4.00,0.1500,0.3500,,0.00,,535.26
2026-08-18T04:00:00+00:00,KXFED-27JAN-T4.00,0.1500,0.3500,,0.00,,535.26
2026-08-19T04:00:00+00:00,KXFED-27JAN-T4.00,0.1500,0.3900,,0.00,,535.26
2026-08-20T04:00:00+00:00,KXFED-27JAN-T4.00,0.1500,0.3900,,0.00,,535.26
2026-08-21T04:00:00+00:00,KXFED-27JAN-T4.00,0.1500,0.3900,,0.00,,535.26
2026-08-22T04:00:00+00:00,KXFED-27JAN-T4.00,0.1500,0.4100,,0.00,,535.26
2026-08-23T04:00:00+00:00,KXFED-27JAN-T4.00,0.1500,0.4700,0.2000,86.00,,578.26
2026-08-24T04:00:00+00:00,KXFED-27JAN-T4.00,0.1500,0.4600,,0.00,,578.26
2026-08-25T04:00:00+00:00,KXFED-27JAN-T4.00,0.1500,0.4600,,0.00,,578.26
2026-08-26T04:00:00+00:00,KXFED-27JAN-T4.00,0.1500,0.4700,,0.00,,578.26
2026-08-27T04:00:00+00:00,KXFED-27JAN-T4.00,0.1500,0.4700,,0.00,,578.26
2026-08-28T04:00:00+00:00,KXFED-27JAN-T4.00,0.1500,0.4700,,0.00,,578.26
2026-08-29T04:00:00+00:00,KXFED-27JAN-T4.00,0.1700,0.4700,0.4700,2.00,,580.26
2026-08-30T04:00:00+00:00,KXFED-27JAN-T4.00,0.1700,0.4500,,0.00,,580.26
2026-08-31T04:00:00+00:00,KXFED-27JAN-T4.00,0.1500,0.4700,,0.00,,580.26
2026-09-01T04:00:00+00:00,KXFED-27JAN-T4.00,0.1500,0.3200,0.1600,1.00,,580.26
2026-09-02T04:00:00+00:00,KXFED-27JAN-T4.00,0.2200,0.4100,0.2100,1.00,,580.26
2026-09-03T04:00:00+00:00,KXFED-27JAN-T4.00,0.2200,0.4500,0.4000,36.58,,616.84
2026-09-04T04:00:00+00:00,KXFED-27JAN-T4.00,0.2100,0.4700,,0.00,,616.84
2026-09-05T04:00:00+00:00,KXFED-27JAN-T4.00,0.2100,0.4700,,0.00,,616.84
2026-09-06T04:00:00+00:00,KXFED-27JAN-T4.00,0.2100,0.4700,,0.00,,616.84
2026-09-07T04:00:00+00:00,KXFED-27JAN-T4.00,0.2300,0.4600,0.2200,8.00,,621.38
2026-09-08T04:00:00+00:00,KXFED-27JAN-T4.00,0.2300,0.4700,,0.00,,621.38
2026-09-10T04:00:00+00:00,KXFED-27JAN-T4.00,0.2300,0.4700,,0.00,,621.38
2026-09-11T04:00:00+00:00,KXFED-27JAN-T4.00,0.2300,0.4700,,0.00,,621.38
2026-09-12T04:00:00+00:00,KXFED-27JAN-T4.00,0.2900,0.5000,0.3400,211.00,,821.38
2026-09-13T04:00:00+00:00,KXFED-27JAN-T4.00,0.2800,0.7400,0.7400,134.64,,828.12
2026-09-14T04:00:00+00:00,KXFED-27JAN-T4.00,0.3100,0.7100,,0.00,,828.12
2026-09-15T04:00:00+00:00,KXFED-27JAN-T4.00,0.2900,0.6900,,0.00,,828.12
2026-09-16T04:00:00+00:00,KXFED-27JAN-T4.00,0.2500,0.7000,0.2900,5.00,,823.12
2026-09-17T04:00:00+00:00,KXFED-27JAN-T4.00,0.6100,0.6300,0.6300,472.10,,1259.28
2026-09-18T04:00:00+00:00,KXFED-27JAN-T4.00,0.6300,0.7500,0.6500,35.77,,1272.56
2026-09-19T04:00:00+00:00,KXFED-27JAN-T4.00,0.6600,0.7300,0.6500,71.12,,1272.98
2026-08-02T04:00:00+00:00,KXFED-27JAN-T3.75,0.3200,0.6100,,0.00,,381.08
2026-08-03T04:00:00+00:00,KXFED-27JAN-T3.75,0.4500,0.5500,,0.00,,381.08
2026-08-04T04:00:00+00:00,KXFED-27JAN-T3.75,0.4400,0.5900,,0.00,,381.08
2026-08-05T04:00:00+00:00,KXFED-27JAN-T3.75,0.4400,0.5900,,0.00,,381.08
2026-08-06T04:00:00+00:00,KXFED-27JAN-T3.75,0.3800,0.6200,0.3700,3.09,,381.08
2026-08-07T04:00:00+00:00,KXFED-27JAN-T3.75,0.3900,0.6100,0.6100,32.00,,381.08
2026-08-08T04:00:00+00:00,KXFED-27JAN-T3.75,0.4500,0.5700,,0.00,,381.08
2026-08-09T04:00:00+00:00,KXFED-27JAN-T3.75,0.3700,0.6000,,0.00,,381.08
2026-08-10T04:00:00+00:00,KXFED-27JAN-T3.75,0.3700,0.6000,,0.00,,381.08
2026-08-11T04:00:00+00:00,KXFED-27JAN-T3.75,0.3300,0.6100,0.6100,9.00,,390.08
2026-08-12T04:00:00+00:00,KXFED-27JAN-T3.75,0.3600,0.6200,,0.00,,390.08
2026-08-13T04:00:00+00:00,KXFED-27JAN-T3.75,0.3600,0.6100,,0.00,,390.08
2026-08-14T04:00:00+00:00,KXFED-27JAN-T3.75,0.3600,0.6100,,0.00,,390.08
2026-08-15T04:00:00+00:00,KXFED-27JAN-T3.75,0.4000,0.6100,,0.00,,390.08
2026-08-17T04:00:00+00:00,KXFED-27JAN-T3.75,0.3300,0.6100,,0.00,,390.08
2026-08-18T04:00:00+00:00,KXFED-27JAN-T3.75,0.3300,0.5900,,0.00,,390.08
2026-08-19T04:00:00+00:00,KXFED-27JAN-T3.75,0.3300,0.5900,,0.00,,390.08
2026-08-20T04:00:00+00:00,KXFED-27JAN-T3.75,0.3700,0.6100,,0.00,,390.08
2026-08-21T04:00:00+00:00,KXFED-27JAN-T3.75,0.3300,0.6100,,0.00,,390.08
2026-08-22T04:00:00+00:00,KXFED-27JAN-T3.75,0.3300,0.6200,,0.00,,390.08
2026-08-23T04:00:00+00:00,KXFED-27JAN-T3.75,0.3300,0.6100,,0.00,,390.08
2026-08-24T04:00:00+00:00,KXFED-27JAN-T3.75,0.3300,0.6100,,0.00,,390.08
2026-08-25T04:00:00+00:00,KXFED-27JAN-T3.75,0.3300,0.6200,,0.00,,390.08
2026-08-26T04:00:00+00:00,KXFED-27JAN-T3.75,0.3100,0.6100,,0.00,,390.08
2026-08-27T04:00:00+00:00,KXFED-27JAN-T3.75,0.3100,0.5800,,0.00,,390.08
2026-08-28T04:00:00+00:00,KXFED-27JAN-T3.75,0.3100,0.5800,,0.00,,390.08
2026-08-29T04:00:00+00:00,KXFED-27JAN-T3.75,0.3300,0.5800,,0.00,,390.08
2026-08-30T04:00:00+00:00,KXFED-27JAN-T3.75,0.3700,0.5800,,0.00,,390.08
2026-08-31T04:00:00+00:00,KXFED-27JAN-T3.75,0.3100,0.5800,,0.00,,390.08
2026-09-01T04:00:00+00:00,KXFED-27JAN-T3.75,0.3900,0.5700,,0.00,,390.08
2026-09-02T04:00:00+00:00,KXFED-27JAN-T3.75,0.4600,0.6100,0.5900,23.47,,403.55
2026-09-03T04:00:00+00:00,KXFED-27JAN-T3.75,0.4600,0.7100,0.6200,14.41,,417.96
2026-09-04T04:00:00+00:00,KXFED-27JAN-T3.75,0.4600,0.7300,,0.00,,417.96
2026-09-05T04:00:00+00:00,KXFED-27JAN-T3.75,0.4600,0.7300,,0.00,,417.96
2026-09-06T04:00:00+00:00,KXFED-27JAN-T3.75,0.4600,0.7300,,0.00,,417.96
2026-09-07T04:00:00+00:00,KXFED-27JAN-T3.75,0.4600,0.7200,0.7300,5.00,,422.96
2026-09-09T04:00:00+00:00,KXFED-27JAN-T3.75,0.4800,0.7200,,0.00,,422.96
2026-09-10T04:00:00+00:00,KXFED-27JAN-T3.75,0.4800,0.7300,,0.00,,422.96
2026-09-11T04:00:00+00:00,KXFED-27JAN-T3.75,0.4800,0.7300,,0.00,,422.96
2026-09-12T04:00:00+00:00,KXFED-27JAN-T3.75,0.5400,0.7400,0.4800,202.00,,622.96
2026-09-13T04:00:00+00:00,KXFED-27JAN-T3.75,0.6600,0.8900,0.7600,124.75,,747.71
2026-09-14T04:00:00+00:00,KXFED-27JAN-T3.75,0.6600,0.8600,,0.00,,747.71
2026-09-15T04:00:00+00:00,KXFED-27JAN-T3.75,0.6600,0.8700,,0.00,,747.71
2026-09-16T04:00:00+00:00,KXFED-27JAN-T3.75,0.6500,0.8700,0.6600,5.00,,742.71
2026-09-17T04:00:00+00:00,KXFED-27JAN-T3.75,0.7200,0.9100,0.8500,7.69,,750.40
2026-09-18T04:00:00+00:00,KXFED-27JAN-T3.75,0.7300,0.8700,,0.00,,750.40
2026-09-19T04:00:00+00:00,KXFED-27JAN-T3.75,0.7200,0.9200,,0.00,,750.40
2026-08-02T04:00:00+00:00,KXFED-27JAN-T3.50,0.6300,0.8500,,0.00,,1299.99
2026-08-03T04:00:00+00:00,KXFED-27JAN-T3.50,0.7000,0.8100,0.7000,2.00,,1297.99
2026-08-04T04:00:00+00:00,KXFED-27JAN-T3.50,0.6800,0.8300,,0.00,,1297.99
2026-08-05T04:00:00+00:00,KXFED-27JAN-T3.50,0.4600,0.8000,,0.00,,1297.99
2026-08-06T04:00:00+00:00,KXFED-27JAN-T3.50,0.4600,0.8400,,0.00,,1297.99
2026-08-07T04:00:00+00:00,KXFED-27JAN-T3.50,0.4700,0.9200,0.9300,36.00,,1297.99
2026-08-08T04:00:00+00:00,KXFED-27JAN-T3.50,0.7000,0.7800,,0.00,,1297.99
2026-08-09T04:00:00+00:00,KXFED-27JAN-T3.50,0.5200,0.8700,,0.00,,1297.99
2026-08-11T04:00:00+00:00,KXFED-27JAN-T3.50,0.6100,0.8800,0.9000,6.00,,1303.99
2026-08-12T04:00:00+00:00,KXFED-27JAN-T3.50,0.6100,0.8800,,0.00,,1303.99
2026-08-13T04:00:00+00:00,KXFED-27JAN-T3.50,0.6500,0.8800,,0.00,,1303.99
2026-08-14T04:00:00+00:00,KXFED-27JAN-T3.50,0.6500,0.8700,,0.00,,1303.99
2026-08-15T04:00:00+00:00,KXFED-27JAN-T3.50,0.6200,0.7300,0.6400,98.91,,1388.55
2026-08-16T04:00:00+00:00,KXFED-27JAN-T3.50,0.6300,0.7300,,0.00,,1388.55
2026-08-17T04:00:00+00:00,KXFED-27JAN-T3.50,0.6300,0.7700,,0.00,,1388.55
2026-08-18T04:00:00+00:00,KXFED-27JAN-T3.50,0.6300,0.7500,,0.00,,1388.55
2026-08-19T04:00:00+00:00,KXFED-27JAN-T3.50,0.6200,0.7800,,0.00,,1388.55
2026-08-20T04:00:00+00:00,KXFED-27JAN-T3.50,0.6100,0.7500,,0.00,,1388.55
2026-08-21T04:00:00+00:00,KXFED-27JAN-T3.50,0.6100,0.8100,,0.00,,1388.55
2026-08-22T04:00:00+00:00,KXFED-27JAN-T3.50,0.6100,0.8800,,0.00,,1388.55
2026-08-23T04:00:00+00:00,KXFED-27JAN-T3.50,0.6000,0.8800,,0.00,,1388.55
2026-08-24T04:00:00+00:00,KXFED-27JAN-T3.50,0.6100,0.8800,,0.00,,1388.55
2026-08-25T04:00:00+00:00,KXFED-27JAN-T3.50,0.6100,0.8600,,0.00,,1388.55
2026-08-27T04:00:00+00:00,KXFED-27JAN-T3.50,0.6100,0.8800,,0.00,,1388.55
2026-08-28T04:00:00+00:00,KXFED-27JAN-T3.50,0.6100,0.8800,,0.00,,1388.55
2026-08-30T04:00:00+00:00,KXFED-27JAN-T3.50,0.6100,0.8400,,0.00,,1388.55
2026-08-31T04:00:00+00:00,KXFED-27JAN-T3.50,0.6100,0.8600,,0.00,,1388.55
2026-09-01T04:00:00+00:00,KXFED-27JAN-T3.50,0.6200,0.8300,,0.00,,1388.55
2026-09-02T04:00:00+00:00,KXFED-27JAN-T3.50,0.7100,0.8700,0.8300,125.00,,1452.20
2026-09-03T04:00:00+00:00,KXFED-27JAN-T3.50,0.7000,0.8400,0.7100,86.26,,1388.55
2026-09-04T04:00:00+00:00,KXFED-27JAN-T3.50,0.7000,0.8500,0.8400,1.00,,1388.55
2026-09-05T04:00:00+00:00,KXFED-27JAN-T3.50,0.7000,0.8400,,0.00,,1388.55
2026-09-06T04:00:00+00:00,KXFED-27JAN-T3.50,0.7000,0.8400,,0.00,,1388.55
2026-09-07T04:00:00+00:00,KXFED-27JAN-T3.50,0.7000,0.8400,,0.00,,1388.55
2026-09-09T04:00:00+00:00,KXFED-27JAN-T3.50,0.7100,0.8400,,0.00,,1388.55
2026-09-10T04:00:00+00:00,KXFED-27JAN-T3.50,0.7100,0.8800,,0.00,,1388.55
2026-09-11T04:00:00+00:00,KXFED-27JAN-T3.50,0.7100,0.8600,,0.00,,1388.55
2026-09-12T04:00:00+00:00,KXFED-27JAN-T3.50,0.7300,0.8200,0.8100,337.65,,1669.03
2026-09-13T04:00:00+00:00,KXFED-27JAN-T3.50,0.8000,0.9200,0.7800,2.00,,1670.03
2026-09-14T04:00:00+00:00,KXFED-27JAN-T3.50,0.8000,0.9000,,0.00,,1670.03
2026-09-15T04:00:00+00:00,KXFED-27JAN-T3.50,0.8000,0.9000,0.8900,20.17,,1690.20
2026-09-16T04:00:00+00:00,KXFED-27JAN-T3.50,0.7800,0.8800,,0.00,,1690.20
2026-09-17T04:00:00+00:00,KXFED-27JAN-T3.50,0.7800,0.8800,0.8900,306.60,,1654.20
2026-09-18T04:00:00+00:00,KXFED-27JAN-T3.50,0.8100,0.8900,0.8000,42.00,,1654.20
2026-09-19T04:00:00+00:00,KXFED-27JAN-T3.50,0.8800,0.9200,,0.00,,1654.20
2026-08-02T04:00:00+00:00,KXFED-27JAN-T3.25,0.6800,0.8200,0.8200,80.51,,2890.41
2026-08-03T04:00:00+00:00,KXFED-27JAN-T3.25,0.7200,0.8100,,0.00,,2890.41
2026-08-04T04:00:00+00:00,KXFED-27JAN-T3.25,0.7000,0.8100,,0.00,,2890.41
2026-08-05T04:00:00+00:00,KXFED-27JAN-T3.25,0.6400,0.8100,,0.00,,2890.41
2026-08-06T04:00:00+00:00,KXFED-27JAN-T3.25,0.6700,0.8200,0.6800,5.96,,2890.41
2026-08-07T04:00:00+00:00,KXFED-27JAN-T3.25,0.6900,0.9300,0.9300,2.00,,2891.41
2026-08-08T04:00:00+00:00,KXFED-27JAN-T3.25,0.7600,0.8000,0.7100,69.09,,2914.37
2026-08-09T04:00:00+00:00,KXFED-27JAN-T3.25,0.7200,0.8600,,0.00,,2914.37
2026-08-10T04:00:00+00:00,KXFED-27JAN-T3.25,0.7200,0.8400,,0.00,,2914.37
2026-08-11T04:00:00+00:00,KXFED-27JAN-T3.25,0.7100,0.9000,0.9000,6.00,,2920.37
2026-08-12T04:00:00+00:00,KXFED-27JAN-T3.25,0.6500,0.8900,,0.00,,2920.37
2026-08-13T04:00:00+00:00,KXFED-27JAN-T3.25,0.6700,0.8600,,0.00,,2920.37
2026-08-14T04:00:00+00:00,KXFED-27JAN-T3.25,0.6900,0.9000,0.7900,40.12,,2960.49
2026-08-15T04:00:00+00:00,KXFED-27JAN-T3.25,0.6900,0.8700,,0.00,,2960.49
2026-08-16T04:00:00+00:00,KXFED-27JAN-T3.25,0.7000,0.8700,0.6900,1.00,,2959.49
2026-08-17T04:00:00+00:00,KXFED-27JAN-T3.25,0.6900,0.8500,,0.00,,2959.49
2026-08-18T04:00:00+00:00,KXFED-27JAN-T3.25,0.7300,0.8300,,0.00,,2959.49
2026-08-19T04:00:00+00:00,KXFED-27JAN-T3.25,0.6500,0.9100,,0.00,,2959.49
2026-08-20T04:00:00+00:00,KXFED-27JAN-T3.25,0.6500,0.9100,,0.00,,2959.49
2026-08-21T04:00:00+00:00,KXFED-27JAN-T3.25,0.6500,0.9100,,0.00,,2959.49
2026-08-22T04:00:00+00:00,KXFED-27JAN-T3.25,0.6500,0.9000,,0.00,,2959.49
2026-08-23T04:00:00+00:00,KXFED-27JAN-T3.25,0.6400,0.9000,,0.00,,2959.49
2026-08-24T04:00:00+00:00,KXFED-27JAN-T3.25,0.6500,0.9000,,0.00,,2959.49
2026-08-25T04:00:00+00:00,KXFED-27JAN-T3.25,0.6700,0.8400,,0.00,,2959.49
2026-08-26T04:00:00+00:00,KXFED-27JAN-T3.25,0.6700,0.9100,,0.00,,2959.49
2026-08-27T04:00:00+00:00,KXFED-27JAN-T3.25,0.6700,0.9100,0.9100,1.00,,2959.49
2026-08-28T04:00:00+00:00,KXFED-27JAN-T3.25,0.6700,0.9000,,0.00,,2959.49
2026-08-29T04:00:00+00:00,KXFED-27JAN-T3.25,0.6700,0.9000,,0.00,,2959.49
2026-08-30T04:00:00+00:00,KXFED-27JAN-T3.25,0.7100,0.8200,,0.00,,2959.49
2026-08-31T04:00:00+00:00,KXFED-27JAN-T3.25,0.6500,0.8200,,0.00,,2959.49
2026-09-01T04:00:00+00:00,KXFED-27JAN-T3.25,0.7300,0.8300,,0.00,,2959.49
2026-09-02T04:00:00+00:00,KXFED-27JAN-T3.25,0.8000,0.9100,0.8600,39.84,,2994.33
2026-09-03T04:00:00+00:00,KXFED-27JAN-T3.25,0.8000,0.9100,0.8800,5.00,,2995.34
2026-09-04T04:00:00+00:00,KXFED-27JAN-T3.25,0.8100,0.9100,,0.00,,2995.34
2026-09-05T04:00:00+00:00,KXFED-27JAN-T3.25,0.8100,0.9500,,0.00,,2995.34
2026-09-06T04:00:00+00:00,KXFED-27JAN-T3.25,0.8100,0.9500,,0.00,,2995.34
2026-09-07T04:00:00+00:00,KXFED-27JAN-T3.25,0.8100,0.9500,,0.00,,2995.34
2026-09-08T04:00:00+00:00,KXFED-27JAN-T3.25,0.8100,0.9300,,0.00,,2995.34
2026-09-09T04:00:00+00:00,KXFED-27JAN-T3.25,0.8100,0.9300,,0.00,,2995.34
2026-09-10T04:00:00+00:00,KXFED-27JAN-T3.25,0.8100,0.9500,,0.00,,2995.34
2026-09-11T04:00:00+00:00,KXFED-27JAN-T3.25,0.8100,0.9100,,0.00,,2995.34
2026-09-12T04:00:00+00:00,KXFED-27JAN-T3.25,0.8300,0.9300,0.9300,16.00,,3003.34
2026-09-13T04:00:00+00:00,KXFED-27JAN-T3.25,0.8600,0.9500,,0.00,,3003.34
2026-09-14T04:00:00+00:00,KXFED-27JAN-T3.25,0.8600,0.9200,,0.00,,3003.34
2026-09-15T04:00:00+00:00,KXFED-27JAN-T3.25,0.8600,0.9400,,0.00,,3003.34
2026-09-16T04:00:00+00:00,KXFED-27JAN-T3.25,0.8700,0.9400,0.9500,61.00,,2950.60
2026-09-17T04:00:00+00:00,KXFED-27JAN-T3.25,0.8900,0.9300,0.9000,442.01,,2862.99
2026-09-18T04:00:00+00:00,KXFED-27JAN-T3.25,0.8900,0.9600,,0.00,,2862.99
2026-09-19T04:00:00+00:00,KXFED-27JAN-T3.25,0.8800,0.9600,,0.00,,2862.99
2026-08-02T04:00:00+00:00,KXFED-27JAN-T3.00,0.8400,0.9400,,0.00,,1077.37
2026-08-03T04:00:00+00:00,KXFED-27JAN-T3.00,0.8400,0.9400,,0.00,,1077.37
2026-08-04T04:00:00+00:00,KXFED-27JAN-T3.00,0.8600,0.9100,,0.00,,1077.37
2026-08-05T04:00:00+00:00,KXFED-27JAN-T3.00,0.8400,0.8900,0.8900,4.18,,1077.37
2026-08-06T04:00:00+00:00,KXFED-27JAN-T3.00,0.8400,0.9300,,0.00,,1077.37
2026-08-07T04:00:00+00:00,KXFED-27JAN-T3.00,0.8500,0.9400,0.9100,60.00,,1095.37
2026-08-08T04:00:00+00:00,KXFED-27JAN-T3.00,0.8600,0.9400,,0.00,,1095.37
2026-08-09T04:00:00+00:00,KXFED-27JAN-T3.00,0.8500,0.9400,,0.00,,1095.37
2026-08-11T04:00:00+00:00,KXFED-27JAN-T3.00,0.8500,0.9500,,0.00,,1095.37
2026-08-12T04:00:00+00:00,KXFED-27JAN-T3.00,0.8500,0.9300,,0.00,,1095.37
2026-08-13T04:00:00+00:00,KXFED-27JAN-T3.00,0.8500,0.9300,,0.00,,1095.37
2026-08-14T04:00:00+00:00,KXFED-27JAN-T3.00,0.8500,0.9400,0.8500,1.00,,1095.37
2026-08-15T04:00:00+00:00,KXFED-27JAN-T3.00,0.8500,0.9400,,0.00,,1095.37
2026-08-16T04:00:00+00:00,KXFED-27JAN-T3.00,0.8500,0.9200,,0.00,,1095.37
2026-08-17T04:00:00+00:00,KXFED-27JAN-T3.00,0.8400,0.9400,,0.00,,1095.37
2026-08-18T04:00:00+00:00,KXFED-27JAN-T3.00,0.8400,0.9400,,0.00,,1095.37
2026-08-19T04:00:00+00:00,KXFED-27JAN-T3.00,0.8400,0.9400,,0.00,,1095.37
2026-08-20T04:00:00+00:00,KXFED-27JAN-T3.00,0.8500,0.9400,0.8500,0.17,,1095.20
2026-08-21T04:00:00+00:00,KXFED-27JAN-T3.00,0.8500,0.9400,,0.00,,1095.20
2026-08-22T04:00:00+00:00,KXFED-27JAN-T3.00,0.8400,0.9400,,0.00,,1095.20
2026-08-23T04:00:00+00:00,KXFED-27JAN-T3.00,0.8400,0.9400,,0.00,,1095.20
2026-08-24T04:00:00+00:00,KXFED-27JAN-T3.00,0.8500,0.9400,,0.00,,1095.20
2026-08-25T04:00:00+00:00,KXFED-27JAN-T3.00,0.8500,0.9400,,0.00,,1095.20
2026-08-26T04:00:00+00:00,KXFED-27JAN-T3.00,0.8400,0.9400,,0.00,,1095.20
2026-08-27T04:00:00+00:00,KXFED-27JAN-T3.00,0.8400,0.9400,,0.00,,1095.20
2026-08-28T04:00:00+00:00,KXFED-27JAN-T3.00,0.8400,0.9400,,0.00,,1095.20
2026-08-30T04:00:00+00:00,KXFED-27JAN-T3.00,0.8400,0.9400,,0.00,,1095.20
2026-08-31T04:00:00+00:00,KXFED-27JAN-T3.00,0.8400,0.9400,,0.00,,1095.20
2026-09-01T04:00:00+00:00,KXFED-27JAN-T3.00,0.8400,0.9400,,0.00,,1095.20
2026-09-02T04:00:00+00:00,KXFED-27JAN-T3.00,0.8400,0.9400,,0.00,,1095.20
2026-09-03T04:00:00+00:00,KXFED-27JAN-T3.00,0.8500,0.9400,0.9400,5.00,,1100.20
2026-09-04T04:00:00+00:00,KXFED-27JAN-T3.00,0.8500,0.9400,,0.00,,1100.20
2026-09-05T04:00:00+00:00,KXFED-27JAN-T3.00,0.8500,0.9400,,0.00,,1100.20
2026-09-06T04:00:00+00:00,KXFED-27JAN-T3.00,0.8500,0.9400,,0.00,,1100.20
2026-09-08T04:00:00+00:00,KXFED-27JAN-T3.00,0.8500,0.9400,,0.00,,1100.20
2026-09-09T04:00:00+00:00,KXFED-27JAN-T3.00,0.8600,0.9400,,0.00,,1100.20
2026-09-10T04:00:00+00:00,KXFED-27JAN-T3.00,0.8600,0.9400,,0.00,,1100.20
2026-09-11T04:00:00+00:00,KXFED-27JAN-T3.00,0.8600,0.9300,,0.00,,1100.20
2026-09-12T04:00:00+00:00,KXFED-27JAN-T3.00,0.9100,0.9500,,0.00,,1100.20
2026-09-13T04:00:00+00:00,KXFED-27JAN-T3.00,0.9000,0.9500,,0.00,,1100.20
2026-09-14T04:00:00+00:00,KXFED-27JAN-T3.00,0.8700,0.9300,0.9000,100.00,,1100.20
2026-09-15T04:00:00+00:00,KXFED-27JAN-T3.00,0.8700,0.9200,0.9200,24.00,,1124.20
2026-09-16T04:00:00+00:00,KXFED-27JAN-T3.00,0.8700,0.9400,,0.00,,1124.20
2026-09-17T04:00:00+00:00,KXFED-27JAN-T3.00,0.9100,0.9400,0.9100,301.92,,1084.28
2026-09-18T04:00:00+00:00,KXFED-27JAN-T3.00,0.9000,0.9500,0.9100,16.00,,1084.28
2026-09-19T04:00:00+00:00,KXFED-27JAN-T3.00,0.9100,0.9600,0.9600,16.00,,1083.28
2026-08-02T04:00:00+00:00,KXFED-27JAN-T2.75,0.8300,0.9100,,0.00,,385.09
2026-08-03T04:00:00+00:00,KXFED-27JAN-T2.75,0.8300,0.9100,,0.00,,385.09
2026-08-04T04:00:00+00:00,KXFED-27JAN-T2.75,0.8300,0.9100,,0.00,,385.09
2026-08-05T04:00:00+00:00,KXFED-27JAN-T2.75,0.8300,0.8900,,0.00,,385.09
2026-08-06T04:00:00+00:00,KXFED-27JAN-T2.75,0.8300,0.9100,,0.00,,385.09
2026-08-07T04:00:00+00:00,KXFED-27JAN-T2.75,0.8500,0.9500,0.9300,116.00,,394.66
2026-08-08T04:00:00+00:00,KXFED-27JAN-T2.75,0.8700,0.9300,,0.00,,394.66
2026-08-09T04:00:00+00:00,KXFED-27JAN-T2.75,0.8500,0.9300,,0.00,,394.66
2026-08-11T04:00:00+00:00,KXFED-27JAN-T2.75,0.8500,0.9300,,0.00,,394.66
2026-08-12T04:00:00+00:00,KXFED-27JAN-T2.75,0.8700,0.9300,0.9100,11.30,,395.96
2026-08-13T04:00:00+00:00,KXFED-27JAN-T2.75,0.8600,0.9100,,0.00,,395.96
2026-08-14T04:00:00+00:00,KXFED-27JAN-T2.75,0.8700,0.9100,,0.00,,395.96
2026-08-15T04:00:00+00:00,KXFED-27JAN-T2.75,0.8700,0.9100,,0.00,,395.96
2026-08-16T04:00:00+00:00,KXFED-27JAN-T2.75,0.8700,0.9100,,0.00,,395.96
2026-08-17T04:00:00+00:00,KXFED-27JAN-T2.75,0.8700,0.9300,,0.00,,395.96
2026-08-18T04:00:00+00:00,KXFED-27JAN-T2.75,0.8700,0.9300,,0.00,,395.96
2026-08-19T04:00:00+00:00,KXFED-27JAN-T2.75,0.8700,0.9300,,0.00,,395.96
2026-08-20T04:00:00+00:00,KXFED-27JAN-T2.75,0.8600,0.9300,,0.00,,395.96
2026-08-21T04:00:00+00:00,KXFED-27JAN-T2.75,0.8500,0.9300,,0.00,,395.96
2026-08-22T04:00:00+00:00,KXFED-27JAN-T2.75,0.8500,0.9400,,0.00,,395.96
2026-08-23T04:00:00+00:00,KXFED-27JAN-T2.75,0.8500,0.9400,,0.00,,395.96
2026-08-24T04:00:00+00:00,KXFED-27JAN-T2.75,0.8500,0.9400,,0.00,,395.96
2026-08-25T04:00:00+00:00,KXFED-27JAN-T2.75,0.8700,0.9400,,0.00,,395.96
2026-08-26T04:00:00+00:00,KXFED-27JAN-T2.75,0.8500,0.9400,,0.00,,395.96
2026-08-27T04:00:00+00:00,KXFED-27JAN-T2.75,0.8500,0.9400,,0.00,,395.96
2026-08-28T04:00:00+00:00,KXFED-27JAN-T2.75,0.8500,0.9400,,0.00,,395.96
2026-08-29T04:00:00+00:00,KXFED-27JAN-T2.75,0.8500,0.9400,,0.00,,395.96
2026-08-30T04:00:00+00:00,KXFED-27JAN-T2.75,0.8500,0.9400,,0.00,,395.96
2026-08-31T04:00:00+00:00,KXFED-27JAN-T2.75,0.8500,0.9600,,0.00,,395.96
2026-09-01T04:00:00+00:00,KXFED-27JAN-T2.75,0.8500,0.9400,,0.00,,395.96
2026-09-02T04:00:00+00:00,KXFED-27JAN-T2.75,0.8700,0.9400,,0.00,,395.96
2026-09-03T04:00:00+00:00,KXFED-27JAN-T2.75,0.8500,0.9400,0.9400,4.00,,399.96
2026-09-04T04:00:00+00:00,KXFED-27JAN-T2.75,0.8500,0.9400,,0.00,,399.96
2026-09-05T04:00:00+00:00,KXFED-27JAN-T2.75,0.8500,0.9400,,0.00,,399.96
2026-09-07T04:00:00+00:00,KXFED-27JAN-T2.75,0.8500,0.9400,,0.00,,399.96
2026-09-08T04:00:00+00:00,KXFED-27JAN-T2.75,0.8500,0.9400,,0.00,,399.96
2026-09-09T04:00:00+00:00,KXFED-27JAN-T2.75,0.8700,0.9400,,0.00,,399.96
2026-09-10T04:00:00+00:00,KXFED-27JAN-T2.75,0.8700,0.9400,,0.00,,399.96
2026-09-11T04:00:00+00:00,KXFED-27JAN-T2.75,0.8700,0.9300,,0.00,,399.96
2026-09-12T04:00:00+00:00,KXFED-27JAN-T2.75,0.9200,0.9500,,0.00,,399.96
2026-09-13T04:00:00+00:00,KXFED-27JAN-T2.75,0.9300,0.9600,,0.00,,399.96
2026-09-14T04:00:00+00:00,KXFED-27JAN-T2.75,0.9200,0.9500,0.9200,84.00,,343.96
2026-09-15T04:00:00+00:00,KXFED-27JAN-T2.75,0.9200,0.9500,,0.00,,343.96
2026-09-16T04:00:00+00:00,KXFED-27JAN-T2.75,0.9200,0.9500,,0.00,,343.96
2026-09-17T04:00:00+00:00,KXFED-27JAN-T2.75,0.9100,0.9600,0.9500,32.00,,360.96
2026-09-18T04:00:00+00:00,KXFED-27JAN-T2.75,0.9000,0.9600,,0.00,,360.96
2026-09-19T04:00:00+00:00,KXFED-27JAN-T2.75,0.9000,0.9600,,0.00,,360.96
2026-08-02T04:00:00+00:00,KXFED-27JAN-T2.50,0.8900,0.9400,,0.00,,811.72
2026-08-03T04:00:00+00:00,KXFED-27JAN-T2.50,0.8900,0.9400,,0.00,,811.72
2026-08-04T04:00:00+00:00,KXFED-27JAN-T2.50,0.8800,0.9500,,0.00,,811.72
2026-08-05T04:00:00+00:00,KXFED-27JAN-T2.50,0.8800,0.9400,,0.00,,811.72
2026-08-06T04:00:00+00:00,KXFED-27JAN-T2.50,0.8800,0.9500,,0.00,,811.72
2026-08-07T04:00:00+00:00,KXFED-27JAN-T2.50,0.9200,0.9600,0.9600,166.00,,772.51
2026-08-08T04:00:00+00:00,KXFED-27JAN-T2.50,0.9000,0.9500,,0.00,,772.51
2026-08-09T04:00:00+00:00,KXFED-27JAN-T2.50,0.9000,0.9500,,0.00,,772.51
2026-08-11T04:00:00+00:00,KXFED-27JAN-T2.50,0.9000,0.9600,,0.00,,772.51
2026-08-12T04:00:00+00:00,KXFED-27JAN-T2.50,0.9000,0.9600,,0.00,,772.51
2026-08-13T04:00:00+00:00,KXFED-27JAN-T2.50,0.9000,0.9600,,0.00,,772.51
2026-08-14T04:00:00+00:00,KXFED-27JAN-T2.50,0.8900,0.9400,0.9000,39.00,,773.83
2026-08-15T04:00:00+00:00,KXFED-27JAN-T2.50,0.8900,0.9400,,0.00,,773.83
2026-08-16T04:00:00+00:00,KXFED-27JAN-T2.50,0.8900,0.9400,,0.00,,773.83
2026-08-17T04:00:00+00:00,KXFED-27JAN-T2.50,0.8900,0.9300,,0.00,,773.83
2026-08-18T04:00:00+00:00,KXFED-27JAN-T2.50,0.8900,0.9300,,0.00,,773.83
2026-08-19T04:00:00+00:00,KXFED-27JAN-T2.50,0.8900,0.9300,,0.00,,773.83
2026-08-20T04:00:00+00:00,KXFED-27JAN-T2.50,0.8900,0.9300,,0.00,,773.83
2026-08-21T04:00:00+00:00,KXFED-27JAN-T2.50,0.8900,0.9300,,0.00,,773.83
2026-08-22T04:00:00+00:00,KXFED-27JAN-T2.50,0.8900,0.9400,,0.00,,773.83
2026-08-23T04:00:00+00:00,KXFED-27JAN-T2.50,0.8900,0.9300,,0.00,,773.83
2026-08-24T04:00:00+00:00,KXFED-27JAN-T2.50,0.8900,0.9300,,0.00,,773.83
2026-08-25T04:00:00+00:00,KXFED-27JAN-T2.50,0.8900,0.9300,,0.00,,773.83
2026-08-27T04:00:00+00:00,KXFED-27JAN-T2.50,0.8900,0.9400,,0.00,,773.83
2026-08-28T04:00:00+00:00,KXFED-27JAN-T2.50,0.8900,0.9400,,0.00,,773.83
2026-08-29T04:00:00+00:00,KXFED-27JAN-T2.50,0.8900,0.9400,,0.00,,773.83
2026-08-30T04:00:00+00:00,KXFED-27JAN-T2.50,0.8900,0.9400,,0.00,,773.83
2026-08-31T04:00:00+00:00,KXFED-27JAN-T2.50,0.8900,0.9500,,0.00,,773.83
2026-09-01T04:00:00+00:00,KXFED-27JAN-T2.50,0.8900,0.9400,,0.00,,773.83
2026-09-02T04:00:00+00:00,KXFED-27JAN-T2.50,0.8900,0.9300,,0.00,,773.83
2026-09-03T04:00:00+00:00,KXFED-27JAN-T2.50,0.9000,0.9300,0.9500,3.00,,775.51
2026-09-04T04:00:00+00:00,KXFED-27JAN-T2.50,0.9000,0.9400,,0.00,,775.51
2026-09-05T04:00:00+00:00,KXFED-27JAN-T2.50,0.9100,0.9400,,0.00,,775.51
2026-09-06T04:00:00+00:00,KXFED-27JAN-T2.50,0.9000,0.9500,,0.00,,775.51
2026-09-07T04:00:00+00:00,KXFED-27JAN-T2.50,0.9000,0.9500,,0.00,,775.51
2026-09-08T04:00:00+00:00,KXFED-27JAN-T2.50,0.9000,0.9400,0.9500,39.00,,775.51
2026-09-09T04:00:00+00:00,KXFED-27JAN-T2.50,0.9100,0.9400,,0.00,,775.51
2026-09-10T04:00:00+00:00,KXFED-27JAN-T2.50,0.9100,0.9400,,0.00,,775.51
2026-09-11T04:00:00+00:00,KXFED-27JAN-T2.50,0.9100,0.9400,,0.00,,775.51
2026-09-12T04:00:00+00:00,KXFED-27JAN-T2.50,0.9300,0.9600,,0.00,,775.51
2026-09-13T04:00:00+00:00,KXFED-27JAN-T2.50,0.9400,0.9600,,0.00,,775.51
2026-09-14T04:00:00+00:00,KXFED-27JAN-T2.50,0.9200,0.9600,0.9300,109.79,,685.72
2026-09-15T04:00:00+00:00,KXFED-27JAN-T2.50,0.9200,0.9600,0.9300,500.00,,1185.72
2026-09-16T04:00:00+00:00,KXFED-27JAN-T2.50,0.9200,0.9600,,0.00,,1185.72
2026-09-17T04:00:00+00:00,KXFED-27JAN-T2.50,0.9200,0.9600,0.9600,30.00,,1191.28
2026-09-18T04:00:00+00:00,KXFED-27JAN-T2.50,0.9300,0.9600,,0.00,,1191.28
2026-09-19T04:00:00+00:00,KXFED-27JAN-T2.50,0.9300,0.9600,,0.00,,1191.28
2026-08-02T04:00:00+00:00,KXFED-27JAN-T2.25,0.8800,0.9300,,0.00,,333.82
2026-08-03T04:00:00+00:00,KXFED-27JAN-T2.25,0.8900,0.9300,,0.00,,333.82
2026-08-04T04:00:00+00:00,KXFED-27JAN-T2.25,0.8800,0.9300,,0.00,,333.82
2026-08-05T04:00:00+00:00,KXFED-27JAN-T2.25,0.8700,0.9400,,0.00,,333.82
2026-08-06T04:00:00+00:00,KXFED-27JAN-T2.25,0.8700,0.9300,,0.00,,333.82
2026-08-07T04:00:00+00:00,KXFED-27JAN-T2.25,0.8900,0.9400,0.9400,78.00,,333.82
2026-08-08T04:00:00+00:00,KXFED-27JAN-T2.25,0.9100,0.9400,,0.00,,333.82
2026-08-11T04:00:00+00:00,KXFED-27JAN-T2.25,0.9100,0.9400,,0.00,,333.82
2026-08-12T04:00:00+00:00,KXFED-27JAN-T2.25,0.9200,0.9400,,0.00,,333.82
2026-08-13T04:00:00+00:00,KXFED-27JAN-T2.25,0.9100,0.9400,,0.00,,333.82
2026-08-14T04:00:00+00:00,KXFED-27JAN-T2.25,0.9100,0.9400,,0.00,,333.82
2026-08-15T04:00:00+00:00,KXFED-27JAN-T2.25,0.9100,0.9400,,0.00,,333.82
2026-08-17T04:00:00+00:00,KXFED-27JAN-T2.25,0.9100,0.9400,,0.00,,333.82
2026-08-18T04:00:00+00:00,KXFED-27JAN-T2.25,0.9100,0.9400,,0.00,,333.82
2026-08-19T04:00:00+00:00,KXFED-27JAN-T2.25,0.9100,0.9400,,0.00,,333.82
2026-08-20T04:00:00+00:00,KXFED-27JAN-T2.25,0.9200,0.9400,,0.00,,333.82
2026-08-21T04:00:00+00:00,KXFED-27JAN-T2.25,0.9100,0.9400,,0.00,,333.82
2026-08-22T04:00:00+00:00,KXFED-27JAN-T2.25,0.9100,0.9400,,0.00,,333.82
2026-08-23T04:00:00+00:00,KXFED-27JAN-T2.25,0.9100,0.9400,,0.00,,333.82
2026-08-24T04:00:00+00:00,KXFED-27JAN-T2.25,0.9100,0.9400,,0.00,,333.82
2026-08-25T04:00:00+00:00,KXFED-27JAN-T2.25,0.9100,0.9400,,0.00,,333.82
2026-08-27T04:00:00+00:00,KXFED-27JAN-T2.25,0.9100,0.9400,,0.00,,333.82
2026-08-28T04:00:00+00:00,KXFED-27JAN-T2.25,0.9100,0.9400,,0.00,,333.82
2026-08-29T04:00:00+00:00,KXFED-27JAN-T2.25,0.9100,0.9400,0.9400,2.00,,333.82
2026-08-30T04:00:00+00:00,KXFED-27JAN-T2.25,0.9100,0.9400,,0.00,,333.82
2026-08-31T04:00:00+00:00,KXFED-27JAN-T2.25,0.9100,0.9500,,0.00,,333.82
2026-09-01T04:00:00+00:00,KXFED-27JAN-T2.25,0.9100,0.9400,0.9500,1.00,,333.82
2026-09-02T04:00:00+00:00,KXFED-27JAN-T2.25,0.9100,0.9400,,0.00,,333.82
2026-09-03T04:00:00+00:00,KXFED-27JAN-T2.25,0.9100,0.9400,0.9400,2.00,,335.82
2026-09-04T04:00:00+00:00,KXFED-27JAN-T2.25,0.9100,0.9400,,0.00,,335.82
2026-09-05T04:00:00+00:00,KXFED-27JAN-T2.25,0.9100,0.9400,,0.00,,335.82
2026-09-06T04:00:00+00:00,KXFED-27JAN-T2.25,0.9100,0.9400,,0.00,,335.82
2026-09-09T04:00:00+00:00,KXFED-27JAN-T2.25,0.9200,0.9400,,0.00,,335.82
2026-09-10T04:00:00+00:00,KXFED-27JAN-T2.25,0.9100,0.9400,,0.00,,335.82
2026-09-11T04:00:00+00:00,KXFED-27JAN-T2.25,0.9200,0.9400,0.9400,300.00,,635.82
2026-09-12T04:00:00+00:00,KXFED-27JAN-T2.25,0.9300,0.9600,0.9500,133.00,,768.82
2026-09-13T04:00:00+00:00,KXFED-27JAN-T2.25,0.9300,0.9700,,0.00,,768.82
2026-09-14T04:00:00+00:00,KXFED-27JAN-T2.25,0.9300,0.9500,,0.00,,768.82
2026-09-15T04:00:00+00:00,KXFED-27JAN-T2.25,0.9300,0.9500,,0.00,,768.82
2026-09-16T04:00:00+00:00,KXFED-27JAN-T2.25,0.9400,0.9600,,0.00,,768.82
2026-09-17T04:00:00+00:00,KXFED-27JAN-T2.25,0.9200,0.9400,0.9600,39.47,,763.00
2026-09-18T04:00:00+00:00,KXFED-27JAN-T2.25,0.9300,0.9600,,0.00,,763.00
2026-09-19T04:00:00+00:00,KXFED-27JAN-T2.25,0.9300,0.9600,,0.00,,763.00
2026-08-02T04:00:00+00:00,KXFED-27JAN-T2.00,0.9000,0.9400,,0.00,,566.04
2026-08-03T04:00:00+00:00,KXFED-27JAN-T2.00,0.9000,0.9400,,0.00,,566.04
2026-08-04T04:00:00+00:00,KXFED-27JAN-T2.00,0.9100,0.9400,,0.00,,566.04
2026-08-05T04:00:00+00:00,KXFED-27JAN-T2.00,0.8900,0.9400,,0.00,,566.04
2026-08-06T04:00:00+00:00,KXFED-27JAN-T2.00,0.9000,0.9400,,0.00,,566.04
2026-08-07T04:00:00+00:00,KXFED-27JAN-T2.00,0.9100,0.9500,0.9600,28.68,,566.04
2026-08-08T04:00:00+00:00,KXFED-27JAN-T2.00,0.8800,0.9600,,0.00,,566.04
2026-08-09T04:00:00+00:00,KXFED-27JAN-T2.00,0.8800,0.9600,,0.00,,566.04
2026-08-11T04:00:00+00:00,KXFED-27JAN-T2.00,0.8800,0.9600,,0.00,,566.04
2026-08-12T04:00:00+00:00,KXFED-27JAN-T2.00,0.8900,0.9600,,0.00,,566.04
2026-08-13T04:00:00+00:00,KXFED-27JAN-T2.00,0.9100,0.9400,,0.00,,566.04
2026-08-14T04:00:00+00:00,KXFED-27JAN-T2.00,0.9000,0.9400,,0.00,,566.04
2026-08-15T04:00:00+00:00,KXFED-27JAN-T2.00,0.9000,0.9400,,0.00,,566.04
2026-08-17T04:00:00+00:00,KXFED-27JAN-T2.00,0.9000,0.9600,,0.00,,566.04
2026-08-18T04:00:00+00:00,KXFED-27JAN-T2.00,0.9000,0.9600,,0.00,,566.04
2026-08-19T04:00:00+00:00,KXFED-27JAN-T2.00,0.8800,0.9600,,0.00,,566.04
2026-08-20T04:00:00+00:00,KXFED-27JAN-T2.00,0.8800,0.9600,,0.00,,566.04
2026-08-21T04:00:00+00:00,KXFED-27JAN-T2.00,0.8800,0.9600,,0.00,,566.04
2026-08-22T04:00:00+00:00,KXFED-27JAN-T2.00,0.8800,0.9600,,0.00,,566.04
2026-08-23T04:00:00+00:00,KXFED-27JAN-T2.00,0.8800,0.9600,,0.00,,566.04
2026-08-24T04:00:00+00:00,KXFED-27JAN-T2.00,0.9000,0.9600,,0.00,,566.04
2026-08-25T04:00:00+00:00,KXFED-27JAN-T2.00,0.9000,0.9600,,0.00,,566.04
2026-08-26T04:00:00+00:00,KXFED-27JAN-T2.00,0.8800,0.9600,,0.00,,566.04
2026-08-27T04:00:00+00:00,KXFED-27JAN-T2.00,0.8800,0.9600,,0.00,,566.04
2026-08-28T04:00:00+00:00,KXFED-27JAN-T2.00,0.8800,0.9500,,0.00,,566.04
2026-08-29T04:00:00+00:00,KXFED-27JAN-T2.00,0.8800,0.9600,,0.00,,566.04
2026-08-30T04:00:00+00:00,KXFED-27JAN-T2.00,0.8800,0.9500,,0.00,,566.04
2026-08-31T04:00:00+00:00,KXFED-27JAN-T2.00,0.8800,0.9600,,0.00,,566.04
2026-09-01T04:00:00+00:00,KXFED-27JAN-T2.00,0.8800,0.9600,,0.00,,566.04
2026-09-02T04:00:00+00:00,KXFED-27JAN-T2.00,0.9100,0.9500,,0.00,,566.04
2026-09-03T04:00:00+00:00,KXFED-27JAN-T2.00,0.9200,0.9500,0.9600,3.00,,569.04
2026-09-04T04:00:00+00:00,KXFED-27JAN-T2.00,0.9200,0.9600,,0.00,,569.04
2026-09-05T04:00:00+00:00,KXFED-27JAN-T2.00,0.8800,0.9600,,0.00,,569.04
2026-09-08T04:00:00+00:00,KXFED-27JAN-T2.00,0.9200,0.9500,,0.00,,569.04
2026-09-09T04:00:00+00:00,KXFED-27JAN-T2.00,0.9000,0.9600,,0.00,,569.04
2026-09-10T04:00:00+00:00,KXFED-27JAN-T2.00,0.8800,0.9600,,0.00,,569.04
2026-09-11T04:00:00+00:00,KXFED-27JAN-T2.00,0.9200,0.9600,,0.00,,569.04
2026-09-12T04:00:00+00:00,KXFED-27JAN-T2.00,0.9200,0.9600,,0.00,,569.04
2026-09-13T04:00:00+00:00,KXFED-27JAN-T2.00,0.9200,0.9700,,0.00,,569.04
2026-09-14T04:00:00+00:00,KXFED-27JAN-T2.00,0.9300,0.9500,0.9100,200.00,,421.39
2026-09-15T04:00:00+00:00,KXFED-27JAN-T2.00,0.9300,0.9600,,0.00,,421.39
2026-09-16T04:00:00+00:00,KXFED-27JAN-T2.00,0.9300,0.9600,0.9500,100.00,,521.39
2026-09-17T04:00:00+00:00,KXFED-27JAN-T2.00,0.9100,0.9400,0.9200,178.53,,370.87
2026-09-18T04:00:00+00:00,KXFED-27JAN-T2.00,0.9100,0.9600,,0.00,,370.87
2026-09-19T04:00:00+00:00,KXFED-27JAN-T2.00,0.9100,0.9600,,0.00,,370.87
2026-08-02T04:00:00+00:00,KXFED-27JAN-T1.75,0.9100,0.9400,,0.00,,450.73
2026-08-03T04:00:00+00:00,KXFED-27JAN-T1.75,0.9100,0.9400,,0.00,,450.73
2026-08-04T04:00:00+00:00,KXFED-27JAN-T1.75,0.9100,0.9500,,0.00,,450.73
2026-08-05T04:00:00+00:00,KXFED-27JAN-T1.75,0.9100,0.9500,,0.00,,450.73
2026-08-06T04:00:00+00:00,KXFED-27JAN-T1.75,0.9100,0.9500,,0.00,,450.73
2026-08-07T04:00:00+00:00,KXFED-27JAN-T1.75,0.9100,0.9500,0.9600,139.50,,450.73
2026-08-08T04:00:00+00:00,KXFED-27JAN-T1.75,0.9100,0.9500,,0.00,,450.73
2026-08-11T04:00:00+00:00,KXFED-27JAN-T1.75,0.9100,0.9500,,0.00,,450.73
2026-08-12T04:00:00+00:00,KXFED-27JAN-T1.75,0.9100,0.9500,,0.00,,450.73
2026-08-13T04:00:00+00:00,KXFED-27JAN-T1.75,0.9100,0.9500,,0.00,,450.73
2026-08-14T04:00:00+00:00,KXFED-27JAN-T1.75,0.9100,0.9500,,0.00,,450.73
2026-08-15T04:00:00+00:00,KXFED-27JAN-T1.75,0.9100,0.9500,,0.00,,450.73
2026-08-17T04:00:00+00:00,KXFED-27JAN-T1.75,0.9100,0.9500,,0.00,,450.73
2026-08-19T04:00:00+00:00,KXFED-27JAN-T1.75,0.9100,0.9500,,0.00,,450.73
2026-08-20T04:00:00+00:00,KXFED-27JAN-T1.75,0.9100,0.9500,,0.00,,450.73
2026-08-21T04:00:00+00:00,KXFED-27JAN-T1.75,0.9100,0.9500,,0.00,,450.73
2026-08-22T04:00:00+00:00,KXFED-27JAN-T1.75,0.9100,0.9500,,0.00,,450.73
2026-08-23T04:00:00+00:00,KXFED-27JAN-T1.75,0.9100,0.9500,,0.00,,450.73
2026-08-24T04:00:00+00:00,KXFED-27JAN-T1.75,0.9200,0.9500,,0.00,,450.73
2026-08-25T04:00:00+00:00,KXFED-27JAN-T1.75,0.9200,0.9500,,0.00,,450.73
2026-08-26T04:00:00+00:00,KXFED-27JAN-T1.75,0.9100,0.9500,,0.00,,450.73
2026-08-27T04:00:00+00:00,KXFED-27JAN-T1.75,0.9100,0.9500,,0.00,,450.73
2026-08-28T04:00:00+00:00,KXFED-27JAN-T1.75,0.9100,0.9500,,0.00,,450.73
2026-08-29T04:00:00+00:00,KXFED-27JAN-T1.75,0.9100,0.9500,,0.00,,450.73
2026-08-30T04:00:00+00:00,KXFED-27JAN-T1.75,0.9100,0.9500,,0.00,,450.73
2026-08-31T04:00:00+00:00,KXFED-27JAN-T1.75,0.9100,0.9600,,0.00,,450.73
2026-09-01T04:00:00+00:00,KXFED-27JAN-T1.75,0.9100,0.9500,0.9500,5.00,,450.73
2026-09-02T04:00:00+00:00,KXFED-27JAN-T1.75,0.9100,0.9500,,0.00,,450.73
2026-09-03T04:00:00+00:00,KXFED-27JAN-T1.75,0.9100,0.9500,0.9500,2.00,,450.73
2026-09-04T04:00:00+00:00,KXFED-27JAN-T1.75,0.9100,0.9500,,0.00,,450.73
2026-09-05T04:00:00+00:00,KXFED-27JAN-T1.75,0.9100,0.9500,,0.00,,450.73
2026-09-08T04:00:00+00:00,KXFED-27JAN-T1.75,0.9100,0.9500,,0.00,,450.73
2026-09-09T04:00:00+00:00,KXFED-27JAN-T1.75,0.9100,0.9600,,0.00,,450.73
2026-09-10T04:00:00+00:00,KXFED-27JAN-T1.75,0.9100,0.9500,,0.00,,450.73
2026-09-11T04:00:00+00:00,KXFED-27JAN-T1.75,0.9100,0.9600,0.9500,400.00,,843.28
2026-09-12T04:00:00+00:00,KXFED-27JAN-T1.75,0.9300,0.9600,0.9500,21.00,,864.28
2026-09-13T04:00:00+00:00,KXFED-27JAN-T1.75,0.9300,0.9800,,0.00,,864.28
2026-09-14T04:00:00+00:00,KXFED-27JAN-T1.75,0.9300,0.9600,0.9200,18.00,,846.28
2026-09-15T04:00:00+00:00,KXFED-27JAN-T1.75,0.9300,0.9600,,0.00,,846.28
2026-09-16T04:00:00+00:00,KXFED-27JAN-T1.75,0.9300,0.9500,,0.00,,846.28
2026-09-17T04:00:00+00:00,KXFED-27JAN-T1.75,0.9300,0.9700,0.9700,34.63,,846.28
2026-09-18T04:00:00+00:00,KXFED-27JAN-T1.75,0.9300,0.9700,,0.00,,846.28
2026-09-19T04:00:00+00:00,KXFED-27JAN-T1.75,0.9300,0.9700,,0.00,,846.28
2026-08-02T04:00:00+00:00,KXFED-27JAN-T1.50,0.9100,0.9600,,0.00,,1214.61
2026-08-04T04:00:00+00:00,KXFED-27JAN-T1.50,0.9100,0.9700,,0.00,,1214.61
2026-08-05T04:00:00+00:00,KXFED-27JAN-T1.50,0.9100,0.9600,,0.00,,1214.61
2026-08-06T04:00:00+00:00,KXFED-27JAN-T1.50,0.9100,0.9600,,0.00,,1214.61
2026-08-07T04:00:00+00:00,KXFED-27JAN-T1.50,0.9300,0.9700,0.9800,134.00,,1212.37
2026-08-08T04:00:00+00:00,KXFED-27JAN-T1.50,0.9400,0.9700,,0.00,,1212.37
2026-08-09T04:00:00+00:00,KXFED-27JAN-T1.50,0.9300,0.9700,,0.00,,1212.37
2026-08-11T04:00:00+00:00,KXFED-27JAN-T1.50,0.9300,0.9700,,0.00,,1212.37
2026-08-12T04:00:00+00:00,KXFED-27JAN-T1.50,0.9300,0.9700,,0.00,,1212.37
2026-08-13T04:00:00+00:00,KXFED-27JAN-T1.50,0.9100,0.9600,0.9100,37.00,,1212.37
2026-08-14T04:00:00+00:00,KXFED-27JAN-T1.50,0.9200,0.9600,,0.00,,1212.37
2026-08-15T04:00:00+00:00,KXFED-27JAN-T1.50,0.9100,0.9600,,0.00,,1212.37
2026-08-16T04:00:00+00:00,KXFED-27JAN-T1.50,0.9100,0.9600,,0.00,,1212.37
2026-08-17T04:00:00+00:00,KXFED-27JAN-T1.50,0.9100,0.9600,,0.00,,1212.37
2026-08-19T04:00:00+00:00,KXFED-27JAN-T1.50,0.9100,0.9600,,0.00,,1212.37
2026-08-20T04:00:00+00:00,KXFED-27JAN-T1.50,0.9100,0.9700,,0.00,,1212.37
2026-08-21T04:00:00+00:00,KXFED-27JAN-T1.50,0.9100,0.9700,,0.00,,1212.37
2026-08-22T04:00:00+00:00,KXFED-27JAN-T1.50,0.9100,0.9600,,0.00,,1212.37
2026-08-23T04:00:00+00:00,KXFED-27JAN-T1.50,0.9100,0.9600,,0.00,,1212.37
2026-08-24T04:00:00+00:00,KXFED-27JAN-T1.50,0.9200,0.9600,,0.00,,1212.37
2026-08-25T04:00:00+00:00,KXFED-27JAN-T1.50,0.9200,0.9700,,0.00,,1212.37
2026-08-26T04:00:00+00:00,KXFED-27JAN-T1.50,0.9100,0.9600,,0.00,,1212.37
2026-08-27T04:00:00+00:00,KXFED-27JAN-T1.50,0.9100,0.9600,,0.00,,1212.37
2026-08-28T04:00:00+00:00,KXFED-27JAN-T1.50,0.9100,0.9600,,0.00,,1212.37
2026-08-30T04:00:00+00:00,KXFED-27JAN-T1.50,0.9100,0.9600,,0.00,,1212.37
2026-08-31T04:00:00+00:00,KXFED-27JAN-T1.50,0.9100,0.9700,,0.00,,1212.37
2026-09-01T04:00:00+00:00,KXFED-27JAN-T1.50,0.9100,0.9600,,0.00,,1212.37
2026-09-02T04:00:00+00:00,KXFED-27JAN-T1.50,0.9200,0.9500,,0.00,,1212.37
2026-09-03T04:00:00+00:00,KXFED-27JAN-T1.50,0.9100,0.9600,0.9600,2.00,,1212.37
2026-09-04T04:00:00+00:00,KXFED-27JAN-T1.50,0.9100,0.9600,,0.00,,1212.37
2026-09-05T04:00:00+00:00,KXFED-27JAN-T1.50,0.9100,0.9700,,0.00,,1212.37
2026-09-06T04:00:00+00:00,KXFED-27JAN-T1.50,0.9100,0.9700,,0.00,,1212.37
2026-09-07T04:00:00+00:00,KXFED-27JAN-T1.50,0.9100,0.9700,,0.00,,1212.37
2026-09-08T04:00:00+00:00,KXFED-27JAN-T1.50,0.9200,0.9600,0.9700,37.00,,1190.12
2026-09-09T04:00:00+00:00,KXFED-27JAN-T1.50,0.9200,0.9600,,0.00,,1190.12
2026-09-10T04:00:00+00:00,KXFED-27JAN-T1.50,0.9200,0.9600,,0.00,,1190.12
2026-09-11T04:00:00+00:00,KXFED-27JAN-T1.50,0.9200,0.9700,,0.00,,1190.12
2026-09-12T04:00:00+00:00,KXFED-27JAN-T1.50,0.9300,0.9800,,0.00,,1190.12
2026-09-13T04:00:00+00:00,KXFED-27JAN-T1.50,0.9300,0.9800,,0.00,,1190.12
2026-09-14T04:00:00+00:00,KXFED-27JAN-T1.50,0.9300,0.9600,,0.00,,1190.12
2026-09-15T04:00:00+00:00,KXFED-27JAN-T1.50,0.9300,0.9600,,0.00,,1190.12
2026-09-16T04:00:00+00:00,KXFED-27JAN-T1.50,0.9300,0.9600,,0.00,,1190.12
2026-09-17T04:00:00+00:00,KXFED-27JAN-T1.50,0.9300,0.9800,0.9700,30.00,,1180.88
2026-09-18T04:00:00+00:00,KXFED-27JAN-T1.50,0.9300,0.9700,,0.00,,1180.88
2026-09-19T04:00:00+00:00,KXFED-27JAN-T1.50,0.9300,0.9700,,0.00,,1180.88
2026-08-02T04:00:00+00:00,KXFED-27JAN-T1.25,0.9200,0.9700,,0.00,,1010.53
2026-08-03T04:00:00+00:00,KXFED-27JAN-T1.25,0.9300,0.9700,,0.00,,1010.53
2026-08-04T04:00:00+00:00,KXFED-27JAN-T1.25,0.9200,0.9700,,0.00,,1010.53
2026-08-05T04:00:00+00:00,KXFED-27JAN-T1.25,0.9200,0.9700,,0.00,,1010.53
2026-08-06T04:00:00+00:00,KXFED-27JAN-T1.25,0.9200,0.9700,,0.00,,1010.53
2026-08-07T04:00:00+00:00,KXFED-27JAN-T1.25,0.9300,0.9700,0.9700,116.62,,1010.53
2026-08-08T04:00:00+00:00,KXFED-27JAN-T1.25,0.9200,0.9700,,0.00,,1010.53
2026-08-09T04:00:00+00:00,KXFED-27JAN-T1.25,0.9200,0.9700,,0.00,,1010.53
2026-08-11T04:00:00+00:00,KXFED-27JAN-T1.25,0.9200,0.9700,,0.00,,1010.53
2026-08-12T04:00:00+00:00,KXFED-27JAN-T1.25,0.9200,0.9700,,0.00,,1010.53
2026-08-13T04:00:00+00:00,KXFED-27JAN-T1.25,0.9300,0.9600,,0.00,,1010.53
2026-08-14T04:00:00+00:00,KXFED-27JAN-T1.25,0.9200,0.9600,0.9300,20.00,,1010.66
2026-08-15T04:00:00+00:00,KXFED-27JAN-T1.25,0.9200,0.9700,,0.00,,1010.66
2026-08-16T04:00:00+00:00,KXFED-27JAN-T1.25,0.9200,0.9700,,0.00,,1010.66
2026-08-17T04:00:00+00:00,KXFED-27JAN-T1.25,0.9200,0.9700,,0.00,,1010.66
2026-08-19T04:00:00+00:00,KXFED-27JAN-T1.25,0.9200,0.9700,,0.00,,1010.66
2026-08-20T04:00:00+00:00,KXFED-27JAN-T1.25,0.9200,0.9700,,0.00,,1010.66
2026-08-21T04:00:00+00:00,KXFED-27JAN-T1.25,0.9200,0.9700,,0.00,,1010.66
2026-08-22T04:00:00+00:00,KXFED-27JAN-T1.25,0.9200,0.9700,,0.00,,1010.66
2026-08-23T04:00:00+00:00,KXFED-27JAN-T1.25,0.9200,0.9700,,0.00,,1010.66
2026-08-24T04:00:00+00:00,KXFED-27JAN-T1.25,0.9300,0.9600,,0.00,,1010.66
2026-08-25T04:00:00+00:00,KXFED-27JAN-T1.25,0.9300,0.9600,,0.00,,1010.66
2026-08-27T04:00:00+00:00,KXFED-27JAN-T1.25,0.9200,0.9700,,0.00,,1010.66
2026-08-28T04:00:00+00:00,KXFED-27JAN-T1.25,0.9200,0.9700,,0.00,,1010.66
2026-08-29T04:00:00+00:00,KXFED-27JAN-T1.25,0.9300,0.9600,,0.00,,1010.66
2026-08-30T04:00:00+00:00,KXFED-27JAN-T1.25,0.9200,0.9700,,0.00,,1010.66
2026-08-31T04:00:00+00:00,KXFED-27JAN-T1.25,0.9200,0.9700,,0.00,,1010.66
2026-09-01T04:00:00+00:00,KXFED-27JAN-T1.25,0.9200,0.9700,0.9700,1.00,,1010.53
2026-09-02T04:00:00+00:00,KXFED-27JAN-T1.25,0.9200,0.9600,,0.00,,1010.53
2026-09-03T04:00:00+00:00,KXFED-27JAN-T1.25,0.9200,0.9600,0.9700,1.00,,1010.53
2026-09-04T04:00:00+00:00,KXFED-27JAN-T1.25,0.9300,0.9600,,0.00,,1010.53
2026-09-05T04:00:00+00:00,KXFED-27JAN-T1.25,0.9300,0.9600,,0.00,,1010.53
2026-09-08T04:00:00+00:00,KXFED-27JAN-T1.25,0.9300,0.9600,,0.00,,1010.53
2026-09-09T04:00:00+00:00,KXFED-27JAN-T1.25,0.9400,0.9600,,0.00,,1010.53
2026-09-10T04:00:00+00:00,KXFED-27JAN-T1.25,0.9400,0.9700,,0.00,,1010.53
2026-09-11T04:00:00+00:00,KXFED-27JAN-T1.25,0.9400,0.9700,,0.00,,1010.53
2026-09-12T04:00:00+00:00,KXFED-27JAN-T1.25,0.9400,0.9700,,0.00,,1010.53
2026-09-13T04:00:00+00:00,KXFED-27JAN-T1.25,0.9400,0.9700,,0.00,,1010.53
2026-09-14T04:00:00+00:00,KXFED-27JAN-T1.25,0.9400,0.9600,,0.00,,1010.53
2026-09-15T04:00:00+00:00,KXFED-27JAN-T1.25,0.9400,0.9700,,0.00,,1010.53
2026-09-16T04:00:00+00:00,KXFED-27JAN-T1.25,0.9400,0.9700,,0.00,,1010.53
2026-09-17T04:00:00+00:00,KXFED-27JAN-T1.25,0.9300,0.9700,0.9700,30.00,,1022.26
2026-09-18T04:00:00+00:00,KXFED-27JAN-T1.25,0.9300,0.9700,,0.00,,1022.26
2026-09-19T04:00:00+00:00,KXFED-27JAN-T1.25,0.9400,0.9700,,0.00,,1022.26
2026-08-02T04:00:00+00:00,KXFED-27JAN-T1.00,0.9200,0.9700,,0.00,,525.15
2026-08-03T04:00:00+00:00,KXFED-27JAN-T1.00,0.9300,0.9700,,0.00,,525.15
2026-08-04T04:00:00+00:00,KXFED-27JAN-T1.00,0.9200,0.9700,,0.00,,525.15
2026-08-05T04:00:00+00:00,KXFED-27JAN-T1.00,0.9200,0.9700,,0.00,,525.15
2026-08-06T04:00:00+00:00,KXFED-27JAN-T1.00,0.9200,0.9700,,0.00,,525.15
2026-08-07T04:00:00+00:00,KXFED-27JAN-T1.00,0.9200,0.9700,0.9700,93.48,,525.15
2026-08-08T04:00:00+00:00,KXFED-27JAN-T1.00,0.9200,0.9700,,0.00,,525.15
2026-08-11T04:00:00+00:00,KXFED-27JAN-T1.00,0.9200,0.9600,,0.00,,525.15
2026-08-12T04:00:00+00:00,KXFED-27JAN-T1.00,0.9200,0.9600,,0.00,,525.15
2026-08-13T04:00:00+00:00,KXFED-27JAN-T1.00,0.9200,0.9600,,0.00,,525.15
2026-08-14T04:00:00+00:00,KXFED-27JAN-T1.00,0.9200,0.9700,,0.00,,525.15
2026-08-15T04:00:00+00:00,KXFED-27JAN-T1.00,0.9200,0.9600,,0.00,,525.15
2026-08-17T04:00:00+00:00,KXFED-27JAN-T1.00,0.9200,0.9600,,0.00,,525.15
2026-08-19T04:00:00+00:00,KXFED-27JAN-T1.00,0.9200,0.9600,,0.00,,525.15
2026-08-20T04:00:00+00:00,KXFED-27JAN-T1.00,0.9200,0.9700,,0.00,,525.15
2026-08-21T04:00:00+00:00,KXFED-27JAN-T1.00,0.9200,0.9600,,0.00,,525.15
2026-08-22T04:00:00+00:00,KXFED-27JAN-T1.00,0.9200,0.9600,,0.00,,525.15
2026-08-23T04:00:00+00:00,KXFED-27JAN-T1.00,0.9200,0.9600,,0.00,,525.15
2026-08-24T04:00:00+00:00,KXFED-27JAN-T1.00,0.9300,0.9600,,0.00,,525.15
2026-08-25T04:00:00+00:00,KXFED-27JAN-T1.00,0.9300,0.9600,,0.00,,525.15
2026-08-27T04:00:00+00:00,KXFED-27JAN-T1.00,0.9200,0.9600,,0.00,,525.15
2026-08-28T04:00:00+00:00,KXFED-27JAN-T1.00,0.9200,0.9600,,0.00,,525.15
2026-08-30T04:00:00+00:00,KXFED-27JAN-T1.00,0.9200,0.9600,,0.00,,525.15
2026-08-31T04:00:00+00:00,KXFED-27JAN-T1.00,0.9200,0.9700,,0.00,,525.15
2026-09-01T04:00:00+00:00,KXFED-27JAN-T1.00,0.9200,0.9700,0.9800,1.00,,525.15
2026-09-02T04:00:00+00:00,KXFED-27JAN-T1.00,0.9200,0.9600,,0.00,,525.15
2026-09-03T04:00:00+00:00,KXFED-27JAN-T1.00,0.9200,0.9600,0.9700,1.00,,525.15
2026-09-04T04:00:00+00:00,KXFED-27JAN-T1.00,0.9200,0.9700,,0.00,,525.15
2026-09-05T04:00:00+00:00,KXFED-27JAN-T1.00,0.9200,0.9700,,0.00,,525.15
2026-09-08T04:00:00+00:00,KXFED-27JAN-T1.00,0.9200,0.9600,,0.00,,525.15
2026-09-09T04:00:00+00:00,KXFED-27JAN-T1.00,0.9400,0.9700,,0.00,,525.15
2026-09-10T04:00:00+00:00,KXFED-27JAN-T1.00,0.9400,0.9700,,0.00,,525.15
2026-09-11T04:00:00+00:00,KXFED-27JAN-T1.00,0.9400,0.9800,,0.00,,525.15
2026-09-12T04:00:00+00:00,KXFED-27JAN-T1.00,0.9400,0.9800,,0.00,,525.15
2026-09-13T04:00:00+00:00,KXFED-27JAN-T1.00,0.9400,0.9800,,0.00,,525.15
2026-09-14T04:00:00+00:00,KXFED-27JAN-T1.00,0.9400,0.9700,,0.00,,525.15
2026-09-15T04:00:00+00:00,KXFED-27JAN-T1.00,0.9500,0.9600,,0.00,,525.15
2026-09-16T04:00:00+00:00,KXFED-27JAN-T1.00,0.9400,0.9700,,0.00,,525.15
2026-09-17T04:00:00+00:00,KXFED-27JAN-T1.00,0.9500,0.9800,0.9700,30.00,,526.37
2026-09-18T04:00:00+00:00,KXFED-27JAN-T1.00,0.9500,0.9800,0.9400,17.00,,526.37
2026-09-19T04:00:00+00:00,KXFED-27JAN-T1.00,0.9500,0.9800,0.9800,17.00,,521.22
2026-08-02T04:00:00+00:00,KXFED-27JAN-T0.75,0.9300,0.9600,,0.00,,523.99
2026-08-03T04:00:00+00:00,KXFED-27JAN-T0.75,0.9300,0.9600,,0.00,,523.99
2026-08-04T04:00:00+00:00,KXFED-27JAN-T0.75,0.9300,0.9600,,0.00,,523.99
2026-08-05T04:00:00+00:00,KXFED-27JAN-T0.75,0.9400,0.9600,,0.00,,523.99
2026-08-06T04:00:00+00:00,KXFED-27JAN-T0.75,0.9300,0.9600,,0.00,,523.99
2026-08-07T04:00:00+00:00,KXFED-27JAN-T0.75,0.9300,0.9600,,0.00,,523.99
2026-08-08T04:00:00+00:00,KXFED-27JAN-T0.75,0.9300,0.9700,,0.00,,523.99
2026-08-11T04:00:00+00:00,KXFED-27JAN-T0.75,0.9300,0.9700,,0.00,,523.99
2026-08-12T04:00:00+00:00,KXFED-27JAN-T0.75,0.9300,0.9700,,0.00,,523.99
2026-08-13T04:00:00+00:00,KXFED-27JAN-T0.75,0.9400,0.9600,0.9200,63.00,,562.17
2026-08-14T04:00:00+00:00,KXFED-27JAN-T0.75,0.9300,0.9500,0.9500,41.00,,592.17
2026-08-15T04:00:00+00:00,KXFED-27JAN-T0.75,0.9300,0.9500,,0.00,,592.17
2026-08-17T04:00:00+00:00,KXFED-27JAN-T0.75,0.9400,0.9500,,0.00,,592.17
2026-08-18T04:00:00+00:00,KXFED-27JAN-T0.75,0.9300,0.9500,0.9300,2.00,,592.17
2026-08-19T04:00:00+00:00,KXFED-27JAN-T0.75,0.9300,0.9400,,0.00,,592.17
2026-08-20T04:00:00+00:00,KXFED-27JAN-T0.75,0.9300,0.9400,,0.00,,592.17
2026-08-21T04:00:00+00:00,KXFED-27JAN-T0.75,0.9300,0.9400,,0.00,,592.17
2026-08-22T04:00:00+00:00,KXFED-27JAN-T0.75,0.9300,0.9500,,0.00,,592.17
2026-08-23T04:00:00+00:00,KXFED-27JAN-T0.75,0.9300,0.9500,,0.00,,592.17
2026-08-24T04:00:00+00:00,KXFED-27JAN-T0.75,0.9300,0.9500,,0.00,,592.17
2026-08-25T04:00:00+00:00,KXFED-27JAN-T0.75,0.9300,0.9500,,0.00,,592.17
2026-08-26T04:00:00+00:00,KXFED-27JAN-T0.75,0.9300,0.9500,,0.00,,592.17
2026-08-27T04:00:00+00:00,KXFED-27JAN-T0.75,0.9300,0.9400,,0.00,,592.17
2026-08-28T04:00:00+00:00,KXFED-27JAN-T0.75,0.9300,0.9500,,0.00,,592.17
2026-08-29T04:00:00+00:00,KXFED-27JAN-T0.75,0.9300,0.9500,,0.00,,592.17
2026-08-30T04:00:00+00:00,KXFED-27JAN-T0.75,0.9300,0.9500,,0.00,,592.17
2026-08-31T04:00:00+00:00,KXFED-27JAN-T0.75,0.9200,0.9600,,0.00,,592.17
2026-09-01T04:00:00+00:00,KXFED-27JAN-T0.75,0.9300,0.9600,0.9600,1.00,,591.17
2026-09-02T04:00:00+00:00,KXFED-27JAN-T0.75,0.9300,0.9500,,0.00,,591.17
2026-09-03T04:00:00+00:00,KXFED-27JAN-T0.75,0.9300,0.9600,0.9600,1.00,,591.17
2026-09-04T04:00:00+00:00,KXFED-27JAN-T0.75,0.9300,0.9600,0.9600,27.50,,603.85
2026-09-05T04:00:00+00:00,KXFED-27JAN-T0.75,0.9400,0.9600,,0.00,,603.85
2026-09-06T04:00:00+00:00,KXFED-27JAN-T0.75,0.9400,0.9600,,0.00,,603.85
2026-09-07T04:00:00+00:00,KXFED-27JAN-T0.75,0.9400,0.9600,,0.00,,603.85
2026-09-08T04:00:00+00:00,KXFED-27JAN-T0.75,0.9500,0.9600,0.9800,102.00,,544.85
2026-09-09T04:00:00+00:00,KXFED-27JAN-T0.75,0.9400,0.9700,,0.00,,544.85
2026-09-10T04:00:00+00:00,KXFED-27JAN-T0.75,0.9400,0.9700,,0.00,,544.85
2026-09-11T04:00:00+00:00,KXFED-27JAN-T0.75,0.9500,0.9800,,0.00,,544.85
2026-09-12T04:00:00+00:00,KXFED-27JAN-T0.75,0.9500,0.9800,,0.00,,544.85
2026-09-13T04:00:00+00:00,KXFED-27JAN-T0.75,0.9400,0.9800,,0.00,,544.85
2026-09-14T04:00:00+00:00,KXFED-27JAN-T0.75,0.9500,0.9600,,0.00,,544.85
2026-09-15T04:00:00+00:00,KXFED-27JAN-T0.75,0.9500,0.9600,,0.00,,544.85
2026-09-16T04:00:00+00:00,KXFED-27JAN-T0.75,0.9500,0.9700,,0.00,,544.85
2026-09-17T04:00:00+00:00,KXFED-27JAN-T0.75,0.9500,0.9800,0.9700,30.00,,538.70
2026-09-18T04:00:00+00:00,KXFED-27JAN-T0.75,0.9500,0.9800,,0.00,,538.70
2026-09-19T04:00:00+00:00,KXFED-27JAN-T0.75,0.9500,0.9800,,0.00,,538.70
2026-08-02T04:00:00+00:00,KXFED-27JAN-T0.50,0.9000,0.9600,,0.00,,710.01
2026-08-03T04:00:00+00:00,KXFED-27JAN-T0.50,0.9000,0.9600,,0.00,,710.01
2026-08-04T04:00:00+00:00,KXFED-27JAN-T0.50,0.8900,0.9600,,0.00,,710.01
2026-08-05T04:00:00+00:00,KXFED-27JAN-T0.50,0.8900,0.9600,0.8900,32.00,,684.01
2026-08-06T04:00:00+00:00,KXFED-27JAN-T0.50,0.9000,0.9500,,0.00,,684.01
2026-08-07T04:00:00+00:00,KXFED-27JAN-T0.50,0.8900,0.9600,,0.00,,684.01
2026-08-08T04:00:00+00:00,KXFED-27JAN-T0.50,0.9500,0.9600,0.9600,300.00,,978.01
2026-08-11T04:00:00+00:00,KXFED-27JAN-T0.50,0.9500,0.9600,,0.00,,978.01
2026-08-12T04:00:00+00:00,KXFED-27JAN-T0.50,0.9000,0.9600,,0.00,,978.01
2026-08-13T04:00:00+00:00,KXFED-27JAN-T0.50,0.9400,0.9600,,0.00,,978.01
2026-08-14T04:00:00+00:00,KXFED-27JAN-T0.50,0.9400,0.9600,0.9600,127.00,,1078.01
2026-08-15T04:00:00+00:00,KXFED-27JAN-T0.50,0.9400,0.9600,,0.00,,1078.01
2026-08-16T04:00:00+00:00,KXFED-27JAN-T0.50,0.9400,0.9600,,0.00,,1078.01
2026-08-17T04:00:00+00:00,KXFED-27JAN-T0.50,0.9400,0.9600,,0.00,,1078.01
2026-08-18T04:00:00+00:00,KXFED-27JAN-T0.50,0.9400,0.9600,,0.00,,1078.01
2026-08-19T04:00:00+00:00,KXFED-27JAN-T0.50,0.9400,0.9600,,0.00,,1078.01
2026-08-20T04:00:00+00:00,KXFED-27JAN-T0.50,0.9400,0.9600,,0.00,,1078.01
2026-08-21T04:00:00+00:00,KXFED-27JAN-T0.50,0.9400,0.9600,,0.00,,1078.01
2026-08-22T04:00:00+00:00,KXFED-27JAN-T0.50,0.9400,0.9600,,0.00,,1078.01
2026-08-23T04:00:00+00:00,KXFED-27JAN-T0.50,0.9000,0.9600,,0.00,,1078.01
2026-08-24T04:00:00+00:00,KXFED-27JAN-T0.50,0.9400,0.9600,,0.00,,1078.01
2026-08-25T04:00:00+00:00,KXFED-27JAN-T0.50,0.9400,0.9600,,0.00,,1078.01
2026-08-26T04:00:00+00:00,KXFED-27JAN-T0.50,0.9400,0.9600,,0.00,,1078.01
2026-08-27T04:00:00+00:00,KXFED-27JAN-T0.50,0.9300,0.9600,,0.00,,1078.01
2026-08-28T04:00:00+00:00,KXFED-27JAN-T0.50,0.9400,0.9600,,0.00,,1078.01
2026-08-29T04:00:00+00:00,KXFED-27JAN-T0.50,0.9400,0.9600,,0.00,,1078.01
2026-08-30T04:00:00+00:00,KXFED-27JAN-T0.50,0.9300,0.9600,,0.00,,1078.01
2026-08-31T04:00:00+00:00,KXFED-27JAN-T0.50,0.8800,0.9600,,0.00,,1078.01
2026-09-01T04:00:00+00:00,KXFED-27JAN-T0.50,0.9300,0.9600,0.9600,1.00,,1078.01
2026-09-02T04:00:00+00:00,KXFED-27JAN-T0.50,0.9400,0.9600,,0.00,,1078.01
2026-09-03T04:00:00+00:00,KXFED-27JAN-T0.50,0.9500,0.9600,0.9600,429.00,,1507.01
2026-09-04T04:00:00+00:00,KXFED-27JAN-T0.50,0.9400,0.9600,0.9600,30.00,,1537.01
2026-09-05T04:00:00+00:00,KXFED-27JAN-T0.50,0.9500,0.9600,,0.00,,1537.01
2026-09-06T04:00:00+00:00,KXFED-27JAN-T0.50,0.9300,0.9600,,0.00,,1537.01
2026-09-07T04:00:00+00:00,KXFED-27JAN-T0.50,0.9400,0.9600,,0.00,,1537.01
2026-09-08T04:00:00+00:00,KXFED-27JAN-T0.50,0.9500,0.9700,,0.00,,1537.01
2026-09-09T04:00:00+00:00,KXFED-27JAN-T0.50,0.9600,0.9700,0.9600,78.00,,1529.01
2026-09-10T04:00:00+00:00,KXFED-27JAN-T0.50,0.9600,0.9700,,0.00,,1529.01
2026-09-11T04:00:00+00:00,KXFED-27JAN-T0.50,0.9700,0.9800,,0.00,,1529.01
2026-09-12T04:00:00+00:00,KXFED-27JAN-T0.50,0.9500,0.9800,,0.00,,1529.01
2026-09-13T04:00:00+00:00,KXFED-27JAN-T0.50,0.9500,0.9800,,0.00,,1529.01
2026-09-14T04:00:00+00:00,KXFED-27JAN-T0.50,0.9500,0.9700,,0.00,,1529.01
2026-09-15T04:00:00+00:00,KXFED-27JAN-T0.50,0.9500,0.9700,,0.00,,1529.01
2026-09-16T04:00:00+00:00,KXFED-27JAN-T0.50,0.9600,0.9700,,0.00,,1529.01
2026-09-17T04:00:00+00:00,KXFED-27JAN-T0.50,0.9600,0.9800,0.9700,30.00,,1536.79
2026-09-18T04:00:00+00:00,KXFED-27JAN-T0.50,0.9500,0.9800,,0.00,,1536.79
2026-08-02T04:00:00+00:00,KXFED-27JAN-T0.25,0.9100,0.9800,,0.00,,458.99
2026-08-03T04:00:00+00:00,KXFED-27JAN-T0.25,0.9100,0.9800,,0.00,,458.99
2026-08-04T04:00:00+00:00,KXFED-27JAN-T0.25,0.9100,0.9800,,0.00,,458.99
2026-08-05T04:00:00+00:00,KXFED-27JAN-T0.25,0.9100,0.9800,,0.00,,458.99
2026-08-06T04:00:00+00:00,KXFED-27JAN-T0.25,0.9100,0.9800,,0.00,,458.99
2026-08-07T04:00:00+00:00,KXFED-27JAN-T0.25,0.9200,0.9700,,0.00,,458.99
2026-08-08T04:00:00+00:00,KXFED-27JAN-T0.25,0.9400,0.9700,0.9700,109.00,,567.99
2026-08-11T04:00:00+00:00,KXFED-27JAN-T0.25,0.9100,0.9700,,0.00,,567.99
2026-08-12T04:00:00+00:00,KXFED-27JAN-T0.25,0.9100,0.9700,,0.00,,567.99
2026-08-13T04:00:00+00:00,KXFED-27JAN-T0.25,0.9200,0.9700,,0.00,,567.99
2026-08-14T04:00:00+00:00,KXFED-27JAN-T0.25,0.9100,0.9800,,0.00,,567.99
2026-08-15T04:00:00+00:00,KXFED-27JAN-T0.25,0.9100,0.9800,,0.00,,567.99
2026-08-16T04:00:00+00:00,KXFED-27JAN-T0.25,0.9100,0.9800,,0.00,,567.99
2026-08-17T04:00:00+00:00,KXFED-27JAN-T0.25,0.9100,0.9800,,0.00,,567.99
2026-08-18T04:00:00+00:00,KXFED-27JAN-T0.25,0.9100,0.9800,,0.00,,567.99
2026-08-19T04:00:00+00:00,KXFED-27JAN-T0.25,0.9100,0.9800,,0.00,,567.99
2026-08-20T04:00:00+00:00,KXFED-27JAN-T0.25,0.9100,0.9800,,0.00,,567.99
2026-08-21T04:00:00+00:00,KXFED-27JAN-T0.25,0.9100,0.9800,,0.00,,567.99
2026-08-22T04:00:00+00:00,KXFED-27JAN-T0.25,0.9100,0.9800,,0.00,,567.99
2026-08-23T04:00:00+00:00,KXFED-27JAN-T0.25,0.9100,0.9800,,0.00,,567.99
2026-08-24T04:00:00+00:00,KXFED-27JAN-T0.25,0.9100,0.9800,,0.00,,567.99
2026-08-25T04:00:00+00:00,KXFED-27JAN-T0.25,0.9100,0.9800,,0.00,,567.99
2026-08-27T04:00:00+00:00,KXFED-27JAN-T0.25,0.9100,0.9800,,0.00,,567.99
2026-08-28T04:00:00+00:00,KXFED-27JAN-T0.25,0.9100,0.9800,,0.00,,567.99
2026-08-30T04:00:00+00:00,KXFED-27JAN-T0.25,0.9100,0.9800,,0.00,,567.99
2026-08-31T04:00:00+00:00,KXFED-27JAN-T0.25,0.9100,0.9800,,0.00,,567.99
2026-09-01T04:00:00+00:00,KXFED-27JAN-T0.25,0.9200,0.9800,0.9900,1.00,,567.99
2026-09-02T04:00:00+00:00,KXFED-27JAN-T0.25,0.9300,0.9800,,0.00,,567.99
2026-09-03T04:00:00+00:00,KXFED-27JAN-T0.25,0.9300,0.9700,0.9700,58.00,,625.99
2026-09-04T04:00:00+00:00,KXFED-27JAN-T0.25,0.9300,0.9700,,0.00,,625.99
2026-09-05T04:00:00+00:00,KXFED-27JAN-T0.25,0.9200,0.9700,,0.00,,625.99
2026-09-06T04:00:00+00:00,KXFED-27JAN-T0.25,0.9200,0.9700,,0.00,,625.99
2026-09-07T04:00:00+00:00,KXFED-27JAN-T0.25,0.9200,0.9700,,0.00,,625.99
2026-09-08T04:00:00+00:00,KXFED-27JAN-T0.25,0.9300,0.9700,,0.00,,625.99
2026-09-09T04:00:00+00:00,KXFED-27JAN-T0.25,0.9300,0.9800,,0.00,,625.99
2026-09-10T04:00:00+00:00,KXFED-27JAN-T0.25,0.9300,0.9700,,0.00,,625.99
2026-09-11T04:00:00+00:00,KXFED-27JAN-T0.25,0.9400,0.9800,,0.00,,625.99
2026-09-12T04:00:00+00:00,KXFED-27JAN-T0.25,0.9400,0.9900,,0.00,,625.99
2026-09-13T04:00:00+00:00,KXFED-27JAN-T0.25,0.9300,0.9900,,0.00,,625.99
2026-09-14T04:00:00+00:00,KXFED-27JAN-T0.25,0.9600,0.9700,,0.00,,625.99
2026-09-16T04:00:00+00:00,KXFED-27JAN-T0.25,0.9400,0.9800,0.9800,1.00,,625.99
2026-09-17T04:00:00+00:00,KXFED-27JAN-T0.25,0.9400,0.9900,0.9800,30.00,,625.99
2026-09-18T04:00:00+00:00,KXFED-27JAN-T0.25,0.9500,0.9900,,0.00,,625.99
2026-08-02T04:00:00+00:00,KXFED-27JAN-T0.00,0.9600,0.9800,,0.00,,505.18
2026-08-04T04:00:00+00:00,KXFED-27JAN-T0.00,0.9600,0.9800,,0.00,,505.18
2026-08-05T04:00:00+00:00,KXFED-27JAN-T0.00,0.9500,0.9800,0.9800,0.10,,505.18
2026-08-06T04:00:00+00:00,KXFED-27JAN-T0.00,0.9700,0.9800,,0.00,,505.18
2026-08-07T04:00:00+00:00,KXFED-27JAN-T0.00,0.9700,0.9800,,0.00,,505.18
2026-08-08T04:00:00+00:00,KXFED-27JAN-T0.00,0.9700,0.9800,,0.00,,505.18
2026-08-11T04:00:00+00:00,KXFED-27JAN-T0.00,0.9700,0.9800,,0.00,,505.18
2026-08-12T04:00:00+00:00,KXFED-27JAN-T0.00,0.9700,0.9800,,0.00,,505.18
2026-08-13T04:00:00+00:00,KXFED-27JAN-T0.00,0.9700,0.9800,,0.00,,505.18
2026-08-14T04:00:00+00:00,KXFED-27JAN-T0.00,0.9700,0.9800,,0.00,,505.18
2026-08-15T04:00:00+00:00,KXFED-27JAN-T0.00,0.9700,0.9800,,0.00,,505.18
2026-08-16T04:00:00+00:00,KXFED-27JAN-T0.00,0.9700,0.9800,,0.00,,505.18
2026-08-19T04:00:00+00:00,KXFED-27JAN-T0.00,0.9700,0.9800,,0.00,,505.18
2026-08-20T04:00:00+00:00,KXFED-27JAN-T0.00,0.9700,0.9800,,0.00,,505.18
2026-08-21T04:00:00+00:00,KXFED-27JAN-T0.00,0.9700,0.9800,,0.00,,505.18
2026-08-22T04:00:00+00:00,KXFED-27JAN-T0.00,0.9700,0.9800,,0.00,,505.18
2026-08-23T04:00:00+00:00,KXFED-27JAN-T0.00,0.9700,0.9800,,0.00,,505.18
2026-08-24T04:00:00+00:00,KXFED-27JAN-T0.00,0.9700,0.9800,,0.00,,505.18
2026-08-25T04:00:00+00:00,KXFED-27JAN-T0.00,0.9700,0.9800,,0.00,,505.18
2026-08-27T04:00:00+00:00,KXFED-27JAN-T0.00,0.9700,0.9800,,0.00,,505.18
2026-08-28T04:00:00+00:00,KXFED-27JAN-T0.00,0.9700,0.9800,,0.00,,505.18
2026-08-29T04:00:00+00:00,KXFED-27JAN-T0.00,0.9700,0.9800,,0.00,,505.18
2026-08-30T04:00:00+00:00,KXFED-27JAN-T0.00,0.9700,0.9800,,0.00,,505.18
2026-08-31T04:00:00+00:00,KXFED-27JAN-T0.00,0.9700,0.9900,,0.00,,505.18
2026-09-01T04:00:00+00:00,KXFED-27JAN-T0.00,0.9700,0.9800,,0.00,,505.18
2026-09-02T04:00:00+00:00,KXFED-27JAN-T0.00,0.9700,0.9800,,0.00,,505.18
2026-09-03T04:00:00+00:00,KXFED-27JAN-T0.00,0.9700,0.9900,,0.00,,505.18
2026-09-04T04:00:00+00:00,KXFED-27JAN-T0.00,0.9700,0.9800,,0.00,,505.18
2026-09-05T04:00:00+00:00,KXFED-27JAN-T0.00,0.9700,0.9800,,0.00,,505.18
2026-09-06T04:00:00+00:00,KXFED-27JAN-T0.00,0.9700,0.9800,,0.00,,505.18
2026-09-07T04:00:00+00:00,KXFED-27JAN-T0.00,0.9700,0.9800,,0.00,,505.18
2026-09-08T04:00:00+00:00,KXFED-27JAN-T0.00,0.9700,0.9800,,0.00,,505.18
2026-09-09T04:00:00+00:00,KXFED-27JAN-T0.00,0.9800,0.9900,,0.00,,505.18
2026-09-10T04:00:00+00:00,KXFED-27JAN-T0.00,0.9700,0.9800,,0.00,,505.18
2026-09-11T04:00:00+00:00,KXFED-27JAN-T0.00,0.9800,0.9900,,0.00,,505.18
2026-09-12T04:00:00+00:00,KXFED-27JAN-T0.00,0.9800,0.9900,,0.00,,505.18
2026-09-13T04:00:00+00:00,KXFED-27JAN-T0.00,0.9700,0.9900,,0.00,,505.18
2026-09-14T04:00:00+00:00,KXFED-27JAN-T0.00,0.9700,0.9800,0.9900,49.02,,526.18
2026-09-15T04:00:00+00:00,KXFED-27JAN-T0.00,0.9700,0.9800,,0.00,,526.18
2026-09-16T04:00:00+00:00,KXFED-27JAN-T0.00,0.9700,0.9800,0.9800,264.00,,789.18
2026-09-17T04:00:00+00:00,KXFED-27JAN-T0.00,0.9700,0.9900,0.9800,32.00,,805.08
2026-09-18T04:00:00+00:00,KXFED-27JAN-T0.00,0.9700,0.9900,,0.00,,805.08
2026-08-02T04:00:00+00:00,KXFED-26DEC-T5.25,0.0000,0.0200,,0.00,,680.86
2026-08-03T04:00:00+00:00,KXFED-26DEC-T5.25,0.0000,0.0200,,0.00,,680.86
2026-08-04T04:00:00+00:00,KXFED-26DEC-T5.25,0.0000,0.0100,,0.00,,680.86
2026-08-05T04:00:00+00:00,KXFED-26DEC-T5.25,0.0000,0.0200,,0.00,,680.86
2026-08-06T04:00:00+00:00,KXFED-26DEC-T5.25,0.0000,0.0100,,0.00,,680.86
2026-08-07T04:00:00+00:00,KXFED-26DEC-T5.25,0.0000,0.0200,,0.00,,680.86
2026-08-08T04:00:00+00:00,KXFED-26DEC-T5.25,0.0000,0.0200,,0.00,,680.86
2026-08-09T04:00:00+00:00,KXFED-26DEC-T5.25,0.0000,0.0100,,0.00,,680.86
2026-08-10T04:00:00+00:00,KXFED-26DEC-T5.25,0.0000,0.0100,,0.00,,680.86
2026-08-11T04:00:00+00:00,KXFED-26DEC-T5.25,0.0000,0.0100,,0.00,,680.86
2026-08-12T04:00:00+00:00,KXFED-26DEC-T5.25,0.0000,0.0100,,0.00,,680.86
2026-08-13T04:00:00+00:00,KXFED-26DEC-T5.25,0.0000,0.0100,,0.00,,680.86
2026-08-14T04:00:00+00:00,KXFED-26DEC-T5.25,0.0000,0.0100,,0.00,,680.86
2026-08-15T04:00:00+00:00,KXFED-26DEC-T5.25,0.0000,0.0100,,0.00,,680.86
2026-08-17T04:00:00+00:00,KXFED-26DEC-T5.25,0.0000,0.0100,,0.00,,680.86
2026-08-19T04:00:00+00:00,KXFED-26DEC-T5.25,0.0000,0.0100,,0.00,,680.86
2026-08-20T04:00:00+00:00,KXFED-26DEC-T5.25,0.0000,0.0100,,0.00,,680.86
2026-08-21T04:00:00+00:00,KXFED-26DEC-T5.25,0.0000,0.0100,,0.00,,680.86
2026-08-22T04:00:00+00:00,KXFED-26DEC-T5.25,0.0000,0.0100,,0.00,,680.86
2026-08-26T04:00:00+00:00,KXFED-26DEC-T5.25,0.0000,0.0100,,0.00,,680.86
2026-08-27T04:00:00+00:00,KXFED-26DEC-T5.25,0.0000,0.0100,,0.00,,680.86
2026-08-28T04:00:00+00:00,KXFED-26DEC-T5.25,0.0000,0.0100,,0.00,,680.86
2026-09-01T04:00:00+00:00,KXFED-26DEC-T5.25,0.0000,0.0100,,0.00,,680.86
2026-09-02T04:00:00+00:00,KXFED-26DEC-T5.25,0.0000,0.0100,,0.00,,680.86
2026-09-03T04:00:00+00:00,KXFED-26DEC-T5.25,0.0000,0.0100,,0.00,,680.86
2026-09-04T04:00:00+00:00,KXFED-26DEC-T5.25,0.0000,0.0100,,0.00,,680.86
2026-09-10T04:00:00+00:00,KXFED-26DEC-T5.25,0.0000,0.0100,,0.00,,680.86
2026-09-17T04:00:00+00:00,KXFED-26DEC-T5.25,0.0000,0.0100,,0.00,,680.86
2026-09-18T04:00:00+00:00,KXFED-26DEC-T5.25,0.0000,0.0100,,0.00,,680.86
2026-09-19T04:00:00+00:00,KXFED-26DEC-T5.25,0.0000,0.0100,,0.00,,680.86
2026-08-02T04:00:00+00:00,KXFED-26DEC-T5.00,0.0100,0.0200,,0.00,,628.32
2026-08-03T04:00:00+00:00,KXFED-26DEC-T5.00,0.0100,0.0200,,0.00,,628.32
2026-08-04T04:00:00+00:00,KXFED-26DEC-T5.00,0.0100,0.0200,,0.00,,628.32
2026-08-05T04:00:00+00:00,KXFED-26DEC-T5.00,0.0100,0.0200,,0.00,,628.32
2026-08-06T04:00:00+00:00,KXFED-26DEC-T5.00,0.0100,0.0200,,0.00,,628.32
2026-08-07T04:00:00+00:00,KXFED-26DEC-T5.00,0.0200,0.0300,,0.00,,628.32
2026-08-08T04:00:00+00:00,KXFED-26DEC-T5.00,0.0200,0.0300,,0.00,,628.32
2026-08-09T04:00:00+00:00,KXFED-26DEC-T5.00,0.0200,0.0300,0.0200,3.62,,625.32
2026-08-10T04:00:00+00:00,KXFED-26DEC-T5.00,0.0200,0.0300,,0.00,,625.32
2026-08-11T04:00:00+00:00,KXFED-26DEC-T5.00,0.0000,0.0100,0.0100,312.00,,930.86
2026-08-12T04:00:00+00:00,KXFED-26DEC-T5.00,0.0000,0.0100,,0.00,,930.86
2026-08-13T04:00:00+00:00,KXFED-26DEC-T5.00,0.0000,0.0100,0.0200,39.00,,969.86
2026-08-14T04:00:00+00:00,KXFED-26DEC-T5.00,0.0000,0.0100,,0.00,,969.86
2026-08-15T04:00:00+00:00,KXFED-26DEC-T5.00,0.0000,0.0100,,0.00,,969.86
2026-08-16T04:00:00+00:00,KXFED-26DEC-T5.00,0.0000,0.0100,,0.00,,969.86
2026-08-18T04:00:00+00:00,KXFED-26DEC-T5.00,0.0000,0.0100,,0.00,,969.86
2026-08-19T04:00:00+00:00,KXFED-26DEC-T5.00,0.0000,0.0100,,0.00,,969.86
2026-08-20T04:00:00+00:00,KXFED-26DEC-T5.00,0.0000,0.0100,,0.00,,969.86
2026-08-21T04:00:00+00:00,KXFED-26DEC-T5.00,0.0000,0.0100,,0.00,,969.86
2026-08-22T04:00:00+00:00,KXFED-26DEC-T5.00,0.0000,0.0100,,0.00,,969.86
2026-08-23T04:00:00+00:00,KXFED-26DEC-T5.00,0.0000,0.0100,,0.00,,969.86
2026-08-26T04:00:00+00:00,KXFED-26DEC-T5.00,0.0000,0.0100,,0.00,,969.86
2026-08-27T04:00:00+00:00,KXFED-26DEC-T5.00,0.0000,0.0100,,0.00,,969.86
2026-08-28T04:00:00+00:00,KXFED-26DEC-T5.00,0.0000,0.0100,,0.00,,969.86
2026-08-29T04:00:00+00:00,KXFED-26DEC-T5.00,0.0000,0.0100,,0.00,,969.86
2026-08-30T04:00:00+00:00,KXFED-26DEC-T5.00,0.0000,0.0100,,0.00,,969.86
2026-08-31T04:00:00+00:00,KXFED-26DEC-T5.00,0.0000,0.0100,,0.00,,969.86
2026-09-01T04:00:00+00:00,KXFED-26DEC-T5.00,0.0000,0.0200,,0.00,,969.86
2026-09-02T04:00:00+00:00,KXFED-26DEC-T5.00,0.0000,0.0200,,0.00,,969.86
2026-09-03T04:00:00+00:00,KXFED-26DEC-T5.00,0.0000,0.0200,,0.00,,969.86
2026-09-04T04:00:00+00:00,KXFED-26DEC-T5.00,0.0000,0.0200,,0.00,,969.86
2026-09-05T04:00:00+00:00,KXFED-26DEC-T5.00,0.0000,0.0200,0.0200,154.00,,969.86
2026-09-06T04:00:00+00:00,KXFED-26DEC-T5.00,0.0000,0.0200,,0.00,,969.86
2026-09-07T04:00:00+00:00,KXFED-26DEC-T5.00,0.0000,0.0200,,0.00,,969.86
2026-09-08T04:00:00+00:00,KXFED-26DEC-T5.00,0.0000,0.0200,,0.00,,969.86
2026-09-10T04:00:00+00:00,KXFED-26DEC-T5.00,0.0000,0.0200,,0.00,,969.86
2026-09-11T04:00:00+00:00,KXFED-26DEC-T5.00,0.0000,0.0200,,0.00,,969.86
2026-09-12T04:00:00+00:00,KXFED-26DEC-T5.00,0.0000,0.0200,,0.00,,969.86
2026-09-15T04:00:00+00:00,KXFED-26DEC-T5.00,0.0000,0.0200,,0.00,,969.86
2026-09-17T04:00:00+00:00,KXFED-26DEC-T5.00,0.0000,0.0200,,0.00,,969.86
2026-09-19T04:00:00+00:00,KXFED-26DEC-T5.00,0.0000,0.0200,,0.00,,969.86
2026-08-02T04:00:00+00:00,KXFED-26DEC-T4.75,0.0100,0.0200,,0.00,,427.04
2026-08-03T04:00:00+00:00,KXFED-26DEC-T4.75,0.0100,0.0200,,0.00,,427.04
2026-08-04T04:00:00+00:00,KXFED-26DEC-T4.75,0.0100,0.0200,,0.00,,427.04
2026-08-05T04:00:00+00:00,KXFED-26DEC-T4.75,0.0100,0.0200,0.0200,12.04,,427.04
2026-08-06T04:00:00+00:00,KXFED-26DEC-T4.75,0.0100,0.0200,,0.00,,427.04
2026-08-07T04:00:00+00:00,KXFED-26DEC-T4.75,0.0100,0.0200,,0.00,,427.04
2026-08-08T04:00:00+00:00,KXFED-26DEC-T4.75,0.0100,0.0200,,0.00,,427.04
2026-08-09T04:00:00+00:00,KXFED-26DEC-T4.75,0.0100,0.0200,,0.00,,427.04
2026-08-10T04:00:00+00:00,KXFED-26DEC-T4.75,0.0100,0.0200,,0.00,,427.04
2026-08-11T04:00:00+00:00,KXFED-26DEC-T4.75,0.0100,0.0200,,0.00,,427.04
2026-08-12T04:00:00+00:00,KXFED-26DEC-T4.75,0.0100,0.0200,0.0100,1.00,,428.04
2026-08-13T04:00:00+00:00,KXFED-26DEC-T4.75,0.0100,0.0200,,0.00,,428.04
2026-08-14T04:00:00+00:00,KXFED-26DEC-T4.75,0.0100,0.0200,,0.00,,428.04
2026-08-15T04:00:00+00:00,KXFED-26DEC-T4.75,0.0100,0.0200,,0.00,,428.04
2026-08-17T04:00:00+00:00,KXFED-26DEC-T4.75,0.0100,0.0200,0.0100,1.00,,428.04
2026-08-18T04:00:00+00:00,KXFED-26DEC-T4.75,0.0100,0.0200,,0.00,,428.04
2026-08-19T04:00:00+00:00,KXFED-26DEC-T4.75,0.0100,0.0200,,0.00,,428.04
2026-08-20T04:00:00+00:00,KXFED-26DEC-T4.75,0.0000,0.0100,0.0100,947.04,,1343.04
2026-08-21T04:00:00+00:00,KXFED-26DEC-T4.75,0.0000,0.0100,,0.00,,1343.04
2026-08-22T04:00:00+00:00,KXFED-26DEC-T4.75,0.0000,0.0100,,0.00,,1343.04
2026-08-25T04:00:00+00:00,KXFED-26DEC-T4.75,0.0000,0.0100,,0.00,,1343.04
2026-08-26T04:00:00+00:00,KXFED-26DEC-T4.75,0.0000,0.0100,,0.00,,1343.04
2026-08-27T04:00:00+00:00,KXFED-26DEC-T4.75,0.0000,0.0100,,0.00,,1343.04
2026-08-28T04:00:00+00:00,KXFED-26DEC-T4.75,0.0000,0.0100,,0.00,,1343.04
2026-08-29T04:00:00+00:00,KXFED-26DEC-T4.75,0.0000,0.0200,,0.00,,1343.04
2026-08-30T04:00:00+00:00,KXFED-26DEC-T4.75,0.0000,0.0200,,0.00,,1343.04
2026-08-31T04:00:00+00:00,KXFED-26DEC-T4.75,0.0000,0.0200,,0.00,,1343.04
2026-09-01T04:00:00+00:00,KXFED-26DEC-T4.75,0.0000,0.0200,,0.00,,1343.04
2026-09-05T04:00:00+00:00,KXFED-26DEC-T4.75,0.0000,0.0200,,0.00,,1343.04
2026-09-07T04:00:00+00:00,KXFED-26DEC-T4.75,0.0000,0.0200,,0.00,,1343.04
2026-09-12T04:00:00+00:00,KXFED-26DEC-T4.75,0.0000,0.0200,,0.00,,1343.04
2026-09-15T04:00:00+00:00,KXFED-26DEC-T4.75,0.0000,0.0200,,0.00,,1343.04
2026-09-17T04:00:00+00:00,KXFED-26DEC-T4.75,0.0000,0.0100,,0.00,,1343.04
2026-09-18T04:00:00+00:00,KXFED-26DEC-T4.75,0.0000,0.0100,,0.00,,1343.04
2026-08-02T04:00:00+00:00,KXFED-26DEC-T4.50,0.0100,0.0400,,0.00,,678.00
2026-08-03T04:00:00+00:00,KXFED-26DEC-T4.50,0.0100,0.0400,,0.00,,678.00
2026-08-04T04:00:00+00:00,KXFED-26DEC-T4.50,0.0200,0.0300,,0.00,,678.00
2026-08-05T04:00:00+00:00,KXFED-26DEC-T4.50,0.0200,0.0300,,0.00,,678.00
2026-08-06T04:00:00+00:00,KXFED-26DEC-T4.50,0.0200,0.0300,,0.00,,678.00
2026-08-07T04:00:00+00:00,KXFED-26DEC-T4.50,0.0200,0.0300,,0.00,,678.00
2026-08-08T04:00:00+00:00,KXFED-26DEC-T4.50,0.0200,0.0300,,0.00,,678.00
2026-08-09T04:00:00+00:00,KXFED-26DEC-T4.50,0.0200,0.0300,0.0200,1.00,,677.00
2026-08-10T04:00:00+00:00,KXFED-26DEC-T4.50,0.0200,0.0300,,0.00,,677.00
2026-08-11T04:00:00+00:00,KXFED-26DEC-T4.50,0.0200,0.0300,,0.00,,677.00
2026-08-12T04:00:00+00:00,KXFED-26DEC-T4.50,0.0200,0.0300,0.0200,2.00,,676.00
2026-08-13T04:00:00+00:00,KXFED-26DEC-T4.50,0.0200,0.0300,,0.00,,676.00
2026-08-14T04:00:00+00:00,KXFED-26DEC-T4.50,0.0200,0.0300,,0.00,,676.00
2026-08-15T04:00:00+00:00,KXFED-26DEC-T4.50,0.0200,0.0300,,0.00,,676.00
2026-08-17T04:00:00+00:00,KXFED-26DEC-T4.50,0.0200,0.0300,0.0300,1.00,,675.00
2026-08-19T04:00:00+00:00,KXFED-26DEC-T4.50,0.0200,0.0300,,0.00,,675.00
2026-08-20T04:00:00+00:00,KXFED-26DEC-T4.50,0.0100,0.0200,0.0200,3.00,,675.00
2026-08-21T04:00:00+00:00,KXFED-26DEC-T4.50,0.0000,0.0100,0.0100,805.00,,1476.00
2026-08-22T04:00:00+00:00,KXFED-26DEC-T4.50,0.0000,0.0100,,0.00,,1476.00
2026-08-24T04:00:00+00:00,KXFED-26DEC-T4.50,0.0000,0.0100,,0.00,,1476.00
2026-08-26T04:00:00+00:00,KXFED-26DEC-T4.50,0.0000,0.0100,,0.00,,1476.00
2026-08-27T04:00:00+00:00,KXFED-26DEC-T4.50,0.0000,0.0100,,0.00,,1476.00
2026-08-28T04:00:00+00:00,KXFED-26DEC-T4.50,0.0000,0.0100,,0.00,,1476.00
2026-08-29T04:00:00+00:00,KXFED-26DEC-T4.50,0.0000,0.0100,,0.00,,1476.00
2026-08-30T04:00:00+00:00,KXFED-26DEC-T4.50,0.0000,0.0100,,0.00,,1476.00
2026-09-01T04:00:00+00:00,KXFED-26DEC-T4.50,0.0000,0.0100,,0.00,,1476.00
2026-09-02T04:00:00+00:00,KXFED-26DEC-T4.50,0.0000,0.0100,,0.00,,1476.00
2026-09-03T04:00:00+00:00,KXFED-26DEC-T4.50,0.0000,0.0100,,0.00,,1476.00
2026-09-04T04:00:00+00:00,KXFED-26DEC-T4.50,0.0000,0.0100,,0.00,,1476.00
2026-09-05T04:00:00+00:00,KXFED-26DEC-T4.50,0.0000,0.0100,,0.00,,1476.00
2026-09-06T04:00:00+00:00,KXFED-26DEC-T4.50,0.0000,0.0100,,0.00,,1476.00
2026-09-07T04:00:00+00:00,KXFED-26DEC-T4.50,0.0000,0.0100,,0.00,,1476.00
2026-09-09T04:00:00+00:00,KXFED-26DEC-T4.50,0.0000,0.0100,,0.00,,1476.00
2026-09-11T04:00:00+00:00,KXFED-26DEC-T4.50,0.0000,0.0100,,0.00,,1476.00
2026-09-12T04:00:00+00:00,KXFED-26DEC-T4.50,0.0000,0.0200,0.0100,2.00,,1478.00
2026-09-15T04:00:00+00:00,KXFED-26DEC-T4.50,0.0100,0.0200,,0.00,,1478.00
2026-09-16T04:00:00+00:00,KXFED-26DEC-T4.50,0.0000,0.0200,0.0200,400.00,,1778.00
2026-09-17T04:00:00+00:00,KXFED-26DEC-T4.50,0.0200,0.0400,0.0500,379.24,,2075.30
2026-09-18T04:00:00+00:00,KXFED-26DEC-T4.50,0.0100,0.0500,0.0400,614.00,,2689.30
2026-09-19T04:00:00+00:00,KXFED-26DEC-T4.50,0.0100,0.0400,0.0100,19.00,,2688.65
2026-08-02T04:00:00+00:00,KXFED-26DEC-T4.25,0.0600,0.1200,0.1200,7.84,,4704.17
2026-08-03T04:00:00+00:00,KXFED-26DEC-T4.25,0.0600,0.1200,0.0600,1.00,,4704.17
2026-08-04T04:00:00+00:00,KXFED-26DEC-T4.25,0.0400,0.1100,,0.00,,4704.17
2026-08-05T04:00:00+00:00,KXFED-26DEC-T4.25,0.0400,0.1100,,0.00,,4704.17
2026-08-06T04:00:00+00:00,KXFED-26DEC-T4.25,0.0600,0.0800,,0.00,,4704.17
2026-08-07T04:00:00+00:00,KXFED-26DEC-T4.25,0.0500,0.0800,,0.00,,4704.17
2026-08-08T04:00:00+00:00,KXFED-26DEC-T4.25,0.0500,0.0800,,0.00,,4704.17
2026-08-09T04:00:00+00:00,KXFED-26DEC-T4.25,0.0500,0.0700,0.0500,0.22,,4704.28
2026-08-10T04:00:00+00:00,KXFED-26DEC-T4.25,0.0500,0.0800,0.0500,7.84,,4704.28
2026-08-11T04:00:00+00:00,KXFED-26DEC-T4.25,0.0600,0.0800,0.0800,700.76,,5255.04
2026-08-12T04:00:00+00:00,KXFED-26DEC-T4.25,0.0500,0.0800,,0.00,,5255.04
2026-08-13T04:00:00+00:00,KXFED-26DEC-T4.25,0.0500,0.0700,0.0500,142.29,,5355.04
2026-08-14T04:00:00+00:00,KXFED-26DEC-T4.25,0.0400,0.0700,0.0500,80.29,,5288.18
2026-08-15T04:00:00+00:00,KXFED-26DEC-T4.25,0.0400,0.0700,,0.00,,5288.18
2026-08-16T04:00:00+00:00,KXFED-26DEC-T4.25,0.0400,0.0700,,0.00,,5288.18
2026-08-17T04:00:00+00:00,KXFED-26DEC-T4.25,0.0400,0.0700,,0.00,,5288.18
2026-08-18T04:00:00+00:00,KXFED-26DEC-T4.25,0.0400,0.0600,,0.00,,5288.18
2026-08-19T04:00:00+00:00,KXFED-26DEC-T4.25,0.0300,0.0400,0.0400,80.00,,5208.18
2026-08-20T04:00:00+00:00,KXFED-26DEC-T4.25,0.0300,0.0400,0.0300,301.00,,5209.18
2026-08-21T04:00:00+00:00,KXFED-26DEC-T4.25,0.0200,0.0300,0.0200,321.57,,5189.19
2026-08-22T04:00:00+00:00,KXFED-26DEC-T4.25,0.0200,0.0400,0.0300,21.00,,5210.19
2026-08-23T04:00:00+00:00,KXFED-26DEC-T4.25,0.0200,0.0400,,0.00,,5210.19
2026-08-24T04:00:00+00:00,KXFED-26DEC-T4.25,0.0200,0.0400,,0.00,,5210.19
2026-08-25T04:00:00+00:00,KXFED-26DEC-T4.25,0.0200,0.0400,,0.00,,5210.19
2026-08-26T04:00:00+00:00,KXFED-26DEC-T4.25,0.0200,0.0400,,0.00,,5210.19
2026-08-27T04:00:00+00:00,KXFED-26DEC-T4.25,0.0200,0.0400,,0.00,,5210.19
2026-08-28T04:00:00+00:00,KXFED-26DEC-T4.25,0.0300,0.0400,0.0200,5.00,,5205.19
2026-08-29T04:00:00+00:00,KXFED-26DEC-T4.25,0.0400,0.0600,,0.00,,5205.19
2026-08-30T04:00:00+00:00,KXFED-26DEC-T4.25,0.0500,0.0600,,0.00,,5205.19
2026-08-31T04:00:00+00:00,KXFED-26DEC-T4.25,0.0400,0.0600,,0.00,,5205.19
2026-09-01T04:00:00+00:00,KXFED-26DEC-T4.25,0.0400,0.0600,,0.00,,5205.19
2026-09-02T04:00:00+00:00,KXFED-26DEC-T4.25,0.0400,0.0600,,0.00,,5205.19
2026-09-03T04:00:00+00:00,KXFED-26DEC-T4.25,0.0400,0.0600,0.0600,1.00,,5205.19
2026-09-04T04:00:00+00:00,KXFED-26DEC-T4.25,0.0400,0.0600,,0.00,,5205.19
2026-09-05T04:00:00+00:00,KXFED-26DEC-T4.25,0.0400,0.0500,0.0700,41.86,,5205.19
2026-09-06T04:00:00+00:00,KXFED-26DEC-T4.25,0.0400,0.0700,0.0700,697.13,,5405.19
2026-09-07T04:00:00+00:00,KXFED-26DEC-T4.25,0.0400,0.0900,,0.00,,5405.19
2026-09-08T04:00:00+00:00,KXFED-26DEC-T4.25,0.0400,0.0900,,0.00,,5405.19
2026-09-09T04:00:00+00:00,KXFED-26DEC-T4.25,0.0400,0.0800,,0.00,,5405.19
2026-09-10T04:00:00+00:00,KXFED-26DEC-T4.25,0.0400,0.1000,0.0900,178.00,,5580.00
2026-09-11T04:00:00+00:00,KXFED-26DEC-T4.25,0.0400,0.1000,,0.00,,5580.00
2026-09-12T04:00:00+00:00,KXFED-26DEC-T4.25,0.1300,0.1400,0.1400,6150.06,,11661.06
2026-09-13T04:00:00+00:00,KXFED-26DEC-T4.25,0.1200,0.1400,0.1400,54.00,,11680.90
2026-09-14T04:00:00+00:00,KXFED-26DEC-T4.25,0.1400,0.1700,0.1700,439.16,,11909.33
2026-09-15T04:00:00+00:00,KXFED-26DEC-T4.25,0.1900,0.2200,0.1700,0.27,,11909.60
2026-09-16T04:00:00+00:00,KXFED-26DEC-T4.25,0.1600,0.3000,0.2100,6.00,,11914.97
2026-09-17T04:00:00+00:00,KXFED-26DEC-T4.25,0.2600,0.3100,0.2800,3824.01,,14985.29
2026-09-18T04:00:00+00:00,KXFED-26DEC-T4.25,0.3000,0.3200,0.3400,451.25,,15353.68
2026-09-19T04:00:00+00:00,KXFED-26DEC-T4.25,0.3200,0.3300,0.3200,11.00,,15362.68
2026-08-02T04:00:00+00:00,KXFED-26DEC-T4.00,0.3200,0.3700,,0.00,,7637.78
2026-08-03T04:00:00+00:00,KXFED-26DEC-T4.00,0.3200,0.3600,,0.00,,7637.78
2026-08-04T04:00:00+00:00,KXFED-26DEC-T4.00,0.2800,0.3300,0.3500,157.96,,7479.82
2026-08-05T04:00:00+00:00,KXFED-26DEC-T4.00,0.2800,0.3300,0.3100,262.13,,7729.82
2026-08-06T04:00:00+00:00,KXFED-26DEC-T4.00,0.2600,0.3100,0.2600,576.83,,8036.83
2026-08-07T04:00:00+00:00,KXFED-26DEC-T4.00,0.2500,0.3100,,0.00,,8036.83
2026-08-08T04:00:00+00:00,KXFED-26DEC-T4.00,0.2600,0.3000,0.3000,225.00,,8236.83
2026-08-09T04:00:00+00:00,KXFED-26DEC-T4.00,0.2500,0.2800,,0.00,,8236.83
2026-08-10T04:00:00+00:00,KXFED-26DEC-T4.00,0.2200,0.3100,0.2900,3.27,,8236.83
2026-08-11T04:00:00+00:00,KXFED-26DEC-T4.00,0.2400,0.2800,0.2200,17.92,,8236.83
2026-08-12T04:00:00+00:00,KXFED-26DEC-T4.00,0.2400,0.2800,0.3000,36.00,,8237.83
2026-08-13T04:00:00+00:00,KXFED-26DEC-T4.00,0.2300,0.2700,0.2300,40.68,,8236.83
2026-08-14T04:00:00+00:00,KXFED-26DEC-T4.00,0.2200,0.2700,0.2300,18.68,,8236.83
2026-08-15T04:00:00+00:00,KXFED-26DEC-T4.00,0.2300,0.2400,0.2200,101.00,,8237.83
2026-08-16T04:00:00+00:00,KXFED-26DEC-T4.00,0.2100,0.2500,,0.00,,8237.83
2026-08-17T04:00:00+00:00,KXFED-26DEC-T4.00,0.2100,0.2400,0.2100,6.00,,8243.83
2026-08-18T04:00:00+00:00,KXFED-26DEC-T4.00,0.1700,0.1900,,0.00,,8243.83
2026-08-19T04:00:00+00:00,KXFED-26DEC-T4.00,0.1800,0.1900,,0.00,,8243.83
2026-08-20T04:00:00+00:00,KXFED-26DEC-T4.00,0.1800,0.1900,,0.00,,8243.83
2026-08-21T04:00:00+00:00,KXFED-26DEC-T4.00,0.1600,0.1700,0.1600,1.00,,8244.83
2026-08-22T04:00:00+00:00,KXFED-26DEC-T4.00,0.1600,0.1800,0.1700,1.00,,8244.83
2026-08-23T04:00:00+00:00,KXFED-26DEC-T4.00,0.1600,0.1700,,0.00,,8244.83
2026-08-24T04:00:00+00:00,KXFED-26DEC-T4.00,0.1600,0.1700,,0.00,,8244.83
2026-08-25T04:00:00+00:00,KXFED-26DEC-T4.00,0.1700,0.1800,,0.00,,8244.83
2026-08-26T04:00:00+00:00,KXFED-26DEC-T4.00,0.1700,0.2000,0.1700,20.00,,8264.83
2026-08-27T04:00:00+00:00,KXFED-26DEC-T4.00,0.1600,0.2200,,0.00,,8264.83
2026-08-28T04:00:00+00:00,KXFED-26DEC-T4.00,0.1700,0.2600,,0.00,,8264.83
2026-08-29T04:00:00+00:00,KXFED-26DEC-T4.00,0.2700,0.3000,0.3200,65.00,,8296.83
2026-08-30T04:00:00+00:00,KXFED-26DEC-T4.00,0.1800,0.2700,,0.00,,8296.83
2026-08-31T04:00:00+00:00,KXFED-26DEC-T4.00,0.3300,0.3400,0.3700,144.18,,8296.83
2026-09-01T04:00:00+00:00,KXFED-26DEC-T4.00,0.2300,0.3400,0.3400,1.00,,8295.83
2026-09-02T04:00:00+00:00,KXFED-26DEC-T4.00,0.2400,0.3200,0.3400,1.34,,8295.83
2026-09-03T04:00:00+00:00,KXFED-26DEC-T4.00,0.3500,0.3800,0.3500,327.19,,8579.75
2026-09-04T04:00:00+00:00,KXFED-26DEC-T4.00,0.3100,0.3500,0.3600,16.86,,8563.89
2026-09-05T04:00:00+00:00,KXFED-26DEC-T4.00,0.3600,0.3800,0.3700,65.00,,8613.89
2026-09-06T04:00:00+00:00,KXFED-26DEC-T4.00,0.3600,0.3900,0.3900,23.00,,8635.89
2026-09-07T04:00:00+00:00,KXFED-26DEC-T4.00,0.3600,0.3700,0.3600,44.48,,8671.37
2026-09-08T04:00:00+00:00,KXFED-26DEC-T4.00,0.3600,0.3700,0.3600,53.34,,8724.71
2026-09-10T04:00:00+00:00,KXFED-26DEC-T4.00,0.3600,0.3700,0.3700,192.20,,8916.91
2026-09-11T04:00:00+00:00,KXFED-26DEC-T4.00,0.3600,0.3700,0.3700,850.11,,9767.02
2026-09-12T04:00:00+00:00,KXFED-26DEC-T4.00,0.4900,0.5100,0.4700,1727.27,,10945.58
2026-09-13T04:00:00+00:00,KXFED-26DEC-T4.00,0.4700,0.5100,0.5100,47.01,,10992.44
2026-09-14T04:00:00+00:00,KXFED-26DEC-T4.00,0.5400,0.6100,0.6100,127.36,,10991.29
2026-09-15T04:00:00+00:00,KXFED-26DEC-T4.00,0.6400,0.6700,0.6400,30.00,,11012.29
2026-09-16T04:00:00+00:00,KXFED-26DEC-T4.00,0.6800,0.7300,0.6800,3575.24,,12651.94
2026-09-17T04:00:00+00:00,KXFED-26DEC-T4.00,0.8200,0.8300,0.8100,5755.70,,16875.83
2026-09-18T04:00:00+00:00,KXFED-26DEC-T4.00,0.8300,0.8400,0.8300,410.31,,16963.51
2026-09-19T04:00:00+00:00,KXFED-26DEC-T4.00,0.8300,0.8500,0.8300,139.69,,16975.26
2026-08-02T04:00:00+00:00,KXFED-26DEC-T3.75,0.7000,0.7100,0.7000,88.25,,18143.59
2026-08-03T04:00:00+00:00,KXFED-26DEC-T3.75,0.7000,0.7400,,0.00,,18143.59
2026-08-04T04:00:00+00:00,KXFED-26DEC-T3.75,0.7000,0.7200,0.7000,31.77,,18175.36
2026-08-05T04:00:00+00:00,KXFED-26DEC-T3.75,0.6500,0.7200,0.6800,300.08,,18415.34
2026-08-06T04:00:00+00:00,KXFED-26DEC-T3.75,0.6700,0.7000,0.6700,51.21,,18413.87
2026-08-07T04:00:00+00:00,KXFED-26DEC-T3.75,0.6700,0.7500,,0.00,,18413.87
2026-08-08T04:00:00+00:00,KXFED-26DEC-T3.75,0.6000,0.6400,0.6000,488.42,,18482.55
2026-08-09T04:00:00+00:00,KXFED-26DEC-T3.75,0.5500,0.6000,0.5800,365.00,,18625.90
2026-08-10T04:00:00+00:00,KXFED-26DEC-T3.75,0.5500,0.6000,,0.00,,18625.90
2026-08-11T04:00:00+00:00,KXFED-26DEC-T3.75,0.5500,0.5600,0.5400,100.54,,18726.44
2026-08-12T04:00:00+00:00,KXFED-26DEC-T3.75,0.5400,0.5900,,0.00,,18726.44
2026-08-13T04:00:00+00:00,KXFED-26DEC-T3.75,0.5400,0.5600,0.5300,529.14,,18742.06
2026-08-14T04:00:00+00:00,KXFED-26DEC-T3.75,0.5400,0.5500,0.5300,34.00,,18746.06
2026-08-15T04:00:00+00:00,KXFED-26DEC-T3.75,0.5100,0.5400,0.5100,395.00,,19141.06
2026-08-16T04:00:00+00:00,KXFED-26DEC-T3.75,0.5100,0.5500,,0.00,,19141.06
2026-08-17T04:00:00+00:00,KXFED-26DEC-T3.75,0.5100,0.5500,,0.00,,19141.06
2026-08-18T04:00:00+00:00,KXFED-26DEC-T3.75,0.5100,0.5500,,0.00,,19141.06
2026-08-19T04:00:00+00:00,KXFED-26DEC-T3.75,0.5100,0.5500,,0.00,,19141.06
2026-08-20T04:00:00+00:00,KXFED-26DEC-T3.75,0.5200,0.5500,0.5500,51.57,,19151.06
2026-08-21T04:00:00+00:00,KXFED-26DEC-T3.75,0.5200,0.5500,,0.00,,19151.06
2026-08-22T04:00:00+00:00,KXFED-26DEC-T3.75,0.5100,0.5500,0.5500,1.00,,19151.06
2026-08-25T04:00:00+00:00,KXFED-26DEC-T3.75,0.5300,0.5400,0.5600,17.00,,19148.86
2026-08-26T04:00:00+00:00,KXFED-26DEC-T3.75,0.5300,0.5400,0.5400,3.00,,19151.86
2026-08-27T04:00:00+00:00,KXFED-26DEC-T3.75,0.5300,0.5400,0.5200,2.00,,19150.86
2026-08-28T04:00:00+00:00,KXFED-26DEC-T3.75,0.5200,0.5400,0.5400,40.69,,19183.55
2026-08-29T04:00:00+00:00,KXFED-26DEC-T3.75,0.6700,0.7100,0.6700,1323.36,,18986.04
2026-08-30T04:00:00+00:00,KXFED-26DEC-T3.75,0.6600,0.6900,,0.00,,18986.04
2026-08-31T04:00:00+00:00,KXFED-26DEC-T3.75,0.6600,0.6800,0.6600,7.00,,18979.04
2026-09-01T04:00:00+00:00,KXFED-26DEC-T3.75,0.7600,0.7700,0.7700,6528.33,,18747.44
2026-09-02T04:00:00+00:00,KXFED-26DEC-T3.75,0.7600,0.7800,0.7500,59.03,,18748.75
2026-09-03T04:00:00+00:00,KXFED-26DEC-T3.75,0.7500,0.7900,0.8000,50.00,,18748.75
2026-09-04T04:00:00+00:00,KXFED-26DEC-T3.75,0.7300,0.7600,0.7200,202.00,,18748.75
2026-09-05T04:00:00+00:00,KXFED-26DEC-T3.75,0.7600,0.7900,0.8000,2663.63,,18310.38
2026-09-06T04:00:00+00:00,KXFED-26DEC-T3.75,0.7500,0.8000,0.7900,1.00,,18311.38
2026-09-07T04:00:00+00:00,KXFED-26DEC-T3.75,0.7700,0.7900,0.7700,124.12,,18310.38
2026-09-08T04:00:00+00:00,KXFED-26DEC-T3.75,0.7500,0.8000,0.7600,6.00,,18310.38
2026-09-09T04:00:00+00:00,KXFED-26DEC-T3.75,0.7700,0.8000,,0.00,,18310.38
2026-09-10T04:00:00+00:00,KXFED-26DEC-T3.75,0.7800,0.8000,0.7900,85.96,,18310.38
2026-09-11T04:00:00+00:00,KXFED-26DEC-T3.75,0.7800,0.8100,0.7800,1123.48,,17810.38
2026-09-12T04:00:00+00:00,KXFED-26DEC-T3.75,0.8700,0.8800,0.8700,2978.72,,17408.67
2026-09-13T04:00:00+00:00,KXFED-26DEC-T3.75,0.8900,0.9300,0.9000,1957.59,,17003.26
2026-09-14T04:00:00+00:00,KXFED-26DEC-T3.75,0.8900,0.9000,0.8900,122.00,,16895.46
2026-09-15T04:00:00+00:00,KXFED-26DEC-T3.75,0.9400,0.9500,0.9100,1002.00,,16895.46
2026-09-16T04:00:00+00:00,KXFED-26DEC-T3.75,0.9500,0.9600,0.9500,53.69,,16892.82
2026-09-17T04:00:00+00:00,KXFED-26DEC-T3.75,0.9800,0.9900,0.9800,2823.00,,16814.68
2026-09-18T04:00:00+00:00,KXFED-26DEC-T3.75,0.9800,0.9900,0.9800,264.95,,16814.68
2026-09-19T04:00:00+00:00,KXFED-26DEC-T3.75,0.9800,0.9900,0.9800,69.57,,16763.11
2026-08-02T04:00:00+00:00,KXFED-26DEC-T3.50,0.8600,0.8800,0.8600,74.00,,13427.92
2026-08-03T04:00:00+00:00,KXFED-26DEC-T3.50,0.8700,0.8800,,0.00,,13427.92
2026-08-04T04:00:00+00:00,KXFED-26DEC-T3.50,0.8600,0.8700,,0.00,,13427.92
2026-08-05T04:00:00+00:00,KXFED-26DEC-T3.50,0.8600,0.8700,,0.00,,13427.92
2026-08-06T04:00:00+00:00,KXFED-26DEC-T3.50,0.8600,0.8800,,0.00,,13427.92
2026-08-07T04:00:00+00:00,KXFED-26DEC-T3.50,0.8500,0.8900,0.8600,25.00,,13452.92
2026-08-08T04:00:00+00:00,KXFED-26DEC-T3.50,0.8500,0.8800,0.8400,50.00,,13502.92
2026-08-09T04:00:00+00:00,KXFED-26DEC-T3.50,0.8000,0.8800,,0.00,,13502.92
2026-08-10T04:00:00+00:00,KXFED-26DEC-T3.50,0.8100,0.8700,0.7600,3.91,,13506.83
2026-08-11T04:00:00+00:00,KXFED-26DEC-T3.50,0.8100,0.8200,0.8000,213.50,,13625.33
2026-08-12T04:00:00+00:00,KXFED-26DEC-T3.50,0.8000,0.8500,,0.00,,13625.33
2026-08-13T04:00:00+00:00,KXFED-26DEC-T3.50,0.8300,0.8500,0.8400,31.63,,13642.07
2026-08-14T04:00:00+00:00,KXFED-26DEC-T3.50,0.8100,0.8300,,0.00,,13642.07
2026-08-15T04:00:00+00:00,KXFED-26DEC-T3.50,0.8100,0.8200,0.8100,231.76,,13848.07
2026-08-16T04:00:00+00:00,KXFED-26DEC-T3.50,0.8100,0.8200,0.8100,501.05,,14343.12
2026-08-17T04:00:00+00:00,KXFED-26DEC-T3.50,0.8200,0.8400,,0.00,,14343.12
2026-08-18T04:00:00+00:00,KXFED-26DEC-T3.50,0.8300,0.8400,,0.00,,14343.12
2026-08-19T04:00:00+00:00,KXFED-26DEC-T3.50,0.8200,0.8300,0.8200,43.00,,14386.12
2026-08-20T04:00:00+00:00,KXFED-26DEC-T3.50,0.8100,0.8300,,0.00,,14386.12
2026-08-21T04:00:00+00:00,KXFED-26DEC-T3.50,0.8100,0.8400,0.8400,118.13,,14406.32
2026-08-22T04:00:00+00:00,KXFED-26DEC-T3.50,0.8100,0.8400,0.8300,2.36,,14408.68
2026-08-23T04:00:00+00:00,KXFED-26DEC-T3.50,0.8300,0.8500,0.8500,67.30,,14442.98
2026-08-24T04:00:00+00:00,KXFED-26DEC-T3.50,0.8300,0.8500,0.8200,48.00,,14488.62
2026-08-25T04:00:00+00:00,KXFED-26DEC-T3.50,0.8300,0.8500,,0.00,,14488.62
2026-08-26T04:00:00+00:00,KXFED-26DEC-T3.50,0.8300,0.8500,,0.00,,14488.62
2026-08-27T04:00:00+00:00,KXFED-26DEC-T3.50,0.8300,0.8600,0.8600,20.77,,14507.39
2026-08-28T04:00:00+00:00,KXFED-26DEC-T3.50,0.8500,0.8600,0.8600,110.31,,14556.70
2026-08-29T04:00:00+00:00,KXFED-26DEC-T3.50,0.8900,0.9000,0.8900,468.22,,14729.92
2026-08-30T04:00:00+00:00,KXFED-26DEC-T3.50,0.9100,0.9400,0.9100,4511.00,,17712.25
2026-08-31T04:00:00+00:00,KXFED-26DEC-T3.50,0.9000,0.9400,,0.00,,17712.25
2026-09-01T04:00:00+00:00,KXFED-26DEC-T3.50,0.9200,0.9400,0.9300,90.00,,17722.25
2026-09-02T04:00:00+00:00,KXFED-26DEC-T3.50,0.9100,0.9300,,0.00,,17722.25
2026-09-03T04:00:00+00:00,KXFED-26DEC-T3.50,0.9100,0.9500,0.9100,8.00,,17730.25
2026-09-04T04:00:00+00:00,KXFED-26DEC-T3.50,0.9300,0.9400,,0.00,,17730.25
2026-09-05T04:00:00+00:00,KXFED-26DEC-T3.50,0.9100,0.9300,0.9500,217.77,,17722.27
2026-09-06T04:00:00+00:00,KXFED-26DEC-T3.50,0.9100,0.9300,,0.00,,17722.27
2026-09-07T04:00:00+00:00,KXFED-26DEC-T3.50,0.9200,0.9300,0.9200,50.94,,17722.27
2026-09-08T04:00:00+00:00,KXFED-26DEC-T3.50,0.9200,0.9300,0.9300,100.90,,17780.98
2026-09-09T04:00:00+00:00,KXFED-26DEC-T3.50,0.9200,0.9300,,0.00,,17780.98
2026-09-10T04:00:00+00:00,KXFED-26DEC-T3.50,0.9200,0.9300,,0.00,,17780.98
2026-09-11T04:00:00+00:00,KXFED-26DEC-T3.50,0.9200,0.9400,,0.00,,17780.98
2026-09-12T04:00:00+00:00,KXFED-26DEC-T3.50,0.9400,0.9700,0.9400,1914.29,,17923.44
2026-09-13T04:00:00+00:00,KXFED-26DEC-T3.50,0.9300,0.9700,,0.00,,17923.44
2026-09-14T04:00:00+00:00,KXFED-26DEC-T3.50,0.9600,0.9700,0.9600,0.16,,17923.44
2026-09-15T04:00:00+00:00,KXFED-26DEC-T3.50,0.9600,0.9800,0.9700,1425.00,,18094.44
2026-09-16T04:00:00+00:00,KXFED-26DEC-T3.50,0.9500,0.9800,,0.00,,18094.44
2026-09-17T04:00:00+00:00,KXFED-26DEC-T3.50,0.9700,0.9800,0.9800,179.96,,18124.62
2026-09-18T04:00:00+00:00,KXFED-26DEC-T3.50,0.9700,0.9800,0.9700,18.00,,18142.62
2026-09-19T04:00:00+00:00,KXFED-26DEC-T3.50,0.9700,0.9800,0.9800,18.00,,18142.62
2026-08-02T04:00:00+00:00,KXFED-26DEC-T3.25,0.9800,0.9900,0.9800,3.00,,3388.17
2026-08-03T04:00:00+00:00,KXFED-26DEC-T3.25,0.9800,0.9900,0.9800,11.00,,3399.17
2026-08-04T04:00:00+00:00,KXFED-26DEC-T3.25,0.9700,0.9800,,0.00,,3399.17
2026-08-05T04:00:00+00:00,KXFED-26DEC-T3.25,0.9700,0.9800,0.9800,5.00,,3399.17
2026-08-06T04:00:00+00:00,KXFED-26DEC-T3.25,0.9700,0.9800,,0.00,,3399.17
2026-08-07T04:00:00+00:00,KXFED-26DEC-T3.25,0.9600,0.9700,,0.00,,3399.17
2026-08-08T04:00:00+00:00,KXFED-26DEC-T3.25,0.9300,0.9800,,0.00,,3399.17
2026-08-09T04:00:00+00:00,KXFED-26DEC-T3.25,0.9500,0.9800,,0.00,,3399.17
2026-08-10T04:00:00+00:00,KXFED-26DEC-T3.25,0.9300,0.9800,,0.00,,3399.17
2026-08-11T04:00:00+00:00,KXFED-26DEC-T3.25,0.9500,0.9800,,0.00,,3399.17
2026-08-12T04:00:00+00:00,KXFED-26DEC-T3.25,0.9300,0.9800,,0.00,,3399.17
2026-08-13T04:00:00+00:00,KXFED-26DEC-T3.25,0.9300,0.9800,,0.00,,3399.17
2026-08-14T04:00:00+00:00,KXFED-26DEC-T3.25,0.9600,0.9800,,0.00,,3399.17
2026-08-15T04:00:00+00:00,KXFED-26DEC-T3.25,0.9700,0.9800,,0.00,,3399.17
2026-08-17T04:00:00+00:00,KXFED-26DEC-T3.25,0.9700,0.9800,,0.00,,3399.17
2026-08-18T04:00:00+00:00,KXFED-26DEC-T3.25,0.9700,0.9800,,0.00,,3399.17
2026-08-19T04:00:00+00:00,KXFED-26DEC-T3.25,0.9700,0.9800,,0.00,,3399.17
2026-08-20T04:00:00+00:00,KXFED-26DEC-T3.25,0.9700,0.9800,0.9700,0.17,,3399.00
2026-08-21T04:00:00+00:00,KXFED-26DEC-T3.25,0.9700,0.9800,,0.00,,3399.00
2026-08-22T04:00:00+00:00,KXFED-26DEC-T3.25,0.9700,0.9800,,0.00,,3399.00
2026-08-23T04:00:00+00:00,KXFED-26DEC-T3.25,0.9700,0.9800,,0.00,,3399.00
2026-08-24T04:00:00+00:00,KXFED-26DEC-T3.25,0.9700,0.9800,,0.00,,3399.00
2026-08-25T04:00:00+00:00,KXFED-26DEC-T3.25,0.9700,0.9800,,0.00,,3399.00
2026-08-26T04:00:00+00:00,KXFED-26DEC-T3.25,0.9700,0.9800,,0.00,,3399.00
2026-08-27T04:00:00+00:00,KXFED-26DEC-T3.25,0.9700,0.9800,,0.00,,3399.00
2026-08-28T04:00:00+00:00,KXFED-26DEC-T3.25,0.9700,0.9800,,0.00,,3399.00
2026-08-29T04:00:00+00:00,KXFED-26DEC-T3.25,0.9700,0.9800,0.9700,684.00,,3416.00
2026-08-30T04:00:00+00:00,KXFED-26DEC-T3.25,0.9700,0.9800,,0.00,,3416.00
2026-08-31T04:00:00+00:00,KXFED-26DEC-T3.25,0.9700,0.9800,,0.00,,3416.00
2026-09-01T04:00:00+00:00,KXFED-26DEC-T3.25,0.9600,0.9700,,0.00,,3416.00
2026-09-02T04:00:00+00:00,KXFED-26DEC-T3.25,0.9700,0.9800,,0.00,,3416.00
2026-09-03T04:00:00+00:00,KXFED-26DEC-T3.25,0.9700,0.9800,0.9700,2.00,,3417.00
2026-09-04T04:00:00+00:00,KXFED-26DEC-T3.25,0.9700,0.9800,,0.00,,3417.00
2026-09-05T04:00:00+00:00,KXFED-26DEC-T3.25,0.9600,0.9700,,0.00,,3417.00
2026-09-06T04:00:00+00:00,KXFED-26DEC-T3.25,0.9600,0.9700,0.9700,1.00,,3418.00
2026-09-08T04:00:00+00:00,KXFED-26DEC-T3.25,0.9600,0.9700,,0.00,,3418.00
2026-09-09T04:00:00+00:00,KXFED-26DEC-T3.25,0.9600,0.9700,,0.00,,3418.00
2026-09-10T04:00:00+00:00,KXFED-26DEC-T3.25,0.9700,0.9800,,0.00,,3418.00
2026-09-11T04:00:00+00:00,KXFED-26DEC-T3.25,0.9600,0.9700,,0.00,,3418.00
2026-09-12T04:00:00+00:00,KXFED-26DEC-T3.25,0.9700,0.9800,0.9700,667.00,,3418.00
2026-09-13T04:00:00+00:00,KXFED-26DEC-T3.25,0.9600,0.9800,0.9600,29.00,,3418.00
2026-09-14T04:00:00+00:00,KXFED-26DEC-T3.25,0.9700,0.9800,,0.00,,3418.00
2026-09-15T04:00:00+00:00,KXFED-26DEC-T3.25,0.9700,0.9800,0.9800,409.00,,3009.00
2026-09-16T04:00:00+00:00,KXFED-26DEC-T3.25,0.9600,0.9800,,0.00,,3009.00
2026-09-17T04:00:00+00:00,KXFED-26DEC-T3.25,0.9700,0.9800,0.9800,148.00,,3009.00
2026-09-18T04:00:00+00:00,KXFED-26DEC-T3.25,0.9700,0.9800,0.9700,18.00,,3027.00
2026-09-19T04:00:00+00:00,KXFED-26DEC-T3.25,0.9700,0.9800,0.9800,18.00,,3009.00
2026-08-02T04:00:00+00:00,KXFED-26DEC-T3.00,0.9800,0.9900,0.9800,26.89,,2755.17
2026-08-03T04:00:00+00:00,KXFED-26DEC-T3.00,0.9800,0.9900,,0.00,,2755.17
2026-08-04T04:00:00+00:00,KXFED-26DEC-T3.00,0.9800,0.9900,,0.00,,2755.17
2026-08-05T04:00:00+00:00,KXFED-26DEC-T3.00,0.9800,0.9900,,0.00,,2755.17
2026-08-06T04:00:00+00:00,KXFED-26DEC-T3.00,0.9800,0.9900,,0.00,,2755.17
2026-08-07T04:00:00+00:00,KXFED-26DEC-T3.00,0.9700,0.9800,,0.00,,2755.17
2026-08-08T04:00:00+00:00,KXFED-26DEC-T3.00,0.9700,0.9800,,0.00,,2755.17
2026-08-09T04:00:00+00:00,KXFED-26DEC-T3.00,0.9700,0.9800,,0.00,,2755.17
2026-08-10T04:00:00+00:00,KXFED-26DEC-T3.00,0.9700,0.9800,,0.00,,2755.17
2026-08-11T04:00:00+00:00,KXFED-26DEC-T3.00,0.9700,0.9800,,0.00,,2755.17
2026-08-12T04:00:00+00:00,KXFED-26DEC-T3.00,0.9700,0.9800,,0.00,,2755.17
2026-08-13T04:00:00+00:00,KXFED-26DEC-T3.00,0.9700,0.9800,,0.00,,2755.17
2026-08-14T04:00:00+00:00,KXFED-26DEC-T3.00,0.9700,0.9800,,0.00,,2755.17
2026-08-15T04:00:00+00:00,KXFED-26DEC-T3.00,0.9800,0.9900,0.9800,3.00,,2755.17
2026-08-19T04:00:00+00:00,KXFED-26DEC-T3.00,0.9800,0.9900,,0.00,,2755.17
2026-08-20T04:00:00+00:00,KXFED-26DEC-T3.00,0.9800,0.9900,,0.00,,2755.17
2026-08-21T04:00:00+00:00,KXFED-26DEC-T3.00,0.9800,0.9900,,0.00,,2755.17
2026-08-22T04:00:00+00:00,KXFED-26DEC-T3.00,0.9800,0.9900,,0.00,,2755.17
2026-08-23T04:00:00+00:00,KXFED-26DEC-T3.00,0.9800,0.9900,,0.00,,2755.17
2026-08-24T04:00:00+00:00,KXFED-26DEC-T3.00,0.9800,0.9900,,0.00,,2755.17
2026-08-25T04:00:00+00:00,KXFED-26DEC-T3.00,0.9800,0.9900,,0.00,,2755.17
2026-08-26T04:00:00+00:00,KXFED-26DEC-T3.00,0.9800,0.9900,,0.00,,2755.17
2026-08-27T04:00:00+00:00,KXFED-26DEC-T3.00,0.9800,0.9900,,0.00,,2755.17
2026-08-28T04:00:00+00:00,KXFED-26DEC-T3.00,0.9800,0.9900,,0.00,,2755.17
2026-08-29T04:00:00+00:00,KXFED-26DEC-T3.00,0.9800,0.9900,,0.00,,2755.17
2026-08-30T04:00:00+00:00,KXFED-26DEC-T3.00,0.9800,0.9900,,0.00,,2755.17
2026-08-31T04:00:00+00:00,KXFED-26DEC-T3.00,0.9800,0.9900,,0.00,,2755.17
2026-09-01T04:00:00+00:00,KXFED-26DEC-T3.00,0.9800,0.9900,,0.00,,2755.17
2026-09-02T04:00:00+00:00,KXFED-26DEC-T3.00,0.9800,0.9900,,0.00,,2755.17
2026-09-03T04:00:00+00:00,KXFED-26DEC-T3.00,0.9800,0.9900,,0.00,,2755.17
2026-09-04T04:00:00+00:00,KXFED-26DEC-T3.00,0.9800,0.9900,,0.00,,2755.17
2026-09-05T04:00:00+00:00,KXFED-26DEC-T3.00,0.9800,0.9900,,0.00,,2755.17
2026-09-06T04:00:00+00:00,KXFED-26DEC-T3.00,0.9800,0.9900,,0.00,,2755.17
2026-09-07T04:00:00+00:00,KXFED-26DEC-T3.00,0.9800,0.9900,,0.00,,2755.17
2026-09-10T04:00:00+00:00,KXFED-26DEC-T3.00,0.9800,0.9900,,0.00,,2755.17
2026-09-11T04:00:00+00:00,KXFED-26DEC-T3.00,0.9800,0.9900,,0.00,,2755.17
2026-09-12T04:00:00+00:00,KXFED-26DEC-T3.00,0.9800,0.9900,,0.00,,2755.17
2026-09-13T04:00:00+00:00,KXFED-26DEC-T3.00,0.9800,0.9900,,0.00,,2755.17
2026-09-14T04:00:00+00:00,KXFED-26DEC-T3.00,0.9800,0.9900,,0.00,,2755.17
2026-09-15T04:00:00+00:00,KXFED-26DEC-T3.00,0.9800,0.9900,,0.00,,2755.17
2026-09-17T04:00:00+00:00,KXFED-26DEC-T3.00,0.9800,0.9900,0.9900,64.00,,2784.17
2026-09-18T04:00:00+00:00,KXFED-26DEC-T3.00,0.9800,0.9900,0.9800,18.00,,2802.17
2026-09-19T04:00:00+00:00,KXFED-26DEC-T3.00,0.9800,0.9900,0.9900,18.00,,2802.17
2026-08-02T04:00:00+00:00,KXFED-26DEC-T2.75,0.9800,0.9900,0.9800,44.00,,4614.63
2026-08-03T04:00:00+00:00,KXFED-26DEC-T2.75,0.9800,0.9900,,0.00,,4614.63
2026-08-04T04:00:00+00:00,KXFED-26DEC-T2.75,0.9800,0.9900,,0.00,,4614.63
2026-08-05T04:00:00+00:00,KXFED-26DEC-T2.75,0.9800,0.9900,,0.00,,4614.63
2026-08-06T04:00:00+00:00,KXFED-26DEC-T2.75,0.9800,0.9900,,0.00,,4614.63
2026-08-07T04:00:00+00:00,KXFED-26DEC-T2.75,0.9700,0.9800,,0.00,,4614.63
2026-08-08T04:00:00+00:00,KXFED-26DEC-T2.75,0.9700,0.9800,,0.00,,4614.63
2026-08-09T04:00:00+00:00,KXFED-26DEC-T2.75,0.9700,0.9900,0.9800,1.00,,4613.63
2026-08-10T04:00:00+00:00,KXFED-26DEC-T2.75,0.9700,0.9900,,0.00,,4613.63
2026-08-11T04:00:00+00:00,KXFED-26DEC-T2.75,0.9800,0.9900,0.9700,2.00,,4612.63
2026-08-12T04:00:00+00:00,KXFED-26DEC-T2.75,0.9700,0.9900,,0.00,,4612.63
2026-08-13T04:00:00+00:00,KXFED-26DEC-T2.75,0.9800,0.9900,,0.00,,4612.63
2026-08-14T04:00:00+00:00,KXFED-26DEC-T2.75,0.9700,0.9800,0.9800,30.00,,4612.63
2026-08-15T04:00:00+00:00,KXFED-26DEC-T2.75,0.9800,0.9900,0.9800,985.00,,4612.63
2026-08-16T04:00:00+00:00,KXFED-26DEC-T2.75,0.9800,0.9900,0.9800,51.00,,4663.63
2026-08-17T04:00:00+00:00,KXFED-26DEC-T2.75,0.9800,0.9900,,0.00,,4663.63
2026-08-18T04:00:00+00:00,KXFED-26DEC-T2.75,0.9800,0.9900,0.9900,51.00,,4662.63
2026-08-19T04:00:00+00:00,KXFED-26DEC-T2.75,0.9800,0.9900,,0.00,,4662.63
2026-08-20T04:00:00+00:00,KXFED-26DEC-T2.75,0.9800,0.9900,,0.00,,4662.63
2026-08-21T04:00:00+00:00,KXFED-26DEC-T2.75,0.9800,0.9900,,0.00,,4662.63
2026-08-22T04:00:00+00:00,KXFED-26DEC-T2.75,0.9800,0.9900,,0.00,,4662.63
2026-08-23T04:00:00+00:00,KXFED-26DEC-T2.75,0.9800,0.9900,,0.00,,4662.63
2026-08-24T04:00:00+00:00,KXFED-26DEC-T2.75,0.9800,0.9900,,0.00,,4662.63
2026-08-25T04:00:00+00:00,KXFED-26DEC-T2.75,0.9800,0.9900,,0.00,,4662.63
2026-08-26T04:00:00+00:00,KXFED-26DEC-T2.75,0.9800,0.9900,,0.00,,4662.63
2026-08-27T04:00:00+00:00,KXFED-26DEC-T2.75,0.9800,0.9900,,0.00,,4662.63
2026-08-28T04:00:00+00:00,KXFED-26DEC-T2.75,0.9800,0.9900,,0.00,,4662.63
2026-08-29T04:00:00+00:00,KXFED-26DEC-T2.75,0.9800,0.9900,,0.00,,4662.63
2026-08-30T04:00:00+00:00,KXFED-26DEC-T2.75,0.9800,0.9900,,0.00,,4662.63
2026-08-31T04:00:00+00:00,KXFED-26DEC-T2.75,0.9800,0.9900,,0.00,,4662.63
2026-09-01T04:00:00+00:00,KXFED-26DEC-T2.75,0.9800,0.9900,0.9900,1.00,,4662.63
2026-09-02T04:00:00+00:00,KXFED-26DEC-T2.75,0.9800,0.9900,,0.00,,4662.63
2026-09-03T04:00:00+00:00,KXFED-26DEC-T2.75,0.9800,0.9900,,0.00,,4662.63
2026-09-04T04:00:00+00:00,KXFED-26DEC-T2.75,0.9800,0.9900,,0.00,,4662.63
2026-09-05T04:00:00+00:00,KXFED-26DEC-T2.75,0.9800,0.9900,,0.00,,4662.63
2026-09-06T04:00:00+00:00,KXFED-26DEC-T2.75,0.9800,0.9900,,0.00,,4662.63
2026-09-07T04:00:00+00:00,KXFED-26DEC-T2.75,0.9800,0.9900,,0.00,,4662.63
2026-09-10T04:00:00+00:00,KXFED-26DEC-T2.75,0.9800,0.9900,,0.00,,4662.63
2026-09-11T04:00:00+00:00,KXFED-26DEC-T2.75,0.9800,0.9900,,0.00,,4662.63
2026-09-12T04:00:00+00:00,KXFED-26DEC-T2.75,0.9800,0.9900,,0.00,,4662.63
2026-09-13T04:00:00+00:00,KXFED-26DEC-T2.75,0.9800,0.9900,,0.00,,4662.63
2026-09-14T04:00:00+00:00,KXFED-26DEC-T2.75,0.9800,0.9900,,0.00,,4662.63
2026-09-15T04:00:00+00:00,KXFED-26DEC-T2.75,0.9800,0.9900,0.9900,1900.00,,6562.63
2026-09-17T04:00:00+00:00,KXFED-26DEC-T2.75,0.9800,0.9900,0.9900,34.00,,6579.63
2026-09-18T04:00:00+00:00,KXFED-26DEC-T2.75,0.9800,0.9900,0.9800,18.00,,6597.63
2026-09-19T04:00:00+00:00,KXFED-26DEC-T2.75,0.9800,1.0000,0.9900,15.00,,6582.63
2026-08-02T04:00:00+00:00,KXFED-26OCT-T5.25,0.0000,0.0200,,0.00,,1022.00
2026-08-03T04:00:00+00:00,KXFED-26OCT-T5.25,0.0000,0.0100,,0.00,,1022.00
2026-08-04T04:00:00+00:00,KXFED-26OCT-T5.25,0.0000,0.0200,,0.00,,1022.00
2026-08-05T04:00:00+00:00,KXFED-26OCT-T5.25,0.0000,0.0200,,0.00,,1022.00
2026-08-06T04:00:00+00:00,KXFED-26OCT-T5.25,0.0000,0.0100,,0.00,,1022.00
2026-08-07T04:00:00+00:00,KXFED-26OCT-T5.25,0.0000,0.0100,,0.00,,1022.00
2026-08-08T04:00:00+00:00,KXFED-26OCT-T5.25,0.0000,0.0100,,0.00,,1022.00
2026-08-09T04:00:00+00:00,KXFED-26OCT-T5.25,0.0000,0.0100,,0.00,,1022.00
2026-08-10T04:00:00+00:00,KXFED-26OCT-T5.25,0.0000,0.0100,,0.00,,1022.00
2026-08-11T04:00:00+00:00,KXFED-26OCT-T5.25,0.0000,0.0100,,0.00,,1022.00
2026-08-12T04:00:00+00:00,KXFED-26OCT-T5.25,0.0000,0.0100,,0.00,,1022.00
2026-08-13T04:00:00+00:00,KXFED-26OCT-T5.25,0.0000,0.0100,,0.00,,1022.00
2026-08-14T04:00:00+00:00,KXFED-26OCT-T5.25,0.0000,0.0100,,0.00,,1022.00
2026-08-15T04:00:00+00:00,KXFED-26OCT-T5.25,0.0000,0.0100,,0.00,,1022.00
2026-08-19T04:00:00+00:00,KXFED-26OCT-T5.25,0.0000,0.0100,,0.00,,1022.00
2026-08-20T04:00:00+00:00,KXFED-26OCT-T5.25,0.0000,0.0100,,0.00,,1022.00
2026-08-21T04:00:00+00:00,KXFED-26OCT-T5.25,0.0000,0.0100,,0.00,,1022.00
2026-08-22T04:00:00+00:00,KXFED-26OCT-T5.25,0.0000,0.0100,,0.00,,1022.00
2026-08-26T04:00:00+00:00,KXFED-26OCT-T5.25,0.0000,0.0100,,0.00,,1022.00
2026-08-27T04:00:00+00:00,KXFED-26OCT-T5.25,0.0000,0.0100,,0.00,,1022.00
2026-08-28T04:00:00+00:00,KXFED-26OCT-T5.25,0.0000,0.0100,,0.00,,1022.00
2026-08-29T04:00:00+00:00,KXFED-26OCT-T5.25,0.0000,0.0100,,0.00,,1022.00
2026-08-30T04:00:00+00:00,KXFED-26OCT-T5.25,0.0000,0.0100,,0.00,,1022.00
2026-08-31T04:00:00+00:00,KXFED-26OCT-T5.25,0.0000,0.0100,,0.00,,1022.00
2026-09-01T04:00:00+00:00,KXFED-26OCT-T5.25,0.0000,0.0100,,0.00,,1022.00
2026-09-02T04:00:00+00:00,KXFED-26OCT-T5.25,0.0000,0.0100,,0.00,,1022.00
2026-09-03T04:00:00+00:00,KXFED-26OCT-T5.25,0.0000,0.0100,,0.00,,1022.00
2026-09-04T04:00:00+00:00,KXFED-26OCT-T5.25,0.0000,0.0200,,0.00,,1022.00
2026-09-05T04:00:00+00:00,KXFED-26OCT-T5.25,0.0000,0.0200,,0.00,,1022.00
2026-09-06T04:00:00+00:00,KXFED-26OCT-T5.25,0.0000,0.0200,,0.00,,1022.00
2026-09-07T04:00:00+00:00,KXFED-26OCT-T5.25,0.0000,0.0200,,0.00,,1022.00
2026-09-09T04:00:00+00:00,KXFED-26OCT-T5.25,0.0000,0.0200,,0.00,,1022.00
2026-09-10T04:00:00+00:00,KXFED-26OCT-T5.25,0.0000,0.0200,,0.00,,1022.00
2026-09-11T04:00:00+00:00,KXFED-26OCT-T5.25,0.0000,0.0200,,0.00,,1022.00
2026-09-12T04:00:00+00:00,KXFED-26OCT-T5.25,0.0000,0.0200,,0.00,,1022.00
2026-09-13T04:00:00+00:00,KXFED-26OCT-T5.25,0.0000,0.0200,,0.00,,1022.00
2026-09-14T04:00:00+00:00,KXFED-26OCT-T5.25,0.0000,0.0200,,0.00,,1022.00
2026-09-15T04:00:00+00:00,KXFED-26OCT-T5.25,0.0000,0.0200,,0.00,,1022.00
2026-09-16T04:00:00+00:00,KXFED-26OCT-T5.25,0.0000,0.0100,,0.00,,1022.00
2026-09-17T04:00:00+00:00,KXFED-26OCT-T5.25,0.0000,0.0100,,0.00,,1022.00
2026-09-18T04:00:00+00:00,KXFED-26OCT-T5.25,0.0000,0.0100,,0.00,,1022.00
2026-09-19T04:00:00+00:00,KXFED-26OCT-T5.25,0.0000,0.0100,,0.00,,1022.00
2026-08-02T04:00:00+00:00,KXFED-26OCT-T5.00,0.0000,0.0200,,0.00,,255.00
2026-08-03T04:00:00+00:00,KXFED-26OCT-T5.00,0.0000,0.0200,,0.00,,255.00
2026-08-04T04:00:00+00:00,KXFED-26OCT-T5.00,0.0000,0.0200,,0.00,,255.00
2026-08-05T04:00:00+00:00,KXFED-26OCT-T5.00,0.0000,0.0200,,0.00,,255.00
2026-08-06T04:00:00+00:00,KXFED-26OCT-T5.00,0.0000,0.0100,,0.00,,255.00
2026-08-07T04:00:00+00:00,KXFED-26OCT-T5.00,0.0000,0.0100,,0.00,,255.00
2026-08-08T04:00:00+00:00,KXFED-26OCT-T5.00,0.0000,0.0100,,0.00,,255.00
2026-08-09T04:00:00+00:00,KXFED-26OCT-T5.00,0.0000,0.0100,,0.00,,255.00
2026-08-10T04:00:00+00:00,KXFED-26OCT-T5.00,0.0000,0.0100,,0.00,,255.00
2026-08-11T04:00:00+00:00,KXFED-26OCT-T5.00,0.0000,0.0100,,0.00,,255.00
2026-08-12T04:00:00+00:00,KXFED-26OCT-T5.00,0.0000,0.0100,,0.00,,255.00
2026-08-13T04:00:00+00:00,KXFED-26OCT-T5.00,0.0000,0.0100,,0.00,,255.00
2026-08-14T04:00:00+00:00,KXFED-26OCT-T5.00,0.0000,0.0100,,0.00,,255.00
2026-08-15T04:00:00+00:00,KXFED-26OCT-T5.00,0.0000,0.0100,,0.00,,255.00
2026-08-17T04:00:00+00:00,KXFED-26OCT-T5.00,0.0000,0.0100,,0.00,,255.00
2026-08-19T04:00:00+00:00,KXFED-26OCT-T5.00,0.0000,0.0100,,0.00,,255.00
2026-08-20T04:00:00+00:00,KXFED-26OCT-T5.00,0.0000,0.0100,,0.00,,255.00
2026-08-21T04:00:00+00:00,KXFED-26OCT-T5.00,0.0000,0.0100,,0.00,,255.00
2026-08-22T04:00:00+00:00,KXFED-26OCT-T5.00,0.0000,0.0100,,0.00,,255.00
2026-08-26T04:00:00+00:00,KXFED-26OCT-T5.00,0.0000,0.0100,,0.00,,255.00
2026-08-27T04:00:00+00:00,KXFED-26OCT-T5.00,0.0000,0.0100,,0.00,,255.00
2026-08-28T04:00:00+00:00,KXFED-26OCT-T5.00,0.0000,0.0100,,0.00,,255.00
2026-08-29T04:00:00+00:00,KXFED-26OCT-T5.00,0.0000,0.0100,,0.00,,255.00
2026-08-30T04:00:00+00:00,KXFED-26OCT-T5.00,0.0000,0.0100,,0.00,,255.00
2026-09-01T04:00:00+00:00,KXFED-26OCT-T5.00,0.0000,0.0100,,0.00,,255.00
2026-09-02T04:00:00+00:00,KXFED-26OCT-T5.00,0.0000,0.0100,,0.00,,255.00
2026-09-03T04:00:00+00:00,KXFED-26OCT-T5.00,0.0000,0.0100,,0.00,,255.00
2026-09-04T04:00:00+00:00,KXFED-26OCT-T5.00,0.0000,0.0200,,0.00,,255.00
2026-09-05T04:00:00+00:00,KXFED-26OCT-T5.00,0.0000,0.0200,,0.00,,255.00
2026-09-10T04:00:00+00:00,KXFED-26OCT-T5.00,0.0000,0.0200,,0.00,,255.00
2026-09-11T04:00:00+00:00,KXFED-26OCT-T5.00,0.0000,0.0200,,0.00,,255.00
2026-09-12T04:00:00+00:00,KXFED-26OCT-T5.00,0.0000,0.0200,,0.00,,255.00
2026-09-13T04:00:00+00:00,KXFED-26OCT-T5.00,0.0000,0.0200,,0.00,,255.00
2026-09-14T04:00:00+00:00,KXFED-26OCT-T5.00,0.0000,0.0200,,0.00,,255.00
2026-09-15T04:00:00+00:00,KXFED-26OCT-T5.00,0.0000,0.0200,,0.00,,255.00
2026-09-16T04:00:00+00:00,KXFED-26OCT-T5.00,0.0000,0.0100,,0.00,,255.00
2026-09-17T04:00:00+00:00,KXFED-26OCT-T5.00,0.0000,0.0100,,0.00,,255.00
2026-09-18T04:00:00+00:00,KXFED-26OCT-T5.00,0.0000,0.0100,,0.00,,255.00
2026-08-02T04:00:00+00:00,KXFED-26OCT-T4.75,0.0100,0.0200,0.0100,46.00,,650.16
2026-08-03T04:00:00+00:00,KXFED-26OCT-T4.75,0.0100,0.0200,,0.00,,650.16
2026-08-04T04:00:00+00:00,KXFED-26OCT-T4.75,0.0100,0.0200,,0.00,,650.16
2026-08-05T04:00:00+00:00,KXFED-26OCT-T4.75,0.0100,0.0200,,0.00,,650.16
2026-08-06T04:00:00+00:00,KXFED-26OCT-T4.75,0.0100,0.0200,,0.00,,650.16
2026-08-07T04:00:00+00:00,KXFED-26OCT-T4.75,0.0100,0.0200,,0.00,,650.16
2026-08-08T04:00:00+00:00,KXFED-26OCT-T4.75,0.0100,0.0200,,0.00,,650.16
2026-08-09T04:00:00+00:00,KXFED-26OCT-T4.75,0.0100,0.0200,,0.00,,650.16
2026-08-10T04:00:00+00:00,KXFED-26OCT-T4.75,0.0100,0.0200,,0.00,,650.16
2026-08-11T04:00:00+00:00,KXFED-26OCT-T4.75,0.0100,0.0200,,0.00,,650.16
2026-08-12T04:00:00+00:00,KXFED-26OCT-T4.75,0.0100,0.0200,0.0100,1.00,,651.16
2026-08-13T04:00:00+00:00,KXFED-26OCT-T4.75,0.0100,0.0200,0.0200,40.00,,651.16
2026-08-14T04:00:00+00:00,KXFED-26OCT-T4.75,0.0000,0.0100,0.0100,37.84,,648.16
2026-08-15T04:00:00+00:00,KXFED-26OCT-T4.75,0.0000,0.0100,,0.00,,648.16
2026-08-17T04:00:00+00:00,KXFED-26OCT-T4.75,0.0000,0.0100,,0.00,,648.16
2026-08-18T04:00:00+00:00,KXFED-26OCT-T4.75,0.0000,0.0100,,0.00,,648.16
2026-08-19T04:00:00+00:00,KXFED-26OCT-T4.75,0.0000,0.0100,,0.00,,648.16
2026-08-20T04:00:00+00:00,KXFED-26OCT-T4.75,0.0000,0.0100,,0.00,,648.16
2026-08-21T04:00:00+00:00,KXFED-26OCT-T4.75,0.0000,0.0100,,0.00,,648.16
2026-08-22T04:00:00+00:00,KXFED-26OCT-T4.75,0.0000,0.0100,,0.00,,648.16
2026-08-24T04:00:00+00:00,KXFED-26OCT-T4.75,0.0000,0.0100,,0.00,,648.16
2026-08-26T04:00:00+00:00,KXFED-26OCT-T4.75,0.0000,0.0100,,0.00,,648.16
2026-08-27T04:00:00+00:00,KXFED-26OCT-T4.75,0.0000,0.0100,,0.00,,648.16
2026-08-28T04:00:00+00:00,KXFED-26OCT-T4.75,0.0000,0.0100,,0.00,,648.16
2026-08-29T04:00:00+00:00,KXFED-26OCT-T4.75,0.0000,0.0100,,0.00,,648.16
2026-09-01T04:00:00+00:00,KXFED-26OCT-T4.75,0.0000,0.0100,,0.00,,648.16
2026-09-02T04:00:00+00:00,KXFED-26OCT-T4.75,0.0000,0.0100,,0.00,,648.16
2026-09-03T04:00:00+00:00,KXFED-26OCT-T4.75,0.0000,0.0100,,0.00,,648.16
2026-09-04T04:00:00+00:00,KXFED-26OCT-T4.75,0.0000,0.0100,,0.00,,648.16
2026-09-05T04:00:00+00:00,KXFED-26OCT-T4.75,0.0000,0.0200,,0.00,,648.16
2026-09-06T04:00:00+00:00,KXFED-26OCT-T4.75,0.0000,0.0100,,0.00,,648.16
2026-09-07T04:00:00+00:00,KXFED-26OCT-T4.75,0.0000,0.0100,,0.00,,648.16
2026-09-09T04:00:00+00:00,KXFED-26OCT-T4.75,0.0000,0.0100,,0.00,,648.16
2026-09-10T04:00:00+00:00,KXFED-26OCT-T4.75,0.0000,0.0100,,0.00,,648.16
2026-09-11T04:00:00+00:00,KXFED-26OCT-T4.75,0.0000,0.0100,,0.00,,648.16
2026-09-12T04:00:00+00:00,KXFED-26OCT-T4.75,0.0000,0.0100,,0.00,,648.16
2026-09-13T04:00:00+00:00,KXFED-26OCT-T4.75,0.0000,0.0100,,0.00,,648.16
2026-09-15T04:00:00+00:00,KXFED-26OCT-T4.75,0.0000,0.0200,,0.00,,648.16
2026-09-16T04:00:00+00:00,KXFED-26OCT-T4.75,0.0000,0.0100,,0.00,,648.16
2026-09-17T04:00:00+00:00,KXFED-26OCT-T4.75,0.0000,0.0100,,0.00,,648.16
2026-09-18T04:00:00+00:00,KXFED-26OCT-T4.75,0.0000,0.0100,,0.00,,648.16
2026-08-02T04:00:00+00:00,KXFED-26OCT-T4.50,0.0100,0.0200,,0.00,,1088.00
2026-08-03T04:00:00+00:00,KXFED-26OCT-T4.50,0.0100,0.0200,,0.00,,1088.00
2026-08-04T04:00:00+00:00,KXFED-26OCT-T4.50,0.0100,0.0200,,0.00,,1088.00
2026-08-05T04:00:00+00:00,KXFED-26OCT-T4.50,0.0100,0.0200,,0.00,,1088.00
2026-08-06T04:00:00+00:00,KXFED-26OCT-T4.50,0.0100,0.0200,,0.00,,1088.00
2026-08-07T04:00:00+00:00,KXFED-26OCT-T4.50,0.0100,0.0200,,0.00,,1088.00
2026-08-08T04:00:00+00:00,KXFED-26OCT-T4.50,0.0100,0.0200,,0.00,,1088.00
2026-08-09T04:00:00+00:00,KXFED-26OCT-T4.50,0.0100,0.0200,,0.00,,1088.00
2026-08-10T04:00:00+00:00,KXFED-26OCT-T4.50,0.0100,0.0200,,0.00,,1088.00
2026-08-11T04:00:00+00:00,KXFED-26OCT-T4.50,0.0100,0.0300,,0.00,,1088.00
2026-08-12T04:00:00+00:00,KXFED-26OCT-T4.50,0.0100,0.0200,0.0200,1.00,,1089.00
2026-08-13T04:00:00+00:00,KXFED-26OCT-T4.50,0.0100,0.0200,,0.00,,1089.00
2026-08-14T04:00:00+00:00,KXFED-26OCT-T4.50,0.0100,0.0200,,0.00,,1089.00
2026-08-15T04:00:00+00:00,KXFED-26OCT-T4.50,0.0100,0.0200,,0.00,,1089.00
2026-08-16T04:00:00+00:00,KXFED-26OCT-T4.50,0.0100,0.0200,0.0100,200.00,,1289.00
2026-08-17T04:00:00+00:00,KXFED-26OCT-T4.50,0.0100,0.0200,,0.00,,1289.00
2026-08-18T04:00:00+00:00,KXFED-26OCT-T4.50,0.0100,0.0200,,0.00,,1289.00
2026-08-19T04:00:00+00:00,KXFED-26OCT-T4.50,0.0100,0.0200,,0.00,,1289.00
2026-08-20T04:00:00+00:00,KXFED-26OCT-T4.50,0.0000,0.0100,0.0100,4.00,,1289.00
2026-08-21T04:00:00+00:00,KXFED-26OCT-T4.50,0.0000,0.0100,,0.00,,1289.00
2026-08-22T04:00:00+00:00,KXFED-26OCT-T4.50,0.0000,0.0100,,0.00,,1289.00
2026-08-24T04:00:00+00:00,KXFED-26OCT-T4.50,0.0000,0.0100,,0.00,,1289.00
2026-08-26T04:00:00+00:00,KXFED-26OCT-T4.50,0.0000,0.0100,,0.00,,1289.00
2026-08-27T04:00:00+00:00,KXFED-26OCT-T4.50,0.0000,0.0100,,0.00,,1289.00
2026-08-28T04:00:00+00:00,KXFED-26OCT-T4.50,0.0000,0.0100,,0.00,,1289.00
2026-08-29T04:00:00+00:00,KXFED-26OCT-T4.50,0.0000,0.0100,,0.00,,1289.00
2026-09-01T04:00:00+00:00,KXFED-26OCT-T4.50,0.0000,0.0100,,0.00,,1289.00
2026-09-02T04:00:00+00:00,KXFED-26OCT-T4.50,0.0000,0.0100,,0.00,,1289.00
2026-09-03T04:00:00+00:00,KXFED-26OCT-T4.50,0.0000,0.0100,,0.00,,1289.00
2026-09-04T04:00:00+00:00,KXFED-26OCT-T4.50,0.0000,0.0100,,0.00,,1289.00
2026-09-05T04:00:00+00:00,KXFED-26OCT-T4.50,0.0000,0.0100,,0.00,,1289.00
2026-09-06T04:00:00+00:00,KXFED-26OCT-T4.50,0.0000,0.0100,,0.00,,1289.00
2026-09-07T04:00:00+00:00,KXFED-26OCT-T4.50,0.0000,0.0100,,0.00,,1289.00
2026-09-09T04:00:00+00:00,KXFED-26OCT-T4.50,0.0000,0.0100,,0.00,,1289.00
2026-09-10T04:00:00+00:00,KXFED-26OCT-T4.50,0.0000,0.0100,,0.00,,1289.00
2026-09-11T04:00:00+00:00,KXFED-26OCT-T4.50,0.0000,0.0100,,0.00,,1289.00
2026-09-12T04:00:00+00:00,KXFED-26OCT-T4.50,0.0000,0.0100,,0.00,,1289.00
2026-09-13T04:00:00+00:00,KXFED-26OCT-T4.50,0.0000,0.0100,,0.00,,1289.00
2026-09-14T04:00:00+00:00,KXFED-26OCT-T4.50,0.0000,0.0100,,0.00,,1289.00
2026-09-15T04:00:00+00:00,KXFED-26OCT-T4.50,0.0000,0.0200,,0.00,,1289.00
2026-09-16T04:00:00+00:00,KXFED-26OCT-T4.50,0.0000,0.0200,,0.00,,1289.00
2026-09-17T04:00:00+00:00,KXFED-26OCT-T4.50,0.0100,0.0200,0.0200,3531.32,,4074.22
2026-09-18T04:00:00+00:00,KXFED-26OCT-T4.50,0.0100,0.0200,0.0200,20.00,,4094.22
2026-09-19T04:00:00+00:00,KXFED-26OCT-T4.50,0.0000,0.0100,0.0100,760.22,,4094.22
2026-08-02T04:00:00+00:00,KXFED-26OCT-T4.25,0.0400,0.0500,,0.00,,560.42
2026-08-03T04:00:00+00:00,KXFED-26OCT-T4.25,0.0500,0.0600,0.0500,175.00,,685.42
2026-08-04T04:00:00+00:00,KXFED-26OCT-T4.25,0.0400,0.0500,0.0500,6.00,,685.42
2026-08-05T04:00:00+00:00,KXFED-26OCT-T4.25,0.0400,0.0500,,0.00,,685.42
2026-08-06T04:00:00+00:00,KXFED-26OCT-T4.25,0.0400,0.0500,,0.00,,685.42
2026-08-07T04:00:00+00:00,KXFED-26OCT-T4.25,0.0300,0.0400,0.0400,25.00,,710.42
2026-08-08T04:00:00+00:00,KXFED-26OCT-T4.25,0.0300,0.0400,,0.00,,710.42
2026-08-09T04:00:00+00:00,KXFED-26OCT-T4.25,0.0300,0.0400,,0.00,,710.42
2026-08-10T04:00:00+00:00,KXFED-26OCT-T4.25,0.0300,0.0400,,0.00,,710.42
2026-08-11T04:00:00+00:00,KXFED-26OCT-T4.25,0.0400,0.0500,,0.00,,710.42
2026-08-12T04:00:00+00:00,KXFED-26OCT-T4.25,0.0400,0.0500,,0.00,,710.42
2026-08-13T04:00:00+00:00,KXFED-26OCT-T4.25,0.0300,0.0400,0.0400,0.63,,710.42
2026-08-14T04:00:00+00:00,KXFED-26OCT-T4.25,0.0300,0.0400,0.0300,100.00,,710.42
2026-08-15T04:00:00+00:00,KXFED-26OCT-T4.25,0.0200,0.0300,,0.00,,710.42
2026-08-16T04:00:00+00:00,KXFED-26OCT-T4.25,0.0200,0.0300,,0.00,,710.42
2026-08-17T04:00:00+00:00,KXFED-26OCT-T4.25,0.0200,0.0300,,0.00,,710.42
2026-08-18T04:00:00+00:00,KXFED-26OCT-T4.25,0.0200,0.0300,0.0200,3.00,,707.42
2026-08-19T04:00:00+00:00,KXFED-26OCT-T4.25,0.0200,0.0300,,0.00,,707.42
2026-08-20T04:00:00+00:00,KXFED-26OCT-T4.25,0.0000,0.0100,0.0100,1478.21,,1963.62
2026-08-21T04:00:00+00:00,KXFED-26OCT-T4.25,0.0000,0.0100,,0.00,,1963.62
2026-08-22T04:00:00+00:00,KXFED-26OCT-T4.25,0.0000,0.0100,,0.00,,1963.62
2026-08-24T04:00:00+00:00,KXFED-26OCT-T4.25,0.0000,0.0100,,0.00,,1963.62
2026-08-27T04:00:00+00:00,KXFED-26OCT-T4.25,0.0000,0.0100,,0.00,,1963.62
2026-08-28T04:00:00+00:00,KXFED-26OCT-T4.25,0.0000,0.0100,0.0100,1.00,,1964.62
2026-08-29T04:00:00+00:00,KXFED-26OCT-T4.25,0.0000,0.0100,,0.00,,1964.62
2026-09-01T04:00:00+00:00,KXFED-26OCT-T4.25,0.0000,0.0100,,0.00,,1964.62
2026-09-02T04:00:00+00:00,KXFED-26OCT-T4.25,0.0000,0.0100,,0.00,,1964.62
2026-09-03T04:00:00+00:00,KXFED-26OCT-T4.25,0.0000,0.0100,,0.00,,1964.62
2026-09-04T04:00:00+00:00,KXFED-26OCT-T4.25,0.0000,0.0100,,0.00,,1964.62
2026-09-05T04:00:00+00:00,KXFED-26OCT-T4.25,0.0000,0.0100,,0.00,,1964.62
2026-09-06T04:00:00+00:00,KXFED-26OCT-T4.25,0.0000,0.0100,,0.00,,1964.62
2026-09-07T04:00:00+00:00,KXFED-26OCT-T4.25,0.0000,0.0100,,0.00,,1964.62
2026-09-09T04:00:00+00:00,KXFED-26OCT-T4.25,0.0000,0.0100,,0.00,,1964.62
2026-09-10T04:00:00+00:00,KXFED-26OCT-T4.25,0.0000,0.0100,,0.00,,1964.62
2026-09-11T04:00:00+00:00,KXFED-26OCT-T4.25,0.0000,0.0100,,0.00,,1964.62
2026-09-12T04:00:00+00:00,KXFED-26OCT-T4.25,0.0100,0.0200,0.0100,46.00,,1964.62
2026-09-13T04:00:00+00:00,KXFED-26OCT-T4.25,0.0100,0.0200,,0.00,,1964.62
2026-09-14T04:00:00+00:00,KXFED-26OCT-T4.25,0.0100,0.0200,,0.00,,1964.62
2026-09-15T04:00:00+00:00,KXFED-26OCT-T4.25,0.0100,0.0200,0.0200,1192.00,,2198.72
2026-09-16T04:00:00+00:00,KXFED-26OCT-T4.25,0.0100,0.0200,0.0200,18.00,,2215.39
2026-09-17T04:00:00+00:00,KXFED-26OCT-T4.25,0.0100,0.0200,0.0200,2709.55,,4869.96
2026-09-18T04:00:00+00:00,KXFED-26OCT-T4.25,0.0100,0.0200,0.0200,2152.68,,7022.64
2026-09-19T04:00:00+00:00,KXFED-26OCT-T4.25,0.0100,0.0200,0.0200,2874.19,,9856.83
2026-08-02T04:00:00+00:00,KXFED-26OCT-T4.00,0.1600,0.1700,,0.00,,2845.66
2026-08-03T04:00:00+00:00,KXFED-26OCT-T4.00,0.1300,0.1600,0.1600,20.00,,2865.65
2026-08-04T04:00:00+00:00,KXFED-26OCT-T4.00,0.1600,0.1700,0.1600,18.00,,2873.65
2026-08-05T04:00:00+00:00,KXFED-26OCT-T4.00,0.1400,0.1500,0.1400,8.00,,2870.27
2026-08-06T04:00:00+00:00,KXFED-26OCT-T4.00,0.1000,0.1400,0.1100,834.74,,3273.89
2026-08-07T04:00:00+00:00,KXFED-26OCT-T4.00,0.1000,0.1200,,0.00,,3273.89
2026-08-08T04:00:00+00:00,KXFED-26OCT-T4.00,0.0900,0.1100,0.1100,123.73,,3367.89
2026-08-09T04:00:00+00:00,KXFED-26OCT-T4.00,0.0700,0.1100,,0.00,,3367.89
2026-08-10T04:00:00+00:00,KXFED-26OCT-T4.00,0.0900,0.1100,0.1100,62.00,,3429.89
2026-08-11T04:00:00+00:00,KXFED-26OCT-T4.00,0.0900,0.1000,,0.00,,3429.89
2026-08-12T04:00:00+00:00,KXFED-26OCT-T4.00,0.0800,0.1000,0.1100,156.00,,3585.89
2026-08-13T04:00:00+00:00,KXFED-26OCT-T4.00,0.0700,0.0800,0.0700,246.00,,3810.89
2026-08-14T04:00:00+00:00,KXFED-26OCT-T4.00,0.0700,0.0800,0.0700,200.00,,3810.89
2026-08-15T04:00:00+00:00,KXFED-26OCT-T4.00,0.0600,0.0700,,0.00,,3810.89
2026-08-16T04:00:00+00:00,KXFED-26OCT-T4.00,0.0700,0.0800,0.0700,32.00,,3842.89
2026-08-17T04:00:00+00:00,KXFED-26OCT-T4.00,0.0700,0.0800,0.0800,21.00,,3863.89
2026-08-18T04:00:00+00:00,KXFED-26OCT-T4.00,0.0700,0.0800,0.0700,100.00,,3963.89
2026-08-19T04:00:00+00:00,KXFED-26OCT-T4.00,0.0700,0.0800,0.0700,1.07,,3964.96
2026-08-20T04:00:00+00:00,KXFED-26OCT-T4.00,0.0600,0.0800,0.0600,388.93,,4353.89
2026-08-21T04:00:00+00:00,KXFED-26OCT-T4.00,0.0600,0.0700,0.0600,267.00,,4620.89
2026-08-22T04:00:00+00:00,KXFED-26OCT-T4.00,0.0600,0.0700,0.0700,1.00,,4621.89
2026-08-23T04:00:00+00:00,KXFED-26OCT-T4.00,0.0600,0.0800,0.0800,25.00,,4632.64
2026-08-24T04:00:00+00:00,KXFED-26OCT-T4.00,0.0600,0.0800,,0.00,,4632.64
2026-08-25T04:00:00+00:00,KXFED-26OCT-T4.00,0.0600,0.0700,0.0800,91.74,,4719.59
2026-08-26T04:00:00+00:00,KXFED-26OCT-T4.00,0.0600,0.0700,,0.00,,4719.59
2026-08-27T04:00:00+00:00,KXFED-26OCT-T4.00,0.0400,0.0500,0.0500,236.00,,4898.59
2026-08-28T04:00:00+00:00,KXFED-26OCT-T4.00,0.0400,0.0600,,0.00,,4898.59
2026-08-29T04:00:00+00:00,KXFED-26OCT-T4.00,0.0400,0.0600,0.0700,1642.00,,6456.59
2026-08-30T04:00:00+00:00,KXFED-26OCT-T4.00,0.0600,0.0700,0.0600,500.00,,6956.59
2026-08-31T04:00:00+00:00,KXFED-26OCT-T4.00,0.0600,0.0900,0.1000,127.42,,6972.01
2026-09-01T04:00:00+00:00,KXFED-26OCT-T4.00,0.0600,0.0900,0.0600,9.00,,6972.01
2026-09-02T04:00:00+00:00,KXFED-26OCT-T4.00,0.0600,0.0900,,0.00,,6972.01
2026-09-03T04:00:00+00:00,KXFED-26OCT-T4.00,0.0600,0.0900,,0.00,,6972.01
2026-09-04T04:00:00+00:00,KXFED-26OCT-T4.00,0.0500,0.0900,,0.00,,6972.01
2026-09-05T04:00:00+00:00,KXFED-26OCT-T4.00,0.0300,0.0700,0.0300,128.00,,7012.70
2026-09-06T04:00:00+00:00,KXFED-26OCT-T4.00,0.0400,0.0900,0.0800,2070.07,,9038.95
2026-09-07T04:00:00+00:00,KXFED-26OCT-T4.00,0.0600,0.0900,,0.00,,9038.95
2026-09-08T04:00:00+00:00,KXFED-26OCT-T4.00,0.0600,0.0800,0.0900,22.00,,9057.79
2026-09-09T04:00:00+00:00,KXFED-26OCT-T4.00,0.0700,0.0900,0.0900,478.93,,9536.72
2026-09-10T04:00:00+00:00,KXFED-26OCT-T4.00,0.0700,0.0800,0.0900,17.44,,9554.16
2026-09-11T04:00:00+00:00,KXFED-26OCT-T4.00,0.0700,0.1000,0.1000,1156.02,,10040.06
2026-09-12T04:00:00+00:00,KXFED-26OCT-T4.00,0.1800,0.2100,0.2300,1682.60,,11047.10
2026-09-13T04:00:00+00:00,KXFED-26OCT-T4.00,0.2100,0.2200,0.2200,57.30,,11048.09
2026-09-14T04:00:00+00:00,KXFED-26OCT-T4.00,0.2500,0.2800,0.2800,968.27,,11992.11
2026-09-15T04:00:00+00:00,KXFED-26OCT-T4.00,0.3100,0.3200,0.3100,680.53,,12530.46
2026-09-16T04:00:00+00:00,KXFED-26OCT-T4.00,0.3300,0.3400,0.3200,1884.14,,13073.78
2026-09-17T04:00:00+00:00,KXFED-26OCT-T4.00,0.4600,0.4700,0.4600,11455.64,,21450.71
2026-09-18T04:00:00+00:00,KXFED-26OCT-T4.00,0.5000,0.5100,0.5100,1486.33,,21738.60
2026-09-19T04:00:00+00:00,KXFED-26OCT-T4.00,0.5400,0.5500,0.5400,10759.87,,30475.16
2026-08-02T04:00:00+00:00,KXFED-26OCT-T3.75,0.6300,0.6500,0.6500,12.00,,1406.40
2026-08-03T04:00:00+00:00,KXFED-26OCT-T3.75,0.6300,0.6400,0.6300,26.00,,1410.10
2026-08-04T04:00:00+00:00,KXFED-26OCT-T3.75,0.6200,0.6400,0.6200,1.00,,1410.10
2026-08-05T04:00:00+00:00,KXFED-26OCT-T3.75,0.6300,0.6400,,0.00,,1410.10
2026-08-06T04:00:00+00:00,KXFED-26OCT-T3.75,0.6100,0.6200,0.6200,7.00,,1410.10
2026-08-07T04:00:00+00:00,KXFED-26OCT-T3.75,0.5800,0.6100,0.6100,177.92,,1588.02
2026-08-08T04:00:00+00:00,KXFED-26OCT-T3.75,0.5300,0.5700,0.5500,290.17,,1698.27
2026-08-09T04:00:00+00:00,KXFED-26OCT-T3.75,0.5600,0.5700,0.5700,225.33,,1923.60
2026-08-10T04:00:00+00:00,KXFED-26OCT-T3.75,0.4500,0.5700,0.5700,36.00,,1959.60
2026-08-11T04:00:00+00:00,KXFED-26OCT-T3.75,0.4300,0.5800,0.4700,3.00,,1962.60
2026-08-12T04:00:00+00:00,KXFED-26OCT-T3.75,0.4600,0.6000,0.4700,2.13,,1962.60
2026-08-13T04:00:00+00:00,KXFED-26OCT-T3.75,0.4400,0.4800,0.4900,408.59,,1949.59
2026-08-14T04:00:00+00:00,KXFED-26OCT-T3.75,0.4100,0.4500,0.4200,98.39,,1949.59
2026-08-15T04:00:00+00:00,KXFED-26OCT-T3.75,0.3600,0.4100,0.4000,108.42,,2044.88
2026-08-16T04:00:00+00:00,KXFED-26OCT-T3.75,0.4000,0.4200,0.4000,9.72,,2054.60
2026-08-17T04:00:00+00:00,KXFED-26OCT-T3.75,0.4000,0.4400,,0.00,,2054.60
2026-08-18T04:00:00+00:00,KXFED-26OCT-T3.75,0.4100,0.4200,,0.00,,2054.60
2026-08-19T04:00:00+00:00,KXFED-26OCT-T3.75,0.4200,0.6400,0.4200,2344.96,,4279.93
2026-08-20T04:00:00+00:00,KXFED-26OCT-T3.75,0.4200,0.6400,,0.00,,4279.93
2026-08-21T04:00:00+00:00,KXFED-26OCT-T3.75,0.4300,0.5300,,0.00,,4279.93
2026-08-22T04:00:00+00:00,KXFED-26OCT-T3.75,0.4300,0.5400,0.5300,1.00,,4280.93
2026-08-23T04:00:00+00:00,KXFED-26OCT-T3.75,0.4600,0.6400,0.6400,5.00,,4281.93
2026-08-24T04:00:00+00:00,KXFED-26OCT-T3.75,0.5000,0.5200,0.4900,365.45,,4445.88
2026-08-25T04:00:00+00:00,KXFED-26OCT-T3.75,0.4800,0.5000,0.5000,0.01,,4445.89
2026-08-26T04:00:00+00:00,KXFED-26OCT-T3.75,0.4800,0.5000,,0.00,,4445.89
2026-08-27T04:00:00+00:00,KXFED-26OCT-T3.75,0.4900,0.5000,0.4900,3.00,,4444.89
2026-08-28T04:00:00+00:00,KXFED-26OCT-T3.75,0.4900,0.5000,0.4900,56.87,,4444.89
2026-08-29T04:00:00+00:00,KXFED-26OCT-T3.75,0.5500,0.5700,0.5500,1093.12,,4532.10
2026-08-30T04:00:00+00:00,KXFED-26OCT-T3.75,0.5900,0.6100,0.5800,217.61,,4444.22
2026-08-31T04:00:00+00:00,KXFED-26OCT-T3.75,0.5900,0.6200,0.5900,56.89,,4501.11
2026-09-01T04:00:00+00:00,KXFED-26OCT-T3.75,0.5900,0.6200,0.6200,203.00,,4463.98
2026-09-02T04:00:00+00:00,KXFED-26OCT-T3.75,0.6100,0.6300,0.6300,61.00,,4466.98
2026-09-03T04:00:00+00:00,KXFED-26OCT-T3.75,0.6200,0.6400,0.6300,692.00,,4045.98
2026-09-04T04:00:00+00:00,KXFED-26OCT-T3.75,0.5900,0.6200,0.5900,860.84,,4596.41
2026-09-05T04:00:00+00:00,KXFED-26OCT-T3.75,0.5900,0.6100,0.6200,9.00,,4600.56
2026-09-06T04:00:00+00:00,KXFED-26OCT-T3.75,0.6200,0.6400,0.6400,17.00,,4617.56
2026-09-07T04:00:00+00:00,KXFED-26OCT-T3.75,0.6100,0.6500,0.6100,127.00,,4740.56
2026-09-08T04:00:00+00:00,KXFED-26OCT-T3.75,0.6200,0.6500,0.6100,44.00,,4714.56
2026-09-09T04:00:00+00:00,KXFED-26OCT-T3.75,0.6200,0.6300,0.6200,5.04,,4719.60
2026-09-10T04:00:00+00:00,KXFED-26OCT-T3.75,0.6200,0.6400,,0.00,,4719.60
2026-09-11T04:00:00+00:00,KXFED-26OCT-T3.75,0.7000,0.7100,0.7100,997.13,,4707.46
2026-09-12T04:00:00+00:00,KXFED-26OCT-T3.75,0.8500,0.9200,0.8500,1346.39,,5821.78
2026-09-13T04:00:00+00:00,KXFED-26OCT-T3.75,0.8600,0.8800,0.8600,95.00,,5811.78
2026-09-14T04:00:00+00:00,KXFED-26OCT-T3.75,0.8600,0.8800,0.8700,27.00,,5809.78
2026-09-15T04:00:00+00:00,KXFED-26OCT-T3.75,0.8700,0.9000,0.8700,86.03,,5889.81
2026-09-16T04:00:00+00:00,KXFED-26OCT-T3.75,0.8700,0.9100,0.8700,1152.00,,6437.25
2026-09-17T04:00:00+00:00,KXFED-26OCT-T3.75,0.9800,0.9900,0.9900,8558.96,,13034.50
2026-09-18T04:00:00+00:00,KXFED-26OCT-T3.75,0.9800,1.0000,0.9800,817.83,,13760.50
2026-09-19T04:00:00+00:00,KXFED-26OCT-T3.75,0.9800,1.0000,0.9800,5.00,,13760.50
2026-08-02T04:00:00+00:00,KXFED-26OCT-T3.50,0.9300,0.9400,0.9300,35.00,,2944.70
2026-08-03T04:00:00+00:00,KXFED-26OCT-T3.50,0.9300,0.9400,,0.00,,2944.70
2026-08-04T04:00:00+00:00,KXFED-26OCT-T3.50,0.9300,0.9400,,0.00,,2944.70
2026-08-05T04:00:00+00:00,KXFED-26OCT-T3.50,0.9300,0.9400,,0.00,,2944.70
2026-08-06T04:00:00+00:00,KXFED-26OCT-T3.50,0.9300,0.9400,,0.00,,2944.70
2026-08-07T04:00:00+00:00,KXFED-26OCT-T3.50,0.9200,0.9400,,0.00,,2944.70
2026-08-08T04:00:00+00:00,KXFED-26OCT-T3.50,0.9300,0.9400,0.9200,177.76,,3122.46
2026-08-09T04:00:00+00:00,KXFED-26OCT-T3.50,0.9200,0.9300,,0.00,,3122.46
2026-08-10T04:00:00+00:00,KXFED-26OCT-T3.50,0.9200,0.9300,0.9200,510.64,,3633.10
2026-08-11T04:00:00+00:00,KXFED-26OCT-T3.50,0.9200,0.9400,,0.00,,3633.10
2026-08-12T04:00:00+00:00,KXFED-26OCT-T3.50,0.9200,0.9400,,0.00,,3633.10
2026-08-13T04:00:00+00:00,KXFED-26OCT-T3.50,0.9300,0.9700,0.9300,33.53,,3666.63
2026-08-14T04:00:00+00:00,KXFED-26OCT-T3.50,0.9300,0.9800,,0.00,,3666.63
2026-08-15T04:00:00+00:00,KXFED-26OCT-T3.50,0.9500,0.9800,0.9200,848.00,,3674.63
2026-08-16T04:00:00+00:00,KXFED-26OCT-T3.50,0.9300,0.9400,0.9400,500.00,,3795.56
2026-08-17T04:00:00+00:00,KXFED-26OCT-T3.50,0.9300,0.9400,0.9300,41.00,,3836.56
2026-08-18T04:00:00+00:00,KXFED-26OCT-T3.50,0.9300,0.9400,,0.00,,3836.56
2026-08-19T04:00:00+00:00,KXFED-26OCT-T3.50,0.9300,0.9400,,0.00,,3836.56
2026-08-20T04:00:00+00:00,KXFED-26OCT-T3.50,0.9300,0.9400,,0.00,,3836.56
2026-08-21T04:00:00+00:00,KXFED-26OCT-T3.50,0.9300,0.9400,0.9400,1.00,,3836.56
2026-08-22T04:00:00+00:00,KXFED-26OCT-T3.50,0.9300,0.9400,,0.00,,3836.56
2026-08-23T04:00:00+00:00,KXFED-26OCT-T3.50,0.9300,0.9400,,0.00,,3836.56
2026-08-26T04:00:00+00:00,KXFED-26OCT-T3.50,0.9300,0.9400,,0.00,,3836.56
2026-08-27T04:00:00+00:00,KXFED-26OCT-T3.50,0.9300,0.9400,,0.00,,3836.56
2026-08-28T04:00:00+00:00,KXFED-26OCT-T3.50,0.9300,0.9400,0.9300,4.00,,3838.56
2026-08-29T04:00:00+00:00,KXFED-26OCT-T3.50,0.9600,0.9700,0.9600,190.09,,3954.98
2026-08-30T04:00:00+00:00,KXFED-26OCT-T3.50,0.9500,0.9600,0.9500,2906.00,,6731.91
2026-08-31T04:00:00+00:00,KXFED-26OCT-T3.50,0.9400,0.9500,0.9500,28.12,,6760.03
2026-09-01T04:00:00+00:00,KXFED-26OCT-T3.50,0.9500,0.9600,0.9500,86.00,,6761.03
2026-09-02T04:00:00+00:00,KXFED-26OCT-T3.50,0.9500,0.9600,,0.00,,6761.03
2026-09-03T04:00:00+00:00,KXFED-26OCT-T3.50,0.9500,0.9600,,0.00,,6761.03
2026-09-04T04:00:00+00:00,KXFED-26OCT-T3.50,0.9500,0.9600,0.9600,674.65,,6768.68
2026-09-05T04:00:00+00:00,KXFED-26OCT-T3.50,0.9600,0.9700,0.9600,548.00,,6958.66
2026-09-06T04:00:00+00:00,KXFED-26OCT-T3.50,0.9600,0.9700,0.9700,1.00,,6958.66
2026-09-07T04:00:00+00:00,KXFED-26OCT-T3.50,0.9600,0.9700,,0.00,,6958.66
2026-09-08T04:00:00+00:00,KXFED-26OCT-T3.50,0.9600,0.9700,,0.00,,6958.66
2026-09-09T04:00:00+00:00,KXFED-26OCT-T3.50,0.9600,0.9700,,0.00,,6958.66
2026-09-10T04:00:00+00:00,KXFED-26OCT-T3.50,0.9600,0.9700,,0.00,,6958.66
2026-09-11T04:00:00+00:00,KXFED-26OCT-T3.50,0.9700,0.9900,0.9700,1237.58,,7162.24
2026-09-12T04:00:00+00:00,KXFED-26OCT-T3.50,0.9800,1.0000,0.9900,243.72,,7405.96
2026-09-13T04:00:00+00:00,KXFED-26OCT-T3.50,0.9800,1.0000,,0.00,,7405.96
2026-09-14T04:00:00+00:00,KXFED-26OCT-T3.50,0.9900,1.0000,0.9800,442.06,,7405.96
2026-09-15T04:00:00+00:00,KXFED-26OCT-T3.50,0.9900,1.0000,,0.00,,7405.96
2026-09-16T04:00:00+00:00,KXFED-26OCT-T3.50,0.9900,1.0000,,0.00,,7405.96
2026-09-17T04:00:00+00:00,KXFED-26OCT-T3.50,0.9800,1.0000,,0.00,,7405.96
2026-09-18T04:00:00+00:00,KXFED-26OCT-T3.50,0.9800,1.0000,,0.00,,7405.96
2026-08-02T04:00:00+00:00,KXFED-26OCT-T3.25,0.9700,0.9800,,0.00,,1930.33
2026-08-03T04:00:00+00:00,KXFED-26OCT-T3.25,0.9700,0.9800,,0.00,,1930.33
2026-08-04T04:00:00+00:00,KXFED-26OCT-T3.25,0.9700,0.9800,,0.00,,1930.33
2026-08-05T04:00:00+00:00,KXFED-26OCT-T3.25,0.9700,0.9900,0.9900,5.00,,1925.75
2026-08-06T04:00:00+00:00,KXFED-26OCT-T3.25,0.9800,0.9900,,0.00,,1925.75
2026-08-07T04:00:00+00:00,KXFED-26OCT-T3.25,0.9800,0.9900,0.9800,30.00,,1955.75
2026-08-08T04:00:00+00:00,KXFED-26OCT-T3.25,0.9700,0.9800,,0.00,,1955.75
2026-08-09T04:00:00+00:00,KXFED-26OCT-T3.25,0.9600,0.9800,,0.00,,1955.75
2026-08-10T04:00:00+00:00,KXFED-26OCT-T3.25,0.9700,0.9800,,0.00,,1955.75
2026-08-11T04:00:00+00:00,KXFED-26OCT-T3.25,0.9800,0.9900,,0.00,,1955.75
2026-08-12T04:00:00+00:00,KXFED-26OCT-T3.25,0.9600,0.9800,,0.00,,1955.75
2026-08-13T04:00:00+00:00,KXFED-26OCT-T3.25,0.9800,0.9900,,0.00,,1955.75
2026-08-14T04:00:00+00:00,KXFED-26OCT-T3.25,0.9700,0.9800,0.9800,30.47,,1955.28
2026-08-15T04:00:00+00:00,KXFED-26OCT-T3.25,0.9700,0.9800,,0.00,,1955.28
2026-08-17T04:00:00+00:00,KXFED-26OCT-T3.25,0.9700,0.9800,,0.00,,1955.28
2026-08-18T04:00:00+00:00,KXFED-26OCT-T3.25,0.9800,0.9900,0.9800,5.14,,1951.09
2026-08-19T04:00:00+00:00,KXFED-26OCT-T3.25,0.9800,0.9900,,0.00,,1951.09
2026-08-20T04:00:00+00:00,KXFED-26OCT-T3.25,0.9800,0.9900,,0.00,,1951.09
2026-08-21T04:00:00+00:00,KXFED-26OCT-T3.25,0.9800,0.9900,0.9900,1.00,,1952.09
2026-08-22T04:00:00+00:00,KXFED-26OCT-T3.25,0.9800,0.9900,,0.00,,1952.09
2026-08-23T04:00:00+00:00,KXFED-26OCT-T3.25,0.9800,0.9900,,0.00,,1952.09
2026-08-24T04:00:00+00:00,KXFED-26OCT-T3.25,0.9800,0.9900,,0.00,,1952.09
2026-08-25T04:00:00+00:00,KXFED-26OCT-T3.25,0.9800,0.9900,,0.00,,1952.09
2026-08-26T04:00:00+00:00,KXFED-26OCT-T3.25,0.9800,0.9900,,0.00,,1952.09
2026-08-27T04:00:00+00:00,KXFED-26OCT-T3.25,0.9800,0.9900,,0.00,,1952.09
2026-08-28T04:00:00+00:00,KXFED-26OCT-T3.25,0.9800,0.9900,,0.00,,1952.09
2026-08-29T04:00:00+00:00,KXFED-26OCT-T3.25,0.9800,0.9900,0.9800,9.00,,1952.09
2026-08-30T04:00:00+00:00,KXFED-26OCT-T3.25,0.9800,0.9900,,0.00,,1952.09
2026-08-31T04:00:00+00:00,KXFED-26OCT-T3.25,0.9800,0.9900,,0.00,,1952.09
2026-09-01T04:00:00+00:00,KXFED-26OCT-T3.25,0.9800,0.9900,0.9900,1.00,,1951.09
2026-09-02T04:00:00+00:00,KXFED-26OCT-T3.25,0.9800,0.9900,,0.00,,1951.09
2026-09-03T04:00:00+00:00,KXFED-26OCT-T3.25,0.9800,0.9900,,0.00,,1951.09
2026-09-04T04:00:00+00:00,KXFED-26OCT-T3.25,0.9800,0.9900,0.9800,3.00,,1951.09
2026-09-05T04:00:00+00:00,KXFED-26OCT-T3.25,0.9800,0.9900,0.9900,455.00,,1951.09
2026-09-06T04:00:00+00:00,KXFED-26OCT-T3.25,0.9800,0.9900,,0.00,,1951.09
2026-09-07T04:00:00+00:00,KXFED-26OCT-T3.25,0.9800,0.9900,,0.00,,1951.09
2026-09-08T04:00:00+00:00,KXFED-26OCT-T3.25,0.9800,0.9900,,0.00,,1951.09
2026-09-09T04:00:00+00:00,KXFED-26OCT-T3.25,0.9800,0.9900,,0.00,,1951.09
2026-09-10T04:00:00+00:00,KXFED-26OCT-T3.25,0.9800,0.9900,,0.00,,1951.09
2026-09-11T04:00:00+00:00,KXFED-26OCT-T3.25,0.9900,1.0000,0.9900,872.32,,2151.09
2026-09-12T04:00:00+00:00,KXFED-26OCT-T3.25,0.9900,1.0000,,0.00,,2151.09
2026-09-13T04:00:00+00:00,KXFED-26OCT-T3.25,0.9900,1.0000,,0.00,,2151.09
2026-09-15T04:00:00+00:00,KXFED-26OCT-T3.25,0.9900,1.0000,,0.00,,2151.09
2026-09-17T04:00:00+00:00,KXFED-26OCT-T3.25,0.9900,1.0000,0.9800,10.00,,2151.09
2026-09-18T04:00:00+00:00,KXFED-26OCT-T3.25,0.9900,1.0000,,0.00,,2151.09
2026-08-02T04:00:00+00:00,KXFED-26OCT-T3.00,0.9700,0.9800,,0.00,,1408.96
2026-08-03T04:00:00+00:00,KXFED-26OCT-T3.00,0.9800,0.9900,,0.00,,1408.96
2026-08-04T04:00:00+00:00,KXFED-26OCT-T3.00,0.9800,0.9900,,0.00,,1408.96
2026-08-05T04:00:00+00:00,KXFED-26OCT-T3.00,0.9800,0.9900,,0.00,,1408.96
2026-08-06T04:00:00+00:00,KXFED-26OCT-T3.00,0.9800,0.9900,,0.00,,1408.96
2026-08-07T04:00:00+00:00,KXFED-26OCT-T3.00,0.9800,0.9900,,0.00,,1408.96
2026-08-08T04:00:00+00:00,KXFED-26OCT-T3.00,0.9800,0.9900,,0.00,,1408.96
2026-08-09T04:00:00+00:00,KXFED-26OCT-T3.00,0.9800,0.9900,,0.00,,1408.96
2026-08-10T04:00:00+00:00,KXFED-26OCT-T3.00,0.9800,0.9900,,0.00,,1408.96
2026-08-11T04:00:00+00:00,KXFED-26OCT-T3.00,0.9800,0.9900,,0.00,,1408.96
2026-08-12T04:00:00+00:00,KXFED-26OCT-T3.00,0.9800,0.9900,,0.00,,1408.96
2026-08-13T04:00:00+00:00,KXFED-26OCT-T3.00,0.9800,0.9900,,0.00,,1408.96
2026-08-14T04:00:00+00:00,KXFED-26OCT-T3.00,0.9800,0.9900,,0.00,,1408.96
2026-08-15T04:00:00+00:00,KXFED-26OCT-T3.00,0.9800,0.9900,,0.00,,1408.96
2026-08-19T04:00:00+00:00,KXFED-26OCT-T3.00,0.9800,0.9900,,0.00,,1408.96
2026-08-20T04:00:00+00:00,KXFED-26OCT-T3.00,0.9800,0.9900,,0.00,,1408.96
2026-08-21T04:00:00+00:00,KXFED-26OCT-T3.00,0.9800,0.9900,,0.00,,1408.96
2026-08-22T04:00:00+00:00,KXFED-26OCT-T3.00,0.9800,0.9900,,0.00,,1408.96
2026-08-23T04:00:00+00:00,KXFED-26OCT-T3.00,0.9800,0.9900,,0.00,,1408.96
2026-08-26T04:00:00+00:00,KXFED-26OCT-T3.00,0.9800,0.9900,,0.00,,1408.96
2026-08-27T04:00:00+00:00,KXFED-26OCT-T3.00,0.9800,0.9900,,0.00,,1408.96
2026-08-28T04:00:00+00:00,KXFED-26OCT-T3.00,0.9800,0.9900,,0.00,,1408.96
2026-08-29T04:00:00+00:00,KXFED-26OCT-T3.00,0.9800,0.9900,,0.00,,1408.96
2026-08-30T04:00:00+00:00,KXFED-26OCT-T3.00,0.9800,0.9900,,0.00,,1408.96
2026-08-31T04:00:00+00:00,KXFED-26OCT-T3.00,0.9800,0.9900,,0.00,,1408.96
2026-09-01T04:00:00+00:00,KXFED-26OCT-T3.00,0.9800,0.9900,0.9900,1.00,,1407.96
2026-09-02T04:00:00+00:00,KXFED-26OCT-T3.00,0.9800,0.9900,,0.00,,1407.96
2026-09-03T04:00:00+00:00,KXFED-26OCT-T3.00,0.9800,0.9900,,0.00,,1407.96
2026-09-04T04:00:00+00:00,KXFED-26OCT-T3.00,0.9900,1.0000,0.9900,558.00,,1407.96
2026-09-05T04:00:00+00:00,KXFED-26OCT-T3.00,0.9900,1.0000,,0.00,,1407.96
2026-09-08T04:00:00+00:00,KXFED-26OCT-T3.00,0.9900,1.0000,0.9900,2.00,,1407.96
2026-09-09T04:00:00+00:00,KXFED-26OCT-T3.00,0.9900,1.0000,0.9900,7.00,,1400.96
2026-09-10T04:00:00+00:00,KXFED-26OCT-T3.00,0.9900,1.0000,,0.00,,1400.96
2026-09-11T04:00:00+00:00,KXFED-26OCT-T3.00,0.9900,1.0000,,0.00,,1400.96
2026-09-12T04:00:00+00:00,KXFED-26OCT-T3.00,0.9900,1.0000,,0.00,,1400.96
2026-09-15T04:00:00+00:00,KXFED-26OCT-T3.00,0.9900,1.0000,,0.00,,1400.96
2026-09-17T04:00:00+00:00,KXFED-26OCT-T3.00,0.9900,1.0000,,0.00,,1400.96
2026-09-18T04:00:00+00:00,KXFED-26OCT-T3.00,0.9900,1.0000,,0.00,,1400.96
2026-08-02T04:00:00+00:00,KXFED-26OCT-T2.75,0.9700,0.9800,,0.00,,965.17
2026-08-03T04:00:00+00:00,KXFED-26OCT-T2.75,0.9800,0.9900,,0.00,,965.17
2026-08-04T04:00:00+00:00,KXFED-26OCT-T2.75,0.9800,0.9900,,0.00,,965.17
2026-08-05T04:00:00+00:00,KXFED-26OCT-T2.75,0.9800,0.9900,,0.00,,965.17
2026-08-06T04:00:00+00:00,KXFED-26OCT-T2.75,0.9800,0.9900,,0.00,,965.17
2026-08-07T04:00:00+00:00,KXFED-26OCT-T2.75,0.9800,0.9900,,0.00,,965.17
2026-08-08T04:00:00+00:00,KXFED-26OCT-T2.75,0.9800,0.9900,,0.00,,965.17
2026-08-09T04:00:00+00:00,KXFED-26OCT-T2.75,0.9800,0.9900,,0.00,,965.17
2026-08-10T04:00:00+00:00,KXFED-26OCT-T2.75,0.9700,0.9900,,0.00,,965.17
2026-08-11T04:00:00+00:00,KXFED-26OCT-T2.75,0.9800,0.9900,,0.00,,965.17
2026-08-12T04:00:00+00:00,KXFED-26OCT-T2.75,0.9800,0.9900,,0.00,,965.17
2026-08-13T04:00:00+00:00,KXFED-26OCT-T2.75,0.9800,0.9900,,0.00,,965.17
2026-08-14T04:00:00+00:00,KXFED-26OCT-T2.75,0.9800,0.9900,,0.00,,965.17
2026-08-15T04:00:00+00:00,KXFED-26OCT-T2.75,0.9800,0.9900,,0.00,,965.17
2026-08-16T04:00:00+00:00,KXFED-26OCT-T2.75,0.9800,0.9900,,0.00,,965.17
2026-08-17T04:00:00+00:00,KXFED-26OCT-T2.75,0.9800,0.9900,,0.00,,965.17
2026-08-18T04:00:00+00:00,KXFED-26OCT-T2.75,0.9800,0.9900,,0.00,,965.17
2026-08-19T04:00:00+00:00,KXFED-26OCT-T2.75,0.9800,0.9900,,0.00,,965.17
2026-08-20T04:00:00+00:00,KXFED-26OCT-T2.75,0.9800,0.9900,,0.00,,965.17
2026-08-21T04:00:00+00:00,KXFED-26OCT-T2.75,0.9800,0.9900,,0.00,,965.17
2026-08-22T04:00:00+00:00,KXFED-26OCT-T2.75,0.9800,0.9900,,0.00,,965.17
2026-08-23T04:00:00+00:00,KXFED-26OCT-T2.75,0.9800,0.9900,,0.00,,965.17
2026-08-24T04:00:00+00:00,KXFED-26OCT-T2.75,0.9800,0.9900,,0.00,,965.17
2026-08-25T04:00:00+00:00,KXFED-26OCT-T2.75,0.9800,0.9900,,0.00,,965.17
2026-08-26T04:00:00+00:00,KXFED-26OCT-T2.75,0.9800,0.9900,,0.00,,965.17
2026-08-27T04:00:00+00:00,KXFED-26OCT-T2.75,0.9800,0.9900,,0.00,,965.17
2026-08-28T04:00:00+00:00,KXFED-26OCT-T2.75,0.9800,0.9900,,0.00,,965.17
2026-08-29T04:00:00+00:00,KXFED-26OCT-T2.75,0.9800,0.9900,,0.00,,965.17
2026-08-30T04:00:00+00:00,KXFED-26OCT-T2.75,0.9800,0.9900,,0.00,,965.17
2026-08-31T04:00:00+00:00,KXFED-26OCT-T2.75,0.9800,0.9900,0.9900,200.00,,965.17
2026-09-01T04:00:00+00:00,KXFED-26OCT-T2.75,0.9800,0.9900,0.9900,1.00,,964.17
2026-09-02T04:00:00+00:00,KXFED-26OCT-T2.75,0.9800,0.9900,,0.00,,964.17
2026-09-03T04:00:00+00:00,KXFED-26OCT-T2.75,0.9900,1.0000,0.9900,58.01,,964.17
2026-09-04T04:00:00+00:00,KXFED-26OCT-T2.75,0.9900,1.0000,,0.00,,964.17
2026-09-05T04:00:00+00:00,KXFED-26OCT-T2.75,0.9900,1.0000,,0.00,,964.17
2026-09-09T04:00:00+00:00,KXFED-26OCT-T2.75,0.9900,1.0000,,0.00,,964.17
2026-09-11T04:00:00+00:00,KXFED-26OCT-T2.75,0.9900,1.0000,,0.00,,964.17
2026-09-12T04:00:00+00:00,KXFED-26OCT-T2.75,0.9900,1.0000,,0.00,,964.17
2026-09-15T04:00:00+00:00,KXFED-26OCT-T2.75,0.9900,1.0000,,0.00,,964.17
2026-09-17T04:00:00+00:00,KXFED-26OCT-T2.75,0.9900,1.0000,,0.00,,964.17
2026-08-02T04:00:00+00:00,KXFED-26SEP-T5.25,0.0000,0.0100,,0.00,,414.00
2026-08-03T04:00:00+00:00,KXFED-26SEP-T5.25,0.0000,0.0100,,0.00,,414.00
2026-08-04T04:00:00+00:00,KXFED-26SEP-T5.25,0.0000,0.0100,,0.00,,414.00
2026-08-05T04:00:00+00:00,KXFED-26SEP-T5.25,0.0000,0.0100,,0.00,,414.00
2026-08-06T04:00:00+00:00,KXFED-26SEP-T5.25,0.0000,0.0100,,0.00,,414.00
2026-08-07T04:00:00+00:00,KXFED-26SEP-T5.25,0.0000,0.0100,,0.00,,414.00
2026-08-08T04:00:00+00:00,KXFED-26SEP-T5.25,0.0000,0.0100,,0.00,,414.00
2026-08-09T04:00:00+00:00,KXFED-26SEP-T5.25,0.0000,0.0100,,0.00,,414.00
2026-08-10T04:00:00+00:00,KXFED-26SEP-T5.25,0.0000,0.0100,,0.00,,414.00
2026-08-11T04:00:00+00:00,KXFED-26SEP-T5.25,0.0000,0.0100,,0.00,,414.00
2026-08-12T04:00:00+00:00,KXFED-26SEP-T5.25,0.0000,0.0100,,0.00,,414.00
2026-08-13T04:00:00+00:00,KXFED-26SEP-T5.25,0.0000,0.0100,,0.00,,414.00
2026-08-14T04:00:00+00:00,KXFED-26SEP-T5.25,0.0000,0.0100,,0.00,,414.00
2026-08-15T04:00:00+00:00,KXFED-26SEP-T5.25,0.0000,0.0100,,0.00,,414.00
2026-08-16T04:00:00+00:00,KXFED-26SEP-T5.25,0.0000,0.0100,,0.00,,414.00
2026-08-17T04:00:00+00:00,KXFED-26SEP-T5.25,0.0000,0.0100,,0.00,,414.00
2026-08-18T04:00:00+00:00,KXFED-26SEP-T5.25,0.0000,0.0100,,0.00,,414.00
2026-08-19T04:00:00+00:00,KXFED-26SEP-T5.25,0.0000,0.0100,,0.00,,414.00
2026-08-20T04:00:00+00:00,KXFED-26SEP-T5.25,0.0000,0.0100,,0.00,,414.00
2026-08-21T04:00:00+00:00,KXFED-26SEP-T5.25,0.0000,0.0100,,0.00,,414.00
2026-08-22T04:00:00+00:00,KXFED-26SEP-T5.25,0.0000,0.0100,,0.00,,414.00
2026-08-25T04:00:00+00:00,KXFED-26SEP-T5.25,0.0000,0.0100,,0.00,,414.00
2026-08-26T04:00:00+00:00,KXFED-26SEP-T5.25,0.0000,0.0100,,0.00,,414.00
2026-08-27T04:00:00+00:00,KXFED-26SEP-T5.25,0.0000,0.0100,,0.00,,414.00
2026-08-28T04:00:00+00:00,KXFED-26SEP-T5.25,0.0000,0.0100,,0.00,,414.00
2026-08-29T04:00:00+00:00,KXFED-26SEP-T5.25,0.0000,0.0100,,0.00,,414.00
2026-08-31T04:00:00+00:00,KXFED-26SEP-T5.25,0.0000,0.0100,,0.00,,414.00
2026-09-01T04:00:00+00:00,KXFED-26SEP-T5.25,0.0000,0.0100,,0.00,,414.00
2026-09-02T04:00:00+00:00,KXFED-26SEP-T5.25,0.0000,0.0100,,0.00,,414.00
2026-09-03T04:00:00+00:00,KXFED-26SEP-T5.25,0.0000,0.0100,0.0100,93.51,,507.51
2026-09-04T04:00:00+00:00,KXFED-26SEP-T5.25,0.0000,0.0100,,0.00,,507.51
2026-09-05T04:00:00+00:00,KXFED-26SEP-T5.25,0.0000,0.0100,,0.00,,507.51
2026-09-06T04:00:00+00:00,KXFED-26SEP-T5.25,0.0000,0.0100,,0.00,,507.51
2026-09-09T04:00:00+00:00,KXFED-26SEP-T5.25,0.0000,0.0100,,0.00,,507.51
2026-09-10T04:00:00+00:00,KXFED-26SEP-T5.25,0.0000,0.0100,,0.00,,507.51
2026-09-11T04:00:00+00:00,KXFED-26SEP-T5.25,0.0000,0.0100,0.0100,3.00,,510.51
2026-09-12T04:00:00+00:00,KXFED-26SEP-T5.25,0.0000,0.0100,,0.00,,510.51
2026-09-14T04:00:00+00:00,KXFED-26SEP-T5.25,0.0000,0.0100,,0.00,,510.51
2026-09-15T04:00:00+00:00,KXFED-26SEP-T5.25,0.0000,0.0100,,0.00,,510.51
2026-09-16T04:00:00+00:00,KXFED-26SEP-T5.25,0.0000,0.0100,,0.00,,510.51
2026-09-17T04:00:00+00:00,KXFED-26SEP-T5.25,0.0000,1.0000,,0.00,,510.51
2026-08-02T04:00:00+00:00,KXFED-26SEP-T5.00,0.0000,0.0100,,0.00,,529.00
2026-08-03T04:00:00+00:00,KXFED-26SEP-T5.00,0.0000,0.0100,,0.00,,529.00
2026-08-04T04:00:00+00:00,KXFED-26SEP-T5.00,0.0000,0.0100,,0.00,,529.00
2026-08-05T04:00:00+00:00,KXFED-26SEP-T5.00,0.0000,0.0100,0.0100,33.33,,562.33
2026-08-06T04:00:00+00:00,KXFED-26SEP-T5.00,0.0000,0.0100,,0.00,,562.33
2026-08-07T04:00:00+00:00,KXFED-26SEP-T5.00,0.0000,0.0100,,0.00,,562.33
2026-08-08T04:00:00+00:00,KXFED-26SEP-T5.00,0.0000,0.0100,,0.00,,562.33
2026-08-09T04:00:00+00:00,KXFED-26SEP-T5.00,0.0000,0.0100,,0.00,,562.33
2026-08-10T04:00:00+00:00,KXFED-26SEP-T5.00,0.0000,0.0100,,0.00,,562.33
2026-08-11T04:00:00+00:00,KXFED-26SEP-T5.00,0.0000,0.0100,,0.00,,562.33
2026-08-12T04:00:00+00:00,KXFED-26SEP-T5.00,0.0000,0.0100,,0.00,,562.33
2026-08-13T04:00:00+00:00,KXFED-26SEP-T5.00,0.0000,0.0100,,0.00,,562.33
2026-08-14T04:00:00+00:00,KXFED-26SEP-T5.00,0.0000,0.0100,,0.00,,562.33
2026-08-15T04:00:00+00:00,KXFED-26SEP-T5.00,0.0000,0.0100,,0.00,,562.33
2026-08-16T04:00:00+00:00,KXFED-26SEP-T5.00,0.0000,0.0100,,0.00,,562.33
2026-08-17T04:00:00+00:00,KXFED-26SEP-T5.00,0.0000,0.0100,,0.00,,562.33
2026-08-18T04:00:00+00:00,KXFED-26SEP-T5.00,0.0000,0.0100,,0.00,,562.33
2026-08-19T04:00:00+00:00,KXFED-26SEP-T5.00,0.0000,0.0100,,0.00,,562.33
2026-08-20T04:00:00+00:00,KXFED-26SEP-T5.00,0.0000,0.0100,,0.00,,562.33
2026-08-21T04:00:00+00:00,KXFED-26SEP-T5.00,0.0000,0.0100,,0.00,,562.33
2026-08-22T04:00:00+00:00,KXFED-26SEP-T5.00,0.0000,0.0100,,0.00,,562.33
2026-08-25T04:00:00+00:00,KXFED-26SEP-T5.00,0.0000,0.0100,,0.00,,562.33
2026-08-26T04:00:00+00:00,KXFED-26SEP-T5.00,0.0000,0.0100,,0.00,,562.33
2026-08-27T04:00:00+00:00,KXFED-26SEP-T5.00,0.0000,0.0100,,0.00,,562.33
2026-08-28T04:00:00+00:00,KXFED-26SEP-T5.00,0.0000,0.0100,,0.00,,562.33
2026-08-29T04:00:00+00:00,KXFED-26SEP-T5.00,0.0000,0.0100,,0.00,,562.33
2026-08-31T04:00:00+00:00,KXFED-26SEP-T5.00,0.0000,0.0100,,0.00,,562.33
2026-09-01T04:00:00+00:00,KXFED-26SEP-T5.00,0.0000,0.0100,,0.00,,562.33
2026-09-02T04:00:00+00:00,KXFED-26SEP-T5.00,0.0000,0.0100,,0.00,,562.33
2026-09-03T04:00:00+00:00,KXFED-26SEP-T5.00,0.0000,0.0100,,0.00,,562.33
2026-09-04T04:00:00+00:00,KXFED-26SEP-T5.00,0.0000,0.0100,,0.00,,562.33
2026-09-05T04:00:00+00:00,KXFED-26SEP-T5.00,0.0000,0.0100,,0.00,,562.33
2026-09-06T04:00:00+00:00,KXFED-26SEP-T5.00,0.0000,0.0100,,0.00,,562.33
2026-09-09T04:00:00+00:00,KXFED-26SEP-T5.00,0.0000,0.0100,,0.00,,562.33
2026-09-10T04:00:00+00:00,KXFED-26SEP-T5.00,0.0000,0.0100,,0.00,,562.33
2026-09-11T04:00:00+00:00,KXFED-26SEP-T5.00,0.0000,0.0100,0.0100,3.00,,565.33
2026-09-12T04:00:00+00:00,KXFED-26SEP-T5.00,0.0000,0.0100,,0.00,,565.33
2026-09-13T04:00:00+00:00,KXFED-26SEP-T5.00,0.0000,0.0100,0.0100,20.00,,585.33
2026-09-14T04:00:00+00:00,KXFED-26SEP-T5.00,0.0000,0.0100,,0.00,,585.33
2026-09-15T04:00:00+00:00,KXFED-26SEP-T5.00,0.0000,0.0100,0.0100,3743.33,,4328.66
2026-09-16T04:00:00+00:00,KXFED-26SEP-T5.00,0.0000,0.0100,0.0100,200.00,,4528.66
2026-09-17T04:00:00+00:00,KXFED-26SEP-T5.00,0.0000,1.0000,0.0100,1345.19,,5873.85
2026-08-02T04:00:00+00:00,KXFED-26SEP-T4.75,0.0000,0.0100,,0.00,,885.06
2026-08-03T04:00:00+00:00,KXFED-26SEP-T4.75,0.0000,0.0100,,0.00,,885.06
2026-08-04T04:00:00+00:00,KXFED-26SEP-T4.75,0.0000,0.0100,0.0100,53.33,,938.39
2026-08-05T04:00:00+00:00,KXFED-26SEP-T4.75,0.0000,0.0100,,0.00,,938.39
2026-08-06T04:00:00+00:00,KXFED-26SEP-T4.75,0.0000,0.0100,,0.00,,938.39
2026-08-07T04:00:00+00:00,KXFED-26SEP-T4.75,0.0000,0.0100,,0.00,,938.39
2026-08-08T04:00:00+00:00,KXFED-26SEP-T4.75,0.0000,0.0100,,0.00,,938.39
2026-08-09T04:00:00+00:00,KXFED-26SEP-T4.75,0.0000,0.0100,,0.00,,938.39
2026-08-10T04:00:00+00:00,KXFED-26SEP-T4.75,0.0000,0.0100,,0.00,,938.39
2026-08-11T04:00:00+00:00,KXFED-26SEP-T4.75,0.0000,0.0100,0.0100,100.00,,1038.39
2026-08-12T04:00:00+00:00,KXFED-26SEP-T4.75,0.0000,0.0100,0.0100,33.33,,1071.72
2026-08-13T04:00:00+00:00,KXFED-26SEP-T4.75,0.0000,0.0100,,0.00,,1071.72
2026-08-14T04:00:00+00:00,KXFED-26SEP-T4.75,0.0000,0.0100,,0.00,,1071.72
2026-08-15T04:00:00+00:00,KXFED-26SEP-T4.75,0.0000,0.0100,,0.00,,1071.72
2026-08-16T04:00:00+00:00,KXFED-26SEP-T4.75,0.0000,0.0100,,0.00,,1071.72
2026-08-17T04:00:00+00:00,KXFED-26SEP-T4.75,0.0000,0.0100,,0.00,,1071.72
2026-08-18T04:00:00+00:00,KXFED-26SEP-T4.75,0.0000,0.0100,,0.00,,1071.72
2026-08-19T04:00:00+00:00,KXFED-26SEP-T4.75,0.0000,0.0100,,0.00,,1071.72
2026-08-20T04:00:00+00:00,KXFED-26SEP-T4.75,0.0000,0.0100,,0.00,,1071.72
2026-08-21T04:00:00+00:00,KXFED-26SEP-T4.75,0.0000,0.0100,,0.00,,1071.72
2026-08-22T04:00:00+00:00,KXFED-26SEP-T4.75,0.0000,0.0100,,0.00,,1071.72
2026-08-25T04:00:00+00:00,KXFED-26SEP-T4.75,0.0000,0.0100,,0.00,,1071.72
2026-08-26T04:00:00+00:00,KXFED-26SEP-T4.75,0.0000,0.0100,,0.00,,1071.72
2026-08-27T04:00:00+00:00,KXFED-26SEP-T4.75,0.0000,0.0100,,0.00,,1071.72
2026-08-28T04:00:00+00:00,KXFED-26SEP-T4.75,0.0000,0.0100,,0.00,,1071.72
2026-08-29T04:00:00+00:00,KXFED-26SEP-T4.75,0.0000,0.0100,,0.00,,1071.72
2026-08-31T04:00:00+00:00,KXFED-26SEP-T4.75,0.0000,0.0100,,0.00,,1071.72
2026-09-01T04:00:00+00:00,KXFED-26SEP-T4.75,0.0000,0.0100,,0.00,,1071.72
2026-09-02T04:00:00+00:00,KXFED-26SEP-T4.75,0.0000,0.0100,,0.00,,1071.72
2026-09-03T04:00:00+00:00,KXFED-26SEP-T4.75,0.0000,0.0100,0.0100,99807.80,,55960.48
2026-09-04T04:00:00+00:00,KXFED-26SEP-T4.75,0.0000,0.0100,,0.00,,55960.48
2026-09-05T04:00:00+00:00,KXFED-26SEP-T4.75,0.0000,0.0100,0.0100,296371.69,,207990.11
2026-09-06T04:00:00+00:00,KXFED-26SEP-T4.75,0.0000,0.0100,,0.00,,207990.11
2026-09-09T04:00:00+00:00,KXFED-26SEP-T4.75,0.0000,0.0100,,0.00,,207990.11
2026-09-10T04:00:00+00:00,KXFED-26SEP-T4.75,0.0000,0.0100,,0.00,,207990.11
2026-09-11T04:00:00+00:00,KXFED-26SEP-T4.75,0.0000,0.0100,0.0100,3.00,,207993.11
2026-09-12T04:00:00+00:00,KXFED-26SEP-T4.75,0.0000,0.0100,,0.00,,207993.11
2026-09-14T04:00:00+00:00,KXFED-26SEP-T4.75,0.0000,0.0100,,0.00,,207993.11
2026-09-15T04:00:00+00:00,KXFED-26SEP-T4.75,0.0000,0.0100,,0.00,,207993.11
2026-09-16T04:00:00+00:00,KXFED-26SEP-T4.75,0.0000,0.0100,,0.00,,207993.11
2026-09-17T04:00:00+00:00,KXFED-26SEP-T4.75,0.0000,1.0000,0.0100,350.67,,208343.78
2026-08-02T04:00:00+00:00,KXFED-26SEP-T4.50,0.0000,0.0100,,0.00,,1973.33
2026-08-03T04:00:00+00:00,KXFED-26SEP-T4.50,0.0000,0.0100,,0.00,,1973.33
2026-08-04T04:00:00+00:00,KXFED-26SEP-T4.50,0.0000,0.0100,,0.00,,1973.33
2026-08-05T04:00:00+00:00,KXFED-26SEP-T4.50,0.0000,0.0100,,0.00,,1973.33
2026-08-06T04:00:00+00:00,KXFED-26SEP-T4.50,0.0000,0.0100,,0.00,,1973.33
2026-08-07T04:00:00+00:00,KXFED-26SEP-T4.50,0.0000,0.0100,,0.00,,1973.33
2026-08-08T04:00:00+00:00,KXFED-26SEP-T4.50,0.0000,0.0100,,0.00,,1973.33
2026-08-09T04:00:00+00:00,KXFED-26SEP-T4.50,0.0000,0.0100,,0.00,,1973.33
2026-08-10T04:00:00+00:00,KXFED-26SEP-T4.50,0.0000,0.0100,,0.00,,1973.33
2026-08-11T04:00:00+00:00,KXFED-26SEP-T4.50,0.0000,0.0100,,0.00,,1973.33
2026-08-12T04:00:00+00:00,KXFED-26SEP-T4.50,0.0000,0.0100,,0.00,,1973.33
2026-08-13T04:00:00+00:00,KXFED-26SEP-T4.50,0.0000,0.0100,,0.00,,1973.33
2026-08-14T04:00:00+00:00,KXFED-26SEP-T4.50,0.0000,0.0100,,0.00,,1973.33
2026-08-15T04:00:00+00:00,KXFED-26SEP-T4.50,0.0000,0.0100,,0.00,,1973.33
2026-08-16T04:00:00+00:00,KXFED-26SEP-T4.50,0.0000,0.0100,,0.00,,1973.33
2026-08-17T04:00:00+00:00,KXFED-26SEP-T4.50,0.0000,0.0100,,0.00,,1973.33
2026-08-18T04:00:00+00:00,KXFED-26SEP-T4.50,0.0000,0.0100,,0.00,,1973.33
2026-08-19T04:00:00+00:00,KXFED-26SEP-T4.50,0.0000,0.0100,,0.00,,1973.33
2026-08-20T04:00:00+00:00,KXFED-26SEP-T4.50,0.0000,0.0100,,0.00,,1973.33
2026-08-21T04:00:00+00:00,KXFED-26SEP-T4.50,0.0000,0.0100,,0.00,,1973.33
2026-08-22T04:00:00+00:00,KXFED-26SEP-T4.50,0.0000,0.0100,,0.00,,1973.33
2026-08-23T04:00:00+00:00,KXFED-26SEP-T4.50,0.0000,0.0100,0.0100,93.51,,2066.84
2026-08-25T04:00:00+00:00,KXFED-26SEP-T4.50,0.0000,0.0100,,0.00,,2066.84
2026-08-26T04:00:00+00:00,KXFED-26SEP-T4.50,0.0000,0.0100,,0.00,,2066.84
2026-08-27T04:00:00+00:00,KXFED-26SEP-T4.50,0.0000,0.0100,,0.00,,2066.84
2026-08-28T04:00:00+00:00,KXFED-26SEP-T4.50,0.0000,0.0100,,0.00,,2066.84
2026-08-29T04:00:00+00:00,KXFED-26SEP-T4.50,0.0000,0.0100,,0.00,,2066.84
2026-08-31T04:00:00+00:00,KXFED-26SEP-T4.50,0.0000,0.0100,,0.00,,2066.84
2026-09-01T04:00:00+00:00,KXFED-26SEP-T4.50,0.0000,0.0100,,0.00,,2066.84
2026-09-02T04:00:00+00:00,KXFED-26SEP-T4.50,0.0000,0.0100,0.0100,70005.76,,42752.60
2026-09-03T04:00:00+00:00,KXFED-26SEP-T4.50,0.0000,0.0100,0.0100,81524.84,,85138.43
2026-09-04T04:00:00+00:00,KXFED-26SEP-T4.50,0.0000,0.0100,,0.00,,85138.43
2026-09-05T04:00:00+00:00,KXFED-26SEP-T4.50,0.0000,0.0100,0.0100,17.89,,85138.43
2026-09-06T04:00:00+00:00,KXFED-26SEP-T4.50,0.0000,0.0100,0.0100,280.55,,85418.98
2026-09-09T04:00:00+00:00,KXFED-26SEP-T4.50,0.0000,0.0100,,0.00,,85418.98
2026-09-10T04:00:00+00:00,KXFED-26SEP-T4.50,0.0000,0.0100,0.0100,5000.00,,85418.98
2026-09-11T04:00:00+00:00,KXFED-26SEP-T4.50,0.0000,0.0100,0.0100,3.00,,85421.98
2026-09-12T04:00:00+00:00,KXFED-26SEP-T4.50,0.0000,0.0100,,0.00,,85421.98
2026-09-14T04:00:00+00:00,KXFED-26SEP-T4.50,0.0000,0.0100,,0.00,,85421.98
2026-09-15T04:00:00+00:00,KXFED-26SEP-T4.50,0.0000,0.0100,,0.00,,85421.98
2026-09-16T04:00:00+00:00,KXFED-26SEP-T4.50,0.0000,0.0100,,0.00,,85421.98
2026-09-17T04:00:00+00:00,KXFED-26SEP-T4.50,0.0000,1.0000,0.0100,93.50,,85515.48
2026-08-02T04:00:00+00:00,KXFED-26SEP-T4.25,0.0100,0.0200,0.0200,233.95,,5081.31
2026-08-03T04:00:00+00:00,KXFED-26SEP-T4.25,0.0000,0.0100,0.0100,13.00,,5081.31
2026-08-04T04:00:00+00:00,KXFED-26SEP-T4.25,0.0000,0.0100,0.0100,7949.10,,13030.41
2026-08-05T04:00:00+00:00,KXFED-26SEP-T4.25,0.0000,0.0100,,0.00,,13030.41
2026-08-06T04:00:00+00:00,KXFED-26SEP-T4.25,0.0000,0.0100,,0.00,,13030.41
2026-08-07T04:00:00+00:00,KXFED-26SEP-T4.25,0.0000,0.0100,0.0100,526.50,,13556.91
2026-08-08T04:00:00+00:00,KXFED-26SEP-T4.25,0.0000,0.0100,,0.00,,13556.91
2026-08-09T04:00:00+00:00,KXFED-26SEP-T4.25,0.0000,0.0100,,0.00,,13556.91
2026-08-10T04:00:00+00:00,KXFED-26SEP-T4.25,0.0000,0.0100,0.0100,467.00,,14023.91
2026-08-11T04:00:00+00:00,KXFED-26SEP-T4.25,0.0000,0.0100,,0.00,,14023.91
2026-08-12T04:00:00+00:00,KXFED-26SEP-T4.25,0.0000,0.0100,,0.00,,14023.91
2026-08-13T04:00:00+00:00,KXFED-26SEP-T4.25,0.0000,0.0100,0.0100,935.19,,14959.10
2026-08-14T04:00:00+00:00,KXFED-26SEP-T4.25,0.0000,0.0100,,0.00,,14959.10
2026-08-15T04:00:00+00:00,KXFED-26SEP-T4.25,0.0000,0.0100,,0.00,,14959.10
2026-08-16T04:00:00+00:00,KXFED-26SEP-T4.25,0.0000,0.0100,,0.00,,14959.10
2026-08-17T04:00:00+00:00,KXFED-26SEP-T4.25,0.0000,0.0100,,0.00,,14959.10
2026-08-18T04:00:00+00:00,KXFED-26SEP-T4.25,0.0000,0.0100,0.0100,467.59,,15215.70
2026-08-19T04:00:00+00:00,KXFED-26SEP-T4.25,0.0000,0.0100,,0.00,,15215.70
2026-08-20T04:00:00+00:00,KXFED-26SEP-T4.25,0.0000,0.0100,,0.00,,15215.70
2026-08-21T04:00:00+00:00,KXFED-26SEP-T4.25,0.0000,0.0100,,0.00,,15215.70
2026-08-22T04:00:00+00:00,KXFED-26SEP-T4.25,0.0000,0.0100,,0.00,,15215.70
2026-08-25T04:00:00+00:00,KXFED-26SEP-T4.25,0.0000,0.0100,0.0100,33.33,,15249.03
2026-08-26T04:00:00+00:00,KXFED-26SEP-T4.25,0.0000,0.0100,,0.00,,15249.03
2026-08-27T04:00:00+00:00,KXFED-26SEP-T4.25,0.0000,0.0100,,0.00,,15249.03
2026-08-28T04:00:00+00:00,KXFED-26SEP-T4.25,0.0000,0.0100,0.0100,33.33,,15282.36
2026-08-29T04:00:00+00:00,KXFED-26SEP-T4.25,0.0000,0.0100,0.0100,1121.70,,16404.06
2026-08-30T04:00:00+00:00,KXFED-26SEP-T4.25,0.0000,0.0100,0.0100,903.39,,17307.45
2026-08-31T04:00:00+00:00,KXFED-26SEP-T4.25,0.0000,0.0100,0.0100,935.19,,18242.64
2026-09-01T04:00:00+00:00,KXFED-26SEP-T4.25,0.0000,0.0100,0.0100,841.65,,19084.29
2026-09-02T04:00:00+00:00,KXFED-26SEP-T4.25,0.0000,0.0100,0.0100,187.03,,19271.32
2026-09-03T04:00:00+00:00,KXFED-26SEP-T4.25,0.0000,0.0100,0.0100,1958.63,,21229.95
2026-09-04T04:00:00+00:00,KXFED-26SEP-T4.25,0.0000,0.0100,0.0100,1685.21,,22915.16
2026-09-05T04:00:00+00:00,KXFED-26SEP-T4.25,0.0000,0.0100,0.0100,677.96,,23593.12
2026-09-06T04:00:00+00:00,KXFED-26SEP-T4.25,0.0000,0.0100,0.0100,227.02,,23820.14
2026-09-08T04:00:00+00:00,KXFED-26SEP-T4.25,0.0000,0.0100,0.0100,5611.12,,29431.26
2026-09-09T04:00:00+00:00,KXFED-26SEP-T4.25,0.0000,0.0100,0.0100,1789.01,,29431.26
2026-09-10T04:00:00+00:00,KXFED-26SEP-T4.25,0.0000,0.0100,0.0100,2525.00,,31956.26
2026-09-11T04:00:00+00:00,KXFED-26SEP-T4.25,0.0000,0.0100,0.0100,650.11,,32606.37
2026-09-12T04:00:00+00:00,KXFED-26SEP-T4.25,0.0000,0.0100,0.0100,1149.73,,33756.10
2026-09-13T04:00:00+00:00,KXFED-26SEP-T4.25,0.0000,0.0100,0.0100,9409.36,,43165.46
2026-09-14T04:00:00+00:00,KXFED-26SEP-T4.25,0.0000,0.0100,0.0100,7162.55,,50328.01
2026-09-15T04:00:00+00:00,KXFED-26SEP-T4.25,0.0000,0.0100,0.0100,467.59,,50795.60
2026-09-16T04:00:00+00:00,KXFED-26SEP-T4.25,0.0000,0.0100,0.0100,2367.83,,53163.43
2026-09-17T04:00:00+00:00,KXFED-26SEP-T4.25,0.0000,1.0000,0.0100,36141.19,,89087.14
2026-08-02T04:00:00+00:00,KXFED-26SEP-T4.00,0.0200,0.0300,0.0200,427.39,,31125.14
2026-08-03T04:00:00+00:00,KXFED-26SEP-T4.00,0.0100,0.0200,0.0200,373.92,,30874.80
2026-08-04T04:00:00+00:00,KXFED-26SEP-T4.00,0.0100,0.0200,0.0200,766.88,,31552.20
2026-08-05T04:00:00+00:00,KXFED-26SEP-T4.00,0.0100,0.0200,0.0200,3481.16,,34846.20
2026-08-06T04:00:00+00:00,KXFED-26SEP-T4.00,0.0100,0.0200,0.0200,4158.52,,38817.56
2026-08-07T04:00:00+00:00,KXFED-26SEP-T4.00,0.0100,0.0200,0.0200,2414.82,,41138.80
2026-08-08T04:00:00+00:00,KXFED-26SEP-T4.00,0.0000,0.0100,0.0100,12118.45,,52176.91
2026-08-09T04:00:00+00:00,KXFED-26SEP-T4.00,0.0000,0.0100,,0.00,,52176.91
2026-08-10T04:00:00+00:00,KXFED-26SEP-T4.00,0.0000,0.0100,0.0100,1106.04,,53282.95
2026-08-11T04:00:00+00:00,KXFED-26SEP-T4.00,0.0000,0.0100,0.0100,935.18,,54218.13
2026-08-12T04:00:00+00:00,KXFED-26SEP-T4.00,0.0000,0.0100,0.0100,887.61,,55105.74
2026-08-13T04:00:00+00:00,KXFED-26SEP-T4.00,0.0000,0.0100,0.0100,892.49,,55998.23
2026-08-14T04:00:00+00:00,KXFED-26SEP-T4.00,0.0000,0.0100,0.0100,1874.37,,57872.60
2026-08-15T04:00:00+00:00,KXFED-26SEP-T4.00,0.0000,0.0100,0.0100,2453.18,,60325.78
2026-08-16T04:00:00+00:00,KXFED-26SEP-T4.00,0.0000,0.0100,0.0100,2963.89,,63289.67
2026-08-17T04:00:00+00:00,KXFED-26SEP-T4.00,0.0000,0.0100,0.0100,5611.14,,68900.81
2026-08-18T04:00:00+00:00,KXFED-26SEP-T4.00,0.0000,0.0100,0.0100,269.26,,68938.99
2026-08-19T04:00:00+00:00,KXFED-26SEP-T4.00,0.0000,0.0100,,0.00,,68938.99
2026-08-20T04:00:00+00:00,KXFED-26SEP-T4.00,0.0000,0.0100,0.0100,445.86,,69034.00
2026-08-21T04:00:00+00:00,KXFED-26SEP-T4.00,0.0000,0.0100,0.0100,10521.51,,79432.36
2026-08-22T04:00:00+00:00,KXFED-26SEP-T4.00,0.0000,0.0100,0.0100,3114.00,,82546.36
2026-08-23T04:00:00+00:00,KXFED-26SEP-T4.00,0.0000,0.0100,0.0100,1274.02,,83818.38
2026-08-24T04:00:00+00:00,KXFED-26SEP-T4.00,0.0000,0.0100,0.0100,2128.78,,85947.16
2026-08-25T04:00:00+00:00,KXFED-26SEP-T4.00,0.0000,0.0100,0.0100,196.02,,86143.18
2026-08-26T04:00:00+00:00,KXFED-26SEP-T4.00,0.0000,0.0100,0.0100,701.37,,86844.55
2026-08-27T04:00:00+00:00,KXFED-26SEP-T4.00,0.0000,0.0100,0.0100,2903.89,,89748.44
2026-08-28T04:00:00+00:00,KXFED-26SEP-T4.00,0.0000,0.0100,0.0100,659.61,,90408.05
2026-08-29T04:00:00+00:00,KXFED-26SEP-T4.00,0.0000,0.0200,0.0200,11874.99,,96487.15
2026-08-30T04:00:00+00:00,KXFED-26SEP-T4.00,0.0000,0.0100,0.0100,2479.19,,98327.62
2026-08-31T04:00:00+00:00,KXFED-26SEP-T4.00,0.0000,0.0100,0.0200,4585.07,,98540.62
2026-09-01T04:00:00+00:00,KXFED-26SEP-T4.00,0.0100,0.0200,0.0100,4686.66,,103110.35
2026-09-02T04:00:00+00:00,KXFED-26SEP-T4.00,0.0100,0.0200,0.0200,11208.12,,106933.02
2026-09-03T04:00:00+00:00,KXFED-26SEP-T4.00,0.0100,0.0200,0.0200,9935.75,,114739.90
2026-09-04T04:00:00+00:00,KXFED-26SEP-T4.00,0.0100,0.0200,0.0200,11281.56,,120599.55
2026-09-05T04:00:00+00:00,KXFED-26SEP-T4.00,0.0000,0.0200,0.0200,437.74,,121037.29
2026-09-06T04:00:00+00:00,KXFED-26SEP-T4.00,0.0100,0.0200,0.0100,7927.95,,128452.29
2026-09-07T04:00:00+00:00,KXFED-26SEP-T4.00,0.0000,0.0200,0.0200,1325.47,,129607.10
2026-09-08T04:00:00+00:00,KXFED-26SEP-T4.00,0.0100,0.0200,0.0200,1333.51,,130823.64
2026-09-09T04:00:00+00:00,KXFED-26SEP-T4.00,0.0100,0.0200,0.0200,2484.58,,132009.92
2026-09-10T04:00:00+00:00,KXFED-26SEP-T4.00,0.0100,0.0200,0.0200,13048.82,,135246.45
2026-09-11T04:00:00+00:00,KXFED-26SEP-T4.00,0.0000,0.0200,0.0200,1772.53,,136926.78
2026-09-12T04:00:00+00:00,KXFED-26SEP-T4.00,0.0100,0.0200,0.0200,22030.05,,144687.11
2026-09-13T04:00:00+00:00,KXFED-26SEP-T4.00,0.0000,0.0200,0.0200,7543.75,,149985.52
2026-09-14T04:00:00+00:00,KXFED-26SEP-T4.00,0.0100,0.0200,0.0200,26606.49,,176077.51
2026-09-15T04:00:00+00:00,KXFED-26SEP-T4.00,0.0000,0.0100,0.0100,140078.54,,315597.47
2026-09-16T04:00:00+00:00,KXFED-26SEP-T4.00,0.0000,0.0100,0.0100,143172.54,,458770.01
2026-09-17T04:00:00+00:00,KXFED-26SEP-T4.00,0.0000,1.0000,0.0200,110087.17,,559246.69
2026-08-02T04:00:00+00:00,KXFED-26SEP-T3.75,0.6000,0.6100,0.6100,505.95,,34401.15
2026-08-03T04:00:00+00:00,KXFED-26SEP-T3.75,0.5900,0.6000,0.5900,447.40,,34637.35
2026-08-04T04:00:00+00:00,KXFED-26SEP-T3.75,0.5500,0.5600,0.5600,11340.08,,34749.18
2026-08-05T04:00:00+00:00,KXFED-26SEP-T3.75,0.4800,0.5000,0.5100,20792.01,,51381.27
2026-08-06T04:00:00+00:00,KXFED-26SEP-T3.75,0.4900,0.5400,0.5100,12345.08,,62976.21
2026-08-07T04:00:00+00:00,KXFED-26SEP-T3.75,0.5100,0.5200,0.5200,9416.97,,70290.00
2026-08-08T04:00:00+00:00,KXFED-26SEP-T3.75,0.3600,0.3700,0.3500,45613.52,,112592.73
2026-08-09T04:00:00+00:00,KXFED-26SEP-T3.75,0.3400,0.3500,0.3400,739.79,,112651.31
2026-08-10T04:00:00+00:00,KXFED-26SEP-T3.75,0.3400,0.3500,0.3500,7025.48,,112553.37
2026-08-11T04:00:00+00:00,KXFED-26SEP-T3.75,0.4500,0.4600,0.4600,10737.80,,119018.30
2026-08-12T04:00:00+00:00,KXFED-26SEP-T3.75,0.3800,0.3900,0.4200,39559.78,,158296.22
2026-08-13T04:00:00+00:00,KXFED-26SEP-T3.75,0.3600,0.3700,0.3600,9116.59,,160122.46
2026-08-14T04:00:00+00:00,KXFED-26SEP-T3.75,0.2900,0.3000,0.2900,14726.96,,156318.83
2026-08-15T04:00:00+00:00,KXFED-26SEP-T3.75,0.2600,0.2700,0.2500,11513.37,,164115.98
2026-08-16T04:00:00+00:00,KXFED-26SEP-T3.75,0.2600,0.2700,0.2600,2691.22,,166591.43
2026-08-17T04:00:00+00:00,KXFED-26SEP-T3.75,0.2500,0.2600,0.2500,332.99,,166849.97
2026-08-18T04:00:00+00:00,KXFED-26SEP-T3.75,0.3100,0.3200,0.3100,6052.79,,170877.77
2026-08-19T04:00:00+00:00,KXFED-26SEP-T3.75,0.2900,0.3000,0.3000,1106.65,,171056.55
2026-08-20T04:00:00+00:00,KXFED-26SEP-T3.75,0.2700,0.2800,0.2900,6642.77,,175866.53
2026-08-21T04:00:00+00:00,KXFED-26SEP-T3.75,0.2800,0.2900,0.2900,1518.14,,176028.45
2026-08-22T04:00:00+00:00,KXFED-26SEP-T3.75,0.3200,0.3300,0.3200,34346.57,,176423.52
2026-08-23T04:00:00+00:00,KXFED-26SEP-T3.75,0.3100,0.3200,0.3000,324.60,,176425.91
2026-08-24T04:00:00+00:00,KXFED-26SEP-T3.75,0.3300,0.3400,0.3400,181.71,,176554.20
2026-08-25T04:00:00+00:00,KXFED-26SEP-T3.75,0.3300,0.3400,0.3400,8637.48,,183845.32
2026-08-26T04:00:00+00:00,KXFED-26SEP-T3.75,0.3400,0.3500,0.3500,46785.97,,229745.64
2026-08-27T04:00:00+00:00,KXFED-26SEP-T3.75,0.3200,0.3300,0.3200,10113.45,,230689.64
2026-08-28T04:00:00+00:00,KXFED-26SEP-T3.75,0.3000,0.3100,0.3100,795.50,,231123.47
2026-08-29T04:00:00+00:00,KXFED-26SEP-T3.75,0.4600,0.4700,0.4800,53313.63,,264291.26
2026-08-30T04:00:00+00:00,KXFED-26SEP-T3.75,0.4700,0.4800,0.4800,1494.54,,264446.51
2026-08-31T04:00:00+00:00,KXFED-26SEP-T3.75,0.5100,0.5200,0.5200,12811.85,,267200.22
2026-09-01T04:00:00+00:00,KXFED-26SEP-T3.75,0.5800,0.5900,0.5900,52996.25,,301501.91
2026-09-02T04:00:00+00:00,KXFED-26SEP-T3.75,0.6100,0.6200,0.6200,23772.09,,306010.59
2026-09-03T04:00:00+00:00,KXFED-26SEP-T3.75,0.5400,0.5500,0.5500,5612.94,,310346.22
2026-09-04T04:00:00+00:00,KXFED-26SEP-T3.75,0.4400,0.4500,0.4500,16850.03,,317410.86
2026-09-05T04:00:00+00:00,KXFED-26SEP-T3.75,0.4900,0.5000,0.5000,14499.86,,320589.08
2026-09-06T04:00:00+00:00,KXFED-26SEP-T3.75,0.5100,0.5200,0.5200,3037.65,,321841.55
2026-09-07T04:00:00+00:00,KXFED-26SEP-T3.75,0.5000,0.5100,0.5000,1063.85,,322806.51
2026-09-08T04:00:00+00:00,KXFED-26SEP-T3.75,0.5200,0.5300,0.5500,8036.71,,327931.72
2026-09-09T04:00:00+00:00,KXFED-26SEP-T3.75,0.5400,0.5500,0.5500,18688.10,,342266.72
2026-09-10T04:00:00+00:00,KXFED-26SEP-T3.75,0.5400,0.5500,0.5500,45980.61,,386696.20
2026-09-11T04:00:00+00:00,KXFED-26SEP-T3.75,0.6400,0.6500,0.6500,47447.81,,415541.90
2026-09-12T04:00:00+00:00,KXFED-26SEP-T3.75,0.8000,0.8100,0.8000,138242.06,,472322.21
2026-09-13T04:00:00+00:00,KXFED-26SEP-T3.75,0.8000,0.8100,0.8100,9067.97,,472411.93
2026-09-14T04:00:00+00:00,KXFED-26SEP-T3.75,0.7900,0.8000,0.7900,17305.52,,481473.29
2026-09-15T04:00:00+00:00,KXFED-26SEP-T3.75,0.8700,0.8800,0.8600,89098.16,,558120.88
2026-09-16T04:00:00+00:00,KXFED-26SEP-T3.75,0.8600,0.8700,0.8500,86069.34,,602807.21
2026-09-17T04:00:00+00:00,KXFED-26SEP-T3.75,0.0000,1.0000,0.8600,43892.98,,637352.71
2026-08-02T04:00:00+00:00,KXFED-26SEP-T3.50,0.9800,0.9900,,0.00,,12666.90
2026-08-03T04:00:00+00:00,KXFED-26SEP-T3.50,0.9800,0.9900,0.9800,55.97,,12716.90
2026-08-04T04:00:00+00:00,KXFED-26SEP-T3.50,0.9800,0.9900,0.9800,46.50,,12763.40
2026-08-05T04:00:00+00:00,KXFED-26SEP-T3.50,0.9800,0.9900,0.9800,525.00,,13231.30
2026-08-06T04:00:00+00:00,KXFED-26SEP-T3.50,0.9800,1.0000,0.9900,231.14,,13269.78
2026-08-07T04:00:00+00:00,KXFED-26SEP-T3.50,0.9800,0.9900,,0.00,,13269.78
2026-08-08T04:00:00+00:00,KXFED-26SEP-T3.50,0.9800,0.9900,0.9800,287.25,,13557.03
2026-08-09T04:00:00+00:00,KXFED-26SEP-T3.50,0.9800,0.9900,,0.00,,13557.03
2026-08-10T04:00:00+00:00,KXFED-26SEP-T3.50,0.9800,1.0000,0.9800,1002.90,,14356.93
2026-08-11T04:00:00+00:00,KXFED-26SEP-T3.50,0.9800,1.0000,0.9800,357.00,,14713.93
2026-08-12T04:00:00+00:00,KXFED-26SEP-T3.50,0.9800,1.0000,0.9800,93.58,,14807.51
2026-08-13T04:00:00+00:00,KXFED-26SEP-T3.50,0.9800,1.0000,0.9800,89.83,,14897.34
2026-08-14T04:00:00+00:00,KXFED-26SEP-T3.50,0.9800,1.0000,0.9800,24.75,,14922.09
2026-08-17T04:00:00+00:00,KXFED-26SEP-T3.50,0.9800,1.0000,0.9800,936.00,,15858.09
2026-08-18T04:00:00+00:00,KXFED-26SEP-T3.50,0.9800,1.0000,,0.00,,15858.09
2026-08-20T04:00:00+00:00,KXFED-26SEP-T3.50,0.9900,1.0000,0.9900,187.00,,16045.09
2026-08-21T04:00:00+00:00,KXFED-26SEP-T3.50,0.9900,1.0000,0.9900,467.59,,16512.68
2026-08-22T04:00:00+00:00,KXFED-26SEP-T3.50,0.9900,1.0000,0.9900,1.00,,16513.68
2026-08-23T04:00:00+00:00,KXFED-26SEP-T3.50,0.9900,1.0000,0.9900,176.51,,16690.19
2026-08-25T04:00:00+00:00,KXFED-26SEP-T3.50,0.9900,1.0000,0.9900,3108.60,,19798.79
2026-08-26T04:00:00+00:00,KXFED-26SEP-T3.50,0.9900,1.0000,0.9900,46.75,,19845.54
2026-08-27T04:00:00+00:00,KXFED-26SEP-T3.50,0.9900,1.0000,,0.00,,19845.54
2026-08-28T04:00:00+00:00,KXFED-26SEP-T3.50,0.9900,1.0000,0.9900,935.19,,20593.73
2026-08-29T04:00:00+00:00,KXFED-26SEP-T3.50,0.9900,1.0000,0.9800,51.64,,20645.37
2026-08-30T04:00:00+00:00,KXFED-26SEP-T3.50,0.9900,1.0000,0.9900,93.51,,20738.88
2026-08-31T04:00:00+00:00,KXFED-26SEP-T3.50,0.9900,1.0000,0.9900,561.10,,21299.98
2026-09-02T04:00:00+00:00,KXFED-26SEP-T3.50,0.9800,1.0000,0.9900,216325.75,,129381.88
2026-09-03T04:00:00+00:00,KXFED-26SEP-T3.50,0.9900,1.0000,0.9900,125.51,,129488.39
2026-09-04T04:00:00+00:00,KXFED-26SEP-T3.50,0.9900,1.0000,0.9900,93.51,,129581.90
2026-09-05T04:00:00+00:00,KXFED-26SEP-T3.50,0.9900,1.0000,0.9900,8166.52,,137063.42
2026-09-06T04:00:00+00:00,KXFED-26SEP-T3.50,0.9900,1.0000,0.9900,2071.93,,139135.35
2026-09-07T04:00:00+00:00,KXFED-26SEP-T3.50,0.9900,1.0000,,0.00,,139135.35
2026-09-08T04:00:00+00:00,KXFED-26SEP-T3.50,0.9900,1.0000,0.9900,95.51,,139228.86
2026-09-10T04:00:00+00:00,KXFED-26SEP-T3.50,0.9900,1.0000,0.9900,1122.00,,140350.86
2026-09-11T04:00:00+00:00,KXFED-26SEP-T3.50,0.9900,1.0000,0.9900,467.59,,140818.45
2026-09-12T04:00:00+00:00,KXFED-26SEP-T3.50,0.9900,1.0000,0.9900,46825.84,,150298.29
2026-09-13T04:00:00+00:00,KXFED-26SEP-T3.50,0.9900,1.0000,0.9900,479.74,,150778.03
2026-09-14T04:00:00+00:00,KXFED-26SEP-T3.50,0.9900,1.0000,0.9900,7043.66,,153115.69
2026-09-15T04:00:00+00:00,KXFED-26SEP-T3.50,0.9900,1.0000,0.9900,11441.64,,159203.33
2026-09-16T04:00:00+00:00,KXFED-26SEP-T3.50,0.9900,1.0000,0.9900,4258.41,,163461.74
2026-09-17T04:00:00+00:00,KXFED-26SEP-T3.50,0.0000,1.0000,0.9900,36702.94,,190821.68
2026-08-02T04:00:00+00:00,KXFED-26SEP-T3.25,0.9900,1.0000,,0.00,,2420.98
2026-08-03T04:00:00+00:00,KXFED-26SEP-T3.25,0.9900,1.0000,,0.00,,2420.98
2026-08-04T04:00:00+00:00,KXFED-26SEP-T3.25,0.9900,1.0000,,0.00,,2420.98
2026-08-05T04:00:00+00:00,KXFED-26SEP-T3.25,0.9900,1.0000,,0.00,,2420.98
2026-08-06T04:00:00+00:00,KXFED-26SEP-T3.25,0.9900,1.0000,0.9900,200.00,,2620.98
2026-08-07T04:00:00+00:00,KXFED-26SEP-T3.25,0.9800,1.0000,0.9900,1000.00,,3620.98
2026-08-08T04:00:00+00:00,KXFED-26SEP-T3.25,0.9800,1.0000,,0.00,,3620.98
2026-08-11T04:00:00+00:00,KXFED-26SEP-T3.25,0.9800,1.0000,,0.00,,3620.98
2026-08-12T04:00:00+00:00,KXFED-26SEP-T3.25,0.9800,1.0000,,0.00,,3620.98
2026-08-13T04:00:00+00:00,KXFED-26SEP-T3.25,0.9800,1.0000,,0.00,,3620.98
2026-08-14T04:00:00+00:00,KXFED-26SEP-T3.25,0.9900,1.0000,,0.00,,3620.98
2026-08-16T04:00:00+00:00,KXFED-26SEP-T3.25,0.9800,1.0000,,0.00,,3620.98
2026-08-18T04:00:00+00:00,KXFED-26SEP-T3.25,0.9900,1.0000,,0.00,,3620.98
2026-08-21T04:00:00+00:00,KXFED-26SEP-T3.25,0.9900,1.0000,,0.00,,3620.98
2026-08-29T04:00:00+00:00,KXFED-26SEP-T3.25,0.9900,1.0000,0.9900,2.00,,3620.98
2026-09-01T04:00:00+00:00,KXFED-26SEP-T3.25,0.9900,1.0000,,0.00,,3620.98
2026-09-02T04:00:00+00:00,KXFED-26SEP-T3.25,0.9900,1.0000,0.9900,3333.00,,6953.98
2026-09-03T04:00:00+00:00,KXFED-26SEP-T3.25,0.9900,1.0000,,0.00,,6953.98
2026-09-04T04:00:00+00:00,KXFED-26SEP-T3.25,0.9900,1.0000,,0.00,,6953.98
2026-09-05T04:00:00+00:00,KXFED-26SEP-T3.25,0.9900,1.0000,0.9900,33.00,,6986.98
2026-09-09T04:00:00+00:00,KXFED-26SEP-T3.25,0.9900,1.0000,,0.00,,6986.98
2026-09-11T04:00:00+00:00,KXFED-26SEP-T3.25,0.9900,1.0000,,0.00,,6986.98
2026-09-12T04:00:00+00:00,KXFED-26SEP-T3.25,0.9900,1.0000,,0.00,,6986.98
2026-09-13T04:00:00+00:00,KXFED-26SEP-T3.25,0.9900,1.0000,,0.00,,6986.98
2026-09-14T04:00:00+00:00,KXFED-26SEP-T3.25,0.9900,1.0000,,0.00,,6986.98
2026-09-15T04:00:00+00:00,KXFED-26SEP-T3.25,0.9900,1.0000,0.9900,180.00,,7166.98
2026-09-16T04:00:00+00:00,KXFED-26SEP-T3.25,0.9900,1.0000,0.9900,93.51,,7260.49
2026-09-17T04:00:00+00:00,KXFED-26SEP-T3.25,0.0000,1.0000,0.9900,600.84,,7687.00
2026-08-02T04:00:00+00:00,KXFED-26SEP-T3.00,0.9900,1.0000,,0.00,,2430.81
2026-08-03T04:00:00+00:00,KXFED-26SEP-T3.00,0.9900,1.0000,,0.00,,2430.81
2026-08-04T04:00:00+00:00,KXFED-26SEP-T3.00,0.9900,1.0000,,0.00,,2430.81
2026-08-05T04:00:00+00:00,KXFED-26SEP-T3.00,0.9900,1.0000,,0.00,,2430.81
2026-08-06T04:00:00+00:00,KXFED-26SEP-T3.00,0.9900,1.0000,,0.00,,2430.81
2026-08-07T04:00:00+00:00,KXFED-26SEP-T3.00,0.9900,1.0000,0.9900,3500.00,,5930.81
2026-08-08T04:00:00+00:00,KXFED-26SEP-T3.00,0.9900,1.0000,,0.00,,5930.81
2026-08-09T04:00:00+00:00,KXFED-26SEP-T3.00,0.9900,1.0000,,0.00,,5930.81
2026-08-10T04:00:00+00:00,KXFED-26SEP-T3.00,0.9900,1.0000,,0.00,,5930.81
2026-08-11T04:00:00+00:00,KXFED-26SEP-T3.00,0.9900,1.0000,,0.00,,5930.81
2026-08-12T04:00:00+00:00,KXFED-26SEP-T3.00,0.9900,1.0000,,0.00,,5930.81
2026-08-13T04:00:00+00:00,KXFED-26SEP-T3.00,0.9900,1.0000,,0.00,,5930.81
2026-08-14T04:00:00+00:00,KXFED-26SEP-T3.00,0.9900,1.0000,,0.00,,5930.81
2026-08-15T04:00:00+00:00,KXFED-26SEP-T3.00,0.9900,1.0000,,0.00,,5930.81
2026-08-16T04:00:00+00:00,KXFED-26SEP-T3.00,0.9900,1.0000,,0.00,,5930.81
2026-08-17T04:00:00+00:00,KXFED-26SEP-T3.00,0.9900,1.0000,,0.00,,5930.81
2026-08-18T04:00:00+00:00,KXFED-26SEP-T3.00,0.9900,1.0000,,0.00,,5930.81
2026-08-19T04:00:00+00:00,KXFED-26SEP-T3.00,0.9900,1.0000,,0.00,,5930.81
2026-08-20T04:00:00+00:00,KXFED-26SEP-T3.00,0.9900,1.0000,,0.00,,5930.81
2026-08-21T04:00:00+00:00,KXFED-26SEP-T3.00,0.9900,1.0000,,0.00,,5930.81
2026-08-22T04:00:00+00:00,KXFED-26SEP-T3.00,0.9900,1.0000,,0.00,,5930.81
2026-08-25T04:00:00+00:00,KXFED-26SEP-T3.00,0.9900,1.0000,,0.00,,5930.81
2026-08-26T04:00:00+00:00,KXFED-26SEP-T3.00,0.9900,1.0000,,0.00,,5930.81
2026-08-27T04:00:00+00:00,KXFED-26SEP-T3.00,0.9900,1.0000,,0.00,,5930.81
2026-08-28T04:00:00+00:00,KXFED-26SEP-T3.00,0.9900,1.0000,,0.00,,5930.81
2026-08-29T04:00:00+00:00,KXFED-26SEP-T3.00,0.9900,1.0000,,0.00,,5930.81
2026-08-31T04:00:00+00:00,KXFED-26SEP-T3.00,0.9900,1.0000,,0.00,,5930.81
2026-09-01T04:00:00+00:00,KXFED-26SEP-T3.00,0.9900,1.0000,,0.00,,5930.81
2026-09-02T04:00:00+00:00,KXFED-26SEP-T3.00,0.9900,1.0000,,0.00,,5930.81
2026-09-03T04:00:00+00:00,KXFED-26SEP-T3.00,0.9900,1.0000,,0.00,,5930.81
2026-09-04T04:00:00+00:00,KXFED-26SEP-T3.00,0.9900,1.0000,,0.00,,5930.81
2026-09-05T04:00:00+00:00,KXFED-26SEP-T3.00,0.9900,1.0000,,0.00,,5930.81
2026-09-09T04:00:00+00:00,KXFED-26SEP-T3.00,0.9900,1.0000,,0.00,,5930.81
2026-09-11T04:00:00+00:00,KXFED-26SEP-T3.00,0.9900,1.0000,,0.00,,5930.81
2026-09-12T04:00:00+00:00,KXFED-26SEP-T3.00,0.9900,1.0000,,0.00,,5930.81
2026-09-13T04:00:00+00:00,KXFED-26SEP-T3.00,0.9900,1.0000,,0.00,,5930.81
2026-09-14T04:00:00+00:00,KXFED-26SEP-T3.00,0.9900,1.0000,,0.00,,5930.81
2026-09-15T04:00:00+00:00,KXFED-26SEP-T3.00,0.9900,1.0000,0.9900,180.00,,6110.81
2026-09-16T04:00:00+00:00,KXFED-26SEP-T3.00,0.9900,1.0000,0.9900,467.59,,6578.40
2026-09-17T04:00:00+00:00,KXFED-26SEP-T3.00,0.0000,1.0000,0.9900,28.05,,6606.45
2026-08-02T04:00:00+00:00,KXFED-26SEP-T2.75,0.9900,1.0000,,0.00,,3834.60
2026-08-03T04:00:00+00:00,KXFED-26SEP-T2.75,0.9900,1.0000,,0.00,,3834.60
2026-08-04T04:00:00+00:00,KXFED-26SEP-T2.75,0.9900,1.0000,,0.00,,3834.60
2026-08-05T04:00:00+00:00,KXFED-26SEP-T2.75,0.9900,1.0000,,0.00,,3834.60
2026-08-06T04:00:00+00:00,KXFED-26SEP-T2.75,0.9900,1.0000,,0.00,,3834.60
2026-08-07T04:00:00+00:00,KXFED-26SEP-T2.75,0.9900,1.0000,,0.00,,3834.60
2026-08-08T04:00:00+00:00,KXFED-26SEP-T2.75,0.9900,1.0000,,0.00,,3834.60
2026-08-09T04:00:00+00:00,KXFED-26SEP-T2.75,0.9900,1.0000,,0.00,,3834.60
2026-08-10T04:00:00+00:00,KXFED-26SEP-T2.75,0.9900,1.0000,,0.00,,3834.60
2026-08-11T04:00:00+00:00,KXFED-26SEP-T2.75,0.9900,1.0000,,0.00,,3834.60
2026-08-12T04:00:00+00:00,KXFED-26SEP-T2.75,0.9900,1.0000,,0.00,,3834.60
2026-08-13T04:00:00+00:00,KXFED-26SEP-T2.75,0.9900,1.0000,,0.00,,3834.60
2026-08-14T04:00:00+00:00,KXFED-26SEP-T2.75,0.9900,1.0000,,0.00,,3834.60
2026-08-15T04:00:00+00:00,KXFED-26SEP-T2.75,0.9900,1.0000,,0.00,,3834.60
2026-08-16T04:00:00+00:00,KXFED-26SEP-T2.75,0.9900,1.0000,,0.00,,3834.60
2026-08-17T04:00:00+00:00,KXFED-26SEP-T2.75,0.9900,1.0000,,0.00,,3834.60
2026-08-18T04:00:00+00:00,KXFED-26SEP-T2.75,0.9900,1.0000,,0.00,,3834.60
2026-08-19T04:00:00+00:00,KXFED-26SEP-T2.75,0.9900,1.0000,,0.00,,3834.60
2026-08-20T04:00:00+00:00,KXFED-26SEP-T2.75,0.9900,1.0000,,0.00,,3834.60
2026-08-21T04:00:00+00:00,KXFED-26SEP-T2.75,0.9900,1.0000,,0.00,,3834.60
2026-08-22T04:00:00+00:00,KXFED-26SEP-T2.75,0.9900,1.0000,,0.00,,3834.60
2026-08-25T04:00:00+00:00,KXFED-26SEP-T2.75,0.9900,1.0000,,0.00,,3834.60
2026-08-26T04:00:00+00:00,KXFED-26SEP-T2.75,0.9900,1.0000,,0.00,,3834.60
2026-08-27T04:00:00+00:00,KXFED-26SEP-T2.75,0.9900,1.0000,,0.00,,3834.60
2026-08-28T04:00:00+00:00,KXFED-26SEP-T2.75,0.9900,1.0000,,0.00,,3834.60
2026-08-29T04:00:00+00:00,KXFED-26SEP-T2.75,0.9900,1.0000,0.9900,10.35,,3844.95
2026-08-31T04:00:00+00:00,KXFED-26SEP-T2.75,0.9900,1.0000,,0.00,,3844.95
2026-09-01T04:00:00+00:00,KXFED-26SEP-T2.75,0.9900,1.0000,,0.00,,3844.95
2026-09-02T04:00:00+00:00,KXFED-26SEP-T2.75,0.9900,1.0000,,0.00,,3844.95
2026-09-03T04:00:00+00:00,KXFED-26SEP-T2.75,0.9900,1.0000,,0.00,,3844.95
2026-09-04T04:00:00+00:00,KXFED-26SEP-T2.75,0.9900,1.0000,,0.00,,3844.95
2026-09-05T04:00:00+00:00,KXFED-26SEP-T2.75,0.9900,1.0000,0.9900,5599.66,,9444.61
2026-09-08T04:00:00+00:00,KXFED-26SEP-T2.75,0.9900,1.0000,0.9900,333.00,,9777.61
2026-09-09T04:00:00+00:00,KXFED-26SEP-T2.75,0.9900,1.0000,0.9900,5.00,,9777.61
2026-09-10T04:00:00+00:00,KXFED-26SEP-T2.75,0.9900,1.0000,,0.00,,9777.61
2026-09-11T04:00:00+00:00,KXFED-26SEP-T2.75,0.9900,1.0000,0.9900,61.00,,9838.61
2026-09-12T04:00:00+00:00,KXFED-26SEP-T2.75,0.9900,1.0000,,0.00,,9838.61
2026-09-13T04:00:00+00:00,KXFED-26SEP-T2.75,0.9900,1.0000,,0.00,,9838.61
2026-09-14T04:00:00+00:00,KXFED-26SEP-T2.75,0.9900,1.0000,,0.00,,9838.61
2026-09-15T04:00:00+00:00,KXFED-26SEP-T2.75,0.9900,1.0000,0.9900,299.66,,10138.27
2026-09-16T04:00:00+00:00,KXFED-26SEP-T2.75,0.9900,1.0000,0.9900,93.51,,10231.78
2026-09-17T04:00:00+00:00,KXFED-26SEP-T2.75,0.0000,1.0000,0.9900,10224.43,,19489.21
2026-09-19T04:00:00+00:00,KXCPI-26OCT-T1.0,0.0100,0.9900,,0.00,,0.00
2026-09-19T04:00:00+00:00,KXCPI-26OCT-T0.9,0.0100,0.9900,,0.00,,0.00
2026-09-19T04:00:00+00:00,KXCPI-26OCT-T0.8,0.0100,0.9700,,0.00,,0.00
2026-09-19T04:00:00+00:00,KXCPI-26OCT-T0.7,0.0100,0.9300,,0.00,,0.00
2026-09-19T04:00:00+00:00,KXCPI-26OCT-T0.6,0.0100,0.8700,,0.00,,0.00
2026-09-18T04:00:00+00:00,KXCPI-26DEC-T0.9,0.0400,0.2700,,0.00,,0.00
2026-09-19T04:00:00+00:00,KXCPI-26DEC-T0.9,0.0400,0.2600,,0.00,,0.00
2026-09-18T04:00:00+00:00,KXCPI-26DEC-T0.8,0.0400,0.2900,,0.00,,0.00
2026-09-19T04:00:00+00:00,KXCPI-26DEC-T0.8,0.0600,0.2800,,0.00,,0.00
2026-09-18T04:00:00+00:00,KXCPI-26DEC-T0.7,0.0400,0.3100,,0.00,,0.00
2026-09-19T04:00:00+00:00,KXCPI-26DEC-T0.7,0.0400,0.2900,,0.00,,0.00
2026-09-18T04:00:00+00:00,KXCPI-26DEC-T0.6,0.0400,0.3300,,0.00,,0.00
2026-09-19T04:00:00+00:00,KXCPI-26DEC-T0.6,0.0400,0.3200,,0.00,,0.00
2026-09-18T04:00:00+00:00,KXCPI-26DEC-T0.5,0.0900,0.3800,,0.00,,0.00
2026-09-19T04:00:00+00:00,KXCPI-26DEC-T0.5,0.0900,0.3700,,0.00,,0.00
2026-09-18T04:00:00+00:00,KXCPI-26DEC-T0.4,0.1500,0.4900,,0.00,,0.00
2026-09-19T04:00:00+00:00,KXCPI-26DEC-T0.4,0.1600,0.4800,,0.00,,0.00
2026-09-18T04:00:00+00:00,KXCPI-26DEC-T0.3,0.1700,0.6600,,0.00,,0.00
2026-09-19T04:00:00+00:00,KXCPI-26DEC-T0.3,0.1900,0.6500,,0.00,,0.00
2026-09-18T04:00:00+00:00,KXCPI-26DEC-T0.2,0.3500,0.8600,,0.00,,0.00
2026-09-19T04:00:00+00:00,KXCPI-26DEC-T0.2,0.3600,0.7700,,0.00,,0.00
2026-09-18T04:00:00+00:00,KXCPI-26DEC-T0.1,0.5200,0.8400,,0.00,,0.00
2026-09-19T04:00:00+00:00,KXCPI-26DEC-T0.1,0.5300,0.8400,,0.00,,0.00
2026-09-18T04:00:00+00:00,KXCPI-26DEC-T-0.1,0.6900,0.9600,,0.00,,0.00
2026-09-19T04:00:00+00:00,KXCPI-26DEC-T-0.1,0.7000,0.9400,,0.00,,0.00
2026-09-18T04:00:00+00:00,KXCPI-26DEC-T0.0,0.6300,0.9100,,0.00,,0.00
2026-09-19T04:00:00+00:00,KXCPI-26DEC-T0.0,0.6400,0.8900,,0.00,,0.00
2026-09-18T04:00:00+00:00,KXCPI-26SEP-T0.9,0.0500,0.0800,0.0400,35.00,,35.00
2026-09-19T04:00:00+00:00,KXCPI-26SEP-T0.9,0.0000,0.0200,0.0100,4227.99,,4227.99
2026-09-18T04:00:00+00:00,KXCPI-26SEP-T0.8,0.1100,0.1500,0.1800,42.00,,42.00
2026-09-19T04:00:00+00:00,KXCPI-26SEP-T0.8,0.0300,0.0500,0.0300,3703.54,,3439.99
2026-09-18T04:00:00+00:00,KXCPI-26SEP-T0.7,0.1000,0.1600,0.1600,725.78,,725.78
2026-09-19T04:00:00+00:00,KXCPI-26SEP-T0.7,0.1100,0.1300,0.1100,25.00,,750.78
2026-08-05T04:00:00+00:00,KXCPI-26AUG-T1.0,0.0100,0.0800,,0.00,,5.99
2026-08-06T04:00:00+00:00,KXCPI-26AUG-T1.0,0.0000,0.0600,0.0100,50.00,,55.99
2026-08-07T04:00:00+00:00,KXCPI-26AUG-T1.0,0.0000,0.0600,,0.00,,55.99
2026-08-08T04:00:00+00:00,KXCPI-26AUG-T1.0,0.0000,0.0600,,0.00,,55.99
2026-08-09T04:00:00+00:00,KXCPI-26AUG-T1.0,0.0000,0.0600,,0.00,,55.99
2026-08-11T04:00:00+00:00,KXCPI-26AUG-T1.0,0.0000,0.0600,,0.00,,55.99
2026-08-12T04:00:00+00:00,KXCPI-26AUG-T1.0,0.0000,0.0600,,0.00,,55.99
2026-08-13T04:00:00+00:00,KXCPI-26AUG-T1.0,0.0000,0.0600,,0.00,,55.99
2026-08-14T04:00:00+00:00,KXCPI-26AUG-T1.0,0.0000,0.0600,,0.00,,55.99
2026-08-15T04:00:00+00:00,KXCPI-26AUG-T1.0,0.0000,0.0700,,0.00,,55.99
2026-08-16T04:00:00+00:00,KXCPI-26AUG-T1.0,0.0000,0.0600,,0.00,,55.99
2026-08-18T04:00:00+00:00,KXCPI-26AUG-T1.0,0.0000,0.0600,,0.00,,55.99
2026-08-19T04:00:00+00:00,KXCPI-26AUG-T1.0,0.0000,0.0200,0.0100,288.00,,183.99
2026-08-20T04:00:00+00:00,KXCPI-26AUG-T1.0,0.0000,0.0200,,0.00,,183.99
2026-08-21T04:00:00+00:00,KXCPI-26AUG-T1.0,0.0000,0.0300,,0.00,,183.99
2026-08-22T04:00:00+00:00,KXCPI-26AUG-T1.0,0.0100,0.0300,,0.00,,183.99
2026-08-23T04:00:00+00:00,KXCPI-26AUG-T1.0,0.0000,0.0400,0.0300,79.00,,262.99
2026-08-24T04:00:00+00:00,KXCPI-26AUG-T1.0,0.0000,0.0400,0.0100,53.00,,314.99
2026-08-25T04:00:00+00:00,KXCPI-26AUG-T1.0,0.0000,0.0500,0.0400,11.00,,325.99
2026-08-26T04:00:00+00:00,KXCPI-26AUG-T1.0,0.0000,0.0600,,0.00,,325.99
2026-08-27T04:00:00+00:00,KXCPI-26AUG-T1.0,0.0000,0.0300,,0.00,,325.99
2026-08-28T04:00:00+00:00,KXCPI-26AUG-T1.0,0.0000,0.0200,,0.00,,325.99
2026-08-29T04:00:00+00:00,KXCPI-26AUG-T1.0,0.0000,0.0200,0.0200,14.00,,339.99
2026-08-30T04:00:00+00:00,KXCPI-26AUG-T1.0,0.0000,0.0200,,0.00,,339.99
2026-08-31T04:00:00+00:00,KXCPI-26AUG-T1.0,0.0000,0.0300,,0.00,,339.99
2026-09-01T04:00:00+00:00,KXCPI-26AUG-T1.0,0.0000,0.0300,,0.00,,339.99
2026-09-02T04:00:00+00:00,KXCPI-26AUG-T1.0,0.0000,0.0200,,0.00,,339.99
2026-09-03T04:00:00+00:00,KXCPI-26AUG-T1.0,0.0000,0.0100,,0.00,,339.99
2026-09-05T04:00:00+00:00,KXCPI-26AUG-T1.0,0.0000,0.0100,,0.00,,339.99
2026-09-06T04:00:00+00:00,KXCPI-26AUG-T1.0,0.0000,0.0100,0.0100,16.00,,355.99
2026-09-07T04:00:00+00:00,KXCPI-26AUG-T1.0,0.0000,0.0100,0.0100,1.00,,356.99
2026-09-08T04:00:00+00:00,KXCPI-26AUG-T1.0,0.0000,0.0100,0.0100,605.99,,962.98
2026-09-10T04:00:00+00:00,KXCPI-26AUG-T1.0,0.0000,0.0100,0.0100,1325.55,,2288.53
2026-09-11T04:00:00+00:00,KXCPI-26AUG-T1.0,0.0000,0.0100,0.0100,733.51,,3022.04
2026-09-12T04:00:00+00:00,KXCPI-26AUG-T1.0,0.0000,1.0000,,0.00,,3022.04
2026-08-02T04:00:00+00:00,KXCPI-26AUG-T0.9,0.0100,0.3100,,0.00,,93.18
2026-08-03T04:00:00+00:00,KXCPI-26AUG-T0.9,0.0100,0.3100,,0.00,,93.18
2026-08-04T04:00:00+00:00,KXCPI-26AUG-T0.9,0.0200,0.3100,0.3100,40.00,,133.18
2026-08-05T04:00:00+00:00,KXCPI-26AUG-T0.9,0.1300,0.1400,0.1300,73.00,,206.18
2026-08-06T04:00:00+00:00,KXCPI-26AUG-T0.9,0.0000,0.1200,0.0100,569.00,,570.00
2026-08-07T04:00:00+00:00,KXCPI-26AUG-T0.9,0.0000,0.1200,,0.00,,570.00
2026-08-08T04:00:00+00:00,KXCPI-26AUG-T0.9,0.0000,0.1200,,0.00,,570.00
2026-08-09T04:00:00+00:00,KXCPI-26AUG-T0.9,0.0000,0.1200,,0.00,,570.00
2026-08-11T04:00:00+00:00,KXCPI-26AUG-T0.9,0.0000,0.1100,,0.00,,570.00
2026-08-12T04:00:00+00:00,KXCPI-26AUG-T0.9,0.0000,0.1100,0.1100,136.36,,670.54
2026-08-13T04:00:00+00:00,KXCPI-26AUG-T0.9,0.0000,0.0400,,0.00,,670.54
2026-08-14T04:00:00+00:00,KXCPI-26AUG-T0.9,0.0000,0.0400,,0.00,,670.54
2026-08-15T04:00:00+00:00,KXCPI-26AUG-T0.9,0.0000,0.0900,0.0300,250.00,,920.54
2026-08-16T04:00:00+00:00,KXCPI-26AUG-T0.9,0.0000,0.1200,,0.00,,920.54
2026-08-18T04:00:00+00:00,KXCPI-26AUG-T0.9,0.0000,0.0400,0.0400,22.00,,942.54
2026-08-19T04:00:00+00:00,KXCPI-26AUG-T0.9,0.0000,0.0400,,0.00,,942.54
2026-08-20T04:00:00+00:00,KXCPI-26AUG-T0.9,0.0000,0.0400,,0.00,,942.54
2026-08-21T04:00:00+00:00,KXCPI-26AUG-T0.9,0.0000,0.0700,0.0300,74.00,,1016.54
2026-08-22T04:00:00+00:00,KXCPI-26AUG-T0.9,0.0000,0.0700,,0.00,,1016.54
2026-08-23T04:00:00+00:00,KXCPI-26AUG-T0.9,0.0000,0.1100,0.0800,44.00,,1060.54
2026-08-24T04:00:00+00:00,KXCPI-26AUG-T0.9,0.0100,0.1100,,0.00,,1060.54
2026-08-25T04:00:00+00:00,KXCPI-26AUG-T0.9,0.0100,0.1200,,0.00,,1060.54
2026-08-26T04:00:00+00:00,KXCPI-26AUG-T0.9,0.0000,0.1200,0.1200,68.00,,1128.54
2026-08-27T04:00:00+00:00,KXCPI-26AUG-T0.9,0.0000,0.0500,,0.00,,1128.54
2026-08-28T04:00:00+00:00,KXCPI-26AUG-T0.9,0.0000,0.0400,,0.00,,1128.54
2026-08-29T04:00:00+00:00,KXCPI-26AUG-T0.9,0.0000,0.0200,0.0100,16.00,,1144.54
2026-08-30T04:00:00+00:00,KXCPI-26AUG-T0.9,0.0000,0.0200,0.0200,346.00,,1490.54
2026-08-31T04:00:00+00:00,KXCPI-26AUG-T0.9,0.0000,0.0200,0.0200,852.00,,2342.54
2026-09-01T04:00:00+00:00,KXCPI-26AUG-T0.9,0.0000,0.0200,0.0200,357.00,,2699.54
2026-09-02T04:00:00+00:00,KXCPI-26AUG-T0.9,0.0000,0.0200,0.0200,42.00,,2741.54
2026-09-03T04:00:00+00:00,KXCPI-26AUG-T0.9,0.0000,0.0200,,0.00,,2741.54
2026-09-04T04:00:00+00:00,KXCPI-26AUG-T0.9,0.0000,0.0200,,0.00,,2741.54
2026-09-05T04:00:00+00:00,KXCPI-26AUG-T0.9,0.0000,0.0200,,0.00,,2741.54
2026-09-06T04:00:00+00:00,KXCPI-26AUG-T0.9,0.0000,0.0100,0.0100,83.00,,2824.54
2026-09-10T04:00:00+00:00,KXCPI-26AUG-T0.9,0.0000,0.0100,0.0100,1361.00,,4185.54
2026-09-11T04:00:00+00:00,KXCPI-26AUG-T0.9,0.0000,0.0100,0.0100,147.00,,4332.54
2026-09-12T04:00:00+00:00,KXCPI-26AUG-T0.9,0.0000,1.0000,,0.00,,4332.54
2026-08-02T04:00:00+00:00,KXCPI-26AUG-T0.8,0.0100,0.3200,0.3100,13.00,,13.00
2026-08-03T04:00:00+00:00,KXCPI-26AUG-T0.8,0.0100,0.3200,,0.00,,13.00
2026-08-04T04:00:00+00:00,KXCPI-26AUG-T0.8,0.0100,0.2100,,0.00,,13.00
2026-08-05T04:00:00+00:00,KXCPI-26AUG-T0.8,0.0200,0.1900,,0.00,,13.00
2026-08-06T04:00:00+00:00,KXCPI-26AUG-T0.8,0.0000,0.1700,0.1800,375.00,,284.00
2026-08-07T04:00:00+00:00,KXCPI-26AUG-T0.8,0.0000,0.1800,,0.00,,284.00
2026-08-12T04:00:00+00:00,KXCPI-26AUG-T0.8,0.0000,0.1800,0.1800,27.78,,311.78
2026-08-13T04:00:00+00:00,KXCPI-26AUG-T0.8,0.0000,0.0100,,0.00,,311.78
2026-08-15T04:00:00+00:00,KXCPI-26AUG-T0.8,0.0000,0.1000,0.1000,82.78,,332.78
2026-08-16T04:00:00+00:00,KXCPI-26AUG-T0.8,0.0000,0.1800,,0.00,,332.78
2026-08-17T04:00:00+00:00,KXCPI-26AUG-T0.8,0.0000,0.3300,0.3200,25.00,,337.78
2026-08-18T04:00:00+00:00,KXCPI-26AUG-T0.8,0.0000,0.0400,0.0400,1.00,,338.78
2026-08-19T04:00:00+00:00,KXCPI-26AUG-T0.8,0.0000,0.0400,,0.00,,338.78
2026-08-20T04:00:00+00:00,KXCPI-26AUG-T0.8,0.0000,0.0400,,0.00,,338.78
2026-08-21T04:00:00+00:00,KXCPI-26AUG-T0.8,0.0000,0.0700,0.0400,55.00,,338.78
2026-08-22T04:00:00+00:00,KXCPI-26AUG-T0.8,0.0000,0.1200,0.0700,3.00,,341.78
2026-08-23T04:00:00+00:00,KXCPI-26AUG-T0.8,0.0000,0.3800,0.3700,209.00,,405.78
2026-08-24T04:00:00+00:00,KXCPI-26AUG-T0.8,0.0000,0.4000,0.3800,45.00,,450.78
2026-08-25T04:00:00+00:00,KXCPI-26AUG-T0.8,0.0100,0.1100,0.1300,79.00,,529.78
2026-08-26T04:00:00+00:00,KXCPI-26AUG-T0.8,0.0000,0.4000,,0.00,,529.78
2026-08-27T04:00:00+00:00,KXCPI-26AUG-T0.8,0.0000,0.1000,,0.00,,529.78
2026-08-28T04:00:00+00:00,KXCPI-26AUG-T0.8,0.0000,0.0800,0.0800,4572.00,,3051.78
2026-08-29T04:00:00+00:00,KXCPI-26AUG-T0.8,0.0000,0.0300,0.0200,14.00,,3065.78
2026-08-30T04:00:00+00:00,KXCPI-26AUG-T0.8,0.0000,0.0200,,0.00,,3065.78
2026-09-01T04:00:00+00:00,KXCPI-26AUG-T0.8,0.0000,0.0300,0.0100,83.00,,3065.78
2026-09-02T04:00:00+00:00,KXCPI-26AUG-T0.8,0.0000,0.0200,0.0200,17.00,,3082.78
2026-09-03T04:00:00+00:00,KXCPI-26AUG-T0.8,0.0000,0.0200,,0.00,,3082.78
2026-09-05T04:00:00+00:00,KXCPI-26AUG-T0.8,0.0000,0.0200,0.0200,470.00,,3552.78
2026-09-06T04:00:00+00:00,KXCPI-26AUG-T0.8,0.0000,0.0200,0.0200,142.00,,3694.78
2026-09-07T04:00:00+00:00,KXCPI-26AUG-T0.8,0.0000,0.0200,0.0200,332.00,,4026.78
2026-09-08T04:00:00+00:00,KXCPI-26AUG-T0.8,0.0000,0.0200,0.0200,14177.00,,14303.78
2026-09-09T04:00:00+00:00,KXCPI-26AUG-T0.8,0.0000,0.0100,0.0100,135.00,,14393.78
2026-09-10T04:00:00+00:00,KXCPI-26AUG-T0.8,0.0000,0.0100,0.0100,1252.00,,15645.78
2026-09-11T04:00:00+00:00,KXCPI-26AUG-T0.8,0.0000,0.0100,0.0100,197.00,,15842.78
2026-09-12T04:00:00+00:00,KXCPI-26AUG-T0.8,0.0000,1.0000,,0.00,,15842.78
2026-08-02T04:00:00+00:00,KXCPI-26AUG-T0.7,0.0100,0.2900,,0.00,,0.00
2026-08-03T04:00:00+00:00,KXCPI-26AUG-T0.7,0.0100,0.3100,,0.00,,0.00
2026-08-04T04:00:00+00:00,KXCPI-26AUG-T0.7,0.0100,0.1800,,0.00,,0.00
2026-08-05T04:00:00+00:00,KXCPI-26AUG-T0.7,0.0100,0.1900,,0.00,,0.00
2026-08-06T04:00:00+00:00,KXCPI-26AUG-T0.7,0.0100,0.0900,,0.00,,0.00
2026-08-07T04:00:00+00:00,KXCPI-26AUG-T0.7,0.0200,0.1800,0.0200,134.00,,62.00
2026-08-08T04:00:00+00:00,KXCPI-26AUG-T0.7,0.0200,0.3100,,0.00,,62.00
2026-08-09T04:00:00+00:00,KXCPI-26AUG-T0.7,0.0200,0.3200,,0.00,,62.00
2026-08-10T04:00:00+00:00,KXCPI-26AUG-T0.7,0.0200,0.3200,,0.00,,62.00
2026-08-11T04:00:00+00:00,KXCPI-26AUG-T0.7,0.0200,0.3200,0.0200,28.44,,67.00
2026-08-12T04:00:00+00:00,KXCPI-26AUG-T0.7,0.0200,0.3300,0.3200,46.88,,80.32
2026-08-13T04:00:00+00:00,KXCPI-26AUG-T0.7,0.0200,0.0400,0.0400,33.00,,113.32
2026-08-14T04:00:00+00:00,KXCPI-26AUG-T0.7,0.0200,0.0800,0.0400,187.50,,300.82
2026-08-15T04:00:00+00:00,KXCPI-26AUG-T0.7,0.0200,0.0300,0.0500,166.67,,467.49
2026-08-16T04:00:00+00:00,KXCPI-26AUG-T0.7,0.0000,0.0600,0.0100,686.86,,954.35
2026-08-18T04:00:00+00:00,KXCPI-26AUG-T0.7,0.0000,0.0400,0.0100,2667.00,,3428.86
2026-08-19T04:00:00+00:00,KXCPI-26AUG-T0.7,0.0000,0.0200,,0.00,,3428.86
2026-08-20T04:00:00+00:00,KXCPI-26AUG-T0.7,0.0000,0.0200,,0.00,,3428.86
2026-08-21T04:00:00+00:00,KXCPI-26AUG-T0.7,0.0000,0.0600,,0.00,,3428.86
2026-08-22T04:00:00+00:00,KXCPI-26AUG-T0.7,0.0000,0.0600,,0.00,,3428.86
2026-08-23T04:00:00+00:00,KXCPI-26AUG-T0.7,0.0000,0.0700,,0.00,,3428.86
2026-08-25T04:00:00+00:00,KXCPI-26AUG-T0.7,0.0000,0.0700,,0.00,,3428.86
2026-08-26T04:00:00+00:00,KXCPI-26AUG-T0.7,0.0000,0.0700,,0.00,,3428.86
2026-08-27T04:00:00+00:00,KXCPI-26AUG-T0.7,0.0000,0.0700,0.0700,25.00,,3428.86
2026-08-28T04:00:00+00:00,KXCPI-26AUG-T0.7,0.0000,0.0700,,0.00,,3428.86
2026-08-29T04:00:00+00:00,KXCPI-26AUG-T0.7,0.0000,0.0500,,0.00,,3428.86
2026-08-30T04:00:00+00:00,KXCPI-26AUG-T0.7,0.0000,0.0400,,0.00,,3428.86
2026-09-01T04:00:00+00:00,KXCPI-26AUG-T0.7,0.0000,0.0400,,0.00,,3428.86
2026-09-02T04:00:00+00:00,KXCPI-26AUG-T0.7,0.0000,0.0400,,0.00,,3428.86
2026-09-03T04:00:00+00:00,KXCPI-26AUG-T0.7,0.0000,0.0300,,0.00,,3428.86
2026-09-04T04:00:00+00:00,KXCPI-26AUG-T0.7,0.0000,0.0300,0.0300,1.00,,3429.86
2026-09-05T04:00:00+00:00,KXCPI-26AUG-T0.7,0.0000,0.0200,,0.00,,3429.86
2026-09-06T04:00:00+00:00,KXCPI-26AUG-T0.7,0.0000,0.0100,,0.00,,3429.86
2026-09-07T04:00:00+00:00,KXCPI-26AUG-T0.7,0.0000,0.0100,,0.00,,3429.86
2026-09-08T04:00:00+00:00,KXCPI-26AUG-T0.7,0.0000,0.0100,0.0200,4196.00,,7625.86
2026-09-09T04:00:00+00:00,KXCPI-26AUG-T0.7,0.0000,0.0100,0.0100,0.93,,7626.79
2026-09-10T04:00:00+00:00,KXCPI-26AUG-T0.7,0.0000,0.0100,0.0100,1027.00,,8653.79
2026-09-11T04:00:00+00:00,KXCPI-26AUG-T0.7,0.0000,0.0100,0.0200,557.78,,9211.57
2026-09-12T04:00:00+00:00,KXCPI-26AUG-T0.7,0.0000,1.0000,,0.00,,9211.57
2026-08-04T04:00:00+00:00,KXCPI-26AUG-T0.6,0.0300,0.1400,,0.00,,0.00
2026-08-05T04:00:00+00:00,KXCPI-26AUG-T0.6,0.0300,0.1400,,0.00,,0.00
2026-08-06T04:00:00+00:00,KXCPI-26AUG-T0.6,0.0300,0.0800,0.0300,85.00,,85.00
2026-08-07T04:00:00+00:00,KXCPI-26AUG-T0.6,0.0400,0.3000,0.1500,62.00,,93.00
2026-08-08T04:00:00+00:00,KXCPI-26AUG-T0.6,0.0400,0.3300,0.0400,1.00,,93.00
2026-08-09T04:00:00+00:00,KXCPI-26AUG-T0.6,0.0300,0.3600,,0.00,,93.00
2026-08-10T04:00:00+00:00,KXCPI-26AUG-T0.6,0.0300,0.3600,,0.00,,93.00
2026-08-11T04:00:00+00:00,KXCPI-26AUG-T0.6,0.0300,0.3300,0.0400,46.37,,106.10
2026-08-12T04:00:00+00:00,KXCPI-26AUG-T0.6,0.0200,0.2900,0.0200,22.00,,116.37
2026-08-13T04:00:00+00:00,KXCPI-26AUG-T0.6,0.0200,0.0400,0.0300,14.90,,123.82
2026-08-14T04:00:00+00:00,KXCPI-26AUG-T0.6,0.0500,0.1800,0.0800,233.14,,355.96
2026-08-15T04:00:00+00:00,KXCPI-26AUG-T0.6,0.0300,0.0900,0.0500,296.00,,651.96
2026-08-16T04:00:00+00:00,KXCPI-26AUG-T0.6,0.0300,0.2200,0.0200,257.00,,853.34
2026-08-17T04:00:00+00:00,KXCPI-26AUG-T0.6,0.0000,0.2100,0.0100,152.00,,1005.34
2026-08-18T04:00:00+00:00,KXCPI-26AUG-T0.6,0.0000,0.0500,0.0200,2600.00,,3404.45
2026-08-19T04:00:00+00:00,KXCPI-26AUG-T0.6,0.0000,0.0400,,0.00,,3404.45
2026-08-20T04:00:00+00:00,KXCPI-26AUG-T0.6,0.0000,0.0400,0.0400,55.00,,3404.45
2026-08-21T04:00:00+00:00,KXCPI-26AUG-T0.6,0.0000,0.0400,0.0200,1.00,,3405.45
2026-08-22T04:00:00+00:00,KXCPI-26AUG-T0.6,0.0000,0.2100,,0.00,,3405.45
2026-08-23T04:00:00+00:00,KXCPI-26AUG-T0.6,0.0000,0.2100,,0.00,,3405.45
2026-08-24T04:00:00+00:00,KXCPI-26AUG-T0.6,0.0000,0.2100,0.2100,8.16,,3405.45
2026-08-25T04:00:00+00:00,KXCPI-26AUG-T0.6,0.0100,0.1000,0.0400,4.00,,3409.45
2026-08-26T04:00:00+00:00,KXCPI-26AUG-T0.6,0.0000,0.2100,,0.00,,3409.45
2026-08-27T04:00:00+00:00,KXCPI-26AUG-T0.6,0.0000,0.1900,,0.00,,3409.45
2026-08-28T04:00:00+00:00,KXCPI-26AUG-T0.6,0.0000,0.1900,0.0200,6030.00,,4782.23
2026-08-29T04:00:00+00:00,KXCPI-26AUG-T0.6,0.0000,0.0400,0.0400,2.00,,4784.23
2026-08-30T04:00:00+00:00,KXCPI-26AUG-T0.6,0.0000,0.0500,0.0500,102.00,,4886.23
2026-08-31T04:00:00+00:00,KXCPI-26AUG-T0.6,0.0000,0.0500,0.0500,100.00,,4986.23
2026-09-01T04:00:00+00:00,KXCPI-26AUG-T0.6,0.0000,0.0400,0.0100,5252.99,,9823.45
2026-09-02T04:00:00+00:00,KXCPI-26AUG-T0.6,0.0000,0.0400,,0.00,,9823.45
2026-09-03T04:00:00+00:00,KXCPI-26AUG-T0.6,0.0000,0.0400,,0.00,,9823.45
2026-09-04T04:00:00+00:00,KXCPI-26AUG-T0.6,0.0000,0.0400,0.0400,62.00,,9885.45
2026-09-05T04:00:00+00:00,KXCPI-26AUG-T0.6,0.0000,0.0400,0.0400,1.00,,9885.45
2026-09-06T04:00:00+00:00,KXCPI-26AUG-T0.6,0.0000,0.0300,0.0300,42.00,,9927.45
2026-09-07T04:00:00+00:00,KXCPI-26AUG-T0.6,0.0000,0.0300,0.0300,16.00,,9943.45
2026-09-08T04:00:00+00:00,KXCPI-26AUG-T0.6,0.0000,0.0300,0.0300,4880.00,,14823.45
2026-09-10T04:00:00+00:00,KXCPI-26AUG-T0.6,0.0000,0.0200,0.0200,1368.00,,16191.45
2026-09-11T04:00:00+00:00,KXCPI-26AUG-T0.6,0.0000,0.0200,0.0200,2176.35,,18367.80
2026-09-12T04:00:00+00:00,KXCPI-26AUG-T0.6,0.0000,1.0000,0.0200,467.90,,18835.70
2026-08-02T04:00:00+00:00,KXCPI-26SEP-T0.6,0.0400,0.3200,,0.00,,13.00
2026-08-03T04:00:00+00:00,KXCPI-26SEP-T0.6,0.0400,0.3800,,0.00,,13.00
2026-08-04T04:00:00+00:00,KXCPI-26SEP-T0.6,0.0300,0.3800,,0.00,,13.00
2026-08-05T04:00:00+00:00,KXCPI-26SEP-T0.6,0.0300,0.3800,,0.00,,13.00
2026-08-06T04:00:00+00:00,KXCPI-26SEP-T0.6,0.0300,0.3400,,0.00,,13.00
2026-08-07T04:00:00+00:00,KXCPI-26SEP-T0.6,0.0300,0.3400,0.0300,58.00,,13.00
2026-08-08T04:00:00+00:00,KXCPI-26SEP-T0.6,0.0400,0.3300,,0.00,,13.00
2026-08-09T04:00:00+00:00,KXCPI-26SEP-T0.6,0.0300,0.3400,,0.00,,13.00
2026-08-10T04:00:00+00:00,KXCPI-26SEP-T0.6,0.0300,0.3400,,0.00,,13.00
2026-08-11T04:00:00+00:00,KXCPI-26SEP-T0.6,0.0300,0.3400,0.0300,5.00,,13.00
2026-08-12T04:00:00+00:00,KXCPI-26SEP-T0.6,0.0300,0.3400,,0.00,,13.00
2026-08-13T04:00:00+00:00,KXCPI-26SEP-T0.6,0.0300,0.3400,,0.00,,13.00
2026-08-14T04:00:00+00:00,KXCPI-26SEP-T0.6,0.0400,0.1900,,0.00,,13.00
2026-08-15T04:00:00+00:00,KXCPI-26SEP-T0.6,0.0400,0.3300,,0.00,,13.00
2026-08-16T04:00:00+00:00,KXCPI-26SEP-T0.6,0.0400,0.9500,,0.00,,13.00
2026-08-17T04:00:00+00:00,KXCPI-26SEP-T0.6,0.0400,0.9500,,0.00,,13.00
2026-08-18T04:00:00+00:00,KXCPI-26SEP-T0.6,0.0300,0.0700,0.0700,52630.00,,367.00
2026-08-19T04:00:00+00:00,KXCPI-26SEP-T0.6,0.0300,0.0800,0.1000,387.99,,514.99
2026-08-20T04:00:00+00:00,KXCPI-26SEP-T0.6,0.0300,0.9500,0.0300,31.00,,522.99
2026-08-21T04:00:00+00:00,KXCPI-26SEP-T0.6,0.0200,0.9500,,0.00,,522.99
2026-08-22T04:00:00+00:00,KXCPI-26SEP-T0.6,0.0200,0.1600,0.3000,70.35,,535.99
2026-08-23T04:00:00+00:00,KXCPI-26SEP-T0.6,0.0300,0.9500,0.2000,198.00,,723.99
2026-08-24T04:00:00+00:00,KXCPI-26SEP-T0.6,0.1000,0.2300,0.0300,146.99,,649.00
2026-08-25T04:00:00+00:00,KXCPI-26SEP-T0.6,0.0400,0.3700,0.3800,10.00,,649.00
2026-08-26T04:00:00+00:00,KXCPI-26SEP-T0.6,0.0300,0.3300,0.0300,15.51,,649.00
2026-08-27T04:00:00+00:00,KXCPI-26SEP-T0.6,0.0300,0.3200,0.3200,6.00,,655.00
2026-08-28T04:00:00+00:00,KXCPI-26SEP-T0.6,0.0400,0.3300,0.3200,59.00,,714.00
2026-08-29T04:00:00+00:00,KXCPI-26SEP-T0.6,0.0400,0.3300,0.3300,63.54,,777.54
2026-08-30T04:00:00+00:00,KXCPI-26SEP-T0.6,0.0400,0.3200,0.3300,1.00,,778.54
2026-08-31T04:00:00+00:00,KXCPI-26SEP-T0.6,0.0600,0.3100,0.3100,67.00,,779.54
2026-09-01T04:00:00+00:00,KXCPI-26SEP-T0.6,0.2100,0.3100,0.3100,17.00,,794.54
2026-09-02T04:00:00+00:00,KXCPI-26SEP-T0.6,0.0500,0.3100,0.3100,9.00,,802.54
2026-09-03T04:00:00+00:00,KXCPI-26SEP-T0.6,0.1200,0.3300,,0.00,,802.54
2026-09-04T04:00:00+00:00,KXCPI-26SEP-T0.6,0.2100,0.3200,0.2700,4.00,,806.54
2026-09-05T04:00:00+00:00,KXCPI-26SEP-T0.6,0.0400,0.3100,0.3100,319.00,,534.51
2026-09-06T04:00:00+00:00,KXCPI-26SEP-T0.6,0.0300,0.3800,0.3700,2.00,,534.51
2026-09-07T04:00:00+00:00,KXCPI-26SEP-T0.6,0.1200,0.4300,0.1200,119.00,,551.54
2026-09-08T04:00:00+00:00,KXCPI-26SEP-T0.6,0.0500,0.4000,0.2600,99.00,,513.51
2026-09-09T04:00:00+00:00,KXCPI-26SEP-T0.6,0.0600,0.4400,0.2800,2.00,,515.51
2026-09-10T04:00:00+00:00,KXCPI-26SEP-T0.6,0.0200,0.4400,0.0200,29.00,,541.51
2026-09-11T04:00:00+00:00,KXCPI-26SEP-T0.6,0.0400,0.4200,,0.00,,541.51
2026-09-12T04:00:00+00:00,KXCPI-26SEP-T0.6,0.1200,0.3000,0.3800,63.14,,582.68
2026-09-13T04:00:00+00:00,KXCPI-26SEP-T0.6,0.0900,0.2400,0.2500,8.00,,582.95
2026-09-14T04:00:00+00:00,KXCPI-26SEP-T0.6,0.0900,0.2500,0.2500,118.73,,701.41
2026-09-15T04:00:00+00:00,KXCPI-26SEP-T0.6,0.1500,0.1600,0.1600,1508.30,,2003.28
2026-09-16T04:00:00+00:00,KXCPI-26SEP-T0.6,0.1500,0.1600,0.1700,2982.17,,4661.04
2026-09-17T04:00:00+00:00,KXCPI-26SEP-T0.6,0.2600,0.2700,0.2800,4628.84,,6988.92
2026-09-18T04:00:00+00:00,KXCPI-26SEP-T0.6,0.3700,0.3800,0.3800,8205.75,,11709.08
2026-09-19T04:00:00+00:00,KXCPI-26SEP-T0.6,0.3600,0.3700,0.3700,458.60,,11797.09
2026-08-02T04:00:00+00:00,KXCPI-26SEP-T-0.4,0.7000,0.9800,,0.00,,10.00
2026-08-03T04:00:00+00:00,KXCPI-26SEP-T-0.4,0.7000,0.9800,,0.00,,10.00
2026-08-04T04:00:00+00:00,KXCPI-26SEP-T-0.4,0.7000,0.9900,,0.00,,10.00
2026-08-05T04:00:00+00:00,KXCPI-26SEP-T-0.4,0.7000,0.9900,,0.00,,10.00
2026-08-06T04:00:00+00:00,KXCPI-26SEP-T-0.4,0.7000,0.9900,,0.00,,10.00
2026-08-07T04:00:00+00:00,KXCPI-26SEP-T-0.4,0.7000,0.9900,,0.00,,10.00
2026-08-08T04:00:00+00:00,KXCPI-26SEP-T-0.4,0.7100,0.9800,,0.00,,10.00
2026-08-09T04:00:00+00:00,KXCPI-26SEP-T-0.4,0.7000,0.9900,,0.00,,10.00
2026-08-11T04:00:00+00:00,KXCPI-26SEP-T-0.4,0.7100,0.9900,0.9900,5.00,,15.00
2026-08-13T04:00:00+00:00,KXCPI-26SEP-T-0.4,0.7100,0.9900,0.9900,13.00,,23.00
2026-08-14T04:00:00+00:00,KXCPI-26SEP-T-0.4,0.7200,0.9800,,0.00,,23.00
2026-08-15T04:00:00+00:00,KXCPI-26SEP-T-0.4,0.7100,0.9800,0.7200,5.00,,28.00
2026-08-22T04:00:00+00:00,KXCPI-26SEP-T-0.4,0.7100,0.9800,,0.00,,28.00
2026-08-23T04:00:00+00:00,KXCPI-26SEP-T-0.4,0.7100,0.9800,,0.00,,28.00
2026-08-24T04:00:00+00:00,KXCPI-26SEP-T-0.4,0.7000,0.9800,0.7000,27.00,,47.00
2026-08-25T04:00:00+00:00,KXCPI-26SEP-T-0.4,0.7000,0.9800,,0.00,,47.00
2026-08-26T04:00:00+00:00,KXCPI-26SEP-T-0.4,0.8100,0.9800,,0.00,,47.00
2026-08-27T04:00:00+00:00,KXCPI-26SEP-T-0.4,0.8100,0.9800,,0.00,,47.00
2026-08-28T04:00:00+00:00,KXCPI-26SEP-T-0.4,0.8100,0.9800,,0.00,,47.00
2026-08-29T04:00:00+00:00,KXCPI-26SEP-T-0.4,0.8100,0.9800,0.8100,20.00,,64.00
2026-08-30T04:00:00+00:00,KXCPI-26SEP-T-0.4,0.8100,0.9800,,0.00,,64.00
2026-08-31T04:00:00+00:00,KXCPI-26SEP-T-0.4,0.8100,0.9800,,0.00,,64.00
2026-09-01T04:00:00+00:00,KXCPI-26SEP-T-0.4,0.9600,0.9900,,0.00,,64.00
2026-09-02T04:00:00+00:00,KXCPI-26SEP-T-0.4,0.9600,0.9900,,0.00,,64.00
2026-09-03T04:00:00+00:00,KXCPI-26SEP-T-0.4,0.9600,0.9900,,0.00,,64.00
2026-09-04T04:00:00+00:00,KXCPI-26SEP-T-0.4,0.8100,0.9700,,0.00,,64.00
2026-09-05T04:00:00+00:00,KXCPI-26SEP-T-0.4,0.6700,0.9700,0.9500,26.00,,80.00
2026-09-06T04:00:00+00:00,KXCPI-26SEP-T-0.4,0.6700,0.9800,0.9700,150.00,,193.00
2026-09-07T04:00:00+00:00,KXCPI-26SEP-T-0.4,0.6800,0.9700,0.6700,1.00,,193.00
2026-09-08T04:00:00+00:00,KXCPI-26SEP-T-0.4,0.9500,0.9700,0.9700,269.00,,462.00
2026-09-09T04:00:00+00:00,KXCPI-26SEP-T-0.4,0.9400,0.9800,,0.00,,462.00
2026-09-10T04:00:00+00:00,KXCPI-26SEP-T-0.4,0.7600,0.9900,0.9800,217.00,,646.00
2026-09-11T04:00:00+00:00,KXCPI-26SEP-T-0.4,0.7800,0.9900,0.9800,19.00,,665.00
2026-09-12T04:00:00+00:00,KXCPI-26SEP-T-0.4,0.9200,0.9800,,0.00,,665.00
2026-09-13T04:00:00+00:00,KXCPI-26SEP-T-0.4,0.9600,0.9800,0.9600,59.00,,671.00
2026-09-14T04:00:00+00:00,KXCPI-26SEP-T-0.4,0.9600,0.9900,0.9500,457.90,,1001.90
2026-09-15T04:00:00+00:00,KXCPI-26SEP-T-0.4,0.9900,1.0000,0.9900,1242.00,,2243.90
2026-09-16T04:00:00+00:00,KXCPI-26SEP-T-0.4,0.9800,1.0000,0.9800,25.00,,2247.90
2026-09-17T04:00:00+00:00,KXCPI-26SEP-T-0.4,0.9900,1.0000,0.9800,8.00,,2255.90
2026-09-18T04:00:00+00:00,KXCPI-26SEP-T-0.4,0.9900,1.0000,,0.00,,2255.90
2026-09-19T04:00:00+00:00,KXCPI-26SEP-T-0.4,0.9900,1.0000,,0.00,,2255.90
2026-08-02T04:00:00+00:00,KXCPI-26SEP-T-0.3,0.7000,0.9800,,0.00,,5.00
2026-08-03T04:00:00+00:00,KXCPI-26SEP-T-0.3,0.7100,0.9800,,0.00,,5.00
2026-08-04T04:00:00+00:00,KXCPI-26SEP-T-0.3,0.7000,0.9900,,0.00,,5.00
2026-08-05T04:00:00+00:00,KXCPI-26SEP-T-0.3,0.7000,0.9900,,0.00,,5.00
2026-08-06T04:00:00+00:00,KXCPI-26SEP-T-0.3,0.7000,0.9900,,0.00,,5.00
2026-08-07T04:00:00+00:00,KXCPI-26SEP-T-0.3,0.7000,0.9900,,0.00,,5.00
2026-08-08T04:00:00+00:00,KXCPI-26SEP-T-0.3,0.7100,0.9800,,0.00,,5.00
2026-08-09T04:00:00+00:00,KXCPI-26SEP-T-0.3,0.7000,0.9900,,0.00,,5.00
2026-08-11T04:00:00+00:00,KXCPI-26SEP-T-0.3,0.7100,0.9900,0.9900,5.00,,10.00
2026-08-13T04:00:00+00:00,KXCPI-26SEP-T-0.3,0.7000,0.9900,0.7100,10.00,,15.00
2026-08-14T04:00:00+00:00,KXCPI-26SEP-T-0.3,0.7100,0.9800,,0.00,,15.00
2026-08-15T04:00:00+00:00,KXCPI-26SEP-T-0.3,0.7100,0.9800,,0.00,,15.00
2026-08-16T04:00:00+00:00,KXCPI-26SEP-T-0.3,0.7100,0.9800,,0.00,,15.00
2026-08-17T04:00:00+00:00,KXCPI-26SEP-T-0.3,0.7100,0.9800,,0.00,,15.00
2026-08-18T04:00:00+00:00,KXCPI-26SEP-T-0.3,0.7100,0.9800,,0.00,,15.00
2026-08-19T04:00:00+00:00,KXCPI-26SEP-T-0.3,0.7100,0.9800,0.9800,0.99,,15.99
2026-08-22T04:00:00+00:00,KXCPI-26SEP-T-0.3,0.7100,0.9800,,0.00,,15.99
2026-08-23T04:00:00+00:00,KXCPI-26SEP-T-0.3,0.7100,0.9800,,0.00,,15.99
2026-08-24T04:00:00+00:00,KXCPI-26SEP-T-0.3,0.7100,0.9800,,0.00,,15.99
2026-08-25T04:00:00+00:00,KXCPI-26SEP-T-0.3,0.7100,0.9800,,0.00,,15.99
2026-08-26T04:00:00+00:00,KXCPI-26SEP-T-0.3,0.7600,0.9800,,0.00,,15.99
2026-08-27T04:00:00+00:00,KXCPI-26SEP-T-0.3,0.7600,0.9800,,0.00,,15.99
2026-08-28T04:00:00+00:00,KXCPI-26SEP-T-0.3,0.7700,0.9800,,0.00,,15.99
2026-08-29T04:00:00+00:00,KXCPI-26SEP-T-0.3,0.7700,0.9800,0.7600,4.00,,16.99
2026-08-30T04:00:00+00:00,KXCPI-26SEP-T-0.3,0.7700,0.9800,,0.00,,16.99
2026-08-31T04:00:00+00:00,KXCPI-26SEP-T-0.3,0.7700,0.9800,,0.00,,16.99
2026-09-01T04:00:00+00:00,KXCPI-26SEP-T-0.3,0.9100,0.9900,,0.00,,16.99
2026-09-02T04:00:00+00:00,KXCPI-26SEP-T-0.3,0.9100,0.9900,,0.00,,16.99
2026-09-03T04:00:00+00:00,KXCPI-26SEP-T-0.3,0.9100,0.9900,,0.00,,16.99
2026-09-04T04:00:00+00:00,KXCPI-26SEP-T-0.3,0.7700,0.9800,,0.00,,16.99
2026-09-05T04:00:00+00:00,KXCPI-26SEP-T-0.3,0.7800,0.9700,,0.00,,16.99
2026-09-07T04:00:00+00:00,KXCPI-26SEP-T-0.3,0.7800,0.9700,,0.00,,16.99
2026-09-08T04:00:00+00:00,KXCPI-26SEP-T-0.3,0.9100,0.9600,0.9700,19.00,,34.99
2026-09-09T04:00:00+00:00,KXCPI-26SEP-T-0.3,0.9500,0.9800,0.9800,893.00,,927.99
2026-09-10T04:00:00+00:00,KXCPI-26SEP-T-0.3,0.7700,0.9800,0.9800,135.00,,1037.99
2026-09-11T04:00:00+00:00,KXCPI-26SEP-T-0.3,0.7800,0.9900,,0.00,,1037.99
2026-09-12T04:00:00+00:00,KXCPI-26SEP-T-0.3,0.9100,0.9800,,0.00,,1037.99
2026-09-13T04:00:00+00:00,KXCPI-26SEP-T-0.3,0.9200,0.9800,,0.00,,1037.99
2026-09-14T04:00:00+00:00,KXCPI-26SEP-T-0.3,0.9400,0.9900,0.9800,288.76,,1326.75
2026-09-15T04:00:00+00:00,KXCPI-26SEP-T-0.3,0.9900,1.0000,0.9900,1248.00,,2571.75
2026-09-16T04:00:00+00:00,KXCPI-26SEP-T-0.3,0.9800,0.9900,,0.00,,2571.75
2026-09-17T04:00:00+00:00,KXCPI-26SEP-T-0.3,0.9900,1.0000,0.9900,3.00,,2574.75
2026-09-18T04:00:00+00:00,KXCPI-26SEP-T-0.3,0.9900,1.0000,0.9900,25.28,,2559.47
2026-09-19T04:00:00+00:00,KXCPI-26SEP-T-0.3,0.9800,0.9900,0.9900,5.00,,2564.47
2026-08-02T04:00:00+00:00,KXCPI-26SEP-T-0.2,0.7000,0.9800,,0.00,,15.00
2026-08-03T04:00:00+00:00,KXCPI-26SEP-T-0.2,0.7000,0.9800,,0.00,,15.00
2026-08-04T04:00:00+00:00,KXCPI-26SEP-T-0.2,0.7000,0.9900,,0.00,,15.00
2026-08-05T04:00:00+00:00,KXCPI-26SEP-T-0.2,0.7000,0.9900,,0.00,,15.00
2026-08-06T04:00:00+00:00,KXCPI-26SEP-T-0.2,0.7000,0.9900,,0.00,,15.00
2026-08-07T04:00:00+00:00,KXCPI-26SEP-T-0.2,0.7000,0.9900,,0.00,,15.00
2026-08-08T04:00:00+00:00,KXCPI-26SEP-T-0.2,0.7100,0.9800,,0.00,,15.00
2026-08-09T04:00:00+00:00,KXCPI-26SEP-T-0.2,0.7000,0.9900,,0.00,,15.00
2026-08-11T04:00:00+00:00,KXCPI-26SEP-T-0.2,0.7100,0.9900,0.9900,5.00,,20.00
2026-08-14T04:00:00+00:00,KXCPI-26SEP-T-0.2,0.7200,0.9800,,0.00,,20.00
2026-08-15T04:00:00+00:00,KXCPI-26SEP-T-0.2,0.7200,0.9800,,0.00,,20.00
2026-08-16T04:00:00+00:00,KXCPI-26SEP-T-0.2,0.7200,0.9800,,0.00,,20.00
2026-08-17T04:00:00+00:00,KXCPI-26SEP-T-0.2,0.7200,0.9800,,0.00,,20.00
2026-08-18T04:00:00+00:00,KXCPI-26SEP-T-0.2,0.7200,0.9800,,0.00,,20.00
2026-08-22T04:00:00+00:00,KXCPI-26SEP-T-0.2,0.7200,0.9800,,0.00,,20.00
2026-08-23T04:00:00+00:00,KXCPI-26SEP-T-0.2,0.7200,0.9800,,0.00,,20.00
2026-08-24T04:00:00+00:00,KXCPI-26SEP-T-0.2,0.6800,0.9800,0.6800,13.00,,28.00
2026-08-25T04:00:00+00:00,KXCPI-26SEP-T-0.2,0.6800,0.9800,,0.00,,28.00
2026-08-26T04:00:00+00:00,KXCPI-26SEP-T-0.2,0.6900,0.9800,,0.00,,28.00
2026-08-27T04:00:00+00:00,KXCPI-26SEP-T-0.2,0.6800,0.9800,,0.00,,28.00
2026-08-28T04:00:00+00:00,KXCPI-26SEP-T-0.2,0.6900,0.9800,,0.00,,28.00
2026-08-29T04:00:00+00:00,KXCPI-26SEP-T-0.2,0.6900,0.9800,,0.00,,28.00
2026-08-30T04:00:00+00:00,KXCPI-26SEP-T-0.2,0.6900,0.9600,,0.00,,28.00
2026-08-31T04:00:00+00:00,KXCPI-26SEP-T-0.2,0.6800,0.9500,0.6800,16.00,,44.00
2026-09-01T04:00:00+00:00,KXCPI-26SEP-T-0.2,0.8600,0.9600,0.8600,125.00,,164.00
2026-09-02T04:00:00+00:00,KXCPI-26SEP-T-0.2,0.8700,0.9800,,0.00,,164.00
2026-09-03T04:00:00+00:00,KXCPI-26SEP-T-0.2,0.8600,0.9700,,0.00,,164.00
2026-09-04T04:00:00+00:00,KXCPI-26SEP-T-0.2,0.7000,0.9600,0.7000,3.00,,164.00
2026-09-05T04:00:00+00:00,KXCPI-26SEP-T-0.2,0.6400,0.9400,0.6500,133.00,,166.00
2026-09-06T04:00:00+00:00,KXCPI-26SEP-T-0.2,0.6300,0.9600,0.9300,268.00,,393.00
2026-09-07T04:00:00+00:00,KXCPI-26SEP-T-0.2,0.6000,0.9600,0.6100,37.00,,374.00
2026-09-08T04:00:00+00:00,KXCPI-26SEP-T-0.2,0.7900,0.9400,0.9500,42.00,,398.00
2026-09-09T04:00:00+00:00,KXCPI-26SEP-T-0.2,0.8700,0.9800,0.9600,559.00,,957.00
2026-09-10T04:00:00+00:00,KXCPI-26SEP-T-0.2,0.7000,0.9800,0.9800,240.00,,1191.00
2026-09-11T04:00:00+00:00,KXCPI-26SEP-T-0.2,0.7100,0.9800,0.9700,226.00,,1415.00
2026-09-12T04:00:00+00:00,KXCPI-26SEP-T-0.2,0.8800,0.9600,0.8700,10.09,,1415.09
2026-09-13T04:00:00+00:00,KXCPI-26SEP-T-0.2,0.9200,0.9800,0.9700,250.00,,1665.09
2026-09-14T04:00:00+00:00,KXCPI-26SEP-T-0.2,0.9500,0.9900,0.9800,1426.37,,3058.46
2026-09-15T04:00:00+00:00,KXCPI-26SEP-T-0.2,0.9900,1.0000,0.9900,266.49,,3323.95
2026-09-16T04:00:00+00:00,KXCPI-26SEP-T-0.2,0.9800,1.0000,0.9900,1395.00,,4708.46
2026-09-17T04:00:00+00:00,KXCPI-26SEP-T-0.2,0.9900,1.0000,0.9900,266.00,,4708.46
2026-09-18T04:00:00+00:00,KXCPI-26SEP-T-0.2,0.9900,1.0000,,0.00,,4708.46
2026-09-19T04:00:00+00:00,KXCPI-26SEP-T-0.2,0.9900,1.0000,,0.00,,4708.46
2026-08-06T04:00:00+00:00,KXCPI-26AUG-T-0.4,0.9300,0.9900,,0.00,,2.00
2026-08-07T04:00:00+00:00,KXCPI-26AUG-T-0.4,0.9300,0.9900,,0.00,,2.00
2026-08-08T04:00:00+00:00,KXCPI-26AUG-T-0.4,0.9300,0.9900,,0.00,,2.00
2026-08-09T04:00:00+00:00,KXCPI-26AUG-T-0.4,0.9300,0.9900,,0.00,,2.00
2026-08-11T04:00:00+00:00,KXCPI-26AUG-T-0.4,0.9800,1.0000,0.9900,51.00,,53.00
2026-08-12T04:00:00+00:00,KXCPI-26AUG-T-0.4,0.9600,1.0000,,0.00,,53.00
2026-08-13T04:00:00+00:00,KXCPI-26AUG-T-0.4,0.9600,0.9900,0.9200,175.35,,177.35
2026-08-14T04:00:00+00:00,KXCPI-26AUG-T-0.4,0.9700,0.9900,,0.00,,177.35
2026-08-15T04:00:00+00:00,KXCPI-26AUG-T-0.4,0.9700,0.9900,,0.00,,177.35
2026-08-16T04:00:00+00:00,KXCPI-26AUG-T-0.4,0.9700,0.9900,0.9700,62.00,,239.35
2026-08-17T04:00:00+00:00,KXCPI-26AUG-T-0.4,0.9700,1.0000,,0.00,,239.35
2026-08-18T04:00:00+00:00,KXCPI-26AUG-T-0.4,0.9700,1.0000,0.9700,9.00,,248.35
2026-08-19T04:00:00+00:00,KXCPI-26AUG-T-0.4,0.9700,1.0000,,0.00,,248.35
2026-08-20T04:00:00+00:00,KXCPI-26AUG-T-0.4,0.6800,1.0000,0.6800,5.00,,253.35
2026-08-21T04:00:00+00:00,KXCPI-26AUG-T-0.4,0.6800,1.0000,,0.00,,253.35
2026-08-22T04:00:00+00:00,KXCPI-26AUG-T-0.4,0.9500,1.0000,,0.00,,253.35
2026-08-23T04:00:00+00:00,KXCPI-26AUG-T-0.4,0.8100,1.0000,,0.00,,253.35
2026-08-24T04:00:00+00:00,KXCPI-26AUG-T-0.4,0.9800,1.0000,0.9800,4.00,,257.35
2026-08-25T04:00:00+00:00,KXCPI-26AUG-T-0.4,0.8100,1.0000,,0.00,,257.35
2026-08-26T04:00:00+00:00,KXCPI-26AUG-T-0.4,0.8100,1.0000,,0.00,,257.35
2026-08-27T04:00:00+00:00,KXCPI-26AUG-T-0.4,0.9800,1.0000,,0.00,,257.35
2026-08-28T04:00:00+00:00,KXCPI-26AUG-T-0.4,0.9800,1.0000,,0.00,,257.35
2026-08-29T04:00:00+00:00,KXCPI-26AUG-T-0.4,0.9800,1.0000,,0.00,,257.35
2026-08-31T04:00:00+00:00,KXCPI-26AUG-T-0.4,0.9800,1.0000,,0.00,,257.35
2026-09-01T04:00:00+00:00,KXCPI-26AUG-T-0.4,0.8300,1.0000,0.8300,23513.00,,12057.35
2026-09-02T04:00:00+00:00,KXCPI-26AUG-T-0.4,0.9900,1.0000,0.8700,11.00,,12067.35
2026-09-03T04:00:00+00:00,KXCPI-26AUG-T-0.4,0.9900,1.0000,,0.00,,12067.35
2026-09-04T04:00:00+00:00,KXCPI-26AUG-T-0.4,0.9900,1.0000,,0.00,,12067.35
2026-09-05T04:00:00+00:00,KXCPI-26AUG-T-0.4,0.9900,1.0000,0.9900,18.70,,12086.05
2026-09-07T04:00:00+00:00,KXCPI-26AUG-T-0.4,0.9900,1.0000,0.9800,5296.19,,17382.24
2026-09-08T04:00:00+00:00,KXCPI-26AUG-T-0.4,0.9900,1.0000,,0.00,,17382.24
2026-09-09T04:00:00+00:00,KXCPI-26AUG-T-0.4,0.9900,1.0000,0.9900,187.03,,17569.27
2026-09-10T04:00:00+00:00,KXCPI-26AUG-T-0.4,0.9900,1.0000,0.9900,411.00,,17980.27
2026-09-11T04:00:00+00:00,KXCPI-26AUG-T-0.4,0.9900,1.0000,0.9900,318.04,,18298.31
2026-09-12T04:00:00+00:00,KXCPI-26AUG-T-0.4,0.0000,1.0000,,0.00,,18298.31
2026-08-02T04:00:00+00:00,KXCPI-26AUG-T-0.3,0.6800,0.9800,,0.00,,20.00
2026-08-03T04:00:00+00:00,KXCPI-26AUG-T-0.3,0.6800,0.9800,,0.00,,20.00
2026-08-04T04:00:00+00:00,KXCPI-26AUG-T-0.3,0.6800,0.9800,,0.00,,20.00
2026-08-05T04:00:00+00:00,KXCPI-26AUG-T-0.3,0.6900,0.9800,,0.00,,20.00
2026-08-06T04:00:00+00:00,KXCPI-26AUG-T-0.3,0.8100,0.9900,0.9800,175.00,,195.00
2026-08-07T04:00:00+00:00,KXCPI-26AUG-T-0.3,0.8200,0.9600,0.9300,10.00,,200.00
2026-08-08T04:00:00+00:00,KXCPI-26AUG-T-0.3,0.8100,0.9700,,0.00,,200.00
2026-08-09T04:00:00+00:00,KXCPI-26AUG-T-0.3,0.8100,0.9800,,0.00,,200.00
2026-08-10T04:00:00+00:00,KXCPI-26AUG-T-0.3,0.8100,0.9800,,0.00,,200.00
2026-08-11T04:00:00+00:00,KXCPI-26AUG-T-0.3,0.9000,0.9900,0.9900,65.23,,265.23
2026-08-12T04:00:00+00:00,KXCPI-26AUG-T-0.3,0.8600,0.9900,,0.00,,265.23
2026-08-13T04:00:00+00:00,KXCPI-26AUG-T-0.3,0.9100,0.9900,0.8900,470.09,,702.51
2026-08-14T04:00:00+00:00,KXCPI-26AUG-T-0.3,0.9800,1.0000,0.9900,1.19,,703.70
2026-08-15T04:00:00+00:00,KXCPI-26AUG-T-0.3,0.9900,1.0000,,0.00,,703.70
2026-08-16T04:00:00+00:00,KXCPI-26AUG-T-0.3,0.9700,1.0000,0.9900,100.00,,803.70
2026-08-17T04:00:00+00:00,KXCPI-26AUG-T-0.3,0.9200,1.0000,,0.00,,803.70
2026-08-18T04:00:00+00:00,KXCPI-26AUG-T-0.3,0.9300,1.0000,,0.00,,803.70
2026-08-19T04:00:00+00:00,KXCPI-26AUG-T-0.3,0.9600,1.0000,,0.00,,803.70
2026-08-20T04:00:00+00:00,KXCPI-26AUG-T-0.3,0.9600,1.0000,,0.00,,803.70
2026-08-21T04:00:00+00:00,KXCPI-26AUG-T-0.3,0.9700,1.0000,,0.00,,803.70
2026-08-22T04:00:00+00:00,KXCPI-26AUG-T-0.3,0.9300,1.0000,,0.00,,803.70
2026-08-23T04:00:00+00:00,KXCPI-26AUG-T-0.3,0.9300,1.0000,0.9300,66.00,,869.70
2026-08-24T04:00:00+00:00,KXCPI-26AUG-T-0.3,0.8900,0.9900,0.9900,2.00,,871.70
2026-08-25T04:00:00+00:00,KXCPI-26AUG-T-0.3,0.9700,1.0000,,0.00,,871.70
2026-08-26T04:00:00+00:00,KXCPI-26AUG-T-0.3,0.8300,1.0000,,0.00,,871.70
2026-08-27T04:00:00+00:00,KXCPI-26AUG-T-0.3,0.9800,1.0000,,0.00,,871.70
2026-08-28T04:00:00+00:00,KXCPI-26AUG-T-0.3,0.9800,1.0000,,0.00,,871.70
2026-08-29T04:00:00+00:00,KXCPI-26AUG-T-0.3,0.9800,1.0000,,0.00,,871.70
2026-08-30T04:00:00+00:00,KXCPI-26AUG-T-0.3,0.9800,1.0000,,0.00,,871.70
2026-08-31T04:00:00+00:00,KXCPI-26AUG-T-0.3,0.9800,1.0000,,0.00,,871.70
2026-09-01T04:00:00+00:00,KXCPI-26AUG-T-0.3,0.8300,1.0000,0.9900,20190.00,,11116.70
2026-09-02T04:00:00+00:00,KXCPI-26AUG-T-0.3,0.9900,1.0000,,0.00,,11116.70
2026-09-03T04:00:00+00:00,KXCPI-26AUG-T-0.3,0.9900,1.0000,,0.00,,11116.70
2026-09-04T04:00:00+00:00,KXCPI-26AUG-T-0.3,0.9900,1.0000,,0.00,,11116.70
2026-09-10T04:00:00+00:00,KXCPI-26AUG-T-0.3,0.9900,1.0000,0.9900,591.51,,11708.21
2026-09-11T04:00:00+00:00,KXCPI-26AUG-T-0.3,0.9900,1.0000,0.9900,52.00,,11760.21
2026-09-12T04:00:00+00:00,KXCPI-26AUG-T-0.3,0.0000,1.0000,,0.00,,11760.21
2026-08-02T04:00:00+00:00,KXCPI-26AUG-T-0.2,0.7600,0.9800,,0.00,,192.00
2026-08-03T04:00:00+00:00,KXCPI-26AUG-T-0.2,0.7600,0.9800,,0.00,,192.00
2026-08-04T04:00:00+00:00,KXCPI-26AUG-T-0.2,0.7600,0.9800,,0.00,,192.00
2026-08-05T04:00:00+00:00,KXCPI-26AUG-T-0.2,0.7600,0.9700,,0.00,,192.00
2026-08-06T04:00:00+00:00,KXCPI-26AUG-T-0.2,0.7600,0.9700,,0.00,,192.00
2026-08-07T04:00:00+00:00,KXCPI-26AUG-T-0.2,0.7700,0.9300,0.9000,6.00,,192.00
2026-08-08T04:00:00+00:00,KXCPI-26AUG-T-0.2,0.7700,0.9300,,0.00,,192.00
2026-08-09T04:00:00+00:00,KXCPI-26AUG-T-0.2,0.7600,0.9800,,0.00,,192.00
2026-08-10T04:00:00+00:00,KXCPI-26AUG-T-0.2,0.7600,0.9800,,0.00,,192.00
2026-08-11T04:00:00+00:00,KXCPI-26AUG-T-0.2,0.7900,0.9800,0.9800,27.95,,219.95
2026-08-12T04:00:00+00:00,KXCPI-26AUG-T-0.2,0.7800,0.9800,,0.00,,219.95
2026-08-13T04:00:00+00:00,KXCPI-26AUG-T-0.2,0.8500,0.9800,0.9700,1.00,,219.95
2026-08-14T04:00:00+00:00,KXCPI-26AUG-T-0.2,0.9900,1.0000,0.9900,2399.05,,2608.00
2026-08-15T04:00:00+00:00,KXCPI-26AUG-T-0.2,0.9800,1.0000,0.9600,1000.00,,2885.05
2026-08-16T04:00:00+00:00,KXCPI-26AUG-T-0.2,0.9700,0.9900,0.9800,50.00,,2903.05
2026-08-17T04:00:00+00:00,KXCPI-26AUG-T-0.2,0.8700,1.0000,,0.00,,2903.05
2026-08-18T04:00:00+00:00,KXCPI-26AUG-T-0.2,0.8700,1.0000,,0.00,,2903.05
2026-08-19T04:00:00+00:00,KXCPI-26AUG-T-0.2,0.9500,1.0000,,0.00,,2903.05
2026-08-20T04:00:00+00:00,KXCPI-26AUG-T-0.2,0.9500,1.0000,,0.00,,2903.05
2026-08-21T04:00:00+00:00,KXCPI-26AUG-T-0.2,0.9600,1.0000,,0.00,,2903.05
2026-08-22T04:00:00+00:00,KXCPI-26AUG-T-0.2,0.9000,0.9900,,0.00,,2903.05
2026-08-23T04:00:00+00:00,KXCPI-26AUG-T-0.2,0.9000,0.9900,,0.00,,2903.05
2026-08-25T04:00:00+00:00,KXCPI-26AUG-T-0.2,0.9000,0.9900,,0.00,,2903.05
2026-08-26T04:00:00+00:00,KXCPI-26AUG-T-0.2,0.8700,1.0000,,0.00,,2903.05
2026-08-27T04:00:00+00:00,KXCPI-26AUG-T-0.2,0.9100,1.0000,0.9600,2.00,,2905.05
2026-08-28T04:00:00+00:00,KXCPI-26AUG-T-0.2,0.9100,1.0000,,0.00,,2905.05
2026-08-29T04:00:00+00:00,KXCPI-26AUG-T-0.2,0.9500,1.0000,,0.00,,2905.05
2026-08-30T04:00:00+00:00,KXCPI-26AUG-T-0.2,0.9600,1.0000,,0.00,,2905.05
2026-08-31T04:00:00+00:00,KXCPI-26AUG-T-0.2,0.9600,1.0000,,0.00,,2905.05
2026-09-01T04:00:00+00:00,KXCPI-26AUG-T-0.2,0.9600,1.0000,,0.00,,2905.05
2026-09-02T04:00:00+00:00,KXCPI-26AUG-T-0.2,0.9600,1.0000,0.9600,10.00,,2913.05
2026-09-03T04:00:00+00:00,KXCPI-26AUG-T-0.2,0.9600,1.0000,,0.00,,2913.05
2026-09-04T04:00:00+00:00,KXCPI-26AUG-T-0.2,0.9600,1.0000,,0.00,,2913.05
2026-09-05T04:00:00+00:00,KXCPI-26AUG-T-0.2,0.9600,1.0000,,0.00,,2913.05
2026-09-06T04:00:00+00:00,KXCPI-26AUG-T-0.2,0.9700,1.0000,,0.00,,2913.05
2026-09-10T04:00:00+00:00,KXCPI-26AUG-T-0.2,0.9900,1.0000,0.9900,675.00,,3588.05
2026-09-11T04:00:00+00:00,KXCPI-26AUG-T-0.2,0.9900,1.0000,0.9900,103.00,,3691.05
2026-09-12T04:00:00+00:00,KXCPI-26AUG-T-0.2,0.0000,1.0000,,0.00,,3691.05
2026-08-02T04:00:00+00:00,KXCPI-26JUL-T-0.4,0.9700,1.0000,0.9700,122.00,,7517.00
2026-08-03T04:00:00+00:00,KXCPI-26JUL-T-0.4,0.9700,0.9900,0.9700,146.00,,7663.00
2026-08-04T04:00:00+00:00,KXCPI-26JUL-T-0.4,0.9900,1.0000,0.9900,3.00,,7666.00
2026-08-05T04:00:00+00:00,KXCPI-26JUL-T-0.4,0.9900,1.0000,0.9900,249.00,,7915.00
2026-08-06T04:00:00+00:00,KXCPI-26JUL-T-0.4,0.9900,1.0000,0.9900,84.00,,7999.00
2026-08-07T04:00:00+00:00,KXCPI-26JUL-T-0.4,0.9900,1.0000,0.9900,7830.34,,15829.34
2026-08-08T04:00:00+00:00,KXCPI-26JUL-T-0.4,0.9800,1.0000,0.9800,233.95,,15859.34
2026-08-09T04:00:00+00:00,KXCPI-26JUL-T-0.4,0.9900,1.0000,,0.00,,15859.34
2026-08-10T04:00:00+00:00,KXCPI-26JUL-T-0.4,0.9800,1.0000,0.9800,12336.00,,27801.29
2026-08-11T04:00:00+00:00,KXCPI-26JUL-T-0.4,0.9900,1.0000,0.9900,1002.58,,28803.87
2026-08-12T04:00:00+00:00,KXCPI-26JUL-T-0.4,0.9900,1.0000,0.9900,1902.44,,30706.31
2026-08-13T04:00:00+00:00,KXCPI-26JUL-T-0.4,0.0000,1.0000,0.9900,802.68,,31508.99
2026-08-02T04:00:00+00:00,KXCPI-26JUL-T-0.3,0.9700,1.0000,0.9700,72.00,,7359.73
2026-08-03T04:00:00+00:00,KXCPI-26JUL-T-0.3,0.9700,0.9900,0.9700,564.00,,7923.73
2026-08-04T04:00:00+00:00,KXCPI-26JUL-T-0.3,0.9700,0.9900,,0.00,,7923.73
2026-08-05T04:00:00+00:00,KXCPI-26JUL-T-0.3,0.9800,0.9900,0.9800,100.99,,8024.72
2026-08-06T04:00:00+00:00,KXCPI-26JUL-T-0.3,0.9700,1.0000,0.9700,73.00,,8097.72
2026-08-07T04:00:00+00:00,KXCPI-26JUL-T-0.3,0.9800,1.0000,0.9700,60.00,,8157.72
2026-08-08T04:00:00+00:00,KXCPI-26JUL-T-0.3,0.9800,1.0000,,0.00,,8157.72
2026-08-09T04:00:00+00:00,KXCPI-26JUL-T-0.3,0.9700,1.0000,0.9700,275.00,,8432.72
2026-08-10T04:00:00+00:00,KXCPI-26JUL-T-0.3,0.9700,1.0000,0.9700,851.00,,9283.72
2026-08-11T04:00:00+00:00,KXCPI-26JUL-T-0.3,0.9900,1.0000,0.9800,2892.00,,12175.72
2026-08-12T04:00:00+00:00,KXCPI-26JUL-T-0.3,0.9900,1.0000,0.9800,4943.24,,17118.96
2026-08-13T04:00:00+00:00,KXCPI-26JUL-T-0.3,0.0000,1.0000,0.9700,100.00,,17218.96
2026-08-02T04:00:00+00:00,KXCPI-26JUL-T-0.2,0.9600,0.9700,0.9600,186.35,,12856.45
2026-08-03T04:00:00+00:00,KXCPI-26JUL-T-0.2,0.9200,0.9600,0.9300,137.00,,12868.45
2026-08-04T04:00:00+00:00,KXCPI-26JUL-T-0.2,0.9300,0.9600,0.9600,25.00,,12873.45
2026-08-05T04:00:00+00:00,KXCPI-26JUL-T-0.2,0.9600,0.9700,0.9600,608.49,,13074.00
2026-08-06T04:00:00+00:00,KXCPI-26JUL-T-0.2,0.9600,0.9700,0.9600,305.58,,13379.58
2026-08-07T04:00:00+00:00,KXCPI-26JUL-T-0.2,0.9600,0.9700,0.9500,639.55,,13489.04
2026-08-08T04:00:00+00:00,KXCPI-26JUL-T-0.2,0.9500,1.0000,0.9500,1983.32,,15371.81
2026-08-09T04:00:00+00:00,KXCPI-26JUL-T-0.2,0.9400,1.0000,0.9400,150.00,,15521.81
2026-08-10T04:00:00+00:00,KXCPI-26JUL-T-0.2,0.9100,1.0000,0.9500,1084.78,,16606.59
2026-08-11T04:00:00+00:00,KXCPI-26JUL-T-0.2,0.9600,1.0000,0.9600,4689.95,,19699.91
2026-08-12T04:00:00+00:00,KXCPI-26JUL-T-0.2,0.9700,0.9900,0.9700,6839.23,,24635.73
2026-08-13T04:00:00+00:00,KXCPI-26JUL-T-0.2,0.0000,1.0000,0.9900,2583.01,,26768.78
2026-08-04T04:00:00+00:00,KXCPI-26NOV-T0.5,0.0000,0.4700,,0.00,,565.98
2026-08-05T04:00:00+00:00,KXCPI-26NOV-T0.5,0.0000,0.4700,,0.00,,565.98
2026-08-06T04:00:00+00:00,KXCPI-26NOV-T0.5,0.0000,0.4300,,0.00,,565.98
2026-08-07T04:00:00+00:00,KXCPI-26NOV-T0.5,0.0000,0.4300,,0.00,,565.98
2026-08-08T04:00:00+00:00,KXCPI-26NOV-T0.5,0.0000,0.4300,,0.00,,565.98
2026-08-11T04:00:00+00:00,KXCPI-26NOV-T0.5,0.0000,0.4300,,0.00,,565.98
2026-08-12T04:00:00+00:00,KXCPI-26NOV-T0.5,0.0000,0.4300,,0.00,,565.98
2026-08-13T04:00:00+00:00,KXCPI-26NOV-T0.5,0.0000,0.4300,0.4300,4.00,,569.98
2026-08-14T04:00:00+00:00,KXCPI-26NOV-T0.5,0.0000,0.4300,,0.00,,569.98
2026-08-15T04:00:00+00:00,KXCPI-26NOV-T0.5,0.0000,0.4300,,0.00,,569.98
2026-08-17T04:00:00+00:00,KXCPI-26NOV-T0.5,0.0000,0.4400,0.4300,10.00,,579.98
2026-08-18T04:00:00+00:00,KXCPI-26NOV-T0.5,0.0000,0.4400,0.4300,10.00,,589.98
2026-08-19T04:00:00+00:00,KXCPI-26NOV-T0.5,0.0000,0.4500,0.0100,160.00,,589.98
2026-08-20T04:00:00+00:00,KXCPI-26NOV-T0.5,0.0000,0.4300,,0.00,,589.98
2026-08-21T04:00:00+00:00,KXCPI-26NOV-T0.5,0.0000,0.4300,,0.00,,589.98
2026-08-22T04:00:00+00:00,KXCPI-26NOV-T0.5,0.0000,0.4300,0.4300,2.00,,591.98
2026-08-23T04:00:00+00:00,KXCPI-26NOV-T0.5,0.0000,0.8000,0.2000,98.00,,640.98
2026-08-24T04:00:00+00:00,KXCPI-26NOV-T0.5,0.0000,0.9100,,0.00,,640.98
2026-08-28T04:00:00+00:00,KXCPI-26NOV-T0.5,0.0000,0.4200,,0.00,,640.98
2026-08-29T04:00:00+00:00,KXCPI-26NOV-T0.5,0.0000,0.4200,0.4200,4.00,,644.98
2026-08-30T04:00:00+00:00,KXCPI-26NOV-T0.5,0.0000,0.4500,0.4200,52.00,,696.98
2026-08-31T04:00:00+00:00,KXCPI-26NOV-T0.5,0.0000,0.4200,,0.00,,696.98
2026-09-01T04:00:00+00:00,KXCPI-26NOV-T0.5,0.0000,0.4200,,0.00,,696.98
2026-09-02T04:00:00+00:00,KXCPI-26NOV-T0.5,0.0000,0.4200,,0.00,,696.98
2026-09-03T04:00:00+00:00,KXCPI-26NOV-T0.5,0.0000,0.4200,0.4200,5.00,,696.98
2026-09-04T04:00:00+00:00,KXCPI-26NOV-T0.5,0.0000,0.4000,,0.00,,696.98
2026-09-05T04:00:00+00:00,KXCPI-26NOV-T0.5,0.0000,0.4000,,0.00,,696.98
2026-09-07T04:00:00+00:00,KXCPI-26NOV-T0.5,0.0000,0.2500,,0.00,,696.98
2026-09-15T04:00:00+00:00,KXCPI-26NOV-T0.5,0.1300,0.2500,,0.00,,696.98
2026-09-16T04:00:00+00:00,KXCPI-26NOV-T0.5,0.1600,0.1900,0.1600,4.00,,696.98
2026-09-17T04:00:00+00:00,KXCPI-26NOV-T0.5,0.1600,0.1800,,0.00,,696.98
2026-09-18T04:00:00+00:00,KXCPI-26NOV-T0.5,0.1200,0.1600,0.1200,8.00,,692.98
2026-09-19T04:00:00+00:00,KXCPI-26NOV-T0.5,0.1300,0.1600,,0.00,,692.98
2026-08-04T04:00:00+00:00,KXCPI-26NOV-T0.4,0.0000,0.5500,,0.00,,388.91
2026-08-05T04:00:00+00:00,KXCPI-26NOV-T0.4,0.0000,0.5500,,0.00,,388.91
2026-08-06T04:00:00+00:00,KXCPI-26NOV-T0.4,0.0000,0.5300,,0.00,,388.91
2026-08-07T04:00:00+00:00,KXCPI-26NOV-T0.4,0.0000,0.5300,,0.00,,388.91
2026-08-08T04:00:00+00:00,KXCPI-26NOV-T0.4,0.0000,0.5300,,0.00,,388.91
2026-08-11T04:00:00+00:00,KXCPI-26NOV-T0.4,0.0000,0.5300,,0.00,,388.91
2026-08-12T04:00:00+00:00,KXCPI-26NOV-T0.4,0.0000,0.5300,0.5300,8.00,,396.91
2026-08-13T04:00:00+00:00,KXCPI-26NOV-T0.4,0.0000,0.5300,,0.00,,396.91
2026-08-14T04:00:00+00:00,KXCPI-26NOV-T0.4,0.0000,0.5300,,0.00,,396.91
2026-08-15T04:00:00+00:00,KXCPI-26NOV-T0.4,0.0000,0.5300,,0.00,,396.91
2026-08-18T04:00:00+00:00,KXCPI-26NOV-T0.4,0.0000,0.5300,,0.00,,396.91
2026-08-19T04:00:00+00:00,KXCPI-26NOV-T0.4,0.0000,0.5300,0.0100,160.00,,396.91
2026-08-20T04:00:00+00:00,KXCPI-26NOV-T0.4,0.0000,0.5300,,0.00,,396.91
2026-08-21T04:00:00+00:00,KXCPI-26NOV-T0.4,0.0000,0.5300,,0.00,,396.91
2026-08-22T04:00:00+00:00,KXCPI-26NOV-T0.4,0.0000,0.5300,,0.00,,396.91
2026-08-23T04:00:00+00:00,KXCPI-26NOV-T0.4,0.0000,0.8000,0.2000,1068.00,,822.91
2026-08-24T04:00:00+00:00,KXCPI-26NOV-T0.4,0.0000,0.9900,,0.00,,822.91
2026-08-27T04:00:00+00:00,KXCPI-26NOV-T0.4,0.0000,1.0000,,0.00,,822.91
2026-08-28T04:00:00+00:00,KXCPI-26NOV-T0.4,0.0000,0.4800,,0.00,,822.91
2026-08-29T04:00:00+00:00,KXCPI-26NOV-T0.4,0.0000,0.4800,0.4800,4.00,,826.91
2026-09-01T04:00:00+00:00,KXCPI-26NOV-T0.4,0.0000,0.4800,,0.00,,826.91
2026-09-02T04:00:00+00:00,KXCPI-26NOV-T0.4,0.0000,0.4800,,0.00,,826.91
2026-09-03T04:00:00+00:00,KXCPI-26NOV-T0.4,0.0000,0.4800,0.4800,1.00,,827.91
2026-09-04T04:00:00+00:00,KXCPI-26NOV-T0.4,0.0000,0.4800,,0.00,,827.91
2026-09-07T04:00:00+00:00,KXCPI-26NOV-T0.4,0.0000,0.2500,,0.00,,827.91
2026-09-08T04:00:00+00:00,KXCPI-26NOV-T0.4,0.0000,0.2500,0.2500,11.00,,838.91
2026-09-13T04:00:00+00:00,KXCPI-26NOV-T0.4,0.0000,0.2500,0.2500,1.00,,839.91
2026-09-15T04:00:00+00:00,KXCPI-26NOV-T0.4,0.2500,0.3200,0.4600,39.00,,878.91
2026-09-16T04:00:00+00:00,KXCPI-26NOV-T0.4,0.2600,0.2700,0.2700,5.00,,879.91
2026-09-17T04:00:00+00:00,KXCPI-26NOV-T0.4,0.2600,0.2700,,0.00,,879.91
2026-09-18T04:00:00+00:00,KXCPI-26NOV-T0.4,0.1300,0.2000,0.0100,1.00,,879.91
2026-09-19T04:00:00+00:00,KXCPI-26NOV-T0.4,0.1500,0.2100,,0.00,,879.91
2026-08-02T04:00:00+00:00,KXCPI-26NOV-T0.3,0.2800,0.6700,,0.00,,279.00
2026-08-03T04:00:00+00:00,KXCPI-26NOV-T0.3,0.2800,0.6400,,0.00,,279.00
2026-08-04T04:00:00+00:00,KXCPI-26NOV-T0.3,0.2500,0.6900,,0.00,,279.00
2026-08-05T04:00:00+00:00,KXCPI-26NOV-T0.3,0.2400,0.7000,,0.00,,279.00
2026-08-06T04:00:00+00:00,KXCPI-26NOV-T0.3,0.2600,0.7100,,0.00,,279.00
2026-08-07T04:00:00+00:00,KXCPI-26NOV-T0.3,0.1100,0.7000,,0.00,,279.00
2026-08-08T04:00:00+00:00,KXCPI-26NOV-T0.3,0.1000,0.7100,,0.00,,279.00
2026-08-11T04:00:00+00:00,KXCPI-26NOV-T0.3,0.1000,0.7100,0.1000,6.00,,284.00
2026-08-12T04:00:00+00:00,KXCPI-26NOV-T0.3,0.1000,0.7000,,0.00,,284.00
2026-08-13T04:00:00+00:00,KXCPI-26NOV-T0.3,0.1100,0.7100,0.9100,5.50,,289.50
2026-08-14T04:00:00+00:00,KXCPI-26NOV-T0.3,0.1000,0.7100,0.7100,64.50,,353.50
2026-08-15T04:00:00+00:00,KXCPI-26NOV-T0.3,0.1100,0.7100,,0.00,,353.50
2026-08-16T04:00:00+00:00,KXCPI-26NOV-T0.3,0.1100,0.7100,,0.00,,353.50
2026-08-18T04:00:00+00:00,KXCPI-26NOV-T0.3,0.1100,0.7100,,0.00,,353.50
2026-08-19T04:00:00+00:00,KXCPI-26NOV-T0.3,0.1100,0.7100,,0.00,,353.50
2026-08-20T04:00:00+00:00,KXCPI-26NOV-T0.3,0.1100,0.7100,0.1100,1.00,,352.50
2026-08-21T04:00:00+00:00,KXCPI-26NOV-T0.3,0.1200,0.7000,,0.00,,352.50
2026-08-22T04:00:00+00:00,KXCPI-26NOV-T0.3,0.1200,0.7000,,0.00,,352.50
2026-08-23T04:00:00+00:00,KXCPI-26NOV-T0.3,0.1200,0.8000,0.2000,100.00,,386.50
2026-08-24T04:00:00+00:00,KXCPI-26NOV-T0.3,0.1100,0.9600,,0.00,,386.50
2026-08-25T04:00:00+00:00,KXCPI-26NOV-T0.3,0.1100,0.9600,,0.00,,386.50
2026-08-27T04:00:00+00:00,KXCPI-26NOV-T0.3,0.1100,0.9800,,0.00,,386.50
2026-08-28T04:00:00+00:00,KXCPI-26NOV-T0.3,0.1100,0.7000,,0.00,,386.50
2026-08-29T04:00:00+00:00,KXCPI-26NOV-T0.3,0.1100,0.7100,0.7100,8.29,,394.79
2026-08-30T04:00:00+00:00,KXCPI-26NOV-T0.3,0.2100,0.7100,0.6800,13.00,,383.79
2026-08-31T04:00:00+00:00,KXCPI-26NOV-T0.3,0.2300,0.6300,0.6800,13.00,,396.79
2026-09-01T04:00:00+00:00,KXCPI-26NOV-T0.3,0.2000,0.6200,0.2000,17.00,,380.79
2026-09-02T04:00:00+00:00,KXCPI-26NOV-T0.3,0.2100,0.3900,,0.00,,380.79
2026-09-03T04:00:00+00:00,KXCPI-26NOV-T0.3,0.2200,0.4000,0.2000,5.00,,375.79
2026-09-04T04:00:00+00:00,KXCPI-26NOV-T0.3,0.1300,0.3900,,0.00,,375.79
2026-09-05T04:00:00+00:00,KXCPI-26NOV-T0.3,0.1300,0.7100,0.6300,16.00,,390.79
2026-09-06T04:00:00+00:00,KXCPI-26NOV-T0.3,0.1100,0.7100,0.7100,5.00,,395.79
2026-09-07T04:00:00+00:00,KXCPI-26NOV-T0.3,0.1100,0.7100,0.1100,1.00,,394.79
2026-09-10T04:00:00+00:00,KXCPI-26NOV-T0.3,0.1100,0.7100,,0.00,,394.79
2026-09-11T04:00:00+00:00,KXCPI-26NOV-T0.3,0.1100,0.7100,,0.00,,394.79
2026-09-12T04:00:00+00:00,KXCPI-26NOV-T0.3,0.1400,0.7400,0.1700,126.00,,394.79
2026-09-13T04:00:00+00:00,KXCPI-26NOV-T0.3,0.1700,0.7300,0.7300,12.00,,406.79
2026-09-14T04:00:00+00:00,KXCPI-26NOV-T0.3,0.1800,0.7200,,0.00,,406.79
2026-09-15T04:00:00+00:00,KXCPI-26NOV-T0.3,0.4500,0.4600,,0.00,,406.79
2026-09-16T04:00:00+00:00,KXCPI-26NOV-T0.3,0.4500,0.4600,0.4600,183.00,,589.79
2026-09-17T04:00:00+00:00,KXCPI-26NOV-T0.3,0.3300,0.4100,0.4000,1159.00,,1127.80
2026-09-18T04:00:00+00:00,KXCPI-26NOV-T0.3,0.1800,0.3600,0.1800,15.00,,1132.80
2026-09-19T04:00:00+00:00,KXCPI-26NOV-T0.3,0.2700,0.3800,0.2000,10.00,,1127.80
2026-08-02T04:00:00+00:00,KXCPI-26NOV-T0.2,0.3200,0.9200,0.4100,90.00,,322.06
2026-08-03T04:00:00+00:00,KXCPI-26NOV-T0.2,0.3200,0.9100,0.9200,10.00,,322.06
2026-08-04T04:00:00+00:00,KXCPI-26NOV-T0.2,0.3400,0.9200,,0.00,,322.06
2026-08-05T04:00:00+00:00,KXCPI-26NOV-T0.2,0.3400,0.9200,,0.00,,322.06
2026-08-06T04:00:00+00:00,KXCPI-26NOV-T0.2,0.3500,0.9200,,0.00,,322.06
2026-08-07T04:00:00+00:00,KXCPI-26NOV-T0.2,0.3500,0.9500,,0.00,,322.06
2026-08-08T04:00:00+00:00,KXCPI-26NOV-T0.2,0.3600,0.9700,0.9500,50.00,,272.06
2026-08-11T04:00:00+00:00,KXCPI-26NOV-T0.2,0.3400,0.6500,,0.00,,272.06
2026-08-12T04:00:00+00:00,KXCPI-26NOV-T0.2,0.3400,0.6500,,0.00,,272.06
2026-08-13T04:00:00+00:00,KXCPI-26NOV-T0.2,0.3400,0.9300,0.3200,50.00,,297.06
2026-08-14T04:00:00+00:00,KXCPI-26NOV-T0.2,0.3300,0.9400,,0.00,,297.06
2026-08-15T04:00:00+00:00,KXCPI-26NOV-T0.2,0.3400,0.9300,,0.00,,297.06
2026-08-16T04:00:00+00:00,KXCPI-26NOV-T0.2,0.3300,0.9400,,0.00,,297.06
2026-08-17T04:00:00+00:00,KXCPI-26NOV-T0.2,0.3300,0.9400,,0.00,,297.06
2026-08-18T04:00:00+00:00,KXCPI-26NOV-T0.2,0.3300,0.9400,,0.00,,297.06
2026-08-19T04:00:00+00:00,KXCPI-26NOV-T0.2,0.3300,0.9400,,0.00,,297.06
2026-08-20T04:00:00+00:00,KXCPI-26NOV-T0.2,0.3200,0.9300,0.3300,5.00,,297.06
2026-08-21T04:00:00+00:00,KXCPI-26NOV-T0.2,0.3300,0.9300,,0.00,,297.06
2026-08-22T04:00:00+00:00,KXCPI-26NOV-T0.2,0.3400,0.9400,,0.00,,297.06
2026-08-23T04:00:00+00:00,KXCPI-26NOV-T0.2,0.0000,0.8000,,0.00,,297.06
2026-08-24T04:00:00+00:00,KXCPI-26NOV-T0.2,0.0000,0.9900,,0.00,,297.06
2026-08-27T04:00:00+00:00,KXCPI-26NOV-T0.2,0.0000,1.0000,,0.00,,297.06
2026-08-28T04:00:00+00:00,KXCPI-26NOV-T0.2,0.3300,0.9300,,0.00,,297.06
2026-08-29T04:00:00+00:00,KXCPI-26NOV-T0.2,0.3400,0.9400,0.9400,1.00,,298.06
2026-08-30T04:00:00+00:00,KXCPI-26NOV-T0.2,0.3600,0.9500,,0.00,,298.06
2026-08-31T04:00:00+00:00,KXCPI-26NOV-T0.2,0.3500,0.9300,0.3500,2.00,,299.06
2026-09-01T04:00:00+00:00,KXCPI-26NOV-T0.2,0.3200,0.9100,0.3400,34.00,,301.06
2026-09-02T04:00:00+00:00,KXCPI-26NOV-T0.2,0.3200,0.7100,,0.00,,301.06
2026-09-03T04:00:00+00:00,KXCPI-26NOV-T0.2,0.3200,0.4000,0.3900,2.00,,300.06
2026-09-04T04:00:00+00:00,KXCPI-26NOV-T0.2,0.3200,0.3900,,0.00,,300.06
2026-09-05T04:00:00+00:00,KXCPI-26NOV-T0.2,0.3300,0.7800,0.6300,22.00,,278.06
2026-09-06T04:00:00+00:00,KXCPI-26NOV-T0.2,0.3300,0.7600,,0.00,,278.06
2026-09-07T04:00:00+00:00,KXCPI-26NOV-T0.2,0.3200,0.8800,0.3200,137.00,,276.06
2026-09-10T04:00:00+00:00,KXCPI-26NOV-T0.2,0.3200,0.8800,,0.00,,276.06
2026-09-11T04:00:00+00:00,KXCPI-26NOV-T0.2,0.3200,0.9200,,0.00,,276.06
2026-09-12T04:00:00+00:00,KXCPI-26NOV-T0.2,0.3400,0.9400,0.3400,7.00,,276.06
2026-09-13T04:00:00+00:00,KXCPI-26NOV-T0.2,0.3400,0.7900,0.3400,101.00,,276.06
2026-09-14T04:00:00+00:00,KXCPI-26NOV-T0.2,0.3500,0.7700,,0.00,,276.06
2026-09-15T04:00:00+00:00,KXCPI-26NOV-T0.2,0.6300,0.6500,,0.00,,276.06
2026-09-16T04:00:00+00:00,KXCPI-26NOV-T0.2,0.6300,0.6400,0.6400,51.00,,326.06
2026-09-17T04:00:00+00:00,KXCPI-26NOV-T0.2,0.4300,0.5900,0.5800,855.14,,881.20
2026-09-18T04:00:00+00:00,KXCPI-26NOV-T0.2,0.4500,0.4700,,0.00,,881.20
2026-09-19T04:00:00+00:00,KXCPI-26NOV-T0.2,0.4500,0.4600,0.4500,7.00,,881.20
2026-08-02T04:00:00+00:00,KXCPI-26NOV-T0.1,0.5200,0.9900,0.8100,2.00,,326.00
2026-08-03T04:00:00+00:00,KXCPI-26NOV-T0.1,0.5200,0.9800,,0.00,,326.00
2026-08-04T04:00:00+00:00,KXCPI-26NOV-T0.1,0.5200,0.9900,,0.00,,326.00
2026-08-05T04:00:00+00:00,KXCPI-26NOV-T0.1,0.5200,0.9900,,0.00,,326.00
2026-08-06T04:00:00+00:00,KXCPI-26NOV-T0.1,0.5300,0.9900,,0.00,,326.00
2026-08-07T04:00:00+00:00,KXCPI-26NOV-T0.1,0.5300,0.9900,0.5300,1.00,,327.00
2026-08-08T04:00:00+00:00,KXCPI-26NOV-T0.1,0.5300,0.9900,,0.00,,327.00
2026-08-09T04:00:00+00:00,KXCPI-26NOV-T0.1,0.5300,0.9900,,0.00,,327.00
2026-08-11T04:00:00+00:00,KXCPI-26NOV-T0.1,0.5300,0.8300,0.9000,6.00,,332.00
2026-08-12T04:00:00+00:00,KXCPI-26NOV-T0.1,0.5300,0.9300,0.5300,5.00,,333.00
2026-08-13T04:00:00+00:00,KXCPI-26NOV-T0.1,0.5300,0.9600,0.9700,11.18,,343.18
2026-08-14T04:00:00+00:00,KXCPI-26NOV-T0.1,0.5200,0.9900,,0.00,,343.18
2026-08-15T04:00:00+00:00,KXCPI-26NOV-T0.1,0.5300,0.9900,,0.00,,343.18
2026-08-16T04:00:00+00:00,KXCPI-26NOV-T0.1,0.5300,0.9900,0.5300,4.00,,342.18
2026-08-18T04:00:00+00:00,KXCPI-26NOV-T0.1,0.5100,0.9900,0.5200,25.00,,342.18
2026-08-19T04:00:00+00:00,KXCPI-26NOV-T0.1,0.5200,0.9900,,0.00,,342.18
2026-08-20T04:00:00+00:00,KXCPI-26NOV-T0.1,0.5200,0.9900,0.5200,18.00,,342.18
2026-08-21T04:00:00+00:00,KXCPI-26NOV-T0.1,0.5200,0.9900,,0.00,,342.18
2026-08-22T04:00:00+00:00,KXCPI-26NOV-T0.1,0.5200,0.9900,0.5200,1.00,,342.18
2026-08-23T04:00:00+00:00,KXCPI-26NOV-T0.1,0.0000,0.8000,,0.00,,342.18
2026-08-24T04:00:00+00:00,KXCPI-26NOV-T0.1,0.0000,0.9900,0.8000,29.06,,371.24
2026-08-27T04:00:00+00:00,KXCPI-26NOV-T0.1,0.0000,1.0000,,0.00,,371.24
2026-08-28T04:00:00+00:00,KXCPI-26NOV-T0.1,0.5300,1.0000,,0.00,,371.24
2026-08-29T04:00:00+00:00,KXCPI-26NOV-T0.1,0.5400,1.0000,,0.00,,371.24
2026-08-30T04:00:00+00:00,KXCPI-26NOV-T0.1,0.5400,1.0000,,0.00,,371.24
2026-08-31T04:00:00+00:00,KXCPI-26NOV-T0.1,0.5400,1.0000,,0.00,,371.24
2026-09-01T04:00:00+00:00,KXCPI-26NOV-T0.1,0.5800,0.9700,,0.00,,371.24
2026-09-02T04:00:00+00:00,KXCPI-26NOV-T0.1,0.5700,0.9600,,0.00,,371.24
2026-09-03T04:00:00+00:00,KXCPI-26NOV-T0.1,0.5400,0.9700,0.5300,5.00,,371.24
2026-09-04T04:00:00+00:00,KXCPI-26NOV-T0.1,0.5300,1.0000,,0.00,,371.24
2026-09-08T04:00:00+00:00,KXCPI-26NOV-T0.1,0.5300,1.0000,,0.00,,371.24
2026-09-09T04:00:00+00:00,KXCPI-26NOV-T0.1,0.5300,1.0000,,0.00,,371.24
2026-09-10T04:00:00+00:00,KXCPI-26NOV-T0.1,0.5300,1.0000,,0.00,,371.24
2026-09-11T04:00:00+00:00,KXCPI-26NOV-T0.1,0.5300,1.0000,,0.00,,371.24
2026-09-12T04:00:00+00:00,KXCPI-26NOV-T0.1,0.5300,1.0000,,0.00,,371.24
2026-09-13T04:00:00+00:00,KXCPI-26NOV-T0.1,0.5300,0.8600,0.9500,8.00,,375.24
2026-09-14T04:00:00+00:00,KXCPI-26NOV-T0.1,0.5800,0.8500,,0.00,,375.24
2026-09-15T04:00:00+00:00,KXCPI-26NOV-T0.1,0.8100,0.8200,,0.00,,375.24
2026-09-16T04:00:00+00:00,KXCPI-26NOV-T0.1,0.7700,0.8100,0.7700,307.00,,572.25
2026-09-17T04:00:00+00:00,KXCPI-26NOV-T0.1,0.7900,0.8000,0.7900,53.00,,547.25
2026-09-18T04:00:00+00:00,KXCPI-26NOV-T0.1,0.6100,0.7000,0.6100,1194.20,,967.44
2026-09-19T04:00:00+00:00,KXCPI-26NOV-T0.1,0.6200,0.6700,0.6700,126.00,,991.44
2026-08-02T04:00:00+00:00,KXCPI-26NOV-T-0.1,0.6800,0.9900,,0.00,,200.00
2026-08-03T04:00:00+00:00,KXCPI-26NOV-T-0.1,0.6800,0.9800,,0.00,,200.00
2026-08-04T04:00:00+00:00,KXCPI-26NOV-T-0.1,0.6800,0.9900,,0.00,,200.00
2026-08-05T04:00:00+00:00,KXCPI-26NOV-T-0.1,0.6800,0.9900,,0.00,,200.00
2026-08-06T04:00:00+00:00,KXCPI-26NOV-T-0.1,0.6900,0.9900,,0.00,,200.00
2026-08-07T04:00:00+00:00,KXCPI-26NOV-T-0.1,0.6900,0.9900,,0.00,,200.00
2026-08-08T04:00:00+00:00,KXCPI-26NOV-T-0.1,0.6900,0.9900,,0.00,,200.00
2026-08-11T04:00:00+00:00,KXCPI-26NOV-T-0.1,0.6900,1.0000,0.9900,3.00,,203.00
2026-08-12T04:00:00+00:00,KXCPI-26NOV-T-0.1,0.6900,1.0000,,0.00,,203.00
2026-08-13T04:00:00+00:00,KXCPI-26NOV-T-0.1,0.9600,1.0000,0.6700,16.00,,219.00
2026-08-23T04:00:00+00:00,KXCPI-26NOV-T-0.1,0.7500,0.9900,0.9200,2.00,,220.00
2026-08-25T04:00:00+00:00,KXCPI-26NOV-T-0.1,0.7500,0.9900,,0.00,,220.00
2026-08-28T04:00:00+00:00,KXCPI-26NOV-T-0.1,0.7500,0.9900,,0.00,,220.00
2026-09-01T04:00:00+00:00,KXCPI-26NOV-T-0.1,0.7500,1.0000,0.9900,1.00,,219.00
2026-09-05T04:00:00+00:00,KXCPI-26NOV-T-0.1,0.7500,1.0000,0.7500,2.00,,219.00
2026-09-08T04:00:00+00:00,KXCPI-26NOV-T-0.1,0.7500,1.0000,,0.00,,219.00
2026-09-09T04:00:00+00:00,KXCPI-26NOV-T-0.1,0.7500,1.0000,,0.00,,219.00
2026-09-10T04:00:00+00:00,KXCPI-26NOV-T-0.1,0.7500,0.9700,,0.00,,219.00
2026-09-11T04:00:00+00:00,KXCPI-26NOV-T-0.1,0.7500,1.0000,,0.00,,219.00
2026-09-12T04:00:00+00:00,KXCPI-26NOV-T-0.1,0.7500,1.0000,,0.00,,219.00
2026-09-13T04:00:00+00:00,KXCPI-26NOV-T-0.1,0.7500,0.9900,,0.00,,219.00
2026-09-14T04:00:00+00:00,KXCPI-26NOV-T-0.1,0.7500,1.0000,,0.00,,219.00
2026-09-15T04:00:00+00:00,KXCPI-26NOV-T-0.1,0.9000,0.9700,,0.00,,219.00
2026-09-16T04:00:00+00:00,KXCPI-26NOV-T-0.1,0.9400,0.9600,0.9500,100.00,,319.00
2026-09-17T04:00:00+00:00,KXCPI-26NOV-T-0.1,0.9400,0.9500,0.9400,34.00,,353.00
2026-09-18T04:00:00+00:00,KXCPI-26NOV-T-0.1,0.8000,0.8100,,0.00,,353.00
2026-09-19T04:00:00+00:00,KXCPI-26NOV-T-0.1,0.8000,0.8100,,0.00,,353.00
2026-08-05T04:00:00+00:00,KXCPI-26NOV-T0.0,0.6200,1.0000,,0.00,,370.19
2026-08-06T04:00:00+00:00,KXCPI-26NOV-T0.0,0.6400,1.0000,,0.00,,370.19
2026-08-07T04:00:00+00:00,KXCPI-26NOV-T0.0,0.6400,1.0000,,0.00,,370.19
2026-08-08T04:00:00+00:00,KXCPI-26NOV-T0.0,0.6400,1.0000,,0.00,,370.19
2026-08-11T04:00:00+00:00,KXCPI-26NOV-T0.0,0.6400,1.0000,,0.00,,370.19
2026-08-12T04:00:00+00:00,KXCPI-26NOV-T0.0,0.6400,1.0000,,0.00,,370.19
2026-08-13T04:00:00+00:00,KXCPI-26NOV-T0.0,0.6400,1.0000,0.6400,8.00,,374.00
2026-08-14T04:00:00+00:00,KXCPI-26NOV-T0.0,0.6400,1.0000,,0.00,,374.00
2026-08-15T04:00:00+00:00,KXCPI-26NOV-T0.0,0.6500,0.9600,,0.00,,374.00
2026-08-16T04:00:00+00:00,KXCPI-26NOV-T0.0,0.6400,0.9700,,0.00,,374.00
2026-08-17T04:00:00+00:00,KXCPI-26NOV-T0.0,0.6400,0.9700,,0.00,,374.00
2026-08-18T04:00:00+00:00,KXCPI-26NOV-T0.0,0.6400,0.9700,,0.00,,374.00
2026-08-19T04:00:00+00:00,KXCPI-26NOV-T0.0,0.6400,0.9700,,0.00,,374.00
2026-08-20T04:00:00+00:00,KXCPI-26NOV-T0.0,0.6300,0.9700,,0.00,,374.00
2026-08-21T04:00:00+00:00,KXCPI-26NOV-T0.0,0.6300,1.0000,,0.00,,374.00
2026-08-22T04:00:00+00:00,KXCPI-26NOV-T0.0,0.6400,1.0000,,0.00,,374.00
2026-08-23T04:00:00+00:00,KXCPI-26NOV-T0.0,0.1300,0.8000,,0.00,,374.00
2026-08-24T04:00:00+00:00,KXCPI-26NOV-T0.0,0.0300,0.9800,0.8000,65.00,,438.00
2026-08-28T04:00:00+00:00,KXCPI-26NOV-T0.0,0.6500,0.9900,,0.00,,438.00
2026-08-30T04:00:00+00:00,KXCPI-26NOV-T0.0,0.6500,0.9900,,0.00,,438.00
2026-08-31T04:00:00+00:00,KXCPI-26NOV-T0.0,0.6500,0.9900,,0.00,,438.00
2026-09-01T04:00:00+00:00,KXCPI-26NOV-T0.0,0.6500,0.9500,,0.00,,438.00
2026-09-02T04:00:00+00:00,KXCPI-26NOV-T0.0,0.6700,0.9600,,0.00,,438.00
2026-09-03T04:00:00+00:00,KXCPI-26NOV-T0.0,0.6600,0.9700,0.9700,5.00,,433.00
2026-09-04T04:00:00+00:00,KXCPI-26NOV-T0.0,0.6500,0.9800,,0.00,,433.00
2026-09-05T04:00:00+00:00,KXCPI-26NOV-T0.0,0.6500,0.9800,,0.00,,433.00
2026-09-06T04:00:00+00:00,KXCPI-26NOV-T0.0,0.6500,0.9900,,0.00,,433.00
2026-09-07T04:00:00+00:00,KXCPI-26NOV-T0.0,0.6500,0.9900,,0.00,,433.00
2026-09-10T04:00:00+00:00,KXCPI-26NOV-T0.0,0.6500,0.9900,,0.00,,433.00
2026-09-11T04:00:00+00:00,KXCPI-26NOV-T0.0,0.6500,0.9900,,0.00,,433.00
2026-09-12T04:00:00+00:00,KXCPI-26NOV-T0.0,0.6500,0.9900,,0.00,,433.00
2026-09-13T04:00:00+00:00,KXCPI-26NOV-T0.0,0.6700,0.9900,,0.00,,433.00
2026-09-14T04:00:00+00:00,KXCPI-26NOV-T0.0,0.6700,0.9900,,0.00,,433.00
2026-09-15T04:00:00+00:00,KXCPI-26NOV-T0.0,0.9100,0.9200,,0.00,,433.00
2026-09-16T04:00:00+00:00,KXCPI-26NOV-T0.0,0.8400,0.9200,0.8400,341.00,,571.00
2026-09-17T04:00:00+00:00,KXCPI-26NOV-T0.0,0.8600,0.9000,0.8600,302.00,,718.00
2026-09-18T04:00:00+00:00,KXCPI-26NOV-T0.0,0.7800,0.8000,0.8000,64.00,,707.00
2026-09-19T04:00:00+00:00,KXCPI-26NOV-T0.0,0.7800,0.7900,0.7900,11.00,,707.00
2026-08-05T04:00:00+00:00,KXCPI-26OCT-T0.5,0.0000,0.3900,,0.00,,192.60
2026-08-06T04:00:00+00:00,KXCPI-26OCT-T0.5,0.0000,0.3900,,0.00,,192.60
2026-08-07T04:00:00+00:00,KXCPI-26OCT-T0.5,0.0000,0.3900,,0.00,,192.60
2026-08-08T04:00:00+00:00,KXCPI-26OCT-T0.5,0.0000,0.3900,,0.00,,192.60
2026-08-11T04:00:00+00:00,KXCPI-26OCT-T0.5,0.0000,0.3900,,0.00,,192.60
2026-08-12T04:00:00+00:00,KXCPI-26OCT-T0.5,0.0000,0.3900,,0.00,,192.60
2026-08-13T04:00:00+00:00,KXCPI-26OCT-T0.5,0.0000,0.3900,,0.00,,192.60
2026-08-14T04:00:00+00:00,KXCPI-26OCT-T0.5,0.0000,0.3900,,0.00,,192.60
2026-08-15T04:00:00+00:00,KXCPI-26OCT-T0.5,0.0000,0.3900,,0.00,,192.60
2026-08-18T04:00:00+00:00,KXCPI-26OCT-T0.5,0.0000,0.5000,0.2000,1596.00,,392.60
2026-08-19T04:00:00+00:00,KXCPI-26OCT-T0.5,0.0000,0.4000,0.0100,160.00,,392.60
2026-08-20T04:00:00+00:00,KXCPI-26OCT-T0.5,0.0000,0.3900,0.3900,4.00,,396.60
2026-08-21T04:00:00+00:00,KXCPI-26OCT-T0.5,0.0000,0.3900,,0.00,,396.60
2026-08-22T04:00:00+00:00,KXCPI-26OCT-T0.5,0.0000,0.3900,,0.00,,396.60
2026-08-23T04:00:00+00:00,KXCPI-26OCT-T0.5,0.0000,0.3900,0.2000,114.00,,453.60
2026-08-24T04:00:00+00:00,KXCPI-26OCT-T0.5,0.0000,0.4000,0.3900,22.00,,475.60
2026-08-27T04:00:00+00:00,KXCPI-26OCT-T0.5,0.0000,0.4200,,0.00,,475.60
2026-08-28T04:00:00+00:00,KXCPI-26OCT-T0.5,0.0000,0.3800,,0.00,,475.60
2026-08-29T04:00:00+00:00,KXCPI-26OCT-T0.5,0.0000,0.3800,0.3800,1.00,,476.60
2026-09-01T04:00:00+00:00,KXCPI-26OCT-T0.5,0.0000,0.3800,,0.00,,476.60
2026-09-02T04:00:00+00:00,KXCPI-26OCT-T0.5,0.0000,0.3800,,0.00,,476.60
2026-09-03T04:00:00+00:00,KXCPI-26OCT-T0.5,0.0000,0.3600,,0.00,,476.60
2026-09-04T04:00:00+00:00,KXCPI-26OCT-T0.5,0.0000,0.3600,,0.00,,476.60
2026-09-05T04:00:00+00:00,KXCPI-26OCT-T0.5,0.0000,0.3600,,0.00,,476.60
2026-09-07T04:00:00+00:00,KXCPI-26OCT-T0.5,0.0000,0.2500,,0.00,,476.60
2026-09-15T04:00:00+00:00,KXCPI-26OCT-T0.5,0.1300,0.2500,,0.00,,476.60
2026-09-16T04:00:00+00:00,KXCPI-26OCT-T0.5,0.1400,0.1500,0.1400,1.00,,476.60
2026-09-17T04:00:00+00:00,KXCPI-26OCT-T0.5,0.2200,0.2500,0.1500,701.01,,1051.61
2026-09-18T04:00:00+00:00,KXCPI-26OCT-T0.5,0.3300,0.3900,0.2500,17.00,,1051.61
2026-09-19T04:00:00+00:00,KXCPI-26OCT-T0.5,0.1300,0.3400,0.3300,401.71,,794.01
2026-08-02T04:00:00+00:00,KXCPI-26OCT-T0.4,0.0000,0.5000,0.4900,9.00,,408.00
2026-08-04T04:00:00+00:00,KXCPI-26OCT-T0.4,0.0000,0.4900,,0.00,,408.00
2026-08-05T04:00:00+00:00,KXCPI-26OCT-T0.4,0.0000,0.4900,,0.00,,408.00
2026-08-06T04:00:00+00:00,KXCPI-26OCT-T0.4,0.0000,0.4900,,0.00,,408.00
2026-08-07T04:00:00+00:00,KXCPI-26OCT-T0.4,0.0000,0.4900,,0.00,,408.00
2026-08-08T04:00:00+00:00,KXCPI-26OCT-T0.4,0.0000,0.4900,,0.00,,408.00
2026-08-11T04:00:00+00:00,KXCPI-26OCT-T0.4,0.0000,0.4900,,0.00,,408.00
2026-08-12T04:00:00+00:00,KXCPI-26OCT-T0.4,0.0000,0.4900,,0.00,,408.00
2026-08-13T04:00:00+00:00,KXCPI-26OCT-T0.4,0.0000,0.4900,,0.00,,408.00
2026-08-14T04:00:00+00:00,KXCPI-26OCT-T0.4,0.0000,0.4900,,0.00,,408.00
2026-08-15T04:00:00+00:00,KXCPI-26OCT-T0.4,0.0000,0.4900,,0.00,,408.00
2026-08-17T04:00:00+00:00,KXCPI-26OCT-T0.4,0.0000,0.4900,0.4900,9.00,,411.00
2026-08-18T04:00:00+00:00,KXCPI-26OCT-T0.4,0.0000,0.5000,,0.00,,411.00
2026-08-19T04:00:00+00:00,KXCPI-26OCT-T0.4,0.0000,0.4900,0.0100,160.00,,411.00
2026-08-20T04:00:00+00:00,KXCPI-26OCT-T0.4,0.0000,0.4900,,0.00,,411.00
2026-08-21T04:00:00+00:00,KXCPI-26OCT-T0.4,0.0000,0.4900,,0.00,,411.00
2026-08-22T04:00:00+00:00,KXCPI-26OCT-T0.4,0.0000,0.4900,0.4900,25.00,,417.00
2026-08-23T04:00:00+00:00,KXCPI-26OCT-T0.4,0.0000,0.5100,0.2000,1567.00,,505.00
2026-08-24T04:00:00+00:00,KXCPI-26OCT-T0.4,0.0000,0.5300,,0.00,,505.00
2026-08-27T04:00:00+00:00,KXCPI-26OCT-T0.4,0.0000,0.5100,,0.00,,505.00
2026-08-28T04:00:00+00:00,KXCPI-26OCT-T0.4,0.0000,0.4800,,0.00,,505.00
2026-09-01T04:00:00+00:00,KXCPI-26OCT-T0.4,0.0000,0.4800,,0.00,,505.00
2026-09-02T04:00:00+00:00,KXCPI-26OCT-T0.4,0.0000,0.4800,,0.00,,505.00
2026-09-03T04:00:00+00:00,KXCPI-26OCT-T0.4,0.0000,0.4600,,0.00,,505.00
2026-09-04T04:00:00+00:00,KXCPI-26OCT-T0.4,0.0000,0.4600,,0.00,,505.00
2026-09-05T04:00:00+00:00,KXCPI-26OCT-T0.4,0.0000,0.4600,,0.00,,505.00
2026-09-07T04:00:00+00:00,KXCPI-26OCT-T0.4,0.0000,0.4600,0.4600,4.00,,509.00
2026-09-10T04:00:00+00:00,KXCPI-26OCT-T0.4,0.0000,0.4600,,0.00,,509.00
2026-09-11T04:00:00+00:00,KXCPI-26OCT-T0.4,0.0000,0.5000,0.4600,73.31,,582.31
2026-09-12T04:00:00+00:00,KXCPI-26OCT-T0.4,0.0000,0.4900,,0.00,,582.31
2026-09-13T04:00:00+00:00,KXCPI-26OCT-T0.4,0.0000,0.4900,0.4900,3.00,,585.31
2026-09-14T04:00:00+00:00,KXCPI-26OCT-T0.4,0.0000,0.5100,,0.00,,585.31
2026-09-15T04:00:00+00:00,KXCPI-26OCT-T0.4,0.2100,0.4800,,0.00,,585.31
2026-09-16T04:00:00+00:00,KXCPI-26OCT-T0.4,0.2600,0.2700,0.2700,4.00,,585.31
2026-09-17T04:00:00+00:00,KXCPI-26OCT-T0.4,0.5200,0.5300,0.5300,885.17,,1200.40
2026-09-18T04:00:00+00:00,KXCPI-26OCT-T0.4,0.4900,0.5000,0.5300,520.27,,1450.66
2026-09-19T04:00:00+00:00,KXCPI-26OCT-T0.4,0.3100,0.4900,0.2700,367.50,,1246.54
2026-08-02T04:00:00+00:00,KXCPI-26OCT-T0.3,0.2100,0.4100,,0.00,,229.74
2026-08-03T04:00:00+00:00,KXCPI-26OCT-T0.3,0.2100,0.4100,,0.00,,229.74
2026-08-04T04:00:00+00:00,KXCPI-26OCT-T0.3,0.2100,0.4100,,0.00,,229.74
2026-08-05T04:00:00+00:00,KXCPI-26OCT-T0.3,0.2100,0.4100,,0.00,,229.74
2026-08-06T04:00:00+00:00,KXCPI-26OCT-T0.3,0.2300,0.4100,,0.00,,229.74
2026-08-07T04:00:00+00:00,KXCPI-26OCT-T0.3,0.0600,0.6500,0.0600,4.00,,229.74
2026-08-08T04:00:00+00:00,KXCPI-26OCT-T0.3,0.0600,0.6700,,0.00,,229.74
2026-08-09T04:00:00+00:00,KXCPI-26OCT-T0.3,0.0600,0.6700,,0.00,,229.74
2026-08-10T04:00:00+00:00,KXCPI-26OCT-T0.3,0.0600,0.6700,,0.00,,229.74
2026-08-11T04:00:00+00:00,KXCPI-26OCT-T0.3,0.0600,0.6700,0.0500,5.00,,234.74
2026-08-12T04:00:00+00:00,KXCPI-26OCT-T0.3,0.0600,0.6700,,0.00,,234.74
2026-08-13T04:00:00+00:00,KXCPI-26OCT-T0.3,0.0600,0.6700,,0.00,,234.74
2026-08-14T04:00:00+00:00,KXCPI-26OCT-T0.3,0.0600,0.6700,,0.00,,234.74
2026-08-15T04:00:00+00:00,KXCPI-26OCT-T0.3,0.0600,0.6700,,0.00,,234.74
2026-08-16T04:00:00+00:00,KXCPI-26OCT-T0.3,0.1400,0.5900,0.6700,2.00,,234.74
2026-08-17T04:00:00+00:00,KXCPI-26OCT-T0.3,0.0700,0.6600,,0.00,,234.74
2026-08-18T04:00:00+00:00,KXCPI-26OCT-T0.3,0.0700,0.6700,0.1300,1191.00,,254.74
2026-08-19T04:00:00+00:00,KXCPI-26OCT-T0.3,0.1000,0.7000,0.7000,160.00,,334.74
2026-08-20T04:00:00+00:00,KXCPI-26OCT-T0.3,0.1000,0.6700,0.1000,1.00,,333.74
2026-08-21T04:00:00+00:00,KXCPI-26OCT-T0.3,0.1100,0.6600,,0.00,,333.74
2026-08-22T04:00:00+00:00,KXCPI-26OCT-T0.3,0.1100,0.6600,,0.00,,333.74
2026-08-23T04:00:00+00:00,KXCPI-26OCT-T0.3,0.2500,0.3000,0.1400,1913.70,,364.74
2026-08-24T04:00:00+00:00,KXCPI-26OCT-T0.3,0.3100,0.5000,0.4800,91.01,,428.05
2026-08-25T04:00:00+00:00,KXCPI-26OCT-T0.3,0.2200,0.4900,0.2200,23.00,,414.05
2026-08-26T04:00:00+00:00,KXCPI-26OCT-T0.3,0.2200,0.4900,,0.00,,414.05
2026-08-27T04:00:00+00:00,KXCPI-26OCT-T0.3,0.2200,0.4900,,0.00,,414.05
2026-08-28T04:00:00+00:00,KXCPI-26OCT-T0.3,0.2100,0.5000,0.5000,7.00,,420.05
2026-08-30T04:00:00+00:00,KXCPI-26OCT-T0.3,0.2600,0.5000,,0.00,,420.05
2026-08-31T04:00:00+00:00,KXCPI-26OCT-T0.3,0.2200,0.5000,,0.00,,420.05
2026-09-01T04:00:00+00:00,KXCPI-26OCT-T0.3,0.2600,0.5000,,0.00,,420.05
2026-09-02T04:00:00+00:00,KXCPI-26OCT-T0.3,0.2200,0.5000,,0.00,,420.05
2026-09-03T04:00:00+00:00,KXCPI-26OCT-T0.3,0.2200,0.4400,0.1600,4.00,,420.05
2026-09-04T04:00:00+00:00,KXCPI-26OCT-T0.3,0.1600,0.4900,,0.00,,420.05
2026-09-05T04:00:00+00:00,KXCPI-26OCT-T0.3,0.1600,0.5300,0.5300,15.00,,431.05
2026-09-06T04:00:00+00:00,KXCPI-26OCT-T0.3,0.0600,0.5400,0.0700,6.00,,427.05
2026-09-07T04:00:00+00:00,KXCPI-26OCT-T0.3,0.1100,0.6400,0.0800,6.00,,427.05
2026-09-08T04:00:00+00:00,KXCPI-26OCT-T0.3,0.1100,0.6600,,0.00,,427.05
2026-09-10T04:00:00+00:00,KXCPI-26OCT-T0.3,0.1100,0.6500,,0.00,,427.05
2026-09-11T04:00:00+00:00,KXCPI-26OCT-T0.3,0.1300,0.7000,,0.00,,427.05
2026-09-12T04:00:00+00:00,KXCPI-26OCT-T0.3,0.2100,0.6300,0.6600,14.79,,441.84
2026-09-13T04:00:00+00:00,KXCPI-26OCT-T0.3,0.2300,0.6100,,0.00,,441.84
2026-09-14T04:00:00+00:00,KXCPI-26OCT-T0.3,0.2500,0.6100,,0.00,,441.84
2026-09-15T04:00:00+00:00,KXCPI-26OCT-T0.3,0.4100,0.4800,,0.00,,441.84
2026-09-16T04:00:00+00:00,KXCPI-26OCT-T0.3,0.4900,0.5200,0.4800,54.00,,492.84
2026-09-17T04:00:00+00:00,KXCPI-26OCT-T0.3,0.6000,0.6100,0.5200,542.00,,954.84
2026-09-18T04:00:00+00:00,KXCPI-26OCT-T0.3,0.6300,0.7000,0.7900,804.00,,1411.84
2026-09-19T04:00:00+00:00,KXCPI-26OCT-T0.3,0.5600,0.7200,0.6200,516.15,,1189.84
2026-08-02T04:00:00+00:00,KXCPI-26OCT-T0.2,0.3100,0.6000,,0.00,,144.68
2026-08-03T04:00:00+00:00,KXCPI-26OCT-T0.2,0.3100,0.6000,,0.00,,144.68
2026-08-04T04:00:00+00:00,KXCPI-26OCT-T0.2,0.3300,0.6100,,0.00,,144.68
2026-08-05T04:00:00+00:00,KXCPI-26OCT-T0.2,0.3200,0.6000,,0.00,,144.68
2026-08-06T04:00:00+00:00,KXCPI-26OCT-T0.2,0.3200,0.6000,,0.00,,144.68
2026-08-07T04:00:00+00:00,KXCPI-26OCT-T0.2,0.3100,0.6100,0.3000,2.00,,145.68
2026-08-08T04:00:00+00:00,KXCPI-26OCT-T0.2,0.3000,0.6100,,0.00,,145.68
2026-08-09T04:00:00+00:00,KXCPI-26OCT-T0.2,0.3000,0.6100,,0.00,,145.68
2026-08-10T04:00:00+00:00,KXCPI-26OCT-T0.2,0.3000,0.6100,,0.00,,145.68
2026-08-11T04:00:00+00:00,KXCPI-26OCT-T0.2,0.3000,0.9100,0.6100,2.00,,147.68
2026-08-12T04:00:00+00:00,KXCPI-26OCT-T0.2,0.3000,0.9100,,0.00,,147.68
2026-08-13T04:00:00+00:00,KXCPI-26OCT-T0.2,0.2900,0.8900,,0.00,,147.68
2026-08-14T04:00:00+00:00,KXCPI-26OCT-T0.2,0.2900,0.9000,,0.00,,147.68
2026-08-15T04:00:00+00:00,KXCPI-26OCT-T0.2,0.3200,0.9300,0.9000,50.00,,180.68
2026-08-16T04:00:00+00:00,KXCPI-26OCT-T0.2,0.3300,0.9200,,0.00,,180.68
2026-08-17T04:00:00+00:00,KXCPI-26OCT-T0.2,0.3300,0.9200,,0.00,,180.68
2026-08-19T04:00:00+00:00,KXCPI-26OCT-T0.2,0.3000,0.9000,,0.00,,180.68
2026-08-20T04:00:00+00:00,KXCPI-26OCT-T0.2,0.3000,0.9000,,0.00,,180.68
2026-08-21T04:00:00+00:00,KXCPI-26OCT-T0.2,0.3100,0.8900,,0.00,,180.68
2026-08-22T04:00:00+00:00,KXCPI-26OCT-T0.2,0.3100,0.8700,0.3000,3.00,,177.68
2026-08-23T04:00:00+00:00,KXCPI-26OCT-T0.2,0.3000,0.8900,,0.00,,177.68
2026-08-24T04:00:00+00:00,KXCPI-26OCT-T0.2,0.3100,0.9100,0.3000,52.00,,177.68
2026-08-25T04:00:00+00:00,KXCPI-26OCT-T0.2,0.3100,0.9100,,0.00,,177.68
2026-08-26T04:00:00+00:00,KXCPI-26OCT-T0.2,0.3100,0.9100,,0.00,,177.68
2026-08-27T04:00:00+00:00,KXCPI-26OCT-T0.2,0.3100,0.8700,,0.00,,177.68
2026-08-28T04:00:00+00:00,KXCPI-26OCT-T0.2,0.2900,0.8900,,0.00,,177.68
2026-08-29T04:00:00+00:00,KXCPI-26OCT-T0.2,0.3000,0.9000,0.9000,10.00,,187.68
2026-08-30T04:00:00+00:00,KXCPI-26OCT-T0.2,0.3500,0.8500,,0.00,,187.68
2026-08-31T04:00:00+00:00,KXCPI-26OCT-T0.2,0.3100,0.8600,,0.00,,187.68
2026-09-01T04:00:00+00:00,KXCPI-26OCT-T0.2,0.3400,0.8300,,0.00,,187.68
2026-09-02T04:00:00+00:00,KXCPI-26OCT-T0.2,0.3500,0.7900,,0.00,,187.68
2026-09-03T04:00:00+00:00,KXCPI-26OCT-T0.2,0.4600,0.6700,0.8700,3.00,,187.68
2026-09-04T04:00:00+00:00,KXCPI-26OCT-T0.2,0.5200,0.7700,,0.00,,187.68
2026-09-05T04:00:00+00:00,KXCPI-26OCT-T0.2,0.3100,0.7300,0.8000,26.00,,193.68
2026-09-06T04:00:00+00:00,KXCPI-26OCT-T0.2,0.3100,0.9000,0.7800,13.90,,203.02
2026-09-07T04:00:00+00:00,KXCPI-26OCT-T0.2,0.3100,0.9000,0.3100,4.00,,203.02
2026-09-10T04:00:00+00:00,KXCPI-26OCT-T0.2,0.3100,0.9000,,0.00,,203.02
2026-09-11T04:00:00+00:00,KXCPI-26OCT-T0.2,0.3600,0.9500,,0.00,,203.02
2026-09-12T04:00:00+00:00,KXCPI-26OCT-T0.2,0.3500,0.8400,,0.00,,203.02
2026-09-13T04:00:00+00:00,KXCPI-26OCT-T0.2,0.3700,0.8300,,0.00,,203.02
2026-09-14T04:00:00+00:00,KXCPI-26OCT-T0.2,0.3900,0.7800,,0.00,,203.02
2026-09-15T04:00:00+00:00,KXCPI-26OCT-T0.2,0.5300,0.6300,0.5000,1.00,,203.02
2026-09-16T04:00:00+00:00,KXCPI-26OCT-T0.2,0.6100,0.6200,0.6200,8.00,,211.02
2026-09-17T04:00:00+00:00,KXCPI-26OCT-T0.2,0.7100,0.8300,0.8400,1483.16,,1220.59
2026-09-18T04:00:00+00:00,KXCPI-26OCT-T0.2,0.7700,0.8300,0.7900,335.60,,1331.19
2026-09-19T04:00:00+00:00,KXCPI-26OCT-T0.2,0.8400,0.8500,0.8400,357.54,,1581.16
2026-08-05T04:00:00+00:00,KXCPI-26OCT-T0.1,0.4900,1.0000,,0.00,,175.00
2026-08-06T04:00:00+00:00,KXCPI-26OCT-T0.1,0.4900,1.0000,,0.00,,175.00
2026-08-07T04:00:00+00:00,KXCPI-26OCT-T0.1,0.4900,1.0000,,0.00,,175.00
2026-08-08T04:00:00+00:00,KXCPI-26OCT-T0.1,0.4900,1.0000,,0.00,,175.00
2026-08-11T04:00:00+00:00,KXCPI-26OCT-T0.1,0.4900,1.0000,,0.00,,175.00
2026-08-12T04:00:00+00:00,KXCPI-26OCT-T0.1,0.4900,1.0000,,0.00,,175.00
2026-08-13T04:00:00+00:00,KXCPI-26OCT-T0.1,0.4800,1.0000,0.4900,5.00,,179.00
2026-08-14T04:00:00+00:00,KXCPI-26OCT-T0.1,0.4800,1.0000,,0.00,,179.00
2026-08-15T04:00:00+00:00,KXCPI-26OCT-T0.1,0.4800,1.0000,,0.00,,179.00
2026-08-16T04:00:00+00:00,KXCPI-26OCT-T0.1,0.4900,0.9600,0.4800,3.00,,179.00
2026-08-17T04:00:00+00:00,KXCPI-26OCT-T0.1,0.4900,0.9600,,0.00,,179.00
2026-08-19T04:00:00+00:00,KXCPI-26OCT-T0.1,0.4900,0.9600,,0.00,,179.00
2026-08-20T04:00:00+00:00,KXCPI-26OCT-T0.1,0.4900,0.9600,,0.00,,179.00
2026-08-22T04:00:00+00:00,KXCPI-26OCT-T0.1,0.4900,0.9600,,0.00,,179.00
2026-08-23T04:00:00+00:00,KXCPI-26OCT-T0.1,0.4900,0.9600,,0.00,,179.00
2026-08-24T04:00:00+00:00,KXCPI-26OCT-T0.1,0.4900,1.0000,0.9900,24.75,,203.75
2026-08-27T04:00:00+00:00,KXCPI-26OCT-T0.1,0.4900,1.0000,0.4900,20.00,,203.75
2026-08-28T04:00:00+00:00,KXCPI-26OCT-T0.1,0.4900,1.0000,,0.00,,203.75
2026-08-29T04:00:00+00:00,KXCPI-26OCT-T0.1,0.5000,1.0000,,0.00,,203.75
2026-09-01T04:00:00+00:00,KXCPI-26OCT-T0.1,0.6000,0.8300,0.9700,1.00,,203.75
2026-09-02T04:00:00+00:00,KXCPI-26OCT-T0.1,0.6200,0.7900,,0.00,,203.75
2026-09-03T04:00:00+00:00,KXCPI-26OCT-T0.1,0.5000,0.8000,0.4900,21.00,,211.75
2026-09-04T04:00:00+00:00,KXCPI-26OCT-T0.1,0.5000,1.0000,,0.00,,211.75
2026-09-05T04:00:00+00:00,KXCPI-26OCT-T0.1,0.5000,1.0000,,0.00,,211.75
2026-09-08T04:00:00+00:00,KXCPI-26OCT-T0.1,0.5100,0.9600,,0.00,,211.75
2026-09-10T04:00:00+00:00,KXCPI-26OCT-T0.1,0.5100,0.9600,,0.00,,211.75
2026-09-11T04:00:00+00:00,KXCPI-26OCT-T0.1,0.5100,1.0000,,0.00,,211.75
2026-09-12T04:00:00+00:00,KXCPI-26OCT-T0.1,0.4900,0.8800,,0.00,,211.75
2026-09-13T04:00:00+00:00,KXCPI-26OCT-T0.1,0.4900,0.8600,,0.00,,211.75
2026-09-14T04:00:00+00:00,KXCPI-26OCT-T0.1,0.5300,0.7800,,0.00,,211.75
2026-09-15T04:00:00+00:00,KXCPI-26OCT-T0.1,0.5400,0.7200,,0.00,,211.75
2026-09-16T04:00:00+00:00,KXCPI-26OCT-T0.1,0.6300,0.6600,0.6700,4.00,,211.75
2026-09-17T04:00:00+00:00,KXCPI-26OCT-T0.1,0.9100,0.9300,0.9100,960.52,,1032.27
2026-09-18T04:00:00+00:00,KXCPI-26OCT-T0.1,0.8500,0.9000,0.8300,571.41,,1239.27
2026-09-19T04:00:00+00:00,KXCPI-26OCT-T0.1,0.8700,0.8900,,0.00,,1239.27
2026-08-02T04:00:00+00:00,KXCPI-26OCT-T-0.1,0.8200,0.9700,,0.00,,437.00
2026-08-03T04:00:00+00:00,KXCPI-26OCT-T-0.1,0.8200,0.9700,,0.00,,437.00
2026-08-04T04:00:00+00:00,KXCPI-26OCT-T-0.1,0.8200,0.9700,,0.00,,437.00
2026-08-05T04:00:00+00:00,KXCPI-26OCT-T-0.1,0.8200,0.9700,0.9700,3.00,,437.00
2026-08-06T04:00:00+00:00,KXCPI-26OCT-T-0.1,0.8200,0.9700,0.8200,1.00,,437.00
2026-08-07T04:00:00+00:00,KXCPI-26OCT-T-0.1,0.8200,1.0000,,0.00,,437.00
2026-08-08T04:00:00+00:00,KXCPI-26OCT-T-0.1,0.8200,1.0000,,0.00,,437.00
2026-08-09T04:00:00+00:00,KXCPI-26OCT-T-0.1,0.8200,0.9800,,0.00,,437.00
2026-08-10T04:00:00+00:00,KXCPI-26OCT-T-0.1,0.8200,0.9800,,0.00,,437.00
2026-08-11T04:00:00+00:00,KXCPI-26OCT-T-0.1,0.8200,1.0000,,0.00,,437.00
2026-08-12T04:00:00+00:00,KXCPI-26OCT-T-0.1,0.8200,0.9700,,0.00,,437.00
2026-08-13T04:00:00+00:00,KXCPI-26OCT-T-0.1,0.6500,0.8200,0.8200,2.20,,438.20
2026-08-14T04:00:00+00:00,KXCPI-26OCT-T-0.1,0.6500,0.8200,0.8200,5.00,,441.20
2026-08-15T04:00:00+00:00,KXCPI-26OCT-T-0.1,0.6500,0.8200,0.6500,22.00,,460.20
2026-08-16T04:00:00+00:00,KXCPI-26OCT-T-0.1,0.6500,1.0000,,0.00,,460.20
2026-08-17T04:00:00+00:00,KXCPI-26OCT-T-0.1,0.6500,1.0000,,0.00,,460.20
2026-08-18T04:00:00+00:00,KXCPI-26OCT-T-0.1,0.6500,1.0000,,0.00,,460.20
2026-08-19T04:00:00+00:00,KXCPI-26OCT-T-0.1,0.6600,0.9600,,0.00,,460.20
2026-08-20T04:00:00+00:00,KXCPI-26OCT-T-0.1,0.6600,0.9600,,0.00,,460.20
2026-08-22T04:00:00+00:00,KXCPI-26OCT-T-0.1,0.6600,0.9600,0.6600,4.00,,464.20
2026-08-23T04:00:00+00:00,KXCPI-26OCT-T-0.1,0.6600,0.9600,,0.00,,464.20
2026-08-24T04:00:00+00:00,KXCPI-26OCT-T-0.1,0.9600,1.0000,0.9600,5.00,,465.20
2026-08-25T04:00:00+00:00,KXCPI-26OCT-T-0.1,0.8800,0.9900,,0.00,,465.20
2026-08-26T04:00:00+00:00,KXCPI-26OCT-T-0.1,0.6600,1.0000,,0.00,,465.20
2026-08-27T04:00:00+00:00,KXCPI-26OCT-T-0.1,0.6600,1.0000,,0.00,,465.20
2026-08-28T04:00:00+00:00,KXCPI-26OCT-T-0.1,0.6600,1.0000,,0.00,,465.20
2026-08-30T04:00:00+00:00,KXCPI-26OCT-T-0.1,0.6600,1.0000,,0.00,,465.20
2026-09-01T04:00:00+00:00,KXCPI-26OCT-T-0.1,0.6600,1.0000,,0.00,,465.20
2026-09-02T04:00:00+00:00,KXCPI-26OCT-T-0.1,0.6600,1.0000,,0.00,,465.20
2026-09-03T04:00:00+00:00,KXCPI-26OCT-T-0.1,0.6600,1.0000,,0.00,,465.20
2026-09-04T04:00:00+00:00,KXCPI-26OCT-T-0.1,0.6600,1.0000,,0.00,,465.20
2026-09-05T04:00:00+00:00,KXCPI-26OCT-T-0.1,0.6600,1.0000,,0.00,,465.20
2026-09-11T04:00:00+00:00,KXCPI-26OCT-T-0.1,0.6600,1.0000,,0.00,,465.20
2026-09-12T04:00:00+00:00,KXCPI-26OCT-T-0.1,0.6100,0.9800,0.6600,138.00,,603.20
2026-09-13T04:00:00+00:00,KXCPI-26OCT-T-0.1,0.6100,0.8900,0.6100,152.00,,601.20
2026-09-14T04:00:00+00:00,KXCPI-26OCT-T-0.1,0.6900,0.8600,0.6000,108.00,,581.20
2026-09-15T04:00:00+00:00,KXCPI-26OCT-T-0.1,0.7500,0.8300,0.7500,1.00,,582.20
2026-09-16T04:00:00+00:00,KXCPI-26OCT-T-0.1,0.8000,0.8200,0.8100,8.00,,579.20
2026-09-17T04:00:00+00:00,KXCPI-26OCT-T-0.1,0.9200,0.9300,0.9000,568.52,,773.72
2026-09-18T04:00:00+00:00,KXCPI-26OCT-T-0.1,0.9500,0.9600,0.9500,256.52,,750.72
2026-09-19T04:00:00+00:00,KXCPI-26OCT-T-0.1,0.9400,0.9500,0.9400,328.00,,861.72
2026-08-02T04:00:00+00:00,KXCPI-26OCT-T0.0,0.6000,0.9900,,0.00,,118.00
2026-08-03T04:00:00+00:00,KXCPI-26OCT-T0.0,0.6000,0.9900,,0.00,,118.00
2026-08-04T04:00:00+00:00,KXCPI-26OCT-T0.0,0.6000,0.9900,,0.00,,118.00
2026-08-05T04:00:00+00:00,KXCPI-26OCT-T0.0,0.6000,0.9900,,0.00,,118.00
2026-08-06T04:00:00+00:00,KXCPI-26OCT-T0.0,0.6000,0.9900,,0.00,,118.00
2026-08-07T04:00:00+00:00,KXCPI-26OCT-T0.0,0.6000,0.9900,,0.00,,118.00
2026-08-08T04:00:00+00:00,KXCPI-26OCT-T0.0,0.6000,0.9900,,0.00,,118.00
2026-08-11T04:00:00+00:00,KXCPI-26OCT-T0.0,0.6000,0.9900,,0.00,,118.00
2026-08-12T04:00:00+00:00,KXCPI-26OCT-T0.0,0.6000,0.9900,,0.00,,118.00
2026-08-13T04:00:00+00:00,KXCPI-26OCT-T0.0,0.6000,0.9900,0.6000,7.00,,125.00
2026-08-14T04:00:00+00:00,KXCPI-26OCT-T0.0,0.6000,0.9900,,0.00,,125.00
2026-08-15T04:00:00+00:00,KXCPI-26OCT-T0.0,0.6000,0.9900,,0.00,,125.00
2026-08-16T04:00:00+00:00,KXCPI-26OCT-T0.0,0.6100,0.9800,,0.00,,125.00
2026-08-17T04:00:00+00:00,KXCPI-26OCT-T0.0,0.6100,0.9800,,0.00,,125.00
2026-08-19T04:00:00+00:00,KXCPI-26OCT-T0.0,0.6100,0.9800,,0.00,,125.00
2026-08-20T04:00:00+00:00,KXCPI-26OCT-T0.0,0.6100,0.9800,,0.00,,125.00
2026-08-23T04:00:00+00:00,KXCPI-26OCT-T0.0,0.6100,0.9800,,0.00,,125.00
2026-08-24T04:00:00+00:00,KXCPI-26OCT-T0.0,0.6100,0.9900,0.9800,13.00,,126.00
2026-08-27T04:00:00+00:00,KXCPI-26OCT-T0.0,0.6100,1.0000,,0.00,,126.00
2026-08-28T04:00:00+00:00,KXCPI-26OCT-T0.0,0.6100,1.0000,,0.00,,126.00
2026-08-30T04:00:00+00:00,KXCPI-26OCT-T0.0,0.6100,1.0000,,0.00,,126.00
2026-09-01T04:00:00+00:00,KXCPI-26OCT-T0.0,0.6100,1.0000,,0.00,,126.00
2026-09-02T04:00:00+00:00,KXCPI-26OCT-T0.0,0.6100,1.0000,,0.00,,126.00
2026-09-03T04:00:00+00:00,KXCPI-26OCT-T0.0,0.6100,1.0000,,0.00,,126.00
2026-09-04T04:00:00+00:00,KXCPI-26OCT-T0.0,0.6100,1.0000,,0.00,,126.00
2026-09-05T04:00:00+00:00,KXCPI-26OCT-T0.0,0.6100,1.0000,,0.00,,126.00
2026-09-10T04:00:00+00:00,KXCPI-26OCT-T0.0,0.6100,1.0000,,0.00,,126.00
2026-09-11T04:00:00+00:00,KXCPI-26OCT-T0.0,0.6200,1.0000,,0.00,,126.00
2026-09-12T04:00:00+00:00,KXCPI-26OCT-T0.0,0.6200,0.9400,,0.00,,126.00
2026-09-13T04:00:00+00:00,KXCPI-26OCT-T0.0,0.6300,0.9300,,0.00,,126.00
2026-09-14T04:00:00+00:00,KXCPI-26OCT-T0.0,0.6900,0.8800,,0.00,,126.00
2026-09-15T04:00:00+00:00,KXCPI-26OCT-T0.0,0.7000,0.8200,,0.00,,126.00
2026-09-16T04:00:00+00:00,KXCPI-26OCT-T0.0,0.8000,0.8300,0.8300,2.00,,127.00
2026-09-17T04:00:00+00:00,KXCPI-26OCT-T0.0,0.9000,0.9100,0.9000,762.59,,865.59
2026-09-18T04:00:00+00:00,KXCPI-26OCT-T0.0,0.9300,0.9500,0.9600,397.00,,1000.00
2026-09-19T04:00:00+00:00,KXCPI-26OCT-T0.0,0.9300,0.9500,0.9500,51.00,,1051.00
2026-08-03T04:00:00+00:00,KXCPI-26SEP-T0.5,0.0000,0.4800,0.4700,12.00,,525.89
2026-08-04T04:00:00+00:00,KXCPI-26SEP-T0.5,0.0000,0.4600,,0.00,,525.89
2026-08-05T04:00:00+00:00,KXCPI-26SEP-T0.5,0.0000,0.4600,,0.00,,525.89
2026-08-06T04:00:00+00:00,KXCPI-26SEP-T0.5,0.0000,0.4300,,0.00,,525.89
2026-08-07T04:00:00+00:00,KXCPI-26SEP-T0.5,0.0000,0.4300,,0.00,,525.89
2026-08-08T04:00:00+00:00,KXCPI-26SEP-T0.5,0.0000,0.3900,,0.00,,525.89
2026-08-11T04:00:00+00:00,KXCPI-26SEP-T0.5,0.0000,0.4000,0.3900,11.00,,536.89
2026-08-12T04:00:00+00:00,KXCPI-26SEP-T0.5,0.0000,0.3900,,0.00,,536.89
2026-08-13T04:00:00+00:00,KXCPI-26SEP-T0.5,0.0000,0.3900,,0.00,,536.89
2026-08-14T04:00:00+00:00,KXCPI-26SEP-T0.5,0.0000,0.3900,0.3800,2.00,,538.89
2026-08-15T04:00:00+00:00,KXCPI-26SEP-T0.5,0.0000,0.3900,0.3900,95.00,,633.89
2026-08-16T04:00:00+00:00,KXCPI-26SEP-T0.5,0.0000,0.9800,0.4000,22.00,,655.89
2026-08-18T04:00:00+00:00,KXCPI-26SEP-T0.5,0.0000,0.9800,,0.00,,655.89
2026-08-19T04:00:00+00:00,KXCPI-26SEP-T0.5,0.0000,0.5000,0.9800,240.00,,659.89
2026-08-20T04:00:00+00:00,KXCPI-26SEP-T0.5,0.0000,0.9800,0.5000,17.00,,676.89
2026-08-21T04:00:00+00:00,KXCPI-26SEP-T0.5,0.0000,0.9900,,0.00,,676.89
2026-08-22T04:00:00+00:00,KXCPI-26SEP-T0.5,0.0000,0.4000,,0.00,,676.89
2026-08-23T04:00:00+00:00,KXCPI-26SEP-T0.5,0.0000,0.9800,0.2000,776.00,,676.89
2026-08-24T04:00:00+00:00,KXCPI-26SEP-T0.5,0.0000,0.6000,,0.00,,676.89
2026-08-25T04:00:00+00:00,KXCPI-26SEP-T0.5,0.0000,0.5800,,0.00,,676.89
2026-08-26T04:00:00+00:00,KXCPI-26SEP-T0.5,0.0400,0.3800,0.5800,50.00,,726.89
2026-08-27T04:00:00+00:00,KXCPI-26SEP-T0.5,0.0200,0.3700,0.3700,22.00,,748.89
2026-08-28T04:00:00+00:00,KXCPI-26SEP-T0.5,0.0500,0.3200,,0.00,,748.89
2026-08-29T04:00:00+00:00,KXCPI-26SEP-T0.5,0.0300,0.3200,0.0500,196.00,,839.89
2026-08-30T04:00:00+00:00,KXCPI-26SEP-T0.5,0.0500,0.3400,0.3300,41.00,,845.89
2026-08-31T04:00:00+00:00,KXCPI-26SEP-T0.5,0.0700,0.3200,0.0600,38.00,,852.89
2026-09-01T04:00:00+00:00,KXCPI-26SEP-T0.5,0.0600,0.2800,0.0600,125.00,,882.89
2026-09-02T04:00:00+00:00,KXCPI-26SEP-T0.5,0.0600,0.3100,,0.00,,882.89
2026-09-03T04:00:00+00:00,KXCPI-26SEP-T0.5,0.2500,0.3700,0.2000,22.00,,861.89
2026-09-04T04:00:00+00:00,KXCPI-26SEP-T0.5,0.2400,0.3500,0.3300,101.00,,862.89
2026-09-05T04:00:00+00:00,KXCPI-26SEP-T0.5,0.1400,0.4500,,0.00,,862.89
2026-09-06T04:00:00+00:00,KXCPI-26SEP-T0.5,0.1500,0.6600,0.1900,31.00,,862.89
2026-09-07T04:00:00+00:00,KXCPI-26SEP-T0.5,0.1700,0.7300,0.1700,16.00,,872.18
2026-09-08T04:00:00+00:00,KXCPI-26SEP-T0.5,0.1900,0.3600,0.3800,42.00,,851.18
2026-09-09T04:00:00+00:00,KXCPI-26SEP-T0.5,0.1500,0.3000,,0.00,,851.18
2026-09-10T04:00:00+00:00,KXCPI-26SEP-T0.5,0.1500,0.6900,,0.00,,851.18
2026-09-11T04:00:00+00:00,KXCPI-26SEP-T0.5,0.2000,0.6700,,0.00,,851.18
2026-09-12T04:00:00+00:00,KXCPI-26SEP-T0.5,0.3300,0.5100,0.5400,139.98,,886.18
2026-09-13T04:00:00+00:00,KXCPI-26SEP-T0.5,0.3500,0.3900,0.3900,374.00,,1195.85
2026-09-14T04:00:00+00:00,KXCPI-26SEP-T0.5,0.4000,0.4300,0.4000,459.89,,1383.15
2026-09-15T04:00:00+00:00,KXCPI-26SEP-T0.5,0.4000,0.4200,0.4000,2930.11,,3600.32
2026-09-16T04:00:00+00:00,KXCPI-26SEP-T0.5,0.4600,0.4700,0.4700,3279.86,,5729.49
2026-09-17T04:00:00+00:00,KXCPI-26SEP-T0.5,0.5900,0.6100,0.5900,9166.90,,12893.41
2026-09-18T04:00:00+00:00,KXCPI-26SEP-T0.5,0.6700,0.6900,0.7100,14858.14,,22822.14
2026-09-19T04:00:00+00:00,KXCPI-26SEP-T0.5,0.6700,0.6800,0.6600,1042.91,,23583.10
2026-08-02T04:00:00+00:00,KXCPI-26SEP-T0.4,0.2400,0.6000,0.2100,88.00,,551.00
2026-08-03T04:00:00+00:00,KXCPI-26SEP-T0.4,0.3300,0.6200,0.6400,36.00,,586.00
2026-08-04T04:00:00+00:00,KXCPI-26SEP-T0.4,0.1100,0.5600,,0.00,,586.00
2026-08-05T04:00:00+00:00,KXCPI-26SEP-T0.4,0.1100,0.5600,,0.00,,586.00
2026-08-06T04:00:00+00:00,KXCPI-26SEP-T0.4,0.1100,0.5400,,0.00,,586.00
2026-08-07T04:00:00+00:00,KXCPI-26SEP-T0.4,0.1100,0.5500,,0.00,,586.00
2026-08-08T04:00:00+00:00,KXCPI-26SEP-T0.4,0.1100,0.4500,0.4400,20.00,,606.00
2026-08-09T04:00:00+00:00,KXCPI-26SEP-T0.4,0.1000,0.4500,,0.00,,606.00
2026-08-10T04:00:00+00:00,KXCPI-26SEP-T0.4,0.1000,0.4500,,0.00,,606.00
2026-08-11T04:00:00+00:00,KXCPI-26SEP-T0.4,0.0000,0.4400,0.1000,1.00,,607.00
2026-08-12T04:00:00+00:00,KXCPI-26SEP-T0.4,0.0000,0.4400,,0.00,,607.00
2026-08-13T04:00:00+00:00,KXCPI-26SEP-T0.4,0.0600,0.4400,0.4400,11.00,,618.00
2026-08-14T04:00:00+00:00,KXCPI-26SEP-T0.4,0.0300,0.1700,0.4600,65.00,,658.00
2026-08-15T04:00:00+00:00,KXCPI-26SEP-T0.4,0.0300,0.4200,0.6500,35.00,,693.00
2026-08-16T04:00:00+00:00,KXCPI-26SEP-T0.4,0.0400,0.9600,0.4500,10.00,,698.00
2026-08-17T04:00:00+00:00,KXCPI-26SEP-T0.4,0.0400,0.9600,,0.00,,698.00
2026-08-18T04:00:00+00:00,KXCPI-26SEP-T0.4,0.1000,0.9600,,0.00,,698.00
2026-08-19T04:00:00+00:00,KXCPI-26SEP-T0.4,0.1000,0.5000,,0.00,,698.00
2026-08-20T04:00:00+00:00,KXCPI-26SEP-T0.4,0.1000,0.9600,,0.00,,698.00
2026-08-21T04:00:00+00:00,KXCPI-26SEP-T0.4,0.1000,0.9600,,0.00,,698.00
2026-08-22T04:00:00+00:00,KXCPI-26SEP-T0.4,0.1100,0.4800,,0.00,,698.00
2026-08-23T04:00:00+00:00,KXCPI-26SEP-T0.4,0.2100,0.4200,0.2000,2072.00,,941.00
2026-08-24T04:00:00+00:00,KXCPI-26SEP-T0.4,0.3900,0.5000,0.4500,54.00,,955.00
2026-08-25T04:00:00+00:00,KXCPI-26SEP-T0.4,0.2700,0.3200,0.2800,51.00,,950.00
2026-08-26T04:00:00+00:00,KXCPI-26SEP-T0.4,0.2700,0.4100,0.3200,11.00,,954.00
2026-08-27T04:00:00+00:00,KXCPI-26SEP-T0.4,0.2700,0.3800,0.4200,7.00,,959.00
2026-08-28T04:00:00+00:00,KXCPI-26SEP-T0.4,0.2700,0.2900,0.5200,43.00,,997.00
2026-08-29T04:00:00+00:00,KXCPI-26SEP-T0.4,0.2600,0.2900,0.2600,2.00,,995.00
2026-08-30T04:00:00+00:00,KXCPI-26SEP-T0.4,0.2600,0.3000,0.3000,32.00,,1019.00
2026-08-31T04:00:00+00:00,KXCPI-26SEP-T0.4,0.2900,0.3500,0.3000,2.00,,1019.00
2026-09-01T04:00:00+00:00,KXCPI-26SEP-T0.4,0.2500,0.4600,,0.00,,1019.00
2026-09-02T04:00:00+00:00,KXCPI-26SEP-T0.4,0.2700,0.5500,0.3600,10.00,,1024.00
2026-09-03T04:00:00+00:00,KXCPI-26SEP-T0.4,0.2600,0.5300,0.2400,6.00,,1020.00
2026-09-04T04:00:00+00:00,KXCPI-26SEP-T0.4,0.2600,0.5900,,0.00,,1020.00
2026-09-05T04:00:00+00:00,KXCPI-26SEP-T0.4,0.3500,0.6400,0.3500,52.00,,1048.00
2026-09-06T04:00:00+00:00,KXCPI-26SEP-T0.4,0.3400,0.8000,0.3600,4.00,,1044.00
2026-09-07T04:00:00+00:00,KXCPI-26SEP-T0.4,0.2700,0.7800,0.2800,11.00,,1046.00
2026-09-08T04:00:00+00:00,KXCPI-26SEP-T0.4,0.2900,0.3400,0.5300,83.42,,1120.42
2026-09-09T04:00:00+00:00,KXCPI-26SEP-T0.4,0.3100,0.7100,0.3500,428.00,,1515.42
2026-09-10T04:00:00+00:00,KXCPI-26SEP-T0.4,0.3100,0.8100,0.7000,4.00,,1515.42
2026-09-11T04:00:00+00:00,KXCPI-26SEP-T0.4,0.3000,0.7600,,0.00,,1515.42
2026-09-12T04:00:00+00:00,KXCPI-26SEP-T0.4,0.4900,0.5600,0.5600,823.23,,2058.83
2026-09-13T04:00:00+00:00,KXCPI-26SEP-T0.4,0.5800,0.6100,0.6200,1213.36,,3109.28
2026-09-14T04:00:00+00:00,KXCPI-26SEP-T0.4,0.6500,0.6900,0.6900,414.79,,3261.04
2026-09-15T04:00:00+00:00,KXCPI-26SEP-T0.4,0.6600,0.6700,0.6700,1784.08,,4147.06
2026-09-16T04:00:00+00:00,KXCPI-26SEP-T0.4,0.7400,0.7900,0.7400,4458.04,,7820.58
2026-09-17T04:00:00+00:00,KXCPI-26SEP-T0.4,0.8300,0.8900,0.8300,2483.24,,8506.75
2026-09-18T04:00:00+00:00,KXCPI-26SEP-T0.4,0.9200,0.9400,0.9200,12932.29,,17097.03
2026-09-19T04:00:00+00:00,KXCPI-26SEP-T0.4,0.9000,0.9100,0.9000,1202.29,,17929.59
2026-08-02T04:00:00+00:00,KXCPI-26SEP-T0.3,0.2700,0.6300,,0.00,,453.01
2026-08-03T04:00:00+00:00,KXCPI-26SEP-T0.3,0.2900,0.6300,,0.00,,453.01
2026-08-04T04:00:00+00:00,KXCPI-26SEP-T0.3,0.1500,0.7000,0.6600,6.00,,453.01
2026-08-05T04:00:00+00:00,KXCPI-26SEP-T0.3,0.1300,0.6900,0.1200,12.00,,453.01
2026-08-06T04:00:00+00:00,KXCPI-26SEP-T0.3,0.1400,0.6900,0.7100,5.00,,448.01
2026-08-07T04:00:00+00:00,KXCPI-26SEP-T0.3,0.3000,0.6800,,0.00,,448.01
2026-08-08T04:00:00+00:00,KXCPI-26SEP-T0.3,0.1200,0.5300,0.2400,45.00,,457.01
2026-08-09T04:00:00+00:00,KXCPI-26SEP-T0.3,0.1200,0.5400,,0.00,,457.01
2026-08-10T04:00:00+00:00,KXCPI-26SEP-T0.3,0.1200,0.5400,,0.00,,457.01
2026-08-11T04:00:00+00:00,KXCPI-26SEP-T0.3,0.0300,0.2000,0.1800,17.00,,458.01
2026-08-12T04:00:00+00:00,KXCPI-26SEP-T0.3,0.0300,0.5300,,0.00,,458.01
2026-08-13T04:00:00+00:00,KXCPI-26SEP-T0.3,0.0700,0.5400,0.0700,133.00,,459.01
2026-08-14T04:00:00+00:00,KXCPI-26SEP-T0.3,0.0400,0.2100,0.4200,116.00,,487.01
2026-08-15T04:00:00+00:00,KXCPI-26SEP-T0.3,0.0400,0.5400,0.2000,35.00,,522.01
2026-08-16T04:00:00+00:00,KXCPI-26SEP-T0.3,0.0400,0.9600,0.2400,69.00,,579.01
2026-08-17T04:00:00+00:00,KXCPI-26SEP-T0.3,0.0400,0.9600,,0.00,,579.01
2026-08-18T04:00:00+00:00,KXCPI-26SEP-T0.3,0.0700,0.9600,,0.00,,579.01
2026-08-19T04:00:00+00:00,KXCPI-26SEP-T0.3,0.1100,0.5500,,0.00,,579.01
2026-08-20T04:00:00+00:00,KXCPI-26SEP-T0.3,0.1600,0.9300,,0.00,,579.01
2026-08-21T04:00:00+00:00,KXCPI-26SEP-T0.3,0.1600,0.9600,,0.00,,579.01
2026-08-22T04:00:00+00:00,KXCPI-26SEP-T0.3,0.2100,0.5600,0.2000,22.36,,575.01
2026-08-23T04:00:00+00:00,KXCPI-26SEP-T0.3,0.1900,0.8900,0.1900,61.00,,535.01
2026-08-24T04:00:00+00:00,KXCPI-26SEP-T0.3,0.1900,0.6000,0.6000,21.00,,538.01
2026-08-25T04:00:00+00:00,KXCPI-26SEP-T0.3,0.2400,0.5700,0.6000,21.00,,553.01
2026-08-26T04:00:00+00:00,KXCPI-26SEP-T0.3,0.2500,0.4600,0.5800,15.00,,568.01
2026-08-27T04:00:00+00:00,KXCPI-26SEP-T0.3,0.1700,0.4800,0.6300,217.00,,588.01
2026-08-28T04:00:00+00:00,KXCPI-26SEP-T0.3,0.1700,0.3900,0.1600,65.29,,635.30
2026-08-29T04:00:00+00:00,KXCPI-26SEP-T0.3,0.1700,0.2900,0.2900,9.15,,639.45
2026-08-30T04:00:00+00:00,KXCPI-26SEP-T0.3,0.2900,0.4400,0.4700,39.00,,678.45
2026-08-31T04:00:00+00:00,KXCPI-26SEP-T0.3,0.4200,0.4700,0.4300,1.00,,677.45
2026-09-01T04:00:00+00:00,KXCPI-26SEP-T0.3,0.2000,0.5500,,0.00,,677.45
2026-09-02T04:00:00+00:00,KXCPI-26SEP-T0.3,0.8100,0.8600,0.8900,26.00,,699.45
2026-09-03T04:00:00+00:00,KXCPI-26SEP-T0.3,0.3600,0.8700,0.3100,12.00,,687.45
2026-09-04T04:00:00+00:00,KXCPI-26SEP-T0.3,0.4900,0.8600,,0.00,,687.45
2026-09-05T04:00:00+00:00,KXCPI-26SEP-T0.3,0.3500,0.9000,0.3500,6.00,,681.45
2026-09-06T04:00:00+00:00,KXCPI-26SEP-T0.3,0.3500,0.9000,0.3400,1.00,,680.45
2026-09-07T04:00:00+00:00,KXCPI-26SEP-T0.3,0.3500,0.8800,,0.00,,680.45
2026-09-08T04:00:00+00:00,KXCPI-26SEP-T0.3,0.3500,0.9000,0.6600,1.00,,681.45
2026-09-09T04:00:00+00:00,KXCPI-26SEP-T0.3,0.5100,0.9500,,0.00,,681.45
2026-09-10T04:00:00+00:00,KXCPI-26SEP-T0.3,0.3600,0.9600,0.5300,36.00,,713.45
2026-09-11T04:00:00+00:00,KXCPI-26SEP-T0.3,0.5300,0.9000,,0.00,,713.45
2026-09-12T04:00:00+00:00,KXCPI-26SEP-T0.3,0.6600,0.7400,0.6200,518.91,,1165.42
2026-09-13T04:00:00+00:00,KXCPI-26SEP-T0.3,0.8400,0.8900,0.8500,309.82,,1172.42
2026-09-14T04:00:00+00:00,KXCPI-26SEP-T0.3,0.8900,0.9400,0.9400,360.44,,1502.25
2026-09-15T04:00:00+00:00,KXCPI-26SEP-T0.3,0.9100,0.9400,0.9100,793.37,,1981.91
2026-09-16T04:00:00+00:00,KXCPI-26SEP-T0.3,0.9400,0.9700,0.9500,305.00,,2011.26
2026-09-17T04:00:00+00:00,KXCPI-26SEP-T0.3,0.9700,0.9900,0.9800,1060.57,,2748.83
2026-09-18T04:00:00+00:00,KXCPI-26SEP-T0.3,0.9800,0.9900,0.9800,332.56,,2469.48
2026-09-19T04:00:00+00:00,KXCPI-26SEP-T0.3,0.9800,0.9900,0.9800,844.46,,1642.14
2026-08-02T04:00:00+00:00,KXCPI-26SEP-T0.2,0.3400,0.8300,0.4700,78.00,,483.77
2026-08-03T04:00:00+00:00,KXCPI-26SEP-T0.2,0.4200,0.7200,0.5800,10.00,,485.77
2026-08-04T04:00:00+00:00,KXCPI-26SEP-T0.2,0.5500,0.9400,,0.00,,485.77
2026-08-05T04:00:00+00:00,KXCPI-26SEP-T0.2,0.5500,0.9700,0.9500,24.00,,461.77
2026-08-06T04:00:00+00:00,KXCPI-26SEP-T0.2,0.5600,0.7900,0.5500,3.00,,461.77
2026-08-07T04:00:00+00:00,KXCPI-26SEP-T0.2,0.3800,0.7000,0.7700,17.00,,460.77
2026-08-08T04:00:00+00:00,KXCPI-26SEP-T0.2,0.5400,0.7300,0.3300,41.00,,464.77
2026-08-09T04:00:00+00:00,KXCPI-26SEP-T0.2,0.1200,0.7200,,0.00,,464.77
2026-08-10T04:00:00+00:00,KXCPI-26SEP-T0.2,0.1200,0.7200,,0.00,,464.77
2026-08-11T04:00:00+00:00,KXCPI-26SEP-T0.2,0.1200,0.7300,0.1200,15.00,,469.77
2026-08-12T04:00:00+00:00,KXCPI-26SEP-T0.2,0.1200,0.7300,0.1200,4.00,,469.77
2026-08-13T04:00:00+00:00,KXCPI-26SEP-T0.2,0.1400,0.7300,,0.00,,469.77
2026-08-14T04:00:00+00:00,KXCPI-26SEP-T0.2,0.1100,0.6900,0.3700,29.00,,464.77
2026-08-15T04:00:00+00:00,KXCPI-26SEP-T0.2,0.0900,0.4000,0.1000,50.00,,464.77
2026-08-16T04:00:00+00:00,KXCPI-26SEP-T0.2,0.1100,0.9300,0.6900,58.00,,470.77
2026-08-17T04:00:00+00:00,KXCPI-26SEP-T0.2,0.1400,0.9300,0.1000,5.00,,470.77
2026-08-18T04:00:00+00:00,KXCPI-26SEP-T0.2,0.1300,0.9300,0.1400,5.00,,475.77
2026-08-19T04:00:00+00:00,KXCPI-26SEP-T0.2,0.4000,0.7100,,0.00,,475.77
2026-08-20T04:00:00+00:00,KXCPI-26SEP-T0.2,0.4100,0.9200,,0.00,,475.77
2026-08-21T04:00:00+00:00,KXCPI-26SEP-T0.2,0.3600,0.9100,0.9100,33.00,,475.77
2026-08-22T04:00:00+00:00,KXCPI-26SEP-T0.2,0.2100,0.7600,0.7700,25.00,,471.77
2026-08-23T04:00:00+00:00,KXCPI-26SEP-T0.2,0.1600,0.8900,0.1600,5.00,,476.77
2026-08-24T04:00:00+00:00,KXCPI-26SEP-T0.2,0.4300,0.6900,,0.00,,476.77
2026-08-25T04:00:00+00:00,KXCPI-26SEP-T0.2,0.4400,0.6900,0.7700,17.00,,476.78
2026-08-26T04:00:00+00:00,KXCPI-26SEP-T0.2,0.4400,0.6200,0.6700,2.00,,476.78
2026-08-27T04:00:00+00:00,KXCPI-26SEP-T0.2,0.4200,0.5600,0.5700,120.38,,578.16
2026-08-28T04:00:00+00:00,KXCPI-26SEP-T0.2,0.4700,0.6000,0.6600,445.00,,918.47
2026-08-29T04:00:00+00:00,KXCPI-26SEP-T0.2,0.4900,0.5800,0.5800,44.00,,962.47
2026-08-30T04:00:00+00:00,KXCPI-26SEP-T0.2,0.5900,0.7200,0.5900,90.00,,1044.47
2026-08-31T04:00:00+00:00,KXCPI-26SEP-T0.2,0.5900,0.7000,0.5900,29.00,,1045.47
2026-09-01T04:00:00+00:00,KXCPI-26SEP-T0.2,0.5500,0.6600,0.5500,36.38,,1027.09
2026-09-02T04:00:00+00:00,KXCPI-26SEP-T0.2,0.7800,0.8500,0.7400,47.63,,1067.72
2026-09-03T04:00:00+00:00,KXCPI-26SEP-T0.2,0.6200,0.8400,,0.00,,1067.72
2026-09-04T04:00:00+00:00,KXCPI-26SEP-T0.2,0.7000,0.8400,0.7400,1.00,,1067.72
2026-09-05T04:00:00+00:00,KXCPI-26SEP-T0.2,0.5500,0.8700,0.5500,18.00,,1054.72
2026-09-06T04:00:00+00:00,KXCPI-26SEP-T0.2,0.5300,0.8800,,0.00,,1054.72
2026-09-07T04:00:00+00:00,KXCPI-26SEP-T0.2,0.5000,0.8700,0.5200,18.00,,1036.72
2026-09-08T04:00:00+00:00,KXCPI-26SEP-T0.2,0.4900,0.8100,0.7600,8.00,,1044.72
2026-09-09T04:00:00+00:00,KXCPI-26SEP-T0.2,0.7300,1.0000,0.8600,365.00,,1409.72
2026-09-10T04:00:00+00:00,KXCPI-26SEP-T0.2,0.5500,1.0000,0.9700,2.00,,1409.72
2026-09-11T04:00:00+00:00,KXCPI-26SEP-T0.2,0.7100,0.9900,,0.00,,1409.72
2026-09-12T04:00:00+00:00,KXCPI-26SEP-T0.2,0.8400,0.9800,0.8100,130.00,,1433.72
2026-09-13T04:00:00+00:00,KXCPI-26SEP-T0.2,0.8500,0.9900,,0.00,,1433.72
2026-09-14T04:00:00+00:00,KXCPI-26SEP-T0.2,0.8400,0.9900,,0.00,,1433.72
2026-09-15T04:00:00+00:00,KXCPI-26SEP-T0.2,0.9500,0.9600,0.9600,196.04,,1359.76
2026-09-16T04:00:00+00:00,KXCPI-26SEP-T0.2,0.9800,0.9900,0.9800,3771.00,,4792.76
2026-09-17T04:00:00+00:00,KXCPI-26SEP-T0.2,0.9800,0.9900,0.9900,682.09,,5255.81
2026-09-18T04:00:00+00:00,KXCPI-26SEP-T0.2,0.9800,0.9900,0.9900,100.00,,5355.81
2026-09-19T04:00:00+00:00,KXCPI-26SEP-T0.2,0.9800,0.9900,,0.00,,5355.81
2026-08-02T04:00:00+00:00,KXCPI-26SEP-T0.1,0.5300,0.9800,,0.00,,184.99
2026-08-03T04:00:00+00:00,KXCPI-26SEP-T0.1,0.5300,0.9800,,0.00,,184.99
2026-08-04T04:00:00+00:00,KXCPI-26SEP-T0.1,0.5300,0.9900,,0.00,,184.99
2026-08-05T04:00:00+00:00,KXCPI-26SEP-T0.1,0.5300,0.9900,,0.00,,184.99
2026-08-06T04:00:00+00:00,KXCPI-26SEP-T0.1,0.5300,0.9300,0.5300,9.00,,184.99
2026-08-07T04:00:00+00:00,KXCPI-26SEP-T0.1,0.6000,0.8000,0.9200,42.00,,196.99
2026-08-08T04:00:00+00:00,KXCPI-26SEP-T0.1,0.3600,0.9100,,0.00,,196.99
2026-08-09T04:00:00+00:00,KXCPI-26SEP-T0.1,0.3500,0.9200,,0.00,,196.99
2026-08-11T04:00:00+00:00,KXCPI-26SEP-T0.1,0.3600,0.9100,0.9200,6.00,,202.99
2026-08-12T04:00:00+00:00,KXCPI-26SEP-T0.1,0.3500,0.9100,,0.00,,202.99
2026-08-13T04:00:00+00:00,KXCPI-26SEP-T0.1,0.3500,0.8400,,0.00,,202.99
2026-08-14T04:00:00+00:00,KXCPI-26SEP-T0.1,0.3400,0.9400,0.3400,15.00,,207.99
2026-08-15T04:00:00+00:00,KXCPI-26SEP-T0.1,0.4000,0.8500,0.9100,256.00,,248.01
2026-08-16T04:00:00+00:00,KXCPI-26SEP-T0.1,0.4000,0.9500,0.9400,127.00,,248.01
2026-08-17T04:00:00+00:00,KXCPI-26SEP-T0.1,0.3900,0.9700,0.4000,25.00,,238.01
2026-08-18T04:00:00+00:00,KXCPI-26SEP-T0.1,0.3900,0.9700,0.9700,1.00,,237.01
2026-08-19T04:00:00+00:00,KXCPI-26SEP-T0.1,0.6100,0.9700,,0.00,,237.01
2026-08-20T04:00:00+00:00,KXCPI-26SEP-T0.1,0.6100,0.9700,,0.00,,237.01
2026-08-21T04:00:00+00:00,KXCPI-26SEP-T0.1,0.6100,0.9700,,0.00,,237.01
2026-08-22T04:00:00+00:00,KXCPI-26SEP-T0.1,0.6100,0.9700,,0.00,,237.01
2026-08-23T04:00:00+00:00,KXCPI-26SEP-T0.1,0.6100,0.9700,,0.00,,237.01
2026-08-24T04:00:00+00:00,KXCPI-26SEP-T0.1,0.6200,0.9800,,0.00,,237.01
2026-08-25T04:00:00+00:00,KXCPI-26SEP-T0.1,0.6900,0.7900,0.7600,52.00,,284.01
2026-08-26T04:00:00+00:00,KXCPI-26SEP-T0.1,0.4700,0.7900,,0.00,,284.01
2026-08-27T04:00:00+00:00,KXCPI-26SEP-T0.1,0.4800,0.8600,0.4800,19.00,,265.01
2026-08-28T04:00:00+00:00,KXCPI-26SEP-T0.1,0.5000,1.0000,,0.00,,265.01
2026-08-29T04:00:00+00:00,KXCPI-26SEP-T0.1,0.7300,0.9300,0.9300,168.00,,218.01
2026-08-30T04:00:00+00:00,KXCPI-26SEP-T0.1,0.4200,0.7900,0.4300,497.00,,265.99
2026-08-31T04:00:00+00:00,KXCPI-26SEP-T0.1,0.5100,0.7300,0.6500,60.00,,258.99
2026-09-01T04:00:00+00:00,KXCPI-26SEP-T0.1,0.4800,0.7800,0.9500,50.00,,210.99
2026-09-02T04:00:00+00:00,KXCPI-26SEP-T0.1,0.6500,0.8000,,0.00,,210.99
2026-09-03T04:00:00+00:00,KXCPI-26SEP-T0.1,0.6900,0.8200,0.6900,8.00,,207.99
2026-09-04T04:00:00+00:00,KXCPI-26SEP-T0.1,0.6900,1.0000,,0.00,,207.99
2026-09-05T04:00:00+00:00,KXCPI-26SEP-T0.1,0.6900,1.0000,,0.00,,207.99
2026-09-08T04:00:00+00:00,KXCPI-26SEP-T0.1,0.7700,0.7800,0.8900,12.17,,207.99
2026-09-09T04:00:00+00:00,KXCPI-26SEP-T0.1,0.8400,1.0000,0.9600,538.00,,742.18
2026-09-10T04:00:00+00:00,KXCPI-26SEP-T0.1,0.6900,1.0000,,0.00,,742.18
2026-09-11T04:00:00+00:00,KXCPI-26SEP-T0.1,0.7000,1.0000,,0.00,,742.18
2026-09-12T04:00:00+00:00,KXCPI-26SEP-T0.1,0.8100,0.9900,0.6900,5.00,,747.18
2026-09-13T04:00:00+00:00,KXCPI-26SEP-T0.1,0.8100,0.9900,0.8200,21.00,,768.18
2026-09-14T04:00:00+00:00,KXCPI-26SEP-T0.1,0.8300,0.9900,0.9700,313.30,,1060.48
2026-09-15T04:00:00+00:00,KXCPI-26SEP-T0.1,0.9700,0.9800,0.9700,11.17,,1060.48
2026-09-16T04:00:00+00:00,KXCPI-26SEP-T0.1,0.9800,0.9900,0.9800,1998.00,,3058.48
2026-09-17T04:00:00+00:00,KXCPI-26SEP-T0.1,0.9800,0.9900,0.9900,5.04,,3063.52
2026-09-18T04:00:00+00:00,KXCPI-26SEP-T0.1,0.9800,0.9900,0.9800,1.50,,3063.52
2026-09-19T04:00:00+00:00,KXCPI-26SEP-T0.1,0.9800,0.9900,0.9900,0.99,,3064.51
2026-08-02T04:00:00+00:00,KXCPI-26SEP-T-0.1,0.6500,0.9800,,0.00,,497.00
2026-08-03T04:00:00+00:00,KXCPI-26SEP-T-0.1,0.6500,0.9800,,0.00,,497.00
2026-08-04T04:00:00+00:00,KXCPI-26SEP-T-0.1,0.6500,0.9900,,0.00,,497.00
2026-08-05T04:00:00+00:00,KXCPI-26SEP-T-0.1,0.6500,0.9900,,0.00,,497.00
2026-08-06T04:00:00+00:00,KXCPI-26SEP-T-0.1,0.6900,0.9900,,0.00,,497.00
2026-08-07T04:00:00+00:00,KXCPI-26SEP-T-0.1,0.6900,0.9900,,0.00,,497.00
2026-08-08T04:00:00+00:00,KXCPI-26SEP-T-0.1,0.6700,0.9800,,0.00,,497.00
2026-08-09T04:00:00+00:00,KXCPI-26SEP-T-0.1,0.6600,0.9900,,0.00,,497.00
2026-08-11T04:00:00+00:00,KXCPI-26SEP-T-0.1,0.6600,1.0000,0.9900,5.00,,502.00
2026-08-12T04:00:00+00:00,KXCPI-26SEP-T-0.1,0.6500,1.0000,,0.00,,502.00
2026-08-13T04:00:00+00:00,KXCPI-26SEP-T-0.1,0.7500,0.9900,0.9200,32.00,,533.00
2026-08-14T04:00:00+00:00,KXCPI-26SEP-T-0.1,0.7600,0.9800,,0.00,,533.00
2026-08-15T04:00:00+00:00,KXCPI-26SEP-T-0.1,0.7600,0.9800,,0.00,,533.00
2026-08-16T04:00:00+00:00,KXCPI-26SEP-T-0.1,0.7600,0.9800,,0.00,,533.00
2026-08-17T04:00:00+00:00,KXCPI-26SEP-T-0.1,0.7600,0.9800,0.7600,4.00,,537.00
2026-08-18T04:00:00+00:00,KXCPI-26SEP-T-0.1,0.7500,0.9800,0.7500,3.00,,537.00
2026-08-19T04:00:00+00:00,KXCPI-26SEP-T-0.1,0.7500,0.9800,,0.00,,537.00
2026-08-20T04:00:00+00:00,KXCPI-26SEP-T-0.1,0.7500,0.9800,,0.00,,537.00
2026-08-21T04:00:00+00:00,KXCPI-26SEP-T-0.1,0.7500,0.9800,,0.00,,537.00
2026-08-22T04:00:00+00:00,KXCPI-26SEP-T-0.1,0.7500,0.9800,,0.00,,537.00
2026-08-23T04:00:00+00:00,KXCPI-26SEP-T-0.1,0.7500,0.9800,,0.00,,537.00
2026-08-24T04:00:00+00:00,KXCPI-26SEP-T-0.1,0.7500,1.0000,0.7500,4.00,,541.00
2026-08-25T04:00:00+00:00,KXCPI-26SEP-T-0.1,0.6500,0.8600,0.6500,104.00,,593.80
2026-08-26T04:00:00+00:00,KXCPI-26SEP-T-0.1,0.6700,0.8700,0.8700,22.13,,605.93
2026-08-27T04:00:00+00:00,KXCPI-26SEP-T-0.1,0.6600,0.8600,0.6700,17.00,,617.93
2026-08-28T04:00:00+00:00,KXCPI-26SEP-T-0.1,0.6800,1.0000,0.8900,25.00,,613.93
2026-08-29T04:00:00+00:00,KXCPI-26SEP-T-0.1,0.6800,1.0000,,0.00,,613.93
2026-08-30T04:00:00+00:00,KXCPI-26SEP-T-0.1,0.6800,1.0000,,0.00,,613.93
2026-09-01T04:00:00+00:00,KXCPI-26SEP-T-0.1,0.8200,0.9300,0.9400,30.00,,615.93
2026-09-02T04:00:00+00:00,KXCPI-26SEP-T-0.1,0.7800,0.9300,0.9300,16.00,,615.93
2026-09-03T04:00:00+00:00,KXCPI-26SEP-T-0.1,0.7700,0.9400,,0.00,,615.93
2026-09-04T04:00:00+00:00,KXCPI-26SEP-T-0.1,0.6800,1.0000,,0.00,,615.93
2026-09-05T04:00:00+00:00,KXCPI-26SEP-T-0.1,0.6100,0.9500,0.6200,21.00,,634.93
2026-09-06T04:00:00+00:00,KXCPI-26SEP-T-0.1,0.6200,0.9300,,0.00,,634.93
2026-09-07T04:00:00+00:00,KXCPI-26SEP-T-0.1,0.5900,0.9200,,0.00,,634.93
2026-09-08T04:00:00+00:00,KXCPI-26SEP-T-0.1,0.5700,0.9100,,0.00,,634.93
2026-09-09T04:00:00+00:00,KXCPI-26SEP-T-0.1,0.6400,1.0000,0.9200,389.00,,808.93
2026-09-10T04:00:00+00:00,KXCPI-26SEP-T-0.1,0.6300,1.0000,,0.00,,808.93
2026-09-11T04:00:00+00:00,KXCPI-26SEP-T-0.1,0.7100,1.0000,,0.00,,808.93
2026-09-12T04:00:00+00:00,KXCPI-26SEP-T-0.1,0.8600,0.9900,,0.00,,808.93
2026-09-13T04:00:00+00:00,KXCPI-26SEP-T-0.1,0.8600,0.9900,,0.00,,808.93
2026-09-14T04:00:00+00:00,KXCPI-26SEP-T-0.1,0.8600,0.9900,,0.00,,808.93
2026-09-15T04:00:00+00:00,KXCPI-26SEP-T-0.1,0.9800,0.9900,0.9900,18.00,,826.93
2026-09-16T04:00:00+00:00,KXCPI-26SEP-T-0.1,0.9800,0.9900,,0.00,,826.93
2026-09-17T04:00:00+00:00,KXCPI-26SEP-T-0.1,0.9800,0.9900,0.9900,5.04,,831.97
2026-09-18T04:00:00+00:00,KXCPI-26SEP-T-0.1,0.9900,1.0000,0.9900,2000.00,,2831.97
2026-09-19T04:00:00+00:00,KXCPI-26SEP-T-0.1,0.9900,1.0000,0.9900,200.00,,2831.97
2026-08-02T04:00:00+00:00,KXCPI-26SEP-T0.0,0.6300,0.9800,,0.00,,270.00
2026-08-03T04:00:00+00:00,KXCPI-26SEP-T0.0,0.6400,0.9800,,0.00,,270.00
2026-08-04T04:00:00+00:00,KXCPI-26SEP-T0.0,0.6200,0.9900,,0.00,,270.00
2026-08-05T04:00:00+00:00,KXCPI-26SEP-T0.0,0.6200,0.9900,,0.00,,270.00
2026-08-06T04:00:00+00:00,KXCPI-26SEP-T0.0,0.6400,0.9900,,0.00,,270.00
2026-08-07T04:00:00+00:00,KXCPI-26SEP-T0.0,0.6400,0.9900,,0.00,,270.00
2026-08-08T04:00:00+00:00,KXCPI-26SEP-T0.0,0.5800,0.9800,,0.00,,270.00
2026-08-09T04:00:00+00:00,KXCPI-26SEP-T0.0,0.5700,0.9900,,0.00,,270.00
2026-08-11T04:00:00+00:00,KXCPI-26SEP-T0.0,0.7500,1.0000,0.9900,1.00,,271.00
2026-08-13T04:00:00+00:00,KXCPI-26SEP-T0.0,0.7000,1.0000,0.7000,15.00,,286.00
2026-08-15T04:00:00+00:00,KXCPI-26SEP-T0.0,0.5600,0.8900,0.8800,101.00,,290.00
2026-08-16T04:00:00+00:00,KXCPI-26SEP-T0.0,0.5300,0.8600,0.8700,187.00,,343.00
2026-08-17T04:00:00+00:00,KXCPI-26SEP-T0.0,0.5200,0.9700,0.5200,9.00,,352.00
2026-08-18T04:00:00+00:00,KXCPI-26SEP-T0.0,0.5400,0.9700,0.5400,1.00,,352.00
2026-08-19T04:00:00+00:00,KXCPI-26SEP-T0.0,0.5400,0.9600,0.9800,8.49,,355.49
2026-08-20T04:00:00+00:00,KXCPI-26SEP-T0.0,0.5700,0.9800,,0.00,,355.49
2026-08-21T04:00:00+00:00,KXCPI-26SEP-T0.0,0.5600,1.0000,0.5700,25.00,,380.49
2026-08-22T04:00:00+00:00,KXCPI-26SEP-T0.0,0.5700,1.0000,0.5700,52.00,,432.49
2026-08-23T04:00:00+00:00,KXCPI-26SEP-T0.0,0.5500,1.0000,0.5500,23.00,,455.49
2026-08-24T04:00:00+00:00,KXCPI-26SEP-T0.0,0.4900,1.0000,0.5000,70.00,,525.49
2026-08-25T04:00:00+00:00,KXCPI-26SEP-T0.0,0.7300,0.7600,0.7600,71.00,,546.49
2026-08-26T04:00:00+00:00,KXCPI-26SEP-T0.0,0.6300,0.8400,0.8600,42.00,,535.49
2026-08-27T04:00:00+00:00,KXCPI-26SEP-T0.0,0.6300,0.8600,,0.00,,535.49
2026-08-28T04:00:00+00:00,KXCPI-26SEP-T0.0,0.6100,1.0000,,0.00,,535.49
2026-09-01T04:00:00+00:00,KXCPI-26SEP-T0.0,0.6600,0.9000,0.6600,2.00,,537.49
2026-09-02T04:00:00+00:00,KXCPI-26SEP-T0.0,0.7200,0.8700,0.7000,7.00,,541.49
2026-09-03T04:00:00+00:00,KXCPI-26SEP-T0.0,0.7200,0.9000,0.7100,2.00,,543.49
2026-09-04T04:00:00+00:00,KXCPI-26SEP-T0.0,0.7200,0.9400,0.7100,3.00,,546.49
2026-09-05T04:00:00+00:00,KXCPI-26SEP-T0.0,0.7200,0.9300,0.7200,9.00,,544.49
2026-09-06T04:00:00+00:00,KXCPI-26SEP-T0.0,0.7100,0.9400,,0.00,,544.49
2026-09-07T04:00:00+00:00,KXCPI-26SEP-T0.0,0.7100,0.9400,,0.00,,544.49
2026-09-08T04:00:00+00:00,KXCPI-26SEP-T0.0,0.7200,0.9300,0.8200,47.00,,574.49
2026-09-09T04:00:00+00:00,KXCPI-26SEP-T0.0,0.9300,0.9600,0.9100,1775.00,,1869.80
2026-09-10T04:00:00+00:00,KXCPI-26SEP-T0.0,0.7100,1.0000,0.9600,16.51,,1884.31
2026-09-11T04:00:00+00:00,KXCPI-26SEP-T0.0,0.7100,1.0000,,0.00,,1884.31
2026-09-12T04:00:00+00:00,KXCPI-26SEP-T0.0,0.8900,0.9900,,0.00,,1884.31
2026-09-13T04:00:00+00:00,KXCPI-26SEP-T0.0,0.8700,0.9900,,0.00,,1884.31
2026-09-14T04:00:00+00:00,KXCPI-26SEP-T0.0,0.9100,0.9900,,0.00,,1884.31
2026-09-15T04:00:00+00:00,KXCPI-26SEP-T0.0,0.9800,0.9900,0.9800,6.00,,1890.31
2026-09-16T04:00:00+00:00,KXCPI-26SEP-T0.0,0.9800,0.9900,,0.00,,1890.31
2026-09-17T04:00:00+00:00,KXCPI-26SEP-T0.0,0.9800,0.9900,0.9900,5.04,,1895.35
2026-09-18T04:00:00+00:00,KXCPI-26SEP-T0.0,0.9800,0.9900,0.9900,6.50,,1891.32
2026-09-19T04:00:00+00:00,KXCPI-26SEP-T0.0,0.9800,0.9900,,0.00,,1891.32
2026-08-02T04:00:00+00:00,KXCPI-26AUG-T0.5,0.0000,0.4300,0.4300,1.00,,692.57
2026-08-04T04:00:00+00:00,KXCPI-26AUG-T0.5,0.0000,0.4300,0.4300,10.00,,702.57
2026-08-05T04:00:00+00:00,KXCPI-26AUG-T0.5,0.0000,0.3000,,0.00,,702.57
2026-08-06T04:00:00+00:00,KXCPI-26AUG-T0.5,0.0000,0.3000,,0.00,,702.57
2026-08-07T04:00:00+00:00,KXCPI-26AUG-T0.5,0.0000,0.2900,,0.00,,702.57
2026-08-08T04:00:00+00:00,KXCPI-26AUG-T0.5,0.0000,0.4700,,0.00,,702.57
2026-08-11T04:00:00+00:00,KXCPI-26AUG-T0.5,0.0000,0.4700,0.4700,1.00,,702.57
2026-08-12T04:00:00+00:00,KXCPI-26AUG-T0.5,0.0000,0.4300,,0.00,,702.57
2026-08-13T04:00:00+00:00,KXCPI-26AUG-T0.5,0.0000,0.2200,0.2300,3.84,,706.41
2026-08-14T04:00:00+00:00,KXCPI-26AUG-T0.5,0.0900,0.3200,0.1100,915.16,,1606.57
2026-08-15T04:00:00+00:00,KXCPI-26AUG-T0.5,0.0600,0.2200,0.0700,138.00,,1575.57
2026-08-16T04:00:00+00:00,KXCPI-26AUG-T0.5,0.0500,0.2200,0.1400,103.98,,1575.57
2026-08-17T04:00:00+00:00,KXCPI-26AUG-T0.5,0.1300,0.2200,0.4600,41.00,,1571.57
2026-08-18T04:00:00+00:00,KXCPI-26AUG-T0.5,0.0500,0.1800,0.0700,20.70,,1574.57
2026-08-19T04:00:00+00:00,KXCPI-26AUG-T0.5,0.0900,0.2400,0.4600,227.00,,1668.57
2026-08-20T04:00:00+00:00,KXCPI-26AUG-T0.5,0.1000,0.1100,0.1100,500.98,,1767.57
2026-08-21T04:00:00+00:00,KXCPI-26AUG-T0.5,0.0500,0.0600,0.0900,2637.00,,4190.25
2026-08-22T04:00:00+00:00,KXCPI-26AUG-T0.5,0.0400,0.0500,0.0700,11.11,,4201.36
2026-08-23T04:00:00+00:00,KXCPI-26AUG-T0.5,0.0400,0.0600,0.0400,44.00,,4204.36
2026-08-24T04:00:00+00:00,KXCPI-26AUG-T0.5,0.0400,0.0600,,0.00,,4204.36
2026-08-25T04:00:00+00:00,KXCPI-26AUG-T0.5,0.0000,0.0800,0.0400,525.00,,4729.36
2026-08-26T04:00:00+00:00,KXCPI-26AUG-T0.5,0.0000,0.1300,,0.00,,4729.36
2026-08-27T04:00:00+00:00,KXCPI-26AUG-T0.5,0.0000,0.0600,0.0100,22.00,,4729.36
2026-08-28T04:00:00+00:00,KXCPI-26AUG-T0.5,0.0700,0.0900,0.0800,6125.96,,6811.32
2026-08-29T04:00:00+00:00,KXCPI-26AUG-T0.5,0.0000,0.0400,0.0100,721.00,,7526.32
2026-08-30T04:00:00+00:00,KXCPI-26AUG-T0.5,0.0000,0.0400,,0.00,,7526.32
2026-08-31T04:00:00+00:00,KXCPI-26AUG-T0.5,0.0000,0.0400,,0.00,,7526.32
2026-09-01T04:00:00+00:00,KXCPI-26AUG-T0.5,0.0000,0.1200,0.1000,31466.99,,34736.31
2026-09-02T04:00:00+00:00,KXCPI-26AUG-T0.5,0.0000,0.0500,0.0500,10.00,,34737.31
2026-09-03T04:00:00+00:00,KXCPI-26AUG-T0.5,0.0000,0.0500,0.0500,5.00,,34732.31
2026-09-04T04:00:00+00:00,KXCPI-26AUG-T0.5,0.0000,0.0500,0.0500,59.00,,34678.31
2026-09-05T04:00:00+00:00,KXCPI-26AUG-T0.5,0.0000,0.0500,0.0500,22.00,,34656.31
2026-09-06T04:00:00+00:00,KXCPI-26AUG-T0.5,0.0000,0.0500,0.0500,106.99,,34714.31
2026-09-07T04:00:00+00:00,KXCPI-26AUG-T0.5,0.0100,0.1900,0.0100,29.00,,34739.31
2026-09-08T04:00:00+00:00,KXCPI-26AUG-T0.5,0.0000,0.1300,0.1400,14.00,,34744.31
2026-09-09T04:00:00+00:00,KXCPI-26AUG-T0.5,0.0000,0.1000,0.1500,2396.17,,37021.53
2026-09-10T04:00:00+00:00,KXCPI-26AUG-T0.5,0.0000,0.0500,0.0500,2537.20,,37342.73
2026-09-11T04:00:00+00:00,KXCPI-26AUG-T0.5,0.0000,0.0500,0.0500,1318.28,,38661.01
2026-09-12T04:00:00+00:00,KXCPI-26AUG-T0.5,0.0000,1.0000,0.0500,204.76,,38865.77
2026-08-02T04:00:00+00:00,KXCPI-26AUG-T0.4,0.2000,0.3000,,0.00,,987.79
2026-08-03T04:00:00+00:00,KXCPI-26AUG-T0.4,0.2000,0.3000,,0.00,,987.79
2026-08-04T04:00:00+00:00,KXCPI-26AUG-T0.4,0.2100,0.3500,,0.00,,987.79
2026-08-05T04:00:00+00:00,KXCPI-26AUG-T0.4,0.2000,0.4000,,0.00,,987.79
2026-08-06T04:00:00+00:00,KXCPI-26AUG-T0.4,0.0500,0.0800,0.0800,552.00,,1490.00
2026-08-07T04:00:00+00:00,KXCPI-26AUG-T0.4,0.0700,0.2600,0.1000,114.00,,1523.00
2026-08-08T04:00:00+00:00,KXCPI-26AUG-T0.4,0.0600,0.6000,0.6400,14.00,,1523.00
2026-08-09T04:00:00+00:00,KXCPI-26AUG-T0.4,0.0300,0.5400,0.5400,10.00,,1523.00
2026-08-10T04:00:00+00:00,KXCPI-26AUG-T0.4,0.0500,0.5100,0.5400,25.00,,1523.00
2026-08-11T04:00:00+00:00,KXCPI-26AUG-T0.4,0.1300,0.6100,0.1500,11.00,,1525.00
2026-08-12T04:00:00+00:00,KXCPI-26AUG-T0.4,0.1800,0.5800,0.4400,10.00,,1525.00
2026-08-13T04:00:00+00:00,KXCPI-26AUG-T0.4,0.0800,0.2800,0.1300,113.00,,1561.00
2026-08-14T04:00:00+00:00,KXCPI-26AUG-T0.4,0.1300,0.2200,0.2500,32.00,,1593.00
2026-08-15T04:00:00+00:00,KXCPI-26AUG-T0.4,0.1300,0.1800,0.2200,719.21,,2308.21
2026-08-16T04:00:00+00:00,KXCPI-26AUG-T0.4,0.1200,0.1700,0.2200,113.00,,2313.21
2026-08-17T04:00:00+00:00,KXCPI-26AUG-T0.4,0.1300,0.1900,0.1900,54.00,,2366.21
2026-08-18T04:00:00+00:00,KXCPI-26AUG-T0.4,0.1000,0.2200,0.2200,7991.09,,9565.30
2026-08-19T04:00:00+00:00,KXCPI-26AUG-T0.4,0.1600,0.2200,0.2200,1393.00,,10653.30
2026-08-20T04:00:00+00:00,KXCPI-26AUG-T0.4,0.1200,0.2200,0.1500,740.54,,11312.84
2026-08-21T04:00:00+00:00,KXCPI-26AUG-T0.4,0.1500,0.1800,0.1100,20.00,,11312.84
2026-08-22T04:00:00+00:00,KXCPI-26AUG-T0.4,0.1700,0.2200,0.1600,2078.00,,12355.42
2026-08-23T04:00:00+00:00,KXCPI-26AUG-T0.4,0.1700,0.2200,0.2100,3.00,,12356.42
2026-08-24T04:00:00+00:00,KXCPI-26AUG-T0.4,0.1700,0.2000,0.2200,135.22,,12420.64
2026-08-25T04:00:00+00:00,KXCPI-26AUG-T0.4,0.1000,0.1500,0.1500,5091.00,,9218.24
2026-08-26T04:00:00+00:00,KXCPI-26AUG-T0.4,0.0900,0.1400,0.1400,2618.02,,9061.01
2026-08-27T04:00:00+00:00,KXCPI-26AUG-T0.4,0.0800,0.1200,0.0800,1995.18,,9062.01
2026-08-28T04:00:00+00:00,KXCPI-26AUG-T0.4,0.1000,0.1200,0.1200,309.69,,9201.32
2026-08-29T04:00:00+00:00,KXCPI-26AUG-T0.4,0.1000,0.1200,0.1100,117.23,,9300.27
2026-08-30T04:00:00+00:00,KXCPI-26AUG-T0.4,0.1000,0.1200,0.1200,206.72,,9436.99
2026-08-31T04:00:00+00:00,KXCPI-26AUG-T0.4,0.1000,0.1100,0.1200,61.00,,9497.99
2026-09-01T04:00:00+00:00,KXCPI-26AUG-T0.4,0.1800,0.2300,0.2300,13301.04,,18922.11
2026-09-02T04:00:00+00:00,KXCPI-26AUG-T0.4,0.0800,0.1300,0.1300,6866.25,,22258.17
2026-09-03T04:00:00+00:00,KXCPI-26AUG-T0.4,0.1000,0.1200,0.1400,89.75,,22240.42
2026-09-04T04:00:00+00:00,KXCPI-26AUG-T0.4,0.0900,0.1000,0.1000,3082.00,,25256.42
2026-09-05T04:00:00+00:00,KXCPI-26AUG-T0.4,0.0700,0.0800,0.0800,1540.28,,26046.95
2026-09-06T04:00:00+00:00,KXCPI-26AUG-T0.4,0.1200,0.1600,0.1700,7754.09,,25912.93
2026-09-07T04:00:00+00:00,KXCPI-26AUG-T0.4,0.1100,0.1600,0.1200,2031.70,,27149.54
2026-09-08T04:00:00+00:00,KXCPI-26AUG-T0.4,0.1200,0.1300,0.1100,391.62,,27488.40
2026-09-09T04:00:00+00:00,KXCPI-26AUG-T0.4,0.1100,0.1500,0.1300,6363.19,,28063.68
2026-09-10T04:00:00+00:00,KXCPI-26AUG-T0.4,0.1400,0.1500,0.1500,5136.67,,30369.26
2026-09-11T04:00:00+00:00,KXCPI-26AUG-T0.4,0.1200,0.1500,0.1500,10584.03,,37685.63
2026-09-12T04:00:00+00:00,KXCPI-26AUG-T0.4,0.0000,1.0000,0.1500,4262.27,,40959.22
2026-08-02T04:00:00+00:00,KXCPI-26AUG-T0.3,0.3700,0.4000,0.3000,136.00,,1633.27
2026-08-03T04:00:00+00:00,KXCPI-26AUG-T0.3,0.3800,0.4000,0.3800,35.00,,1668.27
2026-08-04T04:00:00+00:00,KXCPI-26AUG-T0.3,0.4100,0.6300,0.3900,15.00,,1668.27
2026-08-05T04:00:00+00:00,KXCPI-26AUG-T0.3,0.3100,0.4900,0.4700,1.00,,1669.27
2026-08-06T04:00:00+00:00,KXCPI-26AUG-T0.3,0.2000,0.4900,0.3600,23.00,,1653.27
2026-08-07T04:00:00+00:00,KXCPI-26AUG-T0.3,0.2500,0.3700,0.2000,12.00,,1653.27
2026-08-08T04:00:00+00:00,KXCPI-26AUG-T0.3,0.2700,0.7700,,0.00,,1653.27
2026-08-09T04:00:00+00:00,KXCPI-26AUG-T0.3,0.6000,0.8800,0.8700,25.00,,1668.27
2026-08-10T04:00:00+00:00,KXCPI-26AUG-T0.3,0.2800,0.8400,,0.00,,1668.27
2026-08-11T04:00:00+00:00,KXCPI-26AUG-T0.3,0.2900,0.8700,0.2800,7.00,,1674.27
2026-08-12T04:00:00+00:00,KXCPI-26AUG-T0.3,0.2700,0.7800,0.2800,20.62,,1686.27
2026-08-13T04:00:00+00:00,KXCPI-26AUG-T0.3,0.2000,0.2200,0.2500,650.64,,2156.27
2026-08-14T04:00:00+00:00,KXCPI-26AUG-T0.3,0.4400,0.4500,0.4500,4936.42,,6820.59
2026-08-15T04:00:00+00:00,KXCPI-26AUG-T0.3,0.4800,0.5200,0.4800,8418.13,,10483.95
2026-08-16T04:00:00+00:00,KXCPI-26AUG-T0.3,0.4400,0.4500,0.4500,493.09,,10604.27
2026-08-17T04:00:00+00:00,KXCPI-26AUG-T0.3,0.4500,0.5600,0.5700,246.88,,10771.48
2026-08-18T04:00:00+00:00,KXCPI-26AUG-T0.3,0.5000,0.5400,0.5400,6426.19,,16347.93
2026-08-19T04:00:00+00:00,KXCPI-26AUG-T0.3,0.5400,0.5500,0.5400,998.86,,16526.07
2026-08-20T04:00:00+00:00,KXCPI-26AUG-T0.3,0.5500,0.7000,0.5500,1783.38,,17043.60
2026-08-21T04:00:00+00:00,KXCPI-26AUG-T0.3,0.6200,0.6400,0.6300,3385.86,,15654.46
2026-08-22T04:00:00+00:00,KXCPI-26AUG-T0.3,0.6000,0.6500,0.5900,85.00,,15705.46
2026-08-23T04:00:00+00:00,KXCPI-26AUG-T0.3,0.5600,0.6200,0.6200,170.56,,15629.14
2026-08-24T04:00:00+00:00,KXCPI-26AUG-T0.3,0.5700,0.6200,0.5800,92.31,,15660.45
2026-08-25T04:00:00+00:00,KXCPI-26AUG-T0.3,0.5100,0.5300,0.5400,5325.50,,13259.59
2026-08-26T04:00:00+00:00,KXCPI-26AUG-T0.3,0.4500,0.4600,0.4800,2779.51,,13370.41
2026-08-27T04:00:00+00:00,KXCPI-26AUG-T0.3,0.4400,0.4900,0.4900,1160.39,,13611.52
2026-08-28T04:00:00+00:00,KXCPI-26AUG-T0.3,0.4900,0.5100,0.4900,9083.44,,19102.16
2026-08-29T04:00:00+00:00,KXCPI-26AUG-T0.3,0.4900,0.5000,0.5000,534.18,,19293.77
2026-08-30T04:00:00+00:00,KXCPI-26AUG-T0.3,0.4900,0.5000,0.5000,182.81,,19295.77
2026-08-31T04:00:00+00:00,KXCPI-26AUG-T0.3,0.5000,0.5500,0.5000,1157.95,,19745.68
2026-09-01T04:00:00+00:00,KXCPI-26AUG-T0.3,0.5000,0.5500,0.5500,231.39,,19770.32
2026-09-02T04:00:00+00:00,KXCPI-26AUG-T0.3,0.5400,0.5500,0.5500,455.54,,20108.86
2026-09-03T04:00:00+00:00,KXCPI-26AUG-T0.3,0.5400,0.5500,0.5400,296.83,,20367.38
2026-09-04T04:00:00+00:00,KXCPI-26AUG-T0.3,0.4900,0.5500,0.5600,2463.49,,22474.59
2026-09-05T04:00:00+00:00,KXCPI-26AUG-T0.3,0.4900,0.5600,0.5500,1347.23,,23673.11
2026-09-06T04:00:00+00:00,KXCPI-26AUG-T0.3,0.5100,0.5900,0.5900,1372.96,,24505.17
2026-09-07T04:00:00+00:00,KXCPI-26AUG-T0.3,0.5400,0.6100,0.6100,532.60,,24873.06
2026-09-08T04:00:00+00:00,KXCPI-26AUG-T0.3,0.5300,0.6300,0.6400,896.38,,25195.27
2026-09-09T04:00:00+00:00,KXCPI-26AUG-T0.3,0.5200,0.5800,0.5200,2247.49,,25303.78
2026-09-10T04:00:00+00:00,KXCPI-26AUG-T0.3,0.5900,0.6000,0.6000,1670.80,,25689.72
2026-09-11T04:00:00+00:00,KXCPI-26AUG-T0.3,0.5300,0.5900,0.5900,17498.56,,37723.53
2026-09-12T04:00:00+00:00,KXCPI-26AUG-T0.3,0.0000,1.0000,0.4500,10626.03,,44000.62
2026-08-02T04:00:00+00:00,KXCPI-26AUG-T0.2,0.6100,0.7500,0.6000,84.00,,1329.45
2026-08-03T04:00:00+00:00,KXCPI-26AUG-T0.2,0.6100,0.7200,0.7200,2.00,,1331.45
2026-08-04T04:00:00+00:00,KXCPI-26AUG-T0.2,0.5600,0.6000,0.6100,107.00,,1331.45
2026-08-05T04:00:00+00:00,KXCPI-26AUG-T0.2,0.5600,0.7800,,0.00,,1331.45
2026-08-06T04:00:00+00:00,KXCPI-26AUG-T0.2,0.6000,0.8100,0.5700,40.00,,1337.90
2026-08-07T04:00:00+00:00,KXCPI-26AUG-T0.2,0.6000,0.6200,0.6200,2.00,,1338.90
2026-08-08T04:00:00+00:00,KXCPI-26AUG-T0.2,0.6200,0.7200,0.6100,14.00,,1346.90
2026-08-09T04:00:00+00:00,KXCPI-26AUG-T0.2,0.6100,0.6300,0.6000,75.00,,1336.90
2026-08-10T04:00:00+00:00,KXCPI-26AUG-T0.2,0.6100,0.6300,,0.00,,1336.90
2026-08-11T04:00:00+00:00,KXCPI-26AUG-T0.2,0.5600,0.8900,0.5800,15.24,,1340.14
2026-08-12T04:00:00+00:00,KXCPI-26AUG-T0.2,0.5500,0.6100,0.5600,733.00,,1799.71
2026-08-13T04:00:00+00:00,KXCPI-26AUG-T0.2,0.4600,0.4900,0.4900,1596.39,,3161.44
2026-08-14T04:00:00+00:00,KXCPI-26AUG-T0.2,0.7800,0.8700,0.8700,3588.71,,5546.84
2026-08-15T04:00:00+00:00,KXCPI-26AUG-T0.2,0.8100,0.9500,0.8200,1229.43,,5580.59
2026-08-16T04:00:00+00:00,KXCPI-26AUG-T0.2,0.6700,0.9800,0.7800,323.99,,5702.57
2026-08-17T04:00:00+00:00,KXCPI-26AUG-T0.2,0.7400,0.9200,0.9000,150.12,,5653.57
2026-08-18T04:00:00+00:00,KXCPI-26AUG-T0.2,0.8700,0.8800,0.8700,4072.21,,7875.03
2026-08-19T04:00:00+00:00,KXCPI-26AUG-T0.2,0.8600,0.8800,0.8800,691.90,,7456.51
2026-08-20T04:00:00+00:00,KXCPI-26AUG-T0.2,0.8500,0.8800,0.8700,2316.11,,7376.27
2026-08-21T04:00:00+00:00,KXCPI-26AUG-T0.2,0.8500,0.8800,0.8900,126.57,,7377.56
2026-08-22T04:00:00+00:00,KXCPI-26AUG-T0.2,0.8500,0.8800,0.8500,239.12,,7550.38
2026-08-23T04:00:00+00:00,KXCPI-26AUG-T0.2,0.8500,0.8800,0.8900,176.00,,7600.38
2026-08-24T04:00:00+00:00,KXCPI-26AUG-T0.2,0.8500,0.8700,0.8700,146.87,,7707.25
2026-08-25T04:00:00+00:00,KXCPI-26AUG-T0.2,0.8400,0.8600,0.8400,5260.62,,7962.96
2026-08-26T04:00:00+00:00,KXCPI-26AUG-T0.2,0.8100,0.9100,0.9200,367.63,,8152.36
2026-08-27T04:00:00+00:00,KXCPI-26AUG-T0.2,0.8100,0.9200,0.8700,228.81,,8136.34
2026-08-28T04:00:00+00:00,KXCPI-26AUG-T0.2,0.7800,0.8800,0.8200,10921.46,,10102.86
2026-08-29T04:00:00+00:00,KXCPI-26AUG-T0.2,0.8400,0.8800,0.8500,82.93,,10117.02
2026-08-30T04:00:00+00:00,KXCPI-26AUG-T0.2,0.8300,0.8900,0.8400,115.67,,10221.69
2026-08-31T04:00:00+00:00,KXCPI-26AUG-T0.2,0.8200,0.9000,0.9000,285.01,,10506.70
2026-09-01T04:00:00+00:00,KXCPI-26AUG-T0.2,0.8500,0.9000,0.9000,839.62,,11193.62
2026-09-02T04:00:00+00:00,KXCPI-26AUG-T0.2,0.8000,0.8400,0.8000,989.82,,10522.02
2026-09-03T04:00:00+00:00,KXCPI-26AUG-T0.2,0.8700,0.9000,0.9000,217.83,,10637.12
2026-09-04T04:00:00+00:00,KXCPI-26AUG-T0.2,0.5700,0.8500,0.8600,793.91,,11092.09
2026-09-05T04:00:00+00:00,KXCPI-26AUG-T0.2,0.5700,0.8600,0.8600,5393.93,,15089.45
2026-09-06T04:00:00+00:00,KXCPI-26AUG-T0.2,0.8400,0.9200,0.9200,167.73,,15202.47
2026-09-07T04:00:00+00:00,KXCPI-26AUG-T0.2,0.8400,0.9800,0.9800,1402.84,,16544.03
2026-09-08T04:00:00+00:00,KXCPI-26AUG-T0.2,0.8600,0.9600,0.9600,4343.05,,16683.39
2026-09-09T04:00:00+00:00,KXCPI-26AUG-T0.2,0.8300,0.9500,0.9500,360.57,,16899.26
2026-09-10T04:00:00+00:00,KXCPI-26AUG-T0.2,0.7900,0.9100,0.7900,2633.36,,17742.15
2026-09-11T04:00:00+00:00,KXCPI-26AUG-T0.2,0.9400,0.9500,0.9500,9321.25,,23485.06
2026-09-12T04:00:00+00:00,KXCPI-26AUG-T0.2,0.0000,1.0000,0.9400,20075.60,,39344.37
2026-08-02T04:00:00+00:00,KXCPI-26AUG-T0.1,0.6200,0.9500,,0.00,,775.60
2026-08-03T04:00:00+00:00,KXCPI-26AUG-T0.1,0.6200,0.9600,0.9500,1.00,,775.60
2026-08-04T04:00:00+00:00,KXCPI-26AUG-T0.1,0.6200,0.9600,,0.00,,775.60
2026-08-05T04:00:00+00:00,KXCPI-26AUG-T0.1,0.6200,0.9600,,0.00,,775.60
2026-08-06T04:00:00+00:00,KXCPI-26AUG-T0.1,0.6200,0.9600,,0.00,,775.60
2026-08-07T04:00:00+00:00,KXCPI-26AUG-T0.1,0.6100,0.9500,,0.00,,775.60
2026-08-08T04:00:00+00:00,KXCPI-26AUG-T0.1,0.6100,0.9800,,0.00,,775.60
2026-08-09T04:00:00+00:00,KXCPI-26AUG-T0.1,0.6000,0.9900,,0.00,,775.60
2026-08-10T04:00:00+00:00,KXCPI-26AUG-T0.1,0.6000,0.9900,,0.00,,775.60
2026-08-11T04:00:00+00:00,KXCPI-26AUG-T0.1,0.5700,0.8800,0.5700,2.00,,777.60
2026-08-12T04:00:00+00:00,KXCPI-26AUG-T0.1,0.5700,0.8900,0.5800,36.00,,813.60
2026-08-13T04:00:00+00:00,KXCPI-26AUG-T0.1,0.6200,0.8200,0.8400,252.19,,980.79
2026-08-14T04:00:00+00:00,KXCPI-26AUG-T0.1,0.9200,0.9600,0.9100,2169.00,,2606.75
2026-08-15T04:00:00+00:00,KXCPI-26AUG-T0.1,0.7700,0.9500,0.9300,26.00,,2631.75
2026-08-16T04:00:00+00:00,KXCPI-26AUG-T0.1,0.8500,0.9500,0.8400,459.00,,2989.43
2026-08-17T04:00:00+00:00,KXCPI-26AUG-T0.1,0.8300,0.9700,,0.00,,2989.43
2026-08-18T04:00:00+00:00,KXCPI-26AUG-T0.1,0.8100,0.9600,0.8200,2139.00,,4620.43
2026-08-19T04:00:00+00:00,KXCPI-26AUG-T0.1,0.9100,0.9800,,0.00,,4620.43
2026-08-20T04:00:00+00:00,KXCPI-26AUG-T0.1,0.9100,0.9800,0.9800,322.00,,4632.43
2026-08-21T04:00:00+00:00,KXCPI-26AUG-T0.1,0.9100,0.9800,0.9800,96.00,,4635.43
2026-08-22T04:00:00+00:00,KXCPI-26AUG-T0.1,0.9100,0.9900,,0.00,,4635.43
2026-08-23T04:00:00+00:00,KXCPI-26AUG-T0.1,0.6600,0.9900,0.9900,19.98,,4635.43
2026-08-24T04:00:00+00:00,KXCPI-26AUG-T0.1,0.6600,0.9800,,0.00,,4635.43
2026-08-25T04:00:00+00:00,KXCPI-26AUG-T0.1,0.9200,0.9800,0.8900,8.99,,4644.42
2026-08-26T04:00:00+00:00,KXCPI-26AUG-T0.1,0.6700,0.9800,0.9600,185.00,,4695.72
2026-08-27T04:00:00+00:00,KXCPI-26AUG-T0.1,0.7000,0.9700,0.9800,20.00,,4695.72
2026-08-28T04:00:00+00:00,KXCPI-26AUG-T0.1,0.9200,0.9400,0.9300,8295.09,,7839.72
2026-08-29T04:00:00+00:00,KXCPI-26AUG-T0.1,0.9200,0.9600,0.9300,727.05,,8159.72
2026-08-30T04:00:00+00:00,KXCPI-26AUG-T0.1,0.9100,0.9700,0.9700,25.38,,8172.72
2026-08-31T04:00:00+00:00,KXCPI-26AUG-T0.1,0.9400,0.9800,0.9400,2479.00,,9911.72
2026-09-01T04:00:00+00:00,KXCPI-26AUG-T0.1,0.9400,0.9900,0.9800,7151.05,,15075.77
2026-09-02T04:00:00+00:00,KXCPI-26AUG-T0.1,0.9300,0.9900,0.9700,33.00,,15075.77
2026-09-03T04:00:00+00:00,KXCPI-26AUG-T0.1,0.9300,0.9900,0.9800,5.00,,15075.77
2026-09-04T04:00:00+00:00,KXCPI-26AUG-T0.1,0.9500,0.9700,,0.00,,15075.77
2026-09-05T04:00:00+00:00,KXCPI-26AUG-T0.1,0.9600,0.9700,0.9500,882.99,,15025.77
2026-09-06T04:00:00+00:00,KXCPI-26AUG-T0.1,0.9700,0.9800,0.9800,996.94,,15981.77
2026-09-07T04:00:00+00:00,KXCPI-26AUG-T0.1,0.9700,1.0000,0.9900,1992.46,,17952.79
2026-09-09T04:00:00+00:00,KXCPI-26AUG-T0.1,0.8200,0.9800,0.7100,29694.18,,33991.86
2026-09-10T04:00:00+00:00,KXCPI-26AUG-T0.1,0.9700,1.0000,0.9700,1145.99,,34703.87
2026-09-11T04:00:00+00:00,KXCPI-26AUG-T0.1,0.9800,1.0000,0.9900,635.93,,35339.80
2026-09-12T04:00:00+00:00,KXCPI-26AUG-T0.1,0.0000,1.0000,0.9700,290.00,,35367.36
2026-08-02T04:00:00+00:00,KXCPI-26AUG-T-0.1,0.6700,0.9600,,0.00,,383.14
2026-08-03T04:00:00+00:00,KXCPI-26AUG-T-0.1,0.6700,0.9700,,0.00,,383.14
2026-08-04T04:00:00+00:00,KXCPI-26AUG-T-0.1,0.7200,0.9700,,0.00,,383.14
2026-08-05T04:00:00+00:00,KXCPI-26AUG-T-0.1,0.6900,0.9700,,0.00,,383.14
2026-08-06T04:00:00+00:00,KXCPI-26AUG-T-0.1,0.6900,0.9700,,0.00,,383.14
2026-08-07T04:00:00+00:00,KXCPI-26AUG-T-0.1,0.7000,0.9500,,0.00,,383.14
2026-08-08T04:00:00+00:00,KXCPI-26AUG-T-0.1,0.7000,0.9800,,0.00,,383.14
2026-08-09T04:00:00+00:00,KXCPI-26AUG-T-0.1,0.6900,0.9900,,0.00,,383.14
2026-08-11T04:00:00+00:00,KXCPI-26AUG-T-0.1,0.6900,0.9700,,0.00,,383.14
2026-08-12T04:00:00+00:00,KXCPI-26AUG-T-0.1,0.6800,0.9900,0.6900,15.00,,398.14
2026-08-13T04:00:00+00:00,KXCPI-26AUG-T-0.1,0.8100,0.9800,0.9800,3.00,,399.14
2026-08-14T04:00:00+00:00,KXCPI-26AUG-T-0.1,0.9800,1.0000,0.9900,4032.00,,4431.14
2026-08-15T04:00:00+00:00,KXCPI-26AUG-T-0.1,0.9100,1.0000,,0.00,,4431.14
2026-08-17T04:00:00+00:00,KXCPI-26AUG-T-0.1,0.8100,1.0000,,0.00,,4431.14
2026-08-18T04:00:00+00:00,KXCPI-26AUG-T-0.1,0.8100,1.0000,,0.00,,4431.14
2026-08-19T04:00:00+00:00,KXCPI-26AUG-T-0.1,0.9900,1.0000,,0.00,,4431.14
2026-08-20T04:00:00+00:00,KXCPI-26AUG-T-0.1,0.9900,1.0000,,0.00,,4431.14
2026-08-24T04:00:00+00:00,KXCPI-26AUG-T-0.1,0.9900,1.0000,0.9900,8.00,,4431.14
2026-08-26T04:00:00+00:00,KXCPI-26AUG-T-0.1,0.9900,1.0000,0.9900,5.00,,4431.14
2026-08-27T04:00:00+00:00,KXCPI-26AUG-T-0.1,0.9900,1.0000,0.9900,45.00,,4431.14
2026-08-28T04:00:00+00:00,KXCPI-26AUG-T-0.1,0.9900,1.0000,,0.00,,4431.14
2026-08-29T04:00:00+00:00,KXCPI-26AUG-T-0.1,0.9900,1.0000,,0.00,,4431.14
2026-09-01T04:00:00+00:00,KXCPI-26AUG-T-0.1,0.9600,1.0000,0.9900,46.00,,4431.14
2026-09-02T04:00:00+00:00,KXCPI-26AUG-T-0.1,0.9600,1.0000,,0.00,,4431.14
2026-09-03T04:00:00+00:00,KXCPI-26AUG-T-0.1,0.9600,1.0000,,0.00,,4431.14
2026-09-04T04:00:00+00:00,KXCPI-26AUG-T-0.1,0.9700,1.0000,0.9900,43.00,,4432.14
2026-09-05T04:00:00+00:00,KXCPI-26AUG-T-0.1,0.9700,1.0000,,0.00,,4432.14
2026-09-06T04:00:00+00:00,KXCPI-26AUG-T-0.1,0.9800,1.0000,,0.00,,4432.14
2026-09-07T04:00:00+00:00,KXCPI-26AUG-T-0.1,0.9700,1.0000,,0.00,,4432.14
2026-09-09T04:00:00+00:00,KXCPI-26AUG-T-0.1,0.9800,1.0000,,0.00,,4432.14
2026-09-10T04:00:00+00:00,KXCPI-26AUG-T-0.1,0.9900,1.0000,0.9900,773.00,,5205.14
2026-09-11T04:00:00+00:00,KXCPI-26AUG-T-0.1,0.9900,1.0000,0.9900,176.00,,5381.14
2026-09-12T04:00:00+00:00,KXCPI-26AUG-T-0.1,0.0000,1.0000,,0.00,,5381.14
2026-08-02T04:00:00+00:00,KXCPI-26AUG-T0.0,0.7500,0.9600,,0.00,,510.99
2026-08-03T04:00:00+00:00,KXCPI-26AUG-T0.0,0.6300,0.9600,0.7400,4.00,,511.99
2026-08-04T04:00:00+00:00,KXCPI-26AUG-T0.0,0.6700,0.9600,,0.00,,511.99
2026-08-05T04:00:00+00:00,KXCPI-26AUG-T0.0,0.7000,0.9600,,0.00,,511.99
2026-08-06T04:00:00+00:00,KXCPI-26AUG-T0.0,0.7100,0.9600,,0.00,,511.99
2026-08-07T04:00:00+00:00,KXCPI-26AUG-T0.0,0.7800,0.8700,0.7700,1.00,,512.99
2026-08-08T04:00:00+00:00,KXCPI-26AUG-T0.0,0.7900,0.8600,0.7800,20.00,,515.99
2026-08-09T04:00:00+00:00,KXCPI-26AUG-T0.0,0.7700,0.9600,0.7700,11.00,,526.99
2026-08-10T04:00:00+00:00,KXCPI-26AUG-T0.0,0.7700,0.9600,,0.00,,526.99
2026-08-11T04:00:00+00:00,KXCPI-26AUG-T0.0,0.6000,0.9000,0.6100,30.10,,551.99
2026-08-12T04:00:00+00:00,KXCPI-26AUG-T0.0,0.6000,0.6400,0.6100,162.00,,713.99
2026-08-13T04:00:00+00:00,KXCPI-26AUG-T0.0,0.8200,0.9700,0.9400,6.00,,719.99
2026-08-14T04:00:00+00:00,KXCPI-26AUG-T0.0,0.9400,1.0000,0.9700,8455.00,,8767.64
2026-08-15T04:00:00+00:00,KXCPI-26AUG-T0.0,0.9700,1.0000,,0.00,,8767.64
2026-08-16T04:00:00+00:00,KXCPI-26AUG-T0.0,0.9700,1.0000,0.9700,183.99,,8817.64
2026-08-18T04:00:00+00:00,KXCPI-26AUG-T0.0,0.9100,1.0000,0.9700,2.00,,8817.63
2026-08-19T04:00:00+00:00,KXCPI-26AUG-T0.0,0.9900,1.0000,,0.00,,8817.63
2026-08-24T04:00:00+00:00,KXCPI-26AUG-T0.0,0.9900,1.0000,0.9900,2.00,,8817.63
2026-08-25T04:00:00+00:00,KXCPI-26AUG-T0.0,0.9900,1.0000,0.9900,8.99,,8817.63
2026-08-27T04:00:00+00:00,KXCPI-26AUG-T0.0,0.9900,1.0000,0.9900,2.00,,8817.63
2026-08-28T04:00:00+00:00,KXCPI-26AUG-T0.0,0.9300,1.0000,0.9700,95.00,,8817.63
2026-08-29T04:00:00+00:00,KXCPI-26AUG-T0.0,0.9400,1.0000,,0.00,,8817.63
2026-08-30T04:00:00+00:00,KXCPI-26AUG-T0.0,0.9500,1.0000,,0.00,,8817.63
2026-08-31T04:00:00+00:00,KXCPI-26AUG-T0.0,0.9400,1.0000,,0.00,,8817.63
2026-09-01T04:00:00+00:00,KXCPI-26AUG-T0.0,0.9400,1.0000,0.9900,2032.00,,10849.63
2026-09-02T04:00:00+00:00,KXCPI-26AUG-T0.0,0.9400,1.0000,,0.00,,10849.63
2026-09-03T04:00:00+00:00,KXCPI-26AUG-T0.0,0.9400,1.0000,,0.00,,10849.63
2026-09-04T04:00:00+00:00,KXCPI-26AUG-T0.0,0.9300,0.9900,,0.00,,10849.63
2026-09-05T04:00:00+00:00,KXCPI-26AUG-T0.0,0.9700,1.0000,0.9900,108.00,,10870.63
2026-09-06T04:00:00+00:00,KXCPI-26AUG-T0.0,0.9800,1.0000,,0.00,,10870.63
2026-09-07T04:00:00+00:00,KXCPI-26AUG-T0.0,0.9700,1.0000,,0.00,,10870.63
2026-09-08T04:00:00+00:00,KXCPI-26AUG-T0.0,0.9800,1.0000,,0.00,,10870.63
2026-09-09T04:00:00+00:00,KXCPI-26AUG-T0.0,0.9800,1.0000,,0.00,,10870.63
2026-09-10T04:00:00+00:00,KXCPI-26AUG-T0.0,0.9900,1.0000,0.9900,75.00,,10945.63
2026-09-11T04:00:00+00:00,KXCPI-26AUG-T0.0,0.9900,1.0000,,0.00,,10945.63
2026-09-12T04:00:00+00:00,KXCPI-26AUG-T0.0,0.0000,1.0000,,0.00,,10945.63
2026-08-02T04:00:00+00:00,KXCPI-26JUL-T0.5,0.0000,0.0100,0.0100,350.00,,11533.75
2026-08-03T04:00:00+00:00,KXCPI-26JUL-T0.5,0.0000,0.0300,0.0300,5914.00,,11015.40
2026-08-04T04:00:00+00:00,KXCPI-26JUL-T0.5,0.0000,0.0200,,0.00,,11015.40
2026-08-05T04:00:00+00:00,KXCPI-26JUL-T0.5,0.0000,0.0300,0.0300,196.00,,11205.40
2026-08-06T04:00:00+00:00,KXCPI-26JUL-T0.5,0.0000,0.0300,0.0300,1.00,,11206.40
2026-08-07T04:00:00+00:00,KXCPI-26JUL-T0.5,0.0000,0.0300,0.0200,285.00,,11491.40
2026-08-08T04:00:00+00:00,KXCPI-26JUL-T0.5,0.0000,0.0200,0.0200,156.00,,11647.40
2026-08-09T04:00:00+00:00,KXCPI-26JUL-T0.5,0.0000,0.0100,0.0100,166.00,,11813.40
2026-08-10T04:00:00+00:00,KXCPI-26JUL-T0.5,0.0000,0.0200,0.0300,168.00,,11981.40
2026-08-11T04:00:00+00:00,KXCPI-26JUL-T0.5,0.0000,0.0100,0.0100,117.00,,12098.40
2026-08-12T04:00:00+00:00,KXCPI-26JUL-T0.5,0.0000,0.0100,0.0100,467.59,,12565.99
2026-08-13T04:00:00+00:00,KXCPI-26JUL-T0.5,0.0000,1.0000,0.0100,490.96,,13056.95
2026-08-02T04:00:00+00:00,KXCPI-26JUL-T0.4,0.0000,0.0800,0.0800,175.00,,10908.23
2026-08-03T04:00:00+00:00,KXCPI-26JUL-T0.4,0.0000,0.1400,0.0100,237.00,,10963.23
2026-08-04T04:00:00+00:00,KXCPI-26JUL-T0.4,0.0000,0.0300,0.0100,43.00,,10992.23
2026-08-05T04:00:00+00:00,KXCPI-26JUL-T0.4,0.0000,0.0400,0.0400,2317.00,,11309.23
2026-08-06T04:00:00+00:00,KXCPI-26JUL-T0.4,0.0000,0.0300,0.0300,31.00,,11340.23
2026-08-07T04:00:00+00:00,KXCPI-26JUL-T0.4,0.0000,0.0400,0.0300,163.00,,11503.23
2026-08-08T04:00:00+00:00,KXCPI-26JUL-T0.4,0.0000,0.0200,,0.00,,11503.23
2026-08-09T04:00:00+00:00,KXCPI-26JUL-T0.4,0.0000,0.0100,0.0100,200.00,,11703.23
2026-08-10T04:00:00+00:00,KXCPI-26JUL-T0.4,0.0000,0.0100,0.0100,199.99,,11903.22
2026-08-11T04:00:00+00:00,KXCPI-26JUL-T0.4,0.0000,0.0100,0.0100,17.00,,11920.22
2026-08-12T04:00:00+00:00,KXCPI-26JUL-T0.4,0.0000,0.0100,0.0300,344.60,,12264.82
2026-08-13T04:00:00+00:00,KXCPI-26JUL-T0.4,0.0000,1.0000,,0.00,,12264.82
2026-08-02T04:00:00+00:00,KXCPI-26JUL-T0.3,0.0300,0.0700,0.0300,100.20,,28393.28
2026-08-03T04:00:00+00:00,KXCPI-26JUL-T0.3,0.0300,0.0400,0.0600,561.97,,28799.28
2026-08-04T04:00:00+00:00,KXCPI-26JUL-T0.3,0.0000,0.0100,0.0100,556.98,,29102.28
2026-08-05T04:00:00+00:00,KXCPI-26JUL-T0.3,0.0200,0.0300,0.0300,7864.44,,35150.60
2026-08-06T04:00:00+00:00,KXCPI-26JUL-T0.3,0.0000,0.0200,0.0200,3065.00,,37726.30
2026-08-07T04:00:00+00:00,KXCPI-26JUL-T0.3,0.0200,0.0300,0.0200,817.01,,38147.30
2026-08-08T04:00:00+00:00,KXCPI-26JUL-T0.3,0.0100,0.0200,0.0100,1090.51,,38864.98
2026-08-09T04:00:00+00:00,KXCPI-26JUL-T0.3,0.0000,0.0200,0.0100,1762.96,,39660.32
2026-08-10T04:00:00+00:00,KXCPI-26JUL-T0.3,0.0000,0.0200,0.0100,3350.74,,40847.32
2026-08-11T04:00:00+00:00,KXCPI-26JUL-T0.3,0.0000,0.0200,0.0100,3.99,,40843.33
2026-08-12T04:00:00+00:00,KXCPI-26JUL-T0.3,0.0400,0.0500,0.0400,9159.14,,45521.97
2026-08-13T04:00:00+00:00,KXCPI-26JUL-T0.3,0.0000,1.0000,0.0100,4389.73,,49864.91
2026-08-02T04:00:00+00:00,KXCPI-26JUL-T0.2,0.1100,0.1600,0.1700,454.08,,39667.98
2026-08-03T04:00:00+00:00,KXCPI-26JUL-T0.2,0.1300,0.3000,0.1100,1156.76,,39955.56
2026-08-04T04:00:00+00:00,KXCPI-26JUL-T0.2,0.0500,0.0900,0.0900,1221.13,,40941.19
2026-08-05T04:00:00+00:00,KXCPI-26JUL-T0.2,0.0500,0.0700,0.0700,4671.92,,44370.14
2026-08-06T04:00:00+00:00,KXCPI-26JUL-T0.2,0.0700,0.0800,0.0700,340.04,,44662.69
2026-08-07T04:00:00+00:00,KXCPI-26JUL-T0.2,0.0800,0.1000,0.1000,1286.70,,45156.32
2026-08-08T04:00:00+00:00,KXCPI-26JUL-T0.2,0.0900,0.1000,0.1000,1571.04,,45721.48
2026-08-09T04:00:00+00:00,KXCPI-26JUL-T0.2,0.0800,0.1000,0.1200,2930.65,,45965.73
2026-08-10T04:00:00+00:00,KXCPI-26JUL-T0.2,0.0700,0.0900,0.0900,1003.11,,46660.25
2026-08-11T04:00:00+00:00,KXCPI-26JUL-T0.2,0.0500,0.0600,0.0600,4437.44,,50352.45
2026-08-12T04:00:00+00:00,KXCPI-26JUL-T0.2,0.0500,0.0600,0.0600,18656.04,,62245.92
2026-08-13T04:00:00+00:00,KXCPI-26JUL-T0.2,0.0000,1.0000,0.0700,2004.01,,63637.33
2026-08-02T04:00:00+00:00,KXCPI-26JUL-T0.1,0.3300,0.3400,0.3400,1147.66,,75724.14
2026-08-03T04:00:00+00:00,KXCPI-26JUL-T0.1,0.2900,0.3000,0.3100,1335.93,,76110.20
2026-08-04T04:00:00+00:00,KXCPI-26JUL-T0.1,0.2900,0.3000,0.3000,665.40,,76596.81
2026-08-05T04:00:00+00:00,KXCPI-26JUL-T0.1,0.1500,0.2500,0.2500,20144.37,,92256.04
2026-08-06T04:00:00+00:00,KXCPI-26JUL-T0.1,0.2300,0.2500,0.2400,19660.63,,101536.16
2026-08-07T04:00:00+00:00,KXCPI-26JUL-T0.1,0.2500,0.2600,0.2600,1156.52,,101862.56
2026-08-08T04:00:00+00:00,KXCPI-26JUL-T0.1,0.1700,0.2100,0.2100,14641.14,,105155.92
2026-08-09T04:00:00+00:00,KXCPI-26JUL-T0.1,0.1800,0.2000,0.2000,3505.59,,107611.69
2026-08-10T04:00:00+00:00,KXCPI-26JUL-T0.1,0.1700,0.1800,0.1800,6921.42,,113840.94
2026-08-11T04:00:00+00:00,KXCPI-26JUL-T0.1,0.1500,0.1600,0.1600,21573.18,,106813.35
2026-08-12T04:00:00+00:00,KXCPI-26JUL-T0.1,0.1800,0.1900,0.1900,37928.41,,119569.60
2026-08-13T04:00:00+00:00,KXCPI-26JUL-T0.1,0.0000,1.0000,0.2100,6599.78,,123345.33
2026-08-02T04:00:00+00:00,KXCPI-26JUL-T-0.1,0.8900,0.9600,0.8600,239.71,,13145.23
2026-08-03T04:00:00+00:00,KXCPI-26JUL-T-0.1,0.8800,0.9200,0.9400,487.43,,13122.66
2026-08-04T04:00:00+00:00,KXCPI-26JUL-T-0.1,0.9000,0.9100,0.9100,3591.04,,16468.57
2026-08-05T04:00:00+00:00,KXCPI-26JUL-T-0.1,0.8900,0.9000,0.8900,1769.49,,17288.30
2026-08-06T04:00:00+00:00,KXCPI-26JUL-T-0.1,0.8800,0.9000,0.8800,424.64,,17654.31
2026-08-07T04:00:00+00:00,KXCPI-26JUL-T-0.1,0.9100,0.9200,0.9100,5942.56,,21035.80
2026-08-08T04:00:00+00:00,KXCPI-26JUL-T-0.1,0.8900,0.9000,0.8900,31349.11,,48685.63
2026-08-09T04:00:00+00:00,KXCPI-26JUL-T-0.1,0.8800,0.8900,0.8800,3532.42,,50994.57
2026-08-10T04:00:00+00:00,KXCPI-26JUL-T-0.1,0.8600,0.8800,0.8700,8043.20,,57126.21
2026-08-11T04:00:00+00:00,KXCPI-26JUL-T-0.1,0.9000,0.9100,0.9100,27148.33,,82692.34
2026-08-12T04:00:00+00:00,KXCPI-26JUL-T-0.1,0.8100,0.8800,0.8100,32481.88,,108656.24
2026-08-13T04:00:00+00:00,KXCPI-26JUL-T-0.1,0.0000,1.0000,0.9300,6537.31,,114628.54
2026-08-02T04:00:00+00:00,KXCPI-26JUL-T0.0,0.6400,0.6900,0.6900,1263.86,,37638.95
2026-08-03T04:00:00+00:00,KXCPI-26JUL-T0.0,0.6600,0.6800,0.6600,6914.23,,42927.21
2026-08-04T04:00:00+00:00,KXCPI-26JUL-T0.0,0.6300,0.6700,0.6700,9802.03,,51217.99
2026-08-05T04:00:00+00:00,KXCPI-26JUL-T0.0,0.6300,0.6400,0.6400,19214.23,,69789.09
2026-08-06T04:00:00+00:00,KXCPI-26JUL-T0.0,0.6500,0.6600,0.6600,6302.30,,73541.52
2026-08-07T04:00:00+00:00,KXCPI-26JUL-T0.0,0.6300,0.6600,0.6600,4323.13,,77105.52
2026-08-08T04:00:00+00:00,KXCPI-26JUL-T0.0,0.5400,0.5900,0.5900,23563.14,,92702.98
2026-08-09T04:00:00+00:00,KXCPI-26JUL-T0.0,0.5800,0.6000,0.6000,3131.98,,94303.44
2026-08-10T04:00:00+00:00,KXCPI-26JUL-T0.0,0.6000,0.6100,0.6100,7018.55,,100151.50
2026-08-11T04:00:00+00:00,KXCPI-26JUL-T0.0,0.5900,0.6000,0.6200,45771.04,,132382.98
2026-08-12T04:00:00+00:00,KXCPI-26JUL-T0.0,0.6500,0.6700,0.6700,261587.86,,319860.37
2026-08-13T04:00:00+00:00,KXCPI-26JUL-T0.0,0.0000,1.0000,0.7200,31285.74,,339302.95
2026-09-19T04:00:00+00:00,KXCPICORE-26DEC-T1.0,0.0100,0.3000,,0.00,,0.00
2026-09-19T04:00:00+00:00,KXCPICORE-26DEC-T0.9,0.0100,0.3000,,0.00,,0.00
2026-09-19T04:00:00+00:00,KXCPICORE-26DEC-T0.8,0.0100,0.3000,,0.00,,0.00
2026-09-19T04:00:00+00:00,KXCPICORE-26DEC-T0.7,0.0100,0.3000,,0.00,,0.00
2026-09-19T04:00:00+00:00,KXCPICORE-26DEC-T0.6,0.0100,0.3000,,0.00,,0.00
2026-09-19T04:00:00+00:00,KXCPICORE-26DEC-T0.5,0.0100,0.3000,,0.00,,0.00
2026-09-19T04:00:00+00:00,KXCPICORE-26DEC-T0.4,0.0100,0.3300,,0.00,,0.00
2026-09-19T04:00:00+00:00,KXCPICORE-26DEC-T0.3,0.0100,0.5100,,0.00,,0.00
2026-09-19T04:00:00+00:00,KXCPICORE-26DEC-T0.2,0.3900,0.9900,,0.00,,0.00
2026-09-19T04:00:00+00:00,KXCPICORE-26DEC-T0.1,0.6500,0.9900,,0.00,,0.00
2026-09-19T04:00:00+00:00,KXCPICORE-26DEC-T0.0,0.6800,0.9900,,0.00,,0.00
2026-08-09T04:00:00+00:00,KXCPICORE-26NOV-T1.0,0.0000,0.0100,0.0100,0.01,,40.00
2026-08-24T04:00:00+00:00,KXCPICORE-26NOV-T1.0,0.0000,0.0100,0.0100,1.00,,40.00
2026-09-15T04:00:00+00:00,KXCPICORE-26NOV-T1.0,0.0100,0.0900,0.0100,9.00,,40.00
2026-09-16T04:00:00+00:00,KXCPICORE-26NOV-T1.0,0.0100,0.0200,0.0200,163.00,,203.00
2026-09-17T04:00:00+00:00,KXCPICORE-26NOV-T1.0,0.0100,0.0200,,0.00,,203.00
2026-09-18T04:00:00+00:00,KXCPICORE-26NOV-T1.0,0.0100,0.0300,,0.00,,203.00
2026-09-19T04:00:00+00:00,KXCPICORE-26NOV-T1.0,0.0100,0.0200,,0.00,,203.00
2026-08-09T04:00:00+00:00,KXCPICORE-26NOV-T0.9,0.0000,0.0500,0.0500,0.01,,56.00
2026-08-21T04:00:00+00:00,KXCPICORE-26NOV-T0.9,0.0000,0.2900,,0.00,,56.00
2026-08-22T04:00:00+00:00,KXCPICORE-26NOV-T0.9,0.0000,0.2900,,0.00,,56.00
2026-08-27T04:00:00+00:00,KXCPICORE-26NOV-T0.9,0.0000,0.2900,,0.00,,56.00
2026-08-28T04:00:00+00:00,KXCPICORE-26NOV-T0.9,0.0000,0.2900,,0.00,,56.00
2026-09-01T04:00:00+00:00,KXCPICORE-26NOV-T0.9,0.0000,0.2900,,0.00,,56.00
2026-09-02T04:00:00+00:00,KXCPICORE-26NOV-T0.9,0.0000,0.2900,,0.00,,56.00
2026-09-03T04:00:00+00:00,KXCPICORE-26NOV-T0.9,0.0000,0.2900,,0.00,,56.00
2026-09-04T04:00:00+00:00,KXCPICORE-26NOV-T0.9,0.0000,0.2900,,0.00,,56.00
2026-09-05T04:00:00+00:00,KXCPICORE-26NOV-T0.9,0.0000,0.2900,,0.00,,56.00
2026-09-10T04:00:00+00:00,KXCPICORE-26NOV-T0.9,0.0000,0.2900,,0.00,,56.00
2026-09-11T04:00:00+00:00,KXCPICORE-26NOV-T0.9,0.0000,0.2900,,0.00,,56.00
2026-09-12T04:00:00+00:00,KXCPICORE-26NOV-T0.9,0.0000,0.2900,,0.00,,56.00
2026-09-13T04:00:00+00:00,KXCPICORE-26NOV-T0.9,0.0000,0.2900,,0.00,,56.00
2026-09-15T04:00:00+00:00,KXCPICORE-26NOV-T0.9,0.0100,0.1200,0.0100,11.00,,56.00
2026-09-16T04:00:00+00:00,KXCPICORE-26NOV-T0.9,0.0400,0.0500,0.0300,100.00,,145.00
2026-09-17T04:00:00+00:00,KXCPICORE-26NOV-T0.9,0.0400,0.0500,0.0400,195.00,,145.00
2026-09-18T04:00:00+00:00,KXCPICORE-26NOV-T0.9,0.0300,0.0400,0.0400,228.00,,334.00
2026-09-19T04:00:00+00:00,KXCPICORE-26NOV-T0.9,0.0300,0.0400,,0.00,,334.00
2026-08-07T04:00:00+00:00,KXCPICORE-26NOV-T0.8,0.0000,0.0500,,0.00,,31.01
2026-08-20T04:00:00+00:00,KXCPICORE-26NOV-T0.8,0.0000,0.0500,,0.00,,31.01
2026-08-21T04:00:00+00:00,KXCPICORE-26NOV-T0.8,0.0000,0.3000,,0.00,,31.01
2026-08-22T04:00:00+00:00,KXCPICORE-26NOV-T0.8,0.0000,0.3000,,0.00,,31.01
2026-08-27T04:00:00+00:00,KXCPICORE-26NOV-T0.8,0.0000,0.3000,,0.00,,31.01
2026-08-28T04:00:00+00:00,KXCPICORE-26NOV-T0.8,0.0000,0.3000,,0.00,,31.01
2026-08-31T04:00:00+00:00,KXCPICORE-26NOV-T0.8,0.0000,0.3000,,0.00,,31.01
2026-09-01T04:00:00+00:00,KXCPICORE-26NOV-T0.8,0.0000,0.3000,,0.00,,31.01
2026-09-02T04:00:00+00:00,KXCPICORE-26NOV-T0.8,0.0000,0.3000,,0.00,,31.01
2026-09-03T04:00:00+00:00,KXCPICORE-26NOV-T0.8,0.0000,0.3000,,0.00,,31.01
2026-09-04T04:00:00+00:00,KXCPICORE-26NOV-T0.8,0.0000,0.3000,,0.00,,31.01
2026-09-05T04:00:00+00:00,KXCPICORE-26NOV-T0.8,0.0000,0.3000,,0.00,,31.01
2026-09-10T04:00:00+00:00,KXCPICORE-26NOV-T0.8,0.0000,0.3000,,0.00,,31.01
2026-09-11T04:00:00+00:00,KXCPICORE-26NOV-T0.8,0.0000,0.3000,,0.00,,31.01
2026-09-12T04:00:00+00:00,KXCPICORE-26NOV-T0.8,0.0000,0.3000,,0.00,,31.01
2026-09-13T04:00:00+00:00,KXCPICORE-26NOV-T0.8,0.0000,0.3000,,0.00,,31.01
2026-09-15T04:00:00+00:00,KXCPICORE-26NOV-T0.8,0.0200,0.2100,,0.00,,31.01
2026-09-16T04:00:00+00:00,KXCPICORE-26NOV-T0.8,0.0400,0.0600,,0.00,,31.01
2026-09-17T04:00:00+00:00,KXCPICORE-26NOV-T0.8,0.0500,0.0600,0.0500,169.00,,200.01
2026-09-18T04:00:00+00:00,KXCPICORE-26NOV-T0.8,0.0400,0.0500,,0.00,,200.01
2026-09-19T04:00:00+00:00,KXCPICORE-26NOV-T0.8,0.0400,0.0500,,0.00,,200.01
2026-08-03T04:00:00+00:00,KXCPICORE-26NOV-T0.7,0.0000,0.3000,,0.00,,82.00
2026-08-05T04:00:00+00:00,KXCPICORE-26NOV-T0.7,0.0000,0.3000,,0.00,,82.00
2026-08-06T04:00:00+00:00,KXCPICORE-26NOV-T0.7,0.0000,0.3000,,0.00,,82.00
2026-08-07T04:00:00+00:00,KXCPICORE-26NOV-T0.7,0.0000,0.3000,,0.00,,82.00
2026-08-08T04:00:00+00:00,KXCPICORE-26NOV-T0.7,0.0000,0.3000,,0.00,,82.00
2026-08-09T04:00:00+00:00,KXCPICORE-26NOV-T0.7,0.0000,0.3000,,0.00,,82.00
2026-08-11T04:00:00+00:00,KXCPICORE-26NOV-T0.7,0.0000,0.3000,,0.00,,82.00
2026-08-12T04:00:00+00:00,KXCPICORE-26NOV-T0.7,0.0000,0.3000,,0.00,,82.00
2026-08-13T04:00:00+00:00,KXCPICORE-26NOV-T0.7,0.0000,0.3000,,0.00,,82.00
2026-08-14T04:00:00+00:00,KXCPICORE-26NOV-T0.7,0.0000,0.3000,,0.00,,82.00
2026-08-15T04:00:00+00:00,KXCPICORE-26NOV-T0.7,0.0000,0.3000,,0.00,,82.00
2026-08-18T04:00:00+00:00,KXCPICORE-26NOV-T0.7,0.0000,0.3000,,0.00,,82.00
2026-08-19T04:00:00+00:00,KXCPICORE-26NOV-T0.7,0.0000,0.3000,,0.00,,82.00
2026-08-20T04:00:00+00:00,KXCPICORE-26NOV-T0.7,0.0000,0.3000,,0.00,,82.00
2026-08-21T04:00:00+00:00,KXCPICORE-26NOV-T0.7,0.0000,0.3000,,0.00,,82.00
2026-08-22T04:00:00+00:00,KXCPICORE-26NOV-T0.7,0.0000,0.3000,,0.00,,82.00
2026-08-27T04:00:00+00:00,KXCPICORE-26NOV-T0.7,0.0000,0.3000,,0.00,,82.00
2026-08-28T04:00:00+00:00,KXCPICORE-26NOV-T0.7,0.0000,0.3000,,0.00,,82.00
2026-08-31T04:00:00+00:00,KXCPICORE-26NOV-T0.7,0.0000,0.3000,,0.00,,82.00
2026-09-01T04:00:00+00:00,KXCPICORE-26NOV-T0.7,0.0000,0.3000,,0.00,,82.00
2026-09-02T04:00:00+00:00,KXCPICORE-26NOV-T0.7,0.0000,0.3000,,0.00,,82.00
2026-09-03T04:00:00+00:00,KXCPICORE-26NOV-T0.7,0.0000,0.3000,,0.00,,82.00
2026-09-04T04:00:00+00:00,KXCPICORE-26NOV-T0.7,0.0000,0.3000,,0.00,,82.00
2026-09-05T04:00:00+00:00,KXCPICORE-26NOV-T0.7,0.0000,0.3000,,0.00,,82.00
2026-09-10T04:00:00+00:00,KXCPICORE-26NOV-T0.7,0.0000,0.3000,,0.00,,82.00
2026-09-11T04:00:00+00:00,KXCPICORE-26NOV-T0.7,0.0000,0.3000,,0.00,,82.00
2026-09-12T04:00:00+00:00,KXCPICORE-26NOV-T0.7,0.0000,0.3000,,0.00,,82.00
2026-09-13T04:00:00+00:00,KXCPICORE-26NOV-T0.7,0.0000,0.3000,,0.00,,82.00
2026-09-15T04:00:00+00:00,KXCPICORE-26NOV-T0.7,0.0200,0.2300,,0.00,,82.00
2026-09-16T04:00:00+00:00,KXCPICORE-26NOV-T0.7,0.0400,0.0500,,0.00,,82.00
2026-09-17T04:00:00+00:00,KXCPICORE-26NOV-T0.7,0.0400,0.0500,,0.00,,82.00
2026-09-18T04:00:00+00:00,KXCPICORE-26NOV-T0.7,0.0400,0.0500,0.0400,158.00,,240.00
2026-09-19T04:00:00+00:00,KXCPICORE-26NOV-T0.7,0.0400,0.0500,,0.00,,240.00
2026-08-03T04:00:00+00:00,KXCPICORE-26NOV-T0.6,0.0000,0.3000,,0.00,,54.00
2026-08-05T04:00:00+00:00,KXCPICORE-26NOV-T0.6,0.0000,0.3000,,0.00,,54.00
2026-08-06T04:00:00+00:00,KXCPICORE-26NOV-T0.6,0.0000,0.3000,,0.00,,54.00
2026-08-07T04:00:00+00:00,KXCPICORE-26NOV-T0.6,0.0000,0.3000,,0.00,,54.00
2026-08-08T04:00:00+00:00,KXCPICORE-26NOV-T0.6,0.0000,0.3000,,0.00,,54.00
2026-08-09T04:00:00+00:00,KXCPICORE-26NOV-T0.6,0.0000,0.3000,,0.00,,54.00
2026-08-11T04:00:00+00:00,KXCPICORE-26NOV-T0.6,0.0000,0.3000,,0.00,,54.00
2026-08-12T04:00:00+00:00,KXCPICORE-26NOV-T0.6,0.0000,0.3000,,0.00,,54.00
2026-08-13T04:00:00+00:00,KXCPICORE-26NOV-T0.6,0.0000,0.3000,,0.00,,54.00
2026-08-14T04:00:00+00:00,KXCPICORE-26NOV-T0.6,0.0000,0.3000,,0.00,,54.00
2026-08-15T04:00:00+00:00,KXCPICORE-26NOV-T0.6,0.0000,0.3000,,0.00,,54.00
2026-08-18T04:00:00+00:00,KXCPICORE-26NOV-T0.6,0.0000,0.3000,,0.00,,54.00
2026-08-19T04:00:00+00:00,KXCPICORE-26NOV-T0.6,0.0000,0.3000,,0.00,,54.00
2026-08-20T04:00:00+00:00,KXCPICORE-26NOV-T0.6,0.0000,0.3000,,0.00,,54.00
2026-08-21T04:00:00+00:00,KXCPICORE-26NOV-T0.6,0.0000,0.3000,,0.00,,54.00
2026-08-22T04:00:00+00:00,KXCPICORE-26NOV-T0.6,0.0000,0.3000,,0.00,,54.00
2026-08-27T04:00:00+00:00,KXCPICORE-26NOV-T0.6,0.0000,0.3000,,0.00,,54.00
2026-08-28T04:00:00+00:00,KXCPICORE-26NOV-T0.6,0.0000,0.3000,,0.00,,54.00
2026-09-01T04:00:00+00:00,KXCPICORE-26NOV-T0.6,0.0000,0.3000,,0.00,,54.00
2026-09-02T04:00:00+00:00,KXCPICORE-26NOV-T0.6,0.0000,0.3000,,0.00,,54.00
2026-09-03T04:00:00+00:00,KXCPICORE-26NOV-T0.6,0.0000,0.3000,,0.00,,54.00
2026-09-04T04:00:00+00:00,KXCPICORE-26NOV-T0.6,0.0000,0.3000,,0.00,,54.00
2026-09-05T04:00:00+00:00,KXCPICORE-26NOV-T0.6,0.0000,0.3000,,0.00,,54.00
2026-09-10T04:00:00+00:00,KXCPICORE-26NOV-T0.6,0.0000,0.3000,,0.00,,54.00
2026-09-11T04:00:00+00:00,KXCPICORE-26NOV-T0.6,0.0000,0.3000,,0.00,,54.00
2026-09-12T04:00:00+00:00,KXCPICORE-26NOV-T0.6,0.0000,0.3000,,0.00,,54.00
2026-09-13T04:00:00+00:00,KXCPICORE-26NOV-T0.6,0.0000,0.3000,,0.00,,54.00
2026-09-15T04:00:00+00:00,KXCPICORE-26NOV-T0.6,0.0200,0.2500,,0.00,,54.00
2026-09-16T04:00:00+00:00,KXCPICORE-26NOV-T0.6,0.0400,0.0600,,0.00,,54.00
2026-09-17T04:00:00+00:00,KXCPICORE-26NOV-T0.6,0.0400,0.0500,0.0500,123.00,,177.00
2026-09-18T04:00:00+00:00,KXCPICORE-26NOV-T0.6,0.0400,0.0500,0.0400,58.00,,235.00
2026-09-19T04:00:00+00:00,KXCPICORE-26NOV-T0.6,0.0400,0.0500,,0.00,,235.00
2026-08-03T04:00:00+00:00,KXCPICORE-26NOV-T0.5,0.0000,0.3200,,0.00,,87.02
2026-08-05T04:00:00+00:00,KXCPICORE-26NOV-T0.5,0.0000,0.3200,,0.00,,87.02
2026-08-06T04:00:00+00:00,KXCPICORE-26NOV-T0.5,0.0000,0.3200,,0.00,,87.02
2026-08-07T04:00:00+00:00,KXCPICORE-26NOV-T0.5,0.0000,0.3200,,0.00,,87.02
2026-08-08T04:00:00+00:00,KXCPICORE-26NOV-T0.5,0.0000,0.3200,,0.00,,87.02
2026-08-09T04:00:00+00:00,KXCPICORE-26NOV-T0.5,0.0000,0.3200,,0.00,,87.02
2026-08-11T04:00:00+00:00,KXCPICORE-26NOV-T0.5,0.0000,0.3200,,0.00,,87.02
2026-08-12T04:00:00+00:00,KXCPICORE-26NOV-T0.5,0.0000,0.3200,,0.00,,87.02
2026-08-13T04:00:00+00:00,KXCPICORE-26NOV-T0.5,0.0000,0.3200,,0.00,,87.02
2026-08-14T04:00:00+00:00,KXCPICORE-26NOV-T0.5,0.0000,0.3200,,0.00,,87.02
2026-08-15T04:00:00+00:00,KXCPICORE-26NOV-T0.5,0.0000,0.3200,,0.00,,87.02
2026-08-18T04:00:00+00:00,KXCPICORE-26NOV-T0.5,0.0000,0.3200,,0.00,,87.02
2026-08-19T04:00:00+00:00,KXCPICORE-26NOV-T0.5,0.0000,0.3200,,0.00,,87.02
2026-08-20T04:00:00+00:00,KXCPICORE-26NOV-T0.5,0.0000,0.3200,,0.00,,87.02
2026-08-21T04:00:00+00:00,KXCPICORE-26NOV-T0.5,0.0000,0.3200,,0.00,,87.02
2026-08-22T04:00:00+00:00,KXCPICORE-26NOV-T0.5,0.0000,0.3200,,0.00,,87.02
2026-08-27T04:00:00+00:00,KXCPICORE-26NOV-T0.5,0.0000,0.3100,,0.00,,87.02
2026-08-28T04:00:00+00:00,KXCPICORE-26NOV-T0.5,0.0000,0.3100,,0.00,,87.02
2026-09-01T04:00:00+00:00,KXCPICORE-26NOV-T0.5,0.0000,0.3100,,0.00,,87.02
2026-09-02T04:00:00+00:00,KXCPICORE-26NOV-T0.5,0.0000,0.3100,,0.00,,87.02
2026-09-03T04:00:00+00:00,KXCPICORE-26NOV-T0.5,0.0000,0.3100,,0.00,,87.02
2026-09-04T04:00:00+00:00,KXCPICORE-26NOV-T0.5,0.0000,0.3100,,0.00,,87.02
2026-09-05T04:00:00+00:00,KXCPICORE-26NOV-T0.5,0.0000,0.3100,,0.00,,87.02
2026-09-10T04:00:00+00:00,KXCPICORE-26NOV-T0.5,0.0000,0.3100,,0.00,,87.02
2026-09-11T04:00:00+00:00,KXCPICORE-26NOV-T0.5,0.0000,0.3100,,0.00,,87.02
2026-09-12T04:00:00+00:00,KXCPICORE-26NOV-T0.5,0.0000,0.3100,,0.00,,87.02
2026-09-13T04:00:00+00:00,KXCPICORE-26NOV-T0.5,0.0000,0.3100,,0.00,,87.02
2026-09-15T04:00:00+00:00,KXCPICORE-26NOV-T0.5,0.0200,0.2400,,0.00,,87.02
2026-09-16T04:00:00+00:00,KXCPICORE-26NOV-T0.5,0.1000,0.1800,,0.00,,87.02
2026-09-17T04:00:00+00:00,KXCPICORE-26NOV-T0.5,0.0600,0.0700,0.0600,300.00,,202.02
2026-09-18T04:00:00+00:00,KXCPICORE-26NOV-T0.5,0.0500,0.0600,0.0500,185.00,,377.02
2026-09-19T04:00:00+00:00,KXCPICORE-26NOV-T0.5,0.0400,0.0500,0.0400,575.00,,401.02
2026-08-03T04:00:00+00:00,KXCPICORE-26NOV-T0.4,0.0000,0.0100,0.0400,1.00,,385.99
2026-08-04T04:00:00+00:00,KXCPICORE-26NOV-T0.4,0.0000,0.3700,0.0600,10.00,,385.99
2026-08-05T04:00:00+00:00,KXCPICORE-26NOV-T0.4,0.0000,0.3700,,0.00,,385.99
2026-08-06T04:00:00+00:00,KXCPICORE-26NOV-T0.4,0.0000,0.3700,,0.00,,385.99
2026-08-07T04:00:00+00:00,KXCPICORE-26NOV-T0.4,0.0000,0.3700,,0.00,,385.99
2026-08-08T04:00:00+00:00,KXCPICORE-26NOV-T0.4,0.0000,0.3700,,0.00,,385.99
2026-08-09T04:00:00+00:00,KXCPICORE-26NOV-T0.4,0.0000,0.3700,0.3700,0.97,,385.99
2026-08-11T04:00:00+00:00,KXCPICORE-26NOV-T0.4,0.0000,0.3700,,0.00,,385.99
2026-08-12T04:00:00+00:00,KXCPICORE-26NOV-T0.4,0.0000,0.3700,,0.00,,385.99
2026-08-13T04:00:00+00:00,KXCPICORE-26NOV-T0.4,0.0000,0.3700,,0.00,,385.99
2026-08-14T04:00:00+00:00,KXCPICORE-26NOV-T0.4,0.0000,0.3700,,0.00,,385.99
2026-08-15T04:00:00+00:00,KXCPICORE-26NOV-T0.4,0.0000,0.3700,,0.00,,385.99
2026-08-18T04:00:00+00:00,KXCPICORE-26NOV-T0.4,0.0000,0.3700,,0.00,,385.99
2026-08-19T04:00:00+00:00,KXCPICORE-26NOV-T0.4,0.0000,0.3700,,0.00,,385.99
2026-08-20T04:00:00+00:00,KXCPICORE-26NOV-T0.4,0.0000,0.3700,,0.00,,385.99
2026-08-21T04:00:00+00:00,KXCPICORE-26NOV-T0.4,0.0000,0.3700,,0.00,,385.99
2026-08-22T04:00:00+00:00,KXCPICORE-26NOV-T0.4,0.0000,0.3700,,0.00,,385.99
2026-08-27T04:00:00+00:00,KXCPICORE-26NOV-T0.4,0.0000,0.3600,,0.00,,385.99
2026-08-28T04:00:00+00:00,KXCPICORE-26NOV-T0.4,0.0000,0.0800,,0.00,,385.99
2026-08-31T04:00:00+00:00,KXCPICORE-26NOV-T0.4,0.0000,0.3600,,0.00,,385.99
2026-09-01T04:00:00+00:00,KXCPICORE-26NOV-T0.4,0.0000,0.3600,,0.00,,385.99
2026-09-02T04:00:00+00:00,KXCPICORE-26NOV-T0.4,0.0000,0.3600,,0.00,,385.99
2026-09-03T04:00:00+00:00,KXCPICORE-26NOV-T0.4,0.0000,0.3600,,0.00,,385.99
2026-09-04T04:00:00+00:00,KXCPICORE-26NOV-T0.4,0.0000,0.3600,,0.00,,385.99
2026-09-05T04:00:00+00:00,KXCPICORE-26NOV-T0.4,0.0000,0.3600,,0.00,,385.99
2026-09-10T04:00:00+00:00,KXCPICORE-26NOV-T0.4,0.0000,0.3600,,0.00,,385.99
2026-09-11T04:00:00+00:00,KXCPICORE-26NOV-T0.4,0.0000,0.3600,,0.00,,385.99
2026-09-12T04:00:00+00:00,KXCPICORE-26NOV-T0.4,0.0000,0.3600,,0.00,,385.99
2026-09-13T04:00:00+00:00,KXCPICORE-26NOV-T0.4,0.0000,0.3600,,0.00,,385.99
2026-09-15T04:00:00+00:00,KXCPICORE-26NOV-T0.4,0.0600,0.3000,,0.00,,385.99
2026-09-16T04:00:00+00:00,KXCPICORE-26NOV-T0.4,0.1200,0.2200,,0.00,,385.99
2026-09-17T04:00:00+00:00,KXCPICORE-26NOV-T0.4,0.0900,0.1000,0.0900,190.00,,575.99
2026-09-18T04:00:00+00:00,KXCPICORE-26NOV-T0.4,0.0900,0.1000,0.1000,93.00,,570.99
2026-09-19T04:00:00+00:00,KXCPICORE-26NOV-T0.4,0.0800,0.0900,0.0900,500.00,,1070.99
2026-08-03T04:00:00+00:00,KXCPICORE-26NOV-T0.3,0.0000,0.5300,,0.00,,21.00
2026-08-04T04:00:00+00:00,KXCPICORE-26NOV-T0.3,0.0000,0.5300,,0.00,,21.00
2026-08-05T04:00:00+00:00,KXCPICORE-26NOV-T0.3,0.0000,0.5300,,0.00,,21.00
2026-08-06T04:00:00+00:00,KXCPICORE-26NOV-T0.3,0.0000,0.5300,,0.00,,21.00
2026-08-07T04:00:00+00:00,KXCPICORE-26NOV-T0.3,0.0000,0.5300,,0.00,,21.00
2026-08-08T04:00:00+00:00,KXCPICORE-26NOV-T0.3,0.0000,0.5300,,0.00,,21.00
2026-08-09T04:00:00+00:00,KXCPICORE-26NOV-T0.3,0.0000,0.5300,,0.00,,21.00
2026-08-11T04:00:00+00:00,KXCPICORE-26NOV-T0.3,0.0000,0.5300,,0.00,,21.00
2026-08-12T04:00:00+00:00,KXCPICORE-26NOV-T0.3,0.0000,0.5300,,0.00,,21.00
2026-08-13T04:00:00+00:00,KXCPICORE-26NOV-T0.3,0.0000,0.5400,,0.00,,21.00
2026-08-14T04:00:00+00:00,KXCPICORE-26NOV-T0.3,0.0000,0.5400,,0.00,,21.00
2026-08-15T04:00:00+00:00,KXCPICORE-26NOV-T0.3,0.0000,0.5400,,0.00,,21.00
2026-08-18T04:00:00+00:00,KXCPICORE-26NOV-T0.3,0.0000,0.5400,,0.00,,21.00
2026-08-19T04:00:00+00:00,KXCPICORE-26NOV-T0.3,0.0000,0.5400,,0.00,,21.00
2026-08-20T04:00:00+00:00,KXCPICORE-26NOV-T0.3,0.0000,0.5400,,0.00,,21.00
2026-08-21T04:00:00+00:00,KXCPICORE-26NOV-T0.3,0.0000,0.5400,,0.00,,21.00
2026-08-22T04:00:00+00:00,KXCPICORE-26NOV-T0.3,0.0000,0.5400,,0.00,,21.00
2026-08-26T04:00:00+00:00,KXCPICORE-26NOV-T0.3,0.0000,0.5400,,0.00,,21.00
2026-08-27T04:00:00+00:00,KXCPICORE-26NOV-T0.3,0.0000,0.5300,0.5300,1.72,,22.72
2026-08-28T04:00:00+00:00,KXCPICORE-26NOV-T0.3,0.0000,0.5300,,0.00,,22.72
2026-08-31T04:00:00+00:00,KXCPICORE-26NOV-T0.3,0.2200,0.3900,,0.00,,22.72
2026-09-01T04:00:00+00:00,KXCPICORE-26NOV-T0.3,0.1000,0.4200,,0.00,,22.72
2026-09-02T04:00:00+00:00,KXCPICORE-26NOV-T0.3,0.1100,0.4900,,0.00,,22.72
2026-09-03T04:00:00+00:00,KXCPICORE-26NOV-T0.3,0.0600,0.5200,,0.00,,22.72
2026-09-04T04:00:00+00:00,KXCPICORE-26NOV-T0.3,0.0700,0.5200,,0.00,,22.72
2026-09-05T04:00:00+00:00,KXCPICORE-26NOV-T0.3,0.0800,0.5200,,0.00,,22.72
2026-09-06T04:00:00+00:00,KXCPICORE-26NOV-T0.3,0.0800,0.5300,,0.00,,22.72
2026-09-07T04:00:00+00:00,KXCPICORE-26NOV-T0.3,0.0600,0.5300,,0.00,,22.72
2026-09-10T04:00:00+00:00,KXCPICORE-26NOV-T0.3,0.0600,0.5300,,0.00,,22.72
2026-09-11T04:00:00+00:00,KXCPICORE-26NOV-T0.3,0.0600,0.5300,,0.00,,22.72
2026-09-12T04:00:00+00:00,KXCPICORE-26NOV-T0.3,0.0600,0.5300,,0.00,,22.72
2026-09-13T04:00:00+00:00,KXCPICORE-26NOV-T0.3,0.0600,0.5300,,0.00,,22.72
2026-09-15T04:00:00+00:00,KXCPICORE-26NOV-T0.3,0.2200,0.3500,,0.00,,22.72
2026-09-16T04:00:00+00:00,KXCPICORE-26NOV-T0.3,0.2600,0.3000,,0.00,,22.72
2026-09-17T04:00:00+00:00,KXCPICORE-26NOV-T0.3,0.2600,0.2700,0.2700,121.00,,143.72
2026-09-18T04:00:00+00:00,KXCPICORE-26NOV-T0.3,0.2700,0.2800,,0.00,,143.72
2026-09-19T04:00:00+00:00,KXCPICORE-26NOV-T0.3,0.1900,0.2100,0.2000,1855.50,,1751.00
2026-08-02T04:00:00+00:00,KXCPICORE-26NOV-T0.2,0.4100,0.9400,,0.00,,35.00
2026-08-03T04:00:00+00:00,KXCPICORE-26NOV-T0.2,0.5100,0.9400,,0.00,,35.00
2026-08-04T04:00:00+00:00,KXCPICORE-26NOV-T0.2,0.3900,0.9400,,0.00,,35.00
2026-08-05T04:00:00+00:00,KXCPICORE-26NOV-T0.2,0.3700,0.9400,,0.00,,35.00
2026-08-06T04:00:00+00:00,KXCPICORE-26NOV-T0.2,0.3800,0.9400,,0.00,,35.00
2026-08-07T04:00:00+00:00,KXCPICORE-26NOV-T0.2,0.4100,0.9400,,0.00,,35.00
2026-08-08T04:00:00+00:00,KXCPICORE-26NOV-T0.2,0.3800,0.9400,,0.00,,35.00
2026-08-09T04:00:00+00:00,KXCPICORE-26NOV-T0.2,0.3800,0.9400,,0.00,,35.00
2026-08-10T04:00:00+00:00,KXCPICORE-26NOV-T0.2,0.3800,0.9400,,0.00,,35.00
2026-08-11T04:00:00+00:00,KXCPICORE-26NOV-T0.2,0.3800,0.9400,,0.00,,35.00
2026-08-12T04:00:00+00:00,KXCPICORE-26NOV-T0.2,0.3800,0.9400,,0.00,,35.00
2026-08-13T04:00:00+00:00,KXCPICORE-26NOV-T0.2,0.4000,0.9400,,0.00,,35.00
2026-08-14T04:00:00+00:00,KXCPICORE-26NOV-T0.2,0.4100,0.9400,,0.00,,35.00
2026-08-15T04:00:00+00:00,KXCPICORE-26NOV-T0.2,0.4100,0.9400,,0.00,,35.00
2026-08-16T04:00:00+00:00,KXCPICORE-26NOV-T0.2,0.4100,0.9400,,0.00,,35.00
2026-08-17T04:00:00+00:00,KXCPICORE-26NOV-T0.2,0.4000,0.9400,,0.00,,35.00
2026-08-18T04:00:00+00:00,KXCPICORE-26NOV-T0.2,0.4000,0.9400,,0.00,,35.00
2026-08-19T04:00:00+00:00,KXCPICORE-26NOV-T0.2,0.4100,0.9400,,0.00,,35.00
2026-08-20T04:00:00+00:00,KXCPICORE-26NOV-T0.2,0.4100,0.9400,,0.00,,35.00
2026-08-21T04:00:00+00:00,KXCPICORE-26NOV-T0.2,0.4100,0.9400,,0.00,,35.00
2026-08-22T04:00:00+00:00,KXCPICORE-26NOV-T0.2,0.4100,0.9400,,0.00,,35.00
2026-08-23T04:00:00+00:00,KXCPICORE-26NOV-T0.2,0.4200,0.9400,,0.00,,35.00
2026-08-24T04:00:00+00:00,KXCPICORE-26NOV-T0.2,0.4700,0.9400,,0.00,,35.00
2026-08-25T04:00:00+00:00,KXCPICORE-26NOV-T0.2,0.4300,0.9400,,0.00,,35.00
2026-08-26T04:00:00+00:00,KXCPICORE-26NOV-T0.2,0.4100,0.9400,,0.00,,35.00
2026-08-27T04:00:00+00:00,KXCPICORE-26NOV-T0.2,0.4300,0.9400,,0.00,,35.00
2026-08-28T04:00:00+00:00,KXCPICORE-26NOV-T0.2,0.4100,0.9100,,0.00,,35.00
2026-08-29T04:00:00+00:00,KXCPICORE-26NOV-T0.2,0.4200,0.8800,,0.00,,35.00
2026-08-30T04:00:00+00:00,KXCPICORE-26NOV-T0.2,0.4300,0.9000,,0.00,,35.00
2026-08-31T04:00:00+00:00,KXCPICORE-26NOV-T0.2,0.5300,0.7500,,0.00,,35.00
2026-09-01T04:00:00+00:00,KXCPICORE-26NOV-T0.2,0.5600,0.6600,,0.00,,35.00
2026-09-02T04:00:00+00:00,KXCPICORE-26NOV-T0.2,0.4900,0.5900,,0.00,,35.00
2026-09-03T04:00:00+00:00,KXCPICORE-26NOV-T0.2,0.4300,0.7000,,0.00,,35.00
2026-09-04T04:00:00+00:00,KXCPICORE-26NOV-T0.2,0.4100,0.7800,,0.00,,35.00
2026-09-05T04:00:00+00:00,KXCPICORE-26NOV-T0.2,0.4100,0.7200,,0.00,,35.00
2026-09-06T04:00:00+00:00,KXCPICORE-26NOV-T0.2,0.4000,0.7300,,0.00,,35.00
2026-09-07T04:00:00+00:00,KXCPICORE-26NOV-T0.2,0.4100,0.8500,,0.00,,35.00
2026-09-10T04:00:00+00:00,KXCPICORE-26NOV-T0.2,0.4100,0.9300,,0.00,,35.00
2026-09-11T04:00:00+00:00,KXCPICORE-26NOV-T0.2,0.4000,0.9300,,0.00,,35.00
2026-09-12T04:00:00+00:00,KXCPICORE-26NOV-T0.2,0.4000,0.9300,,0.00,,35.00
2026-09-13T04:00:00+00:00,KXCPICORE-26NOV-T0.2,0.4100,0.9300,,0.00,,35.00
2026-09-14T04:00:00+00:00,KXCPICORE-26NOV-T0.2,0.4200,0.9300,,0.00,,35.00
2026-09-15T04:00:00+00:00,KXCPICORE-26NOV-T0.2,0.5700,0.7000,,0.00,,35.00
2026-09-16T04:00:00+00:00,KXCPICORE-26NOV-T0.2,0.4900,0.6300,0.6200,1255.04,,1015.04
2026-09-17T04:00:00+00:00,KXCPICORE-26NOV-T0.2,0.5200,0.5700,,0.00,,1015.04
2026-09-18T04:00:00+00:00,KXCPICORE-26NOV-T0.2,0.5500,0.6000,,0.00,,1015.04
2026-09-19T04:00:00+00:00,KXCPICORE-26NOV-T0.2,0.5600,0.5900,,0.00,,1015.04
2026-08-02T04:00:00+00:00,KXCPICORE-26NOV-T0.1,0.6700,0.9900,,0.00,,59.01
2026-08-04T04:00:00+00:00,KXCPICORE-26NOV-T0.1,0.6700,0.9900,,0.00,,59.01
2026-08-05T04:00:00+00:00,KXCPICORE-26NOV-T0.1,0.6600,0.9900,,0.00,,59.01
2026-08-06T04:00:00+00:00,KXCPICORE-26NOV-T0.1,0.6600,0.9900,,0.00,,59.01
2026-08-07T04:00:00+00:00,KXCPICORE-26NOV-T0.1,0.6700,0.9900,,0.00,,59.01
2026-08-08T04:00:00+00:00,KXCPICORE-26NOV-T0.1,0.6700,0.9900,,0.00,,59.01
2026-08-09T04:00:00+00:00,KXCPICORE-26NOV-T0.1,0.6700,0.9900,0.6700,0.99,,59.01
2026-08-10T04:00:00+00:00,KXCPICORE-26NOV-T0.1,0.6700,0.9800,,0.00,,59.01
2026-08-13T04:00:00+00:00,KXCPICORE-26NOV-T0.1,0.6700,0.9800,0.6700,2.00,,59.01
2026-08-14T04:00:00+00:00,KXCPICORE-26NOV-T0.1,0.6800,0.9800,,0.00,,59.01
2026-08-15T04:00:00+00:00,KXCPICORE-26NOV-T0.1,0.6800,0.9800,,0.00,,59.01
2026-08-16T04:00:00+00:00,KXCPICORE-26NOV-T0.1,0.6800,0.9800,,0.00,,59.01
2026-08-17T04:00:00+00:00,KXCPICORE-26NOV-T0.1,0.6700,0.9800,,0.00,,59.01
2026-08-18T04:00:00+00:00,KXCPICORE-26NOV-T0.1,0.6700,0.9800,,0.00,,59.01
2026-08-19T04:00:00+00:00,KXCPICORE-26NOV-T0.1,0.6800,0.9800,,0.00,,59.01
2026-08-20T04:00:00+00:00,KXCPICORE-26NOV-T0.1,0.6800,0.9800,,0.00,,59.01
2026-08-21T04:00:00+00:00,KXCPICORE-26NOV-T0.1,0.6700,0.9800,,0.00,,59.01
2026-08-22T04:00:00+00:00,KXCPICORE-26NOV-T0.1,0.6700,0.9800,,0.00,,59.01
2026-08-23T04:00:00+00:00,KXCPICORE-26NOV-T0.1,0.6800,0.9800,,0.00,,59.01
2026-08-24T04:00:00+00:00,KXCPICORE-26NOV-T0.1,0.6800,0.9800,,0.00,,59.01
2026-08-25T04:00:00+00:00,KXCPICORE-26NOV-T0.1,0.6800,0.9800,,0.00,,59.01
2026-08-26T04:00:00+00:00,KXCPICORE-26NOV-T0.1,0.6700,0.9800,,0.00,,59.01
2026-08-27T04:00:00+00:00,KXCPICORE-26NOV-T0.1,0.6900,0.9800,,0.00,,59.01
2026-08-28T04:00:00+00:00,KXCPICORE-26NOV-T0.1,0.6800,0.9600,,0.00,,59.01
2026-08-29T04:00:00+00:00,KXCPICORE-26NOV-T0.1,0.6900,0.9300,,0.00,,59.01
2026-08-30T04:00:00+00:00,KXCPICORE-26NOV-T0.1,0.6900,0.9800,,0.00,,59.01
2026-08-31T04:00:00+00:00,KXCPICORE-26NOV-T0.1,0.6900,0.9700,,0.00,,59.01
2026-09-01T04:00:00+00:00,KXCPICORE-26NOV-T0.1,0.7100,0.8900,,0.00,,59.01
2026-09-02T04:00:00+00:00,KXCPICORE-26NOV-T0.1,0.6900,0.9800,,0.00,,59.01
2026-09-03T04:00:00+00:00,KXCPICORE-26NOV-T0.1,0.6800,0.9800,,0.00,,59.01
2026-09-04T04:00:00+00:00,KXCPICORE-26NOV-T0.1,0.6600,0.9800,,0.00,,59.01
2026-09-05T04:00:00+00:00,KXCPICORE-26NOV-T0.1,0.6600,0.9800,,0.00,,59.01
2026-09-07T04:00:00+00:00,KXCPICORE-26NOV-T0.1,0.6700,0.9800,,0.00,,59.01
2026-09-11T04:00:00+00:00,KXCPICORE-26NOV-T0.1,0.6600,0.9800,,0.00,,59.01
2026-09-12T04:00:00+00:00,KXCPICORE-26NOV-T0.1,0.6600,0.9800,,0.00,,59.01
2026-09-13T04:00:00+00:00,KXCPICORE-26NOV-T0.1,0.6700,0.9800,,0.00,,59.01
2026-09-15T04:00:00+00:00,KXCPICORE-26NOV-T0.1,0.7500,0.9300,0.7400,0.01,,59.00
2026-09-16T04:00:00+00:00,KXCPICORE-26NOV-T0.1,0.8600,0.9000,,0.00,,59.00
2026-09-17T04:00:00+00:00,KXCPICORE-26NOV-T0.1,0.8800,0.9000,,0.00,,59.00
2026-09-18T04:00:00+00:00,KXCPICORE-26NOV-T0.1,0.8800,0.9000,0.8900,0.02,,59.00
2026-09-19T04:00:00+00:00,KXCPICORE-26NOV-T0.1,0.8800,0.9000,0.8800,69.00,,109.00
2026-08-02T04:00:00+00:00,KXCPICORE-26NOV-T0.0,0.7100,0.9900,,0.00,,24.00
2026-08-04T04:00:00+00:00,KXCPICORE-26NOV-T0.0,0.7100,0.9900,,0.00,,24.00
2026-08-05T04:00:00+00:00,KXCPICORE-26NOV-T0.0,0.7000,0.9900,,0.00,,24.00
2026-08-06T04:00:00+00:00,KXCPICORE-26NOV-T0.0,0.7000,0.9900,,0.00,,24.00
2026-08-07T04:00:00+00:00,KXCPICORE-26NOV-T0.0,0.7100,0.9900,,0.00,,24.00
2026-08-08T04:00:00+00:00,KXCPICORE-26NOV-T0.0,0.7000,1.0000,,0.00,,24.00
2026-08-09T04:00:00+00:00,KXCPICORE-26NOV-T0.0,0.7000,1.0000,,0.00,,24.00
2026-08-11T04:00:00+00:00,KXCPICORE-26NOV-T0.0,0.7000,1.0000,,0.00,,24.00
2026-08-12T04:00:00+00:00,KXCPICORE-26NOV-T0.0,0.7000,1.0000,,0.00,,24.00
2026-08-13T04:00:00+00:00,KXCPICORE-26NOV-T0.0,0.7000,1.0000,,0.00,,24.00
2026-08-14T04:00:00+00:00,KXCPICORE-26NOV-T0.0,0.7000,1.0000,,0.00,,24.00
2026-08-15T04:00:00+00:00,KXCPICORE-26NOV-T0.0,0.7000,1.0000,,0.00,,24.00
2026-08-18T04:00:00+00:00,KXCPICORE-26NOV-T0.0,0.7000,1.0000,,0.00,,24.00
2026-08-19T04:00:00+00:00,KXCPICORE-26NOV-T0.0,0.7000,1.0000,,0.00,,24.00
2026-08-20T04:00:00+00:00,KXCPICORE-26NOV-T0.0,0.7000,1.0000,,0.00,,24.00
2026-08-21T04:00:00+00:00,KXCPICORE-26NOV-T0.0,0.7000,1.0000,,0.00,,24.00
2026-08-22T04:00:00+00:00,KXCPICORE-26NOV-T0.0,0.7000,1.0000,,0.00,,24.00
2026-08-27T04:00:00+00:00,KXCPICORE-26NOV-T0.0,0.7000,1.0000,,0.00,,24.00
2026-08-28T04:00:00+00:00,KXCPICORE-26NOV-T0.0,0.7000,1.0000,,0.00,,24.00
2026-09-01T04:00:00+00:00,KXCPICORE-26NOV-T0.0,0.7000,1.0000,,0.00,,24.00
2026-09-02T04:00:00+00:00,KXCPICORE-26NOV-T0.0,0.7000,1.0000,,0.00,,24.00
2026-09-03T04:00:00+00:00,KXCPICORE-26NOV-T0.0,0.7000,1.0000,,0.00,,24.00
2026-09-04T04:00:00+00:00,KXCPICORE-26NOV-T0.0,0.6900,1.0000,,0.00,,24.00
2026-09-05T04:00:00+00:00,KXCPICORE-26NOV-T0.0,0.6900,1.0000,,0.00,,24.00
2026-09-10T04:00:00+00:00,KXCPICORE-26NOV-T0.0,0.6900,1.0000,,0.00,,24.00
2026-09-11T04:00:00+00:00,KXCPICORE-26NOV-T0.0,0.6900,1.0000,,0.00,,24.00
2026-09-12T04:00:00+00:00,KXCPICORE-26NOV-T0.0,0.6900,1.0000,,0.00,,24.00
2026-09-15T04:00:00+00:00,KXCPICORE-26NOV-T0.0,0.7600,0.9800,,0.00,,24.00
2026-09-16T04:00:00+00:00,KXCPICORE-26NOV-T0.0,0.8600,0.9700,,0.00,,24.00
2026-09-17T04:00:00+00:00,KXCPICORE-26NOV-T0.0,0.9600,0.9700,,0.00,,24.00
2026-09-18T04:00:00+00:00,KXCPICORE-26NOV-T0.0,0.9600,0.9700,0.9600,22.00,,24.00
2026-09-19T04:00:00+00:00,KXCPICORE-26NOV-T0.0,0.9600,0.9700,,0.00,,24.00
2026-08-21T04:00:00+00:00,KXCPICORE-26OCT-T1.0,0.0000,0.3100,0.0100,8.01,,14.01
2026-08-22T04:00:00+00:00,KXCPICORE-26OCT-T1.0,0.0000,0.3100,,0.00,,14.01
2026-08-27T04:00:00+00:00,KXCPICORE-26OCT-T1.0,0.0000,0.3000,,0.00,,14.01
2026-08-28T04:00:00+00:00,KXCPICORE-26OCT-T1.0,0.0000,0.3000,,0.00,,14.01
2026-08-29T04:00:00+00:00,KXCPICORE-26OCT-T1.0,0.0000,1.0000,0.9900,9960.00,,19.01
2026-08-31T04:00:00+00:00,KXCPICORE-26OCT-T1.0,0.0000,0.9700,,0.00,,19.01
2026-09-03T04:00:00+00:00,KXCPICORE-26OCT-T1.0,0.0000,0.9700,,0.00,,19.01
2026-09-04T04:00:00+00:00,KXCPICORE-26OCT-T1.0,0.0000,0.2900,,0.00,,19.01
2026-09-05T04:00:00+00:00,KXCPICORE-26OCT-T1.0,0.0000,0.2900,,0.00,,19.01
2026-09-10T04:00:00+00:00,KXCPICORE-26OCT-T1.0,0.0000,0.2900,,0.00,,19.01
2026-09-11T04:00:00+00:00,KXCPICORE-26OCT-T1.0,0.0000,0.2900,,0.00,,19.01
2026-09-12T04:00:00+00:00,KXCPICORE-26OCT-T1.0,0.0000,0.2900,,0.00,,19.01
2026-09-13T04:00:00+00:00,KXCPICORE-26OCT-T1.0,0.0000,0.2900,,0.00,,19.01
2026-09-14T04:00:00+00:00,KXCPICORE-26OCT-T1.0,0.0000,0.3000,,0.00,,19.01
2026-09-15T04:00:00+00:00,KXCPICORE-26OCT-T1.0,0.0000,0.0100,0.0100,1200.00,,1219.01
2026-09-16T04:00:00+00:00,KXCPICORE-26OCT-T1.0,0.0000,0.0100,,0.00,,1219.01
2026-09-18T04:00:00+00:00,KXCPICORE-26OCT-T1.0,0.0000,0.0100,,0.00,,1219.01
2026-08-29T04:00:00+00:00,KXCPICORE-26OCT-T0.9,0.1600,0.9500,0.1500,4.00,,6.00
2026-08-30T04:00:00+00:00,KXCPICORE-26OCT-T0.9,0.1500,0.9900,,0.00,,6.00
2026-08-31T04:00:00+00:00,KXCPICORE-26OCT-T0.9,0.0000,0.9900,0.1500,1.00,,7.00
2026-09-04T04:00:00+00:00,KXCPICORE-26OCT-T0.9,0.0000,0.2900,,0.00,,7.00
2026-09-05T04:00:00+00:00,KXCPICORE-26OCT-T0.9,0.0000,0.2900,,0.00,,7.00
2026-09-10T04:00:00+00:00,KXCPICORE-26OCT-T0.9,0.0000,0.2900,,0.00,,7.00
2026-09-11T04:00:00+00:00,KXCPICORE-26OCT-T0.9,0.0000,0.2900,,0.00,,7.00
2026-09-13T04:00:00+00:00,KXCPICORE-26OCT-T0.9,0.0000,0.2900,,0.00,,7.00
2026-09-14T04:00:00+00:00,KXCPICORE-26OCT-T0.9,0.0000,0.3000,,0.00,,7.00
2026-09-15T04:00:00+00:00,KXCPICORE-26OCT-T0.9,0.0000,0.0100,0.0100,4000.00,,4007.00
2026-09-18T04:00:00+00:00,KXCPICORE-26OCT-T0.9,0.0000,0.0100,,0.00,,4007.00
2026-09-19T04:00:00+00:00,KXCPICORE-26OCT-T0.9,0.0000,0.0100,,0.00,,4007.00
2026-08-07T04:00:00+00:00,KXCPICORE-26OCT-T0.8,0.0000,0.0500,,0.00,,25.00
2026-08-20T04:00:00+00:00,KXCPICORE-26OCT-T0.8,0.0000,0.0500,,0.00,,25.00
2026-08-21T04:00:00+00:00,KXCPICORE-26OCT-T0.8,0.0000,0.3000,,0.00,,25.00
2026-08-22T04:00:00+00:00,KXCPICORE-26OCT-T0.8,0.0000,0.3000,,0.00,,25.00
2026-08-23T04:00:00+00:00,KXCPICORE-26OCT-T0.8,0.0000,0.2900,,0.00,,25.00
2026-08-24T04:00:00+00:00,KXCPICORE-26OCT-T0.8,0.0000,0.2900,,0.00,,25.00
2026-08-25T04:00:00+00:00,KXCPICORE-26OCT-T0.8,0.0000,0.2900,,0.00,,25.00
2026-08-26T04:00:00+00:00,KXCPICORE-26OCT-T0.8,0.0000,0.2900,,0.00,,25.00
2026-08-27T04:00:00+00:00,KXCPICORE-26OCT-T0.8,0.0000,0.2900,,0.00,,25.00
2026-08-28T04:00:00+00:00,KXCPICORE-26OCT-T0.8,0.0000,0.2800,,0.00,,25.00
2026-08-29T04:00:00+00:00,KXCPICORE-26OCT-T0.8,0.1400,0.2700,,0.00,,25.00
2026-08-30T04:00:00+00:00,KXCPICORE-26OCT-T0.8,0.0000,0.9800,,0.00,,25.00
2026-08-31T04:00:00+00:00,KXCPICORE-26OCT-T0.8,0.0000,0.9700,,0.00,,25.00
2026-09-01T04:00:00+00:00,KXCPICORE-26OCT-T0.8,0.0000,0.9700,,0.00,,25.00
2026-09-02T04:00:00+00:00,KXCPICORE-26OCT-T0.8,0.0000,0.9700,,0.00,,25.00
2026-09-03T04:00:00+00:00,KXCPICORE-26OCT-T0.8,0.0000,0.9700,,0.00,,25.00
2026-09-04T04:00:00+00:00,KXCPICORE-26OCT-T0.8,0.0000,0.2900,,0.00,,25.00
2026-09-05T04:00:00+00:00,KXCPICORE-26OCT-T0.8,0.0000,0.2800,,0.00,,25.00
2026-09-06T04:00:00+00:00,KXCPICORE-26OCT-T0.8,0.0000,0.2800,,0.00,,25.00
2026-09-07T04:00:00+00:00,KXCPICORE-26OCT-T0.8,0.0000,0.2800,,0.00,,25.00
2026-09-08T04:00:00+00:00,KXCPICORE-26OCT-T0.8,0.0000,0.2800,,0.00,,25.00
2026-09-09T04:00:00+00:00,KXCPICORE-26OCT-T0.8,0.0000,0.2800,,0.00,,25.00
2026-09-10T04:00:00+00:00,KXCPICORE-26OCT-T0.8,0.0000,0.2800,,0.00,,25.00
2026-09-11T04:00:00+00:00,KXCPICORE-26OCT-T0.8,0.0000,0.2800,,0.00,,25.00
2026-09-12T04:00:00+00:00,KXCPICORE-26OCT-T0.8,0.0000,0.2800,,0.00,,25.00
2026-09-13T04:00:00+00:00,KXCPICORE-26OCT-T0.8,0.0000,0.2800,,0.00,,25.00
2026-09-14T04:00:00+00:00,KXCPICORE-26OCT-T0.8,0.0000,0.2800,,0.00,,25.00
2026-09-15T04:00:00+00:00,KXCPICORE-26OCT-T0.8,0.0100,0.0200,0.0100,4000.00,,3025.00
2026-09-16T04:00:00+00:00,KXCPICORE-26OCT-T0.8,0.0100,0.0200,,0.00,,3025.00
2026-09-17T04:00:00+00:00,KXCPICORE-26OCT-T0.8,0.0100,0.0200,,0.00,,3025.00
2026-09-18T04:00:00+00:00,KXCPICORE-26OCT-T0.8,0.0000,0.0100,0.0100,1250.00,,4275.00
2026-09-19T04:00:00+00:00,KXCPICORE-26OCT-T0.8,0.0000,0.0100,,0.00,,4275.00
2026-08-05T04:00:00+00:00,KXCPICORE-26OCT-T0.7,0.0000,0.3100,,0.00,,36.00
2026-08-06T04:00:00+00:00,KXCPICORE-26OCT-T0.7,0.0000,0.3100,,0.00,,36.00
2026-08-07T04:00:00+00:00,KXCPICORE-26OCT-T0.7,0.0000,0.3100,,0.00,,36.00
2026-08-08T04:00:00+00:00,KXCPICORE-26OCT-T0.7,0.0000,0.3100,,0.00,,36.00
2026-08-11T04:00:00+00:00,KXCPICORE-26OCT-T0.7,0.0000,0.3100,,0.00,,36.00
2026-08-12T04:00:00+00:00,KXCPICORE-26OCT-T0.7,0.0000,0.3100,,0.00,,36.00
2026-08-13T04:00:00+00:00,KXCPICORE-26OCT-T0.7,0.0000,0.3100,,0.00,,36.00
2026-08-14T04:00:00+00:00,KXCPICORE-26OCT-T0.7,0.0000,0.3100,,0.00,,36.00
2026-08-15T04:00:00+00:00,KXCPICORE-26OCT-T0.7,0.0000,0.3100,,0.00,,36.00
2026-08-18T04:00:00+00:00,KXCPICORE-26OCT-T0.7,0.0000,0.3100,,0.00,,36.00
2026-08-19T04:00:00+00:00,KXCPICORE-26OCT-T0.7,0.0000,0.3100,,0.00,,36.00
2026-08-20T04:00:00+00:00,KXCPICORE-26OCT-T0.7,0.0000,0.3100,,0.00,,36.00
2026-08-21T04:00:00+00:00,KXCPICORE-26OCT-T0.7,0.0000,0.3000,0.0100,7600.00,,36.00
2026-08-22T04:00:00+00:00,KXCPICORE-26OCT-T0.7,0.0000,0.3100,,0.00,,36.00
2026-08-27T04:00:00+00:00,KXCPICORE-26OCT-T0.7,0.0000,0.3000,,0.00,,36.00
2026-08-28T04:00:00+00:00,KXCPICORE-26OCT-T0.7,0.0000,0.3000,,0.00,,36.00
2026-08-29T04:00:00+00:00,KXCPICORE-26OCT-T0.7,0.0000,1.0000,0.9900,30000.00,,502.00
2026-08-31T04:00:00+00:00,KXCPICORE-26OCT-T0.7,0.0000,0.9700,,0.00,,502.00
2026-09-01T04:00:00+00:00,KXCPICORE-26OCT-T0.7,0.0000,0.9700,,0.00,,502.00
2026-09-02T04:00:00+00:00,KXCPICORE-26OCT-T0.7,0.0000,0.9700,,0.00,,502.00
2026-09-03T04:00:00+00:00,KXCPICORE-26OCT-T0.7,0.0000,0.9700,,0.00,,502.00
2026-09-04T04:00:00+00:00,KXCPICORE-26OCT-T0.7,0.0000,0.2900,,0.00,,502.00
2026-09-05T04:00:00+00:00,KXCPICORE-26OCT-T0.7,0.0000,0.2900,,0.00,,502.00
2026-09-08T04:00:00+00:00,KXCPICORE-26OCT-T0.7,0.0000,0.2900,,0.00,,502.00
2026-09-09T04:00:00+00:00,KXCPICORE-26OCT-T0.7,0.0000,0.2900,,0.00,,502.00
2026-09-10T04:00:00+00:00,KXCPICORE-26OCT-T0.7,0.0000,0.2900,,0.00,,502.00
2026-09-11T04:00:00+00:00,KXCPICORE-26OCT-T0.7,0.0000,0.2900,,0.00,,502.00
2026-09-12T04:00:00+00:00,KXCPICORE-26OCT-T0.7,0.0000,0.2900,,0.00,,502.00
2026-09-13T04:00:00+00:00,KXCPICORE-26OCT-T0.7,0.0000,0.3000,,0.00,,502.00
2026-09-14T04:00:00+00:00,KXCPICORE-26OCT-T0.7,0.0000,0.3000,,0.00,,502.00
2026-09-15T04:00:00+00:00,KXCPICORE-26OCT-T0.7,0.0100,0.0200,0.0200,1326.00,,1809.00
2026-09-16T04:00:00+00:00,KXCPICORE-26OCT-T0.7,0.0100,0.0200,,0.00,,1809.00
2026-09-17T04:00:00+00:00,KXCPICORE-26OCT-T0.7,0.0100,0.0200,,0.00,,1809.00
2026-09-18T04:00:00+00:00,KXCPICORE-26OCT-T0.7,0.0000,0.0100,0.0100,2550.00,,4309.00
2026-09-19T04:00:00+00:00,KXCPICORE-26OCT-T0.7,0.0000,0.0100,,0.00,,4309.00
2026-08-05T04:00:00+00:00,KXCPICORE-26OCT-T0.6,0.0000,0.3100,,0.00,,6.00
2026-08-06T04:00:00+00:00,KXCPICORE-26OCT-T0.6,0.0000,0.3100,,0.00,,6.00
2026-08-07T04:00:00+00:00,KXCPICORE-26OCT-T0.6,0.0000,0.3100,,0.00,,6.00
2026-08-08T04:00:00+00:00,KXCPICORE-26OCT-T0.6,0.0000,0.3100,,0.00,,6.00
2026-08-11T04:00:00+00:00,KXCPICORE-26OCT-T0.6,0.0000,0.3100,,0.00,,6.00
2026-08-12T04:00:00+00:00,KXCPICORE-26OCT-T0.6,0.0000,0.3100,,0.00,,6.00
2026-08-13T04:00:00+00:00,KXCPICORE-26OCT-T0.6,0.0000,0.3100,,0.00,,6.00
2026-08-14T04:00:00+00:00,KXCPICORE-26OCT-T0.6,0.0000,0.3100,,0.00,,6.00
2026-08-15T04:00:00+00:00,KXCPICORE-26OCT-T0.6,0.0000,0.3100,,0.00,,6.00
2026-08-18T04:00:00+00:00,KXCPICORE-26OCT-T0.6,0.0000,0.3100,,0.00,,6.00
2026-08-19T04:00:00+00:00,KXCPICORE-26OCT-T0.6,0.0000,0.3100,,0.00,,6.00
2026-08-20T04:00:00+00:00,KXCPICORE-26OCT-T0.6,0.0000,0.3100,,0.00,,6.00
2026-08-21T04:00:00+00:00,KXCPICORE-26OCT-T0.6,0.0000,0.3100,,0.00,,6.00
2026-08-22T04:00:00+00:00,KXCPICORE-26OCT-T0.6,0.0000,0.3100,,0.00,,6.00
2026-08-27T04:00:00+00:00,KXCPICORE-26OCT-T0.6,0.0000,0.3000,,0.00,,6.00
2026-08-28T04:00:00+00:00,KXCPICORE-26OCT-T0.6,0.0000,0.3000,,0.00,,6.00
2026-08-29T04:00:00+00:00,KXCPICORE-26OCT-T0.6,0.0000,0.9900,,0.00,,6.00
2026-09-04T04:00:00+00:00,KXCPICORE-26OCT-T0.6,0.0000,0.2900,,0.00,,6.00
2026-09-05T04:00:00+00:00,KXCPICORE-26OCT-T0.6,0.0000,0.2900,,0.00,,6.00
2026-09-11T04:00:00+00:00,KXCPICORE-26OCT-T0.6,0.0000,0.2900,,0.00,,6.00
2026-09-13T04:00:00+00:00,KXCPICORE-26OCT-T0.6,0.0000,0.3000,,0.00,,6.00
2026-09-14T04:00:00+00:00,KXCPICORE-26OCT-T0.6,0.0000,0.3100,,0.00,,6.00
2026-09-15T04:00:00+00:00,KXCPICORE-26OCT-T0.6,0.0400,0.0500,0.1200,133.00,,139.00
2026-09-16T04:00:00+00:00,KXCPICORE-26OCT-T0.6,0.0200,0.0400,0.0300,304.07,,310.07
2026-09-17T04:00:00+00:00,KXCPICORE-26OCT-T0.6,0.0200,0.0300,0.0200,148.01,,310.07
2026-09-18T04:00:00+00:00,KXCPICORE-26OCT-T0.6,0.0100,0.0200,0.0200,1750.00,,1904.02
2026-09-19T04:00:00+00:00,KXCPICORE-26OCT-T0.6,0.0100,0.0200,,0.00,,1904.02
2026-08-13T04:00:00+00:00,KXCPICORE-26OCT-T0.5,0.0000,0.3100,0.0100,5.00,,19.00
2026-08-14T04:00:00+00:00,KXCPICORE-26OCT-T0.5,0.0000,0.3100,,0.00,,19.00
2026-08-15T04:00:00+00:00,KXCPICORE-26OCT-T0.5,0.0000,0.3100,,0.00,,19.00
2026-08-18T04:00:00+00:00,KXCPICORE-26OCT-T0.5,0.0000,0.3100,,0.00,,19.00
2026-08-19T04:00:00+00:00,KXCPICORE-26OCT-T0.5,0.0000,0.3100,,0.00,,19.00
2026-08-20T04:00:00+00:00,KXCPICORE-26OCT-T0.5,0.0000,0.3100,,0.00,,19.00
2026-08-21T04:00:00+00:00,KXCPICORE-26OCT-T0.5,0.0000,0.3100,,0.00,,19.00
2026-08-22T04:00:00+00:00,KXCPICORE-26OCT-T0.5,0.0000,0.3100,,0.00,,19.00
2026-08-27T04:00:00+00:00,KXCPICORE-26OCT-T0.5,0.0000,0.3000,,0.00,,19.00
2026-08-28T04:00:00+00:00,KXCPICORE-26OCT-T0.5,0.0000,0.3000,,0.00,,19.00
2026-08-29T04:00:00+00:00,KXCPICORE-26OCT-T0.5,0.3100,0.9800,0.3000,7.00,,19.00
2026-08-30T04:00:00+00:00,KXCPICORE-26OCT-T0.5,0.3000,0.9900,,0.00,,19.00
2026-08-31T04:00:00+00:00,KXCPICORE-26OCT-T0.5,0.0000,0.2900,0.3000,210.00,,212.00
2026-09-03T04:00:00+00:00,KXCPICORE-26OCT-T0.5,0.0000,0.2900,,0.00,,212.00
2026-09-04T04:00:00+00:00,KXCPICORE-26OCT-T0.5,0.0000,0.2900,,0.00,,212.00
2026-09-05T04:00:00+00:00,KXCPICORE-26OCT-T0.5,0.0000,0.2900,,0.00,,212.00
2026-09-10T04:00:00+00:00,KXCPICORE-26OCT-T0.5,0.0000,0.2900,,0.00,,212.00
2026-09-11T04:00:00+00:00,KXCPICORE-26OCT-T0.5,0.0000,0.2900,,0.00,,212.00
2026-09-12T04:00:00+00:00,KXCPICORE-26OCT-T0.5,0.0000,0.2900,,0.00,,212.00
2026-09-13T04:00:00+00:00,KXCPICORE-26OCT-T0.5,0.0000,0.2400,,0.00,,212.00
2026-09-15T04:00:00+00:00,KXCPICORE-26OCT-T0.5,0.0300,0.0500,0.1300,896.00,,1098.00
2026-09-16T04:00:00+00:00,KXCPICORE-26OCT-T0.5,0.0300,0.0400,,0.00,,1098.00
2026-09-17T04:00:00+00:00,KXCPICORE-26OCT-T0.5,0.0300,0.0400,0.0300,200.00,,1098.00
2026-09-18T04:00:00+00:00,KXCPICORE-26OCT-T0.5,0.0100,0.0200,0.0300,443.00,,1348.00
2026-09-19T04:00:00+00:00,KXCPICORE-26OCT-T0.5,0.0100,0.0200,,0.00,,1348.00
2026-08-05T04:00:00+00:00,KXCPICORE-26OCT-T0.4,0.0000,0.3400,,0.00,,109.01
2026-08-06T04:00:00+00:00,KXCPICORE-26OCT-T0.4,0.0000,0.3400,,0.00,,109.01
2026-08-07T04:00:00+00:00,KXCPICORE-26OCT-T0.4,0.0000,0.3400,,0.00,,109.01
2026-08-08T04:00:00+00:00,KXCPICORE-26OCT-T0.4,0.0000,0.3400,,0.00,,109.01
2026-08-09T04:00:00+00:00,KXCPICORE-26OCT-T0.4,0.0000,0.3400,0.3400,0.01,,109.01
2026-08-11T04:00:00+00:00,KXCPICORE-26OCT-T0.4,0.0000,0.3400,,0.00,,109.01
2026-08-12T04:00:00+00:00,KXCPICORE-26OCT-T0.4,0.0000,0.3400,,0.00,,109.01
2026-08-13T04:00:00+00:00,KXCPICORE-26OCT-T0.4,0.0000,0.3400,,0.00,,109.01
2026-08-14T04:00:00+00:00,KXCPICORE-26OCT-T0.4,0.0000,0.3400,,0.00,,109.01
2026-08-15T04:00:00+00:00,KXCPICORE-26OCT-T0.4,0.0000,0.3400,,0.00,,109.01
2026-08-18T04:00:00+00:00,KXCPICORE-26OCT-T0.4,0.0000,0.3400,,0.00,,109.01
2026-08-19T04:00:00+00:00,KXCPICORE-26OCT-T0.4,0.0000,0.3400,,0.00,,109.01
2026-08-20T04:00:00+00:00,KXCPICORE-26OCT-T0.4,0.0000,0.3400,,0.00,,109.01
2026-08-21T04:00:00+00:00,KXCPICORE-26OCT-T0.4,0.0000,0.3200,,0.00,,109.01
2026-08-22T04:00:00+00:00,KXCPICORE-26OCT-T0.4,0.0000,0.3400,,0.00,,109.01
2026-08-27T04:00:00+00:00,KXCPICORE-26OCT-T0.4,0.0000,0.3300,,0.00,,109.01
2026-08-28T04:00:00+00:00,KXCPICORE-26OCT-T0.4,0.0000,0.3300,,0.00,,109.01
2026-08-29T04:00:00+00:00,KXCPICORE-26OCT-T0.4,0.0000,0.9900,0.3300,3.00,,109.01
2026-08-31T04:00:00+00:00,KXCPICORE-26OCT-T0.4,0.0000,0.4900,0.5000,400.00,,509.01
2026-09-03T04:00:00+00:00,KXCPICORE-26OCT-T0.4,0.0000,0.4900,,0.00,,509.01
2026-09-04T04:00:00+00:00,KXCPICORE-26OCT-T0.4,0.0000,0.3400,,0.00,,509.01
2026-09-05T04:00:00+00:00,KXCPICORE-26OCT-T0.4,0.0000,0.3400,,0.00,,509.01
2026-09-11T04:00:00+00:00,KXCPICORE-26OCT-T0.4,0.0300,0.4200,0.3500,94.00,,603.01
2026-09-12T04:00:00+00:00,KXCPICORE-26OCT-T0.4,0.1100,0.3900,,0.00,,603.01
2026-09-13T04:00:00+00:00,KXCPICORE-26OCT-T0.4,0.1500,0.4300,,0.00,,603.01
2026-09-14T04:00:00+00:00,KXCPICORE-26OCT-T0.4,0.1600,0.4000,,0.00,,603.01
2026-09-15T04:00:00+00:00,KXCPICORE-26OCT-T0.4,0.0700,0.0900,0.1000,2632.00,,2942.00
2026-09-16T04:00:00+00:00,KXCPICORE-26OCT-T0.4,0.0500,0.0700,,0.00,,2942.00
2026-09-17T04:00:00+00:00,KXCPICORE-26OCT-T0.4,0.0600,0.0700,,0.00,,2942.00
2026-09-18T04:00:00+00:00,KXCPICORE-26OCT-T0.4,0.0300,0.0500,0.0300,465.00,,3202.00
2026-09-19T04:00:00+00:00,KXCPICORE-26OCT-T0.4,0.0200,0.0400,0.0300,100.00,,3302.00
2026-08-05T04:00:00+00:00,KXCPICORE-26OCT-T0.3,0.0000,0.4900,,0.00,,8.00
2026-08-06T04:00:00+00:00,KXCPICORE-26OCT-T0.3,0.0000,0.4900,,0.00,,8.00
2026-08-07T04:00:00+00:00,KXCPICORE-26OCT-T0.3,0.0000,0.4900,,0.00,,8.00
2026-08-08T04:00:00+00:00,KXCPICORE-26OCT-T0.3,0.0000,0.4900,,0.00,,8.00
2026-08-11T04:00:00+00:00,KXCPICORE-26OCT-T0.3,0.0000,0.4900,,0.00,,8.00
2026-08-12T04:00:00+00:00,KXCPICORE-26OCT-T0.3,0.0000,0.4900,,0.00,,8.00
2026-08-13T04:00:00+00:00,KXCPICORE-26OCT-T0.3,0.0000,0.5000,,0.00,,8.00
2026-08-14T04:00:00+00:00,KXCPICORE-26OCT-T0.3,0.0000,0.5000,,0.00,,8.00
2026-08-15T04:00:00+00:00,KXCPICORE-26OCT-T0.3,0.0000,0.5000,,0.00,,8.00
2026-08-18T04:00:00+00:00,KXCPICORE-26OCT-T0.3,0.0000,0.5000,,0.00,,8.00
2026-08-19T04:00:00+00:00,KXCPICORE-26OCT-T0.3,0.0000,0.5000,,0.00,,8.00
2026-08-20T04:00:00+00:00,KXCPICORE-26OCT-T0.3,0.0000,0.5000,,0.00,,8.00
2026-08-21T04:00:00+00:00,KXCPICORE-26OCT-T0.3,0.0000,0.4900,,0.00,,8.00
2026-08-22T04:00:00+00:00,KXCPICORE-26OCT-T0.3,0.0000,0.5000,0.4900,1.88,,9.88
2026-08-27T04:00:00+00:00,KXCPICORE-26OCT-T0.3,0.0000,0.4900,,0.00,,9.88
2026-08-28T04:00:00+00:00,KXCPICORE-26OCT-T0.3,0.0000,0.4900,,0.00,,9.88
2026-08-29T04:00:00+00:00,KXCPICORE-26OCT-T0.3,0.0000,0.9900,0.4900,1.00,,9.88
2026-08-31T04:00:00+00:00,KXCPICORE-26OCT-T0.3,0.0400,0.7700,,0.00,,9.88
2026-09-01T04:00:00+00:00,KXCPICORE-26OCT-T0.3,0.0400,0.7500,,0.00,,9.88
2026-09-02T04:00:00+00:00,KXCPICORE-26OCT-T0.3,0.0300,0.7600,,0.00,,9.88
2026-09-03T04:00:00+00:00,KXCPICORE-26OCT-T0.3,0.0300,0.7700,,0.00,,9.88
2026-09-04T04:00:00+00:00,KXCPICORE-26OCT-T0.3,0.0300,0.5200,,0.00,,9.88
2026-09-05T04:00:00+00:00,KXCPICORE-26OCT-T0.3,0.0300,0.5200,,0.00,,9.88
2026-09-09T04:00:00+00:00,KXCPICORE-26OCT-T0.3,0.0300,0.5200,0.0300,1.02,,10.90
2026-09-10T04:00:00+00:00,KXCPICORE-26OCT-T0.3,0.0300,0.5000,,0.00,,10.90
2026-09-11T04:00:00+00:00,KXCPICORE-26OCT-T0.3,0.0300,0.5500,0.5600,17.40,,27.28
2026-09-12T04:00:00+00:00,KXCPICORE-26OCT-T0.3,0.1600,0.5800,,0.00,,27.28
2026-09-13T04:00:00+00:00,KXCPICORE-26OCT-T0.3,0.1600,0.6000,,0.00,,27.28
2026-09-14T04:00:00+00:00,KXCPICORE-26OCT-T0.3,0.1900,0.5600,,0.00,,27.28
2026-09-15T04:00:00+00:00,KXCPICORE-26OCT-T0.3,0.4100,0.5000,,0.00,,27.28
2026-09-16T04:00:00+00:00,KXCPICORE-26OCT-T0.3,0.4500,0.5000,0.4500,100.00,,113.00
2026-09-17T04:00:00+00:00,KXCPICORE-26OCT-T0.3,0.2000,0.2100,0.2000,1030.32,,1088.32
2026-09-18T04:00:00+00:00,KXCPICORE-26OCT-T0.3,0.1200,0.2300,0.1700,786.92,,908.49
2026-09-19T04:00:00+00:00,KXCPICORE-26OCT-T0.3,0.1200,0.2500,,0.00,,908.49
2026-08-04T04:00:00+00:00,KXCPICORE-26OCT-T0.2,0.3400,0.9300,,0.00,,15.99
2026-08-05T04:00:00+00:00,KXCPICORE-26OCT-T0.2,0.3400,0.9300,,0.00,,15.99
2026-08-06T04:00:00+00:00,KXCPICORE-26OCT-T0.2,0.3400,0.9300,,0.00,,15.99
2026-08-07T04:00:00+00:00,KXCPICORE-26OCT-T0.2,0.3400,0.9300,,0.00,,15.99
2026-08-08T04:00:00+00:00,KXCPICORE-26OCT-T0.2,0.3300,0.9300,,0.00,,15.99
2026-08-11T04:00:00+00:00,KXCPICORE-26OCT-T0.2,0.3300,0.9300,,0.00,,15.99
2026-08-12T04:00:00+00:00,KXCPICORE-26OCT-T0.2,0.3300,0.9300,,0.00,,15.99
2026-08-13T04:00:00+00:00,KXCPICORE-26OCT-T0.2,0.3600,0.9600,,0.00,,15.99
2026-08-14T04:00:00+00:00,KXCPICORE-26OCT-T0.2,0.3600,0.9600,,0.00,,15.99
2026-08-15T04:00:00+00:00,KXCPICORE-26OCT-T0.2,0.3600,0.9600,,0.00,,15.99
2026-08-18T04:00:00+00:00,KXCPICORE-26OCT-T0.2,0.3600,0.9600,,0.00,,15.99
2026-08-19T04:00:00+00:00,KXCPICORE-26OCT-T0.2,0.3600,0.9600,,0.00,,15.99
2026-08-20T04:00:00+00:00,KXCPICORE-26OCT-T0.2,0.3600,0.9600,,0.00,,15.99
2026-08-21T04:00:00+00:00,KXCPICORE-26OCT-T0.2,0.3700,0.9600,,0.00,,15.99
2026-08-22T04:00:00+00:00,KXCPICORE-26OCT-T0.2,0.3700,0.9600,,0.00,,15.99
2026-08-23T04:00:00+00:00,KXCPICORE-26OCT-T0.2,0.4100,0.9500,,0.00,,15.99
2026-08-25T04:00:00+00:00,KXCPICORE-26OCT-T0.2,0.4100,0.9500,,0.00,,15.99
2026-08-26T04:00:00+00:00,KXCPICORE-26OCT-T0.2,0.4100,0.9500,,0.00,,15.99
2026-08-27T04:00:00+00:00,KXCPICORE-26OCT-T0.2,0.4100,0.8100,,0.00,,15.99
2026-08-28T04:00:00+00:00,KXCPICORE-26OCT-T0.2,0.3700,0.8300,,0.00,,15.99
2026-08-29T04:00:00+00:00,KXCPICORE-26OCT-T0.2,0.0000,0.8400,,0.00,,15.99
2026-08-31T04:00:00+00:00,KXCPICORE-26OCT-T0.2,0.0400,0.8500,,0.00,,15.99
2026-09-01T04:00:00+00:00,KXCPICORE-26OCT-T0.2,0.0400,0.8400,,0.00,,15.99
2026-09-02T04:00:00+00:00,KXCPICORE-26OCT-T0.2,0.0300,0.8500,,0.00,,15.99
2026-09-03T04:00:00+00:00,KXCPICORE-26OCT-T0.2,0.0300,0.8500,,0.00,,15.99
2026-09-04T04:00:00+00:00,KXCPICORE-26OCT-T0.2,0.4100,0.9600,,0.00,,15.99
2026-09-05T04:00:00+00:00,KXCPICORE-26OCT-T0.2,0.4100,0.9600,,0.00,,15.99
2026-09-06T04:00:00+00:00,KXCPICORE-26OCT-T0.2,0.4000,0.9600,,0.00,,15.99
2026-09-10T04:00:00+00:00,KXCPICORE-26OCT-T0.2,0.4000,0.9600,,0.00,,15.99
2026-09-11T04:00:00+00:00,KXCPICORE-26OCT-T0.2,0.4200,0.9600,,0.00,,15.99
2026-09-12T04:00:00+00:00,KXCPICORE-26OCT-T0.2,0.4300,0.8400,,0.00,,15.99
2026-09-13T04:00:00+00:00,KXCPICORE-26OCT-T0.2,0.4400,0.8300,,0.00,,15.99
2026-09-14T04:00:00+00:00,KXCPICORE-26OCT-T0.2,0.4400,0.7900,,0.00,,15.99
2026-09-15T04:00:00+00:00,KXCPICORE-26OCT-T0.2,0.5600,0.6000,0.6100,17.69,,30.99
2026-09-16T04:00:00+00:00,KXCPICORE-26OCT-T0.2,0.5600,0.5700,0.5700,40.00,,70.99
2026-09-17T04:00:00+00:00,KXCPICORE-26OCT-T0.2,0.5600,0.5700,0.5700,40.00,,87.68
2026-09-18T04:00:00+00:00,KXCPICORE-26OCT-T0.2,0.2500,0.3500,0.3700,951.21,,682.89
2026-09-19T04:00:00+00:00,KXCPICORE-26OCT-T0.2,0.2900,0.3600,0.3600,16.00,,698.89
2026-08-02T04:00:00+00:00,KXCPICORE-26OCT-T0.1,0.6200,0.9800,,0.00,,8.01
2026-08-04T04:00:00+00:00,KXCPICORE-26OCT-T0.1,0.6200,0.9800,,0.00,,8.01
2026-08-05T04:00:00+00:00,KXCPICORE-26OCT-T0.1,0.6200,0.9800,,0.00,,8.01
2026-08-06T04:00:00+00:00,KXCPICORE-26OCT-T0.1,0.6200,0.9800,,0.00,,8.01
2026-08-07T04:00:00+00:00,KXCPICORE-26OCT-T0.1,0.6300,0.9700,,0.00,,8.01
2026-08-08T04:00:00+00:00,KXCPICORE-26OCT-T0.1,0.6200,0.9700,,0.00,,8.01
2026-08-11T04:00:00+00:00,KXCPICORE-26OCT-T0.1,0.6200,0.9700,,0.00,,8.01
2026-08-12T04:00:00+00:00,KXCPICORE-26OCT-T0.1,0.6200,0.9700,,0.00,,8.01
2026-08-13T04:00:00+00:00,KXCPICORE-26OCT-T0.1,0.6300,0.9700,,0.00,,8.01
2026-08-14T04:00:00+00:00,KXCPICORE-26OCT-T0.1,0.6300,0.9800,,0.00,,8.01
2026-08-15T04:00:00+00:00,KXCPICORE-26OCT-T0.1,0.6300,0.9800,,0.00,,8.01
2026-08-18T04:00:00+00:00,KXCPICORE-26OCT-T0.1,0.6300,0.9800,,0.00,,8.01
2026-08-19T04:00:00+00:00,KXCPICORE-26OCT-T0.1,0.6300,0.9800,,0.00,,8.01
2026-08-20T04:00:00+00:00,KXCPICORE-26OCT-T0.1,0.6300,0.9800,,0.00,,8.01
2026-08-21T04:00:00+00:00,KXCPICORE-26OCT-T0.1,0.6300,0.9800,,0.00,,8.01
2026-08-22T04:00:00+00:00,KXCPICORE-26OCT-T0.1,0.6400,0.9700,,0.00,,8.01
2026-08-23T04:00:00+00:00,KXCPICORE-26OCT-T0.1,0.6700,0.9600,,0.00,,8.01
2026-08-25T04:00:00+00:00,KXCPICORE-26OCT-T0.1,0.6700,0.9600,,0.00,,8.01
2026-08-26T04:00:00+00:00,KXCPICORE-26OCT-T0.1,0.6700,0.9600,,0.00,,8.01
2026-08-27T04:00:00+00:00,KXCPICORE-26OCT-T0.1,0.6800,0.9600,,0.00,,8.01
2026-08-28T04:00:00+00:00,KXCPICORE-26OCT-T0.1,0.6400,0.9700,,0.00,,8.01
2026-08-29T04:00:00+00:00,KXCPICORE-26OCT-T0.1,0.0000,0.9800,,0.00,,8.01
2026-08-31T04:00:00+00:00,KXCPICORE-26OCT-T0.1,0.0400,0.9600,,0.00,,8.01
2026-09-01T04:00:00+00:00,KXCPICORE-26OCT-T0.1,0.0400,0.9600,,0.00,,8.01
2026-09-02T04:00:00+00:00,KXCPICORE-26OCT-T0.1,0.0300,0.9700,,0.00,,8.01
2026-09-03T04:00:00+00:00,KXCPICORE-26OCT-T0.1,0.0300,0.9700,,0.00,,8.01
2026-09-04T04:00:00+00:00,KXCPICORE-26OCT-T0.1,0.6700,0.9700,,0.00,,8.01
2026-09-05T04:00:00+00:00,KXCPICORE-26OCT-T0.1,0.6800,0.9700,,0.00,,8.01
2026-09-06T04:00:00+00:00,KXCPICORE-26OCT-T0.1,0.6800,0.9700,,0.00,,8.01
2026-09-10T04:00:00+00:00,KXCPICORE-26OCT-T0.1,0.6800,0.9700,,0.00,,8.01
2026-09-11T04:00:00+00:00,KXCPICORE-26OCT-T0.1,0.6600,0.9700,,0.00,,8.01
2026-09-12T04:00:00+00:00,KXCPICORE-26OCT-T0.1,0.6600,0.9400,,0.00,,8.01
2026-09-14T04:00:00+00:00,KXCPICORE-26OCT-T0.1,0.6900,0.9600,,0.00,,8.01
2026-09-15T04:00:00+00:00,KXCPICORE-26OCT-T0.1,0.9400,0.9500,,0.00,,8.01
2026-09-16T04:00:00+00:00,KXCPICORE-26OCT-T0.1,0.8800,0.9500,0.9400,111.00,,118.01
2026-09-17T04:00:00+00:00,KXCPICORE-26OCT-T0.1,0.9100,0.9200,0.9100,5.00,,123.01
2026-09-18T04:00:00+00:00,KXCPICORE-26OCT-T0.1,0.8000,0.8100,0.8100,87.00,,183.01
2026-09-19T04:00:00+00:00,KXCPICORE-26OCT-T0.1,0.8000,0.8100,,0.00,,183.01
2026-08-05T04:00:00+00:00,KXCPICORE-26OCT-T0.0,0.6600,0.9900,,0.00,,7.00
2026-08-06T04:00:00+00:00,KXCPICORE-26OCT-T0.0,0.6600,0.9900,,0.00,,7.00
2026-08-07T04:00:00+00:00,KXCPICORE-26OCT-T0.0,0.6600,0.9900,,0.00,,7.00
2026-08-08T04:00:00+00:00,KXCPICORE-26OCT-T0.0,0.6600,1.0000,,0.00,,7.00
2026-08-09T04:00:00+00:00,KXCPICORE-26OCT-T0.0,0.6600,0.9900,0.6600,0.01,,7.00
2026-08-10T04:00:00+00:00,KXCPICORE-26OCT-T0.0,0.6600,1.0000,,0.00,,7.00
2026-08-11T04:00:00+00:00,KXCPICORE-26OCT-T0.0,0.6600,1.0000,,0.00,,7.00
2026-08-12T04:00:00+00:00,KXCPICORE-26OCT-T0.0,0.6600,1.0000,,0.00,,7.00
2026-08-13T04:00:00+00:00,KXCPICORE-26OCT-T0.0,0.6700,1.0000,,0.00,,7.00
2026-08-14T04:00:00+00:00,KXCPICORE-26OCT-T0.0,0.6700,1.0000,,0.00,,7.00
2026-08-15T04:00:00+00:00,KXCPICORE-26OCT-T0.0,0.6700,1.0000,,0.00,,7.00
2026-08-16T04:00:00+00:00,KXCPICORE-26OCT-T0.0,0.6700,1.0000,,0.00,,7.00
2026-08-17T04:00:00+00:00,KXCPICORE-26OCT-T0.0,0.6700,1.0000,,0.00,,7.00
2026-08-18T04:00:00+00:00,KXCPICORE-26OCT-T0.0,0.6700,1.0000,,0.00,,7.00
2026-08-19T04:00:00+00:00,KXCPICORE-26OCT-T0.0,0.6700,1.0000,,0.00,,7.00
2026-08-20T04:00:00+00:00,KXCPICORE-26OCT-T0.0,0.6700,1.0000,,0.00,,7.00
2026-08-21T04:00:00+00:00,KXCPICORE-26OCT-T0.0,0.6700,1.0000,,0.00,,7.00
2026-08-22T04:00:00+00:00,KXCPICORE-26OCT-T0.0,0.6800,0.9800,,0.00,,7.00
2026-08-23T04:00:00+00:00,KXCPICORE-26OCT-T0.0,0.6900,0.9700,,0.00,,7.00
2026-08-25T04:00:00+00:00,KXCPICORE-26OCT-T0.0,0.6900,0.9700,,0.00,,7.00
2026-08-26T04:00:00+00:00,KXCPICORE-26OCT-T0.0,0.6900,0.9700,,0.00,,7.00
2026-08-27T04:00:00+00:00,KXCPICORE-26OCT-T0.0,0.6900,0.9700,,0.00,,7.00
2026-08-28T04:00:00+00:00,KXCPICORE-26OCT-T0.0,0.6800,1.0000,,0.00,,7.00
2026-08-29T04:00:00+00:00,KXCPICORE-26OCT-T0.0,0.6000,1.0000,,0.00,,7.00
2026-08-31T04:00:00+00:00,KXCPICORE-26OCT-T0.0,0.6200,0.9600,,0.00,,7.00
2026-09-01T04:00:00+00:00,KXCPICORE-26OCT-T0.0,0.6200,0.9600,,0.00,,7.00
2026-09-02T04:00:00+00:00,KXCPICORE-26OCT-T0.0,0.6100,0.9700,,0.00,,7.00
2026-09-03T04:00:00+00:00,KXCPICORE-26OCT-T0.0,0.6100,0.9700,,0.00,,7.00
2026-09-04T04:00:00+00:00,KXCPICORE-26OCT-T0.0,0.6900,0.9700,,0.00,,7.00
2026-09-05T04:00:00+00:00,KXCPICORE-26OCT-T0.0,0.6900,0.9700,,0.00,,7.00
2026-09-11T04:00:00+00:00,KXCPICORE-26OCT-T0.0,0.6900,0.9700,,0.00,,7.00
2026-09-14T04:00:00+00:00,KXCPICORE-26OCT-T0.0,0.6800,1.0000,,0.00,,7.00
2026-09-15T04:00:00+00:00,KXCPICORE-26OCT-T0.0,0.9600,0.9700,,0.00,,7.00
2026-09-16T04:00:00+00:00,KXCPICORE-26OCT-T0.0,0.8800,0.9700,0.9600,88.00,,95.00
2026-09-17T04:00:00+00:00,KXCPICORE-26OCT-T0.0,0.9300,0.9400,0.9400,88.00,,45.00
2026-09-18T04:00:00+00:00,KXCPICORE-26OCT-T0.0,0.9300,0.9400,0.9400,147.00,,153.99
2026-09-19T04:00:00+00:00,KXCPICORE-26OCT-T0.0,0.9300,0.9500,,0.00,,153.99
2026-08-29T04:00:00+00:00,KXCPICORE-26SEP-T0.9,0.0000,0.0100,0.0100,1.00,,25.00
2026-09-15T04:00:00+00:00,KXCPICORE-26SEP-T0.8,0.0000,0.0100,,0.00,,55.00
2026-08-05T04:00:00+00:00,KXCPICORE-26SEP-T0.7,0.0000,0.3100,,0.00,,38.00
2026-08-06T04:00:00+00:00,KXCPICORE-26SEP-T0.7,0.0000,0.3100,,0.00,,38.00
2026-08-07T04:00:00+00:00,KXCPICORE-26SEP-T0.7,0.0000,0.3100,,0.00,,38.00
2026-08-08T04:00:00+00:00,KXCPICORE-26SEP-T0.7,0.0000,0.3100,,0.00,,38.00
2026-08-11T04:00:00+00:00,KXCPICORE-26SEP-T0.7,0.0000,0.3100,,0.00,,38.00
2026-08-12T04:00:00+00:00,KXCPICORE-26SEP-T0.7,0.0000,0.3100,,0.00,,38.00
2026-08-13T04:00:00+00:00,KXCPICORE-26SEP-T0.7,0.0000,0.3100,,0.00,,38.00
2026-08-14T04:00:00+00:00,KXCPICORE-26SEP-T0.7,0.0000,0.3100,,0.00,,38.00
2026-08-15T04:00:00+00:00,KXCPICORE-26SEP-T0.7,0.0000,0.3100,,0.00,,38.00
2026-08-18T04:00:00+00:00,KXCPICORE-26SEP-T0.7,0.0000,0.3100,0.2000,12.00,,50.00
2026-08-19T04:00:00+00:00,KXCPICORE-26SEP-T0.7,0.0000,0.3100,,0.00,,50.00
2026-08-20T04:00:00+00:00,KXCPICORE-26SEP-T0.7,0.0000,0.3100,,0.00,,50.00
2026-08-21T04:00:00+00:00,KXCPICORE-26SEP-T0.7,0.0000,0.3100,,0.00,,50.00
2026-08-22T04:00:00+00:00,KXCPICORE-26SEP-T0.7,0.0000,0.3100,,0.00,,50.00
2026-08-27T04:00:00+00:00,KXCPICORE-26SEP-T0.7,0.0000,0.3000,,0.00,,50.00
2026-08-28T04:00:00+00:00,KXCPICORE-26SEP-T0.7,0.0000,0.3000,,0.00,,50.00
2026-09-01T04:00:00+00:00,KXCPICORE-26SEP-T0.7,0.0000,0.3000,,0.00,,50.00
2026-09-02T04:00:00+00:00,KXCPICORE-26SEP-T0.7,0.0000,0.3000,,0.00,,50.00
2026-09-03T04:00:00+00:00,KXCPICORE-26SEP-T0.7,0.0000,0.3000,,0.00,,50.00
2026-09-04T04:00:00+00:00,KXCPICORE-26SEP-T0.7,0.0000,0.3000,,0.00,,50.00
2026-09-05T04:00:00+00:00,KXCPICORE-26SEP-T0.7,0.0000,0.3000,,0.00,,50.00
2026-09-10T04:00:00+00:00,KXCPICORE-26SEP-T0.7,0.0000,0.3000,,0.00,,50.00
2026-09-11T04:00:00+00:00,KXCPICORE-26SEP-T0.7,0.0000,0.1400,,0.00,,50.00
2026-09-12T04:00:00+00:00,KXCPICORE-26SEP-T0.7,0.0000,0.0500,,0.00,,50.00
2026-09-13T04:00:00+00:00,KXCPICORE-26SEP-T0.7,0.0000,0.0500,,0.00,,50.00
2026-09-15T04:00:00+00:00,KXCPICORE-26SEP-T0.7,0.0100,0.0200,,0.00,,50.00
2026-09-16T04:00:00+00:00,KXCPICORE-26SEP-T0.7,0.0100,0.0200,,0.00,,50.00
2026-09-17T04:00:00+00:00,KXCPICORE-26SEP-T0.7,0.0100,0.0200,,0.00,,50.00
2026-09-18T04:00:00+00:00,KXCPICORE-26SEP-T0.7,0.0100,0.0200,,0.00,,50.00
2026-09-19T04:00:00+00:00,KXCPICORE-26SEP-T0.7,0.0000,0.0100,0.0100,2650.00,,2700.00
2026-08-18T04:00:00+00:00,KXCPICORE-26SEP-T0.6,0.0000,0.3100,0.0100,6.00,,34.00
2026-08-19T04:00:00+00:00,KXCPICORE-26SEP-T0.6,0.0000,0.3100,,0.00,,34.00
2026-08-20T04:00:00+00:00,KXCPICORE-26SEP-T0.6,0.0000,0.3100,,0.00,,34.00
2026-08-21T04:00:00+00:00,KXCPICORE-26SEP-T0.6,0.0000,0.3100,,0.00,,34.00
2026-08-22T04:00:00+00:00,KXCPICORE-26SEP-T0.6,0.0000,0.3100,,0.00,,34.00
2026-08-27T04:00:00+00:00,KXCPICORE-26SEP-T0.6,0.0000,0.3000,,0.00,,34.00
2026-08-28T04:00:00+00:00,KXCPICORE-26SEP-T0.6,0.0000,0.3000,,0.00,,34.00
2026-08-31T04:00:00+00:00,KXCPICORE-26SEP-T0.6,0.0000,0.3000,,0.00,,34.00
2026-09-01T04:00:00+00:00,KXCPICORE-26SEP-T0.6,0.0000,0.3000,,0.00,,34.00
2026-09-02T04:00:00+00:00,KXCPICORE-26SEP-T0.6,0.0000,0.3000,,0.00,,34.00
2026-09-03T04:00:00+00:00,KXCPICORE-26SEP-T0.6,0.0000,0.3000,,0.00,,34.00
2026-09-04T04:00:00+00:00,KXCPICORE-26SEP-T0.6,0.0000,0.3000,,0.00,,34.00
2026-09-05T04:00:00+00:00,KXCPICORE-26SEP-T0.6,0.0000,0.3000,,0.00,,34.00
2026-09-10T04:00:00+00:00,KXCPICORE-26SEP-T0.6,0.0000,0.3000,,0.00,,34.00
2026-09-11T04:00:00+00:00,KXCPICORE-26SEP-T0.6,0.0000,0.1800,,0.00,,34.00
2026-09-12T04:00:00+00:00,KXCPICORE-26SEP-T0.6,0.0000,0.0700,,0.00,,34.00
2026-09-13T04:00:00+00:00,KXCPICORE-26SEP-T0.6,0.0000,0.0700,,0.00,,34.00
2026-09-15T04:00:00+00:00,KXCPICORE-26SEP-T0.6,0.0100,0.0500,,0.00,,34.00
2026-09-16T04:00:00+00:00,KXCPICORE-26SEP-T0.6,0.0100,0.0200,0.0200,170.31,,204.31
2026-09-17T04:00:00+00:00,KXCPICORE-26SEP-T0.6,0.0100,0.0200,0.0200,10.22,,214.53
2026-09-18T04:00:00+00:00,KXCPICORE-26SEP-T0.6,0.0100,0.0200,,0.00,,214.53
2026-09-19T04:00:00+00:00,KXCPICORE-26SEP-T0.6,0.0000,0.0100,0.0100,3350.00,,3564.53
2026-08-18T04:00:00+00:00,KXCPICORE-26SEP-T0.5,0.0000,0.3100,0.0100,6.00,,14.00
2026-08-19T04:00:00+00:00,KXCPICORE-26SEP-T0.5,0.0000,0.3100,,0.00,,14.00
2026-08-20T04:00:00+00:00,KXCPICORE-26SEP-T0.5,0.0000,0.3100,,0.00,,14.00
2026-08-21T04:00:00+00:00,KXCPICORE-26SEP-T0.5,0.0000,0.3100,,0.00,,14.00
2026-08-22T04:00:00+00:00,KXCPICORE-26SEP-T0.5,0.0000,0.3100,,0.00,,14.00
2026-08-27T04:00:00+00:00,KXCPICORE-26SEP-T0.5,0.0000,0.3000,,0.00,,14.00
2026-08-28T04:00:00+00:00,KXCPICORE-26SEP-T0.5,0.0000,0.3000,,0.00,,14.00
2026-08-31T04:00:00+00:00,KXCPICORE-26SEP-T0.5,0.0000,0.3000,,0.00,,14.00
2026-09-01T04:00:00+00:00,KXCPICORE-26SEP-T0.5,0.0000,0.3000,,0.00,,14.00
2026-09-02T04:00:00+00:00,KXCPICORE-26SEP-T0.5,0.0000,0.3000,,0.00,,14.00
2026-09-03T04:00:00+00:00,KXCPICORE-26SEP-T0.5,0.0000,0.3000,,0.00,,14.00
2026-09-04T04:00:00+00:00,KXCPICORE-26SEP-T0.5,0.0000,0.3000,,0.00,,14.00
2026-09-05T04:00:00+00:00,KXCPICORE-26SEP-T0.5,0.0000,0.3000,,0.00,,14.00
2026-09-10T04:00:00+00:00,KXCPICORE-26SEP-T0.5,0.0000,0.3000,,0.00,,14.00
2026-09-11T04:00:00+00:00,KXCPICORE-26SEP-T0.5,0.0000,0.2400,,0.00,,14.00
2026-09-12T04:00:00+00:00,KXCPICORE-26SEP-T0.5,0.0000,0.0900,,0.00,,14.00
2026-09-13T04:00:00+00:00,KXCPICORE-26SEP-T0.5,0.0000,0.0900,,0.00,,14.00
2026-09-15T04:00:00+00:00,KXCPICORE-26SEP-T0.5,0.0200,0.0700,,0.00,,14.00
2026-09-16T04:00:00+00:00,KXCPICORE-26SEP-T0.5,0.0200,0.0300,,0.00,,14.00
2026-09-17T04:00:00+00:00,KXCPICORE-26SEP-T0.5,0.0200,0.0300,,0.00,,14.00
2026-09-18T04:00:00+00:00,KXCPICORE-26SEP-T0.5,0.0200,0.0300,,0.00,,14.00
2026-09-19T04:00:00+00:00,KXCPICORE-26SEP-T0.5,0.0000,0.0100,0.0100,2450.00,,2464.00
2026-08-05T04:00:00+00:00,KXCPICORE-26SEP-T0.4,0.0000,0.3400,,0.00,,21.00
2026-08-06T04:00:00+00:00,KXCPICORE-26SEP-T0.4,0.0000,0.3400,,0.00,,21.00
2026-08-07T04:00:00+00:00,KXCPICORE-26SEP-T0.4,0.0000,0.3400,,0.00,,21.00
2026-08-08T04:00:00+00:00,KXCPICORE-26SEP-T0.4,0.0000,0.3400,,0.00,,21.00
2026-08-11T04:00:00+00:00,KXCPICORE-26SEP-T0.4,0.0000,0.3400,,0.00,,21.00
2026-08-12T04:00:00+00:00,KXCPICORE-26SEP-T0.4,0.0000,0.3400,,0.00,,21.00
2026-08-13T04:00:00+00:00,KXCPICORE-26SEP-T0.4,0.0000,0.3400,,0.00,,21.00
2026-08-14T04:00:00+00:00,KXCPICORE-26SEP-T0.4,0.0000,0.3400,,0.00,,21.00
2026-08-15T04:00:00+00:00,KXCPICORE-26SEP-T0.4,0.0000,0.3400,,0.00,,21.00
2026-08-18T04:00:00+00:00,KXCPICORE-26SEP-T0.4,0.0000,0.3400,,0.00,,21.00
2026-08-19T04:00:00+00:00,KXCPICORE-26SEP-T0.4,0.0000,0.3400,,0.00,,21.00
2026-08-20T04:00:00+00:00,KXCPICORE-26SEP-T0.4,0.0000,0.3400,,0.00,,21.00
2026-08-21T04:00:00+00:00,KXCPICORE-26SEP-T0.4,0.0000,0.3400,,0.00,,21.00
2026-08-22T04:00:00+00:00,KXCPICORE-26SEP-T0.4,0.0000,0.3400,,0.00,,21.00
2026-08-27T04:00:00+00:00,KXCPICORE-26SEP-T0.4,0.0000,0.3300,,0.00,,21.00
2026-08-28T04:00:00+00:00,KXCPICORE-26SEP-T0.4,0.0000,0.3300,,0.00,,21.00
2026-08-31T04:00:00+00:00,KXCPICORE-26SEP-T0.4,0.0000,0.3300,,0.00,,21.00
2026-09-01T04:00:00+00:00,KXCPICORE-26SEP-T0.4,0.0000,0.3300,,0.00,,21.00
2026-09-02T04:00:00+00:00,KXCPICORE-26SEP-T0.4,0.0000,0.3500,,0.00,,21.00
2026-09-03T04:00:00+00:00,KXCPICORE-26SEP-T0.4,0.0000,0.3500,,0.00,,21.00
2026-09-04T04:00:00+00:00,KXCPICORE-26SEP-T0.4,0.0000,0.3500,,0.00,,21.00
2026-09-05T04:00:00+00:00,KXCPICORE-26SEP-T0.4,0.0000,0.3500,,0.00,,21.00
2026-09-10T04:00:00+00:00,KXCPICORE-26SEP-T0.4,0.0000,0.3500,,0.00,,21.00
2026-09-11T04:00:00+00:00,KXCPICORE-26SEP-T0.4,0.0000,0.3500,,0.00,,21.00
2026-09-12T04:00:00+00:00,KXCPICORE-26SEP-T0.4,0.0000,0.1100,,0.00,,21.00
2026-09-13T04:00:00+00:00,KXCPICORE-26SEP-T0.4,0.0000,0.1100,,0.00,,21.00
2026-09-15T04:00:00+00:00,KXCPICORE-26SEP-T0.4,0.0300,0.1000,,0.00,,21.00
2026-09-16T04:00:00+00:00,KXCPICORE-26SEP-T0.4,0.0300,0.0600,,0.00,,21.00
2026-09-17T04:00:00+00:00,KXCPICORE-26SEP-T0.4,0.0300,0.0400,0.0300,200.00,,121.00
2026-09-18T04:00:00+00:00,KXCPICORE-26SEP-T0.4,0.0400,0.0500,0.0400,186.00,,207.00
2026-09-19T04:00:00+00:00,KXCPICORE-26SEP-T0.4,0.0200,0.0300,0.0200,2000.00,,2021.24
2026-08-05T04:00:00+00:00,KXCPICORE-26SEP-T0.3,0.0000,0.4900,,0.00,,22.01
2026-08-06T04:00:00+00:00,KXCPICORE-26SEP-T0.3,0.0000,0.4900,,0.00,,22.01
2026-08-07T04:00:00+00:00,KXCPICORE-26SEP-T0.3,0.0000,0.4900,,0.00,,22.01
2026-08-08T04:00:00+00:00,KXCPICORE-26SEP-T0.3,0.0000,0.4900,,0.00,,22.01
2026-08-11T04:00:00+00:00,KXCPICORE-26SEP-T0.3,0.0000,0.4900,,0.00,,22.01
2026-08-12T04:00:00+00:00,KXCPICORE-26SEP-T0.3,0.0000,0.4900,,0.00,,22.01
2026-08-13T04:00:00+00:00,KXCPICORE-26SEP-T0.3,0.0000,0.5000,,0.00,,22.01
2026-08-14T04:00:00+00:00,KXCPICORE-26SEP-T0.3,0.0000,0.5000,,0.00,,22.01
2026-08-15T04:00:00+00:00,KXCPICORE-26SEP-T0.3,0.0000,0.5000,,0.00,,22.01
2026-08-18T04:00:00+00:00,KXCPICORE-26SEP-T0.3,0.0000,0.5000,,0.00,,22.01
2026-08-19T04:00:00+00:00,KXCPICORE-26SEP-T0.3,0.0000,0.5000,,0.00,,22.01
2026-08-20T04:00:00+00:00,KXCPICORE-26SEP-T0.3,0.0000,0.5000,,0.00,,22.01
2026-08-21T04:00:00+00:00,KXCPICORE-26SEP-T0.3,0.0000,0.5000,,0.00,,22.01
2026-08-22T04:00:00+00:00,KXCPICORE-26SEP-T0.3,0.0000,0.5000,,0.00,,22.01
2026-08-27T04:00:00+00:00,KXCPICORE-26SEP-T0.3,0.0000,0.4900,,0.00,,22.01
2026-08-28T04:00:00+00:00,KXCPICORE-26SEP-T0.3,0.0000,0.4900,,0.00,,22.01
2026-08-29T04:00:00+00:00,KXCPICORE-26SEP-T0.3,0.0000,0.4900,0.4900,1.88,,23.89
2026-09-01T04:00:00+00:00,KXCPICORE-26SEP-T0.3,0.0000,0.4900,,0.00,,23.89
2026-09-02T04:00:00+00:00,KXCPICORE-26SEP-T0.3,0.0000,0.4900,,0.00,,23.89
2026-09-03T04:00:00+00:00,KXCPICORE-26SEP-T0.3,0.0000,0.4900,,0.00,,23.89
2026-09-04T04:00:00+00:00,KXCPICORE-26SEP-T0.3,0.0000,0.4900,,0.00,,23.89
2026-09-05T04:00:00+00:00,KXCPICORE-26SEP-T0.3,0.0000,0.4900,,0.00,,23.89
2026-09-09T04:00:00+00:00,KXCPICORE-26SEP-T0.3,0.0000,0.5000,0.4900,9.43,,33.32
2026-09-10T04:00:00+00:00,KXCPICORE-26SEP-T0.3,0.0000,0.5000,,0.00,,33.32
2026-09-11T04:00:00+00:00,KXCPICORE-26SEP-T0.3,0.0000,0.5000,,0.00,,33.32
2026-09-12T04:00:00+00:00,KXCPICORE-26SEP-T0.3,0.1100,0.3300,0.1000,500.00,,521.01
2026-09-13T04:00:00+00:00,KXCPICORE-26SEP-T0.3,0.1100,0.3300,,0.00,,521.01
2026-09-14T04:00:00+00:00,KXCPICORE-26SEP-T0.3,0.1200,0.3000,,0.00,,521.01
2026-09-15T04:00:00+00:00,KXCPICORE-26SEP-T0.3,0.0600,0.0900,0.0900,197.00,,710.01
2026-09-16T04:00:00+00:00,KXCPICORE-26SEP-T0.3,0.0800,0.0900,0.0900,158.47,,828.48
2026-09-17T04:00:00+00:00,KXCPICORE-26SEP-T0.3,0.1000,0.1100,0.0900,51.00,,878.48
2026-09-18T04:00:00+00:00,KXCPICORE-26SEP-T0.3,0.1100,0.1800,0.1100,618.75,,1249.23
2026-09-19T04:00:00+00:00,KXCPICORE-26SEP-T0.3,0.0800,0.1100,0.1100,16524.99,,17596.15
2026-08-03T04:00:00+00:00,KXCPICORE-26SEP-T0.2,0.3400,0.9300,,0.00,,5.01
2026-08-04T04:00:00+00:00,KXCPICORE-26SEP-T0.2,0.3400,0.9400,,0.00,,5.01
2026-08-05T04:00:00+00:00,KXCPICORE-26SEP-T0.2,0.3400,0.9400,,0.00,,5.01
2026-08-06T04:00:00+00:00,KXCPICORE-26SEP-T0.2,0.3400,0.9400,,0.00,,5.01
2026-08-07T04:00:00+00:00,KXCPICORE-26SEP-T0.2,0.3400,0.9400,,0.00,,5.01
2026-08-08T04:00:00+00:00,KXCPICORE-26SEP-T0.2,0.3300,0.9400,,0.00,,5.01
2026-08-11T04:00:00+00:00,KXCPICORE-26SEP-T0.2,0.3300,0.9400,,0.00,,5.01
2026-08-12T04:00:00+00:00,KXCPICORE-26SEP-T0.2,0.3300,0.9400,,0.00,,5.01
2026-08-13T04:00:00+00:00,KXCPICORE-26SEP-T0.2,0.3600,0.9700,,0.00,,5.01
2026-08-14T04:00:00+00:00,KXCPICORE-26SEP-T0.2,0.3600,0.9700,,0.00,,5.01
2026-08-15T04:00:00+00:00,KXCPICORE-26SEP-T0.2,0.3600,0.9700,,0.00,,5.01
2026-08-18T04:00:00+00:00,KXCPICORE-26SEP-T0.2,0.3600,0.9700,,0.00,,5.01
2026-08-19T04:00:00+00:00,KXCPICORE-26SEP-T0.2,0.3600,0.9700,,0.00,,5.01
2026-08-20T04:00:00+00:00,KXCPICORE-26SEP-T0.2,0.3600,0.9700,,0.00,,5.01
2026-08-21T04:00:00+00:00,KXCPICORE-26SEP-T0.2,0.3700,0.9700,,0.00,,5.01
2026-08-22T04:00:00+00:00,KXCPICORE-26SEP-T0.2,0.3700,0.9700,,0.00,,5.01
2026-08-25T04:00:00+00:00,KXCPICORE-26SEP-T0.2,0.3700,0.9700,,0.00,,5.01
2026-08-26T04:00:00+00:00,KXCPICORE-26SEP-T0.2,0.3700,0.9400,,0.00,,5.01
2026-08-27T04:00:00+00:00,KXCPICORE-26SEP-T0.2,0.3900,0.8100,,0.00,,5.01
2026-08-28T04:00:00+00:00,KXCPICORE-26SEP-T0.2,0.3700,0.8800,,0.00,,5.01
2026-08-29T04:00:00+00:00,KXCPICORE-26SEP-T0.2,0.3700,0.8800,,0.00,,5.01
2026-08-30T04:00:00+00:00,KXCPICORE-26SEP-T0.2,0.4000,0.7700,,0.00,,5.01
2026-08-31T04:00:00+00:00,KXCPICORE-26SEP-T0.2,0.5200,0.6500,,0.00,,5.01
2026-09-01T04:00:00+00:00,KXCPICORE-26SEP-T0.2,0.4800,0.7200,,0.00,,5.01
2026-09-02T04:00:00+00:00,KXCPICORE-26SEP-T0.2,0.2400,0.6700,,0.00,,5.01
2026-09-03T04:00:00+00:00,KXCPICORE-26SEP-T0.2,0.2100,0.6800,,0.00,,5.01
2026-09-04T04:00:00+00:00,KXCPICORE-26SEP-T0.2,0.2000,0.6800,,0.00,,5.01
2026-09-05T04:00:00+00:00,KXCPICORE-26SEP-T0.2,0.2100,0.6800,,0.00,,5.01
2026-09-06T04:00:00+00:00,KXCPICORE-26SEP-T0.2,0.1800,0.7800,,0.00,,5.01
2026-09-09T04:00:00+00:00,KXCPICORE-26SEP-T0.2,0.1900,0.7900,,0.00,,5.01
2026-09-10T04:00:00+00:00,KXCPICORE-26SEP-T0.2,0.1800,0.7800,,0.00,,5.01
2026-09-11T04:00:00+00:00,KXCPICORE-26SEP-T0.2,0.1800,0.7800,,0.00,,5.01
2026-09-12T04:00:00+00:00,KXCPICORE-26SEP-T0.2,0.2500,0.4800,,0.00,,5.01
2026-09-13T04:00:00+00:00,KXCPICORE-26SEP-T0.2,0.2500,0.4800,,0.00,,5.01
2026-09-14T04:00:00+00:00,KXCPICORE-26SEP-T0.2,0.2600,0.4700,,0.00,,5.01
2026-09-15T04:00:00+00:00,KXCPICORE-26SEP-T0.2,0.3500,0.4300,0.4600,6.00,,11.01
2026-09-16T04:00:00+00:00,KXCPICORE-26SEP-T0.2,0.3700,0.4000,0.3700,46.72,,51.73
2026-09-17T04:00:00+00:00,KXCPICORE-26SEP-T0.2,0.3900,0.4000,0.4000,1970.39,,1244.74
2026-09-18T04:00:00+00:00,KXCPICORE-26SEP-T0.2,0.4200,0.4300,0.4400,855.71,,1236.28
2026-09-19T04:00:00+00:00,KXCPICORE-26SEP-T0.2,0.4000,0.4300,0.4100,11091.96,,11774.20
2026-08-05T04:00:00+00:00,KXCPICORE-26SEP-T0.1,0.6200,0.9900,,0.00,,4.01
2026-08-06T04:00:00+00:00,KXCPICORE-26SEP-T0.1,0.6200,0.9900,,0.00,,4.01
2026-08-07T04:00:00+00:00,KXCPICORE-26SEP-T0.1,0.6200,0.9900,,0.00,,4.01
2026-08-08T04:00:00+00:00,KXCPICORE-26SEP-T0.1,0.6200,0.9900,,0.00,,4.01
2026-08-11T04:00:00+00:00,KXCPICORE-26SEP-T0.1,0.6200,0.9900,,0.00,,4.01
2026-08-12T04:00:00+00:00,KXCPICORE-26SEP-T0.1,0.6200,0.9900,,0.00,,4.01
2026-08-13T04:00:00+00:00,KXCPICORE-26SEP-T0.1,0.6300,0.9900,,0.00,,4.01
2026-08-14T04:00:00+00:00,KXCPICORE-26SEP-T0.1,0.6300,0.9900,,0.00,,4.01
2026-08-15T04:00:00+00:00,KXCPICORE-26SEP-T0.1,0.6300,0.9900,,0.00,,4.01
2026-08-18T04:00:00+00:00,KXCPICORE-26SEP-T0.1,0.6300,0.9900,,0.00,,4.01
2026-08-19T04:00:00+00:00,KXCPICORE-26SEP-T0.1,0.6300,0.9900,,0.00,,4.01
2026-08-20T04:00:00+00:00,KXCPICORE-26SEP-T0.1,0.6300,0.9900,,0.00,,4.01
2026-08-21T04:00:00+00:00,KXCPICORE-26SEP-T0.1,0.6300,0.9900,,0.00,,4.01
2026-08-22T04:00:00+00:00,KXCPICORE-26SEP-T0.1,0.6300,0.9900,,0.00,,4.01
2026-08-25T04:00:00+00:00,KXCPICORE-26SEP-T0.1,0.6400,0.9600,,0.00,,4.01
2026-08-26T04:00:00+00:00,KXCPICORE-26SEP-T0.1,0.6500,0.9500,,0.00,,4.01
2026-08-27T04:00:00+00:00,KXCPICORE-26SEP-T0.1,0.7300,0.9500,,0.00,,4.01
2026-08-28T04:00:00+00:00,KXCPICORE-26SEP-T0.1,0.6400,0.9500,,0.00,,4.01
2026-08-29T04:00:00+00:00,KXCPICORE-26SEP-T0.1,0.6500,0.9400,,0.00,,4.01
2026-08-30T04:00:00+00:00,KXCPICORE-26SEP-T0.1,0.7500,0.9400,,0.00,,4.01
2026-08-31T04:00:00+00:00,KXCPICORE-26SEP-T0.1,0.8100,0.9300,,0.00,,4.01
2026-09-01T04:00:00+00:00,KXCPICORE-26SEP-T0.1,0.7600,0.9300,,0.00,,4.01
2026-09-02T04:00:00+00:00,KXCPICORE-26SEP-T0.1,0.4900,0.9200,,0.00,,4.01
2026-09-03T04:00:00+00:00,KXCPICORE-26SEP-T0.1,0.4800,0.9300,,0.00,,4.01
2026-09-04T04:00:00+00:00,KXCPICORE-26SEP-T0.1,0.4800,0.9400,,0.00,,4.01
2026-09-05T04:00:00+00:00,KXCPICORE-26SEP-T0.1,0.4800,0.9400,,0.00,,4.01
2026-09-06T04:00:00+00:00,KXCPICORE-26SEP-T0.1,0.4700,0.9400,,0.00,,4.01
2026-09-10T04:00:00+00:00,KXCPICORE-26SEP-T0.1,0.4700,0.9400,,0.00,,4.01
2026-09-11T04:00:00+00:00,KXCPICORE-26SEP-T0.1,0.4600,0.9200,,0.00,,4.01
2026-09-12T04:00:00+00:00,KXCPICORE-26SEP-T0.1,0.6300,0.9200,,0.00,,4.01
2026-09-13T04:00:00+00:00,KXCPICORE-26SEP-T0.1,0.6300,0.9200,,0.00,,4.01
2026-09-14T04:00:00+00:00,KXCPICORE-26SEP-T0.1,0.6700,0.9200,,0.00,,4.01
2026-09-15T04:00:00+00:00,KXCPICORE-26SEP-T0.1,0.7700,0.8700,,0.00,,4.01
2026-09-16T04:00:00+00:00,KXCPICORE-26SEP-T0.1,0.8200,0.8300,0.8300,277.26,,281.27
2026-09-17T04:00:00+00:00,KXCPICORE-26SEP-T0.1,0.8900,0.9300,0.8400,1163.96,,1194.23
2026-09-18T04:00:00+00:00,KXCPICORE-26SEP-T0.1,0.8700,0.8900,0.8900,1008.31,,425.90
2026-09-19T04:00:00+00:00,KXCPICORE-26SEP-T0.1,0.8600,0.8700,0.8600,100.00,,525.90
2026-08-05T04:00:00+00:00,KXCPICORE-26SEP-T0.0,0.6600,0.9900,,0.00,,3.01
2026-08-06T04:00:00+00:00,KXCPICORE-26SEP-T0.0,0.6600,0.9900,,0.00,,3.01
2026-08-07T04:00:00+00:00,KXCPICORE-26SEP-T0.0,0.6600,0.9900,,0.00,,3.01
2026-08-08T04:00:00+00:00,KXCPICORE-26SEP-T0.0,0.6600,0.9900,,0.00,,3.01
2026-08-11T04:00:00+00:00,KXCPICORE-26SEP-T0.0,0.6600,0.9900,,0.00,,3.01
2026-08-12T04:00:00+00:00,KXCPICORE-26SEP-T0.0,0.6600,0.9900,,0.00,,3.01
2026-08-13T04:00:00+00:00,KXCPICORE-26SEP-T0.0,0.6700,0.9900,,0.00,,3.01
2026-08-14T04:00:00+00:00,KXCPICORE-26SEP-T0.0,0.6700,0.9900,,0.00,,3.01
2026-08-15T04:00:00+00:00,KXCPICORE-26SEP-T0.0,0.6700,0.9900,,0.00,,3.01
2026-08-18T04:00:00+00:00,KXCPICORE-26SEP-T0.0,0.6700,0.9900,,0.00,,3.01
2026-08-19T04:00:00+00:00,KXCPICORE-26SEP-T0.0,0.6700,0.9900,,0.00,,3.01
2026-08-20T04:00:00+00:00,KXCPICORE-26SEP-T0.0,0.6700,0.9900,,0.00,,3.01
2026-08-21T04:00:00+00:00,KXCPICORE-26SEP-T0.0,0.6700,0.9900,,0.00,,3.01
2026-08-22T04:00:00+00:00,KXCPICORE-26SEP-T0.0,0.6700,0.9900,,0.00,,3.01
2026-08-25T04:00:00+00:00,KXCPICORE-26SEP-T0.0,0.6700,0.9900,,0.00,,3.01
2026-08-27T04:00:00+00:00,KXCPICORE-26SEP-T0.0,0.6800,1.0000,,0.00,,3.01
2026-08-28T04:00:00+00:00,KXCPICORE-26SEP-T0.0,0.6800,1.0000,,0.00,,3.01
2026-09-01T04:00:00+00:00,KXCPICORE-26SEP-T0.0,0.6800,1.0000,,0.00,,3.01
2026-09-02T04:00:00+00:00,KXCPICORE-26SEP-T0.0,0.6200,1.0000,,0.00,,3.01
2026-09-03T04:00:00+00:00,KXCPICORE-26SEP-T0.0,0.6200,1.0000,,0.00,,3.01
2026-09-04T04:00:00+00:00,KXCPICORE-26SEP-T0.0,0.6200,1.0000,,0.00,,3.01
2026-09-05T04:00:00+00:00,KXCPICORE-26SEP-T0.0,0.6200,0.9900,,0.00,,3.01
2026-09-06T04:00:00+00:00,KXCPICORE-26SEP-T0.0,0.6200,1.0000,,0.00,,3.01
2026-09-10T04:00:00+00:00,KXCPICORE-26SEP-T0.0,0.6200,1.0000,,0.00,,3.01
2026-09-11T04:00:00+00:00,KXCPICORE-26SEP-T0.0,0.6100,1.0000,0.6200,20.00,,23.01
2026-09-12T04:00:00+00:00,KXCPICORE-26SEP-T0.0,0.8100,1.0000,,0.00,,23.01
2026-09-13T04:00:00+00:00,KXCPICORE-26SEP-T0.0,0.8100,1.0000,,0.00,,23.01
2026-09-14T04:00:00+00:00,KXCPICORE-26SEP-T0.0,0.8100,1.0000,,0.00,,23.01
2026-09-15T04:00:00+00:00,KXCPICORE-26SEP-T0.0,0.9100,0.9200,0.9200,124.00,,127.01
2026-09-16T04:00:00+00:00,KXCPICORE-26SEP-T0.0,0.9200,0.9300,0.9300,53.60,,180.61
2026-09-17T04:00:00+00:00,KXCPICORE-26SEP-T0.0,0.9700,0.9800,0.9700,829.40,,740.45
2026-09-18T04:00:00+00:00,KXCPICORE-26SEP-T0.0,0.9800,0.9900,0.9800,305.00,,991.45
2026-09-19T04:00:00+00:00,KXCPICORE-26SEP-T0.0,0.9800,0.9900,,0.00,,991.45
2026-08-13T04:00:00+00:00,KXCPICORE-26AUG-T1.0,0.0000,0.0100,,0.00,,1225.39
2026-09-01T04:00:00+00:00,KXCPICORE-26AUG-T1.0,0.0000,0.0100,,0.00,,1225.39
2026-09-12T04:00:00+00:00,KXCPICORE-26AUG-T1.0,0.0000,1.0000,,0.00,,1225.39
2026-08-15T04:00:00+00:00,KXCPICORE-26AUG-T0.9,0.0000,0.0100,,0.00,,113.00
2026-08-16T04:00:00+00:00,KXCPICORE-26AUG-T0.9,0.0000,0.0100,,0.00,,113.00
2026-08-17T04:00:00+00:00,KXCPICORE-26AUG-T0.9,0.0000,0.0100,,0.00,,113.00
2026-08-25T04:00:00+00:00,KXCPICORE-26AUG-T0.9,0.0000,0.0100,,0.00,,113.00
2026-08-26T04:00:00+00:00,KXCPICORE-26AUG-T0.9,0.0000,0.0100,,0.00,,113.00
2026-09-12T04:00:00+00:00,KXCPICORE-26AUG-T0.9,0.0000,1.0000,,0.00,,113.00
2026-08-04T04:00:00+00:00,KXCPICORE-26AUG-T0.8,0.0000,0.0400,,0.00,,27.00
2026-08-05T04:00:00+00:00,KXCPICORE-26AUG-T0.8,0.0000,0.0400,,0.00,,27.00
2026-08-06T04:00:00+00:00,KXCPICORE-26AUG-T0.8,0.0000,0.0400,,0.00,,27.00
2026-08-07T04:00:00+00:00,KXCPICORE-26AUG-T0.8,0.0000,0.0300,,0.00,,27.00
2026-08-08T04:00:00+00:00,KXCPICORE-26AUG-T0.8,0.0000,0.0400,,0.00,,27.00
2026-08-11T04:00:00+00:00,KXCPICORE-26AUG-T0.8,0.0000,0.0400,,0.00,,27.00
2026-08-12T04:00:00+00:00,KXCPICORE-26AUG-T0.8,0.0000,0.0400,,0.00,,27.00
2026-08-13T04:00:00+00:00,KXCPICORE-26AUG-T0.8,0.0000,0.0400,,0.00,,27.00
2026-08-14T04:00:00+00:00,KXCPICORE-26AUG-T0.8,0.0000,0.0300,,0.00,,27.00
2026-08-15T04:00:00+00:00,KXCPICORE-26AUG-T0.8,0.0000,0.0300,,0.00,,27.00
2026-08-16T04:00:00+00:00,KXCPICORE-26AUG-T0.8,0.0000,0.0100,,0.00,,27.00
2026-08-17T04:00:00+00:00,KXCPICORE-26AUG-T0.8,0.0000,0.0400,,0.00,,27.00
2026-08-18T04:00:00+00:00,KXCPICORE-26AUG-T0.8,0.0000,0.0400,,0.00,,27.00
2026-08-19T04:00:00+00:00,KXCPICORE-26AUG-T0.8,0.0000,0.0400,,0.00,,27.00
2026-08-20T04:00:00+00:00,KXCPICORE-26AUG-T0.8,0.0000,0.0400,,0.00,,27.00
2026-08-21T04:00:00+00:00,KXCPICORE-26AUG-T0.8,0.0000,0.0400,,0.00,,27.00
2026-08-23T04:00:00+00:00,KXCPICORE-26AUG-T0.8,0.0000,0.0400,,0.00,,27.00
2026-08-26T04:00:00+00:00,KXCPICORE-26AUG-T0.8,0.0000,0.3100,,0.00,,27.00
2026-08-27T04:00:00+00:00,KXCPICORE-26AUG-T0.8,0.0000,0.3000,,0.00,,27.00
2026-08-28T04:00:00+00:00,KXCPICORE-26AUG-T0.8,0.0000,0.3000,,0.00,,27.00
2026-08-30T04:00:00+00:00,KXCPICORE-26AUG-T0.8,0.0000,0.3000,,0.00,,27.00
2026-08-31T04:00:00+00:00,KXCPICORE-26AUG-T0.8,0.0000,0.1200,0.0400,7.00,,34.00
2026-09-01T04:00:00+00:00,KXCPICORE-26AUG-T0.8,0.0000,0.1300,,0.00,,34.00
2026-09-02T04:00:00+00:00,KXCPICORE-26AUG-T0.8,0.0000,0.3000,,0.00,,34.00
2026-09-03T04:00:00+00:00,KXCPICORE-26AUG-T0.8,0.0000,0.3000,,0.00,,34.00
2026-09-04T04:00:00+00:00,KXCPICORE-26AUG-T0.8,0.0000,0.2900,,0.00,,34.00
2026-09-05T04:00:00+00:00,KXCPICORE-26AUG-T0.8,0.0000,0.2900,,0.00,,34.00
2026-09-06T04:00:00+00:00,KXCPICORE-26AUG-T0.8,0.0000,0.0100,,0.00,,34.00
2026-09-07T04:00:00+00:00,KXCPICORE-26AUG-T0.8,0.0000,0.0200,,0.00,,34.00
2026-09-08T04:00:00+00:00,KXCPICORE-26AUG-T0.8,0.0000,0.0100,,0.00,,34.00
2026-09-09T04:00:00+00:00,KXCPICORE-26AUG-T0.8,0.0000,0.0200,,0.00,,34.00
2026-09-10T04:00:00+00:00,KXCPICORE-26AUG-T0.8,0.0000,0.0100,,0.00,,34.00
2026-09-11T04:00:00+00:00,KXCPICORE-26AUG-T0.8,0.0000,0.0200,,0.00,,34.00
2026-09-12T04:00:00+00:00,KXCPICORE-26AUG-T0.8,0.0000,1.0000,,0.00,,34.00
2026-08-05T04:00:00+00:00,KXCPICORE-26AUG-T0.7,0.0000,0.3100,,0.00,,20.00
2026-08-06T04:00:00+00:00,KXCPICORE-26AUG-T0.7,0.0000,0.3100,,0.00,,20.00
2026-08-07T04:00:00+00:00,KXCPICORE-26AUG-T0.7,0.0000,0.3100,,0.00,,20.00
2026-08-08T04:00:00+00:00,KXCPICORE-26AUG-T0.7,0.0000,0.3100,,0.00,,20.00
2026-08-11T04:00:00+00:00,KXCPICORE-26AUG-T0.7,0.0000,0.3100,,0.00,,20.00
2026-08-12T04:00:00+00:00,KXCPICORE-26AUG-T0.7,0.0000,0.3100,,0.00,,20.00
2026-08-13T04:00:00+00:00,KXCPICORE-26AUG-T0.7,0.0000,0.0500,,0.00,,20.00
2026-08-14T04:00:00+00:00,KXCPICORE-26AUG-T0.7,0.0000,0.0400,,0.00,,20.00
2026-08-15T04:00:00+00:00,KXCPICORE-26AUG-T0.7,0.0000,0.0200,,0.00,,20.00
2026-08-16T04:00:00+00:00,KXCPICORE-26AUG-T0.7,0.0000,0.0400,,0.00,,20.00
2026-08-17T04:00:00+00:00,KXCPICORE-26AUG-T0.7,0.0000,0.0400,,0.00,,20.00
2026-08-18T04:00:00+00:00,KXCPICORE-26AUG-T0.7,0.0000,0.0400,,0.00,,20.00
2026-08-19T04:00:00+00:00,KXCPICORE-26AUG-T0.7,0.0000,0.0400,,0.00,,20.00
2026-08-20T04:00:00+00:00,KXCPICORE-26AUG-T0.7,0.0000,0.0400,,0.00,,20.00
2026-08-21T04:00:00+00:00,KXCPICORE-26AUG-T0.7,0.0000,0.0400,,0.00,,20.00
2026-08-23T04:00:00+00:00,KXCPICORE-26AUG-T0.7,0.0000,0.0400,,0.00,,20.00
2026-08-26T04:00:00+00:00,KXCPICORE-26AUG-T0.7,0.0000,0.3100,,0.00,,20.00
2026-08-27T04:00:00+00:00,KXCPICORE-26AUG-T0.7,0.0000,0.3000,,0.00,,20.00
2026-08-28T04:00:00+00:00,KXCPICORE-26AUG-T0.7,0.0000,0.3000,,0.00,,20.00
2026-08-30T04:00:00+00:00,KXCPICORE-26AUG-T0.7,0.0000,0.3000,,0.00,,20.00
2026-08-31T04:00:00+00:00,KXCPICORE-26AUG-T0.7,0.0000,0.1000,0.0400,5.19,,25.19
2026-09-01T04:00:00+00:00,KXCPICORE-26AUG-T0.7,0.0000,0.2100,0.0100,10.00,,35.19
2026-09-02T04:00:00+00:00,KXCPICORE-26AUG-T0.7,0.0000,0.2900,,0.00,,35.19
2026-09-03T04:00:00+00:00,KXCPICORE-26AUG-T0.7,0.0000,0.2900,,0.00,,35.19
2026-09-04T04:00:00+00:00,KXCPICORE-26AUG-T0.7,0.0000,0.2700,,0.00,,35.19
2026-09-05T04:00:00+00:00,KXCPICORE-26AUG-T0.7,0.0000,0.2700,,0.00,,35.19
2026-09-06T04:00:00+00:00,KXCPICORE-26AUG-T0.7,0.0000,0.0400,0.0300,13.00,,38.19
2026-09-07T04:00:00+00:00,KXCPICORE-26AUG-T0.7,0.0000,0.0400,,0.00,,38.19
2026-09-08T04:00:00+00:00,KXCPICORE-26AUG-T0.7,0.0000,0.0400,,0.00,,38.19
2026-09-09T04:00:00+00:00,KXCPICORE-26AUG-T0.7,0.0000,0.0400,,0.00,,38.19
2026-09-10T04:00:00+00:00,KXCPICORE-26AUG-T0.7,0.0000,0.0100,,0.00,,38.19
2026-09-11T04:00:00+00:00,KXCPICORE-26AUG-T0.7,0.0000,0.0100,,0.00,,38.19
2026-09-12T04:00:00+00:00,KXCPICORE-26AUG-T0.7,0.0000,1.0000,,0.00,,38.19
2026-08-04T04:00:00+00:00,KXCPICORE-26AUG-T0.6,0.0000,0.0600,,0.00,,61.00
2026-08-05T04:00:00+00:00,KXCPICORE-26AUG-T0.6,0.0000,0.0600,,0.00,,61.00
2026-08-06T04:00:00+00:00,KXCPICORE-26AUG-T0.6,0.0000,0.0600,,0.00,,61.00
2026-08-07T04:00:00+00:00,KXCPICORE-26AUG-T0.6,0.0000,0.0500,,0.00,,61.00
2026-08-08T04:00:00+00:00,KXCPICORE-26AUG-T0.6,0.0000,0.0600,0.0500,62.00,,123.00
2026-08-11T04:00:00+00:00,KXCPICORE-26AUG-T0.6,0.0000,0.0600,,0.00,,123.00
2026-08-12T04:00:00+00:00,KXCPICORE-26AUG-T0.6,0.0000,0.0600,,0.00,,123.00
2026-08-13T04:00:00+00:00,KXCPICORE-26AUG-T0.6,0.0000,0.0600,,0.00,,123.00
2026-08-14T04:00:00+00:00,KXCPICORE-26AUG-T0.6,0.0000,0.0400,,0.00,,123.00
2026-08-15T04:00:00+00:00,KXCPICORE-26AUG-T0.6,0.0000,0.0300,,0.00,,123.00
2026-08-17T04:00:00+00:00,KXCPICORE-26AUG-T0.6,0.0000,0.0500,,0.00,,123.00
2026-08-18T04:00:00+00:00,KXCPICORE-26AUG-T0.6,0.0000,0.0500,,0.00,,123.00
2026-08-19T04:00:00+00:00,KXCPICORE-26AUG-T0.6,0.0000,0.0500,,0.00,,123.00
2026-08-20T04:00:00+00:00,KXCPICORE-26AUG-T0.6,0.0000,0.0600,,0.00,,123.00
2026-08-21T04:00:00+00:00,KXCPICORE-26AUG-T0.6,0.0000,0.0700,,0.00,,123.00
2026-08-23T04:00:00+00:00,KXCPICORE-26AUG-T0.6,0.0000,0.0600,,0.00,,123.00
2026-08-26T04:00:00+00:00,KXCPICORE-26AUG-T0.6,0.0000,0.3100,,0.00,,123.00
2026-08-27T04:00:00+00:00,KXCPICORE-26AUG-T0.6,0.0000,0.3100,,0.00,,123.00
2026-08-28T04:00:00+00:00,KXCPICORE-26AUG-T0.6,0.0000,0.3100,,0.00,,123.00
2026-08-29T04:00:00+00:00,KXCPICORE-26AUG-T0.6,0.0000,0.3000,,0.00,,123.00
2026-08-30T04:00:00+00:00,KXCPICORE-26AUG-T0.6,0.0000,0.3000,,0.00,,123.00
2026-08-31T04:00:00+00:00,KXCPICORE-26AUG-T0.6,0.0100,0.1500,0.0400,5.00,,123.00
2026-09-01T04:00:00+00:00,KXCPICORE-26AUG-T0.6,0.0000,0.3000,,0.00,,123.00
2026-09-02T04:00:00+00:00,KXCPICORE-26AUG-T0.6,0.0000,0.3000,,0.00,,123.00
2026-09-03T04:00:00+00:00,KXCPICORE-26AUG-T0.6,0.0000,0.3000,,0.00,,123.00
2026-09-04T04:00:00+00:00,KXCPICORE-26AUG-T0.6,0.0000,0.3000,,0.00,,123.00
2026-09-05T04:00:00+00:00,KXCPICORE-26AUG-T0.6,0.0000,0.3000,,0.00,,123.00
2026-09-06T04:00:00+00:00,KXCPICORE-26AUG-T0.6,0.0000,0.0200,,0.00,,123.00
2026-09-07T04:00:00+00:00,KXCPICORE-26AUG-T0.6,0.0000,0.0500,,0.00,,123.00
2026-09-08T04:00:00+00:00,KXCPICORE-26AUG-T0.6,0.0000,0.0200,,0.00,,123.00
2026-09-09T04:00:00+00:00,KXCPICORE-26AUG-T0.6,0.0000,0.0500,,0.00,,123.00
2026-09-10T04:00:00+00:00,KXCPICORE-26AUG-T0.6,0.0000,0.0100,,0.00,,123.00
2026-09-11T04:00:00+00:00,KXCPICORE-26AUG-T0.6,0.0000,0.0100,,0.00,,123.00
2026-09-12T04:00:00+00:00,KXCPICORE-26AUG-T0.6,0.0000,1.0000,,0.00,,123.00
2026-08-05T04:00:00+00:00,KXCPICORE-26AUG-T0.5,0.0000,0.3100,,0.00,,56.00
2026-08-06T04:00:00+00:00,KXCPICORE-26AUG-T0.5,0.0000,0.3200,,0.00,,56.00
2026-08-07T04:00:00+00:00,KXCPICORE-26AUG-T0.5,0.0000,0.3200,,0.00,,56.00
2026-08-08T04:00:00+00:00,KXCPICORE-26AUG-T0.5,0.0000,0.3200,,0.00,,56.00
2026-08-11T04:00:00+00:00,KXCPICORE-26AUG-T0.5,0.0000,0.3200,,0.00,,56.00
2026-08-12T04:00:00+00:00,KXCPICORE-26AUG-T0.5,0.0000,0.3500,,0.00,,56.00
2026-08-13T04:00:00+00:00,KXCPICORE-26AUG-T0.5,0.0000,0.1500,,0.00,,56.00
2026-08-14T04:00:00+00:00,KXCPICORE-26AUG-T0.5,0.0000,0.0800,,0.00,,56.00
2026-08-15T04:00:00+00:00,KXCPICORE-26AUG-T0.5,0.0000,0.0900,,0.00,,56.00
2026-08-16T04:00:00+00:00,KXCPICORE-26AUG-T0.5,0.0000,0.0400,,0.00,,56.00
2026-08-17T04:00:00+00:00,KXCPICORE-26AUG-T0.5,0.0000,0.1500,,0.00,,56.00
2026-08-18T04:00:00+00:00,KXCPICORE-26AUG-T0.5,0.0000,0.1500,,0.00,,56.00
2026-08-19T04:00:00+00:00,KXCPICORE-26AUG-T0.5,0.0000,0.1400,,0.00,,56.00
2026-08-20T04:00:00+00:00,KXCPICORE-26AUG-T0.5,0.0000,0.1400,,0.00,,56.00
2026-08-21T04:00:00+00:00,KXCPICORE-26AUG-T0.5,0.0000,0.1400,,0.00,,56.00
2026-08-23T04:00:00+00:00,KXCPICORE-26AUG-T0.5,0.0000,0.1400,,0.00,,56.00
2026-08-26T04:00:00+00:00,KXCPICORE-26AUG-T0.5,0.0000,0.2900,,0.00,,56.00
2026-08-27T04:00:00+00:00,KXCPICORE-26AUG-T0.5,0.0000,0.2900,,0.00,,56.00
2026-08-28T04:00:00+00:00,KXCPICORE-26AUG-T0.5,0.0000,0.2900,,0.00,,56.00
2026-08-29T04:00:00+00:00,KXCPICORE-26AUG-T0.5,0.0000,0.2900,,0.00,,56.00
2026-08-30T04:00:00+00:00,KXCPICORE-26AUG-T0.5,0.0000,0.2900,,0.00,,56.00
2026-08-31T04:00:00+00:00,KXCPICORE-26AUG-T0.5,0.0100,0.2800,0.0400,5.00,,61.00
2026-09-01T04:00:00+00:00,KXCPICORE-26AUG-T0.5,0.0000,0.3000,,0.00,,61.00
2026-09-02T04:00:00+00:00,KXCPICORE-26AUG-T0.5,0.0000,0.3000,,0.00,,61.00
2026-09-03T04:00:00+00:00,KXCPICORE-26AUG-T0.5,0.0000,0.3000,,0.00,,61.00
2026-09-04T04:00:00+00:00,KXCPICORE-26AUG-T0.5,0.0000,0.3100,,0.00,,61.00
2026-09-05T04:00:00+00:00,KXCPICORE-26AUG-T0.5,0.0000,0.3100,,0.00,,61.00
2026-09-06T04:00:00+00:00,KXCPICORE-26AUG-T0.5,0.0000,0.0300,0.0200,3.00,,61.00
2026-09-07T04:00:00+00:00,KXCPICORE-26AUG-T0.5,0.0000,0.0300,,0.00,,61.00
2026-09-08T04:00:00+00:00,KXCPICORE-26AUG-T0.5,0.0000,0.0300,,0.00,,61.00
2026-09-09T04:00:00+00:00,KXCPICORE-26AUG-T0.5,0.0000,0.0300,,0.00,,61.00
2026-09-10T04:00:00+00:00,KXCPICORE-26AUG-T0.5,0.0000,0.0300,,0.00,,61.00
2026-09-11T04:00:00+00:00,KXCPICORE-26AUG-T0.5,0.0000,0.0200,,0.00,,61.00
2026-09-12T04:00:00+00:00,KXCPICORE-26AUG-T0.5,0.0000,1.0000,,0.00,,61.00
2026-08-04T04:00:00+00:00,KXCPICORE-26AUG-T0.4,0.0300,0.1000,,0.00,,37.00
2026-08-05T04:00:00+00:00,KXCPICORE-26AUG-T0.4,0.0300,0.1000,,0.00,,37.00
2026-08-06T04:00:00+00:00,KXCPICORE-26AUG-T0.4,0.0300,0.1000,,0.00,,37.00
2026-08-07T04:00:00+00:00,KXCPICORE-26AUG-T0.4,0.0400,0.2200,0.1000,11.00,,37.00
2026-08-08T04:00:00+00:00,KXCPICORE-26AUG-T0.4,0.0300,0.3000,,0.00,,37.00
2026-08-11T04:00:00+00:00,KXCPICORE-26AUG-T0.4,0.0300,0.3000,,0.00,,37.00
2026-08-12T04:00:00+00:00,KXCPICORE-26AUG-T0.4,0.0300,0.3000,,0.00,,37.00
2026-08-13T04:00:00+00:00,KXCPICORE-26AUG-T0.4,0.0200,0.0300,0.0300,155.00,,192.00
2026-08-14T04:00:00+00:00,KXCPICORE-26AUG-T0.4,0.0000,0.2700,0.0300,900.00,,1092.00
2026-08-15T04:00:00+00:00,KXCPICORE-26AUG-T0.4,0.0000,0.2700,,0.00,,1092.00
2026-08-18T04:00:00+00:00,KXCPICORE-26AUG-T0.4,0.0000,0.2700,,0.00,,1092.00
2026-08-19T04:00:00+00:00,KXCPICORE-26AUG-T0.4,0.0000,0.2700,,0.00,,1092.00
2026-08-20T04:00:00+00:00,KXCPICORE-26AUG-T0.4,0.0000,0.3000,,0.00,,1092.00
2026-08-31T04:00:00+00:00,KXCPICORE-26AUG-T0.4,0.0100,0.1800,0.0400,5.00,,1097.00
2026-09-01T04:00:00+00:00,KXCPICORE-26AUG-T0.4,0.0000,0.2400,,0.00,,1097.00
2026-09-02T04:00:00+00:00,KXCPICORE-26AUG-T0.4,0.0000,0.2400,,0.00,,1097.00
2026-09-04T04:00:00+00:00,KXCPICORE-26AUG-T0.4,0.0000,0.2200,,0.00,,1097.00
2026-09-05T04:00:00+00:00,KXCPICORE-26AUG-T0.4,0.0000,0.2200,,0.00,,1097.00
2026-09-06T04:00:00+00:00,KXCPICORE-26AUG-T0.4,0.0000,0.0700,,0.00,,1097.00
2026-09-07T04:00:00+00:00,KXCPICORE-26AUG-T0.4,0.0000,0.0500,,0.00,,1097.00
2026-09-09T04:00:00+00:00,KXCPICORE-26AUG-T0.4,0.0000,0.0500,,0.00,,1097.00
2026-09-10T04:00:00+00:00,KXCPICORE-26AUG-T0.4,0.0000,0.0500,,0.00,,1097.00
2026-09-11T04:00:00+00:00,KXCPICORE-26AUG-T0.4,0.0000,0.0200,,0.00,,1097.00
2026-09-12T04:00:00+00:00,KXCPICORE-26AUG-T0.4,0.0000,1.0000,,0.00,,1097.00
2026-08-02T04:00:00+00:00,KXCPICORE-26AUG-T0.3,0.0500,0.2800,,0.00,,225.00
2026-08-04T04:00:00+00:00,KXCPICORE-26AUG-T0.3,0.0700,0.3500,,0.00,,225.00
2026-08-05T04:00:00+00:00,KXCPICORE-26AUG-T0.3,0.0700,0.3500,,0.00,,225.00
2026-08-06T04:00:00+00:00,KXCPICORE-26AUG-T0.3,0.0600,0.3500,,0.00,,225.00
2026-08-07T04:00:00+00:00,KXCPICORE-26AUG-T0.3,0.2000,0.3400,,0.00,,225.00
2026-08-08T04:00:00+00:00,KXCPICORE-26AUG-T0.3,0.0300,0.4200,0.2000,1.00,,226.00
2026-08-09T04:00:00+00:00,KXCPICORE-26AUG-T0.3,0.0300,0.4400,,0.00,,226.00
2026-08-11T04:00:00+00:00,KXCPICORE-26AUG-T0.3,0.0300,0.5700,,0.00,,226.00
2026-08-12T04:00:00+00:00,KXCPICORE-26AUG-T0.3,0.0300,0.5600,,0.00,,226.00
2026-08-13T04:00:00+00:00,KXCPICORE-26AUG-T0.3,0.0300,0.3900,0.0300,61.72,,287.72
2026-08-14T04:00:00+00:00,KXCPICORE-26AUG-T0.3,0.0300,0.0500,0.0500,19.00,,306.72
2026-08-15T04:00:00+00:00,KXCPICORE-26AUG-T0.3,0.0300,0.0500,,0.00,,306.72
2026-08-18T04:00:00+00:00,KXCPICORE-26AUG-T0.3,0.0300,0.0500,0.0500,14.28,,321.00
2026-08-19T04:00:00+00:00,KXCPICORE-26AUG-T0.3,0.0300,0.0500,,0.00,,321.00
2026-08-20T04:00:00+00:00,KXCPICORE-26AUG-T0.3,0.0300,0.0500,,0.00,,321.00
2026-08-21T04:00:00+00:00,KXCPICORE-26AUG-T0.3,0.0200,0.0500,,0.00,,321.00
2026-08-22T04:00:00+00:00,KXCPICORE-26AUG-T0.3,0.0200,0.0300,0.0400,175.99,,496.99
2026-08-23T04:00:00+00:00,KXCPICORE-26AUG-T0.3,0.0200,0.0300,0.0300,1.99,,498.98
2026-08-24T04:00:00+00:00,KXCPICORE-26AUG-T0.3,0.0200,0.0300,,0.00,,498.98
2026-08-25T04:00:00+00:00,KXCPICORE-26AUG-T0.3,0.0000,0.0300,,0.00,,498.98
2026-08-26T04:00:00+00:00,KXCPICORE-26AUG-T0.3,0.0000,0.0300,,0.00,,498.98
2026-08-27T04:00:00+00:00,KXCPICORE-26AUG-T0.3,0.0200,0.0300,,0.00,,498.98
2026-08-28T04:00:00+00:00,KXCPICORE-26AUG-T0.3,0.0200,0.0300,,0.00,,498.98
2026-08-29T04:00:00+00:00,KXCPICORE-26AUG-T0.3,0.0200,0.0300,,0.00,,498.98
2026-08-30T04:00:00+00:00,KXCPICORE-26AUG-T0.3,0.0200,0.0300,,0.00,,498.98
2026-08-31T04:00:00+00:00,KXCPICORE-26AUG-T0.3,0.0200,0.0300,0.0300,27.19,,526.17
2026-09-01T04:00:00+00:00,KXCPICORE-26AUG-T0.3,0.0200,0.0300,0.0300,1.99,,528.16
2026-09-02T04:00:00+00:00,KXCPICORE-26AUG-T0.3,0.0200,0.0500,0.0500,21.00,,549.16
2026-09-03T04:00:00+00:00,KXCPICORE-26AUG-T0.3,0.0000,0.0500,,0.00,,549.16
2026-09-04T04:00:00+00:00,KXCPICORE-26AUG-T0.3,0.0000,0.0500,0.0500,235.55,,684.71
2026-09-05T04:00:00+00:00,KXCPICORE-26AUG-T0.3,0.0000,0.0500,,0.00,,684.71
2026-09-09T04:00:00+00:00,KXCPICORE-26AUG-T0.3,0.0000,0.0500,0.0500,50.00,,734.71
2026-09-10T04:00:00+00:00,KXCPICORE-26AUG-T0.3,0.0000,0.0300,0.0400,16.66,,751.37
2026-09-11T04:00:00+00:00,KXCPICORE-26AUG-T0.3,0.0400,0.0500,0.0400,3224.39,,3492.04
2026-09-12T04:00:00+00:00,KXCPICORE-26AUG-T0.3,0.0000,1.0000,0.0100,5278.13,,8050.44
2026-08-02T04:00:00+00:00,KXCPICORE-26AUG-T0.2,0.3700,0.8000,0.4000,2.00,,22.00
2026-08-03T04:00:00+00:00,KXCPICORE-26AUG-T0.2,0.5400,0.7300,,0.00,,22.00
2026-08-04T04:00:00+00:00,KXCPICORE-26AUG-T0.2,0.3600,0.7400,,0.00,,22.00
2026-08-05T04:00:00+00:00,KXCPICORE-26AUG-T0.2,0.3600,0.7400,,0.00,,22.00
2026-08-06T04:00:00+00:00,KXCPICORE-26AUG-T0.2,0.4400,0.7300,0.8400,93.25,,114.25
2026-08-07T04:00:00+00:00,KXCPICORE-26AUG-T0.2,0.4900,0.6500,0.5200,2.00,,116.25
2026-08-08T04:00:00+00:00,KXCPICORE-26AUG-T0.2,0.3600,0.8400,,0.00,,116.25
2026-08-10T04:00:00+00:00,KXCPICORE-26AUG-T0.2,0.3600,0.8400,,0.00,,116.25
2026-08-11T04:00:00+00:00,KXCPICORE-26AUG-T0.2,0.3600,0.9700,,0.00,,116.25
2026-08-12T04:00:00+00:00,KXCPICORE-26AUG-T0.2,0.2200,0.8300,0.3600,3.00,,113.25
2026-08-13T04:00:00+00:00,KXCPICORE-26AUG-T0.2,0.2700,0.6800,0.6800,142.27,,255.52
2026-08-14T04:00:00+00:00,KXCPICORE-26AUG-T0.2,0.3100,0.3200,0.3800,14.00,,268.52
2026-08-15T04:00:00+00:00,KXCPICORE-26AUG-T0.2,0.3100,0.6600,0.3100,120.92,,247.60
2026-08-16T04:00:00+00:00,KXCPICORE-26AUG-T0.2,0.3200,0.4800,,0.00,,247.60
2026-08-17T04:00:00+00:00,KXCPICORE-26AUG-T0.2,0.3200,0.4800,,0.00,,247.60
2026-08-18T04:00:00+00:00,KXCPICORE-26AUG-T0.2,0.3100,0.4800,0.3200,3.00,,250.60
2026-08-19T04:00:00+00:00,KXCPICORE-26AUG-T0.2,0.3100,0.4800,,0.00,,250.60
2026-08-20T04:00:00+00:00,KXCPICORE-26AUG-T0.2,0.3100,0.4800,,0.00,,250.60
2026-08-21T04:00:00+00:00,KXCPICORE-26AUG-T0.2,0.3300,0.4900,0.5100,6.81,,250.60
2026-08-22T04:00:00+00:00,KXCPICORE-26AUG-T0.2,0.3300,0.4700,0.3700,175.45,,307.72
2026-08-23T04:00:00+00:00,KXCPICORE-26AUG-T0.2,0.3300,0.4300,0.3100,223.99,,531.71
2026-08-24T04:00:00+00:00,KXCPICORE-26AUG-T0.2,0.3300,0.4200,,0.00,,531.71
2026-08-25T04:00:00+00:00,KXCPICORE-26AUG-T0.2,0.3300,0.4100,,0.00,,531.71
2026-08-26T04:00:00+00:00,KXCPICORE-26AUG-T0.2,0.3200,0.4700,,0.00,,531.71
2026-08-27T04:00:00+00:00,KXCPICORE-26AUG-T0.2,0.3300,0.4900,,0.00,,531.71
2026-08-28T04:00:00+00:00,KXCPICORE-26AUG-T0.2,0.3200,0.4300,,0.00,,531.71
2026-08-29T04:00:00+00:00,KXCPICORE-26AUG-T0.2,0.3100,0.4900,0.3100,28.35,,545.88
2026-08-30T04:00:00+00:00,KXCPICORE-26AUG-T0.2,0.3300,0.4500,0.3400,72.91,,562.62
2026-08-31T04:00:00+00:00,KXCPICORE-26AUG-T0.2,0.3200,0.4000,0.4000,1.00,,562.62
2026-09-01T04:00:00+00:00,KXCPICORE-26AUG-T0.2,0.3200,0.3700,0.3400,1.99,,564.61
2026-09-02T04:00:00+00:00,KXCPICORE-26AUG-T0.2,0.3300,0.4200,0.3400,4.99,,569.60
2026-09-03T04:00:00+00:00,KXCPICORE-26AUG-T0.2,0.3300,0.4300,0.3200,37.98,,607.58
2026-09-04T04:00:00+00:00,KXCPICORE-26AUG-T0.2,0.3200,0.3800,0.3200,299.90,,906.48
2026-09-05T04:00:00+00:00,KXCPICORE-26AUG-T0.2,0.3300,0.4100,0.3400,171.97,,1027.45
2026-09-06T04:00:00+00:00,KXCPICORE-26AUG-T0.2,0.3200,0.4000,0.3400,677.59,,1692.04
2026-09-07T04:00:00+00:00,KXCPICORE-26AUG-T0.2,0.3200,0.3800,0.3800,3.27,,1692.04
2026-09-08T04:00:00+00:00,KXCPICORE-26AUG-T0.2,0.3200,0.3700,0.3600,160.00,,1785.04
2026-09-09T04:00:00+00:00,KXCPICORE-26AUG-T0.2,0.3200,0.3700,0.3200,5145.38,,6869.42
2026-09-10T04:00:00+00:00,KXCPICORE-26AUG-T0.2,0.0800,0.2700,0.3300,9554.08,,15696.57
2026-09-11T04:00:00+00:00,KXCPICORE-26AUG-T0.2,0.2600,0.2700,0.2600,9595.41,,23007.78
2026-09-12T04:00:00+00:00,KXCPICORE-26AUG-T0.2,0.0000,1.0000,0.1100,2977.24,,25247.49
2026-08-05T04:00:00+00:00,KXCPICORE-26AUG-T0.1,0.6200,0.9800,,0.00,,14.00
2026-08-06T04:00:00+00:00,KXCPICORE-26AUG-T0.1,0.6800,0.9800,,0.00,,14.00
2026-08-07T04:00:00+00:00,KXCPICORE-26AUG-T0.1,0.7200,0.9600,,0.00,,14.00
2026-08-08T04:00:00+00:00,KXCPICORE-26AUG-T0.1,0.5800,0.9700,,0.00,,14.00
2026-08-11T04:00:00+00:00,KXCPICORE-26AUG-T0.1,0.5800,0.9700,,0.00,,14.00
2026-08-12T04:00:00+00:00,KXCPICORE-26AUG-T0.1,0.5000,0.9700,,0.00,,14.00
2026-08-13T04:00:00+00:00,KXCPICORE-26AUG-T0.1,0.5100,0.8800,0.8900,67.90,,81.90
2026-08-14T04:00:00+00:00,KXCPICORE-26AUG-T0.1,0.5300,0.8400,0.8600,29.90,,111.80
2026-08-15T04:00:00+00:00,KXCPICORE-26AUG-T0.1,0.4800,0.8800,,0.00,,111.80
2026-08-16T04:00:00+00:00,KXCPICORE-26AUG-T0.1,0.4900,0.8700,,0.00,,111.80
2026-08-17T04:00:00+00:00,KXCPICORE-26AUG-T0.1,0.4900,0.8700,,0.00,,111.80
2026-08-20T04:00:00+00:00,KXCPICORE-26AUG-T0.1,0.4900,0.8700,,0.00,,111.80
2026-08-21T04:00:00+00:00,KXCPICORE-26AUG-T0.1,0.5000,0.8100,,0.00,,111.80
2026-08-22T04:00:00+00:00,KXCPICORE-26AUG-T0.1,0.5200,0.8300,,0.00,,111.80
2026-08-23T04:00:00+00:00,KXCPICORE-26AUG-T0.1,0.7100,0.7700,0.6800,1.10,,111.80
2026-08-24T04:00:00+00:00,KXCPICORE-26AUG-T0.1,0.7000,0.8000,0.6900,0.02,,111.78
2026-08-25T04:00:00+00:00,KXCPICORE-26AUG-T0.1,0.5500,0.7200,,0.00,,111.78
2026-08-26T04:00:00+00:00,KXCPICORE-26AUG-T0.1,0.5300,0.7300,,0.00,,111.78
2026-08-27T04:00:00+00:00,KXCPICORE-26AUG-T0.1,0.5900,0.8000,,0.00,,111.78
2026-08-28T04:00:00+00:00,KXCPICORE-26AUG-T0.1,0.4900,0.7400,,0.00,,111.78
2026-08-29T04:00:00+00:00,KXCPICORE-26AUG-T0.1,0.5200,0.8100,0.8300,35.77,,142.55
2026-08-30T04:00:00+00:00,KXCPICORE-26AUG-T0.1,0.6500,0.8200,0.8000,359.18,,501.73
2026-08-31T04:00:00+00:00,KXCPICORE-26AUG-T0.1,0.7200,0.7900,,0.00,,501.73
2026-09-01T04:00:00+00:00,KXCPICORE-26AUG-T0.1,0.6500,0.7600,,0.00,,501.73
2026-09-02T04:00:00+00:00,KXCPICORE-26AUG-T0.1,0.6500,0.8000,0.7300,4.99,,506.72
2026-09-03T04:00:00+00:00,KXCPICORE-26AUG-T0.1,0.7000,0.8200,0.7600,17.98,,524.60
2026-09-04T04:00:00+00:00,KXCPICORE-26AUG-T0.1,0.6400,0.8000,0.7000,36.20,,550.80
2026-09-05T04:00:00+00:00,KXCPICORE-26AUG-T0.1,0.6600,0.7900,0.7900,112.11,,662.91
2026-09-06T04:00:00+00:00,KXCPICORE-26AUG-T0.1,0.8000,0.8500,0.8100,659.59,,1322.50
2026-09-07T04:00:00+00:00,KXCPICORE-26AUG-T0.1,0.8100,0.8900,0.8900,5037.99,,6326.50
2026-09-08T04:00:00+00:00,KXCPICORE-26AUG-T0.1,0.8000,0.8500,0.8400,19.00,,6341.50
2026-09-09T04:00:00+00:00,KXCPICORE-26AUG-T0.1,0.7600,0.8700,0.8700,2663.14,,8582.21
2026-09-10T04:00:00+00:00,KXCPICORE-26AUG-T0.1,0.8600,0.8700,0.8700,2062.87,,9203.13
2026-09-11T04:00:00+00:00,KXCPICORE-26AUG-T0.1,0.8600,0.8700,0.8600,5674.05,,10236.47
2026-09-12T04:00:00+00:00,KXCPICORE-26AUG-T0.1,0.0000,1.0000,0.8400,14615.78,,24345.22
2026-08-05T04:00:00+00:00,KXCPICORE-26AUG-T0.0,0.6600,0.9900,,0.00,,6.00
2026-08-06T04:00:00+00:00,KXCPICORE-26AUG-T0.0,0.6700,0.9900,,0.00,,6.00
2026-08-07T04:00:00+00:00,KXCPICORE-26AUG-T0.0,0.6800,0.9800,,0.00,,6.00
2026-08-08T04:00:00+00:00,KXCPICORE-26AUG-T0.0,0.6300,1.0000,,0.00,,6.00
2026-08-11T04:00:00+00:00,KXCPICORE-26AUG-T0.0,0.6300,1.0000,,0.00,,6.00
2026-08-12T04:00:00+00:00,KXCPICORE-26AUG-T0.0,0.6000,1.0000,,0.00,,6.00
2026-08-13T04:00:00+00:00,KXCPICORE-26AUG-T0.0,0.6000,1.0000,,0.00,,6.00
2026-08-14T04:00:00+00:00,KXCPICORE-26AUG-T0.0,0.7100,1.0000,,0.00,,6.00
2026-08-15T04:00:00+00:00,KXCPICORE-26AUG-T0.0,0.7100,1.0000,,0.00,,6.00
2026-08-17T04:00:00+00:00,KXCPICORE-26AUG-T0.0,0.6000,1.0000,,0.00,,6.00
2026-08-18T04:00:00+00:00,KXCPICORE-26AUG-T0.0,0.6000,1.0000,,0.00,,6.00
2026-08-19T04:00:00+00:00,KXCPICORE-26AUG-T0.0,0.6000,1.0000,,0.00,,6.00
2026-08-20T04:00:00+00:00,KXCPICORE-26AUG-T0.0,0.6000,1.0000,,0.00,,6.00
2026-08-21T04:00:00+00:00,KXCPICORE-26AUG-T0.0,0.6000,1.0000,,0.00,,6.00
2026-08-22T04:00:00+00:00,KXCPICORE-26AUG-T0.0,0.6000,1.0000,,0.00,,6.00
2026-08-23T04:00:00+00:00,KXCPICORE-26AUG-T0.0,0.6100,0.9800,,0.00,,6.00
2026-08-24T04:00:00+00:00,KXCPICORE-26AUG-T0.0,0.6000,0.9900,,0.00,,6.00
2026-08-25T04:00:00+00:00,KXCPICORE-26AUG-T0.0,0.6000,0.9900,,0.00,,6.00
2026-08-26T04:00:00+00:00,KXCPICORE-26AUG-T0.0,0.6000,0.9900,,0.00,,6.00
2026-08-27T04:00:00+00:00,KXCPICORE-26AUG-T0.0,0.7700,0.9900,,0.00,,6.00
2026-08-28T04:00:00+00:00,KXCPICORE-26AUG-T0.0,0.7700,0.9700,,0.00,,6.00
2026-08-29T04:00:00+00:00,KXCPICORE-26AUG-T0.0,0.7800,0.9800,,0.00,,6.00
2026-08-30T04:00:00+00:00,KXCPICORE-26AUG-T0.0,0.7700,0.9900,,0.00,,6.00
2026-08-31T04:00:00+00:00,KXCPICORE-26AUG-T0.0,0.8500,0.9600,,0.00,,6.00
2026-09-01T04:00:00+00:00,KXCPICORE-26AUG-T0.0,0.7800,0.9700,,0.00,,6.00
2026-09-02T04:00:00+00:00,KXCPICORE-26AUG-T0.0,0.7700,0.9900,,0.00,,6.00
2026-09-03T04:00:00+00:00,KXCPICORE-26AUG-T0.0,0.6100,0.9900,,0.00,,6.00
2026-09-04T04:00:00+00:00,KXCPICORE-26AUG-T0.0,0.6000,0.9900,,0.00,,6.00
2026-09-05T04:00:00+00:00,KXCPICORE-26AUG-T0.0,0.7800,0.9900,,0.00,,6.00
2026-09-06T04:00:00+00:00,KXCPICORE-26AUG-T0.0,0.8600,0.9900,,0.00,,6.00
2026-09-07T04:00:00+00:00,KXCPICORE-26AUG-T0.0,0.8800,0.9800,0.9900,3.99,,6.00
2026-09-08T04:00:00+00:00,KXCPICORE-26AUG-T0.0,0.8800,0.9900,,0.00,,6.00
2026-09-09T04:00:00+00:00,KXCPICORE-26AUG-T0.0,0.8700,0.9900,,0.00,,6.00
2026-09-10T04:00:00+00:00,KXCPICORE-26AUG-T0.0,0.9100,0.9900,,0.00,,6.00
2026-09-11T04:00:00+00:00,KXCPICORE-26AUG-T0.0,0.9100,0.9900,,0.00,,6.00
2026-09-12T04:00:00+00:00,KXCPICORE-26AUG-T0.0,0.0000,1.0000,,0.00,,6.00
2026-08-02T04:00:00+00:00,KXCPICORE-26JUL-T1.0,0.0000,0.0100,,0.00,,1709.00
2026-08-03T04:00:00+00:00,KXCPICORE-26JUL-T1.0,0.0000,0.0100,,0.00,,1709.00
2026-08-04T04:00:00+00:00,KXCPICORE-26JUL-T1.0,0.0000,0.0100,,0.00,,1709.00
2026-08-05T04:00:00+00:00,KXCPICORE-26JUL-T1.0,0.0000,0.0100,,0.00,,1709.00
2026-08-06T04:00:00+00:00,KXCPICORE-26JUL-T1.0,0.0000,0.0100,,0.00,,1709.00
2026-08-07T04:00:00+00:00,KXCPICORE-26JUL-T1.0,0.0000,0.0100,,0.00,,1709.00
2026-08-08T04:00:00+00:00,KXCPICORE-26JUL-T1.0,0.0000,0.0100,,0.00,,1709.00
2026-08-09T04:00:00+00:00,KXCPICORE-26JUL-T1.0,0.0000,0.0100,,0.00,,1709.00
2026-08-10T04:00:00+00:00,KXCPICORE-26JUL-T1.0,0.0000,0.0100,,0.00,,1709.00
2026-08-11T04:00:00+00:00,KXCPICORE-26JUL-T1.0,0.0000,0.0100,,0.00,,1709.00
2026-08-12T04:00:00+00:00,KXCPICORE-26JUL-T1.0,0.0000,0.0100,,0.00,,1709.00
2026-08-13T04:00:00+00:00,KXCPICORE-26JUL-T1.0,0.0000,1.0000,,0.00,,1709.00
2026-08-02T04:00:00+00:00,KXCPICORE-26JUL-T0.9,0.0000,0.0500,,0.00,,716.00
2026-08-03T04:00:00+00:00,KXCPICORE-26JUL-T0.9,0.0000,0.2500,0.0200,10.00,,726.00
2026-08-04T04:00:00+00:00,KXCPICORE-26JUL-T0.9,0.0000,0.1700,0.2100,3.00,,725.00
2026-08-05T04:00:00+00:00,KXCPICORE-26JUL-T0.9,0.0000,0.0500,,0.00,,725.00
2026-08-06T04:00:00+00:00,KXCPICORE-26JUL-T0.9,0.0000,0.2500,0.0100,10.00,,735.00
2026-08-07T04:00:00+00:00,KXCPICORE-26JUL-T0.9,0.0000,0.0400,,0.00,,735.00
2026-08-08T04:00:00+00:00,KXCPICORE-26JUL-T0.9,0.0000,0.0400,,0.00,,735.00
2026-08-09T04:00:00+00:00,KXCPICORE-26JUL-T0.9,0.0000,0.0300,,0.00,,735.00
2026-08-10T04:00:00+00:00,KXCPICORE-26JUL-T0.9,0.0000,0.0300,,0.00,,735.00
2026-08-11T04:00:00+00:00,KXCPICORE-26JUL-T0.9,0.0000,0.0400,,0.00,,735.00
2026-08-12T04:00:00+00:00,KXCPICORE-26JUL-T0.9,0.0000,0.0100,,0.00,,735.00
2026-08-13T04:00:00+00:00,KXCPICORE-26JUL-T0.9,0.0000,1.0000,,0.00,,735.00
2026-08-07T04:00:00+00:00,KXCPICORE-26JUL-T0.8,0.0000,0.0200,,0.00,,514.00
2026-08-08T04:00:00+00:00,KXCPICORE-26JUL-T0.8,0.0000,0.0200,,0.00,,514.00
2026-08-09T04:00:00+00:00,KXCPICORE-26JUL-T0.8,0.0000,0.0200,,0.00,,514.00
2026-08-10T04:00:00+00:00,KXCPICORE-26JUL-T0.8,0.0000,0.0200,,0.00,,514.00
2026-08-11T04:00:00+00:00,KXCPICORE-26JUL-T0.8,0.0000,0.0300,,0.00,,514.00
2026-08-12T04:00:00+00:00,KXCPICORE-26JUL-T0.8,0.0000,0.0100,,0.00,,514.00
2026-08-13T04:00:00+00:00,KXCPICORE-26JUL-T0.8,0.0000,1.0000,,0.00,,514.00
2026-08-02T04:00:00+00:00,KXCPICORE-26JUL-T0.7,0.0000,0.0100,0.0100,37.00,,1124.00
2026-08-03T04:00:00+00:00,KXCPICORE-26JUL-T0.7,0.0000,0.0100,0.0100,10.00,,1114.00
2026-08-04T04:00:00+00:00,KXCPICORE-26JUL-T0.7,0.0000,0.0100,0.0100,1.00,,1114.00
2026-08-05T04:00:00+00:00,KXCPICORE-26JUL-T0.7,0.0000,0.0100,,0.00,,1114.00
2026-08-06T04:00:00+00:00,KXCPICORE-26JUL-T0.7,0.0000,0.0100,,0.00,,1114.00
2026-08-07T04:00:00+00:00,KXCPICORE-26JUL-T0.7,0.0000,0.0200,,0.00,,1114.00
2026-08-08T04:00:00+00:00,KXCPICORE-26JUL-T0.7,0.0000,0.0200,,0.00,,1114.00
2026-08-09T04:00:00+00:00,KXCPICORE-26JUL-T0.7,0.0000,0.0100,,0.00,,1114.00
2026-08-10T04:00:00+00:00,KXCPICORE-26JUL-T0.7,0.0000,0.0100,,0.00,,1114.00
2026-08-11T04:00:00+00:00,KXCPICORE-26JUL-T0.7,0.0000,0.0200,,0.00,,1114.00
2026-08-12T04:00:00+00:00,KXCPICORE-26JUL-T0.7,0.0000,0.0100,,0.00,,1114.00
2026-08-13T04:00:00+00:00,KXCPICORE-26JUL-T0.7,0.0000,1.0000,,0.00,,1114.00
2026-08-02T04:00:00+00:00,KXCPICORE-26JUL-T0.6,0.0000,0.0500,,0.00,,134.00
2026-08-03T04:00:00+00:00,KXCPICORE-26JUL-T0.6,0.0000,0.3000,,0.00,,134.00
2026-08-04T04:00:00+00:00,KXCPICORE-26JUL-T0.6,0.0000,0.3000,,0.00,,134.00
2026-08-05T04:00:00+00:00,KXCPICORE-26JUL-T0.6,0.0000,0.0700,,0.00,,134.00
2026-08-06T04:00:00+00:00,KXCPICORE-26JUL-T0.6,0.0000,0.3000,0.0100,3.98,,137.98
2026-08-07T04:00:00+00:00,KXCPICORE-26JUL-T0.6,0.0000,0.0600,0.0200,5.00,,142.98
2026-08-08T04:00:00+00:00,KXCPICORE-26JUL-T0.6,0.0000,0.0700,,0.00,,142.98
2026-08-09T04:00:00+00:00,KXCPICORE-26JUL-T0.6,0.0000,0.0600,,0.00,,142.98
2026-08-10T04:00:00+00:00,KXCPICORE-26JUL-T0.6,0.0000,0.0600,,0.00,,142.98
2026-08-11T04:00:00+00:00,KXCPICORE-26JUL-T0.6,0.0000,0.0600,,0.00,,142.98
2026-08-12T04:00:00+00:00,KXCPICORE-26JUL-T0.6,0.0000,0.0100,,0.00,,142.98
2026-08-13T04:00:00+00:00,KXCPICORE-26JUL-T0.6,0.0000,1.0000,,0.00,,142.98
2026-08-02T04:00:00+00:00,KXCPICORE-26JUL-T0.5,0.0000,0.0600,,0.00,,484.00
2026-08-03T04:00:00+00:00,KXCPICORE-26JUL-T0.5,0.0000,0.0400,0.0100,10.00,,484.00
2026-08-04T04:00:00+00:00,KXCPICORE-26JUL-T0.5,0.0000,0.0400,,0.00,,484.00
2026-08-05T04:00:00+00:00,KXCPICORE-26JUL-T0.5,0.0000,0.0400,,0.00,,484.00
2026-08-06T04:00:00+00:00,KXCPICORE-26JUL-T0.5,0.0000,0.0400,,0.00,,484.00
2026-08-07T04:00:00+00:00,KXCPICORE-26JUL-T0.5,0.0000,0.0300,0.0300,10.00,,494.00
2026-08-08T04:00:00+00:00,KXCPICORE-26JUL-T0.5,0.0000,0.0300,,0.00,,494.00
2026-08-09T04:00:00+00:00,KXCPICORE-26JUL-T0.5,0.0000,0.0300,,0.00,,494.00
2026-08-10T04:00:00+00:00,KXCPICORE-26JUL-T0.5,0.0000,0.0300,,0.00,,494.00
2026-08-11T04:00:00+00:00,KXCPICORE-26JUL-T0.5,0.0000,0.0300,0.0200,6.00,,494.00
2026-08-12T04:00:00+00:00,KXCPICORE-26JUL-T0.5,0.0000,0.0200,0.0300,29.00,,519.00
2026-08-13T04:00:00+00:00,KXCPICORE-26JUL-T0.5,0.0000,1.0000,0.0500,6.00,,525.00
2026-08-02T04:00:00+00:00,KXCPICORE-26JUL-T0.4,0.0200,0.0500,0.0100,199.00,,716.96
2026-08-03T04:00:00+00:00,KXCPICORE-26JUL-T0.4,0.0000,0.0400,0.0200,80.00,,763.98
2026-08-04T04:00:00+00:00,KXCPICORE-26JUL-T0.4,0.0000,0.0500,,0.00,,763.98
2026-08-05T04:00:00+00:00,KXCPICORE-26JUL-T0.4,0.0000,0.0500,,0.00,,763.98
2026-08-06T04:00:00+00:00,KXCPICORE-26JUL-T0.4,0.0000,0.0600,0.0500,8.00,,763.98
2026-08-07T04:00:00+00:00,KXCPICORE-26JUL-T0.4,0.0000,0.0600,,0.00,,763.98
2026-08-08T04:00:00+00:00,KXCPICORE-26JUL-T0.4,0.0000,0.0600,,0.00,,763.98
2026-08-09T04:00:00+00:00,KXCPICORE-26JUL-T0.4,0.0000,0.0600,,0.00,,763.98
2026-08-10T04:00:00+00:00,KXCPICORE-26JUL-T0.4,0.0000,0.0600,,0.00,,763.98
2026-08-11T04:00:00+00:00,KXCPICORE-26JUL-T0.4,0.0000,0.0600,,0.00,,763.98
2026-08-12T04:00:00+00:00,KXCPICORE-26JUL-T0.4,0.0000,0.0200,,0.00,,763.98
2026-08-13T04:00:00+00:00,KXCPICORE-26JUL-T0.4,0.0000,1.0000,0.0200,6.00,,769.98
2026-08-02T04:00:00+00:00,KXCPICORE-26JUL-T0.3,0.0000,0.2200,0.1700,150.00,,2529.53
2026-08-03T04:00:00+00:00,KXCPICORE-26JUL-T0.3,0.0000,0.2500,,0.00,,2529.53
2026-08-04T04:00:00+00:00,KXCPICORE-26JUL-T0.3,0.0000,0.2300,,0.00,,2529.53
2026-08-05T04:00:00+00:00,KXCPICORE-26JUL-T0.3,0.0000,0.2300,,0.00,,2529.53
2026-08-06T04:00:00+00:00,KXCPICORE-26JUL-T0.3,0.0000,0.2300,0.2200,5.00,,2529.53
2026-08-07T04:00:00+00:00,KXCPICORE-26JUL-T0.3,0.0300,0.0600,0.0700,49.97,,2535.55
2026-08-08T04:00:00+00:00,KXCPICORE-26JUL-T0.3,0.0000,0.0600,0.0200,273.35,,2672.89
2026-08-10T04:00:00+00:00,KXCPICORE-26JUL-T0.3,0.0000,0.1600,0.0700,59.00,,2731.89
2026-08-11T04:00:00+00:00,KXCPICORE-26JUL-T0.3,0.0000,0.1000,0.1200,5.00,,2731.89
2026-08-12T04:00:00+00:00,KXCPICORE-26JUL-T0.3,0.0000,0.0300,0.1000,363.28,,3095.17
2026-08-13T04:00:00+00:00,KXCPICORE-26JUL-T0.3,0.0000,1.0000,0.0400,322.99,,3418.16
2026-08-02T04:00:00+00:00,KXCPICORE-26JUL-T0.2,0.2700,0.3100,0.3100,11.94,,833.61
2026-08-03T04:00:00+00:00,KXCPICORE-26JUL-T0.2,0.1400,0.5000,0.1400,189.38,,843.84
2026-08-04T04:00:00+00:00,KXCPICORE-26JUL-T0.2,0.1400,0.3200,,0.00,,843.84
2026-08-05T04:00:00+00:00,KXCPICORE-26JUL-T0.2,0.1600,0.4600,,0.00,,843.84
2026-08-06T04:00:00+00:00,KXCPICORE-26JUL-T0.2,0.2000,0.3600,0.2600,160.25,,963.54
2026-08-07T04:00:00+00:00,KXCPICORE-26JUL-T0.2,0.1600,0.1800,0.1800,53.07,,921.81
2026-08-08T04:00:00+00:00,KXCPICORE-26JUL-T0.2,0.1800,0.1900,0.1900,757.03,,1501.74
2026-08-09T04:00:00+00:00,KXCPICORE-26JUL-T0.2,0.1400,0.1600,0.1700,3595.61,,5040.63
2026-08-10T04:00:00+00:00,KXCPICORE-26JUL-T0.2,0.1400,0.1600,0.1600,310.12,,5117.67
2026-08-11T04:00:00+00:00,KXCPICORE-26JUL-T0.2,0.1100,0.1300,0.1800,804.28,,5774.54
2026-08-12T04:00:00+00:00,KXCPICORE-26JUL-T0.2,0.1900,0.2800,0.2900,7323.36,,12264.13
2026-08-13T04:00:00+00:00,KXCPICORE-26JUL-T0.2,0.0000,1.0000,0.1100,2634.90,,12839.10
2026-08-02T04:00:00+00:00,KXCPICORE-26JUL-T0.1,0.7000,0.7400,0.7300,5603.53,,10301.27
2026-08-03T04:00:00+00:00,KXCPICORE-26JUL-T0.1,0.7100,0.7900,0.7100,61.90,,10357.27
2026-08-04T04:00:00+00:00,KXCPICORE-26JUL-T0.1,0.6400,0.7500,0.7600,306.07,,10428.22
2026-08-05T04:00:00+00:00,KXCPICORE-26JUL-T0.1,0.6100,0.7700,0.7200,20.43,,10440.43
2026-08-06T04:00:00+00:00,KXCPICORE-26JUL-T0.1,0.6700,0.7500,0.7100,1539.48,,11845.39
2026-08-07T04:00:00+00:00,KXCPICORE-26JUL-T0.1,0.7200,0.7400,0.7300,493.69,,12321.84
2026-08-08T04:00:00+00:00,KXCPICORE-26JUL-T0.1,0.6700,0.7000,0.6500,266.29,,12567.15
2026-08-09T04:00:00+00:00,KXCPICORE-26JUL-T0.1,0.6500,0.6800,0.6800,191.03,,12657.66
2026-08-10T04:00:00+00:00,KXCPICORE-26JUL-T0.1,0.6500,0.6800,0.6700,1345.74,,13842.77
2026-08-11T04:00:00+00:00,KXCPICORE-26JUL-T0.1,0.6800,0.7000,0.6500,4039.91,,17484.72
2026-08-12T04:00:00+00:00,KXCPICORE-26JUL-T0.1,0.6500,0.6700,0.6500,3043.88,,19539.74
2026-08-13T04:00:00+00:00,KXCPICORE-26JUL-T0.1,0.0000,1.0000,0.7500,1051.05,,20483.21
2026-08-02T04:00:00+00:00,KXCPICORE-26JUL-T0.0,0.9000,0.9400,,0.00,,1671.00
2026-08-03T04:00:00+00:00,KXCPICORE-26JUL-T0.0,0.9200,0.9400,0.9300,54.99,,1671.00
2026-08-04T04:00:00+00:00,KXCPICORE-26JUL-T0.0,0.8800,0.9200,0.9300,369.87,,1889.86
2026-08-05T04:00:00+00:00,KXCPICORE-26JUL-T0.0,0.8400,0.9200,0.9100,521.96,,2401.82
2026-08-06T04:00:00+00:00,KXCPICORE-26JUL-T0.0,0.9300,0.9400,0.9400,37.89,,2425.71
2026-08-07T04:00:00+00:00,KXCPICORE-26JUL-T0.0,0.9300,0.9400,0.9400,1070.17,,3406.88
2026-08-08T04:00:00+00:00,KXCPICORE-26JUL-T0.0,0.9400,0.9500,0.9500,523.84,,3850.72
2026-08-09T04:00:00+00:00,KXCPICORE-26JUL-T0.0,0.9400,0.9500,0.9400,1271.34,,4621.06
2026-08-10T04:00:00+00:00,KXCPICORE-26JUL-T0.0,0.9400,0.9500,0.9500,5.24,,4626.30
2026-08-11T04:00:00+00:00,KXCPICORE-26JUL-T0.0,0.9400,0.9500,0.9600,638.00,,5241.31
2026-08-12T04:00:00+00:00,KXCPICORE-26JUL-T0.0,0.8900,0.9300,0.9200,2193.33,,6688.89
2026-08-13T04:00:00+00:00,KXCPICORE-26JUL-T0.0,0.0000,1.0000,0.9400,139.86,,6797.92
2026-07-25T04:00:00+00:00,KXFED-26JUL-T5.25,0.0000,0.0100,0.0100,374.07,,2319.88
2026-07-27T04:00:00+00:00,KXFED-26JUL-T5.25,0.0000,0.0100,0.0100,0.93,,2320.81
2026-07-28T04:00:00+00:00,KXFED-26JUL-T5.25,0.0000,0.0100,,0.00,,2320.81
2026-07-29T04:00:00+00:00,KXFED-26JUL-T5.25,0.0000,0.0100,,0.00,,2320.81
2026-07-30T04:00:00+00:00,KXFED-26JUL-T5.25,0.0000,1.0000,0.0100,35.00,,2355.81
2026-07-25T04:00:00+00:00,KXFED-26JUL-T5.00,0.0000,0.0100,,0.00,,2823.38
2026-07-27T04:00:00+00:00,KXFED-26JUL-T5.00,0.0000,0.0100,0.0100,0.93,,2824.31
2026-07-28T04:00:00+00:00,KXFED-26JUL-T5.00,0.0000,0.0100,,0.00,,2824.31
2026-07-29T04:00:00+00:00,KXFED-26JUL-T5.00,0.0000,0.0100,0.0100,105.00,,2929.31
2026-07-30T04:00:00+00:00,KXFED-26JUL-T5.00,0.0000,1.0000,,0.00,,2929.31
2026-07-25T04:00:00+00:00,KXFED-26JUL-T4.75,0.0000,0.0100,0.0100,6.00,,3022.00
2026-07-26T04:00:00+00:00,KXFED-26JUL-T4.75,0.0000,0.0100,0.0100,249.00,,3271.00
2026-07-27T04:00:00+00:00,KXFED-26JUL-T4.75,0.0000,0.0100,0.0100,49.93,,3320.93
2026-07-28T04:00:00+00:00,KXFED-26JUL-T4.75,0.0000,0.0100,0.0100,382.00,,3702.93
2026-07-29T04:00:00+00:00,KXFED-26JUL-T4.75,0.0000,0.0100,0.0100,675.32,,4378.25
2026-07-30T04:00:00+00:00,KXFED-26JUL-T4.75,0.0000,1.0000,,0.00,,4378.25
2026-07-25T04:00:00+00:00,KXFED-26JUL-T4.50,0.0000,0.0100,,0.00,,9249.87
2026-07-27T04:00:00+00:00,KXFED-26JUL-T4.50,0.0000,0.0100,0.0100,0.93,,9250.80
2026-07-28T04:00:00+00:00,KXFED-26JUL-T4.50,0.0000,0.0100,,0.00,,9250.80
2026-07-29T04:00:00+00:00,KXFED-26JUL-T4.50,0.0000,0.0100,,0.00,,9250.80
2026-07-30T04:00:00+00:00,KXFED-26JUL-T4.50,0.0000,1.0000,0.0100,100.00,,9350.80
2026-07-25T04:00:00+00:00,KXFED-26JUL-T4.25,0.0000,0.0100,0.0100,2989.92,,114231.03
2026-07-26T04:00:00+00:00,KXFED-26JUL-T4.25,0.0000,0.0100,0.0100,2971.57,,117202.60
2026-07-27T04:00:00+00:00,KXFED-26JUL-T4.25,0.0000,0.0100,0.0100,749.93,,117952.53
2026-07-28T04:00:00+00:00,KXFED-26JUL-T4.25,0.0000,0.0100,0.0100,1598.73,,119551.26
2026-07-29T04:00:00+00:00,KXFED-26JUL-T4.25,0.0000,0.0100,0.0100,1943.68,,121494.94
2026-07-30T04:00:00+00:00,KXFED-26JUL-T4.25,0.0000,1.0000,0.0100,3475.81,,124970.75
2026-07-25T04:00:00+00:00,KXFED-26JUL-T4.00,0.0000,0.0100,0.0100,71228.68,,313694.73
2026-07-26T04:00:00+00:00,KXFED-26JUL-T4.00,0.0000,0.0100,0.0100,27481.30,,341176.03
2026-07-27T04:00:00+00:00,KXFED-26JUL-T4.00,0.0000,0.0100,0.0100,11783.43,,352959.46
2026-07-28T04:00:00+00:00,KXFED-26JUL-T4.00,0.0000,0.0100,0.0100,37984.94,,390944.40
2026-07-29T04:00:00+00:00,KXFED-26JUL-T4.00,0.0000,0.0100,0.0100,42187.19,,433131.59
2026-07-30T04:00:00+00:00,KXFED-26JUL-T4.00,0.0000,1.0000,0.0100,38937.35,,463025.66
2026-07-25T04:00:00+00:00,KXFED-26JUL-T3.75,0.2500,0.2600,0.2600,34317.29,,822786.58
2026-07-26T04:00:00+00:00,KXFED-26JUL-T3.75,0.2300,0.2500,0.2500,13040.81,,825406.41
2026-07-27T04:00:00+00:00,KXFED-26JUL-T3.75,0.1900,0.2100,0.2100,22076.65,,829237.46
2026-07-28T04:00:00+00:00,KXFED-26JUL-T3.75,0.2800,0.2900,0.2800,36995.17,,853053.84
2026-07-29T04:00:00+00:00,KXFED-26JUL-T3.75,0.2500,0.2600,0.2500,41615.57,,848969.81
2026-07-30T04:00:00+00:00,KXFED-26JUL-T3.75,0.0000,1.0000,0.1800,82695.54,,883527.26
2026-07-25T04:00:00+00:00,KXFED-26JUL-T3.50,0.9900,1.0000,0.9900,2055.07,,827438.15
2026-07-26T04:00:00+00:00,KXFED-26JUL-T3.50,0.9900,1.0000,0.9900,908.11,,828345.26
2026-07-27T04:00:00+00:00,KXFED-26JUL-T3.50,0.9900,1.0000,0.9900,248.00,,828592.02
2026-07-28T04:00:00+00:00,KXFED-26JUL-T3.50,0.9900,1.0000,0.9900,261.51,,828853.53
2026-07-29T04:00:00+00:00,KXFED-26JUL-T3.50,0.9900,1.0000,0.9900,13176.19,,842029.72
2026-07-30T04:00:00+00:00,KXFED-26JUL-T3.50,0.0000,1.0000,0.9900,13237.50,,855267.22
2026-07-25T04:00:00+00:00,KXFED-26JUL-T3.25,0.9900,1.0000,,0.00,,84019.76
2026-07-26T04:00:00+00:00,KXFED-26JUL-T3.25,0.9900,1.0000,0.9900,5.00,,84019.76
2026-07-27T04:00:00+00:00,KXFED-26JUL-T3.25,0.9900,1.0000,0.9900,161.93,,84181.69
2026-07-28T04:00:00+00:00,KXFED-26JUL-T3.25,0.9900,1.0000,0.9900,168.00,,84349.69
2026-07-29T04:00:00+00:00,KXFED-26JUL-T3.25,0.9900,1.0000,0.9900,376.00,,84725.69
2026-07-30T04:00:00+00:00,KXFED-26JUL-T3.25,0.0000,1.0000,,0.00,,84725.69
2026-07-25T04:00:00+00:00,KXFED-26JUL-T3.00,0.9900,1.0000,,0.00,,67296.11
2026-07-26T04:00:00+00:00,KXFED-26JUL-T3.00,0.9900,1.0000,0.9900,187.03,,67483.14
2026-07-27T04:00:00+00:00,KXFED-26JUL-T3.00,0.9900,1.0000,0.9900,161.93,,67645.07
2026-07-28T04:00:00+00:00,KXFED-26JUL-T3.00,0.9900,1.0000,0.9900,168.00,,67813.07
2026-07-29T04:00:00+00:00,KXFED-26JUL-T3.00,0.9900,1.0000,0.9900,122.00,,67935.07
2026-07-30T04:00:00+00:00,KXFED-26JUL-T3.00,0.0000,1.0000,0.9900,935.19,,68870.26
2026-07-25T04:00:00+00:00,KXFED-26JUL-T2.75,0.9900,1.0000,,0.00,,126483.73
2026-07-26T04:00:00+00:00,KXFED-26JUL-T2.75,0.9900,1.0000,0.9900,10.00,,126483.73
2026-07-27T04:00:00+00:00,KXFED-26JUL-T2.75,0.9900,1.0000,0.9900,83.93,,126567.66
2026-07-28T04:00:00+00:00,KXFED-26JUL-T2.75,0.9900,1.0000,0.9900,167.00,,126734.66
2026-07-29T04:00:00+00:00,KXFED-26JUL-T2.75,0.9900,1.0000,0.9900,122.00,,126856.66
2026-07-30T04:00:00+00:00,KXFED-26JUL-T2.75,0.0000,1.0000,0.9900,1046.18,,127902.84
2026-07-12T04:00:00+00:00,KXCPI-26JUN-T-0.3,0.8600,0.9400,0.8700,877.16,,33905.63
2026-07-13T04:00:00+00:00,KXCPI-26JUN-T-0.3,0.8700,0.9300,0.9000,338.59,,34004.22
2026-07-14T04:00:00+00:00,KXCPI-26JUN-T-0.3,0.9200,0.9400,0.9100,7320.02,,37024.49
2026-07-15T04:00:00+00:00,KXCPI-26JUN-T-0.3,0.0000,1.0000,0.9100,6931.82,,40105.56
2026-07-12T04:00:00+00:00,KXCPI-26JUN-T-0.2,0.4200,0.4400,0.4400,5021.72,,61885.45
2026-07-13T04:00:00+00:00,KXCPI-26JUN-T-0.2,0.4100,0.4400,0.4400,2469.12,,62854.67
2026-07-14T04:00:00+00:00,KXCPI-26JUN-T-0.2,0.4100,0.4200,0.4200,5016.56,,67172.41
2026-07-15T04:00:00+00:00,KXCPI-26JUN-T-0.2,0.0000,1.0000,0.4300,7882.65,,69656.62
2026-07-12T04:00:00+00:00,KXCPI-26JUN-T0.5,0.0000,0.0100,,0.00,,9117.73
2026-07-13T04:00:00+00:00,KXCPI-26JUN-T0.5,0.0000,0.0100,0.0100,72.00,,9189.73
2026-07-15T04:00:00+00:00,KXCPI-26JUN-T0.5,0.0000,1.0000,,0.00,,9189.73
2026-07-12T04:00:00+00:00,KXCPI-26JUN-T0.4,0.0000,0.0100,,0.00,,10079.32
2026-07-13T04:00:00+00:00,KXCPI-26JUN-T0.4,0.0000,0.0100,0.0100,49.00,,10128.32
2026-07-14T04:00:00+00:00,KXCPI-26JUN-T0.4,0.0000,0.0100,,0.00,,10128.32
2026-07-15T04:00:00+00:00,KXCPI-26JUN-T0.4,0.0000,1.0000,,0.00,,10128.32
2026-07-12T04:00:00+00:00,KXCPI-26JUN-T0.3,0.0000,0.0100,0.0100,200.00,,21620.29
2026-07-13T04:00:00+00:00,KXCPI-26JUN-T0.3,0.0000,0.0100,0.0100,33.00,,21653.29
2026-07-15T04:00:00+00:00,KXCPI-26JUN-T0.3,0.0000,1.0000,,0.00,,21653.29
2026-07-12T04:00:00+00:00,KXCPI-26JUN-T0.2,0.0000,0.0100,,0.00,,30954.95
2026-07-13T04:00:00+00:00,KXCPI-26JUN-T0.2,0.0000,0.0100,,0.00,,30954.95
2026-07-14T04:00:00+00:00,KXCPI-26JUN-T0.2,0.0000,0.0100,0.0100,2300.00,,33254.95
2026-07-15T04:00:00+00:00,KXCPI-26JUN-T0.2,0.0000,1.0000,0.0100,3532.71,,36487.66
2026-07-12T04:00:00+00:00,KXCPI-26JUN-T0.1,0.0000,0.0100,0.0100,495.59,,111541.64
2026-07-13T04:00:00+00:00,KXCPI-26JUN-T0.1,0.0000,0.0300,0.0300,482.00,,112015.64
2026-07-14T04:00:00+00:00,KXCPI-26JUN-T0.1,0.0000,0.0100,0.0200,5249.90,,117265.54
2026-07-15T04:00:00+00:00,KXCPI-26JUN-T0.1,0.0000,1.0000,0.0400,4245.37,,121380.95
2026-07-12T04:00:00+00:00,KXCPI-26JUN-T-0.1,0.1400,0.1600,0.1600,5144.84,,97121.04
2026-07-13T04:00:00+00:00,KXCPI-26JUN-T-0.1,0.1100,0.1400,0.1400,323.35,,97278.50
2026-07-14T04:00:00+00:00,KXCPI-26JUN-T-0.1,0.1400,0.1500,0.1500,7405.02,,100828.33
2026-07-15T04:00:00+00:00,KXCPI-26JUN-T-0.1,0.0000,1.0000,0.1400,1746.42,,102174.45
2026-07-12T04:00:00+00:00,KXCPI-26JUN-T0.0,0.0200,0.0300,0.0200,5221.48,,87897.08
2026-07-13T04:00:00+00:00,KXCPI-26JUN-T0.0,0.0300,0.0400,0.0300,1653.17,,87909.09
2026-07-14T04:00:00+00:00,KXCPI-26JUN-T0.0,0.0300,0.0400,0.0300,5546.86,,93147.79
2026-07-15T04:00:00+00:00,KXCPI-26JUN-T0.0,0.0000,1.0000,0.0200,3734.33,,96691.18
2026-07-27T04:00:00+00:00,KXSB-27-WAS,0.0200,0.0300,0.0300,1000.80,,1515255.70
2026-07-28T04:00:00+00:00,KXSB-27-WAS,0.0200,0.0300,0.0300,54.05,,1515309.75
2026-07-29T04:00:00+00:00,KXSB-27-WAS,0.0200,0.0300,0.0300,1584.62,,1516894.37
2026-07-30T04:00:00+00:00,KXSB-27-WAS,0.0200,0.0300,0.0200,5444.54,,1519064.91
2026-07-31T04:00:00+00:00,KXSB-27-WAS,0.0200,0.0300,0.0300,815.96,,1519880.87
2026-08-01T04:00:00+00:00,KXSB-27-WAS,0.0200,0.0300,0.0300,3286.13,,1523135.79
2026-08-02T04:00:00+00:00,KXSB-27-WAS,0.0200,0.0300,0.0200,3.12,,1523135.79
2026-08-03T04:00:00+00:00,KXSB-27-WAS,0.0200,0.0300,0.0300,4245.44,,1527381.23
2026-08-04T04:00:00+00:00,KXSB-27-WAS,0.0200,0.0300,0.0300,193.44,,1527474.87
2026-08-05T04:00:00+00:00,KXSB-27-WAS,0.0200,0.0300,0.0300,22462.08,,1549883.34
2026-08-06T04:00:00+00:00,KXSB-27-WAS,0.0100,0.0200,0.0200,100673.39,,1610875.72
2026-08-07T04:00:00+00:00,KXSB-27-WAS,0.0100,0.0200,0.0200,9531.30,,1620407.02
2026-08-08T04:00:00+00:00,KXSB-27-WAS,0.0100,0.0200,0.0200,286881.97,,1907285.87
2026-08-09T04:00:00+00:00,KXSB-27-WAS,0.0100,0.0200,0.0200,34521.36,,1941473.90
2026-08-10T04:00:00+00:00,KXSB-27-WAS,0.0100,0.0200,0.0100,10650.22,,1951640.78
2026-08-11T04:00:00+00:00,KXSB-27-WAS,0.0100,0.0200,0.0200,6229.70,,1957845.48
2026-08-12T04:00:00+00:00,KXSB-27-WAS,0.0100,0.0200,0.0200,2641.96,,1960482.45
2026-08-13T04:00:00+00:00,KXSB-27-WAS,0.0100,0.0200,0.0200,985.06,,1961467.51
2026-08-14T04:00:00+00:00,KXSB-27-WAS,0.0100,0.0200,0.0200,3020.98,,1964488.49
2026-08-15T04:00:00+00:00,KXSB-27-WAS,0.0100,0.0200,0.0200,10999.91,,1974708.45
2026-08-16T04:00:00+00:00,KXSB-27-WAS,0.0100,0.0200,0.0200,5066.52,,1978449.49
2026-08-17T04:00:00+00:00,KXSB-27-WAS,0.0100,0.0200,0.0200,8022.44,,1986371.93
2026-08-18T04:00:00+00:00,KXSB-27-WAS,0.0100,0.0200,0.0200,3556.04,,1989927.97
2026-08-19T04:00:00+00:00,KXSB-27-WAS,0.0100,0.0200,0.0200,1450.49,,1991343.98
2026-08-20T04:00:00+00:00,KXSB-27-WAS,0.0100,0.0200,0.0200,126.00,,1991469.98
2026-08-21T04:00:00+00:00,KXSB-27-WAS,0.0100,0.0200,0.0200,6189.19,,1997331.64
2026-08-22T04:00:00+00:00,KXSB-27-WAS,0.0100,0.0200,0.0200,3003.91,,2000335.55
2026-08-23T04:00:00+00:00,KXSB-27-WAS,0.0100,0.0200,0.0200,7983.73,,2007984.80
2026-08-24T04:00:00+00:00,KXSB-27-WAS,0.0100,0.0200,0.0200,2458.08,,2010442.88
2026-08-25T04:00:00+00:00,KXSB-27-WAS,0.0100,0.0200,0.0200,2299.80,,2011712.63
2026-08-26T04:00:00+00:00,KXSB-27-WAS,0.0100,0.0200,0.0100,78.00,,2011712.63
2026-08-27T04:00:00+00:00,KXSB-27-WAS,0.0100,0.0200,0.0200,1804.48,,2013517.11
2026-08-28T04:00:00+00:00,KXSB-27-WAS,0.0100,0.0200,0.0200,217.10,,2013734.21
2026-08-29T04:00:00+00:00,KXSB-27-WAS,0.0100,0.0200,0.0200,5293.36,,2019027.57
2026-08-30T04:00:00+00:00,KXSB-27-WAS,0.0100,0.0200,0.0200,1079.38,,2020106.95
2026-08-31T04:00:00+00:00,KXSB-27-WAS,0.0100,0.0200,0.0200,18521.64,,2038628.59
2026-09-01T04:00:00+00:00,KXSB-27-WAS,0.0100,0.0200,0.0200,677.12,,2038837.81
2026-09-02T04:00:00+00:00,KXSB-27-WAS,0.0100,0.0200,0.0200,404.72,,2039242.53
2026-09-03T04:00:00+00:00,KXSB-27-WAS,0.0100,0.0200,0.0200,2860.42,,2042102.95
2026-09-04T04:00:00+00:00,KXSB-27-WAS,0.0100,0.0200,0.0100,11664.20,,2053754.82
2026-09-05T04:00:00+00:00,KXSB-27-WAS,0.0100,0.0200,0.0200,1245.47,,2054464.55
2026-09-06T04:00:00+00:00,KXSB-27-WAS,0.0100,0.0200,0.0200,521.29,,2054741.89
2026-09-07T04:00:00+00:00,KXSB-27-WAS,0.0100,0.0200,0.0100,2957.77,,2057689.66
2026-09-08T04:00:00+00:00,KXSB-27-WAS,0.0100,0.0200,0.0200,3359.70,,2060986.94
2026-09-09T04:00:00+00:00,KXSB-27-WAS,0.0100,0.0200,0.0100,236985.05,,2296701.66
2026-09-10T04:00:00+00:00,KXSB-27-WAS,0.0100,0.0200,0.0200,10238.61,,2306923.43
2026-09-11T04:00:00+00:00,KXSB-27-WAS,0.0100,0.0200,0.0200,4448.24,,2311044.14
2026-09-12T04:00:00+00:00,KXSB-27-WAS,0.0100,0.0200,0.0200,4665.13,,2315475.32
2026-09-13T04:00:00+00:00,KXSB-27-WAS,0.0100,0.0200,0.0200,232462.89,,2546506.66
2026-09-14T04:00:00+00:00,KXSB-27-WAS,0.0100,0.0200,0.0200,19560.37,,2565552.74
2026-09-15T04:00:00+00:00,KXSB-27-WAS,0.0100,0.0200,0.0200,4807.03,,2569097.23
2026-09-16T04:00:00+00:00,KXSB-27-WAS,0.0100,0.0200,0.0200,17964.13,,2582377.68
2026-09-17T04:00:00+00:00,KXSB-27-WAS,0.0100,0.0200,0.0200,3872.77,,2586250.45
2026-09-18T04:00:00+00:00,KXSB-27-WAS,0.0000,0.0100,0.0100,24203.57,,2610454.02
2026-09-19T04:00:00+00:00,KXSB-27-WAS,0.0000,0.0100,0.0100,12406.65,,2622860.67
2026-07-27T04:00:00+00:00,KXSB-27-TEN,0.0000,0.0100,0.0100,93.51,,285029.35
2026-07-28T04:00:00+00:00,KXSB-27-TEN,0.0000,0.0100,0.0100,935.00,,285964.35
2026-07-29T04:00:00+00:00,KXSB-27-TEN,0.0000,0.0100,0.0100,375.55,,286339.90
2026-07-30T04:00:00+00:00,KXSB-27-TEN,0.0000,0.0100,0.0100,2043.36,,288383.26
2026-07-31T04:00:00+00:00,KXSB-27-TEN,0.0000,0.0100,0.0100,2861.67,,291244.93
2026-08-01T04:00:00+00:00,KXSB-27-TEN,0.0000,0.0100,0.0100,11970.42,,303215.35
2026-08-02T04:00:00+00:00,KXSB-27-TEN,0.0000,0.0100,0.0100,6256.49,,309471.84
2026-08-03T04:00:00+00:00,KXSB-27-TEN,0.0000,0.0100,0.0100,2431.48,,311903.32
2026-08-04T04:00:00+00:00,KXSB-27-TEN,0.0000,0.0100,0.0100,3693.40,,315596.72
2026-08-05T04:00:00+00:00,KXSB-27-TEN,0.0000,0.0100,0.0100,3296.53,,318893.25
2026-08-06T04:00:00+00:00,KXSB-27-TEN,0.0000,0.0100,0.0100,1968.77,,320862.02
2026-08-07T04:00:00+00:00,KXSB-27-TEN,0.0000,0.0100,0.0100,4004.94,,324866.96
2026-08-08T04:00:00+00:00,KXSB-27-TEN,0.0000,0.0100,0.0100,140.26,,325007.22
2026-08-09T04:00:00+00:00,KXSB-27-TEN,0.0000,0.0100,0.0100,3102.56,,328109.78
2026-08-10T04:00:00+00:00,KXSB-27-TEN,0.0000,0.0100,0.0100,9913.01,,338022.79
2026-08-11T04:00:00+00:00,KXSB-27-TEN,0.0000,0.0100,0.0100,1712.07,,339734.86
2026-08-12T04:00:00+00:00,KXSB-27-TEN,0.0000,0.0100,0.0100,1905.53,,341640.39
2026-08-13T04:00:00+00:00,KXSB-27-TEN,0.0000,0.0100,0.0100,3460.18,,345100.57
2026-08-14T04:00:00+00:00,KXSB-27-TEN,0.0000,0.0100,0.0100,12694.73,,357795.30
2026-08-15T04:00:00+00:00,KXSB-27-TEN,0.0000,0.0100,0.0100,935.13,,358730.43
2026-08-16T04:00:00+00:00,KXSB-27-TEN,0.0000,0.0100,0.0100,1876.84,,360607.27
2026-08-17T04:00:00+00:00,KXSB-27-TEN,0.0000,0.0100,0.0100,3539.93,,364147.20
2026-08-18T04:00:00+00:00,KXSB-27-TEN,0.0000,0.0100,0.0100,1234.94,,365382.14
2026-08-19T04:00:00+00:00,KXSB-27-TEN,0.0000,0.0100,0.0100,1122.20,,366504.34
2026-08-20T04:00:00+00:00,KXSB-27-TEN,0.0000,0.0100,0.0100,1515.00,,368019.34
2026-08-21T04:00:00+00:00,KXSB-27-TEN,0.0000,0.0100,0.0100,4.67,,368024.01
2026-08-22T04:00:00+00:00,KXSB-27-TEN,0.0000,0.0100,0.0100,1879.73,,369903.74
2026-08-23T04:00:00+00:00,KXSB-27-TEN,0.0000,0.0100,0.0100,397.43,,370301.17
2026-08-24T04:00:00+00:00,KXSB-27-TEN,0.0000,0.0100,0.0100,9273.30,,379574.47
2026-08-25T04:00:00+00:00,KXSB-27-TEN,0.0000,0.0100,0.0100,15153.84,,394728.31
2026-08-26T04:00:00+00:00,KXSB-27-TEN,0.0000,0.0100,0.0100,1113.53,,395841.84
2026-08-27T04:00:00+00:00,KXSB-27-TEN,0.0000,0.0100,0.0100,4956.48,,400798.32
2026-08-28T04:00:00+00:00,KXSB-27-TEN,0.0000,0.0100,0.0100,2296.18,,403094.50
2026-08-29T04:00:00+00:00,KXSB-27-TEN,0.0000,0.0100,0.0100,1832.94,,404927.44
2026-08-30T04:00:00+00:00,KXSB-27-TEN,0.0000,0.0100,0.0100,2003.16,,406930.60
2026-08-31T04:00:00+00:00,KXSB-27-TEN,0.0000,0.0100,0.0100,10851.33,,417781.93
2026-09-01T04:00:00+00:00,KXSB-27-TEN,0.0000,0.0100,0.0100,1555.54,,419337.47
2026-09-02T04:00:00+00:00,KXSB-27-TEN,0.0000,0.0100,0.0100,593.51,,419930.98
2026-09-03T04:00:00+00:00,KXSB-27-TEN,0.0000,0.0100,0.0100,1381.12,,421312.10
2026-09-04T04:00:00+00:00,KXSB-27-TEN,0.0000,0.0100,0.0100,874.11,,422186.21
2026-09-05T04:00:00+00:00,KXSB-27-TEN,0.0000,0.0100,0.0100,3482.32,,425668.53
2026-09-06T04:00:00+00:00,KXSB-27-TEN,0.0000,0.0100,0.0100,2430.94,,428099.47
2026-09-07T04:00:00+00:00,KXSB-27-TEN,0.0000,0.0100,0.0100,1391.73,,429491.20
2026-09-08T04:00:00+00:00,KXSB-27-TEN,0.0000,0.0100,0.0100,776.77,,430267.97
2026-09-09T04:00:00+00:00,KXSB-27-TEN,0.0000,0.0100,0.0100,822.94,,431090.91
2026-09-10T04:00:00+00:00,KXSB-27-TEN,0.0000,0.0100,0.0100,23933.08,,455023.99
2026-09-11T04:00:00+00:00,KXSB-27-TEN,0.0000,0.0100,0.0100,4706.33,,459730.32
2026-09-12T04:00:00+00:00,KXSB-27-TEN,0.0000,0.0100,0.0100,1303.13,,461033.45
2026-09-13T04:00:00+00:00,KXSB-27-TEN,0.0000,0.0100,0.0100,2137.07,,463170.52
2026-09-14T04:00:00+00:00,KXSB-27-TEN,0.0000,0.0100,0.0100,11270.86,,474441.38
2026-09-15T04:00:00+00:00,KXSB-27-TEN,0.0000,0.0100,0.0100,406.53,,474847.91
2026-09-16T04:00:00+00:00,KXSB-27-TEN,0.0000,0.0100,0.0100,1309.50,,476157.41
2026-09-17T04:00:00+00:00,KXSB-27-TEN,0.0000,0.0100,0.0100,486.34,,476643.75
2026-09-18T04:00:00+00:00,KXSB-27-TEN,0.0000,0.0100,,0.00,,476643.75
2026-09-19T04:00:00+00:00,KXSB-27-TEN,0.0000,0.0100,0.0100,0.93,,476644.68
2026-07-27T04:00:00+00:00,KXSB-27-TB,0.0100,0.0200,0.0200,1790.52,,1021344.80
2026-07-28T04:00:00+00:00,KXSB-27-TB,0.0100,0.0200,0.0200,780.92,,1022125.72
2026-07-29T04:00:00+00:00,KXSB-27-TB,0.0100,0.0200,0.0200,277.00,,1022402.72
2026-07-30T04:00:00+00:00,KXSB-27-TB,0.0100,0.0200,0.0200,1328.18,,1023730.90
2026-07-31T04:00:00+00:00,KXSB-27-TB,0.0100,0.0200,0.0200,3091.81,,1026822.71
2026-08-01T04:00:00+00:00,KXSB-27-TB,0.0100,0.0200,0.0200,2389.96,,1029165.88
2026-08-02T04:00:00+00:00,KXSB-27-TB,0.0100,0.0200,0.0100,2360.20,,1029817.78
2026-08-03T04:00:00+00:00,KXSB-27-TB,0.0100,0.0200,0.0200,5488.44,,1035306.22
2026-08-04T04:00:00+00:00,KXSB-27-TB,0.0100,0.0200,0.0200,2000.00,,1037306.22
2026-08-05T04:00:00+00:00,KXSB-27-TB,0.0100,0.0200,0.0200,3822.89,,1041082.61
2026-08-06T04:00:00+00:00,KXSB-27-TB,0.0100,0.0200,0.0200,2547.13,,1042693.94
2026-08-07T04:00:00+00:00,KXSB-27-TB,0.0100,0.0200,0.0200,1537.10,,1044231.04
2026-08-08T04:00:00+00:00,KXSB-27-TB,0.0100,0.0200,0.0200,2106.36,,1046337.40
2026-08-09T04:00:00+00:00,KXSB-27-TB,0.0100,0.0200,0.0200,1446.11,,1047783.51
2026-08-10T04:00:00+00:00,KXSB-27-TB,0.0100,0.0200,0.0100,1370.03,,1048685.64
2026-08-11T04:00:00+00:00,KXSB-27-TB,0.0100,0.0200,0.0200,990.06,,1049650.70
2026-08-12T04:00:00+00:00,KXSB-27-TB,0.0100,0.0200,0.0200,324.95,,1049975.65
2026-08-13T04:00:00+00:00,KXSB-27-TB,0.0100,0.0200,0.0200,1717.65,,1051693.30
2026-08-14T04:00:00+00:00,KXSB-27-TB,0.0100,0.0200,0.0200,548.49,,1052241.79
2026-08-15T04:00:00+00:00,KXSB-27-TB,0.0100,0.0200,0.0200,3940.66,,1056182.45
2026-08-16T04:00:00+00:00,KXSB-27-TB,0.0100,0.0200,0.0200,2414.36,,1058596.81
2026-08-17T04:00:00+00:00,KXSB-27-TB,0.0100,0.0200,0.0200,1937.32,,1060534.13
2026-08-18T04:00:00+00:00,KXSB-27-TB,0.0100,0.0200,0.0200,23202.29,,1083736.42
2026-08-19T04:00:00+00:00,KXSB-27-TB,0.0100,0.0200,0.0200,1060.55,,1084796.97
2026-08-20T04:00:00+00:00,KXSB-27-TB,0.0100,0.0200,0.0200,10812.19,,1095375.21
2026-08-21T04:00:00+00:00,KXSB-27-TB,0.0100,0.0200,0.0100,2574.37,,1097949.12
2026-08-22T04:00:00+00:00,KXSB-27-TB,0.0100,0.0200,0.0200,6037.56,,1103986.68
2026-08-23T04:00:00+00:00,KXSB-27-TB,0.0100,0.0200,0.0200,6011.62,,1104991.76
2026-08-24T04:00:00+00:00,KXSB-27-TB,0.0100,0.0200,0.0200,3143.93,,1107901.74
2026-08-25T04:00:00+00:00,KXSB-27-TB,0.0100,0.0200,0.0100,5960.16,,1113815.11
2026-08-26T04:00:00+00:00,KXSB-27-TB,0.0100,0.0200,0.0200,2061.77,,1115720.88
2026-08-27T04:00:00+00:00,KXSB-27-TB,0.0100,0.0200,0.0200,5058.71,,1120779.59
2026-08-28T04:00:00+00:00,KXSB-27-TB,0.0100,0.0200,0.0200,1076.17,,1121855.76
2026-08-29T04:00:00+00:00,KXSB-27-TB,0.0100,0.0200,0.0200,717.65,,1122573.41
2026-08-30T04:00:00+00:00,KXSB-27-TB,0.0100,0.0200,0.0200,3291.56,,1125864.97
2026-08-31T04:00:00+00:00,KXSB-27-TB,0.0100,0.0200,0.0200,59891.30,,1185756.27
2026-09-01T04:00:00+00:00,KXSB-27-TB,0.0100,0.0200,0.0200,18090.46,,1203846.73
2026-09-02T04:00:00+00:00,KXSB-27-TB,0.0100,0.0200,0.0200,3716.60,,1207563.33
2026-09-03T04:00:00+00:00,KXSB-27-TB,0.0100,0.0200,0.0200,20111.20,,1227674.53
2026-09-04T04:00:00+00:00,KXSB-27-TB,0.0100,0.0200,0.0100,1239.29,,1228909.15
2026-09-05T04:00:00+00:00,KXSB-27-TB,0.0100,0.0200,0.0200,10754.78,,1239663.93
2026-09-06T04:00:00+00:00,KXSB-27-TB,0.0100,0.0200,0.0200,15501.84,,1255165.77
2026-09-07T04:00:00+00:00,KXSB-27-TB,0.0100,0.0200,0.0200,9428.02,,1264281.79
2026-09-08T04:00:00+00:00,KXSB-27-TB,0.0100,0.0200,0.0200,4806.96,,1269088.75
2026-09-09T04:00:00+00:00,KXSB-27-TB,0.0100,0.0200,0.0200,5156.17,,1274244.92
2026-09-10T04:00:00+00:00,KXSB-27-TB,0.0100,0.0200,0.0200,35274.34,,1309186.42
2026-09-11T04:00:00+00:00,KXSB-27-TB,0.0100,0.0200,0.0200,13789.29,,1318296.70
2026-09-12T04:00:00+00:00,KXSB-27-TB,0.0100,0.0200,0.0200,11669.01,,1329964.78
2026-09-13T04:00:00+00:00,KXSB-27-TB,0.0100,0.0200,0.0200,12893.97,,1342858.75
2026-09-14T04:00:00+00:00,KXSB-27-TB,0.0100,0.0200,0.0200,46446.86,,1384252.28
2026-09-15T04:00:00+00:00,KXSB-27-TB,0.0100,0.0200,0.0200,8821.45,,1391436.83
2026-09-16T04:00:00+00:00,KXSB-27-TB,0.0100,0.0200,0.0200,1157.22,,1392407.26
2026-09-17T04:00:00+00:00,KXSB-27-TB,0.0100,0.0200,0.0200,2395.51,,1394241.29
2026-09-18T04:00:00+00:00,KXSB-27-TB,0.0100,0.0200,0.0200,6522.24,,1400644.56
2026-09-19T04:00:00+00:00,KXSB-27-TB,0.0100,0.0200,0.0200,1186.52,,1401831.08
2026-07-27T04:00:00+00:00,KXSB-27-SF,0.0400,0.0500,0.0500,41806.59,,1802137.75
2026-07-28T04:00:00+00:00,KXSB-27-SF,0.0400,0.0500,0.0500,38948.62,,1841086.37
2026-07-29T04:00:00+00:00,KXSB-27-SF,0.0400,0.0500,0.0500,62795.52,,1899642.77
2026-07-30T04:00:00+00:00,KXSB-27-SF,0.0400,0.0500,0.0500,97111.70,,1995295.63
2026-07-31T04:00:00+00:00,KXSB-27-SF,0.0400,0.0500,0.0500,34850.75,,2026417.88
2026-08-01T04:00:00+00:00,KXSB-27-SF,0.0400,0.0500,0.0500,84684.45,,2110587.25
2026-08-02T04:00:00+00:00,KXSB-27-SF,0.0400,0.0500,0.0500,73349.25,,2176342.52
2026-08-03T04:00:00+00:00,KXSB-27-SF,0.0400,0.0500,0.0500,48632.73,,2221417.51
2026-08-04T04:00:00+00:00,KXSB-27-SF,0.0400,0.0500,0.0500,25061.90,,2246291.89
2026-08-05T04:00:00+00:00,KXSB-27-SF,0.0400,0.0500,0.0500,22359.13,,2268090.72
2026-08-06T04:00:00+00:00,KXSB-27-SF,0.0400,0.0500,0.0400,147823.04,,2366328.84
2026-08-07T04:00:00+00:00,KXSB-27-SF,0.0400,0.0500,0.0500,22432.98,,2378511.48
2026-08-08T04:00:00+00:00,KXSB-27-SF,0.0400,0.0500,0.0400,21170.35,,2386792.99
2026-08-09T04:00:00+00:00,KXSB-27-SF,0.0400,0.0500,0.0500,30403.22,,2387540.07
2026-08-10T04:00:00+00:00,KXSB-27-SF,0.0400,0.0500,0.0500,12292.50,,2399720.07
2026-08-11T04:00:00+00:00,KXSB-27-SF,0.0400,0.0500,0.0500,9218.89,,2407258.16
2026-08-12T04:00:00+00:00,KXSB-27-SF,0.0400,0.0500,0.0500,17157.28,,2423780.12
2026-08-13T04:00:00+00:00,KXSB-27-SF,0.0400,0.0500,0.0500,17468.10,,2440535.26
2026-08-14T04:00:00+00:00,KXSB-27-SF,0.0400,0.0500,0.0500,113194.72,,2548666.74
2026-08-15T04:00:00+00:00,KXSB-27-SF,0.0400,0.0500,0.0400,21812.68,,2569853.74
2026-08-16T04:00:00+00:00,KXSB-27-SF,0.0400,0.0500,0.0500,27431.11,,2584451.35
2026-08-17T04:00:00+00:00,KXSB-27-SF,0.0400,0.0500,0.0500,16903.80,,2598598.15
2026-08-18T04:00:00+00:00,KXSB-27-SF,0.0400,0.0500,0.0500,16692.59,,2615290.74
2026-08-19T04:00:00+00:00,KXSB-27-SF,0.0400,0.0500,0.0500,17586.16,,2632370.66
2026-08-20T04:00:00+00:00,KXSB-27-SF,0.0400,0.0500,0.0500,35004.63,,2667157.29
2026-08-21T04:00:00+00:00,KXSB-27-SF,0.0400,0.0500,0.0500,10978.30,,2676433.81
2026-08-22T04:00:00+00:00,KXSB-27-SF,0.0400,0.0500,0.0500,63592.16,,2738936.07
2026-08-23T04:00:00+00:00,KXSB-27-SF,0.0400,0.0500,0.0500,33633.70,,2742009.43
2026-08-24T04:00:00+00:00,KXSB-27-SF,0.0400,0.0500,0.0500,30030.10,,2741708.72
2026-08-25T04:00:00+00:00,KXSB-27-SF,0.0400,0.0500,0.0500,35390.64,,2741497.19
2026-08-26T04:00:00+00:00,KXSB-27-SF,0.0400,0.0500,0.0500,32323.16,,2739204.02
2026-08-27T04:00:00+00:00,KXSB-27-SF,0.0400,0.0500,0.0500,12615.60,,2737322.59
2026-08-28T04:00:00+00:00,KXSB-27-SF,0.0400,0.0500,0.0500,25141.44,,2734509.67
2026-08-29T04:00:00+00:00,KXSB-27-SF,0.0400,0.0500,0.0500,83286.40,,2733286.35
2026-08-30T04:00:00+00:00,KXSB-27-SF,0.0400,0.0500,0.0500,13228.48,,2731965.89
2026-08-31T04:00:00+00:00,KXSB-27-SF,0.0400,0.0500,0.0500,52979.54,,2730554.89
2026-09-01T04:00:00+00:00,KXSB-27-SF,0.0400,0.0500,0.0500,37647.16,,2730492.78
2026-09-02T04:00:00+00:00,KXSB-27-SF,0.0400,0.0500,0.0500,54822.87,,2730492.78
2026-09-03T04:00:00+00:00,KXSB-27-SF,0.0400,0.0500,0.0500,32767.09,,2730492.78
2026-09-04T04:00:00+00:00,KXSB-27-SF,0.0400,0.0500,0.0500,50946.69,,2730492.78
2026-09-05T04:00:00+00:00,KXSB-27-SF,0.0400,0.0500,0.0500,44376.41,,2730492.78
2026-09-06T04:00:00+00:00,KXSB-27-SF,0.0400,0.0500,0.0500,25734.28,,2754296.37
2026-09-07T04:00:00+00:00,KXSB-27-SF,0.0400,0.0500,0.0500,149649.72,,2885073.76
2026-09-08T04:00:00+00:00,KXSB-27-SF,0.0400,0.0500,0.0400,81936.43,,2966214.64
2026-09-09T04:00:00+00:00,KXSB-27-SF,0.0400,0.0500,0.0500,38855.99,,3004339.28
2026-09-10T04:00:00+00:00,KXSB-27-SF,0.0400,0.0500,0.0500,134484.60,,3129355.40
2026-09-11T04:00:00+00:00,KXSB-27-SF,0.0700,0.0800,0.0800,1524837.25,,4628580.45
2026-09-12T04:00:00+00:00,KXSB-27-SF,0.0600,0.0700,0.0700,349513.91,,4797801.66
2026-09-13T04:00:00+00:00,KXSB-27-SF,0.0600,0.0700,0.0700,87850.90,,4797801.66
2026-09-14T04:00:00+00:00,KXSB-27-SF,0.0700,0.0800,0.0800,334957.09,,5059769.48
2026-09-15T04:00:00+00:00,KXSB-27-SF,0.0700,0.0800,0.0800,146281.53,,5168751.92
2026-09-16T04:00:00+00:00,KXSB-27-SF,0.0700,0.0800,0.0800,70348.46,,5231605.13
2026-09-17T04:00:00+00:00,KXSB-27-SF,0.0700,0.0800,0.0700,34316.64,,5258071.21
2026-09-18T04:00:00+00:00,KXSB-27-SF,0.0700,0.0800,0.0800,80427.68,,5331541.09
2026-09-19T04:00:00+00:00,KXSB-27-SF,0.0700,0.0800,0.0800,20511.17,,5349559.52
2026-07-27T04:00:00+00:00,KXSB-27-SEA,0.0700,0.0800,0.0800,20198.43,,2061122.91
2026-07-28T04:00:00+00:00,KXSB-27-SEA,0.0700,0.0800,0.0800,23764.74,,2080213.67
2026-07-29T04:00:00+00:00,KXSB-27-SEA,0.0700,0.0800,0.0800,19979.71,,2097187.60
2026-07-30T04:00:00+00:00,KXSB-27-SEA,0.0700,0.0800,0.0800,20818.53,,2116763.75
2026-07-31T04:00:00+00:00,KXSB-27-SEA,0.0700,0.0800,0.0800,19354.56,,2135226.74
2026-08-01T04:00:00+00:00,KXSB-27-SEA,0.0700,0.0800,0.0800,23299.69,,2157777.89
2026-08-02T04:00:00+00:00,KXSB-27-SEA,0.0700,0.0800,0.0800,27088.17,,2167313.93
2026-08-03T04:00:00+00:00,KXSB-27-SEA,0.0700,0.0800,0.0800,15568.96,,2182331.76
2026-08-04T04:00:00+00:00,KXSB-27-SEA,0.0700,0.0800,0.0800,38118.42,,2219539.68
2026-08-05T04:00:00+00:00,KXSB-27-SEA,0.0700,0.0800,0.0800,39353.47,,2256394.00
2026-08-06T04:00:00+00:00,KXSB-27-SEA,0.0700,0.0800,0.0800,26391.87,,2282080.70
2026-08-07T04:00:00+00:00,KXSB-27-SEA,0.0700,0.0800,0.0800,27110.59,,2305795.50
2026-08-08T04:00:00+00:00,KXSB-27-SEA,0.0700,0.0800,0.0800,16259.26,,2319969.17
2026-08-09T04:00:00+00:00,KXSB-27-SEA,0.0700,0.0800,0.0800,14748.39,,2334709.28
2026-08-10T04:00:00+00:00,KXSB-27-SEA,0.0700,0.0800,0.0800,21664.21,,2355906.22
2026-08-11T04:00:00+00:00,KXSB-27-SEA,0.0700,0.0800,0.0800,23865.90,,2378924.22
2026-08-12T04:00:00+00:00,KXSB-27-SEA,0.0700,0.0800,0.0800,9551.90,,2388016.66
2026-08-13T04:00:00+00:00,KXSB-27-SEA,0.0700,0.0800,0.0800,37218.10,,2425162.32
2026-08-14T04:00:00+00:00,KXSB-27-SEA,0.0700,0.0800,0.0800,79969.63,,2503652.25
2026-08-15T04:00:00+00:00,KXSB-27-SEA,0.0700,0.0800,0.0700,97012.39,,2595746.83
2026-08-16T04:00:00+00:00,KXSB-27-SEA,0.0700,0.0800,0.0800,72085.53,,2659296.74
2026-08-17T04:00:00+00:00,KXSB-27-SEA,0.0700,0.0800,0.0800,41453.52,,2688451.22
2026-08-18T04:00:00+00:00,KXSB-27-SEA,0.0700,0.0800,0.0800,20349.64,,2704707.66
2026-08-19T04:00:00+00:00,KXSB-27-SEA,0.0700,0.0800,0.0800,25889.53,,2723750.62
2026-08-20T04:00:00+00:00,KXSB-27-SEA,0.0700,0.0800,0.0800,57018.29,,2770301.87
2026-08-21T04:00:00+00:00,KXSB-27-SEA,0.0700,0.0800,0.0800,27279.38,,2767088.21
2026-08-22T04:00:00+00:00,KXSB-27-SEA,0.0700,0.0800,0.0800,52279.99,,2801575.32
2026-08-23T04:00:00+00:00,KXSB-27-SEA,0.0700,0.0800,0.0700,7421.52,,2807660.21
2026-08-24T04:00:00+00:00,KXSB-27-SEA,0.0700,0.0800,0.0800,24878.71,,2825518.26
2026-08-25T04:00:00+00:00,KXSB-27-SEA,0.0700,0.0800,0.0800,33187.60,,2853999.14
2026-08-26T04:00:00+00:00,KXSB-27-SEA,0.0700,0.0800,0.0800,10549.87,,2853922.67
2026-08-27T04:00:00+00:00,KXSB-27-SEA,0.0700,0.0800,0.0800,14761.14,,2867281.05
2026-08-28T04:00:00+00:00,KXSB-27-SEA,0.0700,0.0800,0.0800,15817.00,,2879188.36
2026-08-29T04:00:00+00:00,KXSB-27-SEA,0.0700,0.0800,0.0800,9089.53,,2887647.37
2026-08-30T04:00:00+00:00,KXSB-27-SEA,0.0700,0.0800,0.0800,14744.64,,2892914.61
2026-08-31T04:00:00+00:00,KXSB-27-SEA,0.0700,0.0800,0.0800,19532.18,,2912167.15
2026-09-01T04:00:00+00:00,KXSB-27-SEA,0.0700,0.0800,0.0800,28439.86,,2918705.81
2026-09-02T04:00:00+00:00,KXSB-27-SEA,0.0700,0.0800,0.0800,20833.77,,2934020.78
2026-09-03T04:00:00+00:00,KXSB-27-SEA,0.0700,0.0800,0.0800,19105.84,,2949852.78
2026-09-04T04:00:00+00:00,KXSB-27-SEA,0.0700,0.0800,0.0700,81282.58,,3028315.74
2026-09-05T04:00:00+00:00,KXSB-27-SEA,0.0700,0.0800,0.0800,23759.55,,3048015.67
2026-09-06T04:00:00+00:00,KXSB-27-SEA,0.0700,0.0800,0.0800,86038.74,,3132989.19
2026-09-07T04:00:00+00:00,KXSB-27-SEA,0.0700,0.0800,0.0800,17407.74,,3149969.93
2026-09-08T04:00:00+00:00,KXSB-27-SEA,0.0700,0.0800,0.0800,26710.82,,3173967.21
2026-09-09T04:00:00+00:00,KXSB-27-SEA,0.0700,0.0800,0.0800,37864.34,,3210677.43
2026-09-10T04:00:00+00:00,KXSB-27-SEA,0.0500,0.0600,0.0600,306886.91,,3351029.45
2026-09-11T04:00:00+00:00,KXSB-27-SEA,0.0600,0.0700,0.0700,214857.26,,3549766.47
2026-09-12T04:00:00+00:00,KXSB-27-SEA,0.0600,0.0700,0.0700,54296.82,,3597282.74
2026-09-13T04:00:00+00:00,KXSB-27-SEA,0.0600,0.0700,0.0700,27411.98,,3618110.49
2026-09-14T04:00:00+00:00,KXSB-27-SEA,0.0700,0.0800,0.0800,65057.39,,3676093.70
2026-09-15T04:00:00+00:00,KXSB-27-SEA,0.0600,0.0700,0.0700,312471.79,,3975011.43
2026-09-16T04:00:00+00:00,KXSB-27-SEA,0.0600,0.0700,0.0700,29782.70,,4000143.78
2026-09-17T04:00:00+00:00,KXSB-27-SEA,0.0600,0.0700,0.0700,21412.32,,4010221.17
2026-09-18T04:00:00+00:00,KXSB-27-SEA,0.0600,0.0700,0.0700,42027.60,,4033135.16
2026-09-19T04:00:00+00:00,KXSB-27-SEA,0.0600,0.0700,0.0700,9873.58,,4042125.76
2026-07-27T04:00:00+00:00,KXSB-27-PIT,0.0100,0.0200,0.0100,3236.35,,548563.15
2026-07-28T04:00:00+00:00,KXSB-27-PIT,0.0100,0.0200,0.0200,9373.45,,557923.50
2026-07-29T04:00:00+00:00,KXSB-27-PIT,0.0100,0.0200,0.0200,27656.21,,585579.71
2026-07-30T04:00:00+00:00,KXSB-27-PIT,0.0100,0.0200,0.0100,15532.14,,600129.26
2026-07-31T04:00:00+00:00,KXSB-27-PIT,0.0100,0.0200,0.0200,27280.09,,627409.35
2026-08-01T04:00:00+00:00,KXSB-27-PIT,0.0100,0.0200,0.0200,7349.72,,634759.07
2026-08-02T04:00:00+00:00,KXSB-27-PIT,0.0100,0.0200,0.0200,6395.32,,640915.77
2026-08-03T04:00:00+00:00,KXSB-27-PIT,0.0100,0.0200,0.0200,10566.64,,651482.41
2026-08-04T04:00:00+00:00,KXSB-27-PIT,0.0100,0.0200,0.0200,6829.34,,658311.75
2026-08-05T04:00:00+00:00,KXSB-27-PIT,0.0100,0.0200,0.0200,11206.44,,669427.24
2026-08-06T04:00:00+00:00,KXSB-27-PIT,0.0100,0.0200,0.0200,21282.68,,689680.54
2026-08-07T04:00:00+00:00,KXSB-27-PIT,0.0100,0.0200,0.0200,44955.00,,734635.54
2026-08-08T04:00:00+00:00,KXSB-27-PIT,0.0100,0.0200,0.0200,5724.20,,740359.74
2026-08-09T04:00:00+00:00,KXSB-27-PIT,0.0100,0.0200,0.0200,20769.72,,760801.93
2026-08-10T04:00:00+00:00,KXSB-27-PIT,0.0100,0.0200,0.0200,14629.28,,775431.21
2026-08-11T04:00:00+00:00,KXSB-27-PIT,0.0100,0.0200,0.0200,24239.19,,799670.40
2026-08-12T04:00:00+00:00,KXSB-27-PIT,0.0100,0.0200,0.0200,35984.24,,835654.64
2026-08-13T04:00:00+00:00,KXSB-27-PIT,0.0100,0.0200,0.0200,19626.54,,855178.25
2026-08-14T04:00:00+00:00,KXSB-27-PIT,0.0100,0.0200,0.0200,25566.83,,880233.22
2026-08-15T04:00:00+00:00,KXSB-27-PIT,0.0100,0.0200,0.0200,36127.60,,908621.82
2026-08-16T04:00:00+00:00,KXSB-27-PIT,0.0100,0.0200,0.0200,17889.94,,926257.71
2026-08-17T04:00:00+00:00,KXSB-27-PIT,0.0100,0.0200,0.0200,13525.88,,939773.59
2026-08-18T04:00:00+00:00,KXSB-27-PIT,0.0100,0.0200,0.0200,11751.64,,948379.06
2026-08-19T04:00:00+00:00,KXSB-27-PIT,0.0100,0.0200,0.0200,6741.27,,955120.33
2026-08-20T04:00:00+00:00,KXSB-27-PIT,0.0100,0.0200,0.0200,4181.94,,959302.27
2026-08-21T04:00:00+00:00,KXSB-27-PIT,0.0100,0.0200,0.0200,9105.59,,968404.59
2026-08-22T04:00:00+00:00,KXSB-27-PIT,0.0100,0.0200,0.0200,13976.54,,982381.13
2026-08-23T04:00:00+00:00,KXSB-27-PIT,0.0100,0.0200,0.0200,7627.72,,989260.21
2026-08-24T04:00:00+00:00,KXSB-27-PIT,0.0100,0.0200,0.0200,3640.25,,991698.61
2026-08-25T04:00:00+00:00,KXSB-27-PIT,0.0100,0.0200,0.0200,3890.88,,995487.02
2026-08-26T04:00:00+00:00,KXSB-27-PIT,0.0100,0.0200,0.0200,11290.36,,1001281.87
2026-08-27T04:00:00+00:00,KXSB-27-PIT,0.0100,0.0200,0.0200,4035.24,,1004839.21
2026-08-28T04:00:00+00:00,KXSB-27-PIT,0.0100,0.0200,0.0200,8967.02,,1013796.23
2026-08-29T04:00:00+00:00,KXSB-27-PIT,0.0100,0.0200,0.0200,14392.68,,1028188.91
2026-08-30T04:00:00+00:00,KXSB-27-PIT,0.0100,0.0200,0.0200,7114.12,,1031963.53
2026-08-31T04:00:00+00:00,KXSB-27-PIT,0.0100,0.0200,0.0200,11404.06,,1043367.59
2026-09-01T04:00:00+00:00,KXSB-27-PIT,0.0100,0.0200,0.0200,4224.42,,1047592.01
2026-09-02T04:00:00+00:00,KXSB-27-PIT,0.0000,0.0100,0.0100,24590.03,,1070207.06
2026-09-03T04:00:00+00:00,KXSB-27-PIT,0.0000,0.0100,0.0100,37106.64,,1107313.70
2026-09-04T04:00:00+00:00,KXSB-27-PIT,0.0000,0.0100,0.0100,49554.20,,1156867.90
2026-09-05T04:00:00+00:00,KXSB-27-PIT,0.0000,0.0100,0.0100,50782.98,,1207650.88
2026-09-06T04:00:00+00:00,KXSB-27-PIT,0.0000,0.0100,0.0100,43004.43,,1250655.31
2026-09-07T04:00:00+00:00,KXSB-27-PIT,0.0000,0.0100,0.0100,70171.90,,1320827.21
2026-09-08T04:00:00+00:00,KXSB-27-PIT,0.0000,0.0100,0.0100,124628.16,,1445455.37
2026-09-09T04:00:00+00:00,KXSB-27-PIT,0.0000,0.0100,0.0100,611613.69,,2057069.06
2026-09-10T04:00:00+00:00,KXSB-27-PIT,0.0000,0.0100,0.0100,174313.14,,2230194.22
2026-09-11T04:00:00+00:00,KXSB-27-PIT,0.0000,0.0100,0.0100,235802.02,,2230194.22
2026-09-12T04:00:00+00:00,KXSB-27-PIT,0.0000,0.0200,0.0200,97183.50,,2313070.31
2026-09-13T04:00:00+00:00,KXSB-27-PIT,0.0000,0.0200,0.0200,47001.21,,2360071.52
2026-09-14T04:00:00+00:00,KXSB-27-PIT,0.0100,0.0200,0.0100,148778.04,,2499029.48
2026-09-15T04:00:00+00:00,KXSB-27-PIT,0.0000,0.0200,0.0200,53687.59,,2544601.05
2026-09-16T04:00:00+00:00,KXSB-27-PIT,0.0000,0.0200,0.0200,13516.42,,2556143.03
2026-09-17T04:00:00+00:00,KXSB-27-PIT,0.0100,0.0200,0.0200,31515.16,,2575683.41
2026-09-18T04:00:00+00:00,KXSB-27-PIT,0.0000,0.0200,0.0200,6005.91,,2581107.30
2026-09-19T04:00:00+00:00,KXSB-27-PIT,0.0100,0.0200,0.0100,11976.10,,2585437.77
2026-07-27T04:00:00+00:00,KXSB-27-PHI,0.0400,0.0500,0.0500,45774.52,,1082882.26
2026-07-28T04:00:00+00:00,KXSB-27-PHI,0.0400,0.0500,0.0500,23873.60,,1104131.66
2026-07-29T04:00:00+00:00,KXSB-27-PHI,0.0400,0.0500,0.0500,20358.05,,1124432.15
2026-07-30T04:00:00+00:00,KXSB-27-PHI,0.0400,0.0500,0.0500,31483.89,,1154884.64
2026-07-31T04:00:00+00:00,KXSB-27-PHI,0.0400,0.0500,0.0500,25290.00,,1179905.28
2026-08-01T04:00:00+00:00,KXSB-27-PHI,0.0400,0.0500,0.0500,14338.71,,1194225.24
2026-08-02T04:00:00+00:00,KXSB-27-PHI,0.0400,0.0500,0.0500,57801.32,,1251082.69
2026-08-03T04:00:00+00:00,KXSB-27-PHI,0.0400,0.0500,0.0400,71403.73,,1322283.67
2026-08-04T04:00:00+00:00,KXSB-27-PHI,0.0400,0.0500,0.0500,33667.65,,1355951.32
2026-08-05T04:00:00+00:00,KXSB-27-PHI,0.0400,0.0500,0.0500,30004.68,,1384001.01
2026-08-06T04:00:00+00:00,KXSB-27-PHI,0.0400,0.0500,0.0500,20890.65,,1404877.48
2026-08-07T04:00:00+00:00,KXSB-27-PHI,0.0400,0.0500,0.0500,27274.93,,1431938.27
2026-08-08T04:00:00+00:00,KXSB-27-PHI,0.0400,0.0500,0.0500,23673.08,,1455499.00
2026-08-09T04:00:00+00:00,KXSB-27-PHI,0.0400,0.0500,0.0500,14428.80,,1469812.28
2026-08-10T04:00:00+00:00,KXSB-27-PHI,0.0400,0.0500,0.0500,23425.60,,1492848.63
2026-08-11T04:00:00+00:00,KXSB-27-PHI,0.0400,0.0500,0.0500,14246.09,,1502102.72
2026-08-12T04:00:00+00:00,KXSB-27-PHI,0.0400,0.0500,0.0500,16906.34,,1518505.97
2026-08-13T04:00:00+00:00,KXSB-27-PHI,0.0400,0.0500,0.0500,6767.12,,1525254.49
2026-08-14T04:00:00+00:00,KXSB-27-PHI,0.0400,0.0500,0.0500,27296.57,,1551631.48
2026-08-15T04:00:00+00:00,KXSB-27-PHI,0.0400,0.0500,0.0500,19516.07,,1570866.26
2026-08-16T04:00:00+00:00,KXSB-27-PHI,0.0400,0.0500,0.0500,36850.85,,1605734.78
2026-08-17T04:00:00+00:00,KXSB-27-PHI,0.0400,0.0500,0.0500,18560.60,,1617579.83
2026-08-18T04:00:00+00:00,KXSB-27-PHI,0.0400,0.0500,0.0500,63827.82,,1679329.50
2026-08-19T04:00:00+00:00,KXSB-27-PHI,0.0400,0.0500,0.0500,24797.83,,1691711.33
2026-08-20T04:00:00+00:00,KXSB-27-PHI,0.0400,0.0500,0.0500,8538.00,,1698392.96
2026-08-21T04:00:00+00:00,KXSB-27-PHI,0.0400,0.0500,0.0500,37596.42,,1720920.65
2026-08-22T04:00:00+00:00,KXSB-27-PHI,0.0400,0.0500,0.0500,21579.05,,1733537.86
2026-08-23T04:00:00+00:00,KXSB-27-PHI,0.0400,0.0500,0.0500,26861.41,,1753031.09
2026-08-24T04:00:00+00:00,KXSB-27-PHI,0.0400,0.0500,0.0500,23777.34,,1773770.13
2026-08-25T04:00:00+00:00,KXSB-27-PHI,0.0400,0.0500,0.0500,8280.37,,1782050.50
2026-08-26T04:00:00+00:00,KXSB-27-PHI,0.0400,0.0500,0.0500,15296.89,,1797191.03
2026-08-27T04:00:00+00:00,KXSB-27-PHI,0.0400,0.0500,0.0500,33600.17,,1830228.66
2026-08-28T04:00:00+00:00,KXSB-27-PHI,0.0400,0.0500,0.0500,17744.05,,1842596.97
2026-08-29T04:00:00+00:00,KXSB-27-PHI,0.0400,0.0500,0.0500,12725.75,,1854101.12
2026-08-30T04:00:00+00:00,KXSB-27-PHI,0.0400,0.0500,0.0500,32918.85,,1884739.61
2026-08-31T04:00:00+00:00,KXSB-27-PHI,0.0400,0.0500,0.0500,15751.66,,1898576.49
2026-09-01T04:00:00+00:00,KXSB-27-PHI,0.0400,0.0500,0.0500,19231.16,,1915210.31
2026-09-02T04:00:00+00:00,KXSB-27-PHI,0.0400,0.0500,0.0500,22480.17,,1937555.29
2026-09-03T04:00:00+00:00,KXSB-27-PHI,0.0400,0.0500,0.0500,31366.41,,1968445.64
2026-09-04T04:00:00+00:00,KXSB-27-PHI,0.0400,0.0500,0.0500,26797.44,,1991639.86
2026-09-05T04:00:00+00:00,KXSB-27-PHI,0.0400,0.0500,0.0500,23183.96,,2014498.96
2026-09-06T04:00:00+00:00,KXSB-27-PHI,0.0400,0.0500,0.0500,23915.81,,2028565.75
2026-09-07T04:00:00+00:00,KXSB-27-PHI,0.0400,0.0500,0.0500,47440.02,,2073698.04
2026-09-08T04:00:00+00:00,KXSB-27-PHI,0.0400,0.0500,0.0500,71252.82,,2144082.78
2026-09-09T04:00:00+00:00,KXSB-27-PHI,0.0400,0.0500,0.0500,63167.63,,2205858.63
2026-09-10T04:00:00+00:00,KXSB-27-PHI,0.0400,0.0500,0.0500,110489.17,,2304745.47
2026-09-11T04:00:00+00:00,KXSB-27-PHI,0.0400,0.0500,0.0500,64204.68,,2365802.75
2026-09-12T04:00:00+00:00,KXSB-27-PHI,0.0400,0.0500,0.0500,61268.63,,2426320.18
2026-09-13T04:00:00+00:00,KXSB-27-PHI,0.0400,0.0500,0.0500,117939.02,,2476802.35
2026-09-14T04:00:00+00:00,KXSB-27-PHI,0.0400,0.0500,0.0500,119131.32,,2588250.73
2026-09-15T04:00:00+00:00,KXSB-27-PHI,0.0400,0.0500,0.0500,49249.35,,2614457.56
2026-09-16T04:00:00+00:00,KXSB-27-PHI,0.0400,0.0500,0.0500,24610.24,,2633984.11
2026-09-17T04:00:00+00:00,KXSB-27-PHI,0.0400,0.0500,0.0500,33416.90,,2662487.87
2026-09-18T04:00:00+00:00,KXSB-27-PHI,0.0400,0.0500,0.0500,34878.29,,2693149.03
2026-09-19T04:00:00+00:00,KXSB-27-PHI,0.0400,0.0500,0.0500,5475.05,,2695580.78
2026-07-27T04:00:00+00:00,KXSB-27-NYJ,0.0000,0.0100,0.0100,442.02,,248709.43
2026-07-28T04:00:00+00:00,KXSB-27-NYJ,0.0000,0.0100,0.0100,2036.52,,250745.95
2026-07-29T04:00:00+00:00,KXSB-27-NYJ,0.0000,0.0100,0.0100,1072.19,,251818.14
2026-07-30T04:00:00+00:00,KXSB-27-NYJ,0.0000,0.0100,0.0100,1309.23,,253127.37
2026-07-31T04:00:00+00:00,KXSB-27-NYJ,0.0000,0.0100,0.0100,1271.84,,254399.21
2026-08-01T04:00:00+00:00,KXSB-27-NYJ,0.0000,0.0100,0.0100,2289.21,,256688.42
2026-08-02T04:00:00+00:00,KXSB-27-NYJ,0.0000,0.0100,0.0100,958.55,,257646.97
2026-08-03T04:00:00+00:00,KXSB-27-NYJ,0.0000,0.0100,0.0100,973.26,,258620.23
2026-08-04T04:00:00+00:00,KXSB-27-NYJ,0.0000,0.0100,0.0100,1.00,,258621.23
2026-08-05T04:00:00+00:00,KXSB-27-NYJ,0.0000,0.0100,0.0100,1776.78,,260398.01
2026-08-06T04:00:00+00:00,KXSB-27-NYJ,0.0000,0.0100,0.0100,9538.94,,269936.95
2026-08-07T04:00:00+00:00,KXSB-27-NYJ,0.0000,0.0100,0.0100,945.47,,270882.42
2026-08-08T04:00:00+00:00,KXSB-27-NYJ,0.0000,0.0100,0.0100,309.53,,271191.95
2026-08-09T04:00:00+00:00,KXSB-27-NYJ,0.0000,0.0100,0.0100,1859.31,,273051.26
2026-08-10T04:00:00+00:00,KXSB-27-NYJ,0.0000,0.0100,0.0100,2525.00,,275576.26
2026-08-11T04:00:00+00:00,KXSB-27-NYJ,0.0000,0.0100,0.0100,586.10,,276162.36
2026-08-12T04:00:00+00:00,KXSB-27-NYJ,0.0000,0.0100,0.0100,4676.87,,280839.23
2026-08-13T04:00:00+00:00,KXSB-27-NYJ,0.0000,0.0100,,0.00,,280839.23
2026-08-14T04:00:00+00:00,KXSB-27-NYJ,0.0000,0.0100,0.0100,1374.70,,282213.93
2026-08-15T04:00:00+00:00,KXSB-27-NYJ,0.0000,0.0100,0.0100,4589.23,,286803.16
2026-08-16T04:00:00+00:00,KXSB-27-NYJ,0.0000,0.0100,0.0100,1764.37,,288567.53
2026-08-17T04:00:00+00:00,KXSB-27-NYJ,0.0000,0.0100,0.0100,187.02,,288754.55
2026-08-18T04:00:00+00:00,KXSB-27-NYJ,0.0000,0.0100,0.0100,12485.69,,301240.24
2026-08-19T04:00:00+00:00,KXSB-27-NYJ,0.0000,0.0100,0.0100,935.17,,302175.41
2026-08-20T04:00:00+00:00,KXSB-27-NYJ,0.0000,0.0100,0.0100,1496.30,,303671.71
2026-08-21T04:00:00+00:00,KXSB-27-NYJ,0.0000,0.0100,,0.00,,303671.71
2026-08-22T04:00:00+00:00,KXSB-27-NYJ,0.0000,0.0100,0.0100,2192.40,,305864.11
2026-08-23T04:00:00+00:00,KXSB-27-NYJ,0.0000,0.0100,0.0100,2431.48,,308295.59
2026-08-24T04:00:00+00:00,KXSB-27-NYJ,0.0000,0.0100,0.0100,11111.40,,319406.99
2026-08-25T04:00:00+00:00,KXSB-27-NYJ,0.0000,0.0100,0.0100,9351.91,,328758.90
2026-08-26T04:00:00+00:00,KXSB-27-NYJ,0.0000,0.0100,0.0100,8510.37,,337269.27
2026-08-27T04:00:00+00:00,KXSB-27-NYJ,0.0000,0.0100,0.0100,10766.88,,348036.15
2026-08-28T04:00:00+00:00,KXSB-27-NYJ,0.0000,0.0100,0.0100,4305.16,,352341.31
2026-08-29T04:00:00+00:00,KXSB-27-NYJ,0.0000,0.0100,0.0100,10287.08,,362628.39
2026-08-30T04:00:00+00:00,KXSB-27-NYJ,0.0000,0.0100,0.0100,693.51,,363321.90
2026-08-31T04:00:00+00:00,KXSB-27-NYJ,0.0000,0.0100,0.0100,4641.08,,367962.98
2026-09-01T04:00:00+00:00,KXSB-27-NYJ,0.0000,0.0100,0.0100,2337.96,,370300.94
2026-09-02T04:00:00+00:00,KXSB-27-NYJ,0.0000,0.0100,0.0100,654.61,,370955.55
2026-09-03T04:00:00+00:00,KXSB-27-NYJ,0.0000,0.0100,0.0100,23827.45,,394783.00
2026-09-04T04:00:00+00:00,KXSB-27-NYJ,0.0000,0.0100,0.0100,1758.08,,396541.08
2026-09-05T04:00:00+00:00,KXSB-27-NYJ,0.0000,0.0100,0.0100,2827.48,,399368.56
2026-09-06T04:00:00+00:00,KXSB-27-NYJ,0.0000,0.0100,0.0100,19032.53,,418401.09
2026-09-07T04:00:00+00:00,KXSB-27-NYJ,0.0000,0.0100,0.0100,9718.83,,428119.92
2026-09-08T04:00:00+00:00,KXSB-27-NYJ,0.0000,0.0100,0.0100,701.36,,428821.28
2026-09-09T04:00:00+00:00,KXSB-27-NYJ,0.0000,0.0100,0.0100,4563.02,,433384.30
2026-09-10T04:00:00+00:00,KXSB-27-NYJ,0.0000,0.0100,0.0100,5687.00,,439071.30
2026-09-11T04:00:00+00:00,KXSB-27-NYJ,0.0000,0.0100,0.0100,4427.34,,443498.64
2026-09-12T04:00:00+00:00,KXSB-27-NYJ,0.0000,0.0100,0.0100,12538.05,,456036.69
2026-09-13T04:00:00+00:00,KXSB-27-NYJ,0.0000,0.0100,0.0100,12524.03,,468560.72
2026-09-14T04:00:00+00:00,KXSB-27-NYJ,0.0000,0.0100,0.0100,58416.65,,526977.37
2026-09-15T04:00:00+00:00,KXSB-27-NYJ,0.0000,0.0100,0.0100,43914.81,,570892.18
2026-09-16T04:00:00+00:00,KXSB-27-NYJ,0.0000,0.0100,0.0100,5951.42,,576843.60
2026-09-17T04:00:00+00:00,KXSB-27-NYJ,0.0000,0.0100,0.0100,2993.50,,579837.10
2026-09-18T04:00:00+00:00,KXSB-27-NYJ,0.0000,0.0100,0.0100,23971.67,,603808.77
2026-09-19T04:00:00+00:00,KXSB-27-NYJ,0.0000,0.0100,0.0100,617.19,,604425.96
2026-07-27T04:00:00+00:00,KXSB-27-NYG,0.0100,0.0200,0.0200,17809.89,,1692868.49
2026-07-28T04:00:00+00:00,KXSB-27-NYG,0.0100,0.0200,0.0200,2538.45,,1695276.94
2026-07-29T04:00:00+00:00,KXSB-27-NYG,0.0100,0.0200,0.0200,9827.66,,1704769.65
2026-07-30T04:00:00+00:00,KXSB-27-NYG,0.0100,0.0200,0.0200,14933.56,,1717270.63
2026-07-31T04:00:00+00:00,KXSB-27-NYG,0.0100,0.0200,0.0200,14686.52,,1731952.48
2026-08-01T04:00:00+00:00,KXSB-27-NYG,0.0100,0.0200,0.0200,8825.89,,1739798.26
2026-08-02T04:00:00+00:00,KXSB-27-NYG,0.0100,0.0200,0.0200,21772.85,,1756419.52
2026-08-03T04:00:00+00:00,KXSB-27-NYG,0.0100,0.0200,0.0200,5094.45,,1761046.07
2026-08-04T04:00:00+00:00,KXSB-27-NYG,0.0100,0.0200,0.0200,18822.63,,1779868.70
2026-08-05T04:00:00+00:00,KXSB-27-NYG,0.0100,0.0200,0.0200,10224.38,,1790046.58
2026-08-06T04:00:00+00:00,KXSB-27-NYG,0.0100,0.0200,0.0200,10687.83,,1799564.66
2026-08-07T04:00:00+00:00,KXSB-27-NYG,0.0100,0.0200,0.0200,16746.17,,1816310.83
2026-08-08T04:00:00+00:00,KXSB-27-NYG,0.0100,0.0200,0.0200,123296.05,,1913307.88
2026-08-09T04:00:00+00:00,KXSB-27-NYG,0.0100,0.0200,0.0200,13268.58,,1920960.29
2026-08-10T04:00:00+00:00,KXSB-27-NYG,0.0100,0.0200,0.0200,12872.22,,1933832.51
2026-08-11T04:00:00+00:00,KXSB-27-NYG,0.0100,0.0200,0.0200,25712.66,,1959426.59
2026-08-12T04:00:00+00:00,KXSB-27-NYG,0.0100,0.0200,0.0200,12620.58,,1972047.17
2026-08-13T04:00:00+00:00,KXSB-27-NYG,0.0100,0.0200,0.0200,28526.39,,2000036.89
2026-08-14T04:00:00+00:00,KXSB-27-NYG,0.0100,0.0200,0.0200,14720.76,,2014757.65
2026-08-15T04:00:00+00:00,KXSB-27-NYG,0.0100,0.0200,0.0200,28362.72,,2043063.58
2026-08-16T04:00:00+00:00,KXSB-27-NYG,0.0100,0.0200,0.0200,51456.03,,2094519.61
2026-08-17T04:00:00+00:00,KXSB-27-NYG,0.0100,0.0200,0.0200,24306.79,,2108063.55
2026-08-18T04:00:00+00:00,KXSB-27-NYG,0.0100,0.0200,0.0200,11277.18,,2117326.70
2026-08-19T04:00:00+00:00,KXSB-27-NYG,0.0100,0.0200,0.0200,3257.51,,2120007.29
2026-08-20T04:00:00+00:00,KXSB-27-NYG,0.0100,0.0200,0.0200,2552.73,,2122560.02
2026-08-21T04:00:00+00:00,KXSB-27-NYG,0.0100,0.0200,0.0200,14656.29,,2133989.95
2026-08-22T04:00:00+00:00,KXSB-27-NYG,0.0100,0.0200,0.0200,6207.46,,2140197.41
2026-08-23T04:00:00+00:00,KXSB-27-NYG,0.0100,0.0200,0.0200,17173.59,,2156508.73
2026-08-24T04:00:00+00:00,KXSB-27-NYG,0.0100,0.0200,0.0200,41615.44,,2197142.39
2026-08-25T04:00:00+00:00,KXSB-27-NYG,0.0100,0.0200,0.0200,10192.70,,2205499.39
2026-08-26T04:00:00+00:00,KXSB-27-NYG,0.0100,0.0200,0.0200,5249.83,,2210749.22
2026-08-27T04:00:00+00:00,KXSB-27-NYG,0.0100,0.0200,0.0200,2588.03,,2213269.71
2026-08-28T04:00:00+00:00,KXSB-27-NYG,0.0100,0.0200,0.0200,5591.49,,2218327.82
2026-08-29T04:00:00+00:00,KXSB-27-NYG,0.0100,0.0200,0.0200,20148.14,,2235876.14
2026-08-30T04:00:00+00:00,KXSB-27-NYG,0.0100,0.0200,0.0200,26967.40,,2254184.38
2026-08-31T04:00:00+00:00,KXSB-27-NYG,0.0100,0.0200,0.0200,10589.61,,2264773.99
2026-09-01T04:00:00+00:00,KXSB-27-NYG,0.0100,0.0200,0.0200,33634.71,,2298408.70
2026-09-02T04:00:00+00:00,KXSB-27-NYG,0.0100,0.0200,0.0200,23750.25,,2314344.99
2026-09-03T04:00:00+00:00,KXSB-27-NYG,0.0100,0.0200,0.0100,125569.52,,2438900.72
2026-09-04T04:00:00+00:00,KXSB-27-NYG,0.0100,0.0200,0.0100,5835.35,,2444437.28
2026-09-05T04:00:00+00:00,KXSB-27-NYG,0.0100,0.0200,0.0200,14087.52,,2458520.13
2026-09-06T04:00:00+00:00,KXSB-27-NYG,0.0100,0.0200,0.0200,14240.44,,2472272.67
2026-09-07T04:00:00+00:00,KXSB-27-NYG,0.0100,0.0200,0.0200,72737.81,,2544659.56
2026-09-08T04:00:00+00:00,KXSB-27-NYG,0.0100,0.0200,0.0200,20370.75,,2564620.91
2026-09-09T04:00:00+00:00,KXSB-27-NYG,0.0100,0.0200,0.0200,30414.15,,2594473.66
2026-09-10T04:00:00+00:00,KXSB-27-NYG,0.0100,0.0200,0.0200,72182.67,,2665753.76
2026-09-11T04:00:00+00:00,KXSB-27-NYG,0.0100,0.0200,0.0200,38624.73,,2703404.33
2026-09-12T04:00:00+00:00,KXSB-27-NYG,0.0100,0.0200,0.0200,11291.25,,2713135.14
2026-09-13T04:00:00+00:00,KXSB-27-NYG,0.0100,0.0200,0.0200,31896.16,,2735986.32
2026-09-14T04:00:00+00:00,KXSB-27-NYG,0.0200,0.0300,0.0300,852440.29,,3421317.79
2026-09-15T04:00:00+00:00,KXSB-27-NYG,0.0200,0.0300,0.0300,329374.56,,3726536.03
2026-09-16T04:00:00+00:00,KXSB-27-NYG,0.0200,0.0300,0.0300,888077.98,,4605893.47
2026-09-17T04:00:00+00:00,KXSB-27-NYG,0.0200,0.0300,0.0300,70307.89,,4646430.54
2026-09-18T04:00:00+00:00,KXSB-27-NYG,0.0200,0.0300,0.0300,357701.78,,5000221.88
2026-09-19T04:00:00+00:00,KXSB-27-NYG,0.0200,0.0300,0.0300,71727.73,,5071308.89
2026-07-27T04:00:00+00:00,KXSB-27-NO,0.0000,0.0100,0.0100,39499.42,,2047235.26
2026-07-28T04:00:00+00:00,KXSB-27-NO,0.0000,0.0100,0.0100,3926.23,,2051161.49
2026-07-29T04:00:00+00:00,KXSB-27-NO,0.0000,0.0100,0.0100,5760.02,,2056921.51
2026-07-30T04:00:00+00:00,KXSB-27-NO,0.0000,0.0100,0.0100,12731.04,,2069652.55
2026-07-31T04:00:00+00:00,KXSB-27-NO,0.0000,0.0100,0.0100,10345.62,,2079998.17
2026-08-01T04:00:00+00:00,KXSB-27-NO,0.0000,0.0100,0.0100,14244.47,,2094242.64
2026-08-02T04:00:00+00:00,KXSB-27-NO,0.0000,0.0100,0.0100,4911.82,,2099154.46
2026-08-03T04:00:00+00:00,KXSB-27-NO,0.0000,0.0100,0.0100,5568.13,,2104722.59
2026-08-04T04:00:00+00:00,KXSB-27-NO,0.0000,0.0100,0.0100,33168.35,,2137890.94
2026-08-05T04:00:00+00:00,KXSB-27-NO,0.0000,0.0100,0.0100,14909.79,,2152800.73
2026-08-06T04:00:00+00:00,KXSB-27-NO,0.0000,0.0100,0.0100,20661.97,,2173462.70
2026-08-07T04:00:00+00:00,KXSB-27-NO,0.0000,0.0100,0.0100,10100.99,,2183563.69
2026-08-08T04:00:00+00:00,KXSB-27-NO,0.0000,0.0100,0.0100,30022.99,,2213368.68
2026-08-09T04:00:00+00:00,KXSB-27-NO,0.0000,0.0100,0.0100,3296.27,,2216664.95
2026-08-10T04:00:00+00:00,KXSB-27-NO,0.0000,0.0100,0.0100,4670.32,,2221335.27
2026-08-11T04:00:00+00:00,KXSB-27-NO,0.0000,0.0100,0.0100,14708.26,,2236043.53
2026-08-12T04:00:00+00:00,KXSB-27-NO,0.0000,0.0100,0.0100,17968.71,,2254012.24
2026-08-13T04:00:00+00:00,KXSB-27-NO,0.0000,0.0100,0.0100,17991.69,,2272003.93
2026-08-14T04:00:00+00:00,KXSB-27-NO,0.0000,0.0100,0.0100,28630.91,,2300634.84
2026-08-15T04:00:00+00:00,KXSB-27-NO,0.0000,0.0100,0.0100,2130.28,,2302765.12
2026-08-16T04:00:00+00:00,KXSB-27-NO,0.0000,0.0100,0.0100,11101.57,,2313866.69
2026-08-17T04:00:00+00:00,KXSB-27-NO,0.0000,0.0100,0.0100,13165.72,,2327032.41
2026-08-18T04:00:00+00:00,KXSB-27-NO,0.0000,0.0100,0.0100,44276.80,,2364622.90
2026-08-19T04:00:00+00:00,KXSB-27-NO,0.0000,0.0100,0.0100,28368.04,,2392990.94
2026-08-20T04:00:00+00:00,KXSB-27-NO,0.0000,0.0100,0.0100,5008.94,,2397999.88
2026-08-21T04:00:00+00:00,KXSB-27-NO,0.0000,0.0100,0.0100,17338.35,,2415338.23
2026-08-22T04:00:00+00:00,KXSB-27-NO,0.0000,0.0100,0.0100,4463.45,,2419801.68
2026-08-23T04:00:00+00:00,KXSB-27-NO,0.0000,0.0100,0.0100,13435.72,,2433237.40
2026-08-24T04:00:00+00:00,KXSB-27-NO,0.0000,0.0100,0.0100,1683.32,,2434920.72
2026-08-25T04:00:00+00:00,KXSB-27-NO,0.0000,0.0100,0.0100,6371.33,,2441292.05
2026-08-26T04:00:00+00:00,KXSB-27-NO,0.0000,0.0100,0.0100,13117.39,,2454409.44
2026-08-27T04:00:00+00:00,KXSB-27-NO,0.0000,0.0100,0.0100,111588.52,,2565997.96
2026-08-28T04:00:00+00:00,KXSB-27-NO,0.0000,0.0100,0.0100,73979.50,,2639977.46
2026-08-29T04:00:00+00:00,KXSB-27-NO,0.0000,0.0100,0.0100,23503.18,,2663480.64
2026-08-30T04:00:00+00:00,KXSB-27-NO,0.0000,0.0100,0.0100,2006.65,,2665487.29
2026-08-31T04:00:00+00:00,KXSB-27-NO,0.0000,0.0100,0.0100,9074.38,,2674561.67
2026-09-01T04:00:00+00:00,KXSB-27-NO,0.0000,0.0100,0.0100,68241.82,,2742803.49
2026-09-02T04:00:00+00:00,KXSB-27-NO,0.0000,0.0100,0.0100,3714.08,,2746517.57
2026-09-03T04:00:00+00:00,KXSB-27-NO,0.0000,0.0100,0.0100,8909.39,,2755426.96
2026-09-04T04:00:00+00:00,KXSB-27-NO,0.0000,0.0100,0.0100,59960.88,,2815387.84
2026-09-05T04:00:00+00:00,KXSB-27-NO,0.0000,0.0100,0.0100,20953.23,,2836341.07
2026-09-06T04:00:00+00:00,KXSB-27-NO,0.0000,0.0100,0.0100,8829.92,,2845170.99
2026-09-07T04:00:00+00:00,KXSB-27-NO,0.0000,0.0100,0.0100,7050.23,,2852221.22
2026-09-08T04:00:00+00:00,KXSB-27-NO,0.0000,0.0100,0.0100,22287.75,,2874508.97
2026-09-09T04:00:00+00:00,KXSB-27-NO,0.0000,0.0100,0.0100,13299.96,,2887808.93
2026-09-10T04:00:00+00:00,KXSB-27-NO,0.0000,0.0100,0.0100,20800.60,,2908609.53
2026-09-11T04:00:00+00:00,KXSB-27-NO,0.0000,0.0100,0.0100,28982.30,,2937591.83
2026-09-12T04:00:00+00:00,KXSB-27-NO,0.0000,0.0100,0.0100,8285.19,,2945877.02
2026-09-13T04:00:00+00:00,KXSB-27-NO,0.0000,0.0100,0.0100,44452.28,,2990329.30
2026-09-14T04:00:00+00:00,KXSB-27-NO,0.0000,0.0100,0.0100,71137.66,,3061466.96
2026-09-15T04:00:00+00:00,KXSB-27-NO,0.0000,0.0100,0.0100,38562.61,,3100029.57
2026-09-16T04:00:00+00:00,KXSB-27-NO,0.0000,0.0100,0.0100,16151.78,,3116181.35
2026-09-17T04:00:00+00:00,KXSB-27-NO,0.0000,0.0100,0.0100,4524.87,,3120706.22
2026-09-18T04:00:00+00:00,KXSB-27-NO,0.0000,0.0100,0.0100,19581.98,,3140288.20
2026-09-19T04:00:00+00:00,KXSB-27-NO,0.0000,0.0100,0.0100,3525.64,,3143813.84
2026-07-27T04:00:00+00:00,KXSB-27-NE,0.0400,0.0500,0.0500,10116.78,,1370266.75
2026-07-28T04:00:00+00:00,KXSB-27-NE,0.0400,0.0500,0.0500,32180.77,,1402234.57
2026-07-29T04:00:00+00:00,KXSB-27-NE,0.0400,0.0500,0.0500,7393.68,,1409628.25
2026-07-30T04:00:00+00:00,KXSB-27-NE,0.0400,0.0500,0.0500,15386.82,,1424611.62
2026-07-31T04:00:00+00:00,KXSB-27-NE,0.0400,0.0500,0.0500,9732.04,,1434306.26
2026-08-01T04:00:00+00:00,KXSB-27-NE,0.0400,0.0500,0.0400,31248.96,,1465368.46
2026-08-02T04:00:00+00:00,KXSB-27-NE,0.0400,0.0500,0.0500,12068.56,,1477433.27
2026-08-03T04:00:00+00:00,KXSB-27-NE,0.0400,0.0500,0.0500,33361.90,,1509103.61
2026-08-04T04:00:00+00:00,KXSB-27-NE,0.0400,0.0500,0.0500,13663.28,,1514064.66
2026-08-05T04:00:00+00:00,KXSB-27-NE,0.0400,0.0500,0.0500,18883.82,,1529107.61
2026-08-06T04:00:00+00:00,KXSB-27-NE,0.0400,0.0500,0.0500,19911.05,,1529107.61
2026-08-07T04:00:00+00:00,KXSB-27-NE,0.0400,0.0500,0.0500,28390.33,,1529107.61
2026-08-08T04:00:00+00:00,KXSB-27-NE,0.0400,0.0500,0.0500,18867.61,,1529117.80
2026-08-09T04:00:00+00:00,KXSB-27-NE,0.0400,0.0500,0.0500,19103.64,,1529117.80
2026-08-10T04:00:00+00:00,KXSB-27-NE,0.0400,0.0500,0.0500,10033.01,,1529117.80
2026-08-11T04:00:00+00:00,KXSB-27-NE,0.0400,0.0500,0.0500,13828.11,,1529117.80
2026-08-12T04:00:00+00:00,KXSB-27-NE,0.0400,0.0500,0.0500,18426.13,,1529117.80
2026-08-13T04:00:00+00:00,KXSB-27-NE,0.0400,0.0500,0.0500,10475.96,,1529117.80
2026-08-14T04:00:00+00:00,KXSB-27-NE,0.0400,0.0500,0.0500,20076.25,,1529117.80
2026-08-15T04:00:00+00:00,KXSB-27-NE,0.0400,0.0500,0.0500,13424.22,,1529117.80
2026-08-16T04:00:00+00:00,KXSB-27-NE,0.0400,0.0500,0.0400,26074.77,,1529117.80
2026-08-17T04:00:00+00:00,KXSB-27-NE,0.0400,0.0500,0.0500,13623.30,,1529117.80
2026-08-18T04:00:00+00:00,KXSB-27-NE,0.0400,0.0500,0.0500,7667.81,,1529117.80
2026-08-19T04:00:00+00:00,KXSB-27-NE,0.0400,0.0500,0.0500,6527.20,,1529117.80
2026-08-20T04:00:00+00:00,KXSB-27-NE,0.0400,0.0500,0.0500,23473.36,,1529117.80
2026-08-21T04:00:00+00:00,KXSB-27-NE,0.0400,0.0500,0.0500,14637.55,,1529117.80
2026-08-22T04:00:00+00:00,KXSB-27-NE,0.0400,0.0500,0.0500,28166.75,,1529117.80
2026-08-23T04:00:00+00:00,KXSB-27-NE,0.0400,0.0500,0.0500,94884.91,,1529117.80
2026-08-24T04:00:00+00:00,KXSB-27-NE,0.0400,0.0500,0.0500,15421.80,,1536668.05
2026-08-25T04:00:00+00:00,KXSB-27-NE,0.0400,0.0500,0.0500,18506.21,,1555118.01
2026-08-26T04:00:00+00:00,KXSB-27-NE,0.0400,0.0500,0.0500,7532.53,,1562593.29
2026-08-27T04:00:00+00:00,KXSB-27-NE,0.0400,0.0500,0.0500,31354.40,,1592973.44
2026-08-28T04:00:00+00:00,KXSB-27-NE,0.0400,0.0500,0.0500,13543.59,,1605673.99
2026-08-29T04:00:00+00:00,KXSB-27-NE,0.0400,0.0500,0.0500,15216.24,,1620815.22
2026-08-30T04:00:00+00:00,KXSB-27-NE,0.0400,0.0500,0.0500,9382.21,,1629628.49
2026-08-31T04:00:00+00:00,KXSB-27-NE,0.0400,0.0500,0.0500,12856.95,,1642110.39
2026-09-01T04:00:00+00:00,KXSB-27-NE,0.0400,0.0500,0.0500,6388.15,,1648362.78
2026-09-02T04:00:00+00:00,KXSB-27-NE,0.0400,0.0500,0.0500,32750.75,,1676458.97
2026-09-03T04:00:00+00:00,KXSB-27-NE,0.0400,0.0500,0.0500,13531.24,,1689373.08
2026-09-04T04:00:00+00:00,KXSB-27-NE,0.0400,0.0500,0.0400,10735.42,,1699991.32
2026-09-05T04:00:00+00:00,KXSB-27-NE,0.0400,0.0500,0.0500,10122.54,,1710111.99
2026-09-06T04:00:00+00:00,KXSB-27-NE,0.0400,0.0500,0.0500,14698.95,,1723419.43
2026-09-07T04:00:00+00:00,KXSB-27-NE,0.0400,0.0500,0.0500,18231.29,,1740150.17
2026-09-08T04:00:00+00:00,KXSB-27-NE,0.0400,0.0500,0.0500,13659.85,,1752133.51
2026-09-09T04:00:00+00:00,KXSB-27-NE,0.0400,0.0500,0.0500,34766.71,,1785532.05
2026-09-10T04:00:00+00:00,KXSB-27-NE,0.0400,0.0500,0.0500,156755.52,,1931139.93
2026-09-11T04:00:00+00:00,KXSB-27-NE,0.0300,0.0400,0.0300,38743.45,,1949323.91
2026-09-12T04:00:00+00:00,KXSB-27-NE,0.0300,0.0400,0.0400,16431.10,,1963842.75
2026-09-13T04:00:00+00:00,KXSB-27-NE,0.0300,0.0400,0.0400,17121.67,,1975823.25
2026-09-14T04:00:00+00:00,KXSB-27-NE,0.0300,0.0400,0.0300,24735.66,,1997159.08
2026-09-15T04:00:00+00:00,KXSB-27-NE,0.0300,0.0400,0.0400,14684.88,,2009823.71
2026-09-16T04:00:00+00:00,KXSB-27-NE,0.0300,0.0400,0.0400,9018.55,,2014821.33
2026-09-17T04:00:00+00:00,KXSB-27-NE,0.0300,0.0400,0.0400,11254.51,,2024924.99
2026-09-18T04:00:00+00:00,KXSB-27-NE,0.0300,0.0400,0.0400,9209.55,,2033010.36
2026-09-19T04:00:00+00:00,KXSB-27-NE,0.0300,0.0400,0.0400,692.77,,2033687.13
2026-07-27T04:00:00+00:00,KXSB-27-MIN,0.0100,0.0200,0.0200,8439.20,,2231330.53
2026-07-28T04:00:00+00:00,KXSB-27-MIN,0.0100,0.0200,0.0200,7143.51,,2238474.04
2026-07-29T04:00:00+00:00,KXSB-27-MIN,0.0100,0.0200,0.0200,72575.72,,2311049.76
2026-07-30T04:00:00+00:00,KXSB-27-MIN,0.0100,0.0200,0.0200,17865.87,,2328915.63
2026-07-31T04:00:00+00:00,KXSB-27-MIN,0.0100,0.0200,0.0200,10433.38,,2338921.35
2026-08-01T04:00:00+00:00,KXSB-27-MIN,0.0100,0.0200,0.0200,8043.14,,2346964.49
2026-08-02T04:00:00+00:00,KXSB-27-MIN,0.0100,0.0200,0.0200,10036.48,,2356981.27
2026-08-03T04:00:00+00:00,KXSB-27-MIN,0.0100,0.0200,0.0200,19663.89,,2376645.16
2026-08-04T04:00:00+00:00,KXSB-27-MIN,0.0100,0.0200,0.0200,14775.42,,2391420.58
2026-08-05T04:00:00+00:00,KXSB-27-MIN,0.0100,0.0200,0.0200,29116.19,,2420443.77
2026-08-06T04:00:00+00:00,KXSB-27-MIN,0.0100,0.0200,0.0200,6349.01,,2426792.78
2026-08-07T04:00:00+00:00,KXSB-27-MIN,0.0100,0.0200,0.0200,51977.44,,2478770.22
2026-08-08T04:00:00+00:00,KXSB-27-MIN,0.0100,0.0200,0.0200,65008.04,,2543778.26
2026-08-09T04:00:00+00:00,KXSB-27-MIN,0.0100,0.0200,0.0200,35657.88,,2579385.68
2026-08-10T04:00:00+00:00,KXSB-27-MIN,0.0100,0.0200,0.0200,17072.40,,2591779.08
2026-08-11T04:00:00+00:00,KXSB-27-MIN,0.0100,0.0200,0.0200,12491.54,,2604270.62
2026-08-12T04:00:00+00:00,KXSB-27-MIN,0.0100,0.0200,0.0200,18408.42,,2622578.04
2026-08-13T04:00:00+00:00,KXSB-27-MIN,0.0100,0.0200,0.0200,55888.72,,2631553.58
2026-08-14T04:00:00+00:00,KXSB-27-MIN,0.0100,0.0200,0.0200,13575.03,,2644192.81
2026-08-15T04:00:00+00:00,KXSB-27-MIN,0.0100,0.0200,0.0200,41839.50,,2686032.31
2026-08-16T04:00:00+00:00,KXSB-27-MIN,0.0100,0.0200,0.0100,20213.63,,2705310.14
2026-08-17T04:00:00+00:00,KXSB-27-MIN,0.0100,0.0200,0.0200,51604.97,,2756353.27
2026-08-18T04:00:00+00:00,KXSB-27-MIN,0.0100,0.0200,0.0200,40217.50,,2796570.77
2026-08-19T04:00:00+00:00,KXSB-27-MIN,0.0100,0.0200,0.0200,17283.84,,2813854.61
2026-08-20T04:00:00+00:00,KXSB-27-MIN,0.0100,0.0200,0.0200,18391.55,,2832246.16
2026-08-21T04:00:00+00:00,KXSB-27-MIN,0.0100,0.0200,0.0200,14146.23,,2846204.31
2026-08-22T04:00:00+00:00,KXSB-27-MIN,0.0100,0.0200,0.0200,39812.74,,2886017.05
2026-08-23T04:00:00+00:00,KXSB-27-MIN,0.0100,0.0200,0.0200,48332.11,,2929980.84
2026-08-24T04:00:00+00:00,KXSB-27-MIN,0.0100,0.0200,0.0200,25661.10,,2955641.94
2026-08-25T04:00:00+00:00,KXSB-27-MIN,0.0100,0.0200,0.0200,483742.22,,3439290.58
2026-08-26T04:00:00+00:00,KXSB-27-MIN,0.0100,0.0200,0.0200,41872.06,,3480111.83
2026-08-27T04:00:00+00:00,KXSB-27-MIN,0.0100,0.0200,0.0200,11571.29,,3490749.12
2026-08-28T04:00:00+00:00,KXSB-27-MIN,0.0100,0.0200,0.0200,15720.38,,3497199.34
2026-08-29T04:00:00+00:00,KXSB-27-MIN,0.0100,0.0200,0.0300,7777.85,,3497484.74
2026-08-30T04:00:00+00:00,KXSB-27-MIN,0.0200,0.0300,0.0300,7545.54,,3500813.57
2026-08-31T04:00:00+00:00,KXSB-27-MIN,0.0200,0.0300,0.0300,31639.72,,3508053.07
2026-09-01T04:00:00+00:00,KXSB-27-MIN,0.0200,0.0300,0.0300,13673.52,,3516415.63
2026-09-02T04:00:00+00:00,KXSB-27-MIN,0.0200,0.0300,0.0200,5970.86,,3516415.63
2026-09-03T04:00:00+00:00,KXSB-27-MIN,0.0200,0.0300,0.0300,18505.41,,3516415.63
2026-09-04T04:00:00+00:00,KXSB-27-MIN,0.0200,0.0300,0.0300,21491.12,,3516415.63
2026-09-05T04:00:00+00:00,KXSB-27-MIN,0.0200,0.0300,0.0200,10791.73,,3516415.63
2026-09-06T04:00:00+00:00,KXSB-27-MIN,0.0200,0.0300,0.0300,17738.77,,3516415.63
2026-09-07T04:00:00+00:00,KXSB-27-MIN,0.0200,0.0300,0.0300,8523.77,,3516425.81
2026-09-08T04:00:00+00:00,KXSB-27-MIN,0.0200,0.0300,0.0300,21380.77,,3516930.90
2026-09-09T04:00:00+00:00,KXSB-27-MIN,0.0200,0.0300,0.0300,27026.94,,3516930.90
2026-09-10T04:00:00+00:00,KXSB-27-MIN,0.0200,0.0300,0.0300,170509.10,,3516930.90
2026-09-11T04:00:00+00:00,KXSB-27-MIN,0.0200,0.0300,0.0300,31641.41,,3516941.08
2026-09-12T04:00:00+00:00,KXSB-27-MIN,0.0200,0.0300,0.0200,28883.20,,3516941.08
2026-09-13T04:00:00+00:00,KXSB-27-MIN,0.0200,0.0300,0.0300,42233.53,,3516941.08
2026-09-14T04:00:00+00:00,KXSB-27-MIN,0.0200,0.0300,0.0300,119158.49,,3547937.69
2026-09-15T04:00:00+00:00,KXSB-27-MIN,0.0200,0.0300,0.0300,44430.45,,3588826.26
2026-09-16T04:00:00+00:00,KXSB-27-MIN,0.0200,0.0300,0.0300,16465.68,,3603882.72
2026-09-17T04:00:00+00:00,KXSB-27-MIN,0.0200,0.0300,0.0300,11019.05,,3614288.07
2026-09-18T04:00:00+00:00,KXSB-27-MIN,0.0200,0.0300,0.0300,42268.94,,3623701.51
2026-09-19T04:00:00+00:00,KXSB-27-MIN,0.0200,0.0300,0.0300,4525.82,,3626666.64
2026-07-27T04:00:00+00:00,KXSB-27-MIA,0.0000,0.0100,0.0100,689.59,,1079991.20
2026-07-28T04:00:00+00:00,KXSB-27-MIA,0.0000,0.0100,0.0100,935.00,,1080926.20
2026-07-29T04:00:00+00:00,KXSB-27-MIA,0.0000,0.0100,0.0100,1130.85,,1082057.05
2026-07-30T04:00:00+00:00,KXSB-27-MIA,0.0000,0.0100,0.0100,1145.21,,1083202.26
2026-07-31T04:00:00+00:00,KXSB-27-MIA,0.0000,0.0100,0.0100,17965.00,,1101167.26
2026-08-01T04:00:00+00:00,KXSB-27-MIA,0.0000,0.0100,0.0100,102.11,,1101269.37
2026-08-02T04:00:00+00:00,KXSB-27-MIA,0.0000,0.0100,0.0100,467.59,,1101736.96
2026-08-03T04:00:00+00:00,KXSB-27-MIA,0.0000,0.0100,0.0100,1122.21,,1102859.17
2026-08-04T04:00:00+00:00,KXSB-27-MIA,0.0000,0.0100,0.0100,935.19,,1103794.36
2026-08-05T04:00:00+00:00,KXSB-27-MIA,0.0000,0.0100,0.0100,1870.38,,1105664.74
2026-08-06T04:00:00+00:00,KXSB-27-MIA,0.0000,0.0100,0.0100,748.13,,1106412.87
2026-08-07T04:00:00+00:00,KXSB-27-MIA,0.0000,0.0100,0.0100,24507.91,,1130920.78
2026-08-08T04:00:00+00:00,KXSB-27-MIA,0.0000,0.0100,0.0100,3579.75,,1134500.53
2026-08-09T04:00:00+00:00,KXSB-27-MIA,0.0000,0.0100,0.0100,2691.30,,1137191.83
2026-08-10T04:00:00+00:00,KXSB-27-MIA,0.0000,0.0100,0.0100,1774.02,,1138965.85
2026-08-11T04:00:00+00:00,KXSB-27-MIA,0.0000,0.0100,0.0100,20692.71,,1159658.56
2026-08-12T04:00:00+00:00,KXSB-27-MIA,0.0000,0.0100,0.0100,1402.78,,1161061.34
2026-08-13T04:00:00+00:00,KXSB-27-MIA,0.0000,0.0100,0.0100,9600.65,,1170661.99
2026-08-14T04:00:00+00:00,KXSB-27-MIA,0.0000,0.0100,,0.00,,1170661.99
2026-08-15T04:00:00+00:00,KXSB-27-MIA,0.0000,0.0100,0.0100,2497.78,,1173159.77
2026-08-16T04:00:00+00:00,KXSB-27-MIA,0.0000,0.0100,0.0100,7479.04,,1180638.81
2026-08-17T04:00:00+00:00,KXSB-27-MIA,0.0000,0.0100,0.0100,20035.05,,1200673.86
2026-08-18T04:00:00+00:00,KXSB-27-MIA,0.0000,0.0100,0.0100,5237.05,,1205910.91
2026-08-19T04:00:00+00:00,KXSB-27-MIA,0.0000,0.0100,0.0100,2992.58,,1208903.49
2026-08-20T04:00:00+00:00,KXSB-27-MIA,0.0000,0.0100,0.0100,850.55,,1209754.04
2026-08-21T04:00:00+00:00,KXSB-27-MIA,0.0000,0.0100,0.0100,11959.91,,1221713.95
2026-08-22T04:00:00+00:00,KXSB-27-MIA,0.0000,0.0100,0.0100,33820.97,,1255534.92
2026-08-23T04:00:00+00:00,KXSB-27-MIA,0.0000,0.0100,0.0100,10320.07,,1265854.99
2026-08-24T04:00:00+00:00,KXSB-27-MIA,0.0000,0.0100,0.0100,1683.30,,1267538.29
2026-08-25T04:00:00+00:00,KXSB-27-MIA,0.0000,0.0100,0.0100,187.03,,1267725.32
2026-08-26T04:00:00+00:00,KXSB-27-MIA,0.0000,0.0100,0.0100,187.03,,1267912.35
2026-08-27T04:00:00+00:00,KXSB-27-MIA,0.0000,0.0100,0.0100,1608.03,,1269520.38
2026-08-28T04:00:00+00:00,KXSB-27-MIA,0.0000,0.0100,0.0100,98.51,,1269618.89
2026-08-29T04:00:00+00:00,KXSB-27-MIA,0.0000,0.0100,0.0100,1870.38,,1271489.27
2026-08-30T04:00:00+00:00,KXSB-27-MIA,0.0000,0.0100,0.0100,2723.51,,1274212.78
2026-08-31T04:00:00+00:00,KXSB-27-MIA,0.0000,0.0100,0.0100,11667.34,,1285880.12
2026-09-01T04:00:00+00:00,KXSB-27-MIA,0.0000,0.0100,0.0100,2347.32,,1288227.44
2026-09-02T04:00:00+00:00,KXSB-27-MIA,0.0000,0.0100,0.0100,187.02,,1288414.46
2026-09-03T04:00:00+00:00,KXSB-27-MIA,0.0000,0.0100,0.0100,21888.22,,1310302.68
2026-09-04T04:00:00+00:00,KXSB-27-MIA,0.0000,0.0100,0.0100,12419.54,,1322722.22
2026-09-05T04:00:00+00:00,KXSB-27-MIA,0.0000,0.0100,0.0100,7971.39,,1330693.61
2026-09-06T04:00:00+00:00,KXSB-27-MIA,0.0000,0.0100,0.0100,1495.78,,1332189.39
2026-09-07T04:00:00+00:00,KXSB-27-MIA,0.0000,0.0100,0.0100,3834.99,,1336024.38
2026-09-08T04:00:00+00:00,KXSB-27-MIA,0.0000,0.0100,0.0100,19648.82,,1355673.20
2026-09-09T04:00:00+00:00,KXSB-27-MIA,0.0000,0.0100,0.0100,66524.35,,1422197.55
2026-09-10T04:00:00+00:00,KXSB-27-MIA,0.0000,0.0100,0.0100,87306.99,,1509504.54
2026-09-11T04:00:00+00:00,KXSB-27-MIA,0.0000,0.0100,0.0100,41306.68,,1550811.22
2026-09-12T04:00:00+00:00,KXSB-27-MIA,0.0000,0.0100,0.0100,27990.07,,1578801.29
2026-09-13T04:00:00+00:00,KXSB-27-MIA,0.0000,0.0100,0.0100,8339.25,,1587140.54
2026-09-14T04:00:00+00:00,KXSB-27-MIA,0.0000,0.0100,0.0100,43018.39,,1630158.93
2026-09-15T04:00:00+00:00,KXSB-27-MIA,0.0000,0.0100,0.0100,35668.27,,1665827.20
2026-09-16T04:00:00+00:00,KXSB-27-MIA,0.0000,0.0100,0.0100,5736.43,,1671563.63
2026-09-17T04:00:00+00:00,KXSB-27-MIA,0.0000,0.0100,0.0100,313.54,,1671877.17
2026-09-18T04:00:00+00:00,KXSB-27-MIA,0.0000,0.0100,0.0100,1032.59,,1672909.76
2026-09-19T04:00:00+00:00,KXSB-27-MIA,0.0000,0.0100,0.0100,46.75,,1672956.51
2026-07-27T04:00:00+00:00,KXSB-27-LV,0.0000,0.0100,0.0100,6048.41,,2114164.33
2026-07-28T04:00:00+00:00,KXSB-27-LV,0.0000,0.0100,0.0100,28141.33,,2142305.66
2026-07-29T04:00:00+00:00,KXSB-27-LV,0.0000,0.0100,0.0100,114785.14,,2255688.61
2026-07-30T04:00:00+00:00,KXSB-27-LV,0.0000,0.0100,0.0100,23957.95,,2279646.56
2026-07-31T04:00:00+00:00,KXSB-27-LV,0.0000,0.0100,0.0100,32771.37,,2312417.93
2026-08-01T04:00:00+00:00,KXSB-27-LV,0.0000,0.0100,0.0100,30576.15,,2342994.08
2026-08-02T04:00:00+00:00,KXSB-27-LV,0.0000,0.0100,0.0100,52417.10,,2395411.18
2026-08-03T04:00:00+00:00,KXSB-27-LV,0.0000,0.0100,0.0100,32532.74,,2427943.92
2026-08-04T04:00:00+00:00,KXSB-27-LV,0.0000,0.0100,0.0100,51129.80,,2479073.72
2026-08-05T04:00:00+00:00,KXSB-27-LV,0.0000,0.0100,0.0100,13601.94,,2492432.75
2026-08-06T04:00:00+00:00,KXSB-27-LV,0.0000,0.0100,0.0100,14612.65,,2507045.40
2026-08-07T04:00:00+00:00,KXSB-27-LV,0.0000,0.0100,0.0100,8093.47,,2515138.87
2026-08-08T04:00:00+00:00,KXSB-27-LV,0.0000,0.0100,0.0100,9498.07,,2524636.94
2026-08-09T04:00:00+00:00,KXSB-27-LV,0.0000,0.0100,0.0100,45773.41,,2570410.35
2026-08-10T04:00:00+00:00,KXSB-27-LV,0.0000,0.0100,0.0100,14154.02,,2584564.37
2026-08-11T04:00:00+00:00,KXSB-27-LV,0.0000,0.0100,0.0100,20625.49,,2605189.86
2026-08-12T04:00:00+00:00,KXSB-27-LV,0.0000,0.0100,0.0100,2737.65,,2607927.51
2026-08-13T04:00:00+00:00,KXSB-27-LV,0.0000,0.0100,0.0100,13723.92,,2621651.43
2026-08-14T04:00:00+00:00,KXSB-27-LV,0.0000,0.0100,0.0100,26479.73,,2647645.57
2026-08-15T04:00:00+00:00,KXSB-27-LV,0.0000,0.0100,0.0100,38457.80,,2686103.37
2026-08-16T04:00:00+00:00,KXSB-27-LV,0.0000,0.0100,0.0100,27023.41,,2713126.78
2026-08-17T04:00:00+00:00,KXSB-27-LV,0.0000,0.0100,0.0100,10586.00,,2723712.78
2026-08-18T04:00:00+00:00,KXSB-27-LV,0.0000,0.0100,0.0100,102537.72,,2826250.50
2026-08-19T04:00:00+00:00,KXSB-27-LV,0.0000,0.0100,0.0100,14731.54,,2840982.04
2026-08-20T04:00:00+00:00,KXSB-27-LV,0.0000,0.0100,0.0100,5237.05,,2846219.09
2026-08-21T04:00:00+00:00,KXSB-27-LV,0.0000,0.0100,0.0100,6462.12,,2852681.21
2026-08-22T04:00:00+00:00,KXSB-27-LV,0.0000,0.0100,0.0100,21675.81,,2874357.02
2026-08-23T04:00:00+00:00,KXSB-27-LV,0.0000,0.0100,0.0100,11441.18,,2885798.20
2026-08-24T04:00:00+00:00,KXSB-27-LV,0.0000,0.0100,0.0100,15525.29,,2901323.49
2026-08-25T04:00:00+00:00,KXSB-27-LV,0.0000,0.0100,0.0100,14586.40,,2915909.89
2026-08-26T04:00:00+00:00,KXSB-27-LV,0.0000,0.0100,0.0100,16617.36,,2932527.25
2026-08-27T04:00:00+00:00,KXSB-27-LV,0.0000,0.0100,0.0100,10664.49,,2943191.74
2026-08-28T04:00:00+00:00,KXSB-27-LV,0.0000,0.0100,0.0100,13025.27,,2956217.01
2026-08-29T04:00:00+00:00,KXSB-27-LV,0.0000,0.0100,0.0100,34892.99,,2991110.00
2026-08-30T04:00:00+00:00,KXSB-27-LV,0.0000,0.0100,0.0100,4554.01,,2995664.01
2026-08-31T04:00:00+00:00,KXSB-27-LV,0.0000,0.0100,0.0100,8278.46,,3003942.47
2026-09-01T04:00:00+00:00,KXSB-27-LV,0.0000,0.0100,0.0100,10319.14,,3014261.61
2026-09-02T04:00:00+00:00,KXSB-27-LV,0.0000,0.0100,0.0100,11474.76,,3025736.37
2026-09-03T04:00:00+00:00,KXSB-27-LV,0.0000,0.0100,0.0100,23645.30,,3049381.67
2026-09-04T04:00:00+00:00,KXSB-27-LV,0.0000,0.0100,0.0100,6077.99,,3055459.66
2026-09-05T04:00:00+00:00,KXSB-27-LV,0.0000,0.0100,0.0100,21857.98,,3077317.64
2026-09-06T04:00:00+00:00,KXSB-27-LV,0.0000,0.0100,0.0100,4024.10,,3081341.74
2026-09-07T04:00:00+00:00,KXSB-27-LV,0.0000,0.0100,0.0100,13289.38,,3094631.12
2026-09-08T04:00:00+00:00,KXSB-27-LV,0.0000,0.0100,0.0100,30875.93,,3125507.05
2026-09-09T04:00:00+00:00,KXSB-27-LV,0.0000,0.0100,0.0100,7893.21,,3133400.26
2026-09-10T04:00:00+00:00,KXSB-27-LV,0.0000,0.0100,0.0100,33664.22,,3167064.48
2026-09-11T04:00:00+00:00,KXSB-27-LV,0.0000,0.0100,0.0100,13604.00,,3180668.48
2026-09-12T04:00:00+00:00,KXSB-27-LV,0.0000,0.0100,0.0100,16641.48,,3197309.96
2026-09-13T04:00:00+00:00,KXSB-27-LV,0.0000,0.0100,0.0100,138486.05,,3335796.01
2026-09-14T04:00:00+00:00,KXSB-27-LV,0.0000,0.0100,0.0100,146139.99,,3481842.49
2026-09-15T04:00:00+00:00,KXSB-27-LV,0.0000,0.0100,0.0100,28223.49,,3510065.98
2026-09-16T04:00:00+00:00,KXSB-27-LV,0.0000,0.0100,0.0100,58311.47,,3568377.45
2026-09-17T04:00:00+00:00,KXSB-27-LV,0.0000,0.0100,0.0100,23712.97,,3592090.42
2026-09-18T04:00:00+00:00,KXSB-27-LV,0.0000,0.0100,0.0100,28062.51,,3620152.93
2026-09-19T04:00:00+00:00,KXSB-27-LV,0.0000,0.0100,0.0100,13466.71,,3633619.64
2026-07-27T04:00:00+00:00,KXSB-27-LAR,0.1400,0.1600,0.1600,46470.44,,3085919.04
2026-07-28T04:00:00+00:00,KXSB-27-LAR,0.1500,0.1600,0.1600,31717.97,,3110760.31
2026-07-29T04:00:00+00:00,KXSB-27-LAR,0.1500,0.1600,0.1600,48977.06,,3151220.13
2026-07-30T04:00:00+00:00,KXSB-27-LAR,0.1500,0.1600,0.1600,37580.70,,3183013.67
2026-07-31T04:00:00+00:00,KXSB-27-LAR,0.1500,0.1600,0.1600,46046.28,,3223021.75
2026-08-01T04:00:00+00:00,KXSB-27-LAR,0.1500,0.1600,0.1600,38604.84,,3258317.89
2026-08-02T04:00:00+00:00,KXSB-27-LAR,0.1500,0.1600,0.1600,26330.02,,3282518.85
2026-08-03T04:00:00+00:00,KXSB-27-LAR,0.1500,0.1600,0.1600,55030.64,,3329863.89
2026-08-04T04:00:00+00:00,KXSB-27-LAR,0.1500,0.1600,0.1600,39951.12,,3365041.32
2026-08-05T04:00:00+00:00,KXSB-27-LAR,0.1500,0.1600,0.1600,27158.56,,3391681.76
2026-08-06T04:00:00+00:00,KXSB-27-LAR,0.1500,0.1600,0.1600,91107.20,,3467188.80
2026-08-07T04:00:00+00:00,KXSB-27-LAR,0.1500,0.1600,0.1600,85892.75,,3546496.96
2026-08-08T04:00:00+00:00,KXSB-27-LAR,0.1500,0.1600,0.1600,62279.51,,3600982.50
2026-08-09T04:00:00+00:00,KXSB-27-LAR,0.1500,0.1600,0.1600,34606.03,,3630814.25
2026-08-10T04:00:00+00:00,KXSB-27-LAR,0.1500,0.1600,0.1500,29944.56,,3655778.38
2026-08-11T04:00:00+00:00,KXSB-27-LAR,0.1500,0.1600,0.1600,51756.90,,3702917.08
2026-08-12T04:00:00+00:00,KXSB-27-LAR,0.1500,0.1600,0.1600,25734.88,,3727950.90
2026-08-13T04:00:00+00:00,KXSB-27-LAR,0.1400,0.1600,0.1600,28595.90,,3749454.35
2026-08-14T04:00:00+00:00,KXSB-27-LAR,0.1400,0.1600,0.1600,34452.01,,3776362.46
2026-08-15T04:00:00+00:00,KXSB-27-LAR,0.1400,0.1600,0.1600,38584.37,,3810854.30
2026-08-16T04:00:00+00:00,KXSB-27-LAR,0.1400,0.1500,0.1500,37389.92,,3840164.30
2026-08-17T04:00:00+00:00,KXSB-27-LAR,0.1500,0.1600,0.1600,117508.32,,3875247.37
2026-08-18T04:00:00+00:00,KXSB-27-LAR,0.1400,0.1500,0.1500,57765.41,,3926915.75
2026-08-19T04:00:00+00:00,KXSB-27-LAR,0.1400,0.1600,0.1600,53962.81,,3967334.96
2026-08-20T04:00:00+00:00,KXSB-27-LAR,0.1500,0.1600,0.1600,24727.79,,3989404.37
2026-08-21T04:00:00+00:00,KXSB-27-LAR,0.1500,0.1600,0.1600,71198.31,,4053719.93
2026-08-22T04:00:00+00:00,KXSB-27-LAR,0.1500,0.1600,0.1600,15323.46,,4063192.79
2026-08-23T04:00:00+00:00,KXSB-27-LAR,0.1500,0.1600,0.1600,58197.63,,4101222.42
2026-08-24T04:00:00+00:00,KXSB-27-LAR,0.1500,0.1600,0.1600,63882.07,,4114090.27
2026-08-25T04:00:00+00:00,KXSB-27-LAR,0.1500,0.1600,0.1600,25536.15,,4131585.79
2026-08-26T04:00:00+00:00,KXSB-27-LAR,0.1500,0.1600,0.1600,49786.12,,4151509.10
2026-08-27T04:00:00+00:00,KXSB-27-LAR,0.1500,0.1600,0.1600,37241.19,,4184999.43
2026-08-28T04:00:00+00:00,KXSB-27-LAR,0.1400,0.1500,0.1600,20240.28,,4192532.66
2026-08-29T04:00:00+00:00,KXSB-27-LAR,0.1500,0.1600,0.1500,36749.31,,4221157.16
2026-08-30T04:00:00+00:00,KXSB-27-LAR,0.1500,0.1600,0.1600,31379.94,,4229145.38
2026-08-31T04:00:00+00:00,KXSB-27-LAR,0.1500,0.1600,0.1600,758085.51,,4975549.14
2026-09-01T04:00:00+00:00,KXSB-27-LAR,0.1600,0.1700,0.1700,241737.07,,5198464.14
2026-09-02T04:00:00+00:00,KXSB-27-LAR,0.1500,0.1600,0.1600,126165.37,,5313297.23
2026-09-03T04:00:00+00:00,KXSB-27-LAR,0.1500,0.1600,0.1500,43580.16,,5343657.79
2026-09-04T04:00:00+00:00,KXSB-27-LAR,0.1500,0.1700,0.1700,88277.70,,5376358.37
2026-09-05T04:00:00+00:00,KXSB-27-LAR,0.1600,0.1700,0.1700,104212.35,,5444222.98
2026-09-06T04:00:00+00:00,KXSB-27-LAR,0.1600,0.1700,0.1700,75843.88,,5497087.98
2026-09-07T04:00:00+00:00,KXSB-27-LAR,0.1600,0.1700,0.1700,47510.43,,5528824.47
2026-09-08T04:00:00+00:00,KXSB-27-LAR,0.1600,0.1700,0.1700,91377.82,,5612988.16
2026-09-09T04:00:00+00:00,KXSB-27-LAR,0.1500,0.1700,0.1700,70886.22,,5669116.75
2026-09-10T04:00:00+00:00,KXSB-27-LAR,0.1600,0.1700,0.1700,171867.88,,5801263.12
2026-09-11T04:00:00+00:00,KXSB-27-LAR,0.1400,0.1500,0.1400,303564.20,,5997306.12
2026-09-12T04:00:00+00:00,KXSB-27-LAR,0.1300,0.1400,0.1400,125309.61,,6029549.88
2026-09-13T04:00:00+00:00,KXSB-27-LAR,0.1300,0.1400,0.1300,54616.34,,6017932.47
2026-09-14T04:00:00+00:00,KXSB-27-LAR,0.1100,0.1200,0.1100,172991.16,,6022754.64
2026-09-15T04:00:00+00:00,KXSB-27-LAR,0.1100,0.1300,0.1300,92534.28,,6026767.92
2026-09-16T04:00:00+00:00,KXSB-27-LAR,0.1100,0.1300,0.1300,123662.14,,6114661.43
2026-09-17T04:00:00+00:00,KXSB-27-LAR,0.1100,0.1200,0.1200,24454.07,,6126802.06
2026-09-18T04:00:00+00:00,KXSB-27-LAR,0.1200,0.1300,0.1200,62257.11,,6157076.19
2026-09-19T04:00:00+00:00,KXSB-27-LAR,0.1100,0.1300,0.1100,19127.61,,6163040.95
2026-07-27T04:00:00+00:00,KXSB-27-LAC,0.0400,0.0500,0.0500,11806.50,,833441.42
2026-07-28T04:00:00+00:00,KXSB-27-LAC,0.0400,0.0500,0.0500,19571.85,,853013.27
2026-07-29T04:00:00+00:00,KXSB-27-LAC,0.0400,0.0500,0.0500,16628.41,,869600.72
2026-07-30T04:00:00+00:00,KXSB-27-LAC,0.0400,0.0500,0.0500,16606.63,,886007.35
2026-07-31T04:00:00+00:00,KXSB-27-LAC,0.0400,0.0500,0.0500,13920.57,,899853.12
2026-08-01T04:00:00+00:00,KXSB-27-LAC,0.0400,0.0500,0.0500,29933.91,,927037.49
2026-08-02T04:00:00+00:00,KXSB-27-LAC,0.0400,0.0500,0.0500,29068.49,,953094.12
2026-08-03T04:00:00+00:00,KXSB-27-LAC,0.0400,0.0500,0.0500,34918.92,,976697.70
2026-08-04T04:00:00+00:00,KXSB-27-LAC,0.0400,0.0500,0.0500,29606.16,,1006303.86
2026-08-05T04:00:00+00:00,KXSB-27-LAC,0.0400,0.0500,0.0500,15495.06,,1021255.00
2026-08-06T04:00:00+00:00,KXSB-27-LAC,0.0400,0.0500,0.0500,12679.38,,1029246.38
2026-08-07T04:00:00+00:00,KXSB-27-LAC,0.0400,0.0500,0.0500,19865.25,,1049111.63
2026-08-08T04:00:00+00:00,KXSB-27-LAC,0.0400,0.0500,0.0500,28203.08,,1071876.39
2026-08-09T04:00:00+00:00,KXSB-27-LAC,0.0400,0.0500,0.0500,18473.33,,1089224.58
2026-08-10T04:00:00+00:00,KXSB-27-LAC,0.0400,0.0500,0.0500,22498.08,,1111722.66
2026-08-11T04:00:00+00:00,KXSB-27-LAC,0.0400,0.0500,0.0500,11116.50,,1122651.64
2026-08-12T04:00:00+00:00,KXSB-27-LAC,0.0400,0.0500,0.0500,6916.50,,1129385.16
2026-08-13T04:00:00+00:00,KXSB-27-LAC,0.0400,0.0500,0.0500,4585.97,,1133659.13
2026-08-14T04:00:00+00:00,KXSB-27-LAC,0.0400,0.0500,0.0500,35517.17,,1167024.87
2026-08-15T04:00:00+00:00,KXSB-27-LAC,0.0400,0.0500,0.0500,22722.98,,1189352.81
2026-08-16T04:00:00+00:00,KXSB-27-LAC,0.0400,0.0500,0.0500,26157.59,,1196385.46
2026-08-17T04:00:00+00:00,KXSB-27-LAC,0.0400,0.0500,0.0500,28066.48,,1213200.20
2026-08-18T04:00:00+00:00,KXSB-27-LAC,0.0400,0.0500,0.0500,13028.50,,1224041.18
2026-08-19T04:00:00+00:00,KXSB-27-LAC,0.0400,0.0500,0.0500,21476.22,,1217496.82
2026-08-20T04:00:00+00:00,KXSB-27-LAC,0.0400,0.0500,0.0500,9070.24,,1226517.06
2026-08-21T04:00:00+00:00,KXSB-27-LAC,0.0400,0.0500,0.0400,13608.13,,1235472.31
2026-08-22T04:00:00+00:00,KXSB-27-LAC,0.0400,0.0500,0.0500,8484.78,,1242083.09
2026-08-23T04:00:00+00:00,KXSB-27-LAC,0.0400,0.0500,0.0400,24401.62,,1256958.25
2026-08-24T04:00:00+00:00,KXSB-27-LAC,0.0400,0.0500,0.0500,10505.96,,1267276.69
2026-08-25T04:00:00+00:00,KXSB-27-LAC,0.0400,0.0500,0.0500,19869.16,,1286583.29
2026-08-26T04:00:00+00:00,KXSB-27-LAC,0.0400,0.0500,0.0400,2003.96,,1288287.23
2026-08-27T04:00:00+00:00,KXSB-27-LAC,0.0400,0.0500,0.0500,8517.40,,1296804.17
2026-08-28T04:00:00+00:00,KXSB-27-LAC,0.0400,0.0500,0.0500,24787.09,,1321591.26
2026-08-29T04:00:00+00:00,KXSB-27-LAC,0.0400,0.0500,0.0500,16662.56,,1335909.74
2026-08-30T04:00:00+00:00,KXSB-27-LAC,0.0400,0.0500,0.0500,8659.88,,1344569.62
2026-08-31T04:00:00+00:00,KXSB-27-LAC,0.0400,0.0500,0.0500,32714.27,,1358530.97
2026-09-01T04:00:00+00:00,KXSB-27-LAC,0.0400,0.0500,0.0500,10331.48,,1365456.43
2026-09-02T04:00:00+00:00,KXSB-27-LAC,0.0400,0.0500,0.0500,33019.99,,1390356.24
2026-09-03T04:00:00+00:00,KXSB-27-LAC,0.0400,0.0500,0.0500,15500.39,,1404729.69
2026-09-04T04:00:00+00:00,KXSB-27-LAC,0.0400,0.0500,0.0500,55855.12,,1452817.01
2026-09-05T04:00:00+00:00,KXSB-27-LAC,0.0400,0.0500,0.0500,13581.08,,1465881.85
2026-09-06T04:00:00+00:00,KXSB-27-LAC,0.0400,0.0500,0.0400,37737.91,,1492318.02
2026-09-07T04:00:00+00:00,KXSB-27-LAC,0.0400,0.0500,0.0500,34364.92,,1519106.78
2026-09-08T04:00:00+00:00,KXSB-27-LAC,0.0400,0.0500,0.0500,141274.77,,1659863.86
2026-09-09T04:00:00+00:00,KXSB-27-LAC,0.0400,0.0500,0.0500,23681.91,,1683545.77
2026-09-10T04:00:00+00:00,KXSB-27-LAC,0.0400,0.0500,0.0500,272041.33,,1953338.06
2026-09-11T04:00:00+00:00,KXSB-27-LAC,0.0400,0.0500,0.0500,54356.42,,2002045.84
2026-09-12T04:00:00+00:00,KXSB-27-LAC,0.0400,0.0500,0.0500,38527.46,,2039593.44
2026-09-13T04:00:00+00:00,KXSB-27-LAC,0.0400,0.0500,0.0500,39931.69,,2071284.79
2026-09-14T04:00:00+00:00,KXSB-27-LAC,0.0300,0.0400,0.0300,387435.18,,2452295.36
2026-09-15T04:00:00+00:00,KXSB-27-LAC,0.0200,0.0300,0.0300,120908.39,,2477738.01
2026-09-16T04:00:00+00:00,KXSB-27-LAC,0.0300,0.0400,0.0400,14725.47,,2485522.08
2026-09-17T04:00:00+00:00,KXSB-27-LAC,0.0300,0.0400,0.0400,8980.32,,2493019.93
2026-09-18T04:00:00+00:00,KXSB-27-LAC,0.0200,0.0300,0.0300,12218.31,,2495423.36
2026-09-19T04:00:00+00:00,KXSB-27-LAC,0.0200,0.0300,0.0300,16619.20,,2511667.51
2026-07-27T04:00:00+00:00,KXSB-27-KC,0.0500,0.0600,0.0600,14924.32,,1416815.45
2026-07-28T04:00:00+00:00,KXSB-27-KC,0.0500,0.0600,0.0600,40280.85,,1456933.49
2026-07-29T04:00:00+00:00,KXSB-27-KC,0.0500,0.0600,0.0600,7960.45,,1464892.94
2026-07-30T04:00:00+00:00,KXSB-27-KC,0.0500,0.0600,0.0600,13214.78,,1477863.16
2026-07-31T04:00:00+00:00,KXSB-27-KC,0.0500,0.0600,0.0600,6461.76,,1484229.08
2026-08-01T04:00:00+00:00,KXSB-27-KC,0.0500,0.0600,0.0600,31600.97,,1515202.98
2026-08-02T04:00:00+00:00,KXSB-27-KC,0.0500,0.0600,0.0600,31260.96,,1546463.94
2026-08-03T04:00:00+00:00,KXSB-27-KC,0.0500,0.0600,0.0600,47329.05,,1593792.99
2026-08-04T04:00:00+00:00,KXSB-27-KC,0.0500,0.0600,0.0600,22487.15,,1615940.14
2026-08-05T04:00:00+00:00,KXSB-27-KC,0.0500,0.0600,0.0600,14869.38,,1630702.30
2026-08-06T04:00:00+00:00,KXSB-27-KC,0.0500,0.0600,0.0600,12276.14,,1642971.44
2026-08-07T04:00:00+00:00,KXSB-27-KC,0.0500,0.0600,0.0600,12236.85,,1654984.71
2026-08-08T04:00:00+00:00,KXSB-27-KC,0.0500,0.0600,0.0600,17237.78,,1671995.09
2026-08-09T04:00:00+00:00,KXSB-27-KC,0.0500,0.0600,0.0600,10047.91,,1681975.94
2026-08-10T04:00:00+00:00,KXSB-27-KC,0.0500,0.0600,0.0600,3086.58,,1685062.52
2026-08-11T04:00:00+00:00,KXSB-27-KC,0.0500,0.0600,0.0600,4779.74,,1689842.26
2026-08-12T04:00:00+00:00,KXSB-27-KC,0.0500,0.0600,0.0600,9972.62,,1699174.58
2026-08-13T04:00:00+00:00,KXSB-27-KC,0.0500,0.0600,0.0600,9201.38,,1706769.02
2026-08-14T04:00:00+00:00,KXSB-27-KC,0.0500,0.0600,0.0600,7674.34,,1714234.06
2026-08-15T04:00:00+00:00,KXSB-27-KC,0.0500,0.0600,0.0600,5123.51,,1718559.69
2026-08-16T04:00:00+00:00,KXSB-27-KC,0.0500,0.0600,0.0600,73616.55,,1791464.86
2026-08-17T04:00:00+00:00,KXSB-27-KC,0.0500,0.0600,0.0600,11831.83,,1801848.76
2026-08-18T04:00:00+00:00,KXSB-27-KC,0.0500,0.0600,0.0600,7331.52,,1809056.24
2026-08-19T04:00:00+00:00,KXSB-27-KC,0.0500,0.0600,0.0600,19817.71,,1827296.84
2026-08-20T04:00:00+00:00,KXSB-27-KC,0.0500,0.0600,0.0600,15027.61,,1842168.08
2026-08-21T04:00:00+00:00,KXSB-27-KC,0.0500,0.0600,0.0500,11691.24,,1852516.97
2026-08-22T04:00:00+00:00,KXSB-27-KC,0.0500,0.0600,0.0600,125391.03,,1976382.82
2026-08-23T04:00:00+00:00,KXSB-27-KC,0.0500,0.0600,0.0600,11126.57,,1986644.84
2026-08-24T04:00:00+00:00,KXSB-27-KC,0.0500,0.0600,0.0600,12834.05,,1999180.77
2026-08-25T04:00:00+00:00,KXSB-27-KC,0.0500,0.0600,0.0600,9533.32,,2008150.86
2026-08-26T04:00:00+00:00,KXSB-27-KC,0.0500,0.0600,0.0600,13615.23,,2016256.89
2026-08-27T04:00:00+00:00,KXSB-27-KC,0.0500,0.0600,0.0600,11101.56,,2025233.84
2026-08-28T04:00:00+00:00,KXSB-27-KC,0.0500,0.0600,0.0600,26126.95,,2049824.54
2026-08-29T04:00:00+00:00,KXSB-27-KC,0.0500,0.0600,0.0500,10215.47,,2059627.20
2026-08-30T04:00:00+00:00,KXSB-27-KC,0.0500,0.0600,0.0600,15142.10,,2074602.45
2026-08-31T04:00:00+00:00,KXSB-27-KC,0.0500,0.0600,0.0600,30212.56,,2101986.42
2026-09-01T04:00:00+00:00,KXSB-27-KC,0.0500,0.0600,0.0600,34744.13,,2135218.55
2026-09-02T04:00:00+00:00,KXSB-27-KC,0.0500,0.0600,0.0600,10936.65,,2144338.11
2026-09-03T04:00:00+00:00,KXSB-27-KC,0.0500,0.0600,0.0500,9299.09,,2153132.29
2026-09-04T04:00:00+00:00,KXSB-27-KC,0.0500,0.0600,0.0600,22522.17,,2172661.95
2026-09-05T04:00:00+00:00,KXSB-27-KC,0.0500,0.0600,0.0600,14813.40,,2186662.31
2026-09-06T04:00:00+00:00,KXSB-27-KC,0.0500,0.0600,0.0600,28693.88,,2214792.87
2026-09-07T04:00:00+00:00,KXSB-27-KC,0.0500,0.0600,0.0600,8701.55,,2221144.05
2026-09-08T04:00:00+00:00,KXSB-27-KC,0.0500,0.0600,0.0600,29719.43,,2248843.51
2026-09-09T04:00:00+00:00,KXSB-27-KC,0.0500,0.0600,0.0600,18498.92,,2264664.77
2026-09-10T04:00:00+00:00,KXSB-27-KC,0.0500,0.0600,0.0600,78087.02,,2341452.61
2026-09-11T04:00:00+00:00,KXSB-27-KC,0.0500,0.0600,0.0600,34931.51,,2375029.48
2026-09-12T04:00:00+00:00,KXSB-27-KC,0.0500,0.0600,0.0500,39540.94,,2407322.58
2026-09-13T04:00:00+00:00,KXSB-27-KC,0.0500,0.0600,0.0600,30529.56,,2417560.94
2026-09-14T04:00:00+00:00,KXSB-27-KC,0.0500,0.0600,0.0600,36304.58,,2451527.01
2026-09-15T04:00:00+00:00,KXSB-27-KC,0.0600,0.0700,0.0700,656823.37,,3094902.47
2026-09-16T04:00:00+00:00,KXSB-27-KC,0.0600,0.0700,0.0700,499163.04,,3588238.09
2026-09-17T04:00:00+00:00,KXSB-27-KC,0.0600,0.0700,0.0700,144362.52,,3729454.47
2026-09-18T04:00:00+00:00,KXSB-27-KC,0.0600,0.0700,0.0600,139049.66,,3863784.87
2026-09-19T04:00:00+00:00,KXSB-27-KC,0.0600,0.0700,0.0700,48916.44,,3911728.49
2026-07-27T04:00:00+00:00,KXSB-27-JAC,0.0200,0.0300,0.0300,3318.73,,384954.99
2026-07-28T04:00:00+00:00,KXSB-27-JAC,0.0200,0.0300,0.0300,12801.49,,397756.48
2026-07-29T04:00:00+00:00,KXSB-27-JAC,0.0200,0.0300,0.0300,9381.39,,406902.87
2026-07-30T04:00:00+00:00,KXSB-27-JAC,0.0200,0.0300,0.0300,4077.80,,410823.67
2026-07-31T04:00:00+00:00,KXSB-27-JAC,0.0200,0.0300,0.0300,4513.99,,415337.66
2026-08-01T04:00:00+00:00,KXSB-27-JAC,0.0200,0.0300,0.0300,10629.79,,424438.24
2026-08-02T04:00:00+00:00,KXSB-27-JAC,0.0200,0.0300,0.0300,29990.28,,454397.31
2026-08-03T04:00:00+00:00,KXSB-27-JAC,0.0200,0.0300,0.0300,11753.71,,460824.66
2026-08-04T04:00:00+00:00,KXSB-27-JAC,0.0200,0.0300,0.0300,1921.54,,460824.66
2026-08-05T04:00:00+00:00,KXSB-27-JAC,0.0200,0.0300,0.0300,5194.46,,460824.66
2026-08-06T04:00:00+00:00,KXSB-27-JAC,0.0200,0.0300,0.0300,11604.08,,460824.66
2026-08-07T04:00:00+00:00,KXSB-27-JAC,0.0200,0.0300,0.0300,6145.27,,460824.66
2026-08-08T04:00:00+00:00,KXSB-27-JAC,0.0200,0.0300,0.0300,4353.81,,462724.52
2026-08-09T04:00:00+00:00,KXSB-27-JAC,0.0200,0.0300,0.0300,1614.75,,464339.27
2026-08-10T04:00:00+00:00,KXSB-27-JAC,0.0200,0.0300,0.0300,5934.49,,470219.66
2026-08-11T04:00:00+00:00,KXSB-27-JAC,0.0200,0.0300,0.0300,30798.47,,500656.01
2026-08-12T04:00:00+00:00,KXSB-27-JAC,0.0200,0.0300,0.0300,1455.62,,502111.63
2026-08-13T04:00:00+00:00,KXSB-27-JAC,0.0200,0.0300,0.0300,8237.83,,510349.46
2026-08-14T04:00:00+00:00,KXSB-27-JAC,0.0200,0.0300,0.0300,2506.66,,510634.12
2026-08-15T04:00:00+00:00,KXSB-27-JAC,0.0200,0.0300,0.0300,16305.99,,526666.87
2026-08-16T04:00:00+00:00,KXSB-27-JAC,0.0200,0.0300,0.0300,20563.27,,547230.14
2026-08-17T04:00:00+00:00,KXSB-27-JAC,0.0200,0.0300,0.0300,20693.88,,567924.02
2026-08-18T04:00:00+00:00,KXSB-27-JAC,0.0200,0.0300,0.0300,18528.87,,586452.89
2026-08-19T04:00:00+00:00,KXSB-27-JAC,0.0200,0.0300,0.0300,16620.50,,603071.39
2026-08-20T04:00:00+00:00,KXSB-27-JAC,0.0200,0.0300,0.0300,10758.57,,608402.56
2026-08-21T04:00:00+00:00,KXSB-27-JAC,0.0200,0.0300,0.0300,2398.52,,610036.82
2026-08-22T04:00:00+00:00,KXSB-27-JAC,0.0200,0.0300,0.0300,12571.98,,622608.80
2026-08-23T04:00:00+00:00,KXSB-27-JAC,0.0200,0.0300,0.0300,5186.65,,627701.75
2026-08-24T04:00:00+00:00,KXSB-27-JAC,0.0200,0.0300,0.0300,6575.34,,633964.97
2026-08-25T04:00:00+00:00,KXSB-27-JAC,0.0200,0.0300,0.0300,3650.20,,637615.17
2026-08-26T04:00:00+00:00,KXSB-27-JAC,0.0200,0.0300,0.0300,2625.99,,640241.16
2026-08-27T04:00:00+00:00,KXSB-27-JAC,0.0200,0.0300,0.0300,4576.21,,644817.37
2026-08-28T04:00:00+00:00,KXSB-27-JAC,0.0200,0.0300,0.0300,1678.49,,646495.86
2026-08-29T04:00:00+00:00,KXSB-27-JAC,0.0200,0.0300,0.0300,59817.40,,706313.26
2026-08-30T04:00:00+00:00,KXSB-27-JAC,0.0200,0.0300,0.0300,15040.86,,721354.12
2026-08-31T04:00:00+00:00,KXSB-27-JAC,0.0200,0.0300,0.0300,7926.11,,729217.81
2026-09-01T04:00:00+00:00,KXSB-27-JAC,0.0200,0.0300,0.0300,47067.41,,713853.42
2026-09-02T04:00:00+00:00,KXSB-27-JAC,0.0200,0.0300,0.0300,10238.42,,723779.72
2026-09-03T04:00:00+00:00,KXSB-27-JAC,0.0200,0.0300,0.0300,52500.80,,776270.52
2026-09-04T04:00:00+00:00,KXSB-27-JAC,0.0200,0.0300,0.0300,27365.00,,803635.52
2026-09-05T04:00:00+00:00,KXSB-27-JAC,0.0200,0.0300,0.0300,7598.05,,810767.33
2026-09-06T04:00:00+00:00,KXSB-27-JAC,0.0200,0.0300,0.0200,11482.14,,815050.29
2026-09-07T04:00:00+00:00,KXSB-27-JAC,0.0200,0.0300,0.0300,48395.07,,863341.36
2026-09-08T04:00:00+00:00,KXSB-27-JAC,0.0200,0.0300,0.0300,9119.05,,870791.11
2026-09-09T04:00:00+00:00,KXSB-27-JAC,0.0200,0.0300,0.0300,36245.78,,906100.51
2026-09-10T04:00:00+00:00,KXSB-27-JAC,0.0200,0.0300,0.0300,171516.96,,1077597.47
2026-09-11T04:00:00+00:00,KXSB-27-JAC,0.0200,0.0300,0.0300,108430.19,,1142981.87
2026-09-12T04:00:00+00:00,KXSB-27-JAC,0.0200,0.0300,0.0200,33924.25,,1176169.28
2026-09-13T04:00:00+00:00,KXSB-27-JAC,0.0200,0.0300,0.0300,29162.70,,1199828.94
2026-09-14T04:00:00+00:00,KXSB-27-JAC,0.0300,0.0400,0.0400,1303393.05,,2494428.12
2026-09-15T04:00:00+00:00,KXSB-27-JAC,0.0300,0.0400,0.0400,50408.07,,2542256.19
2026-09-16T04:00:00+00:00,KXSB-27-JAC,0.0300,0.0400,0.0400,80731.40,,2618868.55
2026-09-17T04:00:00+00:00,KXSB-27-JAC,0.0300,0.0400,0.0300,44333.11,,2660359.16
2026-09-18T04:00:00+00:00,KXSB-27-JAC,0.0300,0.0400,0.0300,104986.22,,2765159.33
2026-09-19T04:00:00+00:00,KXSB-27-JAC,0.0300,0.0400,0.0400,19115.33,,2779597.38
2026-07-27T04:00:00+00:00,KXSB-27-IND,0.0100,0.0200,0.0200,521.99,,281875.33
2026-07-28T04:00:00+00:00,KXSB-27-IND,0.0100,0.0200,0.0200,2748.46,,284623.79
2026-07-29T04:00:00+00:00,KXSB-27-IND,0.0100,0.0200,0.0200,1640.99,,286264.78
2026-07-30T04:00:00+00:00,KXSB-27-IND,0.0100,0.0200,0.0200,696.90,,286861.68
2026-07-31T04:00:00+00:00,KXSB-27-IND,0.0100,0.0200,0.0200,2102.84,,287964.52
2026-08-01T04:00:00+00:00,KXSB-27-IND,0.0100,0.0200,0.0200,3322.09,,291286.61
2026-08-02T04:00:00+00:00,KXSB-27-IND,0.0100,0.0200,0.0200,1837.26,,292269.20
2026-08-03T04:00:00+00:00,KXSB-27-IND,0.0100,0.0200,0.0200,339.78,,292608.98
2026-08-04T04:00:00+00:00,KXSB-27-IND,0.0100,0.0200,,0.00,,292608.98
2026-08-05T04:00:00+00:00,KXSB-27-IND,0.0100,0.0200,0.0200,2011.68,,294527.66
2026-08-06T04:00:00+00:00,KXSB-27-IND,0.0100,0.0200,0.0200,514.75,,295042.41
2026-08-07T04:00:00+00:00,KXSB-27-IND,0.0100,0.0200,0.0200,15044.95,,305361.56
2026-08-08T04:00:00+00:00,KXSB-27-IND,0.0100,0.0200,0.0200,1510.26,,306871.82
2026-08-09T04:00:00+00:00,KXSB-27-IND,0.0100,0.0200,0.0200,4037.68,,310909.50
2026-08-10T04:00:00+00:00,KXSB-27-IND,0.0100,0.0200,0.0200,1888.65,,312798.15
2026-08-11T04:00:00+00:00,KXSB-27-IND,0.0100,0.0200,0.0200,25574.42,,314977.49
2026-08-12T04:00:00+00:00,KXSB-27-IND,0.0100,0.0200,0.0100,1297.26,,316274.75
2026-08-13T04:00:00+00:00,KXSB-27-IND,0.0100,0.0200,0.0200,1175.18,,317449.93
2026-08-14T04:00:00+00:00,KXSB-27-IND,0.0100,0.0200,0.0200,3086.23,,320511.16
2026-08-15T04:00:00+00:00,KXSB-27-IND,0.0100,0.0200,0.0200,3629.18,,323672.44
2026-08-16T04:00:00+00:00,KXSB-27-IND,0.0100,0.0200,0.0200,11987.65,,335310.09
2026-08-17T04:00:00+00:00,KXSB-27-IND,0.0100,0.0200,0.0200,935.80,,335777.99
2026-08-18T04:00:00+00:00,KXSB-27-IND,0.0100,0.0200,0.0200,2713.82,,338491.81
2026-08-19T04:00:00+00:00,KXSB-27-IND,0.0100,0.0200,0.0200,2117.71,,340375.57
2026-08-20T04:00:00+00:00,KXSB-27-IND,0.0100,0.0200,0.0200,7373.61,,347749.18
2026-08-21T04:00:00+00:00,KXSB-27-IND,0.0100,0.0200,0.0200,125.00,,347874.18
2026-08-22T04:00:00+00:00,KXSB-27-IND,0.0100,0.0200,0.0100,1424.42,,348409.59
2026-08-23T04:00:00+00:00,KXSB-27-IND,0.0100,0.0200,0.0200,5544.07,,349626.13
2026-08-24T04:00:00+00:00,KXSB-27-IND,0.0100,0.0200,0.0200,6737.80,,356363.93
2026-08-25T04:00:00+00:00,KXSB-27-IND,0.0100,0.0200,0.0100,3123.53,,359144.06
2026-08-26T04:00:00+00:00,KXSB-27-IND,0.0100,0.0200,0.0200,8438.83,,367582.89
2026-08-27T04:00:00+00:00,KXSB-27-IND,0.0100,0.0200,0.0200,6861.70,,374444.59
2026-08-28T04:00:00+00:00,KXSB-27-IND,0.0100,0.0200,0.0200,104.58,,374549.17
2026-08-29T04:00:00+00:00,KXSB-27-IND,0.0100,0.0200,0.0200,8421.92,,382035.59
2026-08-30T04:00:00+00:00,KXSB-27-IND,0.0100,0.0200,0.0200,51203.27,,433229.51
2026-08-31T04:00:00+00:00,KXSB-27-IND,0.0100,0.0200,0.0200,5964.39,,439193.90
2026-09-01T04:00:00+00:00,KXSB-27-IND,0.0100,0.0200,0.0200,6804.25,,445951.36
2026-09-02T04:00:00+00:00,KXSB-27-IND,0.0100,0.0200,0.0200,4339.14,,450289.50
2026-09-03T04:00:00+00:00,KXSB-27-IND,0.0100,0.0200,0.0200,945.15,,451234.65
2026-09-04T04:00:00+00:00,KXSB-27-IND,0.0100,0.0200,0.0100,7434.84,,458622.99
2026-09-05T04:00:00+00:00,KXSB-27-IND,0.0100,0.0200,0.0200,7351.20,,465969.52
2026-09-06T04:00:00+00:00,KXSB-27-IND,0.0100,0.0200,0.0200,2550.95,,468473.68
2026-09-07T04:00:00+00:00,KXSB-27-IND,0.0100,0.0200,0.0100,1461.19,,469878.08
2026-09-08T04:00:00+00:00,KXSB-27-IND,0.0100,0.0200,0.0200,9394.39,,479272.47
2026-09-09T04:00:00+00:00,KXSB-27-IND,0.0100,0.0200,0.0200,14575.73,,493848.20
2026-09-10T04:00:00+00:00,KXSB-27-IND,0.0100,0.0200,0.0200,78438.81,,572287.01
2026-09-11T04:00:00+00:00,KXSB-27-IND,0.0100,0.0200,0.0200,8894.62,,580599.57
2026-09-12T04:00:00+00:00,KXSB-27-IND,0.0100,0.0200,0.0200,10940.68,,591540.25
2026-09-13T04:00:00+00:00,KXSB-27-IND,0.0100,0.0200,0.0200,15488.71,,603572.95
2026-09-14T04:00:00+00:00,KXSB-27-IND,0.0000,0.0100,0.0100,61591.51,,665156.51
2026-09-15T04:00:00+00:00,KXSB-27-IND,0.0000,0.0100,0.0100,127285.16,,792441.67
2026-09-16T04:00:00+00:00,KXSB-27-IND,0.0000,0.0100,0.0100,2210.51,,794652.18
2026-09-17T04:00:00+00:00,KXSB-27-IND,0.0000,0.0100,0.0100,2525.92,,797178.10
2026-09-18T04:00:00+00:00,KXSB-27-IND,0.0000,0.0100,0.0100,4081.48,,801259.58
2026-09-19T04:00:00+00:00,KXSB-27-IND,0.0000,0.0100,0.0100,10194.51,,811454.09
2026-07-27T04:00:00+00:00,KXSB-27-HOU,0.0300,0.0400,0.0400,26814.99,,1174747.59
2026-07-28T04:00:00+00:00,KXSB-27-HOU,0.0300,0.0400,0.0400,81521.91,,1255919.50
2026-07-29T04:00:00+00:00,KXSB-27-HOU,0.0300,0.0400,0.0400,24701.92,,1280621.42
2026-07-30T04:00:00+00:00,KXSB-27-HOU,0.0300,0.0400,0.0400,30588.89,,1310383.41
2026-07-31T04:00:00+00:00,KXSB-27-HOU,0.0300,0.0400,0.0400,39190.17,,1348600.40
2026-08-01T04:00:00+00:00,KXSB-27-HOU,0.0300,0.0400,0.0400,20550.71,,1369151.11
2026-08-02T04:00:00+00:00,KXSB-27-HOU,0.0300,0.0400,0.0400,73120.30,,1442247.99
2026-08-03T04:00:00+00:00,KXSB-27-HOU,0.0300,0.0400,0.0400,60539.72,,1502787.71
2026-08-04T04:00:00+00:00,KXSB-27-HOU,0.0300,0.0400,0.0400,55638.16,,1558285.37
2026-08-05T04:00:00+00:00,KXSB-27-HOU,0.0300,0.0400,0.0400,61781.42,,1616281.79
2026-08-06T04:00:00+00:00,KXSB-27-HOU,0.0300,0.0400,0.0400,52148.60,,1663391.72
2026-08-07T04:00:00+00:00,KXSB-27-HOU,0.0300,0.0400,0.0400,48298.19,,1710518.63
2026-08-08T04:00:00+00:00,KXSB-27-HOU,0.0300,0.0400,0.0400,43446.02,,1744456.61
2026-08-09T04:00:00+00:00,KXSB-27-HOU,0.0300,0.0400,0.0400,11873.81,,1756330.42
2026-08-10T04:00:00+00:00,KXSB-27-HOU,0.0300,0.0400,0.0400,62466.72,,1818084.98
2026-08-11T04:00:00+00:00,KXSB-27-HOU,0.0300,0.0400,0.0400,14961.36,,1832778.84
2026-08-12T04:00:00+00:00,KXSB-27-HOU,0.0300,0.0400,0.0400,42109.21,,1873766.77
2026-08-13T04:00:00+00:00,KXSB-27-HOU,0.0400,0.0500,0.0500,660035.38,,2251392.19
2026-08-14T04:00:00+00:00,KXSB-27-HOU,0.0400,0.0500,0.0500,61579.36,,2312360.91
2026-08-15T04:00:00+00:00,KXSB-27-HOU,0.0400,0.0500,0.0500,19815.02,,2330066.39
2026-08-16T04:00:00+00:00,KXSB-27-HOU,0.0400,0.0500,0.0500,23558.35,,2352838.74
2026-08-17T04:00:00+00:00,KXSB-27-HOU,0.0400,0.0500,0.0500,52253.91,,2399352.59
2026-08-18T04:00:00+00:00,KXSB-27-HOU,0.0400,0.0500,0.0500,24729.17,,2423957.97
2026-08-19T04:00:00+00:00,KXSB-27-HOU,0.0400,0.0500,0.0500,19070.35,,2441881.74
2026-08-20T04:00:00+00:00,KXSB-27-HOU,0.0400,0.0500,0.0500,49196.60,,2448469.49
2026-08-21T04:00:00+00:00,KXSB-27-HOU,0.0400,0.0500,0.0500,61088.18,,2448469.49
2026-08-22T04:00:00+00:00,KXSB-27-HOU,0.0400,0.0500,0.0500,77498.73,,2448469.49
2026-08-23T04:00:00+00:00,KXSB-27-HOU,0.0400,0.0500,0.0500,30520.13,,2448469.49
2026-08-24T04:00:00+00:00,KXSB-27-HOU,0.0400,0.0500,0.0500,21581.34,,2448469.49
2026-08-25T04:00:00+00:00,KXSB-27-HOU,0.0400,0.0500,0.0400,42122.48,,2448469.49
2026-08-26T04:00:00+00:00,KXSB-27-HOU,0.0400,0.0500,0.0500,45827.67,,2453750.19
2026-08-27T04:00:00+00:00,KXSB-27-HOU,0.0400,0.0500,0.0500,43551.81,,2495591.37
2026-08-28T04:00:00+00:00,KXSB-27-HOU,0.0400,0.0500,0.0400,58728.59,,2498469.49
2026-08-29T04:00:00+00:00,KXSB-27-HOU,0.0400,0.0500,0.0500,30891.96,,2498467.68
2026-08-30T04:00:00+00:00,KXSB-27-HOU,0.0400,0.0500,0.0500,64161.56,,2498467.68
2026-08-31T04:00:00+00:00,KXSB-27-HOU,0.0400,0.0500,0.0500,38482.72,,2498472.68
2026-09-01T04:00:00+00:00,KXSB-27-HOU,0.0400,0.0500,0.0500,39091.44,,2498472.68
2026-09-02T04:00:00+00:00,KXSB-27-HOU,0.0400,0.0500,0.0500,34788.09,,2510602.02
2026-09-03T04:00:00+00:00,KXSB-27-HOU,0.0400,0.0500,0.0500,46487.74,,2546327.75
2026-09-04T04:00:00+00:00,KXSB-27-HOU,0.0400,0.0500,0.0400,41682.69,,2571289.93
2026-09-05T04:00:00+00:00,KXSB-27-HOU,0.0400,0.0500,0.0500,39619.53,,2608965.08
2026-09-06T04:00:00+00:00,KXSB-27-HOU,0.0400,0.0500,0.0500,17473.70,,2625661.20
2026-09-07T04:00:00+00:00,KXSB-27-HOU,0.0400,0.0500,0.0500,38452.11,,2659473.46
2026-09-08T04:00:00+00:00,KXSB-27-HOU,0.0400,0.0500,0.0500,19088.44,,2678516.93
2026-09-09T04:00:00+00:00,KXSB-27-HOU,0.0400,0.0500,0.0500,39130.50,,2715478.43
2026-09-10T04:00:00+00:00,KXSB-27-HOU,0.0400,0.0500,0.0500,183271.03,,2897045.18
2026-09-11T04:00:00+00:00,KXSB-27-HOU,0.0400,0.0500,0.0500,45859.77,,2937732.29
2026-09-12T04:00:00+00:00,KXSB-27-HOU,0.0400,0.0500,0.0500,64491.50,,2996795.68
2026-09-13T04:00:00+00:00,KXSB-27-HOU,0.0400,0.0500,0.0500,51615.49,,3042374.61
2026-09-14T04:00:00+00:00,KXSB-27-HOU,0.0300,0.0400,0.0400,251175.05,,3251817.42
2026-09-15T04:00:00+00:00,KXSB-27-HOU,0.0300,0.0400,0.0400,31481.73,,3278200.65
2026-09-16T04:00:00+00:00,KXSB-27-HOU,0.0300,0.0400,0.0400,52987.97,,3320534.80
2026-09-17T04:00:00+00:00,KXSB-27-HOU,0.0300,0.0400,0.0400,44042.34,,3347774.28
2026-09-18T04:00:00+00:00,KXSB-27-HOU,0.0300,0.0400,0.0400,33765.20,,3348436.62
2026-09-19T04:00:00+00:00,KXSB-27-HOU,0.0300,0.0400,0.0400,23788.72,,3353734.78
2026-07-27T04:00:00+00:00,KXSB-27-GB,0.0300,0.0400,0.0400,9774.21,,785527.24
2026-07-28T04:00:00+00:00,KXSB-27-GB,0.0300,0.0400,0.0400,17646.33,,803054.45
2026-07-29T04:00:00+00:00,KXSB-27-GB,0.0300,0.0400,0.0400,14495.51,,812699.28
2026-07-30T04:00:00+00:00,KXSB-27-GB,0.0300,0.0400,0.0400,21446.31,,834145.59
2026-07-31T04:00:00+00:00,KXSB-27-GB,0.0300,0.0400,0.0400,20092.94,,854238.53
2026-08-01T04:00:00+00:00,KXSB-27-GB,0.0300,0.0400,0.0300,14641.29,,865459.72
2026-08-02T04:00:00+00:00,KXSB-27-GB,0.0300,0.0400,0.0400,6133.96,,871593.68
2026-08-03T04:00:00+00:00,KXSB-27-GB,0.0300,0.0400,0.0400,30943.76,,902129.84
2026-08-04T04:00:00+00:00,KXSB-27-GB,0.0300,0.0400,0.0400,6911.04,,909040.88
2026-08-05T04:00:00+00:00,KXSB-27-GB,0.0300,0.0400,0.0400,23075.07,,930073.45
2026-08-06T04:00:00+00:00,KXSB-27-GB,0.0300,0.0400,0.0400,32308.51,,915296.16
2026-08-07T04:00:00+00:00,KXSB-27-GB,0.0300,0.0400,0.0400,20366.17,,935540.35
2026-08-08T04:00:00+00:00,KXSB-27-GB,0.0300,0.0400,0.0400,20275.80,,955425.91
2026-08-09T04:00:00+00:00,KXSB-27-GB,0.0300,0.0400,0.0400,10174.57,,964400.48
2026-08-10T04:00:00+00:00,KXSB-27-GB,0.0300,0.0400,0.0400,10333.71,,974734.19
2026-08-11T04:00:00+00:00,KXSB-27-GB,0.0300,0.0400,0.0400,11190.81,,985725.00
2026-08-12T04:00:00+00:00,KXSB-27-GB,0.0300,0.0400,0.0400,24460.83,,1008900.25
2026-08-13T04:00:00+00:00,KXSB-27-GB,0.0300,0.0400,0.0400,32593.68,,1041025.43
2026-08-14T04:00:00+00:00,KXSB-27-GB,0.0300,0.0400,0.0400,297821.72,,1333457.54
2026-08-15T04:00:00+00:00,KXSB-27-GB,0.0300,0.0400,0.0400,9494.62,,1342905.34
2026-08-16T04:00:00+00:00,KXSB-27-GB,0.0300,0.0400,0.0400,11906.84,,1354385.28
2026-08-17T04:00:00+00:00,KXSB-27-GB,0.0300,0.0400,0.0400,24631.75,,1378782.79
2026-08-18T04:00:00+00:00,KXSB-27-GB,0.0300,0.0400,0.0400,7965.43,,1386748.22
2026-08-19T04:00:00+00:00,KXSB-27-GB,0.0300,0.0400,0.0300,10285.08,,1395778.78
2026-08-20T04:00:00+00:00,KXSB-27-GB,0.0300,0.0400,0.0400,12144.36,,1405681.14
2026-08-21T04:00:00+00:00,KXSB-27-GB,0.0300,0.0400,0.0300,9846.10,,1410971.46
2026-08-22T04:00:00+00:00,KXSB-27-GB,0.0300,0.0400,0.0400,21091.00,,1431862.46
2026-08-23T04:00:00+00:00,KXSB-27-GB,0.0300,0.0400,0.0400,21749.87,,1452437.33
2026-08-24T04:00:00+00:00,KXSB-27-GB,0.0300,0.0400,0.0400,27031.14,,1472940.69
2026-08-25T04:00:00+00:00,KXSB-27-GB,0.0300,0.0400,0.0300,28483.38,,1498707.19
2026-08-26T04:00:00+00:00,KXSB-27-GB,0.0300,0.0400,0.0400,38260.79,,1533431.26
2026-08-27T04:00:00+00:00,KXSB-27-GB,0.0300,0.0400,0.0400,11060.34,,1543633.36
2026-08-28T04:00:00+00:00,KXSB-27-GB,0.0300,0.0400,0.0400,16617.90,,1556652.24
2026-08-29T04:00:00+00:00,KXSB-27-GB,0.0300,0.0400,0.0400,34305.33,,1589168.23
2026-08-30T04:00:00+00:00,KXSB-27-GB,0.0300,0.0400,0.0400,36992.84,,1621351.25
2026-08-31T04:00:00+00:00,KXSB-27-GB,0.0300,0.0400,0.0400,37528.48,,1654068.87
2026-09-01T04:00:00+00:00,KXSB-27-GB,0.0300,0.0400,0.0400,17112.13,,1670546.04
2026-09-02T04:00:00+00:00,KXSB-27-GB,0.0300,0.0400,0.0400,32022.87,,1701866.17
2026-09-03T04:00:00+00:00,KXSB-27-GB,0.0300,0.0400,0.0400,21220.20,,1715139.61
2026-09-04T04:00:00+00:00,KXSB-27-GB,0.0300,0.0400,0.0400,32211.99,,1744131.36
2026-09-05T04:00:00+00:00,KXSB-27-GB,0.0300,0.0400,0.0400,28906.24,,1773037.14
2026-09-06T04:00:00+00:00,KXSB-27-GB,0.0300,0.0400,0.0400,18977.82,,1787284.10
2026-09-07T04:00:00+00:00,KXSB-27-GB,0.0300,0.0400,0.0400,42738.75,,1824290.87
2026-09-08T04:00:00+00:00,KXSB-27-GB,0.0300,0.0400,0.0400,22205.21,,1840089.04
2026-09-09T04:00:00+00:00,KXSB-27-GB,0.0300,0.0400,0.0400,42092.20,,1877732.16
2026-09-10T04:00:00+00:00,KXSB-27-GB,0.0300,0.0400,0.0400,98486.12,,1972554.47
2026-09-11T04:00:00+00:00,KXSB-27-GB,0.0300,0.0400,0.0400,45652.47,,2015480.82
2026-09-12T04:00:00+00:00,KXSB-27-GB,0.0300,0.0400,0.0400,54706.54,,2067579.08
2026-09-13T04:00:00+00:00,KXSB-27-GB,0.0300,0.0400,0.0400,72180.50,,2132424.38
2026-09-14T04:00:00+00:00,KXSB-27-GB,0.0300,0.0400,0.0400,128125.49,,2243770.02
2026-09-15T04:00:00+00:00,KXSB-27-GB,0.0300,0.0400,0.0400,16945.24,,2254873.80
2026-09-16T04:00:00+00:00,KXSB-27-GB,0.0300,0.0400,0.0300,11979.71,,2264724.18
2026-09-17T04:00:00+00:00,KXSB-27-GB,0.0200,0.0300,0.0300,21832.00,,2282643.39
2026-09-18T04:00:00+00:00,KXSB-27-GB,0.0200,0.0300,0.0300,51579.81,,2258017.62
2026-09-19T04:00:00+00:00,KXSB-27-GB,0.0200,0.0300,0.0300,4885.13,,2262854.91
2026-07-27T04:00:00+00:00,KXSB-27-DET,0.0300,0.0400,0.0400,52592.56,,677806.86
2026-07-28T04:00:00+00:00,KXSB-27-DET,0.0300,0.0400,0.0400,9872.80,,685831.22
2026-07-29T04:00:00+00:00,KXSB-27-DET,0.0300,0.0400,0.0400,15431.98,,700711.20
2026-07-30T04:00:00+00:00,KXSB-27-DET,0.0300,0.0400,0.0400,73069.60,,773780.80
2026-07-31T04:00:00+00:00,KXSB-27-DET,0.0300,0.0400,0.0400,15135.45,,788210.01
2026-08-01T04:00:00+00:00,KXSB-27-DET,0.0300,0.0400,0.0300,8162.68,,796138.45
2026-08-02T04:00:00+00:00,KXSB-27-DET,0.0300,0.0400,0.0400,25673.54,,818052.23
2026-08-03T04:00:00+00:00,KXSB-27-DET,0.0300,0.0400,0.0400,20160.81,,838001.74
2026-08-04T04:00:00+00:00,KXSB-27-DET,0.0300,0.0400,0.0400,8963.41,,846731.15
2026-08-05T04:00:00+00:00,KXSB-27-DET,0.0300,0.0400,0.0400,51291.29,,897919.72
2026-08-06T04:00:00+00:00,KXSB-27-DET,0.0300,0.0400,0.0400,31684.23,,929603.95
2026-08-07T04:00:00+00:00,KXSB-27-DET,0.0300,0.0400,0.0400,22709.68,,951312.57
2026-08-08T04:00:00+00:00,KXSB-27-DET,0.0300,0.0400,0.0400,30613.66,,981926.23
2026-08-09T04:00:00+00:00,KXSB-27-DET,0.0300,0.0400,0.0400,8050.12,,987723.59
2026-08-10T04:00:00+00:00,KXSB-27-DET,0.0300,0.0400,0.0400,21290.18,,1008993.77
2026-08-11T04:00:00+00:00,KXSB-27-DET,0.0300,0.0400,0.0400,58435.39,,1066114.00
2026-08-12T04:00:00+00:00,KXSB-27-DET,0.0300,0.0400,0.0400,5701.95,,1070410.43
2026-08-13T04:00:00+00:00,KXSB-27-DET,0.0300,0.0400,0.0400,7109.19,,1077519.62
2026-08-14T04:00:00+00:00,KXSB-27-DET,0.0300,0.0400,0.0400,28063.14,,1105512.50
2026-08-15T04:00:00+00:00,KXSB-27-DET,0.0300,0.0400,0.0400,10309.68,,1110668.54
2026-08-16T04:00:00+00:00,KXSB-27-DET,0.0300,0.0400,0.0400,30802.92,,1139316.34
2026-08-17T04:00:00+00:00,KXSB-27-DET,0.0300,0.0400,0.0400,22580.23,,1161428.09
2026-08-18T04:00:00+00:00,KXSB-27-DET,0.0300,0.0400,0.0400,36683.07,,1198111.16
2026-08-19T04:00:00+00:00,KXSB-27-DET,0.0300,0.0400,0.0400,26642.17,,1224583.79
2026-08-20T04:00:00+00:00,KXSB-27-DET,0.0300,0.0400,0.0400,18606.37,,1243140.06
2026-08-21T04:00:00+00:00,KXSB-27-DET,0.0300,0.0400,0.0400,15038.38,,1257460.30
2026-08-22T04:00:00+00:00,KXSB-27-DET,0.0300,0.0400,0.0400,27212.37,,1284672.67
2026-08-23T04:00:00+00:00,KXSB-27-DET,0.0300,0.0400,0.0400,30501.22,,1315098.89
2026-08-24T04:00:00+00:00,KXSB-27-DET,0.0300,0.0400,0.0400,21489.76,,1334246.09
2026-08-25T04:00:00+00:00,KXSB-27-DET,0.0300,0.0400,0.0400,68027.31,,1400369.38
2026-08-26T04:00:00+00:00,KXSB-27-DET,0.0300,0.0400,0.0400,4334.71,,1403766.95
2026-08-27T04:00:00+00:00,KXSB-27-DET,0.0300,0.0400,0.0400,4982.37,,1408280.84
2026-08-28T04:00:00+00:00,KXSB-27-DET,0.0300,0.0400,0.0400,4363.02,,1412409.62
2026-08-29T04:00:00+00:00,KXSB-27-DET,0.0300,0.0400,0.0300,43267.80,,1451636.10
2026-08-30T04:00:00+00:00,KXSB-27-DET,0.0300,0.0400,0.0400,7249.77,,1458787.51
2026-08-31T04:00:00+00:00,KXSB-27-DET,0.0300,0.0400,0.0400,43329.45,,1501641.92
2026-09-01T04:00:00+00:00,KXSB-27-DET,0.0300,0.0400,0.0400,24576.48,,1525484.16
2026-09-02T04:00:00+00:00,KXSB-27-DET,0.0300,0.0400,0.0400,43776.94,,1506711.10
2026-09-03T04:00:00+00:00,KXSB-27-DET,0.0300,0.0400,0.0400,36859.07,,1543279.17
2026-09-04T04:00:00+00:00,KXSB-27-DET,0.0300,0.0400,0.0400,30906.81,,1574031.38
2026-09-05T04:00:00+00:00,KXSB-27-DET,0.0300,0.0400,0.0400,16632.62,,1590123.46
2026-09-06T04:00:00+00:00,KXSB-27-DET,0.0300,0.0400,0.0400,28438.51,,1618245.19
2026-09-07T04:00:00+00:00,KXSB-27-DET,0.0300,0.0400,0.0400,36020.76,,1639494.01
2026-09-08T04:00:00+00:00,KXSB-27-DET,0.0300,0.0400,0.0400,124834.23,,1763766.04
2026-09-09T04:00:00+00:00,KXSB-27-DET,0.0300,0.0400,0.0400,46068.98,,1809368.52
2026-09-10T04:00:00+00:00,KXSB-27-DET,0.0300,0.0400,0.0400,130612.01,,1932444.14
2026-09-11T04:00:00+00:00,KXSB-27-DET,0.0300,0.0400,0.0400,44132.12,,1975869.02
2026-09-12T04:00:00+00:00,KXSB-27-DET,0.0300,0.0400,0.0300,162934.82,,2136994.34
2026-09-13T04:00:00+00:00,KXSB-27-DET,0.0300,0.0400,0.0400,53857.29,,2183974.23
2026-09-14T04:00:00+00:00,KXSB-27-DET,0.0300,0.0400,0.0400,171517.78,,2321494.07
2026-09-15T04:00:00+00:00,KXSB-27-DET,0.0300,0.0400,0.0400,57120.47,,2366806.09
2026-09-16T04:00:00+00:00,KXSB-27-DET,0.0300,0.0400,0.0400,37999.01,,2392568.65
2026-09-17T04:00:00+00:00,KXSB-27-DET,0.0300,0.0400,0.0300,29394.27,,2407532.74
2026-09-18T04:00:00+00:00,KXSB-27-DET,0.0200,0.0300,0.0300,104950.80,,2496014.12
2026-09-19T04:00:00+00:00,KXSB-27-DET,0.0200,0.0300,0.0300,129229.50,,2623637.48
2026-07-27T04:00:00+00:00,KXSB-27-DEN,0.0400,0.0500,0.0500,39464.84,,2245185.77
2026-07-28T04:00:00+00:00,KXSB-27-DEN,0.0400,0.0500,0.0500,20026.33,,2260394.57
2026-07-29T04:00:00+00:00,KXSB-27-DEN,0.0400,0.0500,0.0500,23446.57,,2283811.14
2026-07-30T04:00:00+00:00,KXSB-27-DEN,0.0400,0.0500,0.0500,28036.91,,2311801.69
2026-07-31T04:00:00+00:00,KXSB-27-DEN,0.0400,0.0500,0.0500,41680.88,,2353443.61
2026-08-01T04:00:00+00:00,KXSB-27-DEN,0.0400,0.0500,0.0500,34558.52,,2387796.38
2026-08-02T04:00:00+00:00,KXSB-27-DEN,0.0400,0.0500,0.0500,41040.65,,2428751.46
2026-08-03T04:00:00+00:00,KXSB-27-DEN,0.0400,0.0500,0.0500,32518.29,,2460481.02
2026-08-04T04:00:00+00:00,KXSB-27-DEN,0.0400,0.0500,0.0500,12960.06,,2473298.95
2026-08-05T04:00:00+00:00,KXSB-27-DEN,0.0400,0.0500,0.0500,23754.63,,2496434.96
2026-08-06T04:00:00+00:00,KXSB-27-DEN,0.0400,0.0500,0.0500,25031.44,,2520734.89
2026-08-07T04:00:00+00:00,KXSB-27-DEN,0.0400,0.0500,0.0500,44503.80,,2560775.55
2026-08-08T04:00:00+00:00,KXSB-27-DEN,0.0400,0.0500,0.0500,21015.02,,2581170.39
2026-08-09T04:00:00+00:00,KXSB-27-DEN,0.0400,0.0500,0.0500,35591.17,,2607097.80
2026-08-10T04:00:00+00:00,KXSB-27-DEN,0.0400,0.0500,0.0500,14325.97,,2621408.03
2026-08-11T04:00:00+00:00,KXSB-27-DEN,0.0400,0.0500,0.0500,14729.01,,2633080.97
2026-08-12T04:00:00+00:00,KXSB-27-DEN,0.0400,0.0500,0.0500,76157.92,,2708215.61
2026-08-13T04:00:00+00:00,KXSB-27-DEN,0.0400,0.0500,0.0500,16066.12,,2723421.91
2026-08-14T04:00:00+00:00,KXSB-27-DEN,0.0400,0.0500,0.0500,50908.53,,2774030.74
2026-08-15T04:00:00+00:00,KXSB-27-DEN,0.0400,0.0500,0.0500,76732.72,,2818765.21
2026-08-16T04:00:00+00:00,KXSB-27-DEN,0.0400,0.0500,0.0500,46933.23,,2858184.18
2026-08-17T04:00:00+00:00,KXSB-27-DEN,0.0400,0.0500,0.0500,54187.89,,2908302.49
2026-08-18T04:00:00+00:00,KXSB-27-DEN,0.0400,0.0500,0.0500,130296.60,,3038485.47
2026-08-19T04:00:00+00:00,KXSB-27-DEN,0.0400,0.0500,0.0500,118441.27,,3154743.02
2026-08-20T04:00:00+00:00,KXSB-27-DEN,0.0400,0.0500,0.0500,24550.79,,3177992.35
2026-08-21T04:00:00+00:00,KXSB-27-DEN,0.0400,0.0500,0.0500,59470.61,,3236893.32
2026-08-22T04:00:00+00:00,KXSB-27-DEN,0.0400,0.0500,0.0500,27672.22,,3262484.00
2026-08-23T04:00:00+00:00,KXSB-27-DEN,0.0400,0.0500,0.0500,42361.80,,3304345.62
2026-08-24T04:00:00+00:00,KXSB-27-DEN,0.0400,0.0500,0.0500,28411.06,,3330283.28
2026-08-25T04:00:00+00:00,KXSB-27-DEN,0.0400,0.0500,0.0500,31830.43,,3354798.01
2026-08-26T04:00:00+00:00,KXSB-27-DEN,0.0400,0.0500,0.0500,21904.50,,3371156.51
2026-08-27T04:00:00+00:00,KXSB-27-DEN,0.0400,0.0500,0.0500,15194.42,,3381535.83
2026-08-28T04:00:00+00:00,KXSB-27-DEN,0.0400,0.0500,0.0500,21603.74,,3401194.67
2026-08-29T04:00:00+00:00,KXSB-27-DEN,0.0400,0.0500,0.0400,31445.19,,3424722.16
2026-08-30T04:00:00+00:00,KXSB-27-DEN,0.0400,0.0500,0.0400,55211.70,,3463115.20
2026-08-31T04:00:00+00:00,KXSB-27-DEN,0.0400,0.0500,0.0500,64715.72,,3518355.98
2026-09-01T04:00:00+00:00,KXSB-27-DEN,0.0400,0.0500,0.0500,39077.06,,3553097.52
2026-09-02T04:00:00+00:00,KXSB-27-DEN,0.0400,0.0500,0.0500,176752.86,,3715557.50
2026-09-03T04:00:00+00:00,KXSB-27-DEN,0.0400,0.0500,0.0500,117517.97,,3815236.77
2026-09-04T04:00:00+00:00,KXSB-27-DEN,0.0400,0.0600,0.0600,49753.63,,3859124.28
2026-09-05T04:00:00+00:00,KXSB-27-DEN,0.0500,0.0600,0.0600,47278.28,,3891448.76
2026-09-06T04:00:00+00:00,KXSB-27-DEN,0.0500,0.0600,0.0600,50370.30,,3932352.12
2026-09-07T04:00:00+00:00,KXSB-27-DEN,0.0500,0.0600,0.0500,18631.20,,3944195.28
2026-09-08T04:00:00+00:00,KXSB-27-DEN,0.0500,0.0600,0.0500,64355.05,,4006197.94
2026-09-09T04:00:00+00:00,KXSB-27-DEN,0.0500,0.0600,0.0500,60044.32,,4056247.33
2026-09-10T04:00:00+00:00,KXSB-27-DEN,0.0500,0.0600,0.0600,200250.84,,4253178.02
2026-09-11T04:00:00+00:00,KXSB-27-DEN,0.0500,0.0600,0.0600,145283.38,,4393135.03
2026-09-12T04:00:00+00:00,KXSB-27-DEN,0.0500,0.0600,0.0600,41096.95,,4432928.43
2026-09-13T04:00:00+00:00,KXSB-27-DEN,0.0500,0.0600,0.0600,50925.24,,4471932.42
2026-09-14T04:00:00+00:00,KXSB-27-DEN,0.0500,0.0600,0.0600,153941.97,,4616005.04
2026-09-15T04:00:00+00:00,KXSB-27-DEN,0.0300,0.0400,0.0400,141812.36,,4714305.95
2026-09-16T04:00:00+00:00,KXSB-27-DEN,0.0300,0.0400,0.0300,47122.86,,4741363.75
2026-09-17T04:00:00+00:00,KXSB-27-DEN,0.0300,0.0400,0.0400,26457.79,,4747549.52
2026-09-18T04:00:00+00:00,KXSB-27-DEN,0.0300,0.0400,0.0300,18805.52,,4754902.16
2026-09-19T04:00:00+00:00,KXSB-27-DEN,0.0300,0.0400,0.0400,28608.85,,4766681.43
2026-07-27T04:00:00+00:00,KXSB-27-DAL,0.0300,0.0400,0.0400,18913.97,,2124725.81
2026-07-28T04:00:00+00:00,KXSB-27-DAL,0.0300,0.0400,0.0400,31008.07,,2154608.33
2026-07-29T04:00:00+00:00,KXSB-27-DAL,0.0300,0.0400,0.0400,33705.94,,2187040.44
2026-07-30T04:00:00+00:00,KXSB-27-DAL,0.0300,0.0400,0.0400,60314.45,,2243759.60
2026-07-31T04:00:00+00:00,KXSB-27-DAL,0.0300,0.0400,0.0400,50331.03,,2291752.41
2026-08-01T04:00:00+00:00,KXSB-27-DAL,0.0300,0.0400,0.0400,66058.90,,2355453.75
2026-08-02T04:00:00+00:00,KXSB-27-DAL,0.0300,0.0400,0.0400,35890.85,,2391335.70
2026-08-03T04:00:00+00:00,KXSB-27-DAL,0.0300,0.0400,0.0400,73614.70,,2450063.58
2026-08-04T04:00:00+00:00,KXSB-27-DAL,0.0300,0.0400,0.0400,122202.00,,2525834.50
2026-08-05T04:00:00+00:00,KXSB-27-DAL,0.0300,0.0400,0.0400,57132.22,,2581259.16
2026-08-06T04:00:00+00:00,KXSB-27-DAL,0.0300,0.0400,0.0400,51244.93,,2627128.37
2026-08-07T04:00:00+00:00,KXSB-27-DAL,0.0300,0.0400,0.0400,51466.31,,2676949.79
2026-08-08T04:00:00+00:00,KXSB-27-DAL,0.0300,0.0400,0.0400,88143.91,,2760408.56
2026-08-09T04:00:00+00:00,KXSB-27-DAL,0.0300,0.0400,0.0400,39043.79,,2794625.65
2026-08-10T04:00:00+00:00,KXSB-27-DAL,0.0300,0.0400,0.0400,39462.65,,2830852.86
2026-08-11T04:00:00+00:00,KXSB-27-DAL,0.0300,0.0400,0.0400,57829.20,,2887510.78
2026-08-12T04:00:00+00:00,KXSB-27-DAL,0.0300,0.0400,0.0400,131930.78,,3019420.27
2026-08-13T04:00:00+00:00,KXSB-27-DAL,0.0300,0.0400,0.0400,110625.96,,3129801.71
2026-08-14T04:00:00+00:00,KXSB-27-DAL,0.0300,0.0400,0.0400,128214.55,,3255444.70
2026-08-15T04:00:00+00:00,KXSB-27-DAL,0.0400,0.0500,0.0500,65485.19,,3285379.94
2026-08-16T04:00:00+00:00,KXSB-27-DAL,0.0400,0.0500,0.0500,183973.43,,3333956.37
2026-08-17T04:00:00+00:00,KXSB-27-DAL,0.0400,0.0500,0.0500,169310.40,,3501047.91
2026-08-18T04:00:00+00:00,KXSB-27-DAL,0.0400,0.0500,0.0500,108621.94,,3607622.12
2026-08-19T04:00:00+00:00,KXSB-27-DAL,0.0400,0.0500,0.0500,113445.08,,3717067.07
2026-08-20T04:00:00+00:00,KXSB-27-DAL,0.0400,0.0500,0.0500,78485.26,,3782194.30
2026-08-21T04:00:00+00:00,KXSB-27-DAL,0.0400,0.0500,0.0500,62086.48,,3839197.89
2026-08-22T04:00:00+00:00,KXSB-27-DAL,0.0400,0.0500,0.0500,35428.53,,3874236.39
2026-08-23T04:00:00+00:00,KXSB-27-DAL,0.0400,0.0500,0.0500,162492.55,,4021654.68
2026-08-24T04:00:00+00:00,KXSB-27-DAL,0.0400,0.0500,0.0500,110701.66,,4049581.87
2026-08-25T04:00:00+00:00,KXSB-27-DAL,0.0400,0.0500,0.0500,114071.87,,4049581.87
2026-08-26T04:00:00+00:00,KXSB-27-DAL,0.0400,0.0500,0.0500,78764.00,,4087914.98
2026-08-27T04:00:00+00:00,KXSB-27-DAL,0.0400,0.0500,0.0500,74245.71,,4156016.48
2026-08-28T04:00:00+00:00,KXSB-27-DAL,0.0400,0.0500,0.0500,40717.10,,4195755.25
2026-08-29T04:00:00+00:00,KXSB-27-DAL,0.0400,0.0500,0.0500,48953.35,,4244122.60
2026-08-30T04:00:00+00:00,KXSB-27-DAL,0.0400,0.0500,0.0500,59339.93,,4291099.50
2026-08-31T04:00:00+00:00,KXSB-27-DAL,0.0400,0.0500,0.0500,177433.47,,4464525.41
2026-09-01T04:00:00+00:00,KXSB-27-DAL,0.0400,0.0500,0.0500,51249.62,,4502524.67
2026-09-02T04:00:00+00:00,KXSB-27-DAL,0.0400,0.0500,0.0500,39788.74,,4538339.90
2026-09-03T04:00:00+00:00,KXSB-27-DAL,0.0400,0.0500,0.0500,195984.07,,4732575.76
2026-09-04T04:00:00+00:00,KXSB-27-DAL,0.0400,0.0500,0.0500,65948.35,,4777163.54
2026-09-05T04:00:00+00:00,KXSB-27-DAL,0.0400,0.0500,0.0500,94964.39,,4857731.99
2026-09-06T04:00:00+00:00,KXSB-27-DAL,0.0400,0.0500,0.0500,87356.79,,4934047.13
2026-09-07T04:00:00+00:00,KXSB-27-DAL,0.0400,0.0500,0.0500,82092.23,,5002596.99
2026-09-08T04:00:00+00:00,KXSB-27-DAL,0.0400,0.0500,0.0500,61167.14,,5052320.22
2026-09-09T04:00:00+00:00,KXSB-27-DAL,0.0400,0.0500,0.0500,129026.21,,5163984.98
2026-09-10T04:00:00+00:00,KXSB-27-DAL,0.0400,0.0500,0.0400,256848.45,,5355764.06
2026-09-11T04:00:00+00:00,KXSB-27-DAL,0.0400,0.0500,0.0500,306299.16,,5634600.86
2026-09-12T04:00:00+00:00,KXSB-27-DAL,0.0400,0.0500,0.0500,145920.97,,5748866.49
2026-09-13T04:00:00+00:00,KXSB-27-DAL,0.0400,0.0500,0.0500,115633.81,,5850916.32
2026-09-14T04:00:00+00:00,KXSB-27-DAL,0.0200,0.0300,0.0300,659678.29,,6310575.35
2026-09-15T04:00:00+00:00,KXSB-27-DAL,0.0300,0.0400,0.0400,160069.64,,6282362.37
2026-09-16T04:00:00+00:00,KXSB-27-DAL,0.0300,0.0400,0.0400,142872.55,,6214221.17
2026-09-17T04:00:00+00:00,KXSB-27-DAL,0.0300,0.0400,0.0300,78456.78,,6226230.17
2026-09-18T04:00:00+00:00,KXSB-27-DAL,0.0300,0.0400,0.0400,140548.38,,6154195.01
2026-09-19T04:00:00+00:00,KXSB-27-DAL,0.0300,0.0400,0.0400,38776.33,,6153543.22
2026-07-27T04:00:00+00:00,KXSB-27-CLE,0.0000,0.0100,0.0100,6546.33,,440315.88
2026-07-28T04:00:00+00:00,KXSB-27-CLE,0.0000,0.0100,0.0100,6733.16,,447049.04
2026-07-29T04:00:00+00:00,KXSB-27-CLE,0.0000,0.0100,0.0100,6524.95,,453573.99
2026-07-30T04:00:00+00:00,KXSB-27-CLE,0.0000,0.0100,0.0100,1122.21,,454696.20
2026-07-31T04:00:00+00:00,KXSB-27-CLE,0.0000,0.0100,0.0100,631.50,,455327.70
2026-08-01T04:00:00+00:00,KXSB-27-CLE,0.0000,0.0100,0.0100,935.19,,456262.89
2026-08-02T04:00:00+00:00,KXSB-27-CLE,0.0000,0.0100,0.0100,1028.69,,457291.58
2026-08-03T04:00:00+00:00,KXSB-27-CLE,0.0000,0.0100,0.0100,375.91,,457667.49
2026-08-04T04:00:00+00:00,KXSB-27-CLE,0.0000,0.0100,0.0100,1062.10,,458729.59
2026-08-05T04:00:00+00:00,KXSB-27-CLE,0.0000,0.0100,0.0100,2480.78,,461210.37
2026-08-06T04:00:00+00:00,KXSB-27-CLE,0.0000,0.0100,0.0100,187.03,,461397.40
2026-08-07T04:00:00+00:00,KXSB-27-CLE,0.0000,0.0100,0.0100,4283.15,,465680.55
2026-08-08T04:00:00+00:00,KXSB-27-CLE,0.0000,0.0100,0.0100,1917.13,,467597.68
2026-08-09T04:00:00+00:00,KXSB-27-CLE,0.0000,0.0100,0.0100,548.53,,468146.21
2026-08-10T04:00:00+00:00,KXSB-27-CLE,0.0000,0.0100,0.0100,1653.27,,469799.48
2026-08-11T04:00:00+00:00,KXSB-27-CLE,0.0000,0.0100,0.0100,1053.70,,470853.18
2026-08-12T04:00:00+00:00,KXSB-27-CLE,0.0000,0.0100,0.0100,1215.73,,472068.91
2026-08-13T04:00:00+00:00,KXSB-27-CLE,0.0000,0.0100,0.0100,280.55,,472349.46
2026-08-14T04:00:00+00:00,KXSB-27-CLE,0.0000,0.0100,,0.00,,472349.46
2026-08-15T04:00:00+00:00,KXSB-27-CLE,0.0000,0.0100,0.0100,10810.86,,483160.32
2026-08-16T04:00:00+00:00,KXSB-27-CLE,0.0000,0.0100,0.0100,2193.76,,485354.08
2026-08-17T04:00:00+00:00,KXSB-27-CLE,0.0000,0.0100,0.0100,5237.05,,490591.13
2026-08-18T04:00:00+00:00,KXSB-27-CLE,0.0000,0.0100,0.0100,5207.39,,495798.52
2026-08-19T04:00:00+00:00,KXSB-27-CLE,0.0000,0.0100,0.0100,1435.78,,497234.30
2026-08-20T04:00:00+00:00,KXSB-27-CLE,0.0000,0.0100,0.0100,2337.97,,499572.27
2026-08-21T04:00:00+00:00,KXSB-27-CLE,0.0000,0.0100,0.0100,833.00,,500405.27
2026-08-22T04:00:00+00:00,KXSB-27-CLE,0.0000,0.0100,0.0100,692.96,,501098.23
2026-08-23T04:00:00+00:00,KXSB-27-CLE,0.0000,0.0100,0.0100,1622.80,,502721.03
2026-08-24T04:00:00+00:00,KXSB-27-CLE,0.0000,0.0100,0.0100,3179.63,,505900.66
2026-08-25T04:00:00+00:00,KXSB-27-CLE,0.0000,0.0100,0.0100,1215.73,,507116.39
2026-08-26T04:00:00+00:00,KXSB-27-CLE,0.0000,0.0100,0.0100,1020.03,,508136.42
2026-08-27T04:00:00+00:00,KXSB-27-CLE,0.0000,0.0100,0.0100,613.53,,508749.95
2026-08-28T04:00:00+00:00,KXSB-27-CLE,0.0000,0.0100,0.0100,13751.53,,522501.48
2026-08-29T04:00:00+00:00,KXSB-27-CLE,0.0000,0.0100,0.0100,2286.52,,524788.00
2026-08-30T04:00:00+00:00,KXSB-27-CLE,0.0000,0.0100,0.0100,2059.27,,526847.27
2026-08-31T04:00:00+00:00,KXSB-27-CLE,0.0000,0.0100,0.0100,3270.72,,530117.99
2026-09-01T04:00:00+00:00,KXSB-27-CLE,0.0000,0.0100,0.0100,2899.07,,533017.06
2026-09-02T04:00:00+00:00,KXSB-27-CLE,0.0000,0.0100,0.0100,1562.03,,534579.09
2026-09-03T04:00:00+00:00,KXSB-27-CLE,0.0000,0.0100,0.0100,2260.78,,536839.87
2026-09-04T04:00:00+00:00,KXSB-27-CLE,0.0000,0.0100,0.0100,2361.60,,539201.47
2026-09-05T04:00:00+00:00,KXSB-27-CLE,0.0000,0.0100,0.0100,4400.55,,543602.02
2026-09-06T04:00:00+00:00,KXSB-27-CLE,0.0000,0.0100,0.0100,2430.97,,546032.99
2026-09-07T04:00:00+00:00,KXSB-27-CLE,0.0000,0.0100,0.0100,707.93,,546740.92
2026-09-08T04:00:00+00:00,KXSB-27-CLE,0.0000,0.0100,0.0100,374.05,,547114.97
2026-09-09T04:00:00+00:00,KXSB-27-CLE,0.0000,0.0100,0.0100,7774.03,,554889.00
2026-09-10T04:00:00+00:00,KXSB-27-CLE,0.0000,0.0100,0.0100,4659.97,,559548.97
2026-09-11T04:00:00+00:00,KXSB-27-CLE,0.0000,0.0100,0.0100,2847.57,,562396.54
2026-09-12T04:00:00+00:00,KXSB-27-CLE,0.0000,0.0100,0.0100,2337.93,,564734.47
2026-09-13T04:00:00+00:00,KXSB-27-CLE,0.0000,0.0100,0.0100,2671.55,,567406.02
2026-09-14T04:00:00+00:00,KXSB-27-CLE,0.0000,0.0100,0.0100,2305.13,,569711.15
2026-09-15T04:00:00+00:00,KXSB-27-CLE,0.0000,0.0100,0.0100,663.28,,570374.43
2026-09-16T04:00:00+00:00,KXSB-27-CLE,0.0000,0.0100,0.0100,1028.69,,571403.12
2026-09-17T04:00:00+00:00,KXSB-27-CLE,0.0000,0.0100,0.0100,93.51,,571496.63
2026-09-18T04:00:00+00:00,KXSB-27-CLE,0.0000,0.0100,,0.00,,571496.63
2026-09-19T04:00:00+00:00,KXSB-27-CLE,0.0000,0.0100,0.0100,467.59,,571964.22
2026-07-27T04:00:00+00:00,KXSB-27-CIN,0.0400,0.0500,0.0500,13894.08,,1935080.75
2026-07-28T04:00:00+00:00,KXSB-27-CIN,0.0400,0.0500,0.0500,8125.31,,1942855.69
2026-07-29T04:00:00+00:00,KXSB-27-CIN,0.0400,0.0500,0.0500,16425.73,,1957228.54
2026-07-30T04:00:00+00:00,KXSB-27-CIN,0.0400,0.0500,0.0400,16220.88,,1971186.69
2026-07-31T04:00:00+00:00,KXSB-27-CIN,0.0400,0.0500,0.0500,11460.83,,1981305.77
2026-08-01T04:00:00+00:00,KXSB-27-CIN,0.0400,0.0500,0.0400,17515.64,,1998693.41
2026-08-02T04:00:00+00:00,KXSB-27-CIN,0.0400,0.0500,0.0500,8906.04,,2007599.45
2026-08-03T04:00:00+00:00,KXSB-27-CIN,0.0400,0.0500,0.0500,21472.97,,2024065.39
2026-08-04T04:00:00+00:00,KXSB-27-CIN,0.0400,0.0500,0.0500,34482.59,,2058304.26
2026-08-05T04:00:00+00:00,KXSB-27-CIN,0.0400,0.0500,0.0500,9308.47,,2067115.57
2026-08-06T04:00:00+00:00,KXSB-27-CIN,0.0400,0.0500,0.0500,8865.70,,2073880.01
2026-08-07T04:00:00+00:00,KXSB-27-CIN,0.0400,0.0500,0.0500,12832.13,,2085540.25
2026-08-08T04:00:00+00:00,KXSB-27-CIN,0.0400,0.0500,0.0500,4946.85,,2090237.51
2026-08-09T04:00:00+00:00,KXSB-27-CIN,0.0400,0.0500,0.0500,31463.40,,2102159.71
2026-08-10T04:00:00+00:00,KXSB-27-CIN,0.0400,0.0500,0.0500,12603.33,,2114375.76
2026-08-11T04:00:00+00:00,KXSB-27-CIN,0.0400,0.0500,0.0500,163454.70,,2276031.41
2026-08-12T04:00:00+00:00,KXSB-27-CIN,0.0400,0.0500,0.0500,8386.68,,2284350.59
2026-08-13T04:00:00+00:00,KXSB-27-CIN,0.0400,0.0500,0.0500,119246.44,,2403253.24
2026-08-14T04:00:00+00:00,KXSB-27-CIN,0.0400,0.0500,0.0500,51747.16,,2454607.47
2026-08-15T04:00:00+00:00,KXSB-27-CIN,0.0400,0.0500,0.0500,59526.36,,2513033.76
2026-08-16T04:00:00+00:00,KXSB-27-CIN,0.0400,0.0500,0.0500,150394.00,,2662268.56
2026-08-17T04:00:00+00:00,KXSB-27-CIN,0.0400,0.0500,0.0500,8385.37,,2670536.81
2026-08-18T04:00:00+00:00,KXSB-27-CIN,0.0400,0.0500,0.0500,7092.62,,2675904.18
2026-08-19T04:00:00+00:00,KXSB-27-CIN,0.0400,0.0500,0.0500,12981.00,,2688846.68
2026-08-20T04:00:00+00:00,KXSB-27-CIN,0.0400,0.0500,0.0500,808.02,,2689654.70
2026-08-21T04:00:00+00:00,KXSB-27-CIN,0.0400,0.0500,0.0500,39990.01,,2725884.85
2026-08-22T04:00:00+00:00,KXSB-27-CIN,0.0400,0.0500,0.0500,10984.30,,2734871.05
2026-08-23T04:00:00+00:00,KXSB-27-CIN,0.0400,0.0500,0.0500,40418.79,,2775214.84
2026-08-24T04:00:00+00:00,KXSB-27-CIN,0.0400,0.0500,0.0500,39710.00,,2811074.26
2026-08-25T04:00:00+00:00,KXSB-27-CIN,0.0400,0.0500,0.0500,255446.69,,3061796.35
2026-08-26T04:00:00+00:00,KXSB-27-CIN,0.0400,0.0500,0.0500,14006.36,,3069488.65
2026-08-27T04:00:00+00:00,KXSB-27-CIN,0.0400,0.0500,0.0500,9128.91,,3078242.52
2026-08-28T04:00:00+00:00,KXSB-27-CIN,0.0400,0.0500,0.0500,10186.62,,3088318.30
2026-08-29T04:00:00+00:00,KXSB-27-CIN,0.0400,0.0500,0.0400,25582.66,,3112063.20
2026-08-30T04:00:00+00:00,KXSB-27-CIN,0.0400,0.0500,0.0500,26113.09,,3130669.94
2026-08-31T04:00:00+00:00,KXSB-27-CIN,0.0400,0.0500,0.0500,22800.14,,3150150.86
2026-09-01T04:00:00+00:00,KXSB-27-CIN,0.0400,0.0500,0.0500,28574.46,,3174939.19
2026-09-02T04:00:00+00:00,KXSB-27-CIN,0.0400,0.0500,0.0500,8649.28,,3181778.28
2026-09-03T04:00:00+00:00,KXSB-27-CIN,0.0400,0.0500,0.0500,27732.24,,3209510.52
2026-09-04T04:00:00+00:00,KXSB-27-CIN,0.0400,0.0500,0.0500,98906.66,,3221172.64
2026-09-05T04:00:00+00:00,KXSB-27-CIN,0.0400,0.0500,0.0500,52974.13,,3243680.41
2026-09-06T04:00:00+00:00,KXSB-27-CIN,0.0400,0.0500,0.0500,10915.28,,3252971.23
2026-09-07T04:00:00+00:00,KXSB-27-CIN,0.0300,0.0400,0.0300,62897.92,,3295743.89
2026-09-08T04:00:00+00:00,KXSB-27-CIN,0.0400,0.0500,0.0500,23498.06,,3318772.96
2026-09-09T04:00:00+00:00,KXSB-27-CIN,0.0400,0.0500,0.0500,179649.51,,3473156.48
2026-09-10T04:00:00+00:00,KXSB-27-CIN,0.0400,0.0500,0.0500,198212.32,,3572523.42
2026-09-11T04:00:00+00:00,KXSB-27-CIN,0.0400,0.0500,0.0500,62774.55,,3623954.41
2026-09-12T04:00:00+00:00,KXSB-27-CIN,0.0400,0.0500,0.0500,24669.44,,3645281.02
2026-09-13T04:00:00+00:00,KXSB-27-CIN,0.0400,0.0500,0.0400,38676.75,,3678225.48
2026-09-14T04:00:00+00:00,KXSB-27-CIN,0.0400,0.0500,0.0500,1764520.28,,5251758.33
2026-09-15T04:00:00+00:00,KXSB-27-CIN,0.0400,0.0500,0.0500,104019.09,,5197214.06
2026-09-16T04:00:00+00:00,KXSB-27-CIN,0.0400,0.0500,0.0500,34885.39,,5197245.52
2026-09-17T04:00:00+00:00,KXSB-27-CIN,0.0400,0.0500,0.0500,30188.86,,5197245.52
2026-09-18T04:00:00+00:00,KXSB-27-CIN,0.0400,0.0500,0.0400,10158.14,,5197245.52
2026-09-19T04:00:00+00:00,KXSB-27-CIN,0.0400,0.0500,0.0500,4595.98,,5197225.13
2026-07-27T04:00:00+00:00,KXSB-27-CHI,0.0300,0.0400,0.0400,29744.16,,1678971.10
2026-07-28T04:00:00+00:00,KXSB-27-CHI,0.0300,0.0400,0.0400,9662.50,,1688299.35
2026-07-29T04:00:00+00:00,KXSB-27-CHI,0.0300,0.0400,0.0400,14071.61,,1702272.30
2026-07-30T04:00:00+00:00,KXSB-27-CHI,0.0300,0.0400,0.0300,8161.97,,1708142.24
2026-07-31T04:00:00+00:00,KXSB-27-CHI,0.0300,0.0400,0.0400,10317.87,,1718389.94
2026-08-01T04:00:00+00:00,KXSB-27-CHI,0.0300,0.0400,0.0300,18601.75,,1736601.61
2026-08-02T04:00:00+00:00,KXSB-27-CHI,0.0300,0.0400,0.0400,14587.11,,1751022.22
2026-08-03T04:00:00+00:00,KXSB-27-CHI,0.0300,0.0400,0.0400,16015.92,,1765696.40
2026-08-04T04:00:00+00:00,KXSB-27-CHI,0.0300,0.0400,0.0400,10781.11,,1776477.51
2026-08-05T04:00:00+00:00,KXSB-27-CHI,0.0300,0.0400,0.0400,13452.81,,1787740.74
2026-08-06T04:00:00+00:00,KXSB-27-CHI,0.0300,0.0400,0.0400,47417.15,,1834092.59
2026-08-07T04:00:00+00:00,KXSB-27-CHI,0.0300,0.0400,0.0400,14934.97,,1848937.18
2026-08-08T04:00:00+00:00,KXSB-27-CHI,0.0300,0.0400,0.0400,50791.71,,1899548.62
2026-08-09T04:00:00+00:00,KXSB-27-CHI,0.0300,0.0400,0.0400,18605.71,,1917301.51
2026-08-10T04:00:00+00:00,KXSB-27-CHI,0.0300,0.0400,0.0400,15236.03,,1932526.03
2026-08-11T04:00:00+00:00,KXSB-27-CHI,0.0300,0.0400,0.0400,13423.61,,1945643.89
2026-08-12T04:00:00+00:00,KXSB-27-CHI,0.0300,0.0400,0.0400,12060.96,,1957423.75
2026-08-13T04:00:00+00:00,KXSB-27-CHI,0.0300,0.0400,0.0400,77622.14,,2032355.79
2026-08-14T04:00:00+00:00,KXSB-27-CHI,0.0300,0.0400,0.0400,27056.07,,2055656.57
2026-08-15T04:00:00+00:00,KXSB-27-CHI,0.0300,0.0400,0.0400,21988.40,,2076473.69
2026-08-16T04:00:00+00:00,KXSB-27-CHI,0.0300,0.0400,0.0400,86507.84,,2155516.98
2026-08-17T04:00:00+00:00,KXSB-27-CHI,0.0300,0.0400,0.0400,42806.21,,2190604.01
2026-08-18T04:00:00+00:00,KXSB-27-CHI,0.0300,0.0400,0.0400,46623.60,,2237061.11
2026-08-19T04:00:00+00:00,KXSB-27-CHI,0.0300,0.0400,0.0400,56936.94,,2293168.49
2026-08-20T04:00:00+00:00,KXSB-27-CHI,0.0300,0.0400,0.0400,19448.85,,2309716.21
2026-08-21T04:00:00+00:00,KXSB-27-CHI,0.0300,0.0400,0.0400,54665.61,,2363834.90
2026-08-22T04:00:00+00:00,KXSB-27-CHI,0.0300,0.0400,0.0300,22713.55,,2386041.03
2026-08-23T04:00:00+00:00,KXSB-27-CHI,0.0300,0.0400,0.0300,15097.93,,2400217.58
2026-08-24T04:00:00+00:00,KXSB-27-CHI,0.0300,0.0400,0.0400,52264.14,,2450873.18
2026-08-25T04:00:00+00:00,KXSB-27-CHI,0.0300,0.0400,0.0400,40078.01,,2484892.63
2026-08-26T04:00:00+00:00,KXSB-27-CHI,0.0300,0.0400,0.0400,36910.96,,2521587.58
2026-08-27T04:00:00+00:00,KXSB-27-CHI,0.0300,0.0400,0.0400,9087.67,,2529621.13
2026-08-28T04:00:00+00:00,KXSB-27-CHI,0.0300,0.0400,0.0400,10198.49,,2539702.50
2026-08-29T04:00:00+00:00,KXSB-27-CHI,0.0300,0.0400,0.0400,4311.65,,2543090.50
2026-08-30T04:00:00+00:00,KXSB-27-CHI,0.0300,0.0400,0.0400,39636.69,,2582196.33
2026-08-31T04:00:00+00:00,KXSB-27-CHI,0.0300,0.0400,0.0400,17880.08,,2598498.40
2026-09-01T04:00:00+00:00,KXSB-27-CHI,0.0300,0.0400,0.0400,42200.59,,2638592.70
2026-09-02T04:00:00+00:00,KXSB-27-CHI,0.0300,0.0400,0.0400,18079.13,,2652558.39
2026-09-03T04:00:00+00:00,KXSB-27-CHI,0.0300,0.0400,0.0400,59542.96,,2711032.80
2026-09-04T04:00:00+00:00,KXSB-27-CHI,0.0300,0.0400,0.0400,22607.30,,2733159.67
2026-09-05T04:00:00+00:00,KXSB-27-CHI,0.0300,0.0400,0.0400,23288.94,,2753327.43
2026-09-06T04:00:00+00:00,KXSB-27-CHI,0.0300,0.0400,0.0400,46789.14,,2797531.88
2026-09-07T04:00:00+00:00,KXSB-27-CHI,0.0300,0.0400,0.0400,32807.18,,2828263.84
2026-09-08T04:00:00+00:00,KXSB-27-CHI,0.0300,0.0400,0.0400,59042.02,,2884495.25
2026-09-09T04:00:00+00:00,KXSB-27-CHI,0.0300,0.0400,0.0400,74156.79,,2951140.48
2026-09-10T04:00:00+00:00,KXSB-27-CHI,0.0300,0.0400,0.0400,105846.44,,3053971.48
2026-09-11T04:00:00+00:00,KXSB-27-CHI,0.0300,0.0400,0.0400,96446.32,,3141085.84
2026-09-12T04:00:00+00:00,KXSB-27-CHI,0.0300,0.0400,0.0400,71641.09,,3209834.43
2026-09-13T04:00:00+00:00,KXSB-27-CHI,0.0300,0.0400,0.0400,86664.35,,3292046.77
2026-09-14T04:00:00+00:00,KXSB-27-CHI,0.0400,0.0500,0.0500,828705.41,,4068053.33
2026-09-15T04:00:00+00:00,KXSB-27-CHI,0.0400,0.0500,0.0500,268867.79,,4323000.39
2026-09-16T04:00:00+00:00,KXSB-27-CHI,0.0400,0.0500,0.0500,755778.26,,4893961.94
2026-09-17T04:00:00+00:00,KXSB-27-CHI,0.0400,0.0500,0.0500,74295.24,,4887866.65
2026-09-18T04:00:00+00:00,KXSB-27-CHI,0.0400,0.0500,0.0500,75163.31,,4883967.30
2026-09-19T04:00:00+00:00,KXSB-27-CHI,0.0400,0.0500,0.0500,164045.11,,4832774.90
2026-07-27T04:00:00+00:00,KXSB-27-CAR,0.0000,0.0100,0.0100,3432.11,,1320167.15
2026-07-28T04:00:00+00:00,KXSB-27-CAR,0.0000,0.0100,0.0100,3573.16,,1323740.31
2026-07-29T04:00:00+00:00,KXSB-27-CAR,0.0000,0.0100,0.0100,2444.61,,1326184.92
2026-07-30T04:00:00+00:00,KXSB-27-CAR,0.0000,0.0100,0.0100,3734.88,,1329919.80
2026-07-31T04:00:00+00:00,KXSB-27-CAR,0.0000,0.0100,0.0100,3486.59,,1333406.39
2026-08-01T04:00:00+00:00,KXSB-27-CAR,0.0000,0.0100,0.0100,557.36,,1333963.75
2026-08-02T04:00:00+00:00,KXSB-27-CAR,0.0000,0.0100,0.0100,1634.47,,1335598.22
2026-08-03T04:00:00+00:00,KXSB-27-CAR,0.0000,0.0100,0.0100,1465.77,,1337063.99
2026-08-04T04:00:00+00:00,KXSB-27-CAR,0.0000,0.0100,0.0100,5312.57,,1342376.56
2026-08-05T04:00:00+00:00,KXSB-27-CAR,0.0000,0.0100,0.0100,1619.66,,1343996.22
2026-08-06T04:00:00+00:00,KXSB-27-CAR,0.0000,0.0100,0.0100,1920.35,,1345916.57
2026-08-07T04:00:00+00:00,KXSB-27-CAR,0.0000,0.0100,0.0100,21559.96,,1367476.53
2026-08-08T04:00:00+00:00,KXSB-27-CAR,0.0000,0.0100,0.0100,10315.04,,1377791.57
2026-08-09T04:00:00+00:00,KXSB-27-CAR,0.0000,0.0100,0.0100,3026.02,,1380817.59
2026-08-10T04:00:00+00:00,KXSB-27-CAR,0.0000,0.0100,0.0100,21743.16,,1402560.75
2026-08-11T04:00:00+00:00,KXSB-27-CAR,0.0000,0.0100,0.0100,4391.37,,1406952.12
2026-08-12T04:00:00+00:00,KXSB-27-CAR,0.0000,0.0100,0.0100,2724.65,,1409676.77
2026-08-13T04:00:00+00:00,KXSB-27-CAR,0.0000,0.0100,0.0100,891.40,,1410568.17
2026-08-14T04:00:00+00:00,KXSB-27-CAR,0.0000,0.0100,0.0100,1402.78,,1411970.95
2026-08-15T04:00:00+00:00,KXSB-27-CAR,0.0000,0.0100,0.0100,5612.26,,1417583.21
2026-08-16T04:00:00+00:00,KXSB-27-CAR,0.0000,0.0100,0.0100,5417.43,,1423000.64
2026-08-17T04:00:00+00:00,KXSB-27-CAR,0.0000,0.0100,0.0100,1191.44,,1424192.08
2026-08-18T04:00:00+00:00,KXSB-27-CAR,0.0000,0.0100,0.0100,30485.49,,1454677.57
2026-08-19T04:00:00+00:00,KXSB-27-CAR,0.0000,0.0100,0.0100,2719.56,,1457397.13
2026-08-20T04:00:00+00:00,KXSB-27-CAR,0.0000,0.0100,0.0100,112.22,,1457509.35
2026-08-21T04:00:00+00:00,KXSB-27-CAR,0.0000,0.0100,0.0100,567.59,,1458076.94
2026-08-22T04:00:00+00:00,KXSB-27-CAR,0.0000,0.0100,0.0100,2908.42,,1460985.36
2026-08-23T04:00:00+00:00,KXSB-27-CAR,0.0000,0.0100,0.0100,594.10,,1461579.46
2026-08-24T04:00:00+00:00,KXSB-27-CAR,0.0000,0.0100,0.0100,12510.46,,1474089.92
2026-08-25T04:00:00+00:00,KXSB-27-CAR,0.0000,0.0100,0.0100,1548.72,,1475638.64
2026-08-26T04:00:00+00:00,KXSB-27-CAR,0.0000,0.0100,0.0100,11163.96,,1486802.60
2026-08-27T04:00:00+00:00,KXSB-27-CAR,0.0000,0.0100,0.0100,3272.52,,1490075.12
2026-08-28T04:00:00+00:00,KXSB-27-CAR,0.0000,0.0100,0.0100,1776.83,,1491851.95
2026-08-29T04:00:00+00:00,KXSB-27-CAR,0.0000,0.0100,0.0100,15821.53,,1507673.48
2026-08-30T04:00:00+00:00,KXSB-27-CAR,0.0000,0.0100,0.0100,31848.90,,1539522.38
2026-08-31T04:00:00+00:00,KXSB-27-CAR,0.0000,0.0100,0.0100,12386.82,,1551909.20
2026-09-01T04:00:00+00:00,KXSB-27-CAR,0.0000,0.0100,0.0100,2890.31,,1554799.51
2026-09-02T04:00:00+00:00,KXSB-27-CAR,0.0000,0.0100,0.0100,10004.09,,1564803.60
2026-09-03T04:00:00+00:00,KXSB-27-CAR,0.0000,0.0100,0.0100,61780.90,,1626584.50
2026-09-04T04:00:00+00:00,KXSB-27-CAR,0.0000,0.0100,0.0100,1625.60,,1628210.10
2026-09-05T04:00:00+00:00,KXSB-27-CAR,0.0000,0.0100,0.0100,20729.02,,1648939.12
2026-09-06T04:00:00+00:00,KXSB-27-CAR,0.0000,0.0100,0.0100,58871.14,,1707810.26
2026-09-07T04:00:00+00:00,KXSB-27-CAR,0.0000,0.0100,0.0100,1480.37,,1709290.63
2026-09-08T04:00:00+00:00,KXSB-27-CAR,0.0000,0.0100,0.0100,60139.27,,1768962.90
2026-09-09T04:00:00+00:00,KXSB-27-CAR,0.0000,0.0100,0.0100,10173.81,,1779136.71
2026-09-10T04:00:00+00:00,KXSB-27-CAR,0.0000,0.0100,0.0100,31497.79,,1810634.50
2026-09-11T04:00:00+00:00,KXSB-27-CAR,0.0000,0.0100,0.0100,67904.00,,1878538.50
2026-09-12T04:00:00+00:00,KXSB-27-CAR,0.0000,0.0100,0.0100,8333.77,,1886872.27
2026-09-13T04:00:00+00:00,KXSB-27-CAR,0.0000,0.0100,0.0100,17040.91,,1903913.18
2026-09-14T04:00:00+00:00,KXSB-27-CAR,0.0000,0.0100,0.0100,23319.14,,1927232.32
2026-09-15T04:00:00+00:00,KXSB-27-CAR,0.0000,0.0100,0.0100,6489.64,,1933721.96
2026-09-16T04:00:00+00:00,KXSB-27-CAR,0.0000,0.0100,0.0100,3474.84,,1937196.80
2026-09-17T04:00:00+00:00,KXSB-27-CAR,0.0000,0.0100,0.0100,11878.77,,1949075.57
2026-09-18T04:00:00+00:00,KXSB-27-CAR,0.0000,0.0100,0.0100,1589.77,,1950665.34
2026-09-19T04:00:00+00:00,KXSB-27-CAR,0.0000,0.0100,0.0100,4594.11,,1955259.45
2026-07-27T04:00:00+00:00,KXSB-27-BUF,0.0700,0.0800,0.0800,27054.74,,1953029.63
2026-07-28T04:00:00+00:00,KXSB-27-BUF,0.0700,0.0800,0.0800,20375.67,,1972712.24
2026-07-29T04:00:00+00:00,KXSB-27-BUF,0.0700,0.0800,0.0800,23630.87,,1996343.11
2026-07-30T04:00:00+00:00,KXSB-27-BUF,0.0700,0.0800,0.0800,34831.75,,2030797.46
2026-07-31T04:00:00+00:00,KXSB-27-BUF,0.0700,0.0800,0.0800,16177.51,,2044346.40
2026-08-01T04:00:00+00:00,KXSB-27-BUF,0.0700,0.0800,0.0800,43743.55,,2085762.35
2026-08-02T04:00:00+00:00,KXSB-27-BUF,0.0700,0.0800,0.0800,17744.99,,2101977.33
2026-08-03T04:00:00+00:00,KXSB-27-BUF,0.0700,0.0800,0.0800,36940.30,,2131936.11
2026-08-04T04:00:00+00:00,KXSB-27-BUF,0.0700,0.0800,0.0800,35849.96,,2167267.45
2026-08-05T04:00:00+00:00,KXSB-27-BUF,0.0700,0.0800,0.0800,17360.67,,2182772.29
2026-08-06T04:00:00+00:00,KXSB-27-BUF,0.0700,0.0800,0.0800,34715.33,,2216977.77
2026-08-07T04:00:00+00:00,KXSB-27-BUF,0.0700,0.0800,0.0800,57914.15,,2255744.03
2026-08-08T04:00:00+00:00,KXSB-27-BUF,0.0700,0.0800,0.0800,29595.48,,2280717.43
2026-08-09T04:00:00+00:00,KXSB-27-BUF,0.0700,0.0800,0.0800,16890.47,,2292461.27
2026-08-10T04:00:00+00:00,KXSB-27-BUF,0.0700,0.0800,0.0800,21116.82,,2313375.16
2026-08-11T04:00:00+00:00,KXSB-27-BUF,0.0700,0.0800,0.0800,15493.89,,2315771.47
2026-08-12T04:00:00+00:00,KXSB-27-BUF,0.0700,0.0800,0.0800,12960.50,,2313355.27
2026-08-13T04:00:00+00:00,KXSB-27-BUF,0.0700,0.0800,0.0800,12711.79,,2313162.56
2026-08-14T04:00:00+00:00,KXSB-27-BUF,0.0700,0.0800,0.0800,28109.58,,2335478.06
2026-08-15T04:00:00+00:00,KXSB-27-BUF,0.0700,0.0800,0.0700,23102.36,,2357811.44
2026-08-16T04:00:00+00:00,KXSB-27-BUF,0.0700,0.0800,0.0800,67036.04,,2420714.20
2026-08-17T04:00:00+00:00,KXSB-27-BUF,0.0700,0.0800,0.0800,63797.56,,2469612.76
2026-08-18T04:00:00+00:00,KXSB-27-BUF,0.0700,0.0800,0.0800,31622.30,,2499894.41
2026-08-19T04:00:00+00:00,KXSB-27-BUF,0.0600,0.0700,0.0700,510460.94,,2564148.36
2026-08-20T04:00:00+00:00,KXSB-27-BUF,0.0700,0.0800,0.0800,292546.61,,2539888.24
2026-08-21T04:00:00+00:00,KXSB-27-BUF,0.0700,0.0800,0.0800,41953.55,,2569868.49
2026-08-22T04:00:00+00:00,KXSB-27-BUF,0.0700,0.0800,0.0800,39395.24,,2599790.69
2026-08-23T04:00:00+00:00,KXSB-27-BUF,0.0700,0.0800,0.0800,65692.00,,2664933.33
2026-08-24T04:00:00+00:00,KXSB-27-BUF,0.0700,0.0800,0.0800,28333.09,,2688083.05
2026-08-25T04:00:00+00:00,KXSB-27-BUF,0.0700,0.0800,0.0800,25748.04,,2708088.45
2026-08-26T04:00:00+00:00,KXSB-27-BUF,0.0700,0.0800,0.0800,41105.86,,2747531.98
2026-08-27T04:00:00+00:00,KXSB-27-BUF,0.0700,0.0800,0.0800,15904.74,,2758793.10
2026-08-28T04:00:00+00:00,KXSB-27-BUF,0.0700,0.0800,0.0800,38654.23,,2793573.53
2026-08-29T04:00:00+00:00,KXSB-27-BUF,0.0700,0.0800,0.0700,14474.99,,2804620.26
2026-08-30T04:00:00+00:00,KXSB-27-BUF,0.0700,0.0800,0.0700,48780.30,,2819338.38
2026-08-31T04:00:00+00:00,KXSB-27-BUF,0.0700,0.0800,0.0800,89560.33,,2903141.91
2026-09-01T04:00:00+00:00,KXSB-27-BUF,0.0700,0.0800,0.0800,39730.62,,2937192.54
2026-09-02T04:00:00+00:00,KXSB-27-BUF,0.0700,0.0800,0.0800,49481.82,,2982308.87
2026-09-03T04:00:00+00:00,KXSB-27-BUF,0.0700,0.0800,0.0800,30025.44,,3005500.82
2026-09-04T04:00:00+00:00,KXSB-27-BUF,0.0700,0.0800,0.0800,80413.35,,3060772.94
2026-09-05T04:00:00+00:00,KXSB-27-BUF,0.0700,0.0800,0.0800,56867.05,,3091736.90
2026-09-06T04:00:00+00:00,KXSB-27-BUF,0.0700,0.0800,0.0800,30140.75,,3114450.51
2026-09-07T04:00:00+00:00,KXSB-27-BUF,0.0700,0.0800,0.0800,89595.00,,3196934.94
2026-09-08T04:00:00+00:00,KXSB-27-BUF,0.0700,0.0800,0.0800,41131.66,,3230801.74
2026-09-09T04:00:00+00:00,KXSB-27-BUF,0.0700,0.0800,0.0800,176852.27,,3407048.15
2026-09-10T04:00:00+00:00,KXSB-27-BUF,0.0800,0.0900,0.0900,312925.25,,3697970.36
2026-09-11T04:00:00+00:00,KXSB-27-BUF,0.0800,0.0900,0.0900,113166.42,,3793853.45
2026-09-12T04:00:00+00:00,KXSB-27-BUF,0.0700,0.0800,0.0800,128859.28,,3843375.26
2026-09-13T04:00:00+00:00,KXSB-27-BUF,0.0700,0.0800,0.0800,76840.55,,3826457.14
2026-09-14T04:00:00+00:00,KXSB-27-BUF,0.0800,0.0900,0.0900,296593.51,,4013249.73
2026-09-15T04:00:00+00:00,KXSB-27-BUF,0.0900,0.1000,0.1000,132009.47,,4116722.19
2026-09-16T04:00:00+00:00,KXSB-27-BUF,0.0900,0.1000,0.1000,92651.11,,4184901.98
2026-09-17T04:00:00+00:00,KXSB-27-BUF,0.0900,0.1000,0.1000,54999.04,,4232027.65
2026-09-18T04:00:00+00:00,KXSB-27-BUF,0.1100,0.1200,0.1100,309429.58,,4520116.61
2026-09-19T04:00:00+00:00,KXSB-27-BUF,0.1100,0.1300,0.1300,141787.54,,4649620.78
2026-07-27T04:00:00+00:00,KXSB-27-BAL,0.0600,0.0700,0.0700,6109.57,,1694192.19
2026-07-28T04:00:00+00:00,KXSB-27-BAL,0.0600,0.0700,0.0700,7010.85,,1699981.03
2026-07-29T04:00:00+00:00,KXSB-27-BAL,0.0600,0.0700,0.0700,4808.33,,1704211.24
2026-07-30T04:00:00+00:00,KXSB-27-BAL,0.0600,0.0700,0.0700,21019.51,,1725186.42
2026-07-31T04:00:00+00:00,KXSB-27-BAL,0.0600,0.0700,0.0700,9421.39,,1734324.59
2026-08-01T04:00:00+00:00,KXSB-27-BAL,0.0600,0.0700,0.0700,10453.70,,1742612.01
2026-08-02T04:00:00+00:00,KXSB-27-BAL,0.0600,0.0700,0.0700,9546.85,,1750695.01
2026-08-03T04:00:00+00:00,KXSB-27-BAL,0.0600,0.0700,0.0700,18656.20,,1767328.02
2026-08-04T04:00:00+00:00,KXSB-27-BAL,0.0600,0.0700,0.0700,16355.69,,1782940.53
2026-08-05T04:00:00+00:00,KXSB-27-BAL,0.0600,0.0700,0.0700,15031.29,,1785808.41
2026-08-06T04:00:00+00:00,KXSB-27-BAL,0.0600,0.0700,0.0700,27289.37,,1796629.29
2026-08-07T04:00:00+00:00,KXSB-27-BAL,0.0600,0.0700,0.0700,29061.01,,1799823.69
2026-08-08T04:00:00+00:00,KXSB-27-BAL,0.0600,0.0700,0.0700,5849.57,,1799823.69
2026-08-09T04:00:00+00:00,KXSB-27-BAL,0.0600,0.0700,0.0700,9539.17,,1799823.69
2026-08-10T04:00:00+00:00,KXSB-27-BAL,0.0600,0.0700,0.0700,23680.42,,1805442.16
2026-08-11T04:00:00+00:00,KXSB-27-BAL,0.0600,0.0700,0.0700,2476.02,,1807189.05
2026-08-12T04:00:00+00:00,KXSB-27-BAL,0.0600,0.0700,0.0700,9946.70,,1815522.95
2026-08-13T04:00:00+00:00,KXSB-27-BAL,0.0600,0.0700,0.0700,8311.24,,1822808.32
2026-08-14T04:00:00+00:00,KXSB-27-BAL,0.0600,0.0700,0.0700,6140.28,,1828272.12
2026-08-15T04:00:00+00:00,KXSB-27-BAL,0.0600,0.0700,0.0700,10185.76,,1838098.22
2026-08-16T04:00:00+00:00,KXSB-27-BAL,0.0600,0.0700,0.0700,11575.68,,1849299.88
2026-08-17T04:00:00+00:00,KXSB-27-BAL,0.0600,0.0700,0.0700,39729.99,,1875540.40
2026-08-18T04:00:00+00:00,KXSB-27-BAL,0.0600,0.0700,0.0700,131316.66,,2006857.06
2026-08-19T04:00:00+00:00,KXSB-27-BAL,0.0600,0.0700,0.0600,9399.98,,2014470.52
2026-08-20T04:00:00+00:00,KXSB-27-BAL,0.0600,0.0700,0.0700,33469.70,,2047739.22
2026-08-21T04:00:00+00:00,KXSB-27-BAL,0.0600,0.0700,0.0700,10492.01,,2055369.70
2026-08-22T04:00:00+00:00,KXSB-27-BAL,0.0600,0.0700,0.0600,9033.66,,2063829.44
2026-08-23T04:00:00+00:00,KXSB-27-BAL,0.0600,0.0700,0.0700,18040.19,,2081181.28
2026-08-24T04:00:00+00:00,KXSB-27-BAL,0.0600,0.0700,0.0700,12041.97,,2093197.00
2026-08-25T04:00:00+00:00,KXSB-27-BAL,0.0600,0.0700,0.0600,7388.97,,2098011.28
2026-08-26T04:00:00+00:00,KXSB-27-BAL,0.0600,0.0700,0.0600,15667.43,,2111698.45
2026-08-27T04:00:00+00:00,KXSB-27-BAL,0.0600,0.0700,0.0700,9794.45,,2121206.99
2026-08-28T04:00:00+00:00,KXSB-27-BAL,0.0600,0.0700,0.0600,6536.42,,2125924.98
2026-08-29T04:00:00+00:00,KXSB-27-BAL,0.0600,0.0700,0.0700,91711.36,,2217411.82
2026-08-30T04:00:00+00:00,KXSB-27-BAL,0.0600,0.0700,0.0600,12478.63,,2229339.32
2026-08-31T04:00:00+00:00,KXSB-27-BAL,0.0600,0.0700,0.0700,25570.17,,2254563.07
2026-09-01T04:00:00+00:00,KXSB-27-BAL,0.0600,0.0700,0.0700,61883.01,,2315322.35
2026-09-02T04:00:00+00:00,KXSB-27-BAL,0.0600,0.0700,0.0700,87991.30,,2395153.32
2026-09-03T04:00:00+00:00,KXSB-27-BAL,0.0600,0.0700,0.0700,40957.41,,2394999.39
2026-09-04T04:00:00+00:00,KXSB-27-BAL,0.0600,0.0700,0.0700,19167.26,,2393475.63
2026-09-05T04:00:00+00:00,KXSB-27-BAL,0.0600,0.0700,0.0700,16041.87,,2393053.37
2026-09-06T04:00:00+00:00,KXSB-27-BAL,0.0600,0.0700,0.0700,24522.63,,2383629.17
2026-09-07T04:00:00+00:00,KXSB-27-BAL,0.0600,0.0700,0.0700,15353.26,,2380807.17
2026-09-08T04:00:00+00:00,KXSB-27-BAL,0.0600,0.0700,0.0700,39795.71,,2380644.88
2026-09-09T04:00:00+00:00,KXSB-27-BAL,0.0600,0.0700,0.0700,38642.01,,2379860.45
2026-09-10T04:00:00+00:00,KXSB-27-BAL,0.0600,0.0700,0.0700,132590.41,,2492604.93
2026-09-11T04:00:00+00:00,KXSB-27-BAL,0.0600,0.0700,0.0700,68736.76,,2535253.13
2026-09-12T04:00:00+00:00,KXSB-27-BAL,0.0600,0.0700,0.0700,67629.60,,2597150.47
2026-09-13T04:00:00+00:00,KXSB-27-BAL,0.0600,0.0700,0.0700,37263.65,,2622395.78
2026-09-14T04:00:00+00:00,KXSB-27-BAL,0.0700,0.0800,0.0800,887783.44,,3417069.18
2026-09-15T04:00:00+00:00,KXSB-27-BAL,0.0700,0.0800,0.0800,151795.60,,3545073.51
2026-09-16T04:00:00+00:00,KXSB-27-BAL,0.0700,0.0800,0.0800,40708.42,,3577652.94
2026-09-17T04:00:00+00:00,KXSB-27-BAL,0.0700,0.0800,0.0700,56967.13,,3629109.89
2026-09-18T04:00:00+00:00,KXSB-27-BAL,0.0700,0.0800,0.0800,57490.18,,3650541.73
2026-09-19T04:00:00+00:00,KXSB-27-BAL,0.0700,0.0800,0.0800,17684.46,,3667219.47
2026-07-27T04:00:00+00:00,KXSB-27-ATL,0.0000,0.0100,0.0100,2665.26,,224647.51
2026-07-28T04:00:00+00:00,KXSB-27-ATL,0.0000,0.0100,0.0100,2801.27,,227448.78
2026-07-29T04:00:00+00:00,KXSB-27-ATL,0.0000,0.0100,0.0100,145.00,,227593.78
2026-07-30T04:00:00+00:00,KXSB-27-ATL,0.0000,0.0100,0.0100,23936.87,,251530.65
2026-07-31T04:00:00+00:00,KXSB-27-ATL,0.0000,0.0100,0.0100,4406.64,,255937.29
2026-08-01T04:00:00+00:00,KXSB-27-ATL,0.0000,0.0100,0.0100,327.30,,256264.59
2026-08-02T04:00:00+00:00,KXSB-27-ATL,0.0000,0.0100,0.0100,561.10,,256825.69
2026-08-03T04:00:00+00:00,KXSB-27-ATL,0.0000,0.0100,0.0100,1573.74,,258399.43
2026-08-04T04:00:00+00:00,KXSB-27-ATL,0.0000,0.0100,0.0100,1404.65,,259804.08
2026-08-05T04:00:00+00:00,KXSB-27-ATL,0.0000,0.0100,0.0100,5493.67,,265297.75
2026-08-06T04:00:00+00:00,KXSB-27-ATL,0.0000,0.0100,0.0100,4354.78,,269652.53
2026-08-07T04:00:00+00:00,KXSB-27-ATL,0.0000,0.0100,0.0100,4975.03,,274627.56
2026-08-08T04:00:00+00:00,KXSB-27-ATL,0.0000,0.0100,0.0100,6611.70,,281239.26
2026-08-09T04:00:00+00:00,KXSB-27-ATL,0.0000,0.0100,0.0100,1406.53,,282645.79
2026-08-10T04:00:00+00:00,KXSB-27-ATL,0.0000,0.0100,0.0100,13251.60,,295897.39
2026-08-11T04:00:00+00:00,KXSB-27-ATL,0.0000,0.0100,0.0100,1095.69,,296993.08
2026-08-12T04:00:00+00:00,KXSB-27-ATL,0.0000,0.0100,0.0100,1903.38,,298896.46
2026-08-13T04:00:00+00:00,KXSB-27-ATL,0.0000,0.0100,0.0100,2336.24,,301232.70
2026-08-14T04:00:00+00:00,KXSB-27-ATL,0.0000,0.0100,0.0100,3036.38,,304269.08
2026-08-15T04:00:00+00:00,KXSB-27-ATL,0.0000,0.0100,0.0100,5020.08,,309289.16
2026-08-16T04:00:00+00:00,KXSB-27-ATL,0.0000,0.0100,0.0100,5175.51,,314464.67
2026-08-17T04:00:00+00:00,KXSB-27-ATL,0.0000,0.0100,0.0100,1965.89,,316430.56
2026-08-18T04:00:00+00:00,KXSB-27-ATL,0.0000,0.0100,0.0100,24498.44,,340929.00
2026-08-19T04:00:00+00:00,KXSB-27-ATL,0.0000,0.0100,0.0100,9649.56,,350578.56
2026-08-20T04:00:00+00:00,KXSB-27-ATL,0.0000,0.0100,0.0100,1252.70,,351831.26
2026-08-21T04:00:00+00:00,KXSB-27-ATL,0.0000,0.0100,0.0100,1374.64,,353205.90
2026-08-22T04:00:00+00:00,KXSB-27-ATL,0.0000,0.0100,0.0100,5342.92,,358548.82
2026-08-23T04:00:00+00:00,KXSB-27-ATL,0.0000,0.0100,0.0100,6064.85,,364613.67
2026-08-24T04:00:00+00:00,KXSB-27-ATL,0.0000,0.0100,0.0100,5299.90,,369913.57
2026-08-25T04:00:00+00:00,KXSB-27-ATL,0.0000,0.0100,0.0100,3194.69,,373108.26
2026-08-26T04:00:00+00:00,KXSB-27-ATL,0.0000,0.0100,0.0100,6952.22,,380060.48
2026-08-27T04:00:00+00:00,KXSB-27-ATL,0.0000,0.0100,0.0100,873.77,,380934.25
2026-08-28T04:00:00+00:00,KXSB-27-ATL,0.0000,0.0100,0.0100,8214.63,,389148.88
2026-08-29T04:00:00+00:00,KXSB-27-ATL,0.0000,0.0100,0.0100,754.61,,389903.49
2026-08-30T04:00:00+00:00,KXSB-27-ATL,0.0000,0.0100,0.0100,13314.42,,403217.91
2026-08-31T04:00:00+00:00,KXSB-27-ATL,0.0000,0.0100,0.0100,5391.10,,408609.01
2026-09-01T04:00:00+00:00,KXSB-27-ATL,0.0000,0.0100,0.0100,835.00,,409444.01
2026-09-02T04:00:00+00:00,KXSB-27-ATL,0.0000,0.0100,0.0100,3260.02,,412704.03
2026-09-03T04:00:00+00:00,KXSB-27-ATL,0.0000,0.0100,0.0100,9876.41,,422580.44
2026-09-04T04:00:00+00:00,KXSB-27-ATL,0.0000,0.0100,0.0100,1341.83,,423922.27
2026-09-05T04:00:00+00:00,KXSB-27-ATL,0.0000,0.0100,0.0100,4163.97,,428086.24
2026-09-06T04:00:00+00:00,KXSB-27-ATL,0.0000,0.0100,0.0100,10553.31,,438639.55
2026-09-07T04:00:00+00:00,KXSB-27-ATL,0.0000,0.0100,0.0100,4343.61,,442983.16
2026-09-08T04:00:00+00:00,KXSB-27-ATL,0.0000,0.0100,0.0100,12897.53,,455880.69
2026-09-09T04:00:00+00:00,KXSB-27-ATL,0.0000,0.0100,0.0100,1412.34,,457293.03
2026-09-10T04:00:00+00:00,KXSB-27-ATL,0.0000,0.0100,0.0100,65826.73,,523119.76
2026-09-11T04:00:00+00:00,KXSB-27-ATL,0.0000,0.0100,0.0100,22701.06,,545820.82
2026-09-12T04:00:00+00:00,KXSB-27-ATL,0.0000,0.0100,0.0100,3439.32,,549260.14
2026-09-13T04:00:00+00:00,KXSB-27-ATL,0.0000,0.0100,0.0100,3731.01,,552991.15
2026-09-14T04:00:00+00:00,KXSB-27-ATL,0.0000,0.0100,0.0100,10034.96,,563026.11
2026-09-15T04:00:00+00:00,KXSB-27-ATL,0.0000,0.0100,0.0100,1142.41,,564168.52
2026-09-16T04:00:00+00:00,KXSB-27-ATL,0.0000,0.0100,0.0100,4754.46,,568922.98
2026-09-17T04:00:00+00:00,KXSB-27-ATL,0.0000,0.0100,0.0100,2899.07,,571822.05
2026-09-18T04:00:00+00:00,KXSB-27-ATL,0.0000,0.0100,0.0100,3995.93,,575817.98
2026-09-19T04:00:00+00:00,KXSB-27-ATL,0.0000,0.0100,0.0100,10006.53,,585824.51
2026-07-27T04:00:00+00:00,KXSB-27-ARI,0.0000,0.0100,0.0100,469.46,,156295.32
2026-07-28T04:00:00+00:00,KXSB-27-ARI,0.0000,0.0100,0.0100,1870.18,,158165.50
2026-07-29T04:00:00+00:00,KXSB-27-ARI,0.0000,0.0100,0.0100,311.00,,158476.50
2026-07-30T04:00:00+00:00,KXSB-27-ARI,0.0000,0.0100,0.0100,2922.45,,161398.95
2026-07-31T04:00:00+00:00,KXSB-27-ARI,0.0000,0.0100,0.0100,18.70,,161417.65
2026-08-01T04:00:00+00:00,KXSB-27-ARI,0.0000,0.0100,0.0100,93.51,,161511.16
2026-08-02T04:00:00+00:00,KXSB-27-ARI,0.0000,0.0100,0.0100,93.51,,161604.67
2026-08-03T04:00:00+00:00,KXSB-27-ARI,0.0000,0.0100,0.0100,93.51,,161698.18
2026-08-04T04:00:00+00:00,KXSB-27-ARI,0.0000,0.0100,0.0100,1000.00,,162698.18
2026-08-05T04:00:00+00:00,KXSB-27-ARI,0.0000,0.0100,0.0100,12276.24,,174974.42
2026-08-06T04:00:00+00:00,KXSB-27-ARI,0.0000,0.0100,0.0100,353.03,,175327.45
2026-08-07T04:00:00+00:00,KXSB-27-ARI,0.0000,0.0100,0.0100,9211.56,,184539.01
2026-08-08T04:00:00+00:00,KXSB-27-ARI,0.0000,0.0100,0.0100,1215.73,,185754.74
2026-08-09T04:00:00+00:00,KXSB-27-ARI,0.0000,0.0100,0.0100,287.02,,186041.76
2026-08-10T04:00:00+00:00,KXSB-27-ARI,0.0000,0.0100,0.0100,1228.10,,187269.86
2026-08-11T04:00:00+00:00,KXSB-27-ARI,0.0000,0.0100,0.0100,529.63,,187799.49
2026-08-12T04:00:00+00:00,KXSB-27-ARI,0.0000,0.0100,0.0100,4208.35,,192007.84
2026-08-13T04:00:00+00:00,KXSB-27-ARI,0.0000,0.0100,0.0100,5872.10,,197879.94
2026-08-14T04:00:00+00:00,KXSB-27-ARI,0.0000,0.0100,0.0100,13132.87,,211012.81
2026-08-15T04:00:00+00:00,KXSB-27-ARI,0.0000,0.0100,0.0100,7379.51,,218392.32
2026-08-16T04:00:00+00:00,KXSB-27-ARI,0.0000,0.0100,0.0100,100856.53,,319248.85
2026-08-17T04:00:00+00:00,KXSB-27-ARI,0.0000,0.0100,0.0100,5237.05,,324485.90
2026-08-18T04:00:00+00:00,KXSB-27-ARI,0.0000,0.0100,0.0100,15.00,,324500.90
2026-08-19T04:00:00+00:00,KXSB-27-ARI,0.0000,0.0100,0.0100,841.64,,325342.54
2026-08-20T04:00:00+00:00,KXSB-27-ARI,0.0000,0.0100,0.0100,186.45,,325528.99
2026-08-21T04:00:00+00:00,KXSB-27-ARI,0.0000,0.0100,0.0100,654.62,,326183.61
2026-08-22T04:00:00+00:00,KXSB-27-ARI,0.0000,0.0100,0.0100,1038.05,,327221.66
2026-08-23T04:00:00+00:00,KXSB-27-ARI,0.0000,0.0100,0.0100,907.37,,328129.03
2026-08-24T04:00:00+00:00,KXSB-27-ARI,0.0000,0.0100,0.0100,2525.00,,330654.03
2026-08-25T04:00:00+00:00,KXSB-27-ARI,0.0000,0.0100,0.0100,467.59,,331121.62
2026-08-26T04:00:00+00:00,KXSB-27-ARI,0.0000,0.0100,0.0100,1402.78,,332524.40
2026-08-27T04:00:00+00:00,KXSB-27-ARI,0.0000,0.0100,0.0100,4506.93,,337031.33
2026-08-28T04:00:00+00:00,KXSB-27-ARI,0.0000,0.0100,0.0100,560.51,,337591.84
2026-08-29T04:00:00+00:00,KXSB-27-ARI,0.0000,0.0100,,0.00,,337591.84
2026-08-30T04:00:00+00:00,KXSB-27-ARI,0.0000,0.0100,0.0100,152.42,,337744.26
2026-08-31T04:00:00+00:00,KXSB-27-ARI,0.0000,0.0100,0.0100,3102.97,,340847.23
2026-09-01T04:00:00+00:00,KXSB-27-ARI,0.0000,0.0100,0.0100,815.52,,341662.75
2026-09-02T04:00:00+00:00,KXSB-27-ARI,0.0000,0.0100,0.0100,4769.46,,346432.21
2026-09-03T04:00:00+00:00,KXSB-27-ARI,0.0000,0.0100,0.0100,1819.25,,348251.46
2026-09-04T04:00:00+00:00,KXSB-27-ARI,0.0000,0.0100,0.0100,1361.44,,349612.90
2026-09-05T04:00:00+00:00,KXSB-27-ARI,0.0000,0.0100,0.0100,3663.19,,353276.09
2026-09-06T04:00:00+00:00,KXSB-27-ARI,0.0000,0.0100,0.0100,9817.59,,363093.68
2026-09-07T04:00:00+00:00,KXSB-27-ARI,0.0000,0.0100,0.0100,4675.94,,367769.62
2026-09-08T04:00:00+00:00,KXSB-27-ARI,0.0000,0.0100,0.0100,1828.81,,369598.43
2026-09-09T04:00:00+00:00,KXSB-27-ARI,0.0000,0.0100,0.0100,2512.59,,372111.02
2026-09-10T04:00:00+00:00,KXSB-27-ARI,0.0000,0.0100,0.0100,3437.86,,375548.88
2026-09-11T04:00:00+00:00,KXSB-27-ARI,0.0000,0.0100,0.0100,6367.75,,381916.63
2026-09-12T04:00:00+00:00,KXSB-27-ARI,0.0000,0.0100,0.0100,732.23,,382648.86
2026-09-13T04:00:00+00:00,KXSB-27-ARI,0.0000,0.0100,0.0100,2538.27,,385187.13
2026-09-14T04:00:00+00:00,KXSB-27-ARI,0.0000,0.0100,0.0100,25132.06,,410319.19
2026-09-15T04:00:00+00:00,KXSB-27-ARI,0.0000,0.0100,0.0100,36507.25,,446826.44
2026-09-16T04:00:00+00:00,KXSB-27-ARI,0.0000,0.0100,0.0100,35881.51,,482707.95
2026-09-17T04:00:00+00:00,KXSB-27-ARI,0.0000,0.0100,0.0100,3838.33,,486546.28
2026-09-18T04:00:00+00:00,KXSB-27-ARI,0.0000,0.0100,0.0100,7871.44,,494417.72
2026-09-19T04:00:00+00:00,KXSB-27-ARI,0.0000,0.0100,0.0100,31129.55,,525547.27
2026-06-30T04:00:00+00:00,KXNBA-27-WAS,0.0000,0.0100,0.0100,7378.74,,252381.71
2026-07-01T04:00:00+00:00,KXNBA-27-WAS,0.0000,0.0100,0.0100,39799.10,,292180.81
2026-07-02T04:00:00+00:00,KXNBA-27-WAS,0.0000,0.0100,0.0100,18036.64,,310217.45
2026-07-03T04:00:00+00:00,KXNBA-27-WAS,0.0000,0.0100,0.0100,7444.08,,317661.53
2026-07-04T04:00:00+00:00,KXNBA-27-WAS,0.0000,0.0100,0.0100,19947.18,,337608.71
2026-07-05T04:00:00+00:00,KXNBA-27-WAS,0.0000,0.0100,0.0100,52014.90,,389582.68
2026-07-06T04:00:00+00:00,KXNBA-27-WAS,0.0000,0.0100,0.0100,13102.90,,402685.58
2026-07-07T04:00:00+00:00,KXNBA-27-WAS,0.0000,0.0100,0.0100,377.80,,403063.38
2026-07-08T04:00:00+00:00,KXNBA-27-WAS,0.0000,0.0100,0.0100,6019.53,,409082.91
2026-07-09T04:00:00+00:00,KXNBA-27-WAS,0.0000,0.0100,0.0100,19264.79,,428347.70
2026-07-10T04:00:00+00:00,KXNBA-27-WAS,0.0000,0.0100,0.0100,21254.01,,449414.71
2026-07-11T04:00:00+00:00,KXNBA-27-WAS,0.0000,0.0100,0.0100,7455.28,,456869.99
2026-07-12T04:00:00+00:00,KXNBA-27-WAS,0.0000,0.0100,0.0100,3419.70,,460289.69
2026-07-13T04:00:00+00:00,KXNBA-27-WAS,0.0000,0.0100,0.0100,17357.43,,477647.12
2026-07-14T04:00:00+00:00,KXNBA-27-WAS,0.0000,0.0100,0.0100,15831.17,,493478.29
2026-07-15T04:00:00+00:00,KXNBA-27-WAS,0.0000,0.0100,0.0100,4430.99,,497909.28
2026-07-16T04:00:00+00:00,KXNBA-27-WAS,0.0000,0.0100,0.0100,6104.57,,504013.85
2026-07-17T04:00:00+00:00,KXNBA-27-WAS,0.0000,0.0100,0.0100,91204.00,,587638.99
2026-07-18T04:00:00+00:00,KXNBA-27-WAS,0.0000,0.0100,0.0100,4141.00,,591779.99
2026-07-19T04:00:00+00:00,KXNBA-27-WAS,0.0000,0.0100,0.0100,22452.44,,603109.00
2026-07-20T04:00:00+00:00,KXNBA-27-WAS,0.0000,0.0200,0.0200,10535.69,,613129.15
2026-07-21T04:00:00+00:00,KXNBA-27-WAS,0.0000,0.0100,0.0100,6082.59,,618182.36
2026-07-22T04:00:00+00:00,KXNBA-27-WAS,0.0100,0.0200,0.0200,39017.18,,653569.88
2026-07-23T04:00:00+00:00,KXNBA-27-WAS,0.0100,0.0200,0.0200,11403.29,,653569.88
2026-07-24T04:00:00+00:00,KXNBA-27-WAS,0.0100,0.0200,0.0100,3092.38,,653569.88
2026-07-25T04:00:00+00:00,KXNBA-27-WAS,0.0000,0.0100,0.0100,59835.32,,709400.67
2026-07-26T04:00:00+00:00,KXNBA-27-WAS,0.0000,0.0100,0.0100,16497.84,,725898.51
2026-07-27T04:00:00+00:00,KXNBA-27-WAS,0.0000,0.0100,0.0100,574.83,,726473.34
2026-07-28T04:00:00+00:00,KXNBA-27-WAS,0.0000,0.0100,0.0100,8507.33,,734980.67
2026-07-29T04:00:00+00:00,KXNBA-27-WAS,0.0000,0.0100,0.0100,7852.31,,742832.98
2026-07-30T04:00:00+00:00,KXNBA-27-WAS,0.0000,0.0100,0.0100,415.69,,743248.67
2026-07-31T04:00:00+00:00,KXNBA-27-WAS,0.0000,0.0100,0.0100,9445.42,,752694.09
2026-08-01T04:00:00+00:00,KXNBA-27-WAS,0.0000,0.0100,0.0100,3896.92,,756591.01
2026-08-02T04:00:00+00:00,KXNBA-27-WAS,0.0000,0.0100,0.0100,497.87,,757088.88
2026-08-03T04:00:00+00:00,KXNBA-27-WAS,0.0000,0.0100,0.0100,7481.52,,764570.40
2026-08-04T04:00:00+00:00,KXNBA-27-WAS,0.0000,0.0100,0.0100,7315.04,,771885.44
2026-08-05T04:00:00+00:00,KXNBA-27-WAS,0.0000,0.0100,0.0100,7018.82,,778904.26
2026-08-06T04:00:00+00:00,KXNBA-27-WAS,0.0000,0.0100,0.0100,7247.71,,786151.97
2026-08-07T04:00:00+00:00,KXNBA-27-WAS,0.0000,0.0100,0.0100,410.53,,786562.50
2026-08-08T04:00:00+00:00,KXNBA-27-WAS,0.0000,0.0100,0.0100,6913.23,,793475.73
2026-08-09T04:00:00+00:00,KXNBA-27-WAS,0.0000,0.0100,0.0100,284.43,,793760.16
2026-08-10T04:00:00+00:00,KXNBA-27-WAS,0.0000,0.0100,0.0100,1957.34,,795717.50
2026-08-11T04:00:00+00:00,KXNBA-27-WAS,0.0000,0.0100,0.0100,1188.21,,796905.71
2026-08-12T04:00:00+00:00,KXNBA-27-WAS,0.0000,0.0100,0.0100,328.25,,797233.96
2026-08-13T04:00:00+00:00,KXNBA-27-WAS,0.0000,0.0100,0.0100,304.19,,797538.15
2026-08-14T04:00:00+00:00,KXNBA-27-WAS,0.0000,0.0100,0.0100,1393.84,,798931.99
2026-08-15T04:00:00+00:00,KXNBA-27-WAS,0.0000,0.0100,0.0100,259.51,,799191.50
2026-08-16T04:00:00+00:00,KXNBA-27-WAS,0.0000,0.0100,0.0100,2805.25,,801996.75
2026-08-17T04:00:00+00:00,KXNBA-27-WAS,0.0000,0.0100,,0.00,,801996.75
2026-08-18T04:00:00+00:00,KXNBA-27-WAS,0.0000,0.0100,0.0100,467.59,,802464.34
2026-08-19T04:00:00+00:00,KXNBA-27-WAS,0.0000,0.0100,0.0100,2337.97,,804802.31
2026-08-20T04:00:00+00:00,KXNBA-27-WAS,0.0000,0.0100,0.0100,446.54,,805248.85
2026-08-21T04:00:00+00:00,KXNBA-27-WAS,0.0000,0.0100,0.0100,2066.75,,807315.60
2026-08-22T04:00:00+00:00,KXNBA-27-WAS,0.0000,0.0100,0.0100,9661.91,,816977.51
2026-08-23T04:00:00+00:00,KXNBA-27-WAS,0.0000,0.0100,0.0100,579.80,,817557.31
2026-06-30T04:00:00+00:00,KXNBA-27-UTA,0.0000,0.0100,0.0100,19060.70,,186141.60
2026-07-01T04:00:00+00:00,KXNBA-27-UTA,0.0000,0.0100,0.0100,570.45,,186712.05
2026-07-02T04:00:00+00:00,KXNBA-27-UTA,0.0000,0.0100,0.0100,2355.38,,189067.43
2026-07-03T04:00:00+00:00,KXNBA-27-UTA,0.0000,0.0100,0.0100,102.87,,189170.30
2026-07-04T04:00:00+00:00,KXNBA-27-UTA,0.0000,0.0100,0.0100,3373.16,,192543.46
2026-07-05T04:00:00+00:00,KXNBA-27-UTA,0.0000,0.0100,0.0100,5279.13,,197822.59
2026-07-06T04:00:00+00:00,KXNBA-27-UTA,0.0000,0.0100,0.0100,6822.26,,204644.85
2026-07-07T04:00:00+00:00,KXNBA-27-UTA,0.0000,0.0100,0.0100,4021.31,,208666.16
2026-07-08T04:00:00+00:00,KXNBA-27-UTA,0.0000,0.0100,0.0100,11375.06,,220041.22
2026-07-09T04:00:00+00:00,KXNBA-27-UTA,0.0000,0.0100,0.0100,8395.35,,228436.57
2026-07-10T04:00:00+00:00,KXNBA-27-UTA,0.0000,0.0100,0.0100,6673.49,,235110.06
2026-07-11T04:00:00+00:00,KXNBA-27-UTA,0.0000,0.0100,0.0100,4357.29,,239467.35
2026-07-12T04:00:00+00:00,KXNBA-27-UTA,0.0000,0.0100,0.0100,282427.75,,521792.23
2026-07-13T04:00:00+00:00,KXNBA-27-UTA,0.0000,0.0100,0.0100,4825.91,,526618.14
2026-07-14T04:00:00+00:00,KXNBA-27-UTA,0.0000,0.0100,0.0100,6084.31,,532702.45
2026-07-15T04:00:00+00:00,KXNBA-27-UTA,0.0000,0.0100,0.0100,1122.21,,533824.66
2026-07-16T04:00:00+00:00,KXNBA-27-UTA,0.0000,0.0100,0.0100,3362.00,,537186.66
2026-07-17T04:00:00+00:00,KXNBA-27-UTA,0.0000,0.0100,0.0100,126.51,,537313.17
2026-07-18T04:00:00+00:00,KXNBA-27-UTA,0.0000,0.0100,0.0100,774.07,,538087.24
2026-07-19T04:00:00+00:00,KXNBA-27-UTA,0.0000,0.0100,0.0100,10000.00,,538087.24
2026-07-20T04:00:00+00:00,KXNBA-27-UTA,0.0000,0.0100,0.0100,1496.29,,539583.53
2026-07-21T04:00:00+00:00,KXNBA-27-UTA,0.0000,0.0100,0.0100,794.89,,540378.42
2026-07-22T04:00:00+00:00,KXNBA-27-UTA,0.0000,0.0100,0.0100,149.62,,540528.04
2026-07-23T04:00:00+00:00,KXNBA-27-UTA,0.0000,0.0100,,0.00,,540528.04
2026-07-24T04:00:00+00:00,KXNBA-27-UTA,0.0000,0.0100,0.0100,2902.06,,543430.10
2026-07-25T04:00:00+00:00,KXNBA-27-UTA,0.0000,0.0100,0.0100,10399.84,,553829.94
2026-07-26T04:00:00+00:00,KXNBA-27-UTA,0.0000,0.0100,0.0100,5663.87,,559493.81
2026-07-27T04:00:00+00:00,KXNBA-27-UTA,0.0000,0.0100,0.0100,297.12,,559790.93
2026-07-28T04:00:00+00:00,KXNBA-27-UTA,0.0000,0.0100,0.0100,3177.08,,562968.01
2026-07-29T04:00:00+00:00,KXNBA-27-UTA,0.0000,0.0100,0.0100,4699.32,,567667.33
2026-07-30T04:00:00+00:00,KXNBA-27-UTA,0.0000,0.0100,0.0100,14187.37,,579417.63
2026-07-31T04:00:00+00:00,KXNBA-27-UTA,0.0000,0.0100,0.0100,1870.38,,581288.01
2026-08-01T04:00:00+00:00,KXNBA-27-UTA,0.0000,0.0100,0.0100,4675.95,,585963.96
2026-08-02T04:00:00+00:00,KXNBA-27-UTA,0.0000,0.0100,,0.00,,585963.96
2026-08-03T04:00:00+00:00,KXNBA-27-UTA,0.0000,0.0100,0.0100,4675.95,,590639.91
2026-08-04T04:00:00+00:00,KXNBA-27-UTA,0.0000,0.0100,0.0100,467.59,,591107.50
2026-08-05T04:00:00+00:00,KXNBA-27-UTA,0.0000,0.0100,,0.00,,591107.50
2026-08-06T04:00:00+00:00,KXNBA-27-UTA,0.0000,0.0100,,0.00,,591107.50
2026-08-07T04:00:00+00:00,KXNBA-27-UTA,0.0000,0.0100,0.0100,4769.46,,595876.96
2026-08-08T04:00:00+00:00,KXNBA-27-UTA,0.0000,0.0100,0.0100,28.70,,595905.66
2026-08-09T04:00:00+00:00,KXNBA-27-UTA,0.0000,0.0100,0.0100,935.19,,596840.85
2026-08-10T04:00:00+00:00,KXNBA-27-UTA,0.0000,0.0100,0.0100,118.10,,596958.95
2026-08-11T04:00:00+00:00,KXNBA-27-UTA,0.0000,0.0100,0.0100,1891.82,,598850.77
2026-08-12T04:00:00+00:00,KXNBA-27-UTA,0.0000,0.0100,0.0100,936.12,,599786.89
2026-08-13T04:00:00+00:00,KXNBA-27-UTA,0.0000,0.0100,0.0100,93.51,,599880.40
2026-08-14T04:00:00+00:00,KXNBA-27-UTA,0.0000,0.0100,0.0100,166.00,,600046.40
2026-08-15T04:00:00+00:00,KXNBA-27-UTA,0.0000,0.0100,0.0100,93.51,,600139.91
2026-08-16T04:00:00+00:00,KXNBA-27-UTA,0.0000,0.0100,,0.00,,600139.91
2026-08-17T04:00:00+00:00,KXNBA-27-UTA,0.0000,0.0100,0.0100,3095.47,,603235.38
2026-08-18T04:00:00+00:00,KXNBA-27-UTA,0.0000,0.0100,0.0100,4395.39,,607630.77
2026-08-19T04:00:00+00:00,KXNBA-27-UTA,0.0000,0.0100,0.0100,3207.70,,610838.47
2026-08-20T04:00:00+00:00,KXNBA-27-UTA,0.0000,0.0100,0.0100,10997.84,,621836.31
2026-08-21T04:00:00+00:00,KXNBA-27-UTA,0.0000,0.0100,0.0100,431.12,,622267.43
2026-08-22T04:00:00+00:00,KXNBA-27-UTA,0.0000,0.0100,0.0100,1288.76,,623556.19
2026-08-23T04:00:00+00:00,KXNBA-27-UTA,0.0000,0.0100,0.0100,280.54,,623836.73
2026-06-30T04:00:00+00:00,KXNBA-27-TOR,0.0200,0.0300,0.0300,284504.65,,411454.56
2026-07-01T04:00:00+00:00,KXNBA-27-TOR,0.0500,0.0600,0.0600,173216.37,,503379.10
2026-07-02T04:00:00+00:00,KXNBA-27-TOR,0.0400,0.0500,0.0500,7600.60,,504943.19
2026-07-03T04:00:00+00:00,KXNBA-27-TOR,0.0400,0.0500,0.0400,15277.67,,495405.43
2026-07-04T04:00:00+00:00,KXNBA-27-TOR,0.0400,0.0500,0.0500,41377.87,,496012.92
2026-07-05T04:00:00+00:00,KXNBA-27-TOR,0.0400,0.0500,0.0500,959.44,,496012.92
2026-07-06T04:00:00+00:00,KXNBA-27-TOR,0.0400,0.0500,0.0400,2496.08,,496012.92
2026-07-07T04:00:00+00:00,KXNBA-27-TOR,0.0300,0.0400,0.0400,4211.88,,497820.12
2026-07-08T04:00:00+00:00,KXNBA-27-TOR,0.0300,0.0400,0.0400,8048.17,,500150.90
2026-07-09T04:00:00+00:00,KXNBA-27-TOR,0.0300,0.0500,0.0500,131.26,,500150.90
2026-07-10T04:00:00+00:00,KXNBA-27-TOR,0.0300,0.0400,0.0400,419.50,,500551.65
2026-07-11T04:00:00+00:00,KXNBA-27-TOR,0.0300,0.0400,0.0400,234.25,,500785.90
2026-07-12T04:00:00+00:00,KXNBA-27-TOR,0.0300,0.0400,0.0400,1370.30,,501556.12
2026-07-13T04:00:00+00:00,KXNBA-27-TOR,0.0300,0.0400,0.0400,272.76,,501630.36
2026-07-14T04:00:00+00:00,KXNBA-27-TOR,0.0300,0.0400,0.0300,18.75,,501611.61
2026-07-15T04:00:00+00:00,KXNBA-27-TOR,0.0300,0.0400,0.0400,116.27,,501632.67
2026-07-16T04:00:00+00:00,KXNBA-27-TOR,0.0300,0.0400,0.0400,1307.15,,502902.32
2026-07-17T04:00:00+00:00,KXNBA-27-TOR,0.0300,0.0400,0.0300,2361.09,,503960.39
2026-07-18T04:00:00+00:00,KXNBA-27-TOR,0.0300,0.0400,,0.00,,503960.39
2026-07-19T04:00:00+00:00,KXNBA-27-TOR,0.0300,0.0400,0.0400,351.38,,503960.39
2026-07-20T04:00:00+00:00,KXNBA-27-TOR,0.0300,0.0400,0.0400,2066.47,,502011.04
2026-07-21T04:00:00+00:00,KXNBA-27-TOR,0.0300,0.0400,0.0400,5046.85,,505144.67
2026-07-22T04:00:00+00:00,KXNBA-27-TOR,0.0300,0.0400,,0.00,,505144.67
2026-07-23T04:00:00+00:00,KXNBA-27-TOR,0.0300,0.0400,0.0400,167.00,,505144.67
2026-07-24T04:00:00+00:00,KXNBA-27-TOR,0.0300,0.0400,0.0400,1549.85,,505144.67
2026-07-25T04:00:00+00:00,KXNBA-27-TOR,0.0300,0.0400,0.0400,4447.90,,505124.46
2026-07-26T04:00:00+00:00,KXNBA-27-TOR,0.0300,0.0400,0.0400,257.49,,505124.46
2026-07-27T04:00:00+00:00,KXNBA-27-TOR,0.0300,0.0400,0.0400,1281.13,,505124.46
2026-07-28T04:00:00+00:00,KXNBA-27-TOR,0.0300,0.0400,0.0400,2716.08,,505124.46
2026-07-29T04:00:00+00:00,KXNBA-27-TOR,0.0300,0.0400,0.0400,4786.89,,505124.46
2026-07-30T04:00:00+00:00,KXNBA-27-TOR,0.0300,0.0400,0.0300,2038.32,,505124.46
2026-07-31T04:00:00+00:00,KXNBA-27-TOR,0.0300,0.0400,,0.00,,505124.46
2026-08-01T04:00:00+00:00,KXNBA-27-TOR,0.0300,0.0400,0.0400,1242.29,,505129.60
2026-08-02T04:00:00+00:00,KXNBA-27-TOR,0.0300,0.0400,0.0300,2010.00,,505129.60
2026-08-03T04:00:00+00:00,KXNBA-27-TOR,0.0300,0.0400,0.0300,640.27,,505129.60
2026-08-04T04:00:00+00:00,KXNBA-27-TOR,0.0300,0.0400,0.0400,609.06,,505129.60
2026-08-05T04:00:00+00:00,KXNBA-27-TOR,0.0300,0.0400,0.0400,1709.83,,505129.60
2026-08-06T04:00:00+00:00,KXNBA-27-TOR,0.0300,0.0400,0.0400,2134.21,,505129.60
2026-08-07T04:00:00+00:00,KXNBA-27-TOR,0.0300,0.0400,0.0300,88.06,,505129.60
2026-08-08T04:00:00+00:00,KXNBA-27-TOR,0.0300,0.0400,0.0300,100.00,,505129.60
2026-08-09T04:00:00+00:00,KXNBA-27-TOR,0.0300,0.0400,0.0400,383.12,,505129.60
2026-08-10T04:00:00+00:00,KXNBA-27-TOR,0.0300,0.0400,0.0300,34.71,,505129.60
2026-08-11T04:00:00+00:00,KXNBA-27-TOR,0.0300,0.0400,,0.00,,505129.60
2026-08-12T04:00:00+00:00,KXNBA-27-TOR,0.0300,0.0400,,0.00,,505129.60
2026-08-13T04:00:00+00:00,KXNBA-27-TOR,0.0300,0.0400,0.0300,26.00,,505129.60
2026-08-14T04:00:00+00:00,KXNBA-27-TOR,0.0300,0.0400,0.0400,11.71,,505129.60
2026-08-15T04:00:00+00:00,KXNBA-27-TOR,0.0300,0.0400,,0.00,,505129.60
2026-08-16T04:00:00+00:00,KXNBA-27-TOR,0.0200,0.0300,0.0200,55832.27,,535031.55
2026-08-17T04:00:00+00:00,KXNBA-27-TOR,0.0200,0.0300,,0.00,,535031.55
2026-08-18T04:00:00+00:00,KXNBA-27-TOR,0.0200,0.0300,0.0300,20343.34,,555374.89
2026-08-19T04:00:00+00:00,KXNBA-27-TOR,0.0200,0.0300,0.0300,6289.60,,561664.49
2026-08-20T04:00:00+00:00,KXNBA-27-TOR,0.0200,0.0300,0.0300,1109.24,,562773.73
2026-08-21T04:00:00+00:00,KXNBA-27-TOR,0.0200,0.0300,0.0300,3048.29,,564344.42
2026-08-22T04:00:00+00:00,KXNBA-27-TOR,0.0200,0.0300,0.0300,499.41,,564843.83
2026-08-23T04:00:00+00:00,KXNBA-27-TOR,0.0200,0.0300,0.0300,2685.18,,567519.01
2026-06-30T04:00:00+00:00,KXNBA-27-SAS,0.2100,0.2200,0.2100,6942.34,,65595.97
2026-07-01T04:00:00+00:00,KXNBA-27-SAS,0.2000,0.2100,0.2100,20611.62,,80919.37
2026-07-02T04:00:00+00:00,KXNBA-27-SAS,0.2000,0.2100,0.2100,20311.98,,99975.30
2026-07-03T04:00:00+00:00,KXNBA-27-SAS,0.2000,0.2100,0.2100,2437.51,,101808.71
2026-07-04T04:00:00+00:00,KXNBA-27-SAS,0.2000,0.2100,0.2100,3645.33,,105075.67
2026-07-05T04:00:00+00:00,KXNBA-27-SAS,0.2000,0.2100,0.2000,2959.00,,107712.02
2026-07-06T04:00:00+00:00,KXNBA-27-SAS,0.1900,0.2100,0.2100,2280.43,,108895.13
2026-07-07T04:00:00+00:00,KXNBA-27-SAS,0.1900,0.2000,0.2000,1764.18,,109792.23
2026-07-08T04:00:00+00:00,KXNBA-27-SAS,0.1900,0.2000,0.2000,7247.44,,116793.83
2026-07-09T04:00:00+00:00,KXNBA-27-SAS,0.1900,0.2000,0.2000,1747.87,,117661.61
2026-07-10T04:00:00+00:00,KXNBA-27-SAS,0.1900,0.2000,0.2000,1400.06,,117661.61
2026-07-11T04:00:00+00:00,KXNBA-27-SAS,0.1900,0.2000,0.2000,4437.38,,121765.08
2026-07-12T04:00:00+00:00,KXNBA-27-SAS,0.1900,0.2000,0.2000,1486.15,,122494.24
2026-07-13T04:00:00+00:00,KXNBA-27-SAS,0.1900,0.2000,0.2000,7650.23,,129448.89
2026-07-14T04:00:00+00:00,KXNBA-27-SAS,0.1900,0.2000,0.2000,1472.28,,130376.59
2026-07-15T04:00:00+00:00,KXNBA-27-SAS,0.1900,0.2000,0.1900,3251.87,,132713.20
2026-07-16T04:00:00+00:00,KXNBA-27-SAS,0.1900,0.2000,0.1900,5082.99,,136072.51
2026-07-17T04:00:00+00:00,KXNBA-27-SAS,0.1900,0.2000,0.1800,2904.27,,138632.44
2026-07-18T04:00:00+00:00,KXNBA-27-SAS,0.1800,0.1900,0.1900,1213.69,,139187.18
2026-07-19T04:00:00+00:00,KXNBA-27-SAS,0.1900,0.2000,0.1900,1819.44,,140739.45
2026-07-20T04:00:00+00:00,KXNBA-27-SAS,0.1900,0.2000,0.2000,15374.26,,155409.66
2026-07-21T04:00:00+00:00,KXNBA-27-SAS,0.1900,0.2000,0.2000,9362.13,,162863.44
2026-07-22T04:00:00+00:00,KXNBA-27-SAS,0.1800,0.1900,0.1800,4988.15,,166315.62
2026-07-23T04:00:00+00:00,KXNBA-27-SAS,0.1800,0.2000,0.1800,8405.47,,171087.04
2026-07-24T04:00:00+00:00,KXNBA-27-SAS,0.1800,0.2000,0.2000,21035.40,,180391.12
2026-07-25T04:00:00+00:00,KXNBA-27-SAS,0.1900,0.2000,0.2000,33313.56,,210934.03
2026-07-26T04:00:00+00:00,KXNBA-27-SAS,0.2100,0.2200,0.2200,21293.12,,222918.97
2026-07-27T04:00:00+00:00,KXNBA-27-SAS,0.2100,0.2200,0.2200,6876.92,,226496.80
2026-07-28T04:00:00+00:00,KXNBA-27-SAS,0.2000,0.2100,0.2100,11520.63,,235049.63
2026-07-29T04:00:00+00:00,KXNBA-27-SAS,0.2000,0.2100,0.2100,5701.89,,238947.44
2026-07-30T04:00:00+00:00,KXNBA-27-SAS,0.2000,0.2100,0.2000,4122.53,,241734.81
2026-07-31T04:00:00+00:00,KXNBA-27-SAS,0.1900,0.2000,0.2000,5493.06,,244947.08
2026-08-01T04:00:00+00:00,KXNBA-27-SAS,0.2000,0.2100,0.2100,3592.68,,247430.25
2026-08-02T04:00:00+00:00,KXNBA-27-SAS,0.2000,0.2100,0.2100,18184.02,,260124.42
2026-08-03T04:00:00+00:00,KXNBA-27-SAS,0.2100,0.2200,0.2200,3712.16,,263204.81
2026-08-04T04:00:00+00:00,KXNBA-27-SAS,0.2100,0.2200,0.2100,3402.51,,264018.95
2026-08-05T04:00:00+00:00,KXNBA-27-SAS,0.2100,0.2200,0.2100,2797.13,,265903.86
2026-08-06T04:00:00+00:00,KXNBA-27-SAS,0.2400,0.2500,0.2400,193016.02,,435656.51
2026-08-07T04:00:00+00:00,KXNBA-27-SAS,0.2400,0.2500,0.2500,3512.38,,436586.95
2026-08-08T04:00:00+00:00,KXNBA-27-SAS,0.2400,0.2500,0.2400,5329.71,,438063.62
2026-08-09T04:00:00+00:00,KXNBA-27-SAS,0.2400,0.2500,0.2500,2587.35,,439144.22
2026-08-10T04:00:00+00:00,KXNBA-27-SAS,0.2400,0.2500,0.2500,3750.55,,439420.33
2026-08-11T04:00:00+00:00,KXNBA-27-SAS,0.2300,0.2400,0.2400,8782.52,,442351.34
2026-08-12T04:00:00+00:00,KXNBA-27-SAS,0.2200,0.2300,0.2200,3322.46,,444412.73
2026-08-13T04:00:00+00:00,KXNBA-27-SAS,0.2300,0.2400,0.2400,2244.98,,445079.48
2026-08-14T04:00:00+00:00,KXNBA-27-SAS,0.2200,0.2300,0.2200,909.33,,445190.16
2026-08-15T04:00:00+00:00,KXNBA-27-SAS,0.2200,0.2300,0.2300,2291.67,,446759.55
2026-08-16T04:00:00+00:00,KXNBA-27-SAS,0.2200,0.2300,0.2200,1406.40,,447333.68
2026-08-17T04:00:00+00:00,KXNBA-27-SAS,0.2200,0.2300,0.2300,19685.52,,434683.33
2026-08-18T04:00:00+00:00,KXNBA-27-SAS,0.2200,0.2300,0.2300,1377.29,,434406.76
2026-08-19T04:00:00+00:00,KXNBA-27-SAS,0.2200,0.2300,0.2200,1404.19,,434438.00
2026-08-20T04:00:00+00:00,KXNBA-27-SAS,0.2200,0.2300,0.2200,1872.71,,433185.68
2026-08-21T04:00:00+00:00,KXNBA-27-SAS,0.2200,0.2300,0.2200,1221.62,,433043.24
2026-08-22T04:00:00+00:00,KXNBA-27-SAS,0.2300,0.2400,0.2400,1291.24,,433855.44
2026-08-23T04:00:00+00:00,KXNBA-27-SAS,0.2200,0.2300,0.2200,2085.72,,435014.00
2026-06-30T04:00:00+00:00,KXNBA-27-SAC,0.0000,0.0100,0.0100,10000.00,,30214.11
2026-07-01T04:00:00+00:00,KXNBA-27-SAC,0.0000,0.0100,0.0100,9349.10,,39563.21
2026-07-02T04:00:00+00:00,KXNBA-27-SAC,0.0000,0.0100,0.0100,287.03,,39850.24
2026-07-03T04:00:00+00:00,KXNBA-27-SAC,0.0000,0.0100,0.0100,286.16,,40136.40
2026-07-04T04:00:00+00:00,KXNBA-27-SAC,0.0000,0.0100,0.0100,187.03,,40323.43
2026-07-05T04:00:00+00:00,KXNBA-27-SAC,0.0000,0.0100,0.0100,2.00,,40325.43
2026-07-06T04:00:00+00:00,KXNBA-27-SAC,0.0000,0.0100,0.0100,187.03,,40512.46
2026-07-07T04:00:00+00:00,KXNBA-27-SAC,0.0000,0.0100,,0.00,,40512.46
2026-07-08T04:00:00+00:00,KXNBA-27-SAC,0.0000,0.0100,0.0100,4488.91,,45001.37
2026-07-09T04:00:00+00:00,KXNBA-27-SAC,0.0000,0.0100,,0.00,,45001.37
2026-07-10T04:00:00+00:00,KXNBA-27-SAC,0.0000,0.0100,,0.00,,45001.37
2026-07-11T04:00:00+00:00,KXNBA-27-SAC,0.0000,0.0100,0.0100,935.19,,45936.56
2026-07-12T04:00:00+00:00,KXNBA-27-SAC,0.0000,0.0100,0.0100,935.19,,46871.75
2026-07-13T04:00:00+00:00,KXNBA-27-SAC,0.0000,0.0100,0.0100,935.19,,47806.94
2026-07-14T04:00:00+00:00,KXNBA-27-SAC,0.0000,0.0100,0.0100,1028.71,,48835.65
2026-07-15T04:00:00+00:00,KXNBA-27-SAC,0.0000,0.0100,,0.00,,48835.65
2026-07-16T04:00:00+00:00,KXNBA-27-SAC,0.0000,0.0100,0.0100,500.00,,49335.65
2026-07-17T04:00:00+00:00,KXNBA-27-SAC,0.0000,0.0100,,0.00,,49335.65
2026-07-18T04:00:00+00:00,KXNBA-27-SAC,0.0000,0.0100,0.0100,467.59,,49803.24
2026-07-19T04:00:00+00:00,KXNBA-27-SAC,0.0000,0.0100,,0.00,,49803.24
2026-07-20T04:00:00+00:00,KXNBA-27-SAC,0.0000,0.0100,0.0100,71.06,,49874.30
2026-07-21T04:00:00+00:00,KXNBA-27-SAC,0.0000,0.0100,0.0100,257.13,,50131.43
2026-07-22T04:00:00+00:00,KXNBA-27-SAC,0.0000,0.0100,0.0100,9.35,,50140.78
2026-07-23T04:00:00+00:00,KXNBA-27-SAC,0.0000,0.0100,,0.00,,50140.78
2026-07-24T04:00:00+00:00,KXNBA-27-SAC,0.0000,0.0100,0.0100,18764.10,,68904.88
2026-07-25T04:00:00+00:00,KXNBA-27-SAC,0.0000,0.0100,0.0100,2530.63,,71435.51
2026-07-26T04:00:00+00:00,KXNBA-27-SAC,0.0000,0.0100,0.0100,1140.91,,72576.42
2026-07-27T04:00:00+00:00,KXNBA-27-SAC,0.0000,0.0100,0.0100,9.35,,72585.77
2026-07-28T04:00:00+00:00,KXNBA-27-SAC,0.0000,0.0100,0.0100,280.55,,72866.32
2026-07-29T04:00:00+00:00,KXNBA-27-SAC,0.0000,0.0100,0.0100,1870.38,,74736.70
2026-07-30T04:00:00+00:00,KXNBA-27-SAC,0.0000,0.0100,,0.00,,74736.70
2026-07-31T04:00:00+00:00,KXNBA-27-SAC,0.0000,0.0100,0.0100,166.00,,74902.70
2026-08-01T04:00:00+00:00,KXNBA-27-SAC,0.0000,0.0100,,0.00,,74902.70
2026-08-02T04:00:00+00:00,KXNBA-27-SAC,0.0000,0.0100,,0.00,,74902.70
2026-08-03T04:00:00+00:00,KXNBA-27-SAC,0.0000,0.0100,,0.00,,74902.70
2026-08-04T04:00:00+00:00,KXNBA-27-SAC,0.0000,0.0100,,0.00,,74902.70
2026-08-05T04:00:00+00:00,KXNBA-27-SAC,0.0000,0.0100,,0.00,,74902.70
2026-08-06T04:00:00+00:00,KXNBA-27-SAC,0.0000,0.0100,0.0100,5611.14,,80513.84
2026-08-07T04:00:00+00:00,KXNBA-27-SAC,0.0000,0.0100,0.0100,4769.46,,85283.30
2026-08-08T04:00:00+00:00,KXNBA-27-SAC,0.0000,0.0100,0.0100,477.59,,85760.89
2026-08-09T04:00:00+00:00,KXNBA-27-SAC,0.0000,0.0100,,0.00,,85760.89
2026-08-10T04:00:00+00:00,KXNBA-27-SAC,0.0000,0.0100,0.0100,500.00,,86260.89
2026-08-11T04:00:00+00:00,KXNBA-27-SAC,0.0000,0.0100,,0.00,,86260.89
2026-08-12T04:00:00+00:00,KXNBA-27-SAC,0.0000,0.0100,,0.00,,86260.89
2026-08-13T04:00:00+00:00,KXNBA-27-SAC,0.0000,0.0100,,0.00,,86260.89
2026-08-14T04:00:00+00:00,KXNBA-27-SAC,0.0000,0.0100,,0.00,,86260.89
2026-08-15T04:00:00+00:00,KXNBA-27-SAC,0.0000,0.0100,,0.00,,86260.89
2026-08-16T04:00:00+00:00,KXNBA-27-SAC,0.0000,0.0100,,0.00,,86260.89
2026-08-17T04:00:00+00:00,KXNBA-27-SAC,0.0000,0.0100,,0.00,,86260.89
2026-08-18T04:00:00+00:00,KXNBA-27-SAC,0.0000,0.0100,,0.00,,86260.89
2026-08-19T04:00:00+00:00,KXNBA-27-SAC,0.0000,0.0100,0.0100,166.00,,86426.89
2026-08-20T04:00:00+00:00,KXNBA-27-SAC,0.0000,0.0100,0.0100,2057.42,,88484.31
2026-08-21T04:00:00+00:00,KXNBA-27-SAC,0.0000,0.0100,0.0100,467.59,,88951.90
2026-08-22T04:00:00+00:00,KXNBA-27-SAC,0.0000,0.0100,0.0100,46.75,,88998.65
2026-06-30T04:00:00+00:00,KXNBA-27-POR,0.0100,0.0300,0.0300,302774.06,,410141.20
2026-07-01T04:00:00+00:00,KXNBA-27-POR,0.0100,0.0200,0.0200,20497.89,,411009.35
2026-07-02T04:00:00+00:00,KXNBA-27-POR,0.0100,0.0200,0.0100,8635.35,,411270.59
2026-07-03T04:00:00+00:00,KXNBA-27-POR,0.0100,0.0200,0.0200,5678.85,,415947.61
2026-07-04T04:00:00+00:00,KXNBA-27-POR,0.0100,0.0200,0.0100,4724.96,,419815.49
2026-07-05T04:00:00+00:00,KXNBA-27-POR,0.0100,0.0200,0.0200,2881.58,,422693.07
2026-07-06T04:00:00+00:00,KXNBA-27-POR,0.0100,0.0200,0.0200,2651.66,,424596.59
2026-07-07T04:00:00+00:00,KXNBA-27-POR,0.0100,0.0200,0.0200,17022.80,,412889.05
2026-07-08T04:00:00+00:00,KXNBA-27-POR,0.0100,0.0200,0.0200,661.99,,413364.02
2026-07-09T04:00:00+00:00,KXNBA-27-POR,0.0100,0.0200,0.0200,799.29,,414163.31
2026-07-10T04:00:00+00:00,KXNBA-27-POR,0.0100,0.0200,0.0200,11506.58,,425303.15
2026-07-11T04:00:00+00:00,KXNBA-27-POR,0.0100,0.0200,0.0100,94.56,,425302.17
2026-07-12T04:00:00+00:00,KXNBA-27-POR,0.0100,0.0200,0.0200,1980.62,,427189.21
2026-07-13T04:00:00+00:00,KXNBA-27-POR,0.0100,0.0200,0.0100,2945.80,,426125.01
2026-07-14T04:00:00+00:00,KXNBA-27-POR,0.0100,0.0200,0.0100,2693.87,,424146.06
2026-07-15T04:00:00+00:00,KXNBA-27-POR,0.0100,0.0200,0.0100,1104.23,,423238.33
2026-07-16T04:00:00+00:00,KXNBA-27-POR,0.0100,0.0200,0.0200,1085.57,,424323.90
2026-07-17T04:00:00+00:00,KXNBA-27-POR,0.0100,0.0200,0.0100,1122.96,,424043.16
2026-07-18T04:00:00+00:00,KXNBA-27-POR,0.0100,0.0200,0.0100,9638.76,,424323.90
2026-07-19T04:00:00+00:00,KXNBA-27-POR,0.0100,0.0200,0.0200,6497.28,,425821.18
2026-07-20T04:00:00+00:00,KXNBA-27-POR,0.0100,0.0200,0.0200,492.22,,426313.40
2026-07-21T04:00:00+00:00,KXNBA-27-POR,0.0100,0.0200,0.0200,437.48,,426750.88
2026-07-22T04:00:00+00:00,KXNBA-27-POR,0.0000,0.0100,0.0100,26413.06,,402838.82
2026-07-23T04:00:00+00:00,KXNBA-27-POR,0.0100,0.0200,0.0200,308.52,,403147.34
2026-07-24T04:00:00+00:00,KXNBA-27-POR,0.0100,0.0200,0.0200,511.76,,403657.10
2026-07-25T04:00:00+00:00,KXNBA-27-POR,0.0000,0.0100,0.0100,9430.32,,413087.42
2026-07-26T04:00:00+00:00,KXNBA-27-POR,0.0000,0.0100,0.0100,5246.34,,418333.76
2026-07-27T04:00:00+00:00,KXNBA-27-POR,0.0000,0.0100,0.0100,3671.57,,422005.33
2026-07-28T04:00:00+00:00,KXNBA-27-POR,0.0000,0.0100,0.0100,2540.96,,424546.29
2026-07-29T04:00:00+00:00,KXNBA-27-POR,0.0000,0.0100,0.0100,2337.97,,426884.26
2026-07-30T04:00:00+00:00,KXNBA-27-POR,0.0000,0.0100,,0.00,,426884.26
2026-07-31T04:00:00+00:00,KXNBA-27-POR,0.0000,0.0100,0.0100,18797.33,,445681.59
2026-08-01T04:00:00+00:00,KXNBA-27-POR,0.0000,0.0100,0.0100,1402.78,,447084.37
2026-08-02T04:00:00+00:00,KXNBA-27-POR,0.0000,0.0100,0.0100,3773.81,,450858.18
2026-08-03T04:00:00+00:00,KXNBA-27-POR,0.0000,0.0100,0.0100,1259.17,,452117.35
2026-08-04T04:00:00+00:00,KXNBA-27-POR,0.0000,0.0100,0.0100,308.00,,452425.35
2026-08-05T04:00:00+00:00,KXNBA-27-POR,0.0000,0.0100,0.0100,467.59,,452892.94
2026-08-06T04:00:00+00:00,KXNBA-27-POR,0.0000,0.0100,0.0100,4137.27,,457030.21
2026-08-07T04:00:00+00:00,KXNBA-27-POR,0.0000,0.0100,0.0100,14444.93,,471475.14
2026-08-08T04:00:00+00:00,KXNBA-27-POR,0.0000,0.0100,0.0100,188316.18,,659791.32
2026-08-09T04:00:00+00:00,KXNBA-27-POR,0.0000,0.0100,0.0100,100.00,,659891.32
2026-08-10T04:00:00+00:00,KXNBA-27-POR,0.0000,0.0100,0.0100,1402.59,,661293.91
2026-08-11T04:00:00+00:00,KXNBA-27-POR,0.0000,0.0100,0.0100,1193.29,,662487.20
2026-08-12T04:00:00+00:00,KXNBA-27-POR,0.0000,0.0100,0.0100,2265.94,,664753.14
2026-08-13T04:00:00+00:00,KXNBA-27-POR,0.0000,0.0100,0.0100,27213.29,,691966.43
2026-08-14T04:00:00+00:00,KXNBA-27-POR,0.0000,0.0100,0.0100,93.00,,692059.43
2026-08-15T04:00:00+00:00,KXNBA-27-POR,0.0000,0.0100,0.0100,7296.22,,699355.65
2026-08-16T04:00:00+00:00,KXNBA-27-POR,0.0000,0.0100,0.0100,974.46,,700330.11
2026-08-17T04:00:00+00:00,KXNBA-27-POR,0.0000,0.0100,,0.00,,700330.11
2026-08-18T04:00:00+00:00,KXNBA-27-POR,0.0000,0.0100,0.0100,494.71,,700824.82
2026-08-19T04:00:00+00:00,KXNBA-27-POR,0.0000,0.0100,0.0100,10861.29,,711686.11
2026-08-20T04:00:00+00:00,KXNBA-27-POR,0.0000,0.0100,0.0100,467.59,,712153.70
2026-08-21T04:00:00+00:00,KXNBA-27-POR,0.0000,0.0100,0.0100,6078.73,,718232.43
2026-08-22T04:00:00+00:00,KXNBA-27-POR,0.0000,0.0100,0.0100,1765.61,,719998.04
2026-08-23T04:00:00+00:00,KXNBA-27-POR,0.0000,0.0100,0.0100,467.59,,720465.63
2026-06-30T04:00:00+00:00,KXNBA-27-PHX,0.0000,0.0100,0.0100,187.03,,17164.97
2026-07-01T04:00:00+00:00,KXNBA-27-PHX,0.0000,0.0100,0.0100,321.03,,17486.00
2026-07-02T04:00:00+00:00,KXNBA-27-PHX,0.0000,0.0100,0.0100,677.06,,18163.06
2026-07-03T04:00:00+00:00,KXNBA-27-PHX,0.0000,0.0100,0.0100,815.47,,18978.53
2026-07-04T04:00:00+00:00,KXNBA-27-PHX,0.0000,0.0100,0.0100,2805.54,,21784.07
2026-07-05T04:00:00+00:00,KXNBA-27-PHX,0.0000,0.0100,0.0100,85.10,,21869.17
2026-07-06T04:00:00+00:00,KXNBA-27-PHX,0.0000,0.0100,0.0100,187.02,,22056.19
2026-07-07T04:00:00+00:00,KXNBA-27-PHX,0.0000,0.0100,0.0100,93.51,,22149.70
2026-07-08T04:00:00+00:00,KXNBA-27-PHX,0.0000,0.0100,,0.00,,22149.70
2026-07-09T04:00:00+00:00,KXNBA-27-PHX,0.0000,0.0100,0.0100,2711.45,,24861.15
2026-07-10T04:00:00+00:00,KXNBA-27-PHX,0.0000,0.0100,,0.00,,24861.15
2026-07-11T04:00:00+00:00,KXNBA-27-PHX,0.0000,0.0100,0.0100,93.51,,24954.66
2026-07-12T04:00:00+00:00,KXNBA-27-PHX,0.0000,0.0100,0.0100,1870.38,,26825.04
2026-07-13T04:00:00+00:00,KXNBA-27-PHX,0.0000,0.0100,0.0100,826.70,,27651.74
2026-07-14T04:00:00+00:00,KXNBA-27-PHX,0.0000,0.0100,0.0100,93.51,,27745.25
2026-07-15T04:00:00+00:00,KXNBA-27-PHX,0.0000,0.0100,0.0100,333.00,,28078.25
2026-07-16T04:00:00+00:00,KXNBA-27-PHX,0.0000,0.0100,,0.00,,28078.25
2026-07-17T04:00:00+00:00,KXNBA-27-PHX,0.0000,0.0100,,0.00,,28078.25
2026-07-18T04:00:00+00:00,KXNBA-27-PHX,0.0000,0.0100,0.0100,66.00,,28144.25
2026-07-19T04:00:00+00:00,KXNBA-27-PHX,0.0000,0.0100,,0.00,,28144.25
2026-07-20T04:00:00+00:00,KXNBA-27-PHX,0.0000,0.0100,,0.00,,28144.25
2026-07-21T04:00:00+00:00,KXNBA-27-PHX,0.0000,0.0100,0.0100,1589.82,,29734.07
2026-07-22T04:00:00+00:00,KXNBA-27-PHX,0.0000,0.0100,0.0100,9.35,,29743.42
2026-07-23T04:00:00+00:00,KXNBA-27-PHX,0.0000,0.0100,0.0100,1596.36,,31339.78
2026-07-24T04:00:00+00:00,KXNBA-27-PHX,0.0000,0.0100,0.0100,376.06,,31715.84
2026-07-25T04:00:00+00:00,KXNBA-27-PHX,0.0000,0.0100,0.0100,6827.72,,38543.56
2026-07-26T04:00:00+00:00,KXNBA-27-PHX,0.0000,0.0100,0.0100,853.36,,39396.92
2026-07-27T04:00:00+00:00,KXNBA-27-PHX,0.0000,0.0100,0.0100,2224.64,,41621.56
2026-07-28T04:00:00+00:00,KXNBA-27-PHX,0.0000,0.0100,,0.00,,41621.56
2026-07-29T04:00:00+00:00,KXNBA-27-PHX,0.0000,0.0100,0.0100,1546.30,,43167.86
2026-07-30T04:00:00+00:00,KXNBA-27-PHX,0.0000,0.0100,,0.00,,43167.86
2026-07-31T04:00:00+00:00,KXNBA-27-PHX,0.0000,0.0100,,0.00,,43167.86
2026-08-01T04:00:00+00:00,KXNBA-27-PHX,0.0000,0.0100,,0.00,,43167.86
2026-08-02T04:00:00+00:00,KXNBA-27-PHX,0.0000,0.0100,0.0100,9916.76,,53084.62
2026-08-03T04:00:00+00:00,KXNBA-27-PHX,0.0000,0.0100,,0.00,,53084.62
2026-08-04T04:00:00+00:00,KXNBA-27-PHX,0.0000,0.0100,0.0100,10474.13,,63558.75
2026-08-05T04:00:00+00:00,KXNBA-27-PHX,0.0000,0.0100,0.0100,561.10,,64119.85
2026-08-06T04:00:00+00:00,KXNBA-27-PHX,0.0000,0.0100,0.0100,3626.51,,67746.36
2026-08-07T04:00:00+00:00,KXNBA-27-PHX,0.0000,0.0100,0.0100,93.51,,67839.87
2026-08-08T04:00:00+00:00,KXNBA-27-PHX,0.0000,0.0100,0.0100,10.00,,67849.87
2026-08-09T04:00:00+00:00,KXNBA-27-PHX,0.0000,0.0100,0.0100,93.51,,67943.38
2026-08-10T04:00:00+00:00,KXNBA-27-PHX,0.0000,0.0100,,0.00,,67943.38
2026-08-11T04:00:00+00:00,KXNBA-27-PHX,0.0000,0.0100,,0.00,,67943.38
2026-08-12T04:00:00+00:00,KXNBA-27-PHX,0.0000,0.0100,0.0100,0.93,,67944.31
2026-08-13T04:00:00+00:00,KXNBA-27-PHX,0.0000,0.0100,0.0100,467.59,,68411.90
2026-08-14T04:00:00+00:00,KXNBA-27-PHX,0.0000,0.0100,,0.00,,68411.90
2026-08-15T04:00:00+00:00,KXNBA-27-PHX,0.0000,0.0100,,0.00,,68411.90
2026-08-16T04:00:00+00:00,KXNBA-27-PHX,0.0000,0.0100,,0.00,,68411.90
2026-08-17T04:00:00+00:00,KXNBA-27-PHX,0.0000,0.0100,,0.00,,68411.90
2026-08-18T04:00:00+00:00,KXNBA-27-PHX,0.0000,0.0100,,0.00,,68411.90
2026-08-19T04:00:00+00:00,KXNBA-27-PHX,0.0000,0.0100,,0.00,,68411.90
2026-08-20T04:00:00+00:00,KXNBA-27-PHX,0.0000,0.0100,,0.00,,68411.90
2026-08-21T04:00:00+00:00,KXNBA-27-PHX,0.0000,0.0100,0.0100,41.00,,68452.90
2026-08-22T04:00:00+00:00,KXNBA-27-PHX,0.0000,0.0100,,0.00,,68452.90
2026-08-23T04:00:00+00:00,KXNBA-27-PHX,0.0000,0.0100,0.0100,93.51,,68546.41
2026-06-30T04:00:00+00:00,KXNBA-27-PHI,0.0100,0.0200,0.0200,1224.77,,17240.01
2026-07-01T04:00:00+00:00,KXNBA-27-PHI,0.0100,0.0200,0.0100,1616.01,,18809.23
2026-07-02T04:00:00+00:00,KXNBA-27-PHI,0.0500,0.0600,0.0600,758350.49,,518697.97
2026-07-03T04:00:00+00:00,KXNBA-27-PHI,0.0700,0.0800,0.0900,191525.86,,631917.63
2026-07-04T04:00:00+00:00,KXNBA-27-PHI,0.0700,0.0900,0.0900,83224.53,,665709.88
2026-07-05T04:00:00+00:00,KXNBA-27-PHI,0.0700,0.0800,0.0800,26635.32,,682242.40
2026-07-06T04:00:00+00:00,KXNBA-27-PHI,0.0800,0.0900,0.0800,15526.79,,677342.93
2026-07-07T04:00:00+00:00,KXNBA-27-PHI,0.0600,0.0700,0.0700,14758.27,,670883.52
2026-07-08T04:00:00+00:00,KXNBA-27-PHI,0.0600,0.0800,0.0800,14685.38,,673008.07
2026-07-09T04:00:00+00:00,KXNBA-27-PHI,0.0800,0.0900,0.0900,11713.54,,680758.05
2026-07-10T04:00:00+00:00,KXNBA-27-PHI,0.0700,0.0800,0.0900,7783.72,,687271.02
2026-07-11T04:00:00+00:00,KXNBA-27-PHI,0.0700,0.0800,0.0700,21159.76,,705863.29
2026-07-12T04:00:00+00:00,KXNBA-27-PHI,0.0600,0.0800,0.0600,9598.10,,705245.98
2026-07-13T04:00:00+00:00,KXNBA-27-PHI,0.0600,0.0800,0.0800,4804.46,,704987.58
2026-07-14T04:00:00+00:00,KXNBA-27-PHI,0.0700,0.0800,0.0800,6401.15,,708252.81
2026-07-15T04:00:00+00:00,KXNBA-27-PHI,0.0600,0.0700,0.0600,9060.79,,710727.63
2026-07-16T04:00:00+00:00,KXNBA-27-PHI,0.0600,0.0700,0.0700,18035.46,,724585.06
2026-07-17T04:00:00+00:00,KXNBA-27-PHI,0.0700,0.0800,0.0700,16148.10,,733854.25
2026-07-18T04:00:00+00:00,KXNBA-27-PHI,0.0700,0.0800,0.0800,6535.50,,737974.60
2026-07-19T04:00:00+00:00,KXNBA-27-PHI,0.0800,0.1000,0.0900,33405.70,,756440.72
2026-07-20T04:00:00+00:00,KXNBA-27-PHI,0.0700,0.0900,0.0900,7424.06,,757592.36
2026-07-21T04:00:00+00:00,KXNBA-27-PHI,0.0500,0.0600,0.0600,23319.15,,771979.62
2026-07-22T04:00:00+00:00,KXNBA-27-PHI,0.0600,0.0700,0.0700,30978.35,,801676.60
2026-07-23T04:00:00+00:00,KXNBA-27-PHI,0.0500,0.0600,0.0600,8076.06,,803900.71
2026-07-24T04:00:00+00:00,KXNBA-27-PHI,0.0500,0.0600,0.0600,7184.39,,805273.76
2026-07-25T04:00:00+00:00,KXNBA-27-PHI,0.1100,0.1200,0.1200,2778784.38,,3262009.73
2026-07-26T04:00:00+00:00,KXNBA-27-PHI,0.1100,0.1200,0.1200,391772.62,,3549903.07
2026-07-27T04:00:00+00:00,KXNBA-27-PHI,0.1100,0.1200,0.1100,201212.93,,3688712.10
2026-07-28T04:00:00+00:00,KXNBA-27-PHI,0.1100,0.1200,0.1200,204995.85,,3855028.66
2026-07-29T04:00:00+00:00,KXNBA-27-PHI,0.1100,0.1200,0.1200,67362.79,,3892618.09
2026-07-30T04:00:00+00:00,KXNBA-27-PHI,0.1100,0.1200,0.1100,133701.10,,4000474.58
2026-07-31T04:00:00+00:00,KXNBA-27-PHI,0.1100,0.1200,0.1200,82178.66,,4056903.64
2026-08-01T04:00:00+00:00,KXNBA-27-PHI,0.1100,0.1200,0.1200,92807.08,,4134537.33
2026-08-02T04:00:00+00:00,KXNBA-27-PHI,0.1100,0.1200,0.1100,60093.28,,4174393.82
2026-08-03T04:00:00+00:00,KXNBA-27-PHI,0.1100,0.1200,0.1200,83844.00,,4236296.38
2026-08-04T04:00:00+00:00,KXNBA-27-PHI,0.1100,0.1200,0.1200,45604.08,,4261812.15
2026-08-05T04:00:00+00:00,KXNBA-27-PHI,0.1000,0.1100,0.1100,86577.27,,4340239.13
2026-08-06T04:00:00+00:00,KXNBA-27-PHI,0.1000,0.1100,0.1100,668508.93,,4662293.60
2026-08-07T04:00:00+00:00,KXNBA-27-PHI,0.1000,0.1100,0.1100,63143.14,,4704634.43
2026-08-08T04:00:00+00:00,KXNBA-27-PHI,0.1000,0.1100,0.1100,31570.35,,4730659.73
2026-08-09T04:00:00+00:00,KXNBA-27-PHI,0.1000,0.1100,0.1000,55898.86,,4764923.75
2026-08-10T04:00:00+00:00,KXNBA-27-PHI,0.1000,0.1100,0.1100,23664.57,,4779301.54
2026-08-11T04:00:00+00:00,KXNBA-27-PHI,0.1000,0.1100,0.1100,70682.43,,4845060.67
2026-08-12T04:00:00+00:00,KXNBA-27-PHI,0.1000,0.1100,0.1100,49632.72,,4884952.33
2026-08-13T04:00:00+00:00,KXNBA-27-PHI,0.1000,0.1100,0.1100,28531.32,,4904218.94
2026-08-14T04:00:00+00:00,KXNBA-27-PHI,0.1000,0.1100,0.1100,42502.35,,4920274.48
2026-08-15T04:00:00+00:00,KXNBA-27-PHI,0.1000,0.1100,0.1100,33723.03,,4947132.09
2026-08-16T04:00:00+00:00,KXNBA-27-PHI,0.1000,0.1100,0.1000,30607.40,,4957066.72
2026-08-17T04:00:00+00:00,KXNBA-27-PHI,0.1000,0.1100,0.1100,67382.67,,4960459.89
2026-08-18T04:00:00+00:00,KXNBA-27-PHI,0.0900,0.1000,0.1000,44890.08,,4996200.75
2026-08-19T04:00:00+00:00,KXNBA-27-PHI,0.1000,0.1100,0.1100,24684.03,,5010000.19
2026-08-20T04:00:00+00:00,KXNBA-27-PHI,0.1000,0.1100,0.1100,18021.51,,5023133.77
2026-08-21T04:00:00+00:00,KXNBA-27-PHI,0.1000,0.1100,0.1100,186982.21,,5204341.41
2026-08-22T04:00:00+00:00,KXNBA-27-PHI,0.1000,0.1100,0.1100,35115.90,,5219563.12
2026-08-23T04:00:00+00:00,KXNBA-27-PHI,0.0900,0.1100,0.1100,16696.01,,5226722.70
2026-06-30T04:00:00+00:00,KXNBA-27-ORL,0.0100,0.0200,0.0200,3983.95,,44085.84
2026-07-01T04:00:00+00:00,KXNBA-27-ORL,0.0100,0.0200,0.0100,1027.93,,45113.77
2026-07-02T04:00:00+00:00,KXNBA-27-ORL,0.0100,0.0200,0.0100,1308.37,,46422.14
2026-07-03T04:00:00+00:00,KXNBA-27-ORL,0.0100,0.0200,0.0100,283.24,,46614.14
2026-07-04T04:00:00+00:00,KXNBA-27-ORL,0.0100,0.0200,0.0200,1824.03,,48438.17
2026-07-05T04:00:00+00:00,KXNBA-27-ORL,0.0100,0.0200,,0.00,,48438.17
2026-07-06T04:00:00+00:00,KXNBA-27-ORL,0.0100,0.0200,0.0100,1394.50,,48437.17
2026-07-07T04:00:00+00:00,KXNBA-27-ORL,0.0100,0.0200,0.0100,77.05,,48467.43
2026-07-08T04:00:00+00:00,KXNBA-27-ORL,0.0100,0.0200,,0.00,,48467.43
2026-07-09T04:00:00+00:00,KXNBA-27-ORL,0.0100,0.0200,0.0200,233.95,,48701.38
2026-07-10T04:00:00+00:00,KXNBA-27-ORL,0.0100,0.0200,0.0200,46.79,,48748.17
2026-07-11T04:00:00+00:00,KXNBA-27-ORL,0.0100,0.0200,0.0100,1122.96,,49357.55
2026-07-12T04:00:00+00:00,KXNBA-27-ORL,0.0100,0.0200,0.0200,514.69,,49872.24
2026-07-13T04:00:00+00:00,KXNBA-27-ORL,0.0100,0.0200,0.0200,10.00,,49877.24
2026-07-14T04:00:00+00:00,KXNBA-27-ORL,0.0100,0.0200,,0.00,,49877.24
2026-07-15T04:00:00+00:00,KXNBA-27-ORL,0.0100,0.0200,0.0100,467.90,,49877.24
2026-07-16T04:00:00+00:00,KXNBA-27-ORL,0.0100,0.0200,0.0200,233.50,,50110.74
2026-07-17T04:00:00+00:00,KXNBA-27-ORL,0.0100,0.0200,,0.00,,50110.74
2026-07-18T04:00:00+00:00,KXNBA-27-ORL,0.0100,0.0200,,0.00,,50110.74
2026-07-19T04:00:00+00:00,KXNBA-27-ORL,0.0100,0.0200,,0.00,,50110.74
2026-07-20T04:00:00+00:00,KXNBA-27-ORL,0.0100,0.0200,,0.00,,50110.74
2026-07-21T04:00:00+00:00,KXNBA-27-ORL,0.0000,0.0100,0.0100,3151.97,,53262.71
2026-07-22T04:00:00+00:00,KXNBA-27-ORL,0.0000,0.0100,0.0100,944.53,,54207.24
2026-07-23T04:00:00+00:00,KXNBA-27-ORL,0.0000,0.0100,0.0100,1402.59,,55609.83
2026-07-24T04:00:00+00:00,KXNBA-27-ORL,0.0000,0.0100,0.0100,1286.70,,56896.53
2026-07-25T04:00:00+00:00,KXNBA-27-ORL,0.0000,0.0100,0.0100,141310.38,,198206.91
2026-07-26T04:00:00+00:00,KXNBA-27-ORL,0.0000,0.0100,0.0100,118051.03,,316257.94
2026-07-27T04:00:00+00:00,KXNBA-27-ORL,0.0000,0.0100,0.0100,1499.56,,317757.50
2026-07-28T04:00:00+00:00,KXNBA-27-ORL,0.0000,0.0100,0.0100,47863.26,,365620.76
2026-07-29T04:00:00+00:00,KXNBA-27-ORL,0.0000,0.0100,0.0100,9164.87,,374785.63
2026-07-30T04:00:00+00:00,KXNBA-27-ORL,0.0000,0.0100,0.0100,94174.67,,468960.30
2026-07-31T04:00:00+00:00,KXNBA-27-ORL,0.0000,0.0100,,0.00,,468960.30
2026-08-01T04:00:00+00:00,KXNBA-27-ORL,0.0000,0.0100,0.0100,28196.00,,497156.30
2026-08-02T04:00:00+00:00,KXNBA-27-ORL,0.0000,0.0100,0.0100,2062.71,,499219.01
2026-08-03T04:00:00+00:00,KXNBA-27-ORL,0.0000,0.0100,0.0100,93520.05,,592739.06
2026-08-04T04:00:00+00:00,KXNBA-27-ORL,0.0000,0.0100,0.0100,280.00,,593019.06
2026-08-05T04:00:00+00:00,KXNBA-27-ORL,0.0000,0.0100,,0.00,,593019.06
2026-08-06T04:00:00+00:00,KXNBA-27-ORL,0.0000,0.0100,0.0100,5143.55,,598162.61
2026-08-07T04:00:00+00:00,KXNBA-27-ORL,0.0000,0.0100,0.0100,93612.63,,691775.24
2026-08-08T04:00:00+00:00,KXNBA-27-ORL,0.0000,0.0100,0.0100,10.00,,691785.24
2026-08-09T04:00:00+00:00,KXNBA-27-ORL,0.0000,0.0100,0.0100,93519.12,,785304.36
2026-08-10T04:00:00+00:00,KXNBA-27-ORL,0.0000,0.0100,,0.00,,785304.36
2026-08-11T04:00:00+00:00,KXNBA-27-ORL,0.0000,0.0100,,0.00,,785304.36
2026-08-12T04:00:00+00:00,KXNBA-27-ORL,0.0000,0.0100,0.0100,93.51,,785397.87
2026-08-13T04:00:00+00:00,KXNBA-27-ORL,0.0000,0.0100,0.0100,93.51,,785491.38
2026-08-14T04:00:00+00:00,KXNBA-27-ORL,0.0000,0.0100,,0.00,,785491.38
2026-08-16T04:00:00+00:00,KXNBA-27-ORL,0.0000,0.0100,0.0100,385118.00,,785491.38
2026-08-17T04:00:00+00:00,KXNBA-27-ORL,0.0000,0.0100,,0.00,,785491.38
2026-08-18T04:00:00+00:00,KXNBA-27-ORL,0.0000,0.0100,,0.00,,785491.38
2026-08-19T04:00:00+00:00,KXNBA-27-ORL,0.0000,0.0100,0.0200,71128.84,,856620.22
2026-08-20T04:00:00+00:00,KXNBA-27-ORL,0.0000,0.0100,0.0100,187.03,,856807.25
2026-08-21T04:00:00+00:00,KXNBA-27-ORL,0.0100,0.0200,0.0100,4.00,,856803.25
2026-08-22T04:00:00+00:00,KXNBA-27-ORL,0.0100,0.0200,0.0200,187.09,,856709.74
2026-08-23T04:00:00+00:00,KXNBA-27-ORL,0.0100,0.0200,,0.00,,856709.74
2026-06-30T04:00:00+00:00,KXNBA-27-OKC,0.2400,0.2500,0.2500,1149.27,,33815.33
2026-07-01T04:00:00+00:00,KXNBA-27-OKC,0.2400,0.2500,0.2500,10717.06,,43816.02
2026-07-02T04:00:00+00:00,KXNBA-27-OKC,0.2400,0.2500,0.2400,3012.32,,46456.44
2026-07-03T04:00:00+00:00,KXNBA-27-OKC,0.2400,0.2500,0.2400,3068.00,,48732.19
2026-07-04T04:00:00+00:00,KXNBA-27-OKC,0.2400,0.2500,0.2500,2423.52,,50713.05
2026-07-05T04:00:00+00:00,KXNBA-27-OKC,0.2400,0.2500,0.2500,1252.64,,51484.28
2026-07-06T04:00:00+00:00,KXNBA-27-OKC,0.2400,0.2500,0.2500,2481.95,,53225.50
2026-07-07T04:00:00+00:00,KXNBA-27-OKC,0.2300,0.2400,0.2300,97717.14,,149889.27
2026-07-08T04:00:00+00:00,KXNBA-27-OKC,0.2200,0.2300,0.2300,4665.54,,153304.80
2026-07-09T04:00:00+00:00,KXNBA-27-OKC,0.2100,0.2200,0.2100,3273.33,,155730.49
2026-07-10T04:00:00+00:00,KXNBA-27-OKC,0.2100,0.2200,0.2200,2811.19,,157773.29
2026-07-11T04:00:00+00:00,KXNBA-27-OKC,0.2100,0.2200,0.2100,2911.97,,159840.80
2026-07-12T04:00:00+00:00,KXNBA-27-OKC,0.2100,0.2200,0.2200,1867.28,,160997.84
2026-07-13T04:00:00+00:00,KXNBA-27-OKC,0.2100,0.2200,0.2200,2032.20,,162122.87
2026-07-14T04:00:00+00:00,KXNBA-27-OKC,0.2100,0.2200,0.2100,2675.14,,164249.39
2026-07-15T04:00:00+00:00,KXNBA-27-OKC,0.2100,0.2200,0.2100,5295.01,,168384.05
2026-07-16T04:00:00+00:00,KXNBA-27-OKC,0.2100,0.2200,0.2100,1511.52,,169158.49
2026-07-17T04:00:00+00:00,KXNBA-27-OKC,0.2100,0.2200,0.2200,6992.07,,171584.30
2026-07-18T04:00:00+00:00,KXNBA-27-OKC,0.2100,0.2200,0.2200,886.49,,172208.33
2026-07-19T04:00:00+00:00,KXNBA-27-OKC,0.2100,0.2200,0.2200,1407.40,,173204.57
2026-07-20T04:00:00+00:00,KXNBA-27-OKC,0.2100,0.2200,0.2200,4380.65,,176147.65
2026-07-21T04:00:00+00:00,KXNBA-27-OKC,0.2100,0.2200,0.2200,7081.06,,181615.30
2026-07-22T04:00:00+00:00,KXNBA-27-OKC,0.2100,0.2200,0.2100,7307.43,,186312.05
2026-07-23T04:00:00+00:00,KXNBA-27-OKC,0.2100,0.2200,0.2100,7568.80,,191103.76
2026-07-24T04:00:00+00:00,KXNBA-27-OKC,0.2100,0.2200,0.2200,3472.30,,193257.05
2026-07-25T04:00:00+00:00,KXNBA-27-OKC,0.2100,0.2200,0.2100,65742.03,,257613.04
2026-07-26T04:00:00+00:00,KXNBA-27-OKC,0.2000,0.2100,0.2100,38617.29,,257801.74
2026-07-27T04:00:00+00:00,KXNBA-27-OKC,0.2000,0.2100,0.2100,7290.94,,262653.17
2026-07-28T04:00:00+00:00,KXNBA-27-OKC,0.2000,0.2100,0.2100,5594.27,,267177.91
2026-07-29T04:00:00+00:00,KXNBA-27-OKC,0.2000,0.2100,0.2000,3293.42,,269358.69
2026-07-30T04:00:00+00:00,KXNBA-27-OKC,0.2000,0.2100,0.2100,6941.37,,275725.40
2026-07-31T04:00:00+00:00,KXNBA-27-OKC,0.2000,0.2100,0.2000,4933.34,,277331.85
2026-08-01T04:00:00+00:00,KXNBA-27-OKC,0.2000,0.2100,0.2000,4076.73,,280246.50
2026-08-02T04:00:00+00:00,KXNBA-27-OKC,0.2000,0.2100,0.2000,68375.60,,345418.34
2026-08-03T04:00:00+00:00,KXNBA-27-OKC,0.2100,0.2200,0.2200,2975.61,,346279.23
2026-08-04T04:00:00+00:00,KXNBA-27-OKC,0.2100,0.2200,0.2200,3928.21,,347883.26
2026-08-05T04:00:00+00:00,KXNBA-27-OKC,0.2100,0.2200,0.2200,1649.49,,348226.02
2026-08-06T04:00:00+00:00,KXNBA-27-OKC,0.2100,0.2200,0.2100,2870.05,,347177.01
2026-08-07T04:00:00+00:00,KXNBA-27-OKC,0.2200,0.2300,0.2300,8257.95,,349497.32
2026-08-08T04:00:00+00:00,KXNBA-27-OKC,0.2200,0.2300,0.2200,1862.37,,350395.11
2026-08-09T04:00:00+00:00,KXNBA-27-OKC,0.2200,0.2300,0.2300,997.17,,351073.66
2026-08-10T04:00:00+00:00,KXNBA-27-OKC,0.2200,0.2300,0.2200,1266.06,,352059.16
2026-08-11T04:00:00+00:00,KXNBA-27-OKC,0.2200,0.2300,0.2300,650.46,,352612.13
2026-08-12T04:00:00+00:00,KXNBA-27-OKC,0.2200,0.2300,0.2300,1670.19,,354116.51
2026-08-13T04:00:00+00:00,KXNBA-27-OKC,0.2200,0.2300,0.2300,1823.59,,354494.57
2026-08-14T04:00:00+00:00,KXNBA-27-OKC,0.2200,0.2300,0.2200,905.36,,354494.57
2026-08-15T04:00:00+00:00,KXNBA-27-OKC,0.2200,0.2300,0.2200,1794.06,,354505.41
2026-08-16T04:00:00+00:00,KXNBA-27-OKC,0.2200,0.2300,0.2300,967.70,,354372.69
2026-08-17T04:00:00+00:00,KXNBA-27-OKC,0.2200,0.2300,0.2300,3388.53,,354370.58
2026-08-18T04:00:00+00:00,KXNBA-27-OKC,0.2200,0.2300,0.2200,1158.34,,354370.58
2026-08-19T04:00:00+00:00,KXNBA-27-OKC,0.2200,0.2300,0.2300,640.60,,354385.50
2026-08-20T04:00:00+00:00,KXNBA-27-OKC,0.2200,0.2300,0.2200,1165.85,,354385.50
2026-08-21T04:00:00+00:00,KXNBA-27-OKC,0.2200,0.2300,0.2300,1202.34,,354654.88
2026-08-22T04:00:00+00:00,KXNBA-27-OKC,0.2200,0.2300,0.2200,305.76,,354703.50
2026-08-23T04:00:00+00:00,KXNBA-27-OKC,0.2200,0.2300,0.2200,443.68,,354703.45
2026-06-30T04:00:00+00:00,KXNBA-27-NYK,0.1100,0.1200,0.1100,11409.36,,163422.70
2026-07-01T04:00:00+00:00,KXNBA-27-NYK,0.1000,0.1100,0.1100,21037.85,,169356.40
2026-07-02T04:00:00+00:00,KXNBA-27-NYK,0.0900,0.1000,0.1000,7268.38,,176505.76
2026-07-03T04:00:00+00:00,KXNBA-27-NYK,0.0900,0.1000,0.0900,11226.30,,187223.52
2026-07-04T04:00:00+00:00,KXNBA-27-NYK,0.0900,0.1000,0.1000,6261.14,,192449.41
2026-07-05T04:00:00+00:00,KXNBA-27-NYK,0.0800,0.0900,0.0900,7569.02,,199941.77
2026-07-06T04:00:00+00:00,KXNBA-27-NYK,0.0800,0.0900,0.0800,5037.46,,201865.47
2026-07-07T04:00:00+00:00,KXNBA-27-NYK,0.0700,0.0800,0.0800,10854.55,,210740.51
2026-07-08T04:00:00+00:00,KXNBA-27-NYK,0.0700,0.0800,0.0800,4749.51,,215076.25
2026-07-09T04:00:00+00:00,KXNBA-27-NYK,0.0700,0.0800,0.0700,52881.19,,267801.91
2026-07-10T04:00:00+00:00,KXNBA-27-NYK,0.0700,0.0800,0.0800,3631.93,,271393.46
2026-07-11T04:00:00+00:00,KXNBA-27-NYK,0.0700,0.0800,0.0800,3179.12,,274393.89
2026-07-12T04:00:00+00:00,KXNBA-27-NYK,0.0600,0.0800,0.0700,11978.27,,279065.93
2026-07-13T04:00:00+00:00,KXNBA-27-NYK,0.0600,0.0800,0.0600,940.30,,279917.32
2026-07-14T04:00:00+00:00,KXNBA-27-NYK,0.0600,0.0700,0.0700,3541.66,,283295.88
2026-07-15T04:00:00+00:00,KXNBA-27-NYK,0.0700,0.0800,0.0800,721.45,,283684.30
2026-07-16T04:00:00+00:00,KXNBA-27-NYK,0.0700,0.0800,0.0800,11486.39,,289130.47
2026-07-17T04:00:00+00:00,KXNBA-27-NYK,0.0700,0.0800,0.0700,1823.74,,290701.63
2026-07-18T04:00:00+00:00,KXNBA-27-NYK,0.0700,0.0800,0.0800,3206.74,,293908.37
2026-07-19T04:00:00+00:00,KXNBA-27-NYK,0.0700,0.0800,0.0800,39609.37,,333215.26
2026-07-20T04:00:00+00:00,KXNBA-27-NYK,0.0700,0.0800,0.0800,20225.74,,352912.12
2026-07-21T04:00:00+00:00,KXNBA-27-NYK,0.0700,0.0800,0.0800,13609.64,,366224.00
2026-07-22T04:00:00+00:00,KXNBA-27-NYK,0.0700,0.0800,0.0800,8346.75,,374209.31
2026-07-23T04:00:00+00:00,KXNBA-27-NYK,0.0700,0.0800,0.0800,4213.09,,377988.77
2026-07-24T04:00:00+00:00,KXNBA-27-NYK,0.0600,0.0800,0.0800,4647.16,,381415.75
2026-07-25T04:00:00+00:00,KXNBA-27-NYK,0.0700,0.0800,0.0800,169922.94,,550008.60
2026-07-26T04:00:00+00:00,KXNBA-27-NYK,0.0700,0.0800,0.0800,23848.65,,570486.57
2026-07-27T04:00:00+00:00,KXNBA-27-NYK,0.0800,0.0900,0.0900,37965.12,,591706.50
2026-07-28T04:00:00+00:00,KXNBA-27-NYK,0.0800,0.0900,0.0900,16542.68,,606089.54
2026-07-29T04:00:00+00:00,KXNBA-27-NYK,0.0800,0.0900,0.0800,9826.29,,615689.40
2026-07-30T04:00:00+00:00,KXNBA-27-NYK,0.0800,0.0900,0.0900,3145.71,,618009.54
2026-07-31T04:00:00+00:00,KXNBA-27-NYK,0.0800,0.0900,0.0800,9925.21,,627568.12
2026-08-01T04:00:00+00:00,KXNBA-27-NYK,0.0800,0.0900,0.0900,4575.91,,632144.03
2026-08-02T04:00:00+00:00,KXNBA-27-NYK,0.0800,0.0900,0.0900,2707.68,,634725.34
2026-08-03T04:00:00+00:00,KXNBA-27-NYK,0.0800,0.0900,0.0900,24496.90,,638278.30
2026-08-04T04:00:00+00:00,KXNBA-27-NYK,0.0800,0.0900,0.0900,3657.56,,641852.15
2026-08-05T04:00:00+00:00,KXNBA-27-NYK,0.0800,0.0900,0.0900,13017.30,,654100.83
2026-08-06T04:00:00+00:00,KXNBA-27-NYK,0.0800,0.0900,0.0900,5372.44,,658406.53
2026-08-07T04:00:00+00:00,KXNBA-27-NYK,0.0800,0.0900,0.0800,10004.69,,663939.48
2026-08-08T04:00:00+00:00,KXNBA-27-NYK,0.0800,0.0900,0.0900,13351.96,,677200.62
2026-08-09T04:00:00+00:00,KXNBA-27-NYK,0.0800,0.0900,0.0900,4320.30,,681179.32
2026-08-10T04:00:00+00:00,KXNBA-27-NYK,0.0800,0.0900,0.0900,5302.42,,685123.81
2026-08-11T04:00:00+00:00,KXNBA-27-NYK,0.0800,0.0900,0.0900,1441.23,,686564.01
2026-08-12T04:00:00+00:00,KXNBA-27-NYK,0.0800,0.0900,0.0900,3792.99,,690357.00
2026-08-13T04:00:00+00:00,KXNBA-27-NYK,0.0800,0.0900,0.0900,3839.34,,694033.55
2026-08-14T04:00:00+00:00,KXNBA-27-NYK,0.0800,0.0900,0.0900,2931.90,,696925.45
2026-08-15T04:00:00+00:00,KXNBA-27-NYK,0.0800,0.0900,0.0900,1085.54,,697732.56
2026-08-16T04:00:00+00:00,KXNBA-27-NYK,0.0800,0.0900,0.0900,17719.73,,712176.18
2026-08-17T04:00:00+00:00,KXNBA-27-NYK,0.0800,0.0900,0.0800,19471.49,,714032.30
2026-08-18T04:00:00+00:00,KXNBA-27-NYK,0.0800,0.0900,0.0900,1915.55,,715847.49
2026-08-19T04:00:00+00:00,KXNBA-27-NYK,0.0800,0.0900,0.0800,1492.09,,717098.16
2026-08-20T04:00:00+00:00,KXNBA-27-NYK,0.0800,0.0900,0.0900,569.67,,717667.83
2026-08-21T04:00:00+00:00,KXNBA-27-NYK,0.0800,0.0900,0.0900,3956.00,,720871.19
2026-08-22T04:00:00+00:00,KXNBA-27-NYK,0.0800,0.0900,0.0900,7276.56,,727837.73
2026-08-23T04:00:00+00:00,KXNBA-27-NYK,0.0800,0.0900,0.0900,6103.03,,728565.23
2026-06-30T04:00:00+00:00,KXNBA-27-NOP,0.0000,0.0100,,0.00,,4424.45
2026-07-02T04:00:00+00:00,KXNBA-27-NOP,0.0000,0.0100,,0.00,,4424.45
2026-07-03T04:00:00+00:00,KXNBA-27-NOP,0.0000,0.0100,0.0100,46.75,,4471.20
2026-07-04T04:00:00+00:00,KXNBA-27-NOP,0.0000,0.0100,,0.00,,4471.20
2026-07-05T04:00:00+00:00,KXNBA-27-NOP,0.0000,0.0100,,0.00,,4471.20
2026-07-07T04:00:00+00:00,KXNBA-27-NOP,0.0000,0.0100,,0.00,,4471.20
2026-07-08T04:00:00+00:00,KXNBA-27-NOP,0.0000,0.0100,,0.00,,4471.20
2026-07-09T04:00:00+00:00,KXNBA-27-NOP,0.0000,0.0100,,0.00,,4471.20
2026-07-10T04:00:00+00:00,KXNBA-27-NOP,0.0000,0.0100,,0.00,,4471.20
2026-07-11T04:00:00+00:00,KXNBA-27-NOP,0.0000,0.0100,,0.00,,4471.20
2026-07-12T04:00:00+00:00,KXNBA-27-NOP,0.0000,0.0100,,0.00,,4471.20
2026-07-15T04:00:00+00:00,KXNBA-27-NOP,0.0000,0.0100,,0.00,,4471.20
2026-07-16T04:00:00+00:00,KXNBA-27-NOP,0.0000,0.0100,,0.00,,4471.20
2026-07-17T04:00:00+00:00,KXNBA-27-NOP,0.0000,0.0100,,0.00,,4471.20
2026-07-19T04:00:00+00:00,KXNBA-27-NOP,0.0000,0.0100,,0.00,,4471.20
2026-07-20T04:00:00+00:00,KXNBA-27-NOP,0.0000,0.0100,,0.00,,4471.20
2026-07-21T04:00:00+00:00,KXNBA-27-NOP,0.0000,0.0100,,0.00,,4471.20
2026-07-22T04:00:00+00:00,KXNBA-27-NOP,0.0000,0.0100,0.0100,3.74,,4474.94
2026-07-23T04:00:00+00:00,KXNBA-27-NOP,0.0000,0.0100,,0.00,,4474.94
2026-07-24T04:00:00+00:00,KXNBA-27-NOP,0.0000,0.0100,0.0100,95.51,,4570.45
2026-07-25T04:00:00+00:00,KXNBA-27-NOP,0.0000,0.0100,0.0100,107.92,,4678.37
2026-07-26T04:00:00+00:00,KXNBA-27-NOP,0.0000,0.0100,,0.00,,4678.37
2026-07-27T04:00:00+00:00,KXNBA-27-NOP,0.0000,0.0100,0.0100,1128.19,,5806.56
2026-07-28T04:00:00+00:00,KXNBA-27-NOP,0.0000,0.0100,,0.00,,5806.56
2026-07-29T04:00:00+00:00,KXNBA-27-NOP,0.0000,0.0100,0.0100,118.76,,5925.32
2026-07-30T04:00:00+00:00,KXNBA-27-NOP,0.0000,0.0100,0.0100,1.87,,5927.19
2026-07-31T04:00:00+00:00,KXNBA-27-NOP,0.0000,0.0100,,0.00,,5927.19
2026-08-01T04:00:00+00:00,KXNBA-27-NOP,0.0000,0.0100,,0.00,,5927.19
2026-08-02T04:00:00+00:00,KXNBA-27-NOP,0.0000,0.0100,0.0100,15.89,,5943.08
2026-08-03T04:00:00+00:00,KXNBA-27-NOP,0.0000,0.0100,,0.00,,5943.08
2026-08-04T04:00:00+00:00,KXNBA-27-NOP,0.0000,0.0100,,0.00,,5943.08
2026-08-05T04:00:00+00:00,KXNBA-27-NOP,0.0000,0.0100,0.0100,500.59,,6443.67
2026-08-06T04:00:00+00:00,KXNBA-27-NOP,0.0000,0.0100,,0.00,,6443.67
2026-08-07T04:00:00+00:00,KXNBA-27-NOP,0.0000,0.0100,0.0100,91.63,,6535.30
2026-08-08T04:00:00+00:00,KXNBA-27-NOP,0.0000,0.0100,0.0100,10.00,,6545.30
2026-08-09T04:00:00+00:00,KXNBA-27-NOP,0.0000,0.0100,,0.00,,6545.30
2026-08-10T04:00:00+00:00,KXNBA-27-NOP,0.0000,0.0100,,0.00,,6545.30
2026-08-11T04:00:00+00:00,KXNBA-27-NOP,0.0000,0.0100,,0.00,,6545.30
2026-08-12T04:00:00+00:00,KXNBA-27-NOP,0.0000,0.0100,,0.00,,6545.30
2026-08-13T04:00:00+00:00,KXNBA-27-NOP,0.0000,0.0100,,0.00,,6545.30
2026-08-14T04:00:00+00:00,KXNBA-27-NOP,0.0000,0.0100,0.0100,1309.26,,7854.56
2026-08-15T04:00:00+00:00,KXNBA-27-NOP,0.0000,0.0100,,0.00,,7854.56
2026-08-16T04:00:00+00:00,KXNBA-27-NOP,0.0000,0.0100,,0.00,,7854.56
2026-08-17T04:00:00+00:00,KXNBA-27-NOP,0.0000,0.0100,,0.00,,7854.56
2026-08-18T04:00:00+00:00,KXNBA-27-NOP,0.0000,0.0100,,0.00,,7854.56
2026-08-19T04:00:00+00:00,KXNBA-27-NOP,0.0000,0.0100,,0.00,,7854.56
2026-08-20T04:00:00+00:00,KXNBA-27-NOP,0.0000,0.0100,,0.00,,7854.56
2026-08-21T04:00:00+00:00,KXNBA-27-NOP,0.0000,0.0100,,0.00,,7854.56
2026-08-22T04:00:00+00:00,KXNBA-27-NOP,0.0000,0.0100,,0.00,,7854.56
2026-08-23T04:00:00+00:00,KXNBA-27-NOP,0.0000,0.0100,,0.00,,7854.56
2026-06-30T04:00:00+00:00,KXNBA-27-MIN,0.0500,0.0700,0.0700,25921.06,,374790.68
2026-07-01T04:00:00+00:00,KXNBA-27-MIN,0.0500,0.0600,0.0600,25404.97,,398687.54
2026-07-02T04:00:00+00:00,KXNBA-27-MIN,0.0500,0.0600,0.0600,48611.24,,446346.78
2026-07-03T04:00:00+00:00,KXNBA-27-MIN,0.0400,0.0500,0.0500,10836.90,,454616.08
2026-07-04T04:00:00+00:00,KXNBA-27-MIN,0.0400,0.0500,0.0400,30134.15,,453960.19
2026-07-05T04:00:00+00:00,KXNBA-27-MIN,0.0400,0.0500,0.0500,36008.93,,474287.59
2026-07-06T04:00:00+00:00,KXNBA-27-MIN,0.0500,0.0600,0.0600,16042.47,,482826.36
2026-07-07T04:00:00+00:00,KXNBA-27-MIN,0.0400,0.0500,0.0400,7934.88,,483152.00
2026-07-08T04:00:00+00:00,KXNBA-27-MIN,0.0400,0.0500,0.0400,15444.53,,477566.40
2026-07-09T04:00:00+00:00,KXNBA-27-MIN,0.0500,0.0600,0.0600,1360.37,,477706.48
2026-07-10T04:00:00+00:00,KXNBA-27-MIN,0.0200,0.0300,0.0400,37713.94,,471826.23
2026-07-11T04:00:00+00:00,KXNBA-27-MIN,0.0400,0.0500,0.0500,28802.82,,489629.62
2026-07-12T04:00:00+00:00,KXNBA-27-MIN,0.0400,0.0500,0.0500,7685.15,,494662.00
2026-07-13T04:00:00+00:00,KXNBA-27-MIN,0.0400,0.0500,0.0500,4834.21,,499153.85
2026-07-14T04:00:00+00:00,KXNBA-27-MIN,0.0400,0.0500,0.0500,10976.22,,501582.24
2026-07-15T04:00:00+00:00,KXNBA-27-MIN,0.0300,0.0400,0.0400,14936.60,,513617.13
2026-07-16T04:00:00+00:00,KXNBA-27-MIN,0.0300,0.0500,0.0500,15264.98,,520351.72
2026-07-17T04:00:00+00:00,KXNBA-27-MIN,0.0300,0.0500,0.0500,3202.78,,520587.20
2026-07-18T04:00:00+00:00,KXNBA-27-MIN,0.0300,0.0500,0.0300,5554.82,,520592.84
2026-07-19T04:00:00+00:00,KXNBA-27-MIN,0.0300,0.0500,0.0500,10879.51,,525565.26
2026-07-20T04:00:00+00:00,KXNBA-27-MIN,0.0300,0.0400,0.0300,6930.22,,524944.87
2026-07-21T04:00:00+00:00,KXNBA-27-MIN,0.0300,0.0400,0.0400,11952.61,,534570.13
2026-07-22T04:00:00+00:00,KXNBA-27-MIN,0.0300,0.0400,0.0300,11547.53,,542295.13
2026-07-23T04:00:00+00:00,KXNBA-27-MIN,0.0300,0.0400,0.0400,9138.45,,550596.70
2026-07-24T04:00:00+00:00,KXNBA-27-MIN,0.0300,0.0400,0.0400,16603.38,,564885.04
2026-07-25T04:00:00+00:00,KXNBA-27-MIN,0.0300,0.0400,0.0400,49559.06,,607078.67
2026-07-26T04:00:00+00:00,KXNBA-27-MIN,0.0200,0.0400,0.0400,28293.74,,631079.93
2026-07-27T04:00:00+00:00,KXNBA-27-MIN,0.0300,0.0400,0.0400,18924.56,,633530.85
2026-07-28T04:00:00+00:00,KXNBA-27-MIN,0.0300,0.0400,0.0400,8015.03,,638634.94
2026-07-29T04:00:00+00:00,KXNBA-27-MIN,0.0200,0.0300,0.0400,5883.64,,642002.70
2026-07-30T04:00:00+00:00,KXNBA-27-MIN,0.0300,0.0400,0.0400,3206.54,,645021.72
2026-07-31T04:00:00+00:00,KXNBA-27-MIN,0.0300,0.0400,0.0400,9350.69,,654230.35
2026-08-01T04:00:00+00:00,KXNBA-27-MIN,0.0300,0.0400,0.0400,7749.23,,661436.53
2026-08-02T04:00:00+00:00,KXNBA-27-MIN,0.0300,0.0400,0.0400,11919.35,,672903.45
2026-08-03T04:00:00+00:00,KXNBA-27-MIN,0.0300,0.0400,0.0400,10119.77,,679908.16
2026-08-04T04:00:00+00:00,KXNBA-27-MIN,0.0300,0.0400,0.0400,6411.07,,686319.23
2026-08-05T04:00:00+00:00,KXNBA-27-MIN,0.0300,0.0400,0.0300,2677.59,,688218.78
2026-08-06T04:00:00+00:00,KXNBA-27-MIN,0.0300,0.0400,0.0400,6537.28,,691753.45
2026-08-07T04:00:00+00:00,KXNBA-27-MIN,0.0300,0.0400,0.0400,11047.29,,702626.67
2026-08-08T04:00:00+00:00,KXNBA-27-MIN,0.0300,0.0400,0.0400,26562.13,,728969.49
2026-08-09T04:00:00+00:00,KXNBA-27-MIN,0.0200,0.0300,0.0300,22751.81,,748880.33
2026-08-10T04:00:00+00:00,KXNBA-27-MIN,0.0300,0.0400,0.0300,2115.43,,749414.91
2026-08-11T04:00:00+00:00,KXNBA-27-MIN,0.0300,0.0400,0.0400,4454.66,,751546.61
2026-08-12T04:00:00+00:00,KXNBA-27-MIN,0.0300,0.0400,0.0400,35121.64,,786039.87
2026-08-13T04:00:00+00:00,KXNBA-27-MIN,0.0300,0.0400,0.0400,8136.58,,793825.20
2026-08-14T04:00:00+00:00,KXNBA-27-MIN,0.0200,0.0300,0.0300,17307.29,,810681.00
2026-08-15T04:00:00+00:00,KXNBA-27-MIN,0.0200,0.0400,0.0400,3005.56,,813592.66
2026-08-16T04:00:00+00:00,KXNBA-27-MIN,0.0200,0.0300,0.0300,8093.42,,820733.13
2026-08-17T04:00:00+00:00,KXNBA-27-MIN,0.0200,0.0300,0.0300,14264.51,,834623.26
2026-08-18T04:00:00+00:00,KXNBA-27-MIN,0.0200,0.0300,0.0300,5961.82,,840420.96
2026-08-19T04:00:00+00:00,KXNBA-27-MIN,0.0200,0.0300,0.0300,2897.51,,843318.47
2026-08-20T04:00:00+00:00,KXNBA-27-MIN,0.0200,0.0300,0.0200,21979.12,,863717.37
2026-08-21T04:00:00+00:00,KXNBA-27-MIN,0.0300,0.0400,0.0300,3365.92,,866502.19
2026-08-22T04:00:00+00:00,KXNBA-27-MIN,0.0300,0.0400,0.0400,8555.26,,874750.38
2026-08-23T04:00:00+00:00,KXNBA-27-MIN,0.0300,0.0400,0.0300,7582.04,,878515.10
2026-06-30T04:00:00+00:00,KXNBA-27-MIL,0.0000,0.0100,0.0100,66.00,,19436.58
2026-07-01T04:00:00+00:00,KXNBA-27-MIL,0.0000,0.0100,0.0100,280.54,,19717.12
2026-07-02T04:00:00+00:00,KXNBA-27-MIL,0.0000,0.0100,,0.00,,19717.12
2026-07-03T04:00:00+00:00,KXNBA-27-MIL,0.0000,0.0100,,0.00,,19717.12
2026-07-04T04:00:00+00:00,KXNBA-27-MIL,0.0000,0.0100,0.0100,93.51,,19810.63
2026-07-05T04:00:00+00:00,KXNBA-27-MIL,0.0000,0.0100,,0.00,,19810.63
2026-07-07T04:00:00+00:00,KXNBA-27-MIL,0.0000,0.0100,0.0100,2057.42,,21868.05
2026-07-08T04:00:00+00:00,KXNBA-27-MIL,0.0000,0.0100,,0.00,,21868.05
2026-07-09T04:00:00+00:00,KXNBA-27-MIL,0.0000,0.0100,,0.00,,21868.05
2026-07-10T04:00:00+00:00,KXNBA-27-MIL,0.0000,0.0100,0.0100,170.20,,22038.25
2026-07-11T04:00:00+00:00,KXNBA-27-MIL,0.0000,0.0100,,0.00,,22038.25
2026-07-12T04:00:00+00:00,KXNBA-27-MIL,0.0000,0.0100,,0.00,,22038.25
2026-07-13T04:00:00+00:00,KXNBA-27-MIL,0.0000,0.0100,,0.00,,22038.25
2026-07-15T04:00:00+00:00,KXNBA-27-MIL,0.0000,0.0100,0.0100,223.50,,22261.75
2026-07-16T04:00:00+00:00,KXNBA-27-MIL,0.0000,0.0100,,0.00,,22261.75
2026-07-17T04:00:00+00:00,KXNBA-27-MIL,0.0000,0.0100,,0.00,,22261.75
2026-07-18T04:00:00+00:00,KXNBA-27-MIL,0.0000,0.0100,0.0100,935.19,,23196.94
2026-07-19T04:00:00+00:00,KXNBA-27-MIL,0.0000,0.0100,,0.00,,23196.94
2026-07-20T04:00:00+00:00,KXNBA-27-MIL,0.0000,0.0100,0.0100,93.51,,23290.45
2026-07-21T04:00:00+00:00,KXNBA-27-MIL,0.0000,0.0100,0.0100,1870.38,,25160.83
2026-07-22T04:00:00+00:00,KXNBA-27-MIL,0.0000,0.0100,0.0100,3.74,,25164.57
2026-07-23T04:00:00+00:00,KXNBA-27-MIL,0.0000,0.0100,,0.00,,25164.57
2026-07-24T04:00:00+00:00,KXNBA-27-MIL,0.0000,0.0100,0.0100,937.19,,26101.76
2026-07-25T04:00:00+00:00,KXNBA-27-MIL,0.0000,0.0100,0.0100,631.51,,26733.27
2026-07-26T04:00:00+00:00,KXNBA-27-MIL,0.0000,0.0100,0.0100,166.00,,26899.27
2026-07-27T04:00:00+00:00,KXNBA-27-MIL,0.0000,0.0100,0.0100,3333.00,,30232.27
2026-07-28T04:00:00+00:00,KXNBA-27-MIL,0.0000,0.0100,,0.00,,30232.27
2026-07-29T04:00:00+00:00,KXNBA-27-MIL,0.0000,0.0100,0.0100,935.19,,31167.46
2026-07-30T04:00:00+00:00,KXNBA-27-MIL,0.0000,0.0100,0.0100,1135.32,,32302.78
2026-07-31T04:00:00+00:00,KXNBA-27-MIL,0.0000,0.0100,,0.00,,32302.78
2026-08-01T04:00:00+00:00,KXNBA-27-MIL,0.0000,0.0100,,0.00,,32302.78
2026-08-02T04:00:00+00:00,KXNBA-27-MIL,0.0000,0.0100,0.0100,100.00,,32402.78
2026-08-03T04:00:00+00:00,KXNBA-27-MIL,0.0000,0.0100,,0.00,,32402.78
2026-08-04T04:00:00+00:00,KXNBA-27-MIL,0.0000,0.0100,,0.00,,32402.78
2026-08-05T04:00:00+00:00,KXNBA-27-MIL,0.0000,0.0100,0.0100,500.00,,32902.78
2026-08-06T04:00:00+00:00,KXNBA-27-MIL,0.0000,0.0100,,0.00,,32902.78
2026-08-07T04:00:00+00:00,KXNBA-27-MIL,0.0000,0.0100,0.0100,91.63,,32994.41
2026-08-08T04:00:00+00:00,KXNBA-27-MIL,0.0000,0.0100,0.0100,276.00,,33270.41
2026-08-09T04:00:00+00:00,KXNBA-27-MIL,0.0000,0.0100,,0.00,,33270.41
2026-08-10T04:00:00+00:00,KXNBA-27-MIL,0.0000,0.0100,,0.00,,33270.41
2026-08-11T04:00:00+00:00,KXNBA-27-MIL,0.0000,0.0100,,0.00,,33270.41
2026-08-12T04:00:00+00:00,KXNBA-27-MIL,0.0000,0.0100,,0.00,,33270.41
2026-08-13T04:00:00+00:00,KXNBA-27-MIL,0.0000,0.0100,0.0100,93.51,,33363.92
2026-08-14T04:00:00+00:00,KXNBA-27-MIL,0.0000,0.0100,,0.00,,33363.92
2026-08-15T04:00:00+00:00,KXNBA-27-MIL,0.0000,0.0100,,0.00,,33363.92
2026-08-16T04:00:00+00:00,KXNBA-27-MIL,0.0000,0.0100,0.0100,93.51,,33457.43
2026-08-17T04:00:00+00:00,KXNBA-27-MIL,0.0000,0.0100,,0.00,,33457.43
2026-08-18T04:00:00+00:00,KXNBA-27-MIL,0.0000,0.0100,,0.00,,33457.43
2026-08-19T04:00:00+00:00,KXNBA-27-MIL,0.0000,0.0100,,0.00,,33457.43
2026-08-20T04:00:00+00:00,KXNBA-27-MIL,0.0000,0.0100,,0.00,,33457.43
2026-08-21T04:00:00+00:00,KXNBA-27-MIL,0.0000,0.0100,,0.00,,33457.43
2026-08-22T04:00:00+00:00,KXNBA-27-MIL,0.0000,0.0100,,0.00,,33457.43
2026-06-30T04:00:00+00:00,KXNBA-27-MIA,0.0500,0.0600,0.0500,6980.23,,476663.76
2026-07-01T04:00:00+00:00,KXNBA-27-MIA,0.0600,0.0700,0.0600,61204.62,,520543.80
2026-07-02T04:00:00+00:00,KXNBA-27-MIA,0.0500,0.0600,0.0600,23720.20,,537665.37
2026-07-03T04:00:00+00:00,KXNBA-27-MIA,0.0500,0.0600,0.0600,5210.87,,542327.88
2026-07-04T04:00:00+00:00,KXNBA-27-MIA,0.0500,0.0600,0.0600,11721.90,,552942.22
2026-07-05T04:00:00+00:00,KXNBA-27-MIA,0.0500,0.0600,0.0600,4178.03,,556640.13
2026-07-06T04:00:00+00:00,KXNBA-27-MIA,0.0500,0.0600,0.0500,6285.04,,557419.92
2026-07-07T04:00:00+00:00,KXNBA-27-MIA,0.0400,0.0500,0.0500,14530.28,,568859.02
2026-07-08T04:00:00+00:00,KXNBA-27-MIA,0.0500,0.0600,0.0500,4041.75,,568948.59
2026-07-09T04:00:00+00:00,KXNBA-27-MIA,0.0600,0.0700,0.0700,5498.06,,572710.25
2026-07-10T04:00:00+00:00,KXNBA-27-MIA,0.0400,0.0500,0.0400,8354.05,,579980.28
2026-07-11T04:00:00+00:00,KXNBA-27-MIA,0.0500,0.0600,0.0600,20715.93,,598313.64
2026-07-12T04:00:00+00:00,KXNBA-27-MIA,0.0500,0.0700,0.0700,4497.41,,602156.89
2026-07-13T04:00:00+00:00,KXNBA-27-MIA,0.0500,0.0600,0.0600,6131.30,,605043.03
2026-07-14T04:00:00+00:00,KXNBA-27-MIA,0.0600,0.0700,0.0700,11715.76,,611903.16
2026-07-15T04:00:00+00:00,KXNBA-27-MIA,0.0500,0.0600,0.0600,4223.87,,615708.10
2026-07-16T04:00:00+00:00,KXNBA-27-MIA,0.0400,0.0500,0.0500,6562.94,,618636.86
2026-07-17T04:00:00+00:00,KXNBA-27-MIA,0.0500,0.0600,0.0600,12503.53,,628120.45
2026-07-18T04:00:00+00:00,KXNBA-27-MIA,0.0600,0.0900,0.0900,13156.34,,638553.30
2026-07-19T04:00:00+00:00,KXNBA-27-MIA,0.0700,0.0900,0.0900,85411.15,,693146.73
2026-07-20T04:00:00+00:00,KXNBA-27-MIA,0.0900,0.1000,0.0900,54323.42,,717201.18
2026-07-21T04:00:00+00:00,KXNBA-27-MIA,0.0700,0.0800,0.0800,49374.31,,755043.13
2026-07-22T04:00:00+00:00,KXNBA-27-MIA,0.0700,0.0800,0.0800,41654.24,,791807.01
2026-07-23T04:00:00+00:00,KXNBA-27-MIA,0.0900,0.1000,0.1000,83259.66,,856873.72
2026-07-24T04:00:00+00:00,KXNBA-27-MIA,0.0900,0.1000,0.0900,83981.73,,915129.93
2026-07-25T04:00:00+00:00,KXNBA-27-MIA,0.0300,0.0400,0.0400,181539.45,,890901.09
2026-07-26T04:00:00+00:00,KXNBA-27-MIA,0.0200,0.0300,0.0300,36834.08,,905953.61
2026-07-27T04:00:00+00:00,KXNBA-27-MIA,0.0200,0.0300,0.0300,26622.88,,917981.68
2026-07-28T04:00:00+00:00,KXNBA-27-MIA,0.0300,0.0400,0.0400,20829.90,,936710.68
2026-07-29T04:00:00+00:00,KXNBA-27-MIA,0.0300,0.0400,0.0400,30419.53,,951619.44
2026-07-30T04:00:00+00:00,KXNBA-27-MIA,0.0300,0.0400,0.0300,27717.23,,946964.71
2026-07-31T04:00:00+00:00,KXNBA-27-MIA,0.0300,0.0500,0.0500,497065.16,,1439783.00
2026-08-01T04:00:00+00:00,KXNBA-27-MIA,0.0400,0.0500,0.0500,11966.28,,1448265.87
2026-08-02T04:00:00+00:00,KXNBA-27-MIA,0.0300,0.0400,0.0300,11385.32,,1457828.21
2026-08-03T04:00:00+00:00,KXNBA-27-MIA,0.0300,0.0500,0.0500,7780.35,,1452819.24
2026-08-04T04:00:00+00:00,KXNBA-27-MIA,0.0300,0.0400,0.0400,3325.10,,1454907.08
2026-08-05T04:00:00+00:00,KXNBA-27-MIA,0.0300,0.0400,0.0400,1817.92,,1456382.70
2026-08-06T04:00:00+00:00,KXNBA-27-MIA,0.0300,0.0400,0.0400,3593.22,,1453958.48
2026-08-07T04:00:00+00:00,KXNBA-27-MIA,0.0300,0.0400,0.0300,3566.26,,1456024.34
2026-08-08T04:00:00+00:00,KXNBA-27-MIA,0.0300,0.0400,0.0400,1657.23,,1457680.57
2026-08-09T04:00:00+00:00,KXNBA-27-MIA,0.0300,0.0400,0.0400,1280.03,,1458617.57
2026-08-10T04:00:00+00:00,KXNBA-27-MIA,0.0300,0.0400,0.0400,1210.93,,1459800.87
2026-08-11T04:00:00+00:00,KXNBA-27-MIA,0.0300,0.0400,0.0300,2187.68,,1460317.65
2026-08-12T04:00:00+00:00,KXNBA-27-MIA,0.0300,0.0400,0.0400,1531.33,,1461751.17
2026-08-13T04:00:00+00:00,KXNBA-27-MIA,0.0300,0.0400,0.0400,1528.68,,1463263.35
2026-08-14T04:00:00+00:00,KXNBA-27-MIA,0.0300,0.0400,0.0400,23838.05,,1487101.40
2026-08-15T04:00:00+00:00,KXNBA-27-MIA,0.0300,0.0400,0.0300,6421.14,,1488776.29
2026-08-16T04:00:00+00:00,KXNBA-27-MIA,0.0300,0.0400,0.0300,1546.20,,1489479.05
2026-08-17T04:00:00+00:00,KXNBA-27-MIA,0.0300,0.0400,0.0400,817.25,,1490062.05
2026-08-18T04:00:00+00:00,KXNBA-27-MIA,0.0300,0.0400,0.0400,33.00,,1490095.05
2026-08-19T04:00:00+00:00,KXNBA-27-MIA,0.0300,0.0400,0.0300,26091.15,,1471204.22
2026-08-20T04:00:00+00:00,KXNBA-27-MIA,0.0300,0.0400,0.0400,3687.38,,1472504.98
2026-08-21T04:00:00+00:00,KXNBA-27-MIA,0.0300,0.0400,0.0400,950.04,,1472932.74
2026-08-22T04:00:00+00:00,KXNBA-27-MIA,0.0300,0.0400,0.0400,63190.96,,1534267.75
2026-08-23T04:00:00+00:00,KXNBA-27-MIA,0.0300,0.0400,0.0400,57248.99,,1591501.12
2026-06-30T04:00:00+00:00,KXNBA-27-MEM,0.0000,0.0100,0.0100,467.59,,13217.41
2026-07-02T04:00:00+00:00,KXNBA-27-MEM,0.0000,0.0100,,0.00,,13217.41
2026-07-03T04:00:00+00:00,KXNBA-27-MEM,0.0000,0.0100,,0.00,,13217.41
2026-07-04T04:00:00+00:00,KXNBA-27-MEM,0.0000,0.0100,,0.00,,13217.41
2026-07-05T04:00:00+00:00,KXNBA-27-MEM,0.0000,0.0100,,0.00,,13217.41
2026-07-06T04:00:00+00:00,KXNBA-27-MEM,0.0000,0.0100,0.0100,467.59,,13685.00
2026-07-07T04:00:00+00:00,KXNBA-27-MEM,0.0000,0.0100,0.0100,467.59,,14152.59
2026-07-08T04:00:00+00:00,KXNBA-27-MEM,0.0000,0.0100,,0.00,,14152.59
2026-07-09T04:00:00+00:00,KXNBA-27-MEM,0.0000,0.0100,,0.00,,14152.59
2026-07-10T04:00:00+00:00,KXNBA-27-MEM,0.0000,0.0100,,0.00,,14152.59
2026-07-11T04:00:00+00:00,KXNBA-27-MEM,0.0000,0.0100,,0.00,,14152.59
2026-07-12T04:00:00+00:00,KXNBA-27-MEM,0.0000,0.0100,,0.00,,14152.59
2026-07-13T04:00:00+00:00,KXNBA-27-MEM,0.0000,0.0100,,0.00,,14152.59
2026-07-15T04:00:00+00:00,KXNBA-27-MEM,0.0000,0.0100,0.0100,1028.70,,15181.29
2026-07-16T04:00:00+00:00,KXNBA-27-MEM,0.0000,0.0100,,0.00,,15181.29
2026-07-17T04:00:00+00:00,KXNBA-27-MEM,0.0000,0.0100,0.0100,2500.00,,17681.29
2026-07-18T04:00:00+00:00,KXNBA-27-MEM,0.0000,0.0100,0.0100,259.84,,17941.13
2026-07-19T04:00:00+00:00,KXNBA-27-MEM,0.0000,0.0100,,0.00,,17941.13
2026-07-20T04:00:00+00:00,KXNBA-27-MEM,0.0000,0.0100,0.0100,65.46,,18006.59
2026-07-21T04:00:00+00:00,KXNBA-27-MEM,0.0000,0.0100,,0.00,,18006.59
2026-07-22T04:00:00+00:00,KXNBA-27-MEM,0.0000,0.0100,,0.00,,18006.59
2026-07-23T04:00:00+00:00,KXNBA-27-MEM,0.0000,0.0100,,0.00,,18006.59
2026-07-24T04:00:00+00:00,KXNBA-27-MEM,0.0000,0.0100,0.0100,1.00,,18007.59
2026-07-25T04:00:00+00:00,KXNBA-27-MEM,0.0000,0.0100,0.0100,427.81,,18435.40
2026-07-26T04:00:00+00:00,KXNBA-27-MEM,0.0000,0.0100,0.0100,467.59,,18902.99
2026-07-27T04:00:00+00:00,KXNBA-27-MEM,0.0000,0.0100,,0.00,,18902.99
2026-07-28T04:00:00+00:00,KXNBA-27-MEM,0.0000,0.0100,,0.00,,18902.99
2026-07-29T04:00:00+00:00,KXNBA-27-MEM,0.0000,0.0100,0.0100,266.33,,19169.32
2026-07-30T04:00:00+00:00,KXNBA-27-MEM,0.0000,0.0100,,0.00,,19169.32
2026-07-31T04:00:00+00:00,KXNBA-27-MEM,0.0000,0.0100,,0.00,,19169.32
2026-08-01T04:00:00+00:00,KXNBA-27-MEM,0.0000,0.0100,,0.00,,19169.32
2026-08-02T04:00:00+00:00,KXNBA-27-MEM,0.0000,0.0100,,0.00,,19169.32
2026-08-03T04:00:00+00:00,KXNBA-27-MEM,0.0000,0.0100,,0.00,,19169.32
2026-08-04T04:00:00+00:00,KXNBA-27-MEM,0.0000,0.0100,,0.00,,19169.32
2026-08-05T04:00:00+00:00,KXNBA-27-MEM,0.0000,0.0100,,0.00,,19169.32
2026-08-06T04:00:00+00:00,KXNBA-27-MEM,0.0000,0.0100,,0.00,,19169.32
2026-08-07T04:00:00+00:00,KXNBA-27-MEM,0.0000,0.0100,0.0100,467.59,,19636.91
2026-08-08T04:00:00+00:00,KXNBA-27-MEM,0.0000,0.0100,0.0100,103.51,,19740.42
2026-08-09T04:00:00+00:00,KXNBA-27-MEM,0.0000,0.0100,,0.00,,19740.42
2026-08-10T04:00:00+00:00,KXNBA-27-MEM,0.0000,0.0100,,0.00,,19740.42
2026-08-11T04:00:00+00:00,KXNBA-27-MEM,0.0000,0.0100,,0.00,,19740.42
2026-08-12T04:00:00+00:00,KXNBA-27-MEM,0.0000,0.0100,,0.00,,19740.42
2026-08-13T04:00:00+00:00,KXNBA-27-MEM,0.0000,0.0100,,0.00,,19740.42
2026-08-14T04:00:00+00:00,KXNBA-27-MEM,0.0000,0.0100,0.0100,748.15,,20488.57
2026-08-15T04:00:00+00:00,KXNBA-27-MEM,0.0000,0.0100,,0.00,,20488.57
2026-08-16T04:00:00+00:00,KXNBA-27-MEM,0.0000,0.0100,0.0100,1074858.00,,1094833.55
2026-08-17T04:00:00+00:00,KXNBA-27-MEM,0.0000,0.0100,,0.00,,1094833.55
2026-08-18T04:00:00+00:00,KXNBA-27-MEM,0.0000,0.0100,,0.00,,1094833.55
2026-08-19T04:00:00+00:00,KXNBA-27-MEM,0.0000,0.0100,,0.00,,1094833.55
2026-08-20T04:00:00+00:00,KXNBA-27-MEM,0.0000,0.0100,,0.00,,1094833.55
2026-08-21T04:00:00+00:00,KXNBA-27-MEM,0.0000,0.0100,,0.00,,1094833.55
2026-08-22T04:00:00+00:00,KXNBA-27-MEM,0.0000,0.0100,,0.00,,1094833.55
2026-06-30T04:00:00+00:00,KXNBA-27-LAL,0.0300,0.0400,0.0400,1820.12,,271107.37
2026-07-01T04:00:00+00:00,KXNBA-27-LAL,0.0300,0.0400,0.0300,33475.37,,298648.34
2026-07-02T04:00:00+00:00,KXNBA-27-LAL,0.0300,0.0500,0.0500,201556.81,,467395.46
2026-07-03T04:00:00+00:00,KXNBA-27-LAL,0.0300,0.0400,0.0400,25822.67,,493000.89
2026-07-04T04:00:00+00:00,KXNBA-27-LAL,0.0300,0.0400,0.0400,19737.46,,508282.52
2026-07-05T04:00:00+00:00,KXNBA-27-LAL,0.0300,0.0400,0.0300,3631.53,,511734.57
2026-07-06T04:00:00+00:00,KXNBA-27-LAL,0.0300,0.0400,0.0300,21969.63,,532743.97
2026-07-07T04:00:00+00:00,KXNBA-27-LAL,0.0300,0.0400,0.0400,4463.59,,536376.36
2026-07-08T04:00:00+00:00,KXNBA-27-LAL,0.0300,0.0400,0.0400,13455.30,,545264.36
2026-07-09T04:00:00+00:00,KXNBA-27-LAL,0.0300,0.0400,0.0400,16614.88,,555482.82
2026-07-10T04:00:00+00:00,KXNBA-27-LAL,0.0300,0.0400,0.0300,5517.65,,558470.50
2026-07-11T04:00:00+00:00,KXNBA-27-LAL,0.0300,0.0400,0.0300,2180.14,,558964.00
2026-07-12T04:00:00+00:00,KXNBA-27-LAL,0.0300,0.0400,0.0400,1321.35,,560285.35
2026-07-13T04:00:00+00:00,KXNBA-27-LAL,0.0300,0.0400,0.0400,7233.81,,563663.20
2026-07-14T04:00:00+00:00,KXNBA-27-LAL,0.0300,0.0400,0.0400,12190.93,,574635.19
2026-07-15T04:00:00+00:00,KXNBA-27-LAL,0.0300,0.0400,0.0400,3748.98,,578031.88
2026-07-16T04:00:00+00:00,KXNBA-27-LAL,0.0300,0.0400,0.0400,5835.86,,580652.27
2026-07-17T04:00:00+00:00,KXNBA-27-LAL,0.0300,0.0400,0.0400,6615.13,,584731.61
2026-07-18T04:00:00+00:00,KXNBA-27-LAL,0.0300,0.0400,0.0400,2107.85,,586419.26
2026-07-19T04:00:00+00:00,KXNBA-27-LAL,0.0300,0.0400,0.0400,24331.97,,605652.30
2026-07-20T04:00:00+00:00,KXNBA-27-LAL,0.0300,0.0400,0.0400,1821.14,,606583.28
2026-07-21T04:00:00+00:00,KXNBA-27-LAL,0.0300,0.0400,0.0400,32022.56,,637748.89
2026-07-22T04:00:00+00:00,KXNBA-27-LAL,0.0300,0.0400,0.0400,16674.14,,653473.13
2026-07-23T04:00:00+00:00,KXNBA-27-LAL,0.0200,0.0300,0.0300,23384.33,,673095.71
2026-07-24T04:00:00+00:00,KXNBA-27-LAL,0.0200,0.0300,0.0200,24292.00,,696953.74
2026-07-25T04:00:00+00:00,KXNBA-27-LAL,0.0200,0.0300,0.0300,74949.22,,770947.48
2026-07-26T04:00:00+00:00,KXNBA-27-LAL,0.0200,0.0300,0.0300,83304.32,,853828.67
2026-07-27T04:00:00+00:00,KXNBA-27-LAL,0.0200,0.0300,0.0300,42488.66,,893100.72
2026-07-28T04:00:00+00:00,KXNBA-27-LAL,0.0200,0.0300,0.0300,58329.62,,951227.38
2026-07-29T04:00:00+00:00,KXNBA-27-LAL,0.0200,0.0300,0.0300,54569.39,,1005669.65
2026-07-30T04:00:00+00:00,KXNBA-27-LAL,0.0200,0.0300,0.0300,17861.91,,1022727.80
2026-07-31T04:00:00+00:00,KXNBA-27-LAL,0.0200,0.0300,0.0300,13471.63,,1036199.43
2026-08-01T04:00:00+00:00,KXNBA-27-LAL,0.0200,0.0300,0.0300,12357.57,,1047338.94
2026-08-02T04:00:00+00:00,KXNBA-27-LAL,0.0200,0.0300,0.0300,25781.54,,1070471.14
2026-08-03T04:00:00+00:00,KXNBA-27-LAL,0.0200,0.0300,0.0300,17178.16,,1087493.24
2026-08-04T04:00:00+00:00,KXNBA-27-LAL,0.0200,0.0300,0.0300,13275.86,,1100769.10
2026-08-05T04:00:00+00:00,KXNBA-27-LAL,0.0200,0.0300,0.0300,4448.77,,1105217.87
2026-08-06T04:00:00+00:00,KXNBA-27-LAL,0.0200,0.0300,0.0300,24225.93,,1128664.24
2026-08-07T04:00:00+00:00,KXNBA-27-LAL,0.0200,0.0300,0.0300,8459.54,,1137061.36
2026-08-08T04:00:00+00:00,KXNBA-27-LAL,0.0200,0.0300,0.0300,3346.75,,1140408.11
2026-08-09T04:00:00+00:00,KXNBA-27-LAL,0.0200,0.0300,0.0300,2799.03,,1143175.93
2026-08-10T04:00:00+00:00,KXNBA-27-LAL,0.0200,0.0300,0.0200,21624.24,,1164611.84
2026-08-11T04:00:00+00:00,KXNBA-27-LAL,0.0200,0.0300,0.0300,4662.77,,1169251.19
2026-08-12T04:00:00+00:00,KXNBA-27-LAL,0.0200,0.0300,0.0300,5000.06,,1173693.16
2026-08-13T04:00:00+00:00,KXNBA-27-LAL,0.0200,0.0300,0.0300,23879.71,,1196324.32
2026-08-14T04:00:00+00:00,KXNBA-27-LAL,0.0200,0.0300,0.0300,46382.49,,1237904.47
2026-08-15T04:00:00+00:00,KXNBA-27-LAL,0.0200,0.0300,0.0300,9238.66,,1247125.03
2026-08-16T04:00:00+00:00,KXNBA-27-LAL,0.0200,0.0300,0.0300,2061.45,,1248926.02
2026-08-17T04:00:00+00:00,KXNBA-27-LAL,0.0200,0.0300,0.0300,37246.57,,1286172.59
2026-08-18T04:00:00+00:00,KXNBA-27-LAL,0.0200,0.0300,0.0300,1060.36,,1287223.15
2026-08-19T04:00:00+00:00,KXNBA-27-LAL,0.0200,0.0300,0.0300,12673.39,,1295871.84
2026-08-20T04:00:00+00:00,KXNBA-27-LAL,0.0200,0.0300,0.0300,8153.27,,1304025.11
2026-08-21T04:00:00+00:00,KXNBA-27-LAL,0.0100,0.0200,0.0200,33971.22,,1327551.52
2026-08-22T04:00:00+00:00,KXNBA-27-LAL,0.0100,0.0200,0.0300,7119.26,,1334670.78
2026-08-23T04:00:00+00:00,KXNBA-27-LAL,0.0200,0.0300,0.0300,9945.24,,1343616.02
2026-06-30T04:00:00+00:00,KXNBA-27-LAC,0.0000,0.0100,0.0100,467.59,,69718.98
2026-07-01T04:00:00+00:00,KXNBA-27-LAC,0.0000,0.0100,,0.00,,69718.98
2026-07-02T04:00:00+00:00,KXNBA-27-LAC,0.0000,0.0100,,0.00,,69718.98
2026-07-03T04:00:00+00:00,KXNBA-27-LAC,0.0000,0.0100,,0.00,,69718.98
2026-07-04T04:00:00+00:00,KXNBA-27-LAC,0.0000,0.0100,0.0100,187.02,,69906.00
2026-07-05T04:00:00+00:00,KXNBA-27-LAC,0.0000,0.0100,0.0100,467.59,,70373.59
2026-07-07T04:00:00+00:00,KXNBA-27-LAC,0.0000,0.0100,0.0100,377.80,,70751.39
2026-07-08T04:00:00+00:00,KXNBA-27-LAC,0.0000,0.0100,,0.00,,70751.39
2026-07-09T04:00:00+00:00,KXNBA-27-LAC,0.0000,0.0100,0.0100,93.51,,70844.90
2026-07-10T04:00:00+00:00,KXNBA-27-LAC,0.0000,0.0100,0.0100,4208.36,,75053.26
2026-07-11T04:00:00+00:00,KXNBA-27-LAC,0.0000,0.0100,,0.00,,75053.26
2026-07-12T04:00:00+00:00,KXNBA-27-LAC,0.0000,0.0100,0.0100,514.34,,75567.60
2026-07-15T04:00:00+00:00,KXNBA-27-LAC,0.0000,0.0100,,0.00,,75567.60
2026-07-16T04:00:00+00:00,KXNBA-27-LAC,0.0000,0.0100,,0.00,,75567.60
2026-07-17T04:00:00+00:00,KXNBA-27-LAC,0.0000,0.0100,0.0100,935.19,,76502.79
2026-07-18T04:00:00+00:00,KXNBA-27-LAC,0.0000,0.0100,0.0100,467.59,,76970.38
2026-07-19T04:00:00+00:00,KXNBA-27-LAC,0.0000,0.0100,,0.00,,76970.38
2026-07-20T04:00:00+00:00,KXNBA-27-LAC,0.0000,0.0100,0.0100,1028.71,,77999.09
2026-07-21T04:00:00+00:00,KXNBA-27-LAC,0.0000,0.0100,,0.00,,77999.09
2026-07-22T04:00:00+00:00,KXNBA-27-LAC,0.0000,0.0100,0.0100,2150.93,,80150.02
2026-07-23T04:00:00+00:00,KXNBA-27-LAC,0.0000,0.0100,0.0100,467.59,,80617.61
2026-07-24T04:00:00+00:00,KXNBA-27-LAC,0.0000,0.0100,0.0100,3.00,,80620.61
2026-07-25T04:00:00+00:00,KXNBA-27-LAC,0.0000,0.0100,0.0100,6232.14,,86852.75
2026-07-26T04:00:00+00:00,KXNBA-27-LAC,0.0000,0.0100,0.0100,454.22,,87306.97
2026-07-27T04:00:00+00:00,KXNBA-27-LAC,0.0000,0.0100,0.0100,353.03,,87660.00
2026-07-28T04:00:00+00:00,KXNBA-27-LAC,0.0000,0.0100,0.0100,624.69,,88284.69
2026-07-29T04:00:00+00:00,KXNBA-27-LAC,0.0000,0.0100,0.0100,300.00,,88584.69
2026-07-30T04:00:00+00:00,KXNBA-27-LAC,0.0000,0.0100,,0.00,,88584.69
2026-07-31T04:00:00+00:00,KXNBA-27-LAC,0.0000,0.0100,0.0100,33.00,,88617.69
2026-08-01T04:00:00+00:00,KXNBA-27-LAC,0.0000,0.0100,,0.00,,88617.69
2026-08-02T04:00:00+00:00,KXNBA-27-LAC,0.0000,0.0100,0.0100,9.35,,88627.04
2026-08-03T04:00:00+00:00,KXNBA-27-LAC,0.0000,0.0100,0.0100,33.00,,88660.04
2026-08-04T04:00:00+00:00,KXNBA-27-LAC,0.0000,0.0100,,0.00,,88660.04
2026-08-05T04:00:00+00:00,KXNBA-27-LAC,0.0000,0.0100,0.0100,1609.19,,90269.23
2026-08-06T04:00:00+00:00,KXNBA-27-LAC,0.0000,0.0100,,0.00,,90269.23
2026-08-07T04:00:00+00:00,KXNBA-27-LAC,0.0000,0.0100,,0.00,,90269.23
2026-08-08T04:00:00+00:00,KXNBA-27-LAC,0.0000,0.0100,0.0100,103.51,,90372.74
2026-08-09T04:00:00+00:00,KXNBA-27-LAC,0.0000,0.0100,,0.00,,90372.74
2026-08-10T04:00:00+00:00,KXNBA-27-LAC,0.0000,0.0100,,0.00,,90372.74
2026-08-11T04:00:00+00:00,KXNBA-27-LAC,0.0000,0.0100,0.0100,796.76,,91169.50
2026-08-12T04:00:00+00:00,KXNBA-27-LAC,0.0000,0.0100,,0.00,,91169.50
2026-08-13T04:00:00+00:00,KXNBA-27-LAC,0.0000,0.0100,0.0100,1028.71,,92198.21
2026-08-14T04:00:00+00:00,KXNBA-27-LAC,0.0000,0.0100,,0.00,,92198.21
2026-08-15T04:00:00+00:00,KXNBA-27-LAC,0.0000,0.0100,,0.00,,92198.21
2026-08-16T04:00:00+00:00,KXNBA-27-LAC,0.0000,0.0100,,0.00,,92198.21
2026-08-17T04:00:00+00:00,KXNBA-27-LAC,0.0000,0.0100,,0.00,,92198.21
2026-08-18T04:00:00+00:00,KXNBA-27-LAC,0.0000,0.0100,0.0100,333.00,,92531.21
2026-08-19T04:00:00+00:00,KXNBA-27-LAC,0.0000,0.0100,0.0100,935.19,,93466.40
2026-08-20T04:00:00+00:00,KXNBA-27-LAC,0.0000,0.0100,,0.00,,93466.40
2026-08-21T04:00:00+00:00,KXNBA-27-LAC,0.0000,0.0100,,0.00,,93466.40
2026-08-22T04:00:00+00:00,KXNBA-27-LAC,0.0000,0.0100,,0.00,,93466.40
2026-08-23T04:00:00+00:00,KXNBA-27-LAC,0.0000,0.0100,0.0100,5142.95,,98609.35
2026-06-30T04:00:00+00:00,KXNBA-27-IND,0.0200,0.0300,0.0200,1298.30,,45789.14
2026-07-01T04:00:00+00:00,KXNBA-27-IND,0.0200,0.0300,0.0200,6019.68,,51574.57
2026-07-02T04:00:00+00:00,KXNBA-27-IND,0.0200,0.0300,0.0300,5183.89,,55587.18
2026-07-03T04:00:00+00:00,KXNBA-27-IND,0.0200,0.0300,0.0200,2271.24,,57038.52
2026-07-04T04:00:00+00:00,KXNBA-27-IND,0.0200,0.0300,0.0300,4580.71,,61567.23
2026-07-05T04:00:00+00:00,KXNBA-27-IND,0.0200,0.0300,0.0300,289.06,,61856.29
2026-07-06T04:00:00+00:00,KXNBA-27-IND,0.0200,0.0300,0.0300,78835.96,,140692.25
2026-07-07T04:00:00+00:00,KXNBA-27-IND,0.0200,0.0300,0.0300,655.97,,141343.86
2026-07-08T04:00:00+00:00,KXNBA-27-IND,0.0200,0.0300,0.0300,78691.50,,142000.59
2026-07-09T04:00:00+00:00,KXNBA-27-IND,0.0200,0.0300,0.0300,1473.10,,143473.69
2026-07-10T04:00:00+00:00,KXNBA-27-IND,0.0200,0.0300,0.0300,2910.78,,146384.47
2026-07-11T04:00:00+00:00,KXNBA-27-IND,0.0200,0.0300,0.0300,1187.85,,147572.32
2026-07-12T04:00:00+00:00,KXNBA-27-IND,0.0200,0.0300,0.0300,64.52,,147636.84
2026-07-13T04:00:00+00:00,KXNBA-27-IND,0.0200,0.0300,0.0300,941.95,,148573.79
2026-07-14T04:00:00+00:00,KXNBA-27-IND,0.0200,0.0300,0.0300,3788.24,,152362.03
2026-07-15T04:00:00+00:00,KXNBA-27-IND,0.0200,0.0300,0.0300,4509.67,,156871.70
2026-07-16T04:00:00+00:00,KXNBA-27-IND,0.0200,0.0300,0.0300,10409.62,,167218.90
2026-07-17T04:00:00+00:00,KXNBA-27-IND,0.0200,0.0300,0.0300,12572.26,,179653.51
2026-07-18T04:00:00+00:00,KXNBA-27-IND,0.0200,0.0300,0.0300,445.13,,180098.64
2026-07-19T04:00:00+00:00,KXNBA-27-IND,0.0200,0.0300,0.0300,1786.37,,181885.01
2026-07-20T04:00:00+00:00,KXNBA-27-IND,0.0200,0.0300,0.0300,6553.19,,188438.20
2026-07-21T04:00:00+00:00,KXNBA-27-IND,0.0200,0.0300,0.0300,1251.22,,189689.42
2026-07-22T04:00:00+00:00,KXNBA-27-IND,0.0200,0.0300,0.0300,1455.42,,191144.84
2026-07-23T04:00:00+00:00,KXNBA-27-IND,0.0100,0.0200,0.0200,19757.85,,210902.69
2026-07-24T04:00:00+00:00,KXNBA-27-IND,0.0100,0.0200,0.0200,3432.02,,214332.71
2026-07-25T04:00:00+00:00,KXNBA-27-IND,0.0100,0.0200,0.0200,41189.45,,255460.97
2026-07-26T04:00:00+00:00,KXNBA-27-IND,0.0100,0.0200,0.0200,25716.87,,281177.84
2026-07-27T04:00:00+00:00,KXNBA-27-IND,0.0100,0.0200,0.0200,12566.09,,293088.93
2026-07-28T04:00:00+00:00,KXNBA-27-IND,0.0100,0.0200,0.0200,12862.00,,305919.72
2026-07-29T04:00:00+00:00,KXNBA-27-IND,0.0100,0.0200,0.0200,19721.77,,325561.95
2026-07-30T04:00:00+00:00,KXNBA-27-IND,0.0100,0.0200,0.0200,21223.50,,346457.92
2026-07-31T04:00:00+00:00,KXNBA-27-IND,0.0100,0.0200,0.0200,8132.52,,354496.86
2026-08-01T04:00:00+00:00,KXNBA-27-IND,0.0100,0.0200,0.0200,10463.17,,364726.08
2026-08-02T04:00:00+00:00,KXNBA-27-IND,0.0100,0.0200,0.0200,5272.34,,369998.42
2026-08-03T04:00:00+00:00,KXNBA-27-IND,0.0100,0.0200,0.0100,6252.54,,375215.50
2026-08-04T04:00:00+00:00,KXNBA-27-IND,0.0100,0.0200,0.0200,12773.69,,387989.19
2026-08-05T04:00:00+00:00,KXNBA-27-IND,0.0100,0.0200,0.0200,6932.29,,394921.48
2026-08-06T04:00:00+00:00,KXNBA-27-IND,0.0100,0.0200,0.0200,12934.65,,407575.39
2026-08-07T04:00:00+00:00,KXNBA-27-IND,0.0100,0.0200,0.0200,6382.46,,413957.85
2026-08-08T04:00:00+00:00,KXNBA-27-IND,0.0100,0.0200,0.0100,1925.02,,415881.56
2026-08-09T04:00:00+00:00,KXNBA-27-IND,0.0100,0.0200,0.0200,1637.20,,417518.76
2026-08-10T04:00:00+00:00,KXNBA-27-IND,0.0100,0.0200,0.0200,573.99,,418082.75
2026-08-11T04:00:00+00:00,KXNBA-27-IND,0.0100,0.0200,0.0100,1357.84,,419347.01
2026-08-12T04:00:00+00:00,KXNBA-27-IND,0.0100,0.0200,0.0200,517.02,,419864.03
2026-08-13T04:00:00+00:00,KXNBA-27-IND,0.0100,0.0200,0.0200,12978.47,,428163.49
2026-08-14T04:00:00+00:00,KXNBA-27-IND,0.0100,0.0200,0.0200,9862.91,,438026.40
2026-08-15T04:00:00+00:00,KXNBA-27-IND,0.0100,0.0200,0.0200,19299.95,,457326.35
2026-08-16T04:00:00+00:00,KXNBA-27-IND,0.0100,0.0200,0.0200,2896.44,,459479.15
2026-08-17T04:00:00+00:00,KXNBA-27-IND,0.0100,0.0200,0.0200,6784.12,,466263.27
2026-08-18T04:00:00+00:00,KXNBA-27-IND,0.0100,0.0200,0.0200,1676.27,,467734.78
2026-08-19T04:00:00+00:00,KXNBA-27-IND,0.0100,0.0200,0.0200,1869.76,,469604.54
2026-08-20T04:00:00+00:00,KXNBA-27-IND,0.0100,0.0200,0.0200,1034.00,,470638.54
2026-08-21T04:00:00+00:00,KXNBA-27-IND,0.0100,0.0200,0.0200,617.90,,470638.54
2026-08-22T04:00:00+00:00,KXNBA-27-IND,0.0100,0.0200,0.0200,6329.01,,470638.54
2026-08-23T04:00:00+00:00,KXNBA-27-IND,0.0100,0.0200,0.0100,3.12,,470638.54
2026-06-30T04:00:00+00:00,KXNBA-27-HOU,0.0200,0.0300,0.0300,764.93,,22047.25
2026-07-01T04:00:00+00:00,KXNBA-27-HOU,0.0200,0.0300,0.0200,2017.48,,24002.31
2026-07-02T04:00:00+00:00,KXNBA-27-HOU,0.0200,0.0300,0.0200,3960.41,,27949.00
2026-07-03T04:00:00+00:00,KXNBA-27-HOU,0.0200,0.0300,0.0200,1671.98,,29620.98
2026-07-04T04:00:00+00:00,KXNBA-27-HOU,0.0200,0.0300,0.0300,1233.53,,30542.38
2026-07-05T04:00:00+00:00,KXNBA-27-HOU,0.0200,0.0300,0.0300,33.00,,30575.38
2026-07-06T04:00:00+00:00,KXNBA-27-HOU,0.0200,0.0300,0.0300,91.99,,30667.37
2026-07-07T04:00:00+00:00,KXNBA-27-HOU,0.0200,0.0300,0.0300,545.27,,31212.64
2026-07-08T04:00:00+00:00,KXNBA-27-HOU,0.0200,0.0300,0.0200,480.99,,31524.77
2026-07-09T04:00:00+00:00,KXNBA-27-HOU,0.0200,0.0300,0.0300,33.00,,31557.77
2026-07-10T04:00:00+00:00,KXNBA-27-HOU,0.0200,0.0300,0.0300,657.27,,32215.04
2026-07-11T04:00:00+00:00,KXNBA-27-HOU,0.0200,0.0300,0.0300,64.21,,32279.25
2026-07-12T04:00:00+00:00,KXNBA-27-HOU,0.0200,0.0300,0.0300,220.27,,32499.52
2026-07-13T04:00:00+00:00,KXNBA-27-HOU,0.0100,0.0200,0.0200,2438.47,,34932.99
2026-07-14T04:00:00+00:00,KXNBA-27-HOU,0.0100,0.0200,0.0200,20105.98,,55038.97
2026-07-15T04:00:00+00:00,KXNBA-27-HOU,0.0100,0.0200,0.0200,1078.28,,56117.25
2026-07-16T04:00:00+00:00,KXNBA-27-HOU,0.0100,0.0200,0.0200,79.79,,56197.04
2026-07-17T04:00:00+00:00,KXNBA-27-HOU,0.0100,0.0200,0.0200,33.00,,56230.04
2026-07-18T04:00:00+00:00,KXNBA-27-HOU,0.0100,0.0200,0.0200,968.80,,57198.84
2026-07-19T04:00:00+00:00,KXNBA-27-HOU,0.0100,0.0200,0.0200,2816.63,,60015.47
2026-07-20T04:00:00+00:00,KXNBA-27-HOU,0.0100,0.0200,0.0200,53.00,,60068.47
2026-07-21T04:00:00+00:00,KXNBA-27-HOU,0.0100,0.0200,0.0200,346.00,,60270.47
2026-07-22T04:00:00+00:00,KXNBA-27-HOU,0.0100,0.0200,0.0200,193.71,,60364.05
2026-07-23T04:00:00+00:00,KXNBA-27-HOU,0.0100,0.0200,0.0200,393.53,,60757.58
2026-07-24T04:00:00+00:00,KXNBA-27-HOU,0.0100,0.0200,0.0200,3644.01,,64401.59
2026-07-25T04:00:00+00:00,KXNBA-27-HOU,0.0100,0.0200,0.0200,6844.08,,71245.67
2026-07-26T04:00:00+00:00,KXNBA-27-HOU,0.0100,0.0200,0.0200,12664.75,,83910.42
2026-07-27T04:00:00+00:00,KXNBA-27-HOU,0.0100,0.0200,0.0200,1842.01,,85752.43
2026-07-28T04:00:00+00:00,KXNBA-27-HOU,0.0100,0.0200,0.0200,9799.25,,95504.89
2026-07-29T04:00:00+00:00,KXNBA-27-HOU,0.0100,0.0200,0.0200,2626.66,,98131.55
2026-07-30T04:00:00+00:00,KXNBA-27-HOU,0.0100,0.0200,0.0200,340.65,,98472.20
2026-07-31T04:00:00+00:00,KXNBA-27-HOU,0.0100,0.0200,0.0200,2885.58,,101045.65
2026-08-01T04:00:00+00:00,KXNBA-27-HOU,0.0100,0.0200,0.0200,1602.80,,101712.65
2026-08-02T04:00:00+00:00,KXNBA-27-HOU,0.0100,0.0200,0.0200,841.90,,102554.55
2026-08-03T04:00:00+00:00,KXNBA-27-HOU,0.0100,0.0200,0.0200,156.27,,102701.47
2026-08-04T04:00:00+00:00,KXNBA-27-HOU,0.0100,0.0200,0.0200,1278.40,,103979.87
2026-08-05T04:00:00+00:00,KXNBA-27-HOU,0.0100,0.0200,0.0200,93.58,,104073.45
2026-08-06T04:00:00+00:00,KXNBA-27-HOU,0.0100,0.0200,0.0200,958.70,,105032.15
2026-08-07T04:00:00+00:00,KXNBA-27-HOU,0.0100,0.0200,0.0200,249.75,,105281.90
2026-08-08T04:00:00+00:00,KXNBA-27-HOU,0.0100,0.0200,0.0200,815.43,,106087.33
2026-08-09T04:00:00+00:00,KXNBA-27-HOU,0.0100,0.0200,0.0200,1568.29,,107655.62
2026-08-10T04:00:00+00:00,KXNBA-27-HOU,0.0100,0.0200,0.0200,608.27,,108263.89
2026-08-11T04:00:00+00:00,KXNBA-27-HOU,0.0100,0.0200,0.0200,613.74,,108784.05
2026-08-12T04:00:00+00:00,KXNBA-27-HOU,0.0100,0.0200,0.0200,4057.15,,112373.30
2026-08-13T04:00:00+00:00,KXNBA-27-HOU,0.0100,0.0200,0.0200,5312.28,,117685.58
2026-08-14T04:00:00+00:00,KXNBA-27-HOU,0.0100,0.0200,0.0200,90.28,,117775.86
2026-08-15T04:00:00+00:00,KXNBA-27-HOU,0.0100,0.0200,0.0200,22000.00,,139775.86
2026-08-16T04:00:00+00:00,KXNBA-27-HOU,0.0100,0.0200,,0.00,,139775.86
2026-08-17T04:00:00+00:00,KXNBA-27-HOU,0.0100,0.0200,,0.00,,139775.86
2026-08-18T04:00:00+00:00,KXNBA-27-HOU,0.0100,0.0200,0.0200,187.16,,139963.02
2026-08-19T04:00:00+00:00,KXNBA-27-HOU,0.0100,0.0200,,0.00,,139963.02
2026-08-20T04:00:00+00:00,KXNBA-27-HOU,0.0100,0.0200,0.0200,93.47,,140056.49
2026-08-21T04:00:00+00:00,KXNBA-27-HOU,0.0100,0.0200,0.0200,905.92,,140962.41
2026-08-22T04:00:00+00:00,KXNBA-27-HOU,0.0100,0.0200,0.0200,1.00,,140963.41
2026-08-23T04:00:00+00:00,KXNBA-27-HOU,0.0100,0.0200,0.0200,1466.04,,142429.45
2026-06-30T04:00:00+00:00,KXNBA-27-GSW,0.0300,0.0500,0.0600,219951.64,,408233.69
2026-07-01T04:00:00+00:00,KXNBA-27-GSW,0.0500,0.0700,0.0700,207249.65,,550337.17
2026-07-02T04:00:00+00:00,KXNBA-27-GSW,0.0500,0.0600,0.0700,85896.29,,567644.15
2026-07-03T04:00:00+00:00,KXNBA-27-GSW,0.0400,0.0500,0.0400,28500.40,,573197.92
2026-07-04T04:00:00+00:00,KXNBA-27-GSW,0.0400,0.0500,0.0400,61185.04,,564154.15
2026-07-05T04:00:00+00:00,KXNBA-27-GSW,0.0300,0.0400,0.0400,38528.29,,587632.09
2026-07-06T04:00:00+00:00,KXNBA-27-GSW,0.0300,0.0400,0.0500,10039.35,,588391.30
2026-07-07T04:00:00+00:00,KXNBA-27-GSW,0.0200,0.0300,0.0200,13694.40,,587488.38
2026-07-08T04:00:00+00:00,KXNBA-27-GSW,0.0200,0.0400,0.0400,11825.91,,588737.26
2026-07-09T04:00:00+00:00,KXNBA-27-GSW,0.0200,0.0300,0.0400,4948.50,,589036.01
2026-07-10T04:00:00+00:00,KXNBA-27-GSW,0.0300,0.0400,0.0400,27136.20,,610032.63
2026-07-11T04:00:00+00:00,KXNBA-27-GSW,0.0300,0.0400,0.0400,9152.96,,618297.74
2026-07-12T04:00:00+00:00,KXNBA-27-GSW,0.0200,0.0300,0.0300,9191.67,,617619.67
2026-07-13T04:00:00+00:00,KXNBA-27-GSW,0.0400,0.0500,0.0500,23860.06,,630859.65
2026-07-14T04:00:00+00:00,KXNBA-27-GSW,0.0400,0.0500,0.0500,5532.32,,632971.27
2026-07-15T04:00:00+00:00,KXNBA-27-GSW,0.0400,0.0500,0.0500,31709.37,,662615.85
2026-07-16T04:00:00+00:00,KXNBA-27-GSW,0.0400,0.0500,0.0500,18551.14,,675259.80
2026-07-17T04:00:00+00:00,KXNBA-27-GSW,0.0400,0.0500,0.0500,28258.44,,700744.49
2026-07-18T04:00:00+00:00,KXNBA-27-GSW,0.0400,0.0500,0.0400,20358.42,,719188.57
2026-07-19T04:00:00+00:00,KXNBA-27-GSW,0.0300,0.0500,0.0500,7735.42,,721860.10
2026-07-20T04:00:00+00:00,KXNBA-27-GSW,0.0400,0.0500,0.0400,39437.32,,739597.89
2026-07-21T04:00:00+00:00,KXNBA-27-GSW,0.0300,0.0400,0.0400,27721.41,,752799.35
2026-07-22T04:00:00+00:00,KXNBA-27-GSW,0.0300,0.0400,0.0400,20497.60,,762629.09
2026-07-23T04:00:00+00:00,KXNBA-27-GSW,0.0200,0.0400,0.0400,22357.51,,759267.50
2026-07-24T04:00:00+00:00,KXNBA-27-GSW,0.0300,0.0400,0.0400,28482.36,,785616.60
2026-07-25T04:00:00+00:00,KXNBA-27-GSW,0.0100,0.0200,0.0100,116940.59,,812712.58
2026-07-26T04:00:00+00:00,KXNBA-27-GSW,0.0100,0.0200,0.0200,12072.95,,812425.11
2026-07-27T04:00:00+00:00,KXNBA-27-GSW,0.0100,0.0200,0.0200,16186.70,,816301.98
2026-07-28T04:00:00+00:00,KXNBA-27-GSW,0.0100,0.0200,0.0200,39220.29,,806831.79
2026-07-29T04:00:00+00:00,KXNBA-27-GSW,0.0100,0.0200,0.0200,25553.14,,825977.31
2026-07-30T04:00:00+00:00,KXNBA-27-GSW,0.0100,0.0200,0.0200,3746.41,,829623.72
2026-07-31T04:00:00+00:00,KXNBA-27-GSW,0.0100,0.0200,0.0200,11054.62,,837883.34
2026-08-01T04:00:00+00:00,KXNBA-27-GSW,0.0100,0.0200,0.0200,4581.98,,841343.82
2026-08-02T04:00:00+00:00,KXNBA-27-GSW,0.0100,0.0200,0.0200,9064.41,,849855.91
2026-08-03T04:00:00+00:00,KXNBA-27-GSW,0.0100,0.0200,0.0100,9188.63,,845128.94
2026-08-04T04:00:00+00:00,KXNBA-27-GSW,0.0100,0.0200,0.0200,13743.78,,858663.80
2026-08-05T04:00:00+00:00,KXNBA-27-GSW,0.0100,0.0200,0.0200,1718.35,,859992.03
2026-08-06T04:00:00+00:00,KXNBA-27-GSW,0.0100,0.0200,0.0100,2811.37,,860698.06
2026-08-07T04:00:00+00:00,KXNBA-27-GSW,0.0100,0.0200,0.0200,4065.79,,862469.57
2026-08-08T04:00:00+00:00,KXNBA-27-GSW,0.0100,0.0200,0.0200,5075.10,,862841.05
2026-08-09T04:00:00+00:00,KXNBA-27-GSW,0.0100,0.0200,0.0100,12717.78,,852089.35
2026-08-10T04:00:00+00:00,KXNBA-27-GSW,0.0100,0.0200,0.0200,1351.19,,852485.80
2026-08-11T04:00:00+00:00,KXNBA-27-GSW,0.0100,0.0200,0.0100,462.58,,852761.22
2026-08-12T04:00:00+00:00,KXNBA-27-GSW,0.0100,0.0200,0.0200,1204.33,,853481.61
2026-08-13T04:00:00+00:00,KXNBA-27-GSW,0.0100,0.0200,0.0200,470.13,,853951.74
2026-08-14T04:00:00+00:00,KXNBA-27-GSW,0.0100,0.0200,0.0200,5350.11,,858833.95
2026-08-15T04:00:00+00:00,KXNBA-27-GSW,0.0100,0.0200,0.0100,1294.30,,859192.45
2026-08-16T04:00:00+00:00,KXNBA-27-GSW,0.0100,0.0200,0.0100,1684.02,,859941.51
2026-08-17T04:00:00+00:00,KXNBA-27-GSW,0.0100,0.0200,0.0200,353.37,,859982.14
2026-08-18T04:00:00+00:00,KXNBA-27-GSW,0.0100,0.0200,0.0100,4186.66,,860942.38
2026-08-19T04:00:00+00:00,KXNBA-27-GSW,0.0100,0.0200,0.0100,1614.71,,862322.23
2026-08-20T04:00:00+00:00,KXNBA-27-GSW,0.0100,0.0200,0.0200,4237.09,,865464.46
2026-08-21T04:00:00+00:00,KXNBA-27-GSW,0.0100,0.0200,0.0100,697.17,,865693.73
2026-08-22T04:00:00+00:00,KXNBA-27-GSW,0.0100,0.0200,0.0200,7074.54,,869268.74
2026-08-23T04:00:00+00:00,KXNBA-27-GSW,0.0100,0.0200,0.0100,23266.25,,851196.49
2026-06-30T04:00:00+00:00,KXNBA-27-DET,0.0300,0.0400,0.0400,5578.99,,94054.93
2026-07-01T04:00:00+00:00,KXNBA-27-DET,0.0300,0.0400,0.0400,17341.14,,110566.72
2026-07-02T04:00:00+00:00,KXNBA-27-DET,0.0300,0.0400,0.0300,3142.42,,112320.05
2026-07-03T04:00:00+00:00,KXNBA-27-DET,0.0300,0.0400,0.0300,4154.83,,114309.70
2026-07-04T04:00:00+00:00,KXNBA-27-DET,0.0300,0.0400,0.0300,1490.99,,115691.80
2026-07-05T04:00:00+00:00,KXNBA-27-DET,0.0300,0.0400,0.0400,142.12,,115833.92
2026-07-06T04:00:00+00:00,KXNBA-27-DET,0.0300,0.0400,0.0400,5078.87,,120912.79
2026-07-07T04:00:00+00:00,KXNBA-27-DET,0.0300,0.0400,0.0400,466.18,,121378.97
2026-07-08T04:00:00+00:00,KXNBA-27-DET,0.0300,0.0400,0.0300,1319.13,,121823.94
2026-07-09T04:00:00+00:00,KXNBA-27-DET,0.0300,0.0400,0.0400,1713.96,,123537.90
2026-07-10T04:00:00+00:00,KXNBA-27-DET,0.0300,0.0400,0.0400,80.80,,123562.90
2026-07-11T04:00:00+00:00,KXNBA-27-DET,0.0300,0.0400,0.0400,680.90,,124243.80
2026-07-12T04:00:00+00:00,KXNBA-27-DET,0.0300,0.0400,0.0400,25.00,,124268.80
2026-07-13T04:00:00+00:00,KXNBA-27-DET,0.0300,0.0400,0.0400,61.20,,124319.00
2026-07-14T04:00:00+00:00,KXNBA-27-DET,0.0300,0.0400,0.0400,363.72,,124682.72
2026-07-15T04:00:00+00:00,KXNBA-27-DET,0.0300,0.0400,0.0400,28.51,,124711.23
2026-07-16T04:00:00+00:00,KXNBA-27-DET,0.0300,0.0400,0.0400,200.07,,124906.30
2026-07-17T04:00:00+00:00,KXNBA-27-DET,0.0300,0.0400,0.0400,142.00,,125048.30
2026-07-18T04:00:00+00:00,KXNBA-27-DET,0.0300,0.0400,0.0400,2472.57,,127520.87
2026-07-19T04:00:00+00:00,KXNBA-27-DET,0.0300,0.0400,0.0400,264.16,,127785.03
2026-07-20T04:00:00+00:00,KXNBA-27-DET,0.0300,0.0400,0.0400,245.89,,128030.92
2026-07-21T04:00:00+00:00,KXNBA-27-DET,0.0300,0.0400,0.0400,525.18,,128556.10
2026-07-22T04:00:00+00:00,KXNBA-27-DET,0.0300,0.0400,0.0400,731.57,,129287.67
2026-07-23T04:00:00+00:00,KXNBA-27-DET,0.0300,0.0400,0.0300,610.64,,129312.67
2026-07-24T04:00:00+00:00,KXNBA-27-DET,0.0300,0.0400,0.0300,963.00,,130170.67
2026-07-25T04:00:00+00:00,KXNBA-27-DET,0.0300,0.0400,0.0400,3101.04,,133251.51
2026-07-26T04:00:00+00:00,KXNBA-27-DET,0.0300,0.0400,0.0400,2304.94,,135509.60
2026-07-27T04:00:00+00:00,KXNBA-27-DET,0.0300,0.0400,0.0400,356.75,,135866.35
2026-07-28T04:00:00+00:00,KXNBA-27-DET,0.0300,0.0400,0.0400,18345.36,,154211.71
2026-07-29T04:00:00+00:00,KXNBA-27-DET,0.0300,0.0400,0.0400,244.44,,154445.96
2026-07-30T04:00:00+00:00,KXNBA-27-DET,0.0300,0.0400,,0.00,,154445.96
2026-07-31T04:00:00+00:00,KXNBA-27-DET,0.0300,0.0400,,0.00,,154445.96
2026-08-01T04:00:00+00:00,KXNBA-27-DET,0.0300,0.0400,0.0400,1417.50,,154863.46
2026-08-02T04:00:00+00:00,KXNBA-27-DET,0.0300,0.0400,0.0400,1351.65,,156215.11
2026-08-03T04:00:00+00:00,KXNBA-27-DET,0.0300,0.0400,0.0400,46.43,,156258.03
2026-08-04T04:00:00+00:00,KXNBA-27-DET,0.0300,0.0400,0.0400,234.25,,156492.28
2026-08-05T04:00:00+00:00,KXNBA-27-DET,0.0300,0.0400,,0.00,,156492.28
2026-08-06T04:00:00+00:00,KXNBA-27-DET,0.0200,0.0300,0.0300,2322.69,,158728.65
2026-08-07T04:00:00+00:00,KXNBA-27-DET,0.0200,0.0300,0.0300,429.25,,159040.78
2026-08-08T04:00:00+00:00,KXNBA-27-DET,0.0200,0.0300,0.0300,780.33,,159821.11
2026-08-09T04:00:00+00:00,KXNBA-27-DET,0.0200,0.0300,0.0300,777.37,,160340.81
2026-08-10T04:00:00+00:00,KXNBA-27-DET,0.0200,0.0300,0.0200,399.61,,160506.17
2026-08-11T04:00:00+00:00,KXNBA-27-DET,0.0200,0.0300,0.0300,222.00,,160728.17
2026-08-12T04:00:00+00:00,KXNBA-27-DET,0.0200,0.0300,0.0200,6561.09,,161414.79
2026-08-13T04:00:00+00:00,KXNBA-27-DET,0.0200,0.0300,0.0300,515.00,,161929.79
2026-08-14T04:00:00+00:00,KXNBA-27-DET,0.0200,0.0300,0.0300,431.01,,162360.80
2026-08-15T04:00:00+00:00,KXNBA-27-DET,0.0200,0.0300,0.0300,13156.06,,175516.86
2026-08-16T04:00:00+00:00,KXNBA-27-DET,0.0200,0.0300,0.0300,499.72,,175548.07
2026-08-17T04:00:00+00:00,KXNBA-27-DET,0.0200,0.0300,0.0300,312.13,,175860.20
2026-08-18T04:00:00+00:00,KXNBA-27-DET,0.0200,0.0300,0.0300,8921.73,,184781.93
2026-08-19T04:00:00+00:00,KXNBA-27-DET,0.0200,0.0300,0.0300,62.42,,184844.35
2026-08-20T04:00:00+00:00,KXNBA-27-DET,0.0200,0.0300,0.0200,873.79,,184906.68
2026-08-21T04:00:00+00:00,KXNBA-27-DET,0.0200,0.0300,,0.00,,184906.68
2026-08-22T04:00:00+00:00,KXNBA-27-DET,0.0200,0.0300,0.0300,6273.87,,191180.55
2026-08-23T04:00:00+00:00,KXNBA-27-DET,0.0200,0.0300,0.0300,2653.47,,193365.51
2026-06-30T04:00:00+00:00,KXNBA-27-DEN,0.0300,0.0400,0.0400,3288.74,,143240.69
2026-07-01T04:00:00+00:00,KXNBA-27-DEN,0.0300,0.0400,0.0400,6376.77,,149562.02
2026-07-02T04:00:00+00:00,KXNBA-27-DEN,0.0400,0.0500,0.0500,193431.06,,340897.61
2026-07-03T04:00:00+00:00,KXNBA-27-DEN,0.0400,0.0500,0.0400,1118.68,,341899.17
2026-07-04T04:00:00+00:00,KXNBA-27-DEN,0.0400,0.0500,0.0500,2614.00,,344470.87
2026-07-05T04:00:00+00:00,KXNBA-27-DEN,0.0400,0.0500,0.0500,348.52,,344702.27
2026-07-06T04:00:00+00:00,KXNBA-27-DEN,0.0300,0.0500,0.0500,67.89,,344726.29
2026-07-07T04:00:00+00:00,KXNBA-27-DEN,0.0300,0.0400,0.0400,1000.83,,345059.55
2026-07-08T04:00:00+00:00,KXNBA-27-DEN,0.0300,0.0400,0.0400,320.51,,345380.06
2026-07-09T04:00:00+00:00,KXNBA-27-DEN,0.0300,0.0400,0.0400,1859.91,,345834.44
2026-07-10T04:00:00+00:00,KXNBA-27-DEN,0.0300,0.0400,0.0400,993.80,,346828.24
2026-07-11T04:00:00+00:00,KXNBA-27-DEN,0.0300,0.0400,0.0400,1377.74,,348204.98
2026-07-12T04:00:00+00:00,KXNBA-27-DEN,0.0300,0.0400,0.0400,355.52,,348560.50
2026-07-13T04:00:00+00:00,KXNBA-27-DEN,0.0300,0.0400,0.0400,379.57,,348805.67
2026-07-14T04:00:00+00:00,KXNBA-27-DEN,0.0300,0.0400,0.0400,162.32,,348967.99
2026-07-15T04:00:00+00:00,KXNBA-27-DEN,0.0300,0.0400,0.0400,2229.76,,351197.75
2026-07-16T04:00:00+00:00,KXNBA-27-DEN,0.0300,0.0400,0.0400,854.24,,351339.87
2026-07-17T04:00:00+00:00,KXNBA-27-DEN,0.0300,0.0400,0.0400,413.83,,351636.58
2026-07-18T04:00:00+00:00,KXNBA-27-DEN,0.0300,0.0400,0.0400,6151.42,,357788.00
2026-07-19T04:00:00+00:00,KXNBA-27-DEN,0.0300,0.0400,0.0400,25.00,,357813.00
2026-07-20T04:00:00+00:00,KXNBA-27-DEN,0.0300,0.0400,0.0400,811.27,,358370.92
2026-07-21T04:00:00+00:00,KXNBA-27-DEN,0.0300,0.0400,0.0400,4358.32,,362646.08
2026-07-22T04:00:00+00:00,KXNBA-27-DEN,0.0300,0.0400,0.0400,5843.29,,368372.25
2026-07-23T04:00:00+00:00,KXNBA-27-DEN,0.0300,0.0400,0.0400,1892.29,,370264.54
2026-07-24T04:00:00+00:00,KXNBA-27-DEN,0.0300,0.0400,0.0300,165.00,,370324.54
2026-07-25T04:00:00+00:00,KXNBA-27-DEN,0.0300,0.0400,0.0400,11862.43,,380743.95
2026-07-26T04:00:00+00:00,KXNBA-27-DEN,0.0300,0.0400,0.0400,8468.25,,388977.95
2026-07-27T04:00:00+00:00,KXNBA-27-DEN,0.0300,0.0400,0.0400,2301.53,,391279.48
2026-07-28T04:00:00+00:00,KXNBA-27-DEN,0.0300,0.0400,0.0400,3149.07,,394379.74
2026-07-29T04:00:00+00:00,KXNBA-27-DEN,0.0300,0.0400,0.0400,1454.40,,395834.14
2026-07-30T04:00:00+00:00,KXNBA-27-DEN,0.0300,0.0400,0.0400,674.42,,396334.28
2026-07-31T04:00:00+00:00,KXNBA-27-DEN,0.0300,0.0400,0.0300,1000.00,,396334.28
2026-08-01T04:00:00+00:00,KXNBA-27-DEN,0.0300,0.0400,0.0400,579.61,,396358.70
2026-08-02T04:00:00+00:00,KXNBA-27-DEN,0.0300,0.0400,0.0400,1298.56,,397657.26
2026-08-03T04:00:00+00:00,KXNBA-27-DEN,0.0300,0.0400,0.0400,187.39,,397844.65
2026-08-04T04:00:00+00:00,KXNBA-27-DEN,0.0300,0.0400,0.0400,257.89,,398102.54
2026-08-05T04:00:00+00:00,KXNBA-27-DEN,0.0300,0.0400,,0.00,,398102.54
2026-08-06T04:00:00+00:00,KXNBA-27-DEN,0.0300,0.0400,0.0400,265.25,,398367.79
2026-08-07T04:00:00+00:00,KXNBA-27-DEN,0.0300,0.0400,0.0300,1881.47,,399001.41
2026-08-08T04:00:00+00:00,KXNBA-27-DEN,0.0300,0.0400,0.0400,1475.81,,400477.22
2026-08-09T04:00:00+00:00,KXNBA-27-DEN,0.0300,0.0400,0.0400,267.40,,400510.38
2026-08-10T04:00:00+00:00,KXNBA-27-DEN,0.0300,0.0400,0.0400,234.00,,400744.38
2026-08-11T04:00:00+00:00,KXNBA-27-DEN,0.0300,0.0400,0.0400,259.69,,400933.80
2026-08-12T04:00:00+00:00,KXNBA-27-DEN,0.0300,0.0400,0.0300,93.70,,400933.80
2026-08-13T04:00:00+00:00,KXNBA-27-DEN,0.0300,0.0400,0.0400,1361.82,,402295.62
2026-08-14T04:00:00+00:00,KXNBA-27-DEN,0.0300,0.0400,,0.00,,402295.62
2026-08-15T04:00:00+00:00,KXNBA-27-DEN,0.0300,0.0400,0.0400,226.81,,402522.43
2026-08-16T04:00:00+00:00,KXNBA-27-DEN,0.0300,0.0400,0.0300,374.79,,402639.55
2026-08-17T04:00:00+00:00,KXNBA-27-DEN,0.0300,0.0400,0.0400,166.50,,402806.05
2026-08-18T04:00:00+00:00,KXNBA-27-DEN,0.0300,0.0400,,0.00,,402806.05
2026-08-19T04:00:00+00:00,KXNBA-27-DEN,0.0300,0.0400,0.0300,70.27,,402852.90
2026-08-20T04:00:00+00:00,KXNBA-27-DEN,0.0300,0.0400,0.0300,6561.72,,403717.73
2026-08-21T04:00:00+00:00,KXNBA-27-DEN,0.0300,0.0400,0.0400,542.14,,404259.87
2026-08-22T04:00:00+00:00,KXNBA-27-DEN,0.0300,0.0400,0.0400,6725.90,,410985.77
2026-08-23T04:00:00+00:00,KXNBA-27-DEN,0.0300,0.0400,0.0400,2951.61,,413843.68
2026-06-30T04:00:00+00:00,KXNBA-27-DAL,0.0000,0.0100,0.0100,7839.72,,149017.82
2026-07-01T04:00:00+00:00,KXNBA-27-DAL,0.0000,0.0100,0.0100,2651.51,,151669.33
2026-07-02T04:00:00+00:00,KXNBA-27-DAL,0.0000,0.0100,0.0100,1490.67,,153160.00
2026-07-03T04:00:00+00:00,KXNBA-27-DAL,0.0000,0.0100,0.0100,3135.19,,156295.19
2026-07-04T04:00:00+00:00,KXNBA-27-DAL,0.0000,0.0100,0.0100,4508.00,,160803.19
2026-07-05T04:00:00+00:00,KXNBA-27-DAL,0.0000,0.0100,0.0100,19739.01,,180542.20
2026-07-06T04:00:00+00:00,KXNBA-27-DAL,0.0000,0.0100,0.0100,567.59,,181109.79
2026-07-07T04:00:00+00:00,KXNBA-27-DAL,0.0000,0.0100,0.0100,4675.95,,185785.74
2026-07-08T04:00:00+00:00,KXNBA-27-DAL,0.0000,0.0100,0.0100,935.18,,186720.92
2026-07-09T04:00:00+00:00,KXNBA-27-DAL,0.0000,0.0100,0.0100,1215.14,,187936.06
2026-07-10T04:00:00+00:00,KXNBA-27-DAL,0.0000,0.0100,0.0100,2701.48,,190637.54
2026-07-11T04:00:00+00:00,KXNBA-27-DAL,0.0000,0.0100,0.0100,9551.91,,200189.45
2026-07-12T04:00:00+00:00,KXNBA-27-DAL,0.0000,0.0100,0.0100,3477.72,,203667.17
2026-07-13T04:00:00+00:00,KXNBA-27-DAL,0.0000,0.0100,0.0100,761.10,,204428.27
2026-07-14T04:00:00+00:00,KXNBA-27-DAL,0.0000,0.0100,0.0100,4869.46,,209297.73
2026-07-15T04:00:00+00:00,KXNBA-27-DAL,0.0000,0.0100,0.0100,111.70,,209409.43
2026-07-16T04:00:00+00:00,KXNBA-27-DAL,0.0000,0.0100,0.0100,453.03,,209862.46
2026-07-17T04:00:00+00:00,KXNBA-27-DAL,0.0000,0.0100,0.0100,1466.26,,211271.72
2026-07-18T04:00:00+00:00,KXNBA-27-DAL,0.0000,0.0100,0.0100,100.00,,211371.72
2026-07-19T04:00:00+00:00,KXNBA-27-DAL,0.0000,0.0100,0.0100,474.07,,211845.79
2026-07-20T04:00:00+00:00,KXNBA-27-DAL,0.0000,0.0100,0.0100,11351.94,,223197.73
2026-07-21T04:00:00+00:00,KXNBA-27-DAL,0.0000,0.0100,0.0100,6044.12,,229241.85
2026-07-22T04:00:00+00:00,KXNBA-27-DAL,0.0000,0.0100,0.0100,2753.17,,231995.02
2026-07-23T04:00:00+00:00,KXNBA-27-DAL,0.0000,0.0100,0.0100,16278.80,,248273.82
2026-07-24T04:00:00+00:00,KXNBA-27-DAL,0.0000,0.0100,0.0100,1770.82,,250044.64
2026-07-25T04:00:00+00:00,KXNBA-27-DAL,0.0000,0.0100,0.0100,18693.34,,268737.98
2026-07-26T04:00:00+00:00,KXNBA-27-DAL,0.0000,0.0100,0.0100,19133.29,,287871.27
2026-07-27T04:00:00+00:00,KXNBA-27-DAL,0.0000,0.0100,0.0100,3798.68,,291669.95
2026-07-28T04:00:00+00:00,KXNBA-27-DAL,0.0000,0.0100,0.0100,8571.30,,300241.25
2026-07-29T04:00:00+00:00,KXNBA-27-DAL,0.0000,0.0100,0.0100,1108.45,,301349.70
2026-07-30T04:00:00+00:00,KXNBA-27-DAL,0.0000,0.0100,0.0100,1328.88,,302678.58
2026-07-31T04:00:00+00:00,KXNBA-27-DAL,0.0000,0.0100,0.0100,4415.34,,307093.92
2026-08-01T04:00:00+00:00,KXNBA-27-DAL,0.0000,0.0100,0.0100,1402.78,,308496.70
2026-08-02T04:00:00+00:00,KXNBA-27-DAL,0.0000,0.0100,0.0100,17352.62,,325849.32
2026-08-03T04:00:00+00:00,KXNBA-27-DAL,0.0000,0.0100,0.0100,28649.83,,354499.15
2026-08-04T04:00:00+00:00,KXNBA-27-DAL,0.0000,0.0100,0.0100,100.00,,354599.15
2026-08-05T04:00:00+00:00,KXNBA-27-DAL,0.0000,0.0100,0.0100,330.10,,354929.25
2026-08-06T04:00:00+00:00,KXNBA-27-DAL,0.0000,0.0100,0.0100,748.14,,355677.39
2026-08-07T04:00:00+00:00,KXNBA-27-DAL,0.0000,0.0100,0.0100,2431.49,,358108.88
2026-08-08T04:00:00+00:00,KXNBA-27-DAL,0.0000,0.0100,0.0100,197.02,,358305.90
2026-08-09T04:00:00+00:00,KXNBA-27-DAL,0.0000,0.0100,,0.00,,358305.90
2026-08-10T04:00:00+00:00,KXNBA-27-DAL,0.0000,0.0100,0.0100,7370.65,,365676.55
2026-08-11T04:00:00+00:00,KXNBA-27-DAL,0.0000,0.0100,0.0100,935.19,,366611.74
2026-08-12T04:00:00+00:00,KXNBA-27-DAL,0.0000,0.0100,0.0100,3086.11,,369697.85
2026-08-13T04:00:00+00:00,KXNBA-27-DAL,0.0000,0.0100,0.0100,9445.42,,379143.27
2026-08-14T04:00:00+00:00,KXNBA-27-DAL,0.0000,0.0100,0.0100,935.19,,380078.46
2026-08-15T04:00:00+00:00,KXNBA-27-DAL,0.0000,0.0100,0.0100,16886.03,,396964.49
2026-08-16T04:00:00+00:00,KXNBA-27-DAL,0.0000,0.0100,,0.00,,396964.49
2026-08-17T04:00:00+00:00,KXNBA-27-DAL,0.0000,0.0100,0.0100,9351.91,,406316.40
2026-08-18T04:00:00+00:00,KXNBA-27-DAL,0.0000,0.0100,0.0100,1870.37,,408186.77
2026-08-19T04:00:00+00:00,KXNBA-27-DAL,0.0000,0.0100,0.0100,33.00,,408219.77
2026-08-20T04:00:00+00:00,KXNBA-27-DAL,0.0000,0.0100,0.0100,33.00,,408252.77
2026-08-21T04:00:00+00:00,KXNBA-27-DAL,0.0000,0.0100,,0.00,,408252.77
2026-08-22T04:00:00+00:00,KXNBA-27-DAL,0.0000,0.0100,0.0100,3471.00,,411723.77
2026-08-23T04:00:00+00:00,KXNBA-27-DAL,0.0000,0.0100,0.0100,93.51,,411817.28
2026-06-30T04:00:00+00:00,KXNBA-27-CLE,0.0200,0.0300,0.0300,1520.89,,26500.81
2026-07-01T04:00:00+00:00,KXNBA-27-CLE,0.0500,0.0600,0.0500,222483.94,,246558.45
2026-07-02T04:00:00+00:00,KXNBA-27-CLE,0.0400,0.0500,0.0500,40850.39,,262553.48
2026-07-03T04:00:00+00:00,KXNBA-27-CLE,0.0500,0.0600,0.0600,77263.41,,339270.69
2026-07-04T04:00:00+00:00,KXNBA-27-CLE,0.0400,0.0600,0.0500,7119.85,,345844.43
2026-07-05T04:00:00+00:00,KXNBA-27-CLE,0.0500,0.0600,0.0600,8644.31,,348212.72
2026-07-06T04:00:00+00:00,KXNBA-27-CLE,0.0600,0.0800,0.0800,24356.07,,365971.96
2026-07-07T04:00:00+00:00,KXNBA-27-CLE,0.0600,0.0700,0.0700,40796.98,,400219.13
2026-07-08T04:00:00+00:00,KXNBA-27-CLE,0.0300,0.0500,0.0500,53015.68,,417226.65
2026-07-09T04:00:00+00:00,KXNBA-27-CLE,0.0600,0.0700,0.0800,11850.92,,425421.33
2026-07-10T04:00:00+00:00,KXNBA-27-CLE,0.0600,0.0700,0.0700,15434.16,,434522.44
2026-07-11T04:00:00+00:00,KXNBA-27-CLE,0.0400,0.0500,0.0500,27002.14,,447298.34
2026-07-12T04:00:00+00:00,KXNBA-27-CLE,0.0400,0.0500,0.0600,4412.17,,449702.56
2026-07-13T04:00:00+00:00,KXNBA-27-CLE,0.0500,0.0600,0.0600,3524.68,,451094.37
2026-07-14T04:00:00+00:00,KXNBA-27-CLE,0.0500,0.0600,0.0600,5189.65,,454741.36
2026-07-15T04:00:00+00:00,KXNBA-27-CLE,0.0400,0.0600,0.0600,6167.27,,459788.32
2026-07-16T04:00:00+00:00,KXNBA-27-CLE,0.0400,0.0500,0.0600,11114.11,,466516.67
2026-07-17T04:00:00+00:00,KXNBA-27-CLE,0.0500,0.0600,0.0700,11717.43,,477809.10
2026-07-18T04:00:00+00:00,KXNBA-27-CLE,0.0400,0.0600,0.0600,4201.06,,479303.89
2026-07-19T04:00:00+00:00,KXNBA-27-CLE,0.0400,0.0500,0.0400,10034.72,,480121.71
2026-07-20T04:00:00+00:00,KXNBA-27-CLE,0.0500,0.0600,0.0600,51266.97,,519539.37
2026-07-21T04:00:00+00:00,KXNBA-27-CLE,0.0400,0.0500,0.0500,8523.09,,522610.74
2026-07-22T04:00:00+00:00,KXNBA-27-CLE,0.0400,0.0500,0.0500,7010.57,,528719.77
2026-07-23T04:00:00+00:00,KXNBA-27-CLE,0.0300,0.0400,0.0400,14471.13,,539486.45
2026-07-24T04:00:00+00:00,KXNBA-27-CLE,0.0300,0.0400,0.0400,15685.48,,553508.76
2026-07-25T04:00:00+00:00,KXNBA-27-CLE,0.0100,0.0200,0.0200,55362.83,,574440.40
2026-07-26T04:00:00+00:00,KXNBA-27-CLE,0.0100,0.0200,0.0200,14665.23,,589105.63
2026-07-27T04:00:00+00:00,KXNBA-27-CLE,0.0200,0.0300,0.0200,49861.20,,630944.99
2026-07-28T04:00:00+00:00,KXNBA-27-CLE,0.0200,0.0300,0.0300,6602.19,,633790.52
2026-07-29T04:00:00+00:00,KXNBA-27-CLE,0.0200,0.0300,0.0200,1233.38,,633963.50
2026-07-30T04:00:00+00:00,KXNBA-27-CLE,0.0200,0.0300,0.0300,715.46,,634328.68
2026-07-31T04:00:00+00:00,KXNBA-27-CLE,0.0200,0.0300,0.0300,530.74,,634796.88
2026-08-01T04:00:00+00:00,KXNBA-27-CLE,0.0200,0.0300,0.0200,2373.48,,636358.57
2026-08-02T04:00:00+00:00,KXNBA-27-CLE,0.0200,0.0300,0.0200,49.87,,636358.57
2026-08-03T04:00:00+00:00,KXNBA-27-CLE,0.0200,0.0300,0.0200,375.05,,636358.57
2026-08-04T04:00:00+00:00,KXNBA-27-CLE,0.0200,0.0300,0.0200,4491.72,,637670.07
2026-08-05T04:00:00+00:00,KXNBA-27-CLE,0.0200,0.0300,0.0300,93.63,,637763.70
2026-08-06T04:00:00+00:00,KXNBA-27-CLE,0.0200,0.0300,0.0200,3933.25,,638949.82
2026-08-07T04:00:00+00:00,KXNBA-27-CLE,0.0200,0.0300,0.0200,4552.73,,638980.56
2026-08-08T04:00:00+00:00,KXNBA-27-CLE,0.0200,0.0300,0.0200,1005.94,,638980.56
2026-08-09T04:00:00+00:00,KXNBA-27-CLE,0.0200,0.0300,0.0300,936.41,,639916.97
2026-08-10T04:00:00+00:00,KXNBA-27-CLE,0.0200,0.0300,0.0300,156.00,,640072.97
2026-08-11T04:00:00+00:00,KXNBA-27-CLE,0.0200,0.0300,0.0200,468.82,,640072.97
2026-08-12T04:00:00+00:00,KXNBA-27-CLE,0.0200,0.0300,0.0200,990.77,,640072.97
2026-08-13T04:00:00+00:00,KXNBA-27-CLE,0.0200,0.0300,0.0200,1041.76,,641103.01
2026-08-14T04:00:00+00:00,KXNBA-27-CLE,0.0200,0.0300,0.0200,819.08,,641710.73
2026-08-15T04:00:00+00:00,KXNBA-27-CLE,0.0200,0.0300,0.0300,3730.34,,645175.33
2026-08-16T04:00:00+00:00,KXNBA-27-CLE,0.0200,0.0300,0.0200,134.12,,645175.33
2026-08-17T04:00:00+00:00,KXNBA-27-CLE,0.0200,0.0300,0.0300,223.17,,645398.50
2026-08-18T04:00:00+00:00,KXNBA-27-CLE,0.0200,0.0300,0.0200,34.33,,645398.50
2026-08-19T04:00:00+00:00,KXNBA-27-CLE,0.0200,0.0300,0.0200,644.04,,645398.50
2026-08-20T04:00:00+00:00,KXNBA-27-CLE,0.0200,0.0300,0.0300,2542.81,,647941.31
2026-08-21T04:00:00+00:00,KXNBA-27-CLE,0.0200,0.0300,0.0300,1270.05,,648274.95
2026-08-22T04:00:00+00:00,KXNBA-27-CLE,0.0200,0.0300,0.0300,1562.42,,649837.37
2026-08-23T04:00:00+00:00,KXNBA-27-CLE,0.0200,0.0300,0.0300,3821.82,,653489.38
2026-06-30T04:00:00+00:00,KXNBA-27-CHI,0.0000,0.0100,0.0100,675.10,,9162.82
2026-07-01T04:00:00+00:00,KXNBA-27-CHI,0.0000,0.0100,,0.00,,9162.82
2026-07-02T04:00:00+00:00,KXNBA-27-CHI,0.0000,0.0100,0.0100,93.51,,9256.33
2026-07-03T04:00:00+00:00,KXNBA-27-CHI,0.0000,0.0100,0.0100,200.00,,9456.33
2026-07-04T04:00:00+00:00,KXNBA-27-CHI,0.0000,0.0100,0.0100,100.00,,9556.33
2026-07-05T04:00:00+00:00,KXNBA-27-CHI,0.0000,0.0100,0.0100,380.55,,9936.88
2026-07-06T04:00:00+00:00,KXNBA-27-CHI,0.0000,0.0100,0.0100,193.51,,10130.39
2026-07-07T04:00:00+00:00,KXNBA-27-CHI,0.0000,0.0100,,0.00,,10130.39
2026-07-08T04:00:00+00:00,KXNBA-27-CHI,0.0000,0.0100,,0.00,,10130.39
2026-07-09T04:00:00+00:00,KXNBA-27-CHI,0.0000,0.0100,0.0100,93.51,,10223.90
2026-07-10T04:00:00+00:00,KXNBA-27-CHI,0.0000,0.0100,0.0100,667.59,,10891.49
2026-07-11T04:00:00+00:00,KXNBA-27-CHI,0.0000,0.0100,0.0100,100.00,,10991.49
2026-07-12T04:00:00+00:00,KXNBA-27-CHI,0.0000,0.0100,,0.00,,10991.49
2026-07-13T04:00:00+00:00,KXNBA-27-CHI,0.0000,0.0100,0.0100,200.00,,11191.49
2026-07-14T04:00:00+00:00,KXNBA-27-CHI,0.0000,0.0100,0.0100,100.00,,11291.49
2026-07-15T04:00:00+00:00,KXNBA-27-CHI,0.0000,0.0100,0.0100,19801.97,,31093.46
2026-07-16T04:00:00+00:00,KXNBA-27-CHI,0.0000,0.0100,0.0100,100.00,,31193.46
2026-07-17T04:00:00+00:00,KXNBA-27-CHI,0.0000,0.0100,0.0100,200.00,,31393.46
2026-07-18T04:00:00+00:00,KXNBA-27-CHI,0.0000,0.0100,0.0100,100.00,,31493.46
2026-07-19T04:00:00+00:00,KXNBA-27-CHI,0.0000,0.0100,0.0100,100.00,,31593.46
2026-07-20T04:00:00+00:00,KXNBA-27-CHI,0.0000,0.0100,0.0100,474.07,,32067.53
2026-07-21T04:00:00+00:00,KXNBA-27-CHI,0.0000,0.0100,,0.00,,32067.53
2026-07-22T04:00:00+00:00,KXNBA-27-CHI,0.0000,0.0100,,0.00,,32067.53
2026-07-23T04:00:00+00:00,KXNBA-27-CHI,0.0000,0.0100,0.0100,266.00,,32333.53
2026-07-24T04:00:00+00:00,KXNBA-27-CHI,0.0000,0.0100,0.0100,1035.19,,33368.72
2026-07-25T04:00:00+00:00,KXNBA-27-CHI,0.0000,0.0100,0.0100,1467.78,,34836.50
2026-07-26T04:00:00+00:00,KXNBA-27-CHI,0.0000,0.0100,0.0100,5129.75,,39966.25
2026-07-27T04:00:00+00:00,KXNBA-27-CHI,0.0000,0.0100,,0.00,,39966.25
2026-07-28T04:00:00+00:00,KXNBA-27-CHI,0.0000,0.0100,0.0100,2337.97,,42304.22
2026-07-29T04:00:00+00:00,KXNBA-27-CHI,0.0000,0.0100,0.0100,1122.22,,43426.44
2026-07-30T04:00:00+00:00,KXNBA-27-CHI,0.0000,0.0100,,0.00,,43426.44
2026-07-31T04:00:00+00:00,KXNBA-27-CHI,0.0000,0.0100,0.0100,33.00,,43459.44
2026-08-01T04:00:00+00:00,KXNBA-27-CHI,0.0000,0.0100,,0.00,,43459.44
2026-08-02T04:00:00+00:00,KXNBA-27-CHI,0.0000,0.0100,,0.00,,43459.44
2026-08-03T04:00:00+00:00,KXNBA-27-CHI,0.0000,0.0100,,0.00,,43459.44
2026-08-04T04:00:00+00:00,KXNBA-27-CHI,0.0000,0.0100,,0.00,,43459.44
2026-08-05T04:00:00+00:00,KXNBA-27-CHI,0.0000,0.0100,,0.00,,43459.44
2026-08-06T04:00:00+00:00,KXNBA-27-CHI,0.0000,0.0100,,0.00,,43459.44
2026-08-07T04:00:00+00:00,KXNBA-27-CHI,0.0000,0.0100,,0.00,,43459.44
2026-08-08T04:00:00+00:00,KXNBA-27-CHI,0.0000,0.0100,0.0100,203.51,,43662.95
2026-08-09T04:00:00+00:00,KXNBA-27-CHI,0.0000,0.0100,,0.00,,43662.95
2026-08-10T04:00:00+00:00,KXNBA-27-CHI,0.0000,0.0100,,0.00,,43662.95
2026-08-11T04:00:00+00:00,KXNBA-27-CHI,0.0000,0.0100,,0.00,,43662.95
2026-08-12T04:00:00+00:00,KXNBA-27-CHI,0.0000,0.0100,,0.00,,43662.95
2026-08-13T04:00:00+00:00,KXNBA-27-CHI,0.0000,0.0100,0.0100,126.51,,43789.46
2026-08-14T04:00:00+00:00,KXNBA-27-CHI,0.0000,0.0100,,0.00,,43789.46
2026-08-15T04:00:00+00:00,KXNBA-27-CHI,0.0000,0.0100,,0.00,,43789.46
2026-08-16T04:00:00+00:00,KXNBA-27-CHI,0.0000,0.0100,,0.00,,43789.46
2026-08-17T04:00:00+00:00,KXNBA-27-CHI,0.0000,0.0100,,0.00,,43789.46
2026-08-18T04:00:00+00:00,KXNBA-27-CHI,0.0000,0.0100,,0.00,,43789.46
2026-08-19T04:00:00+00:00,KXNBA-27-CHI,0.0000,0.0100,,0.00,,43789.46
2026-08-20T04:00:00+00:00,KXNBA-27-CHI,0.0000,0.0100,,0.00,,43789.46
2026-08-21T04:00:00+00:00,KXNBA-27-CHI,0.0000,0.0100,0.0100,93.51,,43882.97
2026-08-22T04:00:00+00:00,KXNBA-27-CHI,0.0000,0.0100,0.0100,0.93,,43883.90
2026-06-30T04:00:00+00:00,KXNBA-27-CHA,0.0100,0.0200,0.0200,424.32,,92280.20
2026-07-01T04:00:00+00:00,KXNBA-27-CHA,0.0100,0.0200,0.0100,1428.85,,93007.20
2026-07-02T04:00:00+00:00,KXNBA-27-CHA,0.0100,0.0200,0.0100,308.00,,93315.20
2026-07-03T04:00:00+00:00,KXNBA-27-CHA,0.0000,0.0100,0.0100,374.00,,93689.20
2026-07-04T04:00:00+00:00,KXNBA-27-CHA,0.0000,0.0100,0.0100,872.96,,94562.16
2026-07-05T04:00:00+00:00,KXNBA-27-CHA,0.0000,0.0100,0.0100,46809.56,,141371.72
2026-07-06T04:00:00+00:00,KXNBA-27-CHA,0.0000,0.0100,0.0100,2855.56,,144227.28
2026-07-07T04:00:00+00:00,KXNBA-27-CHA,0.0000,0.0100,0.0100,23.37,,144250.65
2026-07-08T04:00:00+00:00,KXNBA-27-CHA,0.0000,0.0100,,0.00,,144250.65
2026-07-09T04:00:00+00:00,KXNBA-27-CHA,0.0000,0.0100,0.0100,3323.16,,147573.81
2026-07-10T04:00:00+00:00,KXNBA-27-CHA,0.0000,0.0100,0.0100,50.00,,147623.81
2026-07-11T04:00:00+00:00,KXNBA-27-CHA,0.0000,0.0100,0.0100,1277.90,,148901.71
2026-07-12T04:00:00+00:00,KXNBA-27-CHA,0.0000,0.0100,0.0100,143.51,,149045.22
2026-07-13T04:00:00+00:00,KXNBA-27-CHA,0.0000,0.0100,0.0100,143.51,,149188.73
2026-07-14T04:00:00+00:00,KXNBA-27-CHA,0.0000,0.0100,0.0100,100.00,,149288.73
2026-07-15T04:00:00+00:00,KXNBA-27-CHA,0.0000,0.0100,0.0100,50.00,,149338.73
2026-07-16T04:00:00+00:00,KXNBA-27-CHA,0.0000,0.0100,0.0100,50.00,,149388.73
2026-07-17T04:00:00+00:00,KXNBA-27-CHA,0.0000,0.0100,0.0100,50.00,,149438.73
2026-07-18T04:00:00+00:00,KXNBA-27-CHA,0.0000,0.0100,0.0100,143.51,,149582.24
2026-07-19T04:00:00+00:00,KXNBA-27-CHA,0.0000,0.0100,0.0100,77.12,,149659.36
2026-07-20T04:00:00+00:00,KXNBA-27-CHA,0.0000,0.0100,0.0100,50.00,,149709.36
2026-07-21T04:00:00+00:00,KXNBA-27-CHA,0.0000,0.0100,,0.00,,149709.36
2026-07-22T04:00:00+00:00,KXNBA-27-CHA,0.0000,0.0100,0.0100,4675.95,,154385.31
2026-07-23T04:00:00+00:00,KXNBA-27-CHA,0.0000,0.0100,0.0100,83.00,,154468.31
2026-07-24T04:00:00+00:00,KXNBA-27-CHA,0.0000,0.0100,0.0100,233.51,,154701.82
2026-07-25T04:00:00+00:00,KXNBA-27-CHA,0.0000,0.0100,0.0100,10561.10,,165262.92
2026-07-26T04:00:00+00:00,KXNBA-27-CHA,0.0000,0.0100,0.0100,93.51,,165356.43
2026-07-27T04:00:00+00:00,KXNBA-27-CHA,0.0000,0.0100,0.0100,613.54,,165969.97
2026-07-28T04:00:00+00:00,KXNBA-27-CHA,0.0000,0.0100,0.0100,488.92,,166458.89
2026-07-29T04:00:00+00:00,KXNBA-27-CHA,0.0000,0.0100,0.0100,1870.38,,168329.27
2026-07-30T04:00:00+00:00,KXNBA-27-CHA,0.0000,0.0100,,0.00,,168329.27
2026-07-31T04:00:00+00:00,KXNBA-27-CHA,0.0000,0.0100,,0.00,,168329.27
2026-08-01T04:00:00+00:00,KXNBA-27-CHA,0.0000,0.0100,,0.00,,168329.27
2026-08-02T04:00:00+00:00,KXNBA-27-CHA,0.0000,0.0100,,0.00,,168329.27
2026-08-03T04:00:00+00:00,KXNBA-27-CHA,0.0000,0.0100,0.0100,11.22,,168340.49
2026-08-04T04:00:00+00:00,KXNBA-27-CHA,0.0000,0.0100,,0.00,,168340.49
2026-08-05T04:00:00+00:00,KXNBA-27-CHA,0.0000,0.0100,0.0100,187.03,,168527.52
2026-08-06T04:00:00+00:00,KXNBA-27-CHA,0.0000,0.0100,,0.00,,168527.52
2026-08-07T04:00:00+00:00,KXNBA-27-CHA,0.0000,0.0100,0.0100,187.03,,168714.55
2026-08-08T04:00:00+00:00,KXNBA-27-CHA,0.0000,0.0100,0.0100,103.51,,168818.06
2026-08-09T04:00:00+00:00,KXNBA-27-CHA,0.0000,0.0100,,0.00,,168818.06
2026-08-10T04:00:00+00:00,KXNBA-27-CHA,0.0000,0.0100,,0.00,,168818.06
2026-08-11T04:00:00+00:00,KXNBA-27-CHA,0.0000,0.0100,,0.00,,168818.06
2026-08-12T04:00:00+00:00,KXNBA-27-CHA,0.0000,0.0100,,0.00,,168818.06
2026-08-13T04:00:00+00:00,KXNBA-27-CHA,0.0000,0.0100,,0.00,,168818.06
2026-08-14T04:00:00+00:00,KXNBA-27-CHA,0.0000,0.0100,,0.00,,168818.06
2026-08-15T04:00:00+00:00,KXNBA-27-CHA,0.0000,0.0100,,0.00,,168818.06
2026-08-16T04:00:00+00:00,KXNBA-27-CHA,0.0000,0.0100,,0.00,,168818.06
2026-08-17T04:00:00+00:00,KXNBA-27-CHA,0.0000,0.0100,,0.00,,168818.06
2026-08-18T04:00:00+00:00,KXNBA-27-CHA,0.0000,0.0100,0.0100,467.59,,169285.65
2026-08-19T04:00:00+00:00,KXNBA-27-CHA,0.0000,0.0100,,0.00,,169285.65
2026-08-20T04:00:00+00:00,KXNBA-27-CHA,0.0000,0.0100,,0.00,,169285.65
2026-08-21T04:00:00+00:00,KXNBA-27-CHA,0.0000,0.0100,0.0100,654.62,,169940.27
2026-08-22T04:00:00+00:00,KXNBA-27-CHA,0.0000,0.0100,,0.00,,169940.27
2026-08-23T04:00:00+00:00,KXNBA-27-CHA,0.0000,0.0100,0.0100,841.65,,170781.92
2026-06-30T04:00:00+00:00,KXNBA-27-BOS,0.1000,0.1100,0.1000,523.93,,212318.85
2026-07-01T04:00:00+00:00,KXNBA-27-BOS,0.0900,0.1000,0.0900,2822.88,,213804.03
2026-07-02T04:00:00+00:00,KXNBA-27-BOS,0.0800,0.0900,0.0900,13241.50,,224277.17
2026-07-03T04:00:00+00:00,KXNBA-27-BOS,0.0700,0.0900,0.0900,15572.24,,225472.60
2026-07-04T04:00:00+00:00,KXNBA-27-BOS,0.0700,0.0800,0.0800,1999.22,,227256.93
2026-07-05T04:00:00+00:00,KXNBA-27-BOS,0.0700,0.0800,0.0800,2375.12,,229470.13
2026-07-06T04:00:00+00:00,KXNBA-27-BOS,0.0700,0.0800,0.0800,964.35,,229746.03
2026-07-07T04:00:00+00:00,KXNBA-27-BOS,0.0600,0.0700,0.0700,6126.85,,234256.35
2026-07-08T04:00:00+00:00,KXNBA-27-BOS,0.0600,0.0700,0.0700,832.23,,234806.84
2026-07-09T04:00:00+00:00,KXNBA-27-BOS,0.0600,0.0700,0.0700,2232.57,,236939.41
2026-07-10T04:00:00+00:00,KXNBA-27-BOS,0.0600,0.0700,0.0600,1275.98,,238159.93
2026-07-11T04:00:00+00:00,KXNBA-27-BOS,0.0600,0.0700,0.0700,2703.23,,240802.12
2026-07-12T04:00:00+00:00,KXNBA-27-BOS,0.0600,0.0700,0.0700,387.40,,241079.37
2026-07-13T04:00:00+00:00,KXNBA-27-BOS,0.0600,0.0700,0.0600,497.25,,241575.62
2026-07-14T04:00:00+00:00,KXNBA-27-BOS,0.0600,0.0700,0.0600,937.82,,242260.11
2026-07-15T04:00:00+00:00,KXNBA-27-BOS,0.0600,0.0700,0.0700,1819.93,,242729.54
2026-07-16T04:00:00+00:00,KXNBA-27-BOS,0.0600,0.0700,0.0700,302.75,,242930.24
2026-07-17T04:00:00+00:00,KXNBA-27-BOS,0.0600,0.0700,0.0700,344.17,,243274.41
2026-07-18T04:00:00+00:00,KXNBA-27-BOS,0.0600,0.0700,0.0700,339.70,,243614.11
2026-07-19T04:00:00+00:00,KXNBA-27-BOS,0.0600,0.0700,0.0600,486.57,,244007.34
2026-07-20T04:00:00+00:00,KXNBA-27-BOS,0.0600,0.0700,0.0700,4127.95,,247383.96
2026-07-21T04:00:00+00:00,KXNBA-27-BOS,0.0600,0.0700,0.0700,2424.68,,249103.74
2026-07-22T04:00:00+00:00,KXNBA-27-BOS,0.0600,0.0700,0.0700,3547.47,,252651.21
2026-07-23T04:00:00+00:00,KXNBA-27-BOS,0.0500,0.0600,0.0600,4180.34,,256088.93
2026-07-24T04:00:00+00:00,KXNBA-27-BOS,0.0500,0.0600,0.0500,121.37,,256102.30
2026-07-25T04:00:00+00:00,KXNBA-27-BOS,0.0500,0.0600,0.0600,13550.41,,269525.06
2026-07-26T04:00:00+00:00,KXNBA-27-BOS,0.0500,0.0600,0.0600,3095.65,,272464.34
2026-07-27T04:00:00+00:00,KXNBA-27-BOS,0.0500,0.0600,0.0600,5504.58,,277968.92
2026-07-28T04:00:00+00:00,KXNBA-27-BOS,0.0400,0.0500,0.0500,16165.40,,293776.59
2026-07-29T04:00:00+00:00,KXNBA-27-BOS,0.0400,0.0500,0.0400,3285.15,,296637.41
2026-07-30T04:00:00+00:00,KXNBA-27-BOS,0.0400,0.0500,0.0500,2709.11,,299215.37
2026-07-31T04:00:00+00:00,KXNBA-27-BOS,0.0400,0.0500,0.0500,4410.51,,303625.88
2026-08-01T04:00:00+00:00,KXNBA-27-BOS,0.0400,0.0500,0.0500,1606.91,,305161.79
2026-08-02T04:00:00+00:00,KXNBA-27-BOS,0.0400,0.0500,0.0500,14432.18,,319593.97
2026-08-03T04:00:00+00:00,KXNBA-27-BOS,0.0400,0.0500,0.0500,9227.32,,328719.65
2026-08-04T04:00:00+00:00,KXNBA-27-BOS,0.0400,0.0500,0.0500,2689.48,,331342.07
2026-08-05T04:00:00+00:00,KXNBA-27-BOS,0.0400,0.0500,0.0500,3786.66,,335127.73
2026-08-06T04:00:00+00:00,KXNBA-27-BOS,0.0400,0.0500,0.0500,1267.16,,336354.89
2026-08-07T04:00:00+00:00,KXNBA-27-BOS,0.0400,0.0500,0.0500,4344.44,,340699.33
2026-08-08T04:00:00+00:00,KXNBA-27-BOS,0.0400,0.0500,0.0500,615.98,,341315.31
2026-08-09T04:00:00+00:00,KXNBA-27-BOS,0.0400,0.0500,0.0500,851.98,,341705.09
2026-08-10T04:00:00+00:00,KXNBA-27-BOS,0.0400,0.0500,0.0500,412.75,,341978.51
2026-08-11T04:00:00+00:00,KXNBA-27-BOS,0.0400,0.0500,0.0500,2857.48,,344742.23
2026-08-12T04:00:00+00:00,KXNBA-27-BOS,0.0400,0.0500,0.0500,1217.05,,345959.28
2026-08-13T04:00:00+00:00,KXNBA-27-BOS,0.0400,0.0500,0.0500,1162.59,,347057.87
2026-08-14T04:00:00+00:00,KXNBA-27-BOS,0.0400,0.0500,0.0500,1443.94,,348126.77
2026-08-15T04:00:00+00:00,KXNBA-27-BOS,0.0400,0.0500,0.0400,318.78,,348258.03
2026-08-16T04:00:00+00:00,KXNBA-27-BOS,0.0400,0.0500,0.0500,4887.37,,350530.83
2026-08-17T04:00:00+00:00,KXNBA-27-BOS,0.0400,0.0500,0.0500,3467.30,,352654.50
2026-08-18T04:00:00+00:00,KXNBA-27-BOS,0.0400,0.0500,0.0500,720.29,,353374.79
2026-08-19T04:00:00+00:00,KXNBA-27-BOS,0.0400,0.0500,0.0500,2820.79,,355257.94
2026-08-20T04:00:00+00:00,KXNBA-27-BOS,0.0400,0.0500,0.0500,926.06,,356184.00
2026-08-21T04:00:00+00:00,KXNBA-27-BOS,0.0400,0.0500,0.0500,1226.66,,356561.76
2026-08-22T04:00:00+00:00,KXNBA-27-BOS,0.0400,0.0500,0.0500,986.24,,357275.48
2026-08-23T04:00:00+00:00,KXNBA-27-BOS,0.0400,0.0500,0.0500,730.75,,357864.23
2026-06-30T04:00:00+00:00,KXNBA-27-BKN,0.0000,0.0100,0.0100,100.00,,4003.93
2026-07-02T04:00:00+00:00,KXNBA-27-BKN,0.0000,0.0100,0.0100,2057.41,,6061.34
2026-07-03T04:00:00+00:00,KXNBA-27-BKN,0.0000,0.0100,0.0100,300.00,,6361.34
2026-07-04T04:00:00+00:00,KXNBA-27-BKN,0.0000,0.0100,0.0100,293.51,,6654.85
2026-07-05T04:00:00+00:00,KXNBA-27-BKN,0.0000,0.0100,0.0100,100.00,,6754.85
2026-07-07T04:00:00+00:00,KXNBA-27-BKN,0.0000,0.0100,,0.00,,6754.85
2026-07-08T04:00:00+00:00,KXNBA-27-BKN,0.0000,0.0100,,0.00,,6754.85
2026-07-09T04:00:00+00:00,KXNBA-27-BKN,0.0000,0.0100,,0.00,,6754.85
2026-07-10T04:00:00+00:00,KXNBA-27-BKN,0.0000,0.0100,0.0100,200.00,,6954.85
2026-07-11T04:00:00+00:00,KXNBA-27-BKN,0.0000,0.0100,0.0100,100.00,,7054.85
2026-07-12T04:00:00+00:00,KXNBA-27-BKN,0.0000,0.0100,0.0100,187.03,,7241.88
2026-07-13T04:00:00+00:00,KXNBA-27-BKN,0.0000,0.0100,0.0100,200.00,,7441.88
2026-07-14T04:00:00+00:00,KXNBA-27-BKN,0.0000,0.0100,0.0100,100.00,,7541.88
2026-07-15T04:00:00+00:00,KXNBA-27-BKN,0.0000,0.0100,,0.00,,7541.88
2026-07-16T04:00:00+00:00,KXNBA-27-BKN,0.0000,0.0100,0.0100,200.00,,7741.88
2026-07-17T04:00:00+00:00,KXNBA-27-BKN,0.0000,0.0100,0.0100,100.00,,7841.88
2026-07-18T04:00:00+00:00,KXNBA-27-BKN,0.0000,0.0100,0.0100,100.00,,7941.88
2026-07-19T04:00:00+00:00,KXNBA-27-BKN,0.0000,0.0100,0.0100,100.00,,8041.88
2026-07-20T04:00:00+00:00,KXNBA-27-BKN,0.0000,0.0100,0.0100,100.00,,8141.88
2026-07-21T04:00:00+00:00,KXNBA-27-BKN,0.0000,0.0100,,0.00,,8141.88
2026-07-22T04:00:00+00:00,KXNBA-27-BKN,0.0000,0.0100,,0.00,,8141.88
2026-07-23T04:00:00+00:00,KXNBA-27-BKN,0.0000,0.0100,0.0100,305.73,,8447.61
2026-07-24T04:00:00+00:00,KXNBA-27-BKN,0.0000,0.0100,0.0100,100.00,,8547.61
2026-07-25T04:00:00+00:00,KXNBA-27-BKN,0.0000,0.0100,0.0100,93.51,,8641.12
2026-07-26T04:00:00+00:00,KXNBA-27-BKN,0.0000,0.0100,0.0100,93.51,,8734.63
2026-07-27T04:00:00+00:00,KXNBA-27-BKN,0.0000,0.0100,,0.00,,8734.63
2026-07-28T04:00:00+00:00,KXNBA-27-BKN,0.0000,0.0100,0.0100,1435.78,,10170.41
2026-07-29T04:00:00+00:00,KXNBA-27-BKN,0.0000,0.0100,,0.00,,10170.41
2026-07-30T04:00:00+00:00,KXNBA-27-BKN,0.0000,0.0100,,0.00,,10170.41
2026-07-31T04:00:00+00:00,KXNBA-27-BKN,0.0000,0.0100,0.0100,280.55,,10450.96
2026-08-01T04:00:00+00:00,KXNBA-27-BKN,0.0000,0.0100,,0.00,,10450.96
2026-08-02T04:00:00+00:00,KXNBA-27-BKN,0.0000,0.0100,0.0100,1333.00,,11783.96
2026-08-03T04:00:00+00:00,KXNBA-27-BKN,0.0000,0.0100,,0.00,,11783.96
2026-08-04T04:00:00+00:00,KXNBA-27-BKN,0.0000,0.0100,,0.00,,11783.96
2026-08-05T04:00:00+00:00,KXNBA-27-BKN,0.0000,0.0100,,0.00,,11783.96
2026-08-06T04:00:00+00:00,KXNBA-27-BKN,0.0000,0.0100,,0.00,,11783.96
2026-08-07T04:00:00+00:00,KXNBA-27-BKN,0.0000,0.0100,,0.00,,11783.96
2026-08-08T04:00:00+00:00,KXNBA-27-BKN,0.0000,0.0100,0.0100,103.51,,11887.47
2026-08-09T04:00:00+00:00,KXNBA-27-BKN,0.0000,0.0100,,0.00,,11887.47
2026-08-10T04:00:00+00:00,KXNBA-27-BKN,0.0000,0.0100,,0.00,,11887.47
2026-08-11T04:00:00+00:00,KXNBA-27-BKN,0.0000,0.0100,0.0100,28.00,,11915.47
2026-08-12T04:00:00+00:00,KXNBA-27-BKN,0.0000,0.0100,,0.00,,11915.47
2026-08-13T04:00:00+00:00,KXNBA-27-BKN,0.0000,0.0100,,0.00,,11915.47
2026-08-14T04:00:00+00:00,KXNBA-27-BKN,0.0000,0.0100,,0.00,,11915.47
2026-08-15T04:00:00+00:00,KXNBA-27-BKN,0.0000,0.0100,,0.00,,11915.47
2026-08-16T04:00:00+00:00,KXNBA-27-BKN,0.0000,0.0100,,0.00,,11915.47
2026-08-17T04:00:00+00:00,KXNBA-27-BKN,0.0000,0.0100,,0.00,,11915.47
2026-08-18T04:00:00+00:00,KXNBA-27-BKN,0.0000,0.0100,,0.00,,11915.47
2026-08-19T04:00:00+00:00,KXNBA-27-BKN,0.0000,0.0100,0.0100,166.33,,12081.80
2026-08-20T04:00:00+00:00,KXNBA-27-BKN,0.0000,0.0100,,0.00,,12081.80
2026-08-21T04:00:00+00:00,KXNBA-27-BKN,0.0000,0.0100,,0.00,,12081.80
2026-08-22T04:00:00+00:00,KXNBA-27-BKN,0.0000,0.0100,,0.00,,12081.80
2026-06-30T04:00:00+00:00,KXNBA-27-ATL,0.0100,0.0200,0.0200,1311.97,,54451.56
2026-07-01T04:00:00+00:00,KXNBA-27-ATL,0.0100,0.0200,0.0100,1569.22,,55927.20
2026-07-02T04:00:00+00:00,KXNBA-27-ATL,0.0100,0.0200,0.0100,869.08,,56796.28
2026-07-03T04:00:00+00:00,KXNBA-27-ATL,0.0100,0.0200,0.0200,797.32,,57518.74
2026-07-04T04:00:00+00:00,KXNBA-27-ATL,0.0100,0.0200,0.0200,3345.10,,60676.69
2026-07-05T04:00:00+00:00,KXNBA-27-ATL,0.0100,0.0200,0.0200,283.95,,60960.64
2026-07-06T04:00:00+00:00,KXNBA-27-ATL,0.0100,0.0200,0.0200,704.90,,61478.54
2026-07-07T04:00:00+00:00,KXNBA-27-ATL,0.0100,0.0200,0.0100,3335.04,,61976.70
2026-07-08T04:00:00+00:00,KXNBA-27-ATL,0.0100,0.0200,0.0200,140.00,,62116.70
2026-07-09T04:00:00+00:00,KXNBA-27-ATL,0.0100,0.0200,0.0200,50.00,,62166.70
2026-07-10T04:00:00+00:00,KXNBA-27-ATL,0.0100,0.0200,0.0200,50.00,,62216.70
2026-07-11T04:00:00+00:00,KXNBA-27-ATL,0.0100,0.0200,0.0200,59.35,,62266.70
2026-07-12T04:00:00+00:00,KXNBA-27-ATL,0.0100,0.0200,0.0200,50.00,,62316.70
2026-07-13T04:00:00+00:00,KXNBA-27-ATL,0.0100,0.0200,0.0200,399.22,,62371.70
2026-07-14T04:00:00+00:00,KXNBA-27-ATL,0.0100,0.0200,0.0200,50.00,,62421.70
2026-07-15T04:00:00+00:00,KXNBA-27-ATL,0.0100,0.0200,0.0200,283.95,,62471.70
2026-07-16T04:00:00+00:00,KXNBA-27-ATL,0.0100,0.0200,0.0200,50.00,,62521.70
2026-07-17T04:00:00+00:00,KXNBA-27-ATL,0.0100,0.0200,0.0200,517.90,,63039.60
2026-07-18T04:00:00+00:00,KXNBA-27-ATL,0.0100,0.0200,0.0200,96.79,,63136.39
2026-07-19T04:00:00+00:00,KXNBA-27-ATL,0.0100,0.0200,0.0200,50.00,,63186.39
2026-07-20T04:00:00+00:00,KXNBA-27-ATL,0.0100,0.0200,0.0200,7569.41,,70755.80
2026-07-21T04:00:00+00:00,KXNBA-27-ATL,0.0100,0.0200,0.0200,1301.03,,72056.83
2026-07-22T04:00:00+00:00,KXNBA-27-ATL,0.0100,0.0200,0.0200,1525.24,,73582.07
2026-07-23T04:00:00+00:00,KXNBA-27-ATL,0.0100,0.0200,0.0200,100.00,,73682.07
2026-07-24T04:00:00+00:00,KXNBA-27-ATL,0.0100,0.0200,0.0100,237.95,,73684.07
2026-07-25T04:00:00+00:00,KXNBA-27-ATL,0.0000,0.0100,0.0100,73505.80,,147189.87
2026-07-26T04:00:00+00:00,KXNBA-27-ATL,0.0000,0.0100,0.0100,12291.51,,159481.38
2026-07-27T04:00:00+00:00,KXNBA-27-ATL,0.0000,0.0100,0.0100,10383.72,,169865.10
2026-07-28T04:00:00+00:00,KXNBA-27-ATL,0.0000,0.0100,0.0100,26847.42,,196712.52
2026-07-29T04:00:00+00:00,KXNBA-27-ATL,0.0000,0.0100,0.0100,9547.30,,206259.82
2026-07-30T04:00:00+00:00,KXNBA-27-ATL,0.0000,0.0100,0.0100,2145.30,,208405.12
2026-07-31T04:00:00+00:00,KXNBA-27-ATL,0.0000,0.0100,0.0100,33.00,,208438.12
2026-08-01T04:00:00+00:00,KXNBA-27-ATL,0.0000,0.0100,0.0100,17618.96,,226057.08
2026-08-02T04:00:00+00:00,KXNBA-27-ATL,0.0000,0.0100,0.0100,11294.75,,237351.83
2026-08-03T04:00:00+00:00,KXNBA-27-ATL,0.0000,0.0100,,0.00,,237351.83
2026-08-04T04:00:00+00:00,KXNBA-27-ATL,0.0000,0.0100,0.0100,566.33,,237918.16
2026-08-05T04:00:00+00:00,KXNBA-27-ATL,0.0000,0.0100,0.0100,1116.48,,239034.64
2026-08-06T04:00:00+00:00,KXNBA-27-ATL,0.0000,0.0100,0.0100,4361.70,,243396.34
2026-08-07T04:00:00+00:00,KXNBA-27-ATL,0.0000,0.0100,0.0100,1963.89,,245360.23
2026-08-08T04:00:00+00:00,KXNBA-27-ATL,0.0000,0.0100,0.0100,629.08,,245989.31
2026-08-09T04:00:00+00:00,KXNBA-27-ATL,0.0000,0.0100,0.0100,187.03,,246176.34
2026-08-10T04:00:00+00:00,KXNBA-27-ATL,0.0000,0.0100,0.0100,0.93,,246177.27
2026-08-11T04:00:00+00:00,KXNBA-27-ATL,0.0000,0.0100,0.0100,935.19,,247112.46
2026-08-12T04:00:00+00:00,KXNBA-27-ATL,0.0000,0.0100,0.0100,1760.00,,248872.46
2026-08-13T04:00:00+00:00,KXNBA-27-ATL,0.0000,0.0100,0.0100,5495.15,,254367.61
2026-08-14T04:00:00+00:00,KXNBA-27-ATL,0.0000,0.0100,0.0100,2598.87,,256966.48
2026-08-15T04:00:00+00:00,KXNBA-27-ATL,0.0000,0.0100,0.0100,898.30,,257864.78
2026-08-16T04:00:00+00:00,KXNBA-27-ATL,0.0000,0.0100,0.0100,46.75,,257911.53
2026-08-17T04:00:00+00:00,KXNBA-27-ATL,0.0000,0.0100,0.0100,51.42,,257962.95
2026-08-18T04:00:00+00:00,KXNBA-27-ATL,0.0000,0.0100,0.0100,1735.69,,259698.64
2026-08-19T04:00:00+00:00,KXNBA-27-ATL,0.0000,0.0100,0.0100,166.33,,259864.97
2026-08-20T04:00:00+00:00,KXNBA-27-ATL,0.0000,0.0100,0.0100,93.51,,259958.48
2026-08-21T04:00:00+00:00,KXNBA-27-ATL,0.0000,0.0100,0.0100,277.74,,260236.22
2026-08-22T04:00:00+00:00,KXNBA-27-ATL,0.0000,0.0100,0.0100,112.21,,260348.43
2026-08-23T04:00:00+00:00,KXNBA-27-ATL,0.0000,0.0100,0.0100,295.49,,260643.92
