ticker,series,event_id,status,market_type,subtitle,yes_sub_title,floor_strike,cap_strike,open_time,close_time,candle_source,n_candles
KXFED-27APR-T6.00,KXFED,tariff_eu_threat,active,binary,6.00%,Above 6.00%,6,,2026-09-18T15:00:00Z,2027-04-28T17:55:00Z,live,1
KXFED-27APR-T5.75,KXFED,tariff_eu_threat,active,binary,5.75%,Above 5.75%,5.75,,2026-09-18T15:00:00Z,2027-04-28T17:55:00Z,live,1
KXFED-27APR-T5.50,KXFED,tariff_eu_threat,active,binary,5.50%,Above 5.50%,5.5,,2026-09-18T15:00:00Z,2027-04-28T17:55:00Z,live,1
KXFED-27APR-T5.25,KXFED,tariff_eu_threat,active,binary,5.25%,Above 5.25%,5.25,,2026-09-18T15:00:00Z,2027-04-28T17:55:00Z,live,1
KXFED-27APR-T5.00,KXFED,tariff_eu_threat,active,binary,5.00%,Above 5.00%,5,,2026-09-18T15:00:00Z,2027-04-28T17:55:00Z,live,1
KXFED-27APR-T4.75,KXFED,tariff_eu_threat,active,binary,4.75%,Above 4.75%,4.75,,2026-09-18T15:00:00Z,2027-04-28T17:55:00Z,live,1
KXFED-27APR-T4.50,KXFED,tariff_eu_threat,active,binary,4.50%,Above 4.50%,4.5,,2026-09-18T15:00:00Z,2027-04-28T17:55:00Z,live,1
KXFED-27MAR-T6.00,KXFED,tariff_eu_threat,active,binary,6.00%,Above 6.00%,6,,2026-09-18T15:00:00Z,2027-03-17T17:55:00Z,live,1
KXFED-27MAR-T5.75,KXFED,tariff_eu_threat,active,binary,5.75%,Above 5.75%,5.75,,2026-09-18T15:00:00Z,2027-03-17T17:55:00Z,live,1
KXFED-27MAR-T5.50,KXFED,tariff_eu_threat,active,binary,5.50%,Above 5.50%,5.5,,2026-09-18T15:00:00Z,2027-03-17T17:55:00Z,live,1
KXFED-27MAR-T5.25,KXFED,tariff_eu_threat,active,binary,5.25%,Above 5.25%,5.25,,2026-09-18T15:00:00Z,2027-03-17T17:55:00Z,live,1
KXFED-27MAR-T5.00,KXFED,tariff_eu_threat,active,binary,5.00%,Above 5.00%,5,,2026-09-18T15:00:00Z,2027-03-17T17:55:00Z,live,1
KXFED-27MAR-T4.75,KXFED,tariff_eu_threat,active,binary,4.75%,Above 4.75%,4.75,,2026-09-18T15:00:00Z,2027-03-17T17:55:00Z,live,1
KXFED-27MAR-T4.50,KXFED,tariff_eu_threat,active,binary,4.50%,Above 4.50%,4.5,,2026-09-18T15:00:00Z,2027-03-17T17:55:00Z,live,1
KXFED-27JAN-T6.00,KXFED,tariff_eu_threat,active,binary,6.00%,Above 6.00%,6,,2026-09-18T15:00:00Z,2027-01-27T18:55:00Z,live,1
KXFED-27JAN-T5.75,KXFED,tariff_eu_threat,active,binary,5.75%,Above 5.75%,5.75,,2026-09-18T15:00:00Z,2027-01-27T18:55:00Z,live,1
KXFED-27JAN-T5.50,KXFED,tariff_eu_threat,active,binary,5.50%,Above 5.50%,5.5,,2026-09-18T15:00:00Z,2027-01-27T18:55:00Z,live,1
KXFED-27JAN-T5.25,KXFED,tariff_eu_threat,active,binary,5.25%,Above 5.25%,5.25,,2026-09-18T15:00:00Z,2027-01-27T18:55:00Z,live,1
KXFED-27JAN-T5.00,KXFED,tariff_eu_threat,active,binary,5.00%,Above 5.00%,5,,2026-09-18T15:00:00Z,2027-01-27T18:55:00Z,live,1
KXFED-27JAN-T4.75,KXFED,tariff_eu_threat,active,binary,4.75%,Above 4.75%,4.75,,2026-09-18T15:00:00Z,2027-01-27T18:55:00Z,live,1
KXFED-27JAN-T4.50,KXFED,tariff_eu_threat,active,binary,4.50%,Above 4.50%,4.5,,2026-09-18T15:00:00Z,2027-01-27T18:55:00Z,live,1
KXFED-28JAN-T6.00,KXFED,tariff_eu_threat,active,binary,6.00%,Above 6.00%,6,,2026-09-18T15:00:00Z,2028-01-26T18:55:00Z,live,1
KXFED-28JAN-T5.75,KXFED,tariff_eu_threat,active,binary,5.75%,Above 5.75%,5.75,,2026-09-18T15:00:00Z,2028-01-26T18:55:00Z,live,1
KXFED-28JAN-T5.50,KXFED,tariff_eu_threat,active,binary,5.50%,Above 5.50%,5.5,,2026-09-18T15:00:00Z,2028-01-26T18:55:00Z,live,1
KXFED-28JAN-T5.25,KXFED,tariff_eu_threat,active,binary,5.25%,Above 5.25%,5.25,,2026-09-18T15:00:00Z,2028-01-26T18:55:00Z,live,1
KXFED-28JAN-T5.00,KXFED,tariff_eu_threat,active,binary,5.00%,Above 5.00%,5,,2026-09-18T15:00:00Z,2028-01-26T18:55:00Z,live,1
KXFED-28JAN-T4.75,KXFED,tariff_eu_threat,active,binary,4.75%,Above 4.75%,4.75,,2026-09-18T15:00:00Z,2028-01-26T18:55:00Z,live,1
KXFED-28JAN-T4.50,KXFED,tariff_eu_threat,active,binary,4.50%,Above 4.50%,4.5,,2026-09-18T15:00:00Z,2028-01-26T18:55:00Z,live,1
KXFED-28JAN-T4.25,KXFED,tariff_eu_threat,active,binary,4.25%,Above 4.25%,4.25,,2026-09-18T15:00:00Z,2028-01-26T18:55:00Z,live,1
KXFED-28JAN-T4.00,KXFED,tariff_eu_threat,active,binary,4.00%,Above 4.00%,4,,2026-09-18T15:00:00Z,2028-01-26T18:55:00Z,live,1
KXFED-28JAN-T3.75,KXFED,tariff_eu_threat,active,binary,3.75%,Above 3.75%,3.75,,2026-09-18T15:00:00Z,2028-01-26T18:55:00Z,live,1
KXFED-28JAN-T3.50,KXFED,tariff_eu_threat,active,binary,3.50%,Above 3.50%,3.5,,2026-09-18T15:00:00Z,2028-01-26T18:55:00Z,live,1
KXFED-28JAN-T3.25,KXFED,tariff_eu_threat,active,binary,3.25%,Above 3.25%,3.25,,2026-09-18T15:00:00Z,2028-01-26T18:55:00Z,live,1
KXFED-28JAN-T3.00,KXFED,tariff_eu_threat,active,binary,3.00%,Above 3.00%,3,,2026-09-18T15:00:00Z,2028-01-26T18:55:00Z,live,1
KXFED-28JAN-T2.75,KXFED,tariff_eu_threat,active,binary,2.75%,Above 2.75%,2.75,,2026-09-18T15:00:00Z,2028-01-26T18:55:00Z,live,1
KXFED-28JAN-T2.50,KXFED,tariff_eu_threat,active,binary,2.50%,Above 2.50%,2.5,,2026-09-18T15:00:00Z,2028-01-26T18:55:00Z,live,1
KXFED-28JAN-T2.25,KXFED,tariff_eu_threat,active,binary,2.25%,Above 2.25%,2.25,,2026-09-18T15:00:00Z,2028-01-26T18:55:00Z,live,1
KXFED-28JAN-T2.00,KXFED,tariff_eu_threat,active,binary,2.00%,Above 2.00%,2,,2026-09-18T15:00:00Z,2028-01-26T18:55:00Z,live,1
KXFED-28JAN-T1.75,KXFED,tariff_eu_threat,active,binary,1.75%,Above 1.75%,1.75,,2026-09-18T15:00:00Z,2028-01-26T18:55:00Z,live,1
KXFED-28JAN-T1.50,KXFED,tariff_eu_threat,active,binary,1.50%,Above 1.50%,1.5,,2026-09-18T15:00:00Z,2028-01-26T18:55:00Z,live,1
KXFED-28JAN-T1.25,KXFED,tariff_eu_threat,active,binary,1.25%,Above 1.25%,1.25,,2026-09-18T15:00:00Z,2028-01-26T18:55:00Z,live,1
KXFED-28JAN-T1.00,KXFED,tariff_eu_threat,active,binary,1.00%,Above 1.00%,1,,2026-09-18T15:00:00Z,2028-01-26T18:55:00Z,live,1
KXFED-28JAN-T0.75,KXFED,tariff_eu_threat,active,binary,0.75%,Above 0.75%,0.75,,2026-09-18T15:00:00Z,2028-01-26T18:55:00Z,live,1
KXFED-28JAN-T0.50,KXFED,tariff_eu_threat,active,binary,0.50%,Above 0.50%,0.5,,2026-09-18T15:00:00Z,2028-01-26T18:55:00Z,live,1
KXFED-28JAN-T0.25,KXFED,tariff_eu_threat,active,binary,0.25%,Above 0.25%,0.25,,2026-09-18T15:00:00Z,2028-01-26T18:55:00Z,live,1
KXFED-28JAN-T0.00,KXFED,tariff_eu_threat,active,binary,0.00%,Above 0.00%,0,,2026-09-18T15:00:00Z,2028-01-26T18:55:00Z,live,1
KXFED-27DEC-T6.00,KXFED,tariff_eu_threat,active,binary,6.00%,Above 6.00%,6,,2026-09-18T15:00:00Z,2027-12-08T18:55:00Z,live,1
KXFED-27DEC-T5.75,KXFED,tariff_eu_threat,active,binary,5.75%,Above 5.75%,5.75,,2026-09-18T15:00:00Z,2027-12-08T18:55:00Z,live,1
KXFED-27DEC-T5.50,KXFED,tariff_eu_threat,active,binary,5.50%,Above 5.50%,5.5,,2026-09-18T15:00:00Z,2027-12-08T18:55:00Z,live,1
KXFED-27DEC-T5.25,KXFED,tariff_eu_threat,active,binary,5.25%,Above 5.25%,5.25,,2026-09-18T15:00:00Z,2027-12-08T18:55:00Z,live,1
KXFED-27DEC-T5.00,KXFED,tariff_eu_threat,active,binary,5.00%,Above 5.00%,5,,2026-09-18T15:00:00Z,2027-12-08T18:55:00Z,live,1
KXFED-27DEC-T4.75,KXFED,tariff_eu_threat,active,binary,4.75%,Above 4.75%,4.75,,2026-09-18T15:00:00Z,2027-12-08T18:55:00Z,live,1
KXFED-27DEC-T4.50,KXFED,tariff_eu_threat,active,binary,4.50%,Above 4.50%,4.5,,2026-09-18T15:00:00Z,2027-12-08T18:55:00Z,live,1
KXFED-27DEC-T4.25,KXFED,tariff_eu_threat,active,binary,4.25%,Above 4.25%,4.25,,2026-09-18T15:00:00Z,2027-12-08T18:55:00Z,live,1
KXFED-27DEC-T4.00,KXFED,tariff_eu_threat,active,binary,4.00%,Above 4.00%,4,,2026-09-18T15:00:00Z,2027-12-08T18:55:00Z,live,1
KXFED-27DEC-T3.75,KXFED,tariff_eu_threat,active,binary,3.75%,Above 3.75%,3.75,,2026-09-18T15:00:00Z,2027-12-08T18:55:00Z,live,1
KXFED-27DEC-T3.50,KXFED,tariff_eu_threat,active,binary,3.50%,Above 3.50%,3.5,,2026-09-18T15:00:00Z,2027-12-08T18:55:00Z,live,1
KXFED-27DEC-T3.25,KXFED,tariff_eu_threat,active,binary,3.25%,Above 3.25%,3.25,,2026-09-18T15:00:00Z,2027-12-08T18:55:00Z,live,1
KXFED-27DEC-T3.00,KXFED,tariff_eu_threat,active,binary,3.00%,Above 3.00%,3,,2026-09-18T15:00:00Z,2027-12-08T18:55:00Z,live,1
KXFED-27DEC-T2.75,KXFED,tariff_eu_threat,active,binary,2.75%,Above 2.75%,2.75,,2026-09-18T15:00:00Z,2027-12-08T18:55:00Z,live,1
KXFED-27DEC-T2.50,KXFED,tariff_eu_threat,active,binary,2.50%,Above 2.50%,2.5,,2026-09-18T15:00:00Z,2027-12-08T18:55:00Z,live,1
KXFED-27DEC-T2.25,KXFED,tariff_eu_threat,active,binary,2.25%,Above 2.25%,2.25,,2026-09-18T15:00:00Z,2027-12-08T18:55:00Z,live,1
KXFED-27DEC-T2.00,KXFED,tariff_eu_threat,active,binary,2.00%,Above 2.00%,2,,2026-09-18T15:00:00Z,2027-12-08T18:55:00Z,live,1
KXFED-27DEC-T1.75,KXFED,tariff_eu_threat,active,binary,1.75%,Above 1.75%,1.75,,2026-09-18T15:00:00Z,2027-12-08T18:55:00Z,live,1
KXFED-27DEC-T1.50,KXFED,tariff_eu_threat,active,binary,1.50%,Above 1.50%,1.5,,2026-09-18T15:00:00Z,2027-12-08T18:55:00Z,live,1
KXFED-27DEC-T1.25,KXFED,tariff_eu_threat,active,binary,1.25%,Above 1.25%,1.25,,2026-09-18T15:00:00Z,2027-12-08T18:55:00Z,live,1
KXFED-27DEC-T1.00,KXFED,tariff_eu_threat,active,binary,1.00%,Above 1.00%,1,,2026-09-18T15:00:00Z,2027-12-08T18:55:00Z,live,1
KXFED-27DEC-T0.75,KXFED,tariff_eu_threat,active,binary,0.75%,Above 0.75%,0.75,,2026-09-18T15:00:00Z,2027-12-08T18:55:00Z,live,1
KXFED-27DEC-T0.50,KXFED,tariff_eu_threat,active,binary,0.50%,Above 0.50%,0.5,,2026-09-18T15:00:00Z,2027-12-08T18:55:00Z,live,1
KXFED-27DEC-T0.25,KXFED,tariff_eu_threat,active,binary,0.25%,Above 0.25%,0.25,,2026-09-18T15:00:00Z,2027-12-08T18:55:00Z,live,1
KXFED-27DEC-T0.00,KXFED,tariff_eu_threat,active,binary,0.00%,Above 0.00%,0,,2026-09-18T15:00:00Z,2027-12-08T18:55:00Z,live,1
KXFED-27OCT-T6.00,KXFED,tariff_eu_threat,active,binary,6.00%,Above 6.00%,6,,2026-09-18T15:00:00Z,2027-10-27T17:55:00Z,live,1
KXFED-27OCT-T5.75,KXFED,tariff_eu_threat,active,binary,5.75%,Above 5.75%,5.75,,2026-09-18T15:00:00Z,2027-10-27T17:55:00Z,live,1
KXFED-27OCT-T5.50,KXFED,tariff_eu_threat,active,binary,5.50%,Above 5.50%,5.5,,2026-09-18T15:00:00Z,2027-10-27T17:55:00Z,live,1
KXFED-27OCT-T5.25,KXFED,tariff_eu_threat,active,binary,5.25%,Above 5.25%,5.25,,2026-09-18T15:00:00Z,2027-10-27T17:55:00Z,live,1
KXFED-27OCT-T5.00,KXFED,tariff_eu_threat,active,binary,5.00%,Above 5.00%,5,,2026-09-18T15:00:00Z,2027-10-27T17:55:00Z,live,1
KXFED-27OCT-T4.75,KXFED,tariff_eu_threat,active,binary,4.75%,Above 4.75%,4.75,,2026-09-18T15:00:00Z,2027-10-27T17:55:00Z,live,1
KXFED-27OCT-T4.50,KXFED,tariff_eu_threat,active,binary,4.50%,Above 4.50%,4.5,,2026-09-18T15:00:00Z,2027-10-27T17:55:00Z,live,1
KXFED-27OCT-T4.25,KXFED,tariff_eu_threat,active,binary,4.25%,Above 4.25%,4.25,,2026-09-18T15:00:00Z,2027-10-27T17:55:00Z,live,1
KXFED-27OCT-T4.00,KXFED,tariff_eu_threat,active,binary,4.00%,Above 4.00%,4,,2026-09-18T15:00:00Z,2027-10-27T17:55:00Z,live,1
KXFED-27OCT-T3.75,KXFED,tariff_eu_threat,active,binary,3.75%,Above 3.75%,3.75,,2026-09-18T15:00:00Z,2027-10-27T17:55:00Z,live,1
KXFED-27OCT-T3.50,KXFED,tariff_eu_threat,active,binary,3.50%,Above 3.50%,3.5,,2026-09-18T15:00:00Z,2027-10-27T17:55:00Z,live,1
KXFED-27OCT-T3.25,KXFED,tariff_eu_threat,active,binary,3.25%,Above 3.25%,3.25,,2026-09-18T15:00:00Z,2027-10-27T17:55:00Z,live,1
KXFED-27OCT-T3.00,KXFED,tariff_eu_threat,active,binary,3.00%,Above 3.00%,3,,2026-09-18T15:00:00Z,2027-10-27T17:55:00Z,live,1
KXFED-27OCT-T2.75,KXFED,tariff_eu_threat,active,binary,2.75%,Above 2.75%,2.75,,2026-09-18T15:00:00Z,2027-10-27T17:55:00Z,live,1
KXFED-27OCT-T2.50,KXFED,tariff_eu_threat,active,binary,2.50%,Above 2.50%,2.5,,2026-09-18T15:00:00Z,2027-10-27T17:55:00Z,live,1
KXFED-27OCT-T2.25,KXFED,tariff_eu_threat,active,binary,2.25%,Above 2.25%,2.25,,2026-09-18T15:00:00Z,2027-10-27T17:55:00Z,live,1
KXFED-27OCT-T2.00,KXFED,tariff_eu_threat,active,binary,2.00%,Above 2.00%,2,,2026-09-18T15:00:00Z,2027-10-27T17:55:00Z,live,1
KXFED-27OCT-T1.75,KXFED,tariff_eu_threat,active,binary,1.75%,Above 1.75%,1.75,,2026-09-18T15:00:00Z,2027-10-27T17:55:00Z,live,1
KXFED-27OCT-T1.50,KXFED,tariff_eu_threat,active,binary,1.50%,Above 1.50%,1.5,,2026-09-18T15:00:00Z,2027-10-27T17:55:00Z,live,1
KXFED-27OCT-T1.25,KXFED,tariff_eu_threat,active,binary,1.25%,Above 1.25%,1.25,,2026-09-18T15:00:00Z,2027-10-27T17:55:00Z,live,1
KXFED-27OCT-T1.00,KXFED,tariff_eu_threat,active,binary,1.00%,Above 1.00%,1,,2026-09-18T15:00:00Z,2027-10-27T17:55:00Z,live,1
KXFED-27OCT-T0.75,KXFED,tariff_eu_threat,active,binary,0.75%,Above 0.75%,0.75,,2026-09-18T15:00:00Z,2027-10-27T17:55:00Z,live,1
KXFED-27OCT-T0.50,KXFED,tariff_eu_threat,active,binary,0.50%,Above 0.50%,0.5,,2026-09-18T15:00:00Z,2027-10-27T17:55:00Z,live,1
KXFED-27OCT-T0.25,KXFED,tariff_eu_threat,active,binary,0.25%,Above 0.25%,0.25,,2026-09-18T15:00:00Z,2027-10-27T17:55:00Z,live,1
KXFED-27OCT-T0.00,KXFED,tariff_eu_threat,active,binary,0.00%,Above 0.00%,0,,2026-09-18T15:00:00Z,2027-10-27T17:55:00Z,live,1
KXFED-27SEP-T6.00,KXFED,tariff_eu_threat,active,binary,6.00%,Above 6.00%,6,,2026-09-18T15:00:00Z,2027-09-15T17:55:00Z,live,1
KXFED-27SEP-T5.75,KXFED,tariff_eu_threat,active,binary,5.75%,Above 5.75%,5.75,,2026-09-18T15:00:00Z,2027-09-15T17:55:00Z,live,1
KXFED-27SEP-T5.50,KXFED,tariff_eu_threat,active,binary,5.50%,Above 5.50%,5.5,,2026-09-18T15:00:00Z,2027-09-15T17:55:00Z,live,1
KXFED-27SEP-T5.25,KXFED,tariff_eu_threat,active,binary,5.25%,Above 5.25%,5.25,,2026-09-18T15:00:00Z,2027-09-15T17:55:00Z,live,1
KXFED-27SEP-T5.00,KXFED,tariff_eu_threat,active,binary,5.00%,Above 5.00%,5,,2026-09-18T15:00:00Z,2027-09-15T17:55:00Z,live,1
KXFED-27SEP-T4.75,KXFED,tariff_eu_threat,active,binary,4.75%,Above 4.75%,4.75,,2026-09-18T15:00:00Z,2027-09-15T17:55:00Z,live,1
KXFED-27SEP-T4.50,KXFED,tariff_eu_threat,active,binary,4.50%,Above 4.50%,4.5,,2026-09-18T15:00:00Z,2027-09-15T17:55:00Z,live,1
KXFED-27SEP-T4.25,KXFED,tariff_eu_threat,active,binary,4.25%,Above 4.25%,4.25,,2026-09-18T15:00:00Z,2027-09-15T17:55:00Z,live,1
KXFED-27SEP-T4.00,KXFED,tariff_eu_threat,active,binary,4.00%,Above 4.00%,4,,2026-09-18T15:00:00Z,2027-09-15T17:55:00Z,live,1
KXFED-27SEP-T3.75,KXFED,tariff_eu_threat,active,binary,3.75%,Above 3.75%,3.75,,2026-09-18T15:00:00Z,2027-09-15T17:55:00Z,live,1
KXFED-27SEP-T3.50,KXFED,tariff_eu_threat,active,binary,3.50%,Above 3.50%,3.5,,2026-09-18T15:00:00Z,2027-09-15T17:55:00Z,live,1
KXFED-27SEP-T3.25,KXFED,tariff_eu_threat,active,binary,3.25%,Above 3.25%,3.25,,2026-09-18T15:00:00Z,2027-09-15T17:55:00Z,live,1
KXFED-27SEP-T3.00,KXFED,tariff_eu_threat,active,binary,3.00%,Above 3.00%,3,,2026-09-18T15:00:00Z,2027-09-15T17:55:00Z,live,1
KXFED-27SEP-T2.75,KXFED,tariff_eu_threat,active,binary,2.75%,Above 2.75%,2.75,,2026-09-18T15:00:00Z,2027-09-15T17:55:00Z,live,1
KXFED-27SEP-T2.50,KXFED,tariff_eu_threat,active,binary,2.50%,Above 2.50%,2.5,,2026-09-18T15:00:00Z,2027-09-15T17:55:00Z,live,1
KXFED-27SEP-T2.25,KXFED,tariff_eu_threat,active,binary,2.25%,Above 2.25%,2.25,,2026-09-18T15:00:00Z,2027-09-15T17:55:00Z,live,1
KXFED-27SEP-T2.00,KXFED,tariff_eu_threat,active,binary,2.00%,Above 2.00%,2,,2026-09-18T15:00:00Z,2027-09-15T17:55:00Z,live,1
KXFED-27SEP-T1.75,KXFED,tariff_eu_threat,active,binary,1.75%,Above 1.75%,1.75,,2026-09-18T15:00:00Z,2027-09-15T17:55:00Z,live,1
KXFED-27SEP-T1.50,KXFED,tariff_eu_threat,active,binary,1.50%,Above 1.50%,1.5,,2026-09-18T15:00:00Z,2027-09-15T17:55:00Z,live,1
KXFED-27SEP-T1.25,KXFED,tariff_eu_threat,active,binary,1.25%,Above 1.25%,1.25,,2026-09-18T15:00:00Z,2027-09-15T17:55:00Z,live,1
KXFED-27SEP-T1.00,KXFED,tariff_eu_threat,active,binary,1.00%,Above 1.00%,1,,2026-09-18T15:00:00Z,2027-09-15T17:55:00Z,live,1
KXFED-27SEP-T0.75,KXFED,tariff_eu_threat,active,binary,0.75%,Above 0.75%,0.75,,2026-09-18T15:00:00Z,2027-09-15T17:55:00Z,live,1
KXFED-27SEP-T0.50,KXFED,tariff_eu_threat,active,binary,0.50%,Above 0.50%,0.5,,2026-09-18T15:00:00Z,2027-09-15T17:55:00Z,live,1
KXFED-27SEP-T0.25,KXFED,tariff_eu_threat,active,binary,0.25%,Above 0.25%,0.25,,2026-09-18T15:00:00Z,2027-09-15T17:55:00Z,live,1
KXFED-27SEP-T0.00,KXFED,tariff_eu_threat,active,binary,0.00%,Above 0.00%,0,,2026-09-18T15:00:00Z,2027-09-15T17:55:00Z,live,1
KXFED-27JUL-T6.00,KXFED,tariff_eu_threat,active,binary,6.00%,Above 6.00%,6,,2026-09-18T15:00:00Z,2027-07-28T17:55:00Z,live,1
KXFED-27JUL-T5.75,KXFED,tariff_eu_threat,active,binary,5.75%,Above 5.75%,5.75,,2026-09-18T15:00:00Z,2027-07-28T17:55:00Z,live,1
KXFED-27JUL-T5.50,KXFED,tariff_eu_threat,active,binary,5.50%,Above 5.50%,5.5,,2026-09-18T15:00:00Z,2027-07-28T17:55:00Z,live,1
KXFED-27JUL-T5.25,KXFED,tariff_eu_threat,active,binary,5.25%,Above 5.25%,5.25,,2026-09-18T15:00:00Z,2027-07-28T17:55:00Z,live,1
KXFED-27JUL-T5.00,KXFED,tariff_eu_threat,active,binary,5.00%,Above 5.00%,5,,2026-09-18T15:00:00Z,2027-07-28T17:55:00Z,live,1
KXFED-27JUL-T4.75,KXFED,tariff_eu_threat,active,binary,4.75%,Above 4.75%,4.75,,2026-09-18T15:00:00Z,2027-07-28T17:55:00Z,live,1
KXFED-27JUL-T4.50,KXFED,tariff_eu_threat,active,binary,4.50%,Above 4.50%,4.5,,2026-09-18T15:00:00Z,2027-07-28T17:55:00Z,live,1
KXFED-27JUL-T4.25,KXFED,tariff_eu_threat,active,binary,4.25%,Above 4.25%,4.25,,2026-09-18T15:00:00Z,2027-07-28T17:55:00Z,live,1
KXFED-27JUL-T4.00,KXFED,tariff_eu_threat,active,binary,4.00%,Above 4.00%,4,,2026-09-18T15:00:00Z,2027-07-28T17:55:00Z,live,1
KXFED-27JUL-T3.75,KXFED,tariff_eu_threat,active,binary,3.75%,Above 3.75%,3.75,,2026-09-18T15:00:00Z,2027-07-28T17:55:00Z,live,1
KXFED-27JUL-T3.50,KXFED,tariff_eu_threat,active,binary,3.50%,Above 3.50%,3.5,,2026-09-18T15:00:00Z,2027-07-28T17:55:00Z,live,1
KXFED-27JUL-T3.25,KXFED,tariff_eu_threat,active,binary,3.25%,Above 3.25%,3.25,,2026-09-18T15:00:00Z,2027-07-28T17:55:00Z,live,1
KXFED-27JUL-T3.00,KXFED,tariff_eu_threat,active,binary,3.00%,Above 3.00%,3,,2026-09-18T15:00:00Z,2027-07-28T17:55:00Z,live,1
KXFED-27JUL-T2.75,KXFED,tariff_eu_threat,active,binary,2.75%,Above 2.75%,2.75,,2026-09-18T15:00:00Z,2027-07-28T17:55:00Z,live,1
KXFED-27JUL-T2.50,KXFED,tariff_eu_threat,active,binary,2.50%,Above 2.50%,2.5,,2026-09-18T15:00:00Z,2027-07-28T17:55:00Z,live,1
KXFED-27JUL-T2.25,KXFED,tariff_eu_threat,active,binary,2.25%,Above 2.25%,2.25,,2026-09-18T15:00:00Z,2027-07-28T17:55:00Z,live,1
KXFED-27JUL-T2.00,KXFED,tariff_eu_threat,active,binary,2.00%,Above 2.00%,2,,2026-09-18T15:00:00Z,2027-07-28T17:55:00Z,live,1
KXFED-27JUL-T1.75,KXFED,tariff_eu_threat,active,binary,1.75%,Above 1.75%,1.75,,2026-09-18T15:00:00Z,2027-07-28T17:55:00Z,live,1
KXFED-27JUL-T1.50,KXFED,tariff_eu_threat,active,binary,1.50%,Above 1.50%,1.5,,2026-09-18T15:00:00Z,2027-07-28T17:55:00Z,live,1
KXFED-27JUL-T1.25,KXFED,tariff_eu_threat,active,binary,1.25%,Above 1.25%,1.25,,2026-09-18T15:00:00Z,2027-07-28T17:55:00Z,live,1
KXFED-27JUL-T1.00,KXFED,tariff_eu_threat,active,binary,1.00%,Above 1.00%,1,,2026-09-18T15:00:00Z,2027-07-28T17:55:00Z,live,1
KXFED-27JUL-T0.75,KXFED,tariff_eu_threat,active,binary,0.75%,Above 0.75%,0.75,,2026-09-18T15:00:00Z,2027-07-28T17:55:00Z,live,1
KXFED-27JUL-T0.50,KXFED,tariff_eu_threat,active,binary,0.50%,Above 0.50%,0.5,,2026-09-18T15:00:00Z,2027-07-28T17:55:00Z,live,1
KXFED-27JUL-T0.25,KXFED,tariff_eu_threat,active,binary,0.25%,Above 0.25%,0.25,,2026-09-18T15:00:00Z,2027-07-28T17:55:00Z,live,1
KXFED-27JUL-T0.00,KXFED,tariff_eu_threat,active,binary,0.00%,Above 0.00%,0,,2026-09-18T15:00:00Z,2027-07-28T17:55:00Z,live,1
KXFED-27JUN-T6.00,KXFED,tariff_eu_threat,active,binary,6.00%,Above 6.00%,6,,2026-09-18T15:00:00Z,2027-06-09T17:55:00Z,live,1
KXFED-27JUN-T5.75,KXFED,tariff_eu_threat,active,binary,5.75%,Above 5.75%,5.75,,2026-09-18T15:00:00Z,2027-06-09T17:55:00Z,live,1
KXFED-27JUN-T5.50,KXFED,tariff_eu_threat,active,binary,5.50%,Above 5.50%,5.5,,2026-09-18T15:00:00Z,2027-06-09T17:55:00Z,live,1
KXFED-27JUN-T5.25,KXFED,tariff_eu_threat,active,binary,5.25%,Above 5.25%,5.25,,2026-09-18T15:00:00Z,2027-06-09T17:55:00Z,live,1
KXFED-27JUN-T5.00,KXFED,tariff_eu_threat,active,binary,5.00%,Above 5.00%,5,,2026-09-18T15:00:00Z,2027-06-09T17:55:00Z,live,1
KXFED-27JUN-T4.75,KXFED,tariff_eu_threat,active,binary,4.75%,Above 4.75%,4.75,,2026-09-18T15:00:00Z,2027-06-09T17:55:00Z,live,1
KXFED-27JUN-T4.50,KXFED,tariff_eu_threat,active,binary,4.50%,Above 4.50%,4.5,,2026-09-18T15:00:00Z,2027-06-09T17:55:00Z,live,1
KXFED-27JUN-T4.25,KXFED,tariff_eu_threat,active,binary,4.25%,Above 4.25%,4.25,,2026-09-18T15:00:00Z,2027-06-09T17:55:00Z,live,1
KXFED-27JUN-T4.00,KXFED,tariff_eu_threat,active,binary,4.00%,Above 4.00%,4,,2026-09-18T15:00:00Z,2027-06-09T17:55:00Z,live,1
KXFED-27JUN-T3.75,KXFED,tariff_eu_threat,active,binary,3.75%,Above 3.75%,3.75,,2026-09-18T15:00:00Z,2027-06-09T17:55:00Z,live,1
KXFED-27JUN-T3.50,KXFED,tariff_eu_threat,active,binary,3.50%,Above 3.50%,3.5,,2026-09-18T15:00:00Z,2027-06-09T17:55:00Z,live,1
KXFED-27JUN-T3.25,KXFED,tariff_eu_threat,active,binary,3.25%,Above 3.25%,3.25,,2026-09-18T15:00:00Z,2027-06-09T17:55:00Z,live,1
KXFED-27JUN-T3.00,KXFED,tariff_eu_threat,active,binary,3.00%,Above 3.00%,3,,2026-09-18T15:00:00Z,2027-06-09T17:55:00Z,live,1
KXFED-27JUN-T2.75,KXFED,tariff_eu_threat,active,binary,2.75%,Above 2.75%,2.75,,2026-09-18T15:00:00Z,2027-06-09T17:55:00Z,live,1
KXFED-27JUN-T2.50,KXFED,tariff_eu_threat,active,binary,2.50%,Above 2.50%,2.5,,2026-09-18T15:00:00Z,2027-06-09T17:55:00Z,live,1
KXFED-27JUN-T2.25,KXFED,tariff_eu_threat,active,binary,2.25%,Above 2.25%,2.25,,2026-09-18T15:00:00Z,2027-06-09T17:55:00Z,live,1
KXFED-27JUN-T2.00,KXFED,tariff_eu_threat,active,binary,2.00%,Above 2.00%,2,,2026-09-18T15:00:00Z,2027-06-09T17:55:00Z,live,1
KXFED-27JUN-T1.75,KXFED,tariff_eu_threat,active,binary,1.75%,Above 1.75%,1.75,,2026-09-18T15:00:00Z,2027-06-09T17:55:00Z,live,1
KXFED-27JUN-T1.50,KXFED,tariff_eu_threat,active,binary,1.50%,Above 1.50%,1.5,,2026-09-18T15:00:00Z,2027-06-09T17:55:00Z,live,1
KXFED-27JUN-T1.25,KXFED,tariff_eu_threat,active,binary,1.25%,Above 1.25%,1.25,,2026-09-18T15:00:00Z,2027-06-09T17:55:00Z,live,1
KXFED-27JUN-T1.00,KXFED,tariff_eu_threat,active,binary,1.00%,Above 1.00%,1,,2026-09-18T15:00:00Z,2027-06-09T17:55:00Z,live,1
KXFED-27JUN-T0.75,KXFED,tariff_eu_threat,active,binary,0.75%,Above 0.75%,0.75,,2026-09-18T15:00:00Z,2027-06-09T17:55:00Z,live,1
KXFED-27JUN-T0.50,KXFED,tariff_eu_threat,active,binary,0.50%,Above 0.50%,0.5,,2026-09-18T15:00:00Z,2027-06-09T17:55:00Z,live,1
KXFED-27JUN-T0.25,KXFED,tariff_eu_threat,active,binary,0.25%,Above 0.25%,0.25,,2026-09-18T15:00:00Z,2027-06-09T17:55:00Z,live,1
KXFED-27JUN-T0.00,KXFED,tariff_eu_threat,active,binary,0.00%,Above 0.00%,0,,2026-09-18T15:00:00Z,2027-06-09T17:55:00Z,live,1
KXFED-27APR-T4.25,KXFED,tariff_eu_threat,active,binary,4.25%,Above 4.25%,4.25,,2025-10-13T14:00:00Z,2027-04-28T17:55:00Z,live,46
KXFED-27APR-T4.00,KXFED,tariff_eu_threat,active,binary,4.00%,Above 4.00%,4,,2025-10-13T14:00:00Z,2027-04-28T17:55:00Z,live,49
KXFED-27APR-T3.75,KXFED,tariff_eu_threat,active,binary,3.75%,Above 3.75%,3.75,,2025-10-13T14:00:00Z,2027-04-28T17:55:00Z,live,49
KXFED-27APR-T3.50,KXFED,tariff_eu_threat,active,binary,3.50%,Above 3.50%,3.5,,2025-10-13T14:00:00Z,2027-04-28T17:55:00Z,live,49
KXFED-27APR-T3.25,KXFED,tariff_eu_threat,active,binary,3.25%,Above 3.25%,3.25,,2025-10-13T14:00:00Z,2027-04-28T17:55:00Z,live,49
KXFED-27APR-T3.00,KXFED,tariff_eu_threat,active,binary,3.00%,Above 3.00%,3,,2025-10-13T14:00:00Z,2027-04-28T17:55:00Z,live,47
KXFED-27APR-T2.75,KXFED,tariff_eu_threat,active,binary,2.75%,Above 2.75%,2.75,,2025-10-13T14:00:00Z,2027-04-28T17:55:00Z,live,49
KXFED-27APR-T2.50,KXFED,tariff_eu_threat,active,binary,2.50%,Above 2.50%,2.5,,2025-10-13T14:00:00Z,2027-04-28T17:55:00Z,live,48
KXFED-27APR-T2.25,KXFED,tariff_eu_threat,active,binary,2.25%,Above 2.25%,2.25,,2025-10-13T14:00:00Z,2027-04-28T17:55:00Z,live,49
KXFED-27APR-T2.00,KXFED,tariff_eu_threat,active,binary,2.00%,Above 2.00%,2,,2025-10-13T14:00:00Z,2027-04-28T17:55:00Z,live,47
KXFED-27APR-T1.75,KXFED,tariff_eu_threat,active,binary,1.75%,Above 1.75%,1.75,,2025-10-13T14:00:00Z,2027-04-28T17:55:00Z,live,48
KXFED-27APR-T1.50,KXFED,tariff_eu_threat,active,binary,1.50%,Above 1.50%,1.5,,2025-10-13T14:00:00Z,2027-04-28T17:55:00Z,live,48
KXFED-27APR-T1.25,KXFED,tariff_eu_threat,active,binary,1.25%,Above 1.25%,1.25,,2025-10-13T14:00:00Z,2027-04-28T17:55:00Z,live,48
KXFED-27APR-T1.00,KXFED,tariff_eu_threat,active,binary,1.00%,Above 1.00%,1,,2025-10-13T14:00:00Z,2027-04-28T17:55:00Z,live,48
KXFED-27APR-T0.75,KXFED,tariff_eu_threat,active,binary,0.75%,Above 0.75%,0.75,,2025-10-13T14:00:00Z,2027-04-28T17:55:00Z,live,46
KXFED-27APR-T0.50,KXFED,tariff_eu_threat,active,binary,0.50%,Above 0.50%,0.5,,2025-10-13T14:00:00Z,2027-04-28T17:55:00Z,live,46
KXFED-27APR-T0.25,KXFED,tariff_eu_threat,active,binary,0.25%,Above 0.25%,0.25,,2025-10-13T14:00:00Z,2027-04-28T17:55:00Z,live,43
KXFED-27APR-T0.00,KXFED,tariff_eu_threat,active,binary,0.00%,Above 0.00%,0,,2025-10-13T14:00:00Z,2027-04-28T17:55:00Z,live,40
KXFED-27MAR-T4.25,KXFED,tariff_eu_threat,active,binary,4.25%,Above 4.25%,4.25,,2025-10-13T14:00:00Z,2027-03-17T17:55:00Z,live,46
KXFED-27MAR-T4.00,KXFED,tariff_eu_threat,active,binary,4.00%,Above 4.00%,4,,2025-10-13T14:00:00Z,2027-03-17T17:55:00Z,live,49
KXFED-27MAR-T3.75,KXFED,tariff_eu_threat,active,binary,3.75%,Above 3.75%,3.75,,2025-10-13T14:00:00Z,2027-03-17T17:55:00Z,live,43
KXFED-27MAR-T3.50,KXFED,tariff_eu_threat,active,binary,3.50%,Above 3.50%,3.5,,2025-10-13T14:00:00Z,2027-03-17T17:55:00Z,live,45
KXFED-27MAR-T3.25,KXFED,tariff_eu_threat,active,binary,3.25%,Above 3.25%,3.25,,2025-10-13T14:00:00Z,2027-03-17T17:55:00Z,live,48
KXFED-27MAR-T3.00,KXFED,tariff_eu_threat,active,binary,3.00%,Above 3.00%,3,,2025-10-13T14:00:00Z,2027-03-17T17:55:00Z,live,46
KXFED-27MAR-T2.75,KXFED,tariff_eu_threat,active,binary,2.75%,Above 2.75%,2.75,,2025-10-13T14:00:00Z,2027-03-17T17:55:00Z,live,45
KXFED-27MAR-T2.50,KXFED,tariff_eu_threat,active,binary,2.50%,Above 2.50%,2.5,,2025-10-13T14:00:00Z,2027-03-17T17:55:00Z,live,43
KXFED-27MAR-T2.25,KXFED,tariff_eu_threat,active,binary,2.25%,Above 2.25%,2.25,,2025-10-13T14:00:00Z,2027-03-17T17:55:00Z,live,45
KXFED-27MAR-T2.00,KXFED,tariff_eu_threat,active,binary,2.00%,Above 2.00%,2,,2025-10-13T14:00:00Z,2027-03-17T17:55:00Z,live,38
KXFED-27MAR-T1.75,KXFED,tariff_eu_threat,active,binary,1.75%,Above 1.75%,1.75,,2025-10-13T14:00:00Z,2027-03-17T17:55:00Z,live,41
KXFED-27MAR-T1.50,KXFED,tariff_eu_threat,active,binary,1.50%,Above 1.50%,1.5,,2025-10-13T14:00:00Z,2027-03-17T17:55:00Z,live,40
KXFED-27MAR-T1.25,KXFED,tariff_eu_threat,active,binary,1.25%,Above 1.25%,1.25,,2025-10-13T14:00:00Z,2027-03-17T17:55:00Z,live,38
KXFED-27MAR-T1.00,KXFED,tariff_eu_threat,active,binary,1.00%,Above 1.00%,1,,2025-10-13T14:00:00Z,2027-03-17T17:55:00Z,live,37
KXFED-27MAR-T0.75,KXFED,tariff_eu_threat,active,binary,0.75%,Above 0.75%,0.75,,2025-10-13T14:00:00Z,2027-03-17T17:55:00Z,live,32
KXFED-27MAR-T0.50,KXFED,tariff_eu_threat,active,binary,0.50%,Above 0.50%,0.5,,2025-10-13T14:00:00Z,2027-03-17T17:55:00Z,live,32
KXFED-27MAR-T0.25,KXFED,tariff_eu_threat,active,binary,0.25%,Above 0.25%,0.25,,2025-10-13T14:00:00Z,2027-03-17T17:55:00Z,live,36
KXFED-27MAR-T0.00,KXFED,tariff_eu_threat,active,binary,0.00%,Above 0.00%,0,,2025-10-13T14:00:00Z,2027-03-17T17:55:00Z,live,35
KXFED-27JAN-T4.25,KXFED,tariff_eu_threat,active,binary,4.25%,Above 4.25%,4.25,,2025-10-06T14:00:00Z,2027-01-27T18:55:00Z,live,44
KXFED-27JAN-T4.00,KXFED,tariff_eu_threat,active,binary,4.00%,Above 4.00%,4,,2025-10-06T14:00:00Z,2027-01-27T18:55:00Z,live,48
KXFED-27JAN-T3.75,KXFED,tariff_eu_threat,active,binary,3.75%,Above 3.75%,3.75,,2025-10-06T14:00:00Z,2027-01-27T18:55:00Z,live,47
KXFED-27JAN-T3.50,KXFED,tariff_eu_threat,active,binary,3.50%,Above 3.50%,3.5,,2025-10-06T14:00:00Z,2027-01-27T18:55:00Z,live,45
KXFED-27JAN-T3.25,KXFED,tariff_eu_threat,active,binary,3.25%,Above 3.25%,3.25,,2025-10-06T14:00:00Z,2027-01-27T18:55:00Z,live,49
KXFED-27JAN-T3.00,KXFED,tariff_eu_threat,active,binary,3.00%,Above 3.00%,3,,2025-10-06T14:00:00Z,2027-01-27T18:55:00Z,live,46
KXFED-27JAN-T2.75,KXFED,tariff_eu_threat,active,binary,2.75%,Above 2.75%,2.75,,2025-10-06T14:00:00Z,2027-01-27T18:55:00Z,live,47
KXFED-27JAN-T2.50,KXFED,tariff_eu_threat,active,binary,2.50%,Above 2.50%,2.5,,2025-10-06T14:00:00Z,2027-01-27T18:55:00Z,live,47
KXFED-27JAN-T2.25,KXFED,tariff_eu_threat,active,binary,2.25%,Above 2.25%,2.25,,2025-10-06T14:00:00Z,2027-01-27T18:55:00Z,live,43
KXFED-27JAN-T2.00,KXFED,tariff_eu_threat,active,binary,2.00%,Above 2.00%,2,,2025-10-06T14:00:00Z,2027-01-27T18:55:00Z,live,45
KXFED-27JAN-T1.75,KXFED,tariff_eu_threat,active,binary,1.75%,Above 1.75%,1.75,,2025-10-06T14:00:00Z,2027-01-27T18:55:00Z,live,43
KXFED-27JAN-T1.50,KXFED,tariff_eu_threat,active,binary,1.50%,Above 1.50%,1.5,,2025-10-06T14:00:00Z,2027-01-27T18:55:00Z,live,45
KXFED-27JAN-T1.25,KXFED,tariff_eu_threat,active,binary,1.25%,Above 1.25%,1.25,,2025-10-06T14:00:00Z,2027-01-27T18:55:00Z,live,44
KXFED-27JAN-T1.00,KXFED,tariff_eu_threat,active,binary,1.00%,Above 1.00%,1,,2025-10-06T14:00:00Z,2027-01-27T18:55:00Z,live,41
KXFED-27JAN-T0.75,KXFED,tariff_eu_threat,active,binary,0.75%,Above 0.75%,0.75,,2025-10-06T14:00:00Z,2027-01-27T18:55:00Z,live,46
KXFED-27JAN-T0.50,KXFED,tariff_eu_threat,active,binary,0.50%,Above 0.50%,0.5,,2025-10-06T14:00:00Z,2027-01-27T18:55:00Z,live,46
KXFED-27JAN-T0.25,KXFED,tariff_eu_threat,active,binary,0.25%,Above 0.25%,0.25,,2025-10-06T14:00:00Z,2027-01-27T18:55:00Z,live,43
KXFED-27JAN-T0.00,KXFED,tariff_eu_threat,active,binary,0.00%,Above 0.00%,0,,2025-10-06T14:00:00Z,2027-01-27T18:55:00Z,live,42
KXFED-26DEC-T5.25,KXFED,tariff_eu_threat,active,binary,5.25%,Above 5.25%,5.25,,2025-08-06T14:30:00Z,2026-12-09T18:55:00Z,live,30
KXFED-26DEC-T5.00,KXFED,tariff_eu_threat,active,binary,5.00%,Above 5.00%,5,,2025-08-06T14:30:00Z,2026-12-09T18:55:00Z,live,41
KXFED-26DEC-T4.75,KXFED,tariff_eu_threat,active,binary,4.75%,Above 4.75%,4.75,,2025-08-06T14:30:00Z,2026-12-09T18:55:00Z,live,34
KXFED-26DEC-T4.50,KXFED,tariff_eu_threat,active,binary,4.50%,Above 4.50%,4.5,,2025-08-06T14:30:00Z,2026-12-09T18:55:00Z,live,40
KXFED-26DEC-T4.25,KXFED,tariff_eu_threat,active,binary,4.25%,Above 4.25%,4.25,,2025-08-06T14:30:00Z,2026-12-09T18:55:00Z,live,49
KXFED-26DEC-T4.00,KXFED,tariff_eu_threat,active,binary,4.00%,Above 4.00%,4,,2025-08-06T14:30:00Z,2026-12-09T18:55:00Z,live,48
KXFED-26DEC-T3.75,KXFED,tariff_eu_threat,active,binary,3.75%,Above 3.75%,3.75,,2025-08-06T14:30:00Z,2026-12-09T18:55:00Z,live,47
KXFED-26DEC-T3.50,KXFED,tariff_eu_threat,active,binary,3.50%,Above 3.50%,3.5,,2025-08-06T14:30:00Z,2026-12-09T18:55:00Z,live,49
KXFED-26DEC-T3.25,KXFED,tariff_eu_threat,active,binary,3.25%,Above 3.25%,3.25,,2025-08-06T14:30:00Z,2026-12-09T18:55:00Z,live,47
KXFED-26DEC-T3.00,KXFED,tariff_eu_threat,active,binary,3.00%,Above 3.00%,3,,2025-08-06T14:30:00Z,2026-12-09T18:55:00Z,live,43
KXFED-26DEC-T2.75,KXFED,tariff_eu_threat,active,binary,2.75%,Above 2.75%,2.75,,2025-08-06T14:30:00Z,2026-12-09T18:55:00Z,live,46
KXFED-26OCT-T5.25,KXFED,tariff_eu_threat,active,binary,5.25%,Above 5.25%,5.25,,2025-08-06T14:30:00Z,2026-10-28T17:55:00Z,live,42
KXFED-26OCT-T5.00,KXFED,tariff_eu_threat,active,binary,5.00%,Above 5.00%,5,,2025-08-06T14:30:00Z,2026-10-28T17:55:00Z,live,38
KXFED-26OCT-T4.75,KXFED,tariff_eu_threat,active,binary,4.75%,Above 4.75%,4.75,,2025-08-06T14:30:00Z,2026-10-28T17:55:00Z,live,41
KXFED-26OCT-T4.50,KXFED,tariff_eu_threat,active,binary,4.50%,Above 4.50%,4.5,,2025-08-06T14:30:00Z,2026-10-28T17:55:00Z,live,44
KXFED-26OCT-T4.25,KXFED,tariff_eu_threat,active,binary,4.25%,Above 4.25%,4.25,,2025-08-06T14:30:00Z,2026-10-28T17:55:00Z,live,43
KXFED-26OCT-T4.00,KXFED,tariff_eu_threat,active,binary,4.00%,Above 4.00%,4,,2025-08-06T14:30:00Z,2026-10-28T17:55:00Z,live,49
KXFED-26OCT-T3.75,KXFED,tariff_eu_threat,active,binary,3.75%,Above 3.75%,3.75,,2025-08-06T14:30:00Z,2026-10-28T17:55:00Z,live,49
KXFED-26OCT-T3.50,KXFED,tariff_eu_threat,active,binary,3.50%,Above 3.50%,3.5,,2025-08-06T14:30:00Z,2026-10-28T17:55:00Z,live,46
KXFED-26OCT-T3.25,KXFED,tariff_eu_threat,active,binary,3.25%,Above 3.25%,3.25,,2025-08-06T14:30:00Z,2026-10-28T17:55:00Z,live,45
KXFED-26OCT-T3.00,KXFED,tariff_eu_threat,active,binary,3.00%,Above 3.00%,3,,2025-08-06T14:30:00Z,2026-10-28T17:55:00Z,live,38
KXFED-26OCT-T2.75,KXFED,tariff_eu_threat,active,binary,2.75%,Above 2.75%,2.75,,2025-08-06T14:30:00Z,2026-10-28T17:55:00Z,live,40
KXFED-26SEP-T5.25,KXFED,tariff_eu_threat,finalized,binary,5.25%,Above 5.25%,5.25,,2025-08-06T14:30:00Z,2026-09-16T17:55:00Z,live,41
KXFED-26SEP-T5.00,KXFED,tariff_eu_threat,finalized,binary,5.00%,Above 5.00%,5,,2025-08-06T14:30:00Z,2026-09-16T17:55:00Z,live,42
KXFED-26SEP-T4.75,KXFED,tariff_eu_threat,finalized,binary,4.75%,Above 4.75%,4.75,,2025-08-06T14:30:00Z,2026-09-16T17:55:00Z,live,41
KXFED-26SEP-T4.50,KXFED,tariff_eu_threat,finalized,binary,4.50%,Above 4.50%,4.5,,2025-08-06T14:30:00Z,2026-09-16T17:55:00Z,live,42
KXFED-26SEP-T4.25,KXFED,tariff_eu_threat,finalized,binary,4.25%,Above 4.25%,4.25,,2025-08-06T14:30:00Z,2026-09-16T17:55:00Z,live,44
KXFED-26SEP-T4.00,KXFED,tariff_eu_threat,finalized,binary,4.00%,Above 4.00%,4,,2025-08-06T14:30:00Z,2026-09-16T17:55:00Z,live,47
KXFED-26SEP-T3.75,KXFED,tariff_eu_threat,finalized,binary,3.75%,Above 3.75%,3.75,,2025-08-06T14:30:00Z,2026-09-16T17:55:00Z,live,47
KXFED-26SEP-T3.50,KXFED,tariff_eu_threat,finalized,binary,3.50%,Above 3.50%,3.5,,2025-08-06T14:30:00Z,2026-09-16T17:55:00Z,live,41
KXFED-26SEP-T3.25,KXFED,tariff_eu_threat,finalized,binary,3.25%,Above 3.25%,3.25,,2025-08-06T14:30:00Z,2026-09-16T17:55:00Z,live,28
KXFED-26SEP-T3.00,KXFED,tariff_eu_threat,finalized,binary,3.00%,Above 3.00%,3,,2025-08-06T14:30:00Z,2026-09-16T17:55:00Z,live,40
KXFED-26SEP-T2.75,KXFED,tariff_eu_threat,finalized,binary,2.75%,Above 2.75%,2.75,,2025-08-06T14:30:00Z,2026-09-16T17:55:00Z,live,42
KXCPI-26OCT-T1.0,KXCPI,tariff_eu_threat,active,binary,1.0%,Above 1.0%,1,,2026-09-18T16:00:00Z,2026-11-10T13:25:00Z,live,1
KXCPI-26OCT-T0.9,KXCPI,tariff_eu_threat,active,binary,0.9%,Above 0.9%,0.9,,2026-09-18T16:00:00Z,2026-11-10T13:25:00Z,live,1
KXCPI-26OCT-T0.8,KXCPI,tariff_eu_threat,active,binary,0.8%,Above 0.8%,0.8,,2026-09-18T16:00:00Z,2026-11-10T13:25:00Z,live,1
KXCPI-26OCT-T0.7,KXCPI,tariff_eu_threat,active,binary,0.7%,Above 0.7%,0.7,,2026-09-18T16:00:00Z,2026-11-10T13:25:00Z,live,1
KXCPI-26OCT-T0.6,KXCPI,tariff_eu_threat,active,binary,0.6%,Above 0.6%,0.6,,2026-09-18T16:00:00Z,2026-11-10T13:25:00Z,live,1
KXCPI-26DEC-T0.9,KXCPI,tariff_eu_threat,active,binary,0.9%,Above 0.9%,0.9,,2026-09-17T15:30:00Z,2027-01-13T13:25:00Z,live,2
KXCPI-26DEC-T0.8,KXCPI,tariff_eu_threat,active,binary,0.8%,Above 0.8%,0.8,,2026-09-17T15:30:00Z,2027-01-13T13:25:00Z,live,2
KXCPI-26DEC-T0.7,KXCPI,tariff_eu_threat,active,binary,0.7%,Above 0.7%,0.7,,2026-09-17T15:30:00Z,2027-01-13T13:25:00Z,live,2
KXCPI-26DEC-T0.6,KXCPI,tariff_eu_threat,active,binary,0.6%,Above 0.6%,0.6,,2026-09-17T15:30:00Z,2027-01-13T13:25:00Z,live,2
KXCPI-26DEC-T0.5,KXCPI,tariff_eu_threat,active,binary,0.5%,Above 0.5%,0.5,,2026-09-17T15:30:00Z,2027-01-13T13:25:00Z,live,2
KXCPI-26DEC-T0.4,KXCPI,tariff_eu_threat,active,binary,0.4%,Above 0.4%,0.4,,2026-09-17T15:30:00Z,2027-01-13T13:25:00Z,live,2
KXCPI-26DEC-T0.3,KXCPI,tariff_eu_threat,active,binary,0.3%,Above 0.3%,0.3,,2026-09-17T15:30:00Z,2027-01-13T13:25:00Z,live,2
KXCPI-26DEC-T0.2,KXCPI,tariff_eu_threat,active,binary,0.2%,Above 0.2%,0.2,,2026-09-17T15:30:00Z,2027-01-13T13:25:00Z,live,2
KXCPI-26DEC-T0.1,KXCPI,tariff_eu_threat,active,binary,0.1%,Above 0.1%,0.1,,2026-09-17T15:30:00Z,2027-01-13T13:25:00Z,live,2
KXCPI-26DEC-T-0.1,KXCPI,tariff_eu_threat,active,binary,-0.1%,Above -0.1%,-0.1,,2026-09-17T15:30:00Z,2027-01-13T13:25:00Z,live,2
KXCPI-26DEC-T0.0,KXCPI,tariff_eu_threat,active,binary,0.0%,Above 0.0%,0,,2026-09-17T15:30:00Z,2027-01-13T13:25:00Z,live,2
KXCPI-26SEP-T0.9,KXCPI,tariff_eu_threat,active,binary,0.9%,Above 0.9%,0.9,,2026-09-17T15:30:00Z,2026-10-14T12:25:00Z,live,2
KXCPI-26SEP-T0.8,KXCPI,tariff_eu_threat,active,binary,0.8%,Above 0.8%,0.8,,2026-09-17T15:30:00Z,2026-10-14T12:25:00Z,live,2
KXCPI-26SEP-T0.7,KXCPI,tariff_eu_threat,active,binary,0.7%,Above 0.7%,0.7,,2026-09-17T15:30:00Z,2026-10-14T12:25:00Z,live,2
KXCPI-26AUG-T1.0,KXCPI,tariff_eu_threat,finalized,binary,1.0%,Above 1.0%,1,,2026-07-23T21:00:00Z,2026-09-11T12:25:00Z,live,35
KXCPI-26AUG-T0.9,KXCPI,tariff_eu_threat,finalized,binary,0.9%,Above 0.9%,0.9,,2026-07-23T21:00:00Z,2026-09-11T12:25:00Z,live,37
KXCPI-26AUG-T0.8,KXCPI,tariff_eu_threat,finalized,binary,0.8%,Above 0.8%,0.8,,2026-07-23T21:00:00Z,2026-09-11T12:25:00Z,live,35
KXCPI-26AUG-T0.7,KXCPI,tariff_eu_threat,finalized,binary,0.7%,Above 0.7%,0.7,,2026-07-23T21:00:00Z,2026-09-11T12:25:00Z,live,39
KXCPI-26AUG-T0.6,KXCPI,tariff_eu_threat,finalized,binary,0.6%,Above 0.6%,0.6,,2026-07-23T21:00:00Z,2026-09-11T12:25:00Z,live,39
KXCPI-26SEP-T0.6,KXCPI,tariff_eu_threat,active,binary,0.6%,Above 0.6%,0.6,,2026-07-20T18:00:00Z,2026-10-14T12:25:00Z,live,49
KXCPI-26SEP-T-0.4,KXCPI,tariff_eu_threat,active,binary,-0.4%,Above -0.4%,-0.4,,2026-07-20T18:00:00Z,2026-10-14T12:25:00Z,live,41
KXCPI-26SEP-T-0.3,KXCPI,tariff_eu_threat,active,binary,-0.3%,Above -0.3%,-0.3,,2026-07-20T18:00:00Z,2026-10-14T12:25:00Z,live,44
KXCPI-26SEP-T-0.2,KXCPI,tariff_eu_threat,active,binary,-0.2%,Above -0.2%,-0.2,,2026-07-20T18:00:00Z,2026-10-14T12:25:00Z,live,43
KXCPI-26AUG-T-0.4,KXCPI,tariff_eu_threat,finalized,binary,-0.4%,Above -0.4%,-0.4,,2026-07-20T18:00:00Z,2026-09-11T12:25:00Z,live,35
KXCPI-26AUG-T-0.3,KXCPI,tariff_eu_threat,finalized,binary,-0.3%,Above -0.3%,-0.3,,2026-07-20T18:00:00Z,2026-09-11T12:25:00Z,live,37
KXCPI-26AUG-T-0.2,KXCPI,tariff_eu_threat,finalized,binary,-0.2%,Above -0.2%,-0.2,,2026-07-20T18:00:00Z,2026-09-11T12:25:00Z,live,38
KXCPI-26JUL-T-0.4,KXCPI,tariff_eu_threat,finalized,binary,-0.4%,Above -0.4%,-0.4,,2026-06-16T17:45:00Z,2026-08-12T12:25:00Z,live,12
KXCPI-26JUL-T-0.3,KXCPI,tariff_eu_threat,finalized,binary,-0.3%,Above -0.3%,-0.3,,2026-06-16T17:45:00Z,2026-08-12T12:25:00Z,live,12
KXCPI-26JUL-T-0.2,KXCPI,tariff_eu_threat,finalized,binary,-0.2%,Above -0.2%,-0.2,,2026-06-16T17:45:00Z,2026-08-12T12:25:00Z,live,12
KXCPI-26NOV-T0.5,KXCPI,tariff_eu_threat,active,binary,0.5%,Above 0.5%,0.5,,2026-02-20T15:00:00Z,2026-12-10T13:25:00Z,live,33
KXCPI-26NOV-T0.4,KXCPI,tariff_eu_threat,active,binary,0.4%,Above 0.4%,0.4,,2026-02-20T15:00:00Z,2026-12-10T13:25:00Z,live,32
KXCPI-26NOV-T0.3,KXCPI,tariff_eu_threat,active,binary,0.3%,Above 0.3%,0.3,,2026-02-20T15:00:00Z,2026-12-10T13:25:00Z,live,43
KXCPI-26NOV-T0.2,KXCPI,tariff_eu_threat,active,binary,0.2%,Above 0.2%,0.2,,2026-02-20T15:00:00Z,2026-12-10T13:25:00Z,live,43
KXCPI-26NOV-T0.1,KXCPI,tariff_eu_threat,active,binary,0.1%,Above 0.1%,0.1,,2026-02-20T15:00:00Z,2026-12-10T13:25:00Z,live,42
KXCPI-26NOV-T-0.1,KXCPI,tariff_eu_threat,active,binary,-0.1%,Above -0.1%,-0.1,,2026-02-20T15:00:00Z,2026-12-10T13:25:00Z,live,27
KXCPI-26NOV-T0.0,KXCPI,tariff_eu_threat,active,binary,0.0%,Above 0.0%,0,,2026-02-20T15:00:00Z,2026-12-10T13:25:00Z,live,38
KXCPI-26OCT-T0.5,KXCPI,tariff_eu_threat,active,binary,0.5%,Above 0.5%,0.5,,2026-02-20T15:00:00Z,2026-11-10T13:25:00Z,live,30
KXCPI-26OCT-T0.4,KXCPI,tariff_eu_threat,active,binary,0.4%,Above 0.4%,0.4,,2026-02-20T15:00:00Z,2026-11-10T13:25:00Z,live,37
KXCPI-26OCT-T0.3,KXCPI,tariff_eu_threat,active,binary,0.3%,Above 0.3%,0.3,,2026-02-20T15:00:00Z,2026-11-10T13:25:00Z,live,47
KXCPI-26OCT-T0.2,KXCPI,tariff_eu_threat,active,binary,0.2%,Above 0.2%,0.2,,2026-02-20T15:00:00Z,2026-11-10T13:25:00Z,live,46
KXCPI-26OCT-T0.1,KXCPI,tariff_eu_threat,active,binary,0.1%,Above 0.1%,0.1,,2026-02-20T15:00:00Z,2026-11-10T13:25:00Z,live,35
KXCPI-26OCT-T-0.1,KXCPI,tariff_eu_threat,active,binary,-0.1%,Above -0.1%,-0.1,,2026-02-20T15:00:00Z,2026-11-10T13:25:00Z,live,41
KXCPI-26OCT-T0.0,KXCPI,tariff_eu_threat,active,binary,0.0%,Above 0.0%,0,,2026-02-20T15:00:00Z,2026-11-10T13:25:00Z,live,36
KXCPI-26SEP-T0.5,KXCPI,tariff_eu_threat,active,binary,0.5%,Above 0.5%,0.5,,2026-02-20T15:00:00Z,2026-10-14T12:25:00Z,live,45
KXCPI-26SEP-T0.4,KXCPI,tariff_eu_threat,active,binary,0.4%,Above 0.4%,0.4,,2026-02-20T15:00:00Z,2026-10-14T12:25:00Z,live,49
KXCPI-26SEP-T0.3,KXCPI,tariff_eu_threat,active,binary,0.3%,Above 0.3%,0.3,,2026-02-20T15:00:00Z,2026-10-14T12:25:00Z,live,49
KXCPI-26SEP-T0.2,KXCPI,tariff_eu_threat,active,binary,0.2%,Above 0.2%,0.2,,2026-02-20T15:00:00Z,2026-10-14T12:25:00Z,live,49
KXCPI-26SEP-T0.1,KXCPI,tariff_eu_threat,active,binary,0.1%,Above 0.1%,0.1,,2026-02-20T15:00:00Z,2026-10-14T12:25:00Z,live,46
KXCPI-26SEP-T-0.1,KXCPI,tariff_eu_threat,active,binary,-0.1%,Above -0.1%,-0.1,,2026-02-20T15:00:00Z,2026-10-14T12:25:00Z,live,47
KXCPI-26SEP-T0.0,KXCPI,tariff_eu_threat,active,binary,0.0%,Above 0.0%,0,,2026-02-20T15:00:00Z,2026-10-14T12:25:00Z,live,43
KXCPI-26AUG-T0.5,KXCPI,tariff_eu_threat,finalized,binary,0.5%,Above 0.5%,0.5,,2026-02-20T15:00:00Z,2026-09-11T12:25:00Z,live,39
KXCPI-26AUG-T0.4,KXCPI,tariff_eu_threat,finalized,binary,0.4%,Above 0.4%,0.4,,2026-02-20T15:00:00Z,2026-09-11T12:25:00Z,live,42
KXCPI-26AUG-T0.3,KXCPI,tariff_eu_threat,finalized,binary,0.3%,Above 0.3%,0.3,,2026-02-20T15:00:00Z,2026-09-11T12:25:00Z,live,42
KXCPI-26AUG-T0.2,KXCPI,tariff_eu_threat,finalized,binary,0.2%,Above 0.2%,0.2,,2026-02-20T15:00:00Z,2026-09-11T12:25:00Z,live,42
KXCPI-26AUG-T0.1,KXCPI,tariff_eu_threat,finalized,binary,0.1%,Above 0.1%,0.1,,2026-02-20T15:00:00Z,2026-09-11T12:25:00Z,live,41
KXCPI-26AUG-T-0.1,KXCPI,tariff_eu_threat,finalized,binary,-0.1%,Above -0.1%,-0.1,,2026-02-20T15:00:00Z,2026-09-11T12:25:00Z,live,33
KXCPI-26AUG-T0.0,KXCPI,tariff_eu_threat,finalized,binary,0.0%,Above 0.0%,0,,2026-02-20T15:00:00Z,2026-09-11T12:25:00Z,live,36
KXCPI-26JUL-T0.5,KXCPI,tariff_eu_threat,finalized,binary,0.5%,Above 0.5%,0.5,,2026-02-20T15:00:00Z,2026-08-12T12:25:00Z,live,12
KXCPI-26JUL-T0.4,KXCPI,tariff_eu_threat,finalized,binary,0.4%,Above 0.4%,0.4,,2026-02-20T15:00:00Z,2026-08-12T12:25:00Z,live,12
KXCPI-26JUL-T0.3,KXCPI,tariff_eu_threat,finalized,binary,0.3%,Above 0.3%,0.3,,2026-02-20T15:00:00Z,2026-08-12T12:25:00Z,live,12
KXCPI-26JUL-T0.2,KXCPI,tariff_eu_threat,finalized,binary,0.2%,Above 0.2%,0.2,,2026-02-20T15:00:00Z,2026-08-12T12:25:00Z,live,12
KXCPI-26JUL-T0.1,KXCPI,tariff_eu_threat,finalized,binary,0.1%,Above 0.1%,0.1,,2026-02-20T15:00:00Z,2026-08-12T12:25:00Z,live,12
KXCPI-26JUL-T-0.1,KXCPI,tariff_eu_threat,finalized,binary,-0.1%,Above -0.1%,-0.1,,2026-02-20T15:00:00Z,2026-08-12T12:25:00Z,live,12
KXCPI-26JUL-T0.0,KXCPI,tariff_eu_threat,finalized,binary,0.0%,Above 0.0%,0,,2026-02-20T15:00:00Z,2026-08-12T12:25:00Z,live,12
KXCPICORE-26DEC-T1.0,KXCPICORE,tariff_eu_threat,active,binary,1.0,Above 1.0%,1,1,2026-09-18T16:00:00Z,2027-01-13T13:25:00Z,live,1
KXCPICORE-26DEC-T0.9,KXCPICORE,tariff_eu_threat,active,binary,0.9,Above 0.9%,0.9,0.9,2026-09-18T16:00:00Z,2027-01-13T13:25:00Z,live,1
KXCPICORE-26DEC-T0.8,KXCPICORE,tariff_eu_threat,active,binary,0.8,Above 0.8%,0.8,0.8,2026-09-18T16:00:00Z,2027-01-13T13:25:00Z,live,1
KXCPICORE-26DEC-T0.7,KXCPICORE,tariff_eu_threat,active,binary,0.7,Above 0.7%,0.7,0.7,2026-09-18T16:00:00Z,2027-01-13T13:25:00Z,live,1
KXCPICORE-26DEC-T0.6,KXCPICORE,tariff_eu_threat,active,binary,0.6,Above 0.6%,0.6,0.6,2026-09-18T16:00:00Z,2027-01-13T13:25:00Z,live,1
KXCPICORE-26DEC-T0.5,KXCPICORE,tariff_eu_threat,active,binary,0.5,Above 0.5%,0.5,0.5,2026-09-18T16:00:00Z,2027-01-13T13:25:00Z,live,1
KXCPICORE-26DEC-T0.4,KXCPICORE,tariff_eu_threat,active,binary,0.4,Above 0.4%,0.4,0.4,2026-09-18T16:00:00Z,2027-01-13T13:25:00Z,live,1
KXCPICORE-26DEC-T0.3,KXCPICORE,tariff_eu_threat,active,binary,0.3,Above 0.3%,0.3,0.3,2026-09-18T16:00:00Z,2027-01-13T13:25:00Z,live,1
KXCPICORE-26DEC-T0.2,KXCPICORE,tariff_eu_threat,active,binary,0.2,Above 0.2%,0.2,0.2,2026-09-18T16:00:00Z,2027-01-13T13:25:00Z,live,1
KXCPICORE-26DEC-T0.1,KXCPICORE,tariff_eu_threat,active,binary,0.1,Above 0.1%,0.1,0.1,2026-09-18T16:00:00Z,2027-01-13T13:25:00Z,live,1
KXCPICORE-26DEC-T0.0,KXCPICORE,tariff_eu_threat,active,binary,0.0,Above 0.0%,0,0,2026-09-18T16:00:00Z,2027-01-13T13:25:00Z,live,1
KXCPICORE-26NOV-T1.0,KXCPICORE,tariff_eu_threat,active,binary,1.0,Above 1.0%,1,1,2026-06-11T00:15:00Z,2026-12-10T13:25:00Z,live,7
KXCPICORE-26NOV-T0.9,KXCPICORE,tariff_eu_threat,active,binary,0.9,Above 0.9%,0.9,0.9,2026-06-11T00:15:00Z,2026-12-10T13:25:00Z,live,19
KXCPICORE-26NOV-T0.8,KXCPICORE,tariff_eu_threat,active,binary,0.8,Above 0.8%,0.8,0.8,2026-06-11T00:15:00Z,2026-12-10T13:25:00Z,live,21
KXCPICORE-26NOV-T0.7,KXCPICORE,tariff_eu_threat,active,binary,0.7,Above 0.7%,0.7,0.7,2026-06-11T00:15:00Z,2026-12-10T13:25:00Z,live,33
KXCPICORE-26NOV-T0.6,KXCPICORE,tariff_eu_threat,active,binary,0.6,Above 0.6%,0.6,0.6,2026-06-11T00:15:00Z,2026-12-10T13:25:00Z,live,32
KXCPICORE-26NOV-T0.5,KXCPICORE,tariff_eu_threat,active,binary,0.5,Above 0.5%,0.5,0.5,2026-06-11T00:15:00Z,2026-12-10T13:25:00Z,live,32
KXCPICORE-26NOV-T0.4,KXCPICORE,tariff_eu_threat,active,binary,0.4,Above 0.4%,0.4,0.4,2026-06-11T00:15:00Z,2026-12-10T13:25:00Z,live,34
KXCPICORE-26NOV-T0.3,KXCPICORE,tariff_eu_threat,active,binary,0.3,Above 0.3%,0.3,0.3,2026-06-11T00:15:00Z,2026-12-10T13:25:00Z,live,37
KXCPICORE-26NOV-T0.2,KXCPICORE,tariff_eu_threat,active,binary,0.2,Above 0.2%,0.2,0.2,2026-06-11T00:15:00Z,2026-12-10T13:25:00Z,live,47
KXCPICORE-26NOV-T0.1,KXCPICORE,tariff_eu_threat,active,binary,0.1,Above 0.1%,0.1,0.1,2026-06-11T00:15:00Z,2026-12-10T13:25:00Z,live,41
KXCPICORE-26NOV-T0.0,KXCPICORE,tariff_eu_threat,active,binary,0.0,Above 0.0%,0,0,2026-06-11T00:15:00Z,2026-12-10T13:25:00Z,live,32
KXCPICORE-26OCT-T1.0,KXCPICORE,tariff_eu_threat,active,binary,1.0,Above 1.0%,1,1,2026-06-10T20:00:00Z,2026-11-10T13:25:00Z,live,17
KXCPICORE-26OCT-T0.9,KXCPICORE,tariff_eu_threat,active,binary,0.9,Above 0.9%,0.9,0.9,2026-06-10T20:00:00Z,2026-11-10T13:25:00Z,live,12
KXCPICORE-26OCT-T0.8,KXCPICORE,tariff_eu_threat,active,binary,0.8,Above 0.8%,0.8,0.8,2026-06-10T20:00:00Z,2026-11-10T13:25:00Z,live,32
KXCPICORE-26OCT-T0.7,KXCPICORE,tariff_eu_threat,active,binary,0.7,Above 0.7%,0.7,0.7,2026-06-10T20:00:00Z,2026-11-10T13:25:00Z,live,35
KXCPICORE-26OCT-T0.6,KXCPICORE,tariff_eu_threat,active,binary,0.6,Above 0.6%,0.6,0.6,2026-06-10T20:00:00Z,2026-11-10T13:25:00Z,live,27
KXCPICORE-26OCT-T0.5,KXCPICORE,tariff_eu_threat,active,binary,0.5,Above 0.5%,0.5,0.5,2026-06-10T20:00:00Z,2026-11-10T13:25:00Z,live,25
KXCPICORE-26OCT-T0.4,KXCPICORE,tariff_eu_threat,active,binary,0.4,Above 0.4%,0.4,0.4,2026-06-10T20:00:00Z,2026-11-10T13:25:00Z,live,31
KXCPICORE-26OCT-T0.3,KXCPICORE,tariff_eu_threat,active,binary,0.3,Above 0.3%,0.3,0.3,2026-06-10T20:00:00Z,2026-11-10T13:25:00Z,live,34
KXCPICORE-26OCT-T0.2,KXCPICORE,tariff_eu_threat,active,binary,0.2,Above 0.2%,0.2,0.2,2026-06-10T20:00:00Z,2026-11-10T13:25:00Z,live,38
KXCPICORE-26OCT-T0.1,KXCPICORE,tariff_eu_threat,active,binary,0.1,Above 0.1%,0.1,0.1,2026-06-10T20:00:00Z,2026-11-10T13:25:00Z,live,38
KXCPICORE-26OCT-T0.0,KXCPICORE,tariff_eu_threat,active,binary,0.0,Above 0.0%,0,0,2026-06-10T20:00:00Z,2026-11-10T13:25:00Z,live,37
KXCPICORE-26SEP-T0.9,KXCPICORE,tariff_eu_threat,active,binary,0.9,Above 0.9%,0.9,0.9,2026-06-10T19:50:00Z,2026-10-14T12:25:00Z,live,1
KXCPICORE-26SEP-T0.8,KXCPICORE,tariff_eu_threat,active,binary,0.8,Above 0.8%,0.8,0.8,2026-06-10T19:50:00Z,2026-10-14T12:25:00Z,live,1
KXCPICORE-26SEP-T0.7,KXCPICORE,tariff_eu_threat,active,binary,0.7,Above 0.7%,0.7,0.7,2026-06-10T19:50:00Z,2026-10-14T12:25:00Z,live,30
KXCPICORE-26SEP-T0.6,KXCPICORE,tariff_eu_threat,active,binary,0.6,Above 0.6%,0.6,0.6,2026-06-10T19:50:00Z,2026-10-14T12:25:00Z,live,22
KXCPICORE-26SEP-T0.5,KXCPICORE,tariff_eu_threat,active,binary,0.5,Above 0.5%,0.5,0.5,2026-06-10T19:50:00Z,2026-10-14T12:25:00Z,live,22
KXCPICORE-26SEP-T0.4,KXCPICORE,tariff_eu_threat,active,binary,0.4,Above 0.4%,0.4,0.4,2026-06-10T19:50:00Z,2026-10-14T12:25:00Z,live,31
KXCPICORE-26SEP-T0.3,KXCPICORE,tariff_eu_threat,active,binary,0.3,Above 0.3%,0.3,0.3,2026-06-10T19:50:00Z,2026-10-14T12:25:00Z,live,33
KXCPICORE-26SEP-T0.2,KXCPICORE,tariff_eu_threat,active,binary,0.2,Above 0.2%,0.2,0.2,2026-06-10T19:50:00Z,2026-10-14T12:25:00Z,live,40
KXCPICORE-26SEP-T0.1,KXCPICORE,tariff_eu_threat,active,binary,0.1,Above 0.1%,0.1,0.1,2026-06-10T19:50:00Z,2026-10-14T12:25:00Z,live,37
KXCPICORE-26SEP-T0.0,KXCPICORE,tariff_eu_threat,active,binary,0.0,Above 0.0%,0,0,2026-06-10T19:50:00Z,2026-10-14T12:25:00Z,live,33
KXCPICORE-26AUG-T1.0,KXCPICORE,tariff_eu_threat,finalized,binary,1.0,Above 1.0%,1,1,2026-06-10T18:30:00Z,2026-09-11T12:25:00Z,live,3
KXCPICORE-26AUG-T0.9,KXCPICORE,tariff_eu_threat,finalized,binary,0.9,Above 0.9%,0.9,0.9,2026-06-10T18:30:00Z,2026-09-11T12:25:00Z,live,6
KXCPICORE-26AUG-T0.8,KXCPICORE,tariff_eu_threat,finalized,binary,0.8,Above 0.8%,0.8,0.8,2026-06-10T18:30:00Z,2026-09-11T12:25:00Z,live,34
KXCPICORE-26AUG-T0.7,KXCPICORE,tariff_eu_threat,finalized,binary,0.7,Above 0.7%,0.7,0.7,2026-06-10T18:30:00Z,2026-09-11T12:25:00Z,live,33
KXCPICORE-26AUG-T0.6,KXCPICORE,tariff_eu_threat,finalized,binary,0.6,Above 0.6%,0.6,0.6,2026-06-10T18:30:00Z,2026-09-11T12:25:00Z,live,34
KXCPICORE-26AUG-T0.5,KXCPICORE,tariff_eu_threat,finalized,binary,0.5,Above 0.5%,0.5,0.5,2026-06-10T18:30:00Z,2026-09-11T12:25:00Z,live,34
KXCPICORE-26AUG-T0.4,KXCPICORE,tariff_eu_threat,finalized,binary,0.4,Above 0.4%,0.4,0.4,2026-06-10T18:30:00Z,2026-09-11T12:25:00Z,live,24
KXCPICORE-26AUG-T0.3,KXCPICORE,tariff_eu_threat,finalized,binary,0.3,Above 0.3%,0.3,0.3,2026-06-10T18:30:00Z,2026-09-11T12:25:00Z,live,35
KXCPICORE-26AUG-T0.2,KXCPICORE,tariff_eu_threat,finalized,binary,0.2,Above 0.2%,0.2,0.2,2026-06-10T18:30:00Z,2026-09-11T12:25:00Z,live,41
KXCPICORE-26AUG-T0.1,KXCPICORE,tariff_eu_threat,finalized,binary,0.1,Above 0.1%,0.1,0.1,2026-06-10T18:30:00Z,2026-09-11T12:25:00Z,live,35
KXCPICORE-26AUG-T0.0,KXCPICORE,tariff_eu_threat,finalized,binary,0.0,Above 0.0%,0,0,2026-06-10T18:30:00Z,2026-09-11T12:25:00Z,live,36
KXCPICORE-26JUL-T1.0,KXCPICORE,tariff_eu_threat,finalized,binary,1.0,Above 1.0%,1,1,2026-05-12T16:00:00Z,2026-08-12T12:25:00Z,live,12
KXCPICORE-26JUL-T0.9,KXCPICORE,tariff_eu_threat,finalized,binary,0.9,Above 0.9%,0.9,0.9,2026-05-12T16:00:00Z,2026-08-12T12:25:00Z,live,12
KXCPICORE-26JUL-T0.8,KXCPICORE,tariff_eu_threat,finalized,binary,0.8,Above 0.8%,0.8,0.8,2026-05-12T16:00:00Z,2026-08-12T12:25:00Z,live,7
KXCPICORE-26JUL-T0.7,KXCPICORE,tariff_eu_threat,finalized,binary,0.7,Above 0.7%,0.7,0.7,2026-05-12T16:00:00Z,2026-08-12T12:25:00Z,live,12
KXCPICORE-26JUL-T0.6,KXCPICORE,tariff_eu_threat,finalized,binary,0.6,Above 0.6%,0.6,0.6,2026-05-12T16:00:00Z,2026-08-12T12:25:00Z,live,12
KXCPICORE-26JUL-T0.5,KXCPICORE,tariff_eu_threat,finalized,binary,0.5,Above 0.5%,0.5,0.5,2026-05-12T16:00:00Z,2026-08-12T12:25:00Z,live,12
KXCPICORE-26JUL-T0.4,KXCPICORE,tariff_eu_threat,finalized,binary,0.4,Above 0.4%,0.4,0.4,2026-05-12T16:00:00Z,2026-08-12T12:25:00Z,live,12
KXCPICORE-26JUL-T0.3,KXCPICORE,tariff_eu_threat,finalized,binary,0.3,Above 0.3%,0.3,0.3,2026-05-12T16:00:00Z,2026-08-12T12:25:00Z,live,11
KXCPICORE-26JUL-T0.2,KXCPICORE,tariff_eu_threat,finalized,binary,0.2,Above 0.2%,0.2,0.2,2026-05-12T16:00:00Z,2026-08-12T12:25:00Z,live,12
KXCPICORE-26JUL-T0.1,KXCPICORE,tariff_eu_threat,finalized,binary,0.1,Above 0.1%,0.1,0.1,2026-05-12T16:00:00Z,2026-08-12T12:25:00Z,live,12
KXCPICORE-26JUL-T0.0,KXCPICORE,tariff_eu_threat,finalized,binary,0.0,Above 0.0%,0,0,2026-05-12T16:00:00Z,2026-08-12T12:25:00Z,live,12
KXFED-27APR-T6.00,KXFED,russia_sanctions_bill,active,binary,6.00%,Above 6.00%,6,,2026-09-18T15:00:00Z,2027-04-28T17:55:00Z,live,1
KXFED-27APR-T5.75,KXFED,russia_sanctions_bill,active,binary,5.75%,Above 5.75%,5.75,,2026-09-18T15:00:00Z,2027-04-28T17:55:00Z,live,1
KXFED-27APR-T5.50,KXFED,russia_sanctions_bill,active,binary,5.50%,Above 5.50%,5.5,,2026-09-18T15:00:00Z,2027-04-28T17:55:00Z,live,1
KXFED-27APR-T5.25,KXFED,russia_sanctions_bill,active,binary,5.25%,Above 5.25%,5.25,,2026-09-18T15:00:00Z,2027-04-28T17:55:00Z,live,1
KXFED-27APR-T5.00,KXFED,russia_sanctions_bill,active,binary,5.00%,Above 5.00%,5,,2026-09-18T15:00:00Z,2027-04-28T17:55:00Z,live,1
KXFED-27APR-T4.75,KXFED,russia_sanctions_bill,active,binary,4.75%,Above 4.75%,4.75,,2026-09-18T15:00:00Z,2027-04-28T17:55:00Z,live,1
KXFED-27APR-T4.50,KXFED,russia_sanctions_bill,active,binary,4.50%,Above 4.50%,4.5,,2026-09-18T15:00:00Z,2027-04-28T17:55:00Z,live,1
KXFED-27MAR-T6.00,KXFED,russia_sanctions_bill,active,binary,6.00%,Above 6.00%,6,,2026-09-18T15:00:00Z,2027-03-17T17:55:00Z,live,1
KXFED-27MAR-T5.75,KXFED,russia_sanctions_bill,active,binary,5.75%,Above 5.75%,5.75,,2026-09-18T15:00:00Z,2027-03-17T17:55:00Z,live,1
KXFED-27MAR-T5.50,KXFED,russia_sanctions_bill,active,binary,5.50%,Above 5.50%,5.5,,2026-09-18T15:00:00Z,2027-03-17T17:55:00Z,live,1
KXFED-27MAR-T5.25,KXFED,russia_sanctions_bill,active,binary,5.25%,Above 5.25%,5.25,,2026-09-18T15:00:00Z,2027-03-17T17:55:00Z,live,1
KXFED-27MAR-T5.00,KXFED,russia_sanctions_bill,active,binary,5.00%,Above 5.00%,5,,2026-09-18T15:00:00Z,2027-03-17T17:55:00Z,live,1
KXFED-27MAR-T4.75,KXFED,russia_sanctions_bill,active,binary,4.75%,Above 4.75%,4.75,,2026-09-18T15:00:00Z,2027-03-17T17:55:00Z,live,1
KXFED-27MAR-T4.50,KXFED,russia_sanctions_bill,active,binary,4.50%,Above 4.50%,4.5,,2026-09-18T15:00:00Z,2027-03-17T17:55:00Z,live,1
KXFED-27JAN-T6.00,KXFED,russia_sanctions_bill,active,binary,6.00%,Above 6.00%,6,,2026-09-18T15:00:00Z,2027-01-27T18:55:00Z,live,1
KXFED-27JAN-T5.75,KXFED,russia_sanctions_bill,active,binary,5.75%,Above 5.75%,5.75,,2026-09-18T15:00:00Z,2027-01-27T18:55:00Z,live,1
KXFED-27JAN-T5.50,KXFED,russia_sanctions_bill,active,binary,5.50%,Above 5.50%,5.5,,2026-09-18T15:00:00Z,2027-01-27T18:55:00Z,live,1
KXFED-27JAN-T5.25,KXFED,russia_sanctions_bill,active,binary,5.25%,Above 5.25%,5.25,,2026-09-18T15:00:00Z,2027-01-27T18:55:00Z,live,1
KXFED-27JAN-T5.00,KXFED,russia_sanctions_bill,active,binary,5.00%,Above 5.00%,5,,2026-09-18T15:00:00Z,2027-01-27T18:55:00Z,live,1
KXFED-27JAN-T4.75,KXFED,russia_sanctions_bill,active,binary,4.75%,Above 4.75%,4.75,,2026-09-18T15:00:00Z,2027-01-27T18:55:00Z,live,1
KXFED-27JAN-T4.50,KXFED,russia_sanctions_bill,active,binary,4.50%,Above 4.50%,4.5,,2026-09-18T15:00:00Z,2027-01-27T18:55:00Z,live,1
KXFED-28JAN-T6.00,KXFED,russia_sanctions_bill,active,binary,6.00%,Above 6.00%,6,,2026-09-18T15:00:00Z,2028-01-26T18:55:00Z,live,1
KXFED-28JAN-T5.75,KXFED,russia_sanctions_bill,active,binary,5.75%,Above 5.75%,5.75,,2026-09-18T15:00:00Z,2028-01-26T18:55:00Z,live,1
KXFED-28JAN-T5.50,KXFED,russia_sanctions_bill,active,binary,5.50%,Above 5.50%,5.5,,2026-09-18T15:00:00Z,2028-01-26T18:55:00Z,live,1
KXFED-28JAN-T5.25,KXFED,russia_sanctions_bill,active,binary,5.25%,Above 5.25%,5.25,,2026-09-18T15:00:00Z,2028-01-26T18:55:00Z,live,1
KXFED-28JAN-T5.00,KXFED,russia_sanctions_bill,active,binary,5.00%,Above 5.00%,5,,2026-09-18T15:00:00Z,2028-01-26T18:55:00Z,live,1
KXFED-28JAN-T4.75,KXFED,russia_sanctions_bill,active,binary,4.75%,Above 4.75%,4.75,,2026-09-18T15:00:00Z,2028-01-26T18:55:00Z,live,1
KXFED-28JAN-T4.50,KXFED,russia_sanctions_bill,active,binary,4.50%,Above 4.50%,4.5,,2026-09-18T15:00:00Z,2028-01-26T18:55:00Z,live,1
KXFED-28JAN-T4.25,KXFED,russia_sanctions_bill,active,binary,4.25%,Above 4.25%,4.25,,2026-09-18T15:00:00Z,2028-01-26T18:55:00Z,live,1
KXFED-28JAN-T4.00,KXFED,russia_sanctions_bill,active,binary,4.00%,Above 4.00%,4,,2026-09-18T15:00:00Z,2028-01-26T18:55:00Z,live,1
KXFED-28JAN-T3.75,KXFED,russia_sanctions_bill,active,binary,3.75%,Above 3.75%,3.75,,2026-09-18T15:00:00Z,2028-01-26T18:55:00Z,live,1
KXFED-28JAN-T3.50,KXFED,russia_sanctions_bill,active,binary,3.50%,Above 3.50%,3.5,,2026-09-18T15:00:00Z,2028-01-26T18:55:00Z,live,1
KXFED-28JAN-T3.25,KXFED,russia_sanctions_bill,active,binary,3.25%,Above 3.25%,3.25,,2026-09-18T15:00:00Z,2028-01-26T18:55:00Z,live,1
KXFED-28JAN-T3.00,KXFED,russia_sanctions_bill,active,binary,3.00%,Above 3.00%,3,,2026-09-18T15:00:00Z,2028-01-26T18:55:00Z,live,1
KXFED-28JAN-T2.75,KXFED,russia_sanctions_bill,active,binary,2.75%,Above 2.75%,2.75,,2026-09-18T15:00:00Z,2028-01-26T18:55:00Z,live,1
KXFED-28JAN-T2.50,KXFED,russia_sanctions_bill,active,binary,2.50%,Above 2.50%,2.5,,2026-09-18T15:00:00Z,2028-01-26T18:55:00Z,live,1
KXFED-28JAN-T2.25,KXFED,russia_sanctions_bill,active,binary,2.25%,Above 2.25%,2.25,,2026-09-18T15:00:00Z,2028-01-26T18:55:00Z,live,1
KXFED-28JAN-T2.00,KXFED,russia_sanctions_bill,active,binary,2.00%,Above 2.00%,2,,2026-09-18T15:00:00Z,2028-01-26T18:55:00Z,live,1
KXFED-28JAN-T1.75,KXFED,russia_sanctions_bill,active,binary,1.75%,Above 1.75%,1.75,,2026-09-18T15:00:00Z,2028-01-26T18:55:00Z,live,1
KXFED-28JAN-T1.50,KXFED,russia_sanctions_bill,active,binary,1.50%,Above 1.50%,1.5,,2026-09-18T15:00:00Z,2028-01-26T18:55:00Z,live,1
KXFED-28JAN-T1.25,KXFED,russia_sanctions_bill,active,binary,1.25%,Above 1.25%,1.25,,2026-09-18T15:00:00Z,2028-01-26T18:55:00Z,live,1
KXFED-28JAN-T1.00,KXFED,russia_sanctions_bill,active,binary,1.00%,Above 1.00%,1,,2026-09-18T15:00:00Z,2028-01-26T18:55:00Z,live,1
KXFED-28JAN-T0.75,KXFED,russia_sanctions_bill,active,binary,0.75%,Above 0.75%,0.75,,2026-09-18T15:00:00Z,2028-01-26T18:55:00Z,live,1
KXFED-28JAN-T0.50,KXFED,russia_sanctions_bill,active,binary,0.50%,Above 0.50%,0.5,,2026-09-18T15:00:00Z,2028-01-26T18:55:00Z,live,1
KXFED-28JAN-T0.25,KXFED,russia_sanctions_bill,active,binary,0.25%,Above 0.25%,0.25,,2026-09-18T15:00:00Z,2028-01-26T18:55:00Z,live,1
KXFED-28JAN-T0.00,KXFED,russia_sanctions_bill,active,binary,0.00%,Above 0.00%,0,,2026-09-18T15:00:00Z,2028-01-26T18:55:00Z,live,1
KXFED-27DEC-T6.00,KXFED,russia_sanctions_bill,active,binary,6.00%,Above 6.00%,6,,2026-09-18T15:00:00Z,2027-12-08T18:55:00Z,live,1
KXFED-27DEC-T5.75,KXFED,russia_sanctions_bill,active,binary,5.75%,Above 5.75%,5.75,,2026-09-18T15:00:00Z,2027-12-08T18:55:00Z,live,1
KXFED-27DEC-T5.50,KXFED,russia_sanctions_bill,active,binary,5.50%,Above 5.50%,5.5,,2026-09-18T15:00:00Z,2027-12-08T18:55:00Z,live,1
KXFED-27DEC-T5.25,KXFED,russia_sanctions_bill,active,binary,5.25%,Above 5.25%,5.25,,2026-09-18T15:00:00Z,2027-12-08T18:55:00Z,live,1
KXFED-27DEC-T5.00,KXFED,russia_sanctions_bill,active,binary,5.00%,Above 5.00%,5,,2026-09-18T15:00:00Z,2027-12-08T18:55:00Z,live,1
KXFED-27DEC-T4.75,KXFED,russia_sanctions_bill,active,binary,4.75%,Above 4.75%,4.75,,2026-09-18T15:00:00Z,2027-12-08T18:55:00Z,live,1
KXFED-27DEC-T4.50,KXFED,russia_sanctions_bill,active,binary,4.50%,Above 4.50%,4.5,,2026-09-18T15:00:00Z,2027-12-08T18:55:00Z,live,1
KXFED-27DEC-T4.25,KXFED,russia_sanctions_bill,active,binary,4.25%,Above 4.25%,4.25,,2026-09-18T15:00:00Z,2027-12-08T18:55:00Z,live,1
KXFED-27DEC-T4.00,KXFED,russia_sanctions_bill,active,binary,4.00%,Above 4.00%,4,,2026-09-18T15:00:00Z,2027-12-08T18:55:00Z,live,1
KXFED-27DEC-T3.75,KXFED,russia_sanctions_bill,active,binary,3.75%,Above 3.75%,3.75,,2026-09-18T15:00:00Z,2027-12-08T18:55:00Z,live,1
KXFED-27DEC-T3.50,KXFED,russia_sanctions_bill,active,binary,3.50%,Above 3.50%,3.5,,2026-09-18T15:00:00Z,2027-12-08T18:55:00Z,live,1
KXFED-27DEC-T3.25,KXFED,russia_sanctions_bill,active,binary,3.25%,Above 3.25%,3.25,,2026-09-18T15:00:00Z,2027-12-08T18:55:00Z,live,1
KXFED-27DEC-T3.00,KXFED,russia_sanctions_bill,active,binary,3.00%,Above 3.00%,3,,2026-09-18T15:00:00Z,2027-12-08T18:55:00Z,live,1
KXFED-27DEC-T2.75,KXFED,russia_sanctions_bill,active,binary,2.75%,Above 2.75%,2.75,,2026-09-18T15:00:00Z,2027-12-08T18:55:00Z,live,1
KXFED-27DEC-T2.50,KXFED,russia_sanctions_bill,active,binary,2.50%,Above 2.50%,2.5,,2026-09-18T15:00:00Z,2027-12-08T18:55:00Z,live,1
KXFED-27DEC-T2.25,KXFED,russia_sanctions_bill,active,binary,2.25%,Above 2.25%,2.25,,2026-09-18T15:00:00Z,2027-12-08T18:55:00Z,live,1
KXFED-27DEC-T2.00,KXFED,russia_sanctions_bill,active,binary,2.00%,Above 2.00%,2,,2026-09-18T15:00:00Z,2027-12-08T18:55:00Z,live,1
KXFED-27DEC-T1.75,KXFED,russia_sanctions_bill,active,binary,1.75%,Above 1.75%,1.75,,2026-09-18T15:00:00Z,2027-12-08T18:55:00Z,live,1
KXFED-27DEC-T1.50,KXFED,russia_sanctions_bill,active,binary,1.50%,Above 1.50%,1.5,,2026-09-18T15:00:00Z,2027-12-08T18:55:00Z,live,1
KXFED-27DEC-T1.25,KXFED,russia_sanctions_bill,active,binary,1.25%,Above 1.25%,1.25,,2026-09-18T15:00:00Z,2027-12-08T18:55:00Z,live,1
KXFED-27DEC-T1.00,KXFED,russia_sanctions_bill,active,binary,1.00%,Above 1.00%,1,,2026-09-18T15:00:00Z,2027-12-08T18:55:00Z,live,1
KXFED-27DEC-T0.75,KXFED,russia_sanctions_bill,active,binary,0.75%,Above 0.75%,0.75,,2026-09-18T15:00:00Z,2027-12-08T18:55:00Z,live,1
KXFED-27DEC-T0.50,KXFED,russia_sanctions_bill,active,binary,0.50%,Above 0.50%,0.5,,2026-09-18T15:00:00Z,2027-12-08T18:55:00Z,live,1
KXFED-27DEC-T0.25,KXFED,russia_sanctions_bill,active,binary,0.25%,Above 0.25%,0.25,,2026-09-18T15:00:00Z,2027-12-08T18:55:00Z,live,1
KXFED-27DEC-T0.00,KXFED,russia_sanctions_bill,active,binary,0.00%,Above 0.00%,0,,2026-09-18T15:00:00Z,2027-12-08T18:55:00Z,live,1
KXFED-27OCT-T6.00,KXFED,russia_sanctions_bill,active,binary,6.00%,Above 6.00%,6,,2026-09-18T15:00:00Z,2027-10-27T17:55:00Z,live,1
KXFED-27OCT-T5.75,KXFED,russia_sanctions_bill,active,binary,5.75%,Above 5.75%,5.75,,2026-09-18T15:00:00Z,2027-10-27T17:55:00Z,live,1
KXFED-27OCT-T5.50,KXFED,russia_sanctions_bill,active,binary,5.50%,Above 5.50%,5.5,,2026-09-18T15:00:00Z,2027-10-27T17:55:00Z,live,1
KXFED-27OCT-T5.25,KXFED,russia_sanctions_bill,active,binary,5.25%,Above 5.25%,5.25,,2026-09-18T15:00:00Z,2027-10-27T17:55:00Z,live,1
KXFED-27OCT-T5.00,KXFED,russia_sanctions_bill,active,binary,5.00%,Above 5.00%,5,,2026-09-18T15:00:00Z,2027-10-27T17:55:00Z,live,1
KXFED-27OCT-T4.75,KXFED,russia_sanctions_bill,active,binary,4.75%,Above 4.75%,4.75,,2026-09-18T15:00:00Z,2027-10-27T17:55:00Z,live,1
KXFED-27OCT-T4.50,KXFED,russia_sanctions_bill,active,binary,4.50%,Above 4.50%,4.5,,2026-09-18T15:00:00Z,2027-10-27T17:55:00Z,live,1
KXFED-27OCT-T4.25,KXFED,russia_sanctions_bill,active,binary,4.25%,Above 4.25%,4.25,,2026-09-18T15:00:00Z,2027-10-27T17:55:00Z,live,1
KXFED-27OCT-T4.00,KXFED,russia_sanctions_bill,active,binary,4.00%,Above 4.00%,4,,2026-09-18T15:00:00Z,2027-10-27T17:55:00Z,live,1
KXFED-27OCT-T3.75,KXFED,russia_sanctions_bill,active,binary,3.75%,Above 3.75%,3.75,,2026-09-18T15:00:00Z,2027-10-27T17:55:00Z,live,1
KXFED-27OCT-T3.50,KXFED,russia_sanctions_bill,active,binary,3.50%,Above 3.50%,3.5,,2026-09-18T15:00:00Z,2027-10-27T17:55:00Z,live,1
KXFED-27OCT-T3.25,KXFED,russia_sanctions_bill,active,binary,3.25%,Above 3.25%,3.25,,2026-09-18T15:00:00Z,2027-10-27T17:55:00Z,live,1
KXFED-27OCT-T3.00,KXFED,russia_sanctions_bill,active,binary,3.00%,Above 3.00%,3,,2026-09-18T15:00:00Z,2027-10-27T17:55:00Z,live,1
KXFED-27OCT-T2.75,KXFED,russia_sanctions_bill,active,binary,2.75%,Above 2.75%,2.75,,2026-09-18T15:00:00Z,2027-10-27T17:55:00Z,live,1
KXFED-27OCT-T2.50,KXFED,russia_sanctions_bill,active,binary,2.50%,Above 2.50%,2.5,,2026-09-18T15:00:00Z,2027-10-27T17:55:00Z,live,1
KXFED-27OCT-T2.25,KXFED,russia_sanctions_bill,active,binary,2.25%,Above 2.25%,2.25,,2026-09-18T15:00:00Z,2027-10-27T17:55:00Z,live,1
KXFED-27OCT-T2.00,KXFED,russia_sanctions_bill,active,binary,2.00%,Above 2.00%,2,,2026-09-18T15:00:00Z,2027-10-27T17:55:00Z,live,1
KXFED-27OCT-T1.75,KXFED,russia_sanctions_bill,active,binary,1.75%,Above 1.75%,1.75,,2026-09-18T15:00:00Z,2027-10-27T17:55:00Z,live,1
KXFED-27OCT-T1.50,KXFED,russia_sanctions_bill,active,binary,1.50%,Above 1.50%,1.5,,2026-09-18T15:00:00Z,2027-10-27T17:55:00Z,live,1
KXFED-27OCT-T1.25,KXFED,russia_sanctions_bill,active,binary,1.25%,Above 1.25%,1.25,,2026-09-18T15:00:00Z,2027-10-27T17:55:00Z,live,1
KXFED-27OCT-T1.00,KXFED,russia_sanctions_bill,active,binary,1.00%,Above 1.00%,1,,2026-09-18T15:00:00Z,2027-10-27T17:55:00Z,live,1
KXFED-27OCT-T0.75,KXFED,russia_sanctions_bill,active,binary,0.75%,Above 0.75%,0.75,,2026-09-18T15:00:00Z,2027-10-27T17:55:00Z,live,1
KXFED-27OCT-T0.50,KXFED,russia_sanctions_bill,active,binary,0.50%,Above 0.50%,0.5,,2026-09-18T15:00:00Z,2027-10-27T17:55:00Z,live,1
KXFED-27OCT-T0.25,KXFED,russia_sanctions_bill,active,binary,0.25%,Above 0.25%,0.25,,2026-09-18T15:00:00Z,2027-10-27T17:55:00Z,live,1
KXFED-27OCT-T0.00,KXFED,russia_sanctions_bill,active,binary,0.00%,Above 0.00%,0,,2026-09-18T15:00:00Z,2027-10-27T17:55:00Z,live,1
KXFED-27SEP-T6.00,KXFED,russia_sanctions_bill,active,binary,6.00%,Above 6.00%,6,,2026-09-18T15:00:00Z,2027-09-15T17:55:00Z,live,1
KXFED-27SEP-T5.75,KXFED,russia_sanctions_bill,active,binary,5.75%,Above 5.75%,5.75,,2026-09-18T15:00:00Z,2027-09-15T17:55:00Z,live,1
KXFED-27SEP-T5.50,KXFED,russia_sanctions_bill,active,binary,5.50%,Above 5.50%,5.5,,2026-09-18T15:00:00Z,2027-09-15T17:55:00Z,live,1
KXFED-27SEP-T5.25,KXFED,russia_sanctions_bill,active,binary,5.25%,Above 5.25%,5.25,,2026-09-18T15:00:00Z,2027-09-15T17:55:00Z,live,1
KXFED-27SEP-T5.00,KXFED,russia_sanctions_bill,active,binary,5.00%,Above 5.00%,5,,2026-09-18T15:00:00Z,2027-09-15T17:55:00Z,live,1
KXFED-27SEP-T4.75,KXFED,russia_sanctions_bill,active,binary,4.75%,Above 4.75%,4.75,,2026-09-18T15:00:00Z,2027-09-15T17:55:00Z,live,1
KXFED-27SEP-T4.50,KXFED,russia_sanctions_bill,active,binary,4.50%,Above 4.50%,4.5,,2026-09-18T15:00:00Z,2027-09-15T17:55:00Z,live,1
KXFED-27SEP-T4.25,KXFED,russia_sanctions_bill,active,binary,4.25%,Above 4.25%,4.25,,2026-09-18T15:00:00Z,2027-09-15T17:55:00Z,live,1
KXFED-27SEP-T4.00,KXFED,russia_sanctions_bill,active,binary,4.00%,Above 4.00%,4,,2026-09-18T15:00:00Z,2027-09-15T17:55:00Z,live,1
KXFED-27SEP-T3.75,KXFED,russia_sanctions_bill,active,binary,3.75%,Above 3.75%,3.75,,2026-09-18T15:00:00Z,2027-09-15T17:55:00Z,live,1
KXFED-27SEP-T3.50,KXFED,russia_sanctions_bill,active,binary,3.50%,Above 3.50%,3.5,,2026-09-18T15:00:00Z,2027-09-15T17:55:00Z,live,1
KXFED-27SEP-T3.25,KXFED,russia_sanctions_bill,active,binary,3.25%,Above 3.25%,3.25,,2026-09-18T15:00:00Z,2027-09-15T17:55:00Z,live,1
KXFED-27SEP-T3.00,KXFED,russia_sanctions_bill,active,binary,3.00%,Above 3.00%,3,,2026-09-18T15:00:00Z,2027-09-15T17:55:00Z,live,1
KXFED-27SEP-T2.75,KXFED,russia_sanctions_bill,active,binary,2.75%,Above 2.75%,2.75,,2026-09-18T15:00:00Z,2027-09-15T17:55:00Z,live,1
KXFED-27SEP-T2.50,KXFED,russia_sanctions_bill,active,binary,2.50%,Above 2.50%,2.5,,2026-09-18T15:00:00Z,2027-09-15T17:55:00Z,live,1
KXFED-27SEP-T2.25,KXFED,russia_sanctions_bill,active,binary,2.25%,Above 2.25%,2.25,,2026-09-18T15:00:00Z,2027-09-15T17:55:00Z,live,1
KXFED-27SEP-T2.00,KXFED,russia_sanctions_bill,active,binary,2.00%,Above 2.00%,2,,2026-09-18T15:00:00Z,2027-09-15T17:55:00Z,live,1
KXFED-27SEP-T1.75,KXFED,russia_sanctions_bill,active,binary,1.75%,Above 1.75%,1.75,,2026-09-18T15:00:00Z,2027-09-15T17:55:00Z,live,1
KXFED-27SEP-T1.50,KXFED,russia_sanctions_bill,active,binary,1.50%,Above 1.50%,1.5,,2026-09-18T15:00:00Z,2027-09-15T17:55:00Z,live,1
KXFED-27SEP-T1.25,KXFED,russia_sanctions_bill,active,binary,1.25%,Above 1.25%,1.25,,2026-09-18T15:00:00Z,2027-09-15T17:55:00Z,live,1
KXFED-27SEP-T1.00,KXFED,russia_sanctions_bill,active,binary,1.00%,Above 1.00%,1,,2026-09-18T15:00:00Z,2027-09-15T17:55:00Z,live,1
KXFED-27SEP-T0.75,KXFED,russia_sanctions_bill,active,binary,0.75%,Above 0.75%,0.75,,2026-09-18T15:00:00Z,2027-09-15T17:55:00Z,live,1
KXFED-27SEP-T0.50,KXFED,russia_sanctions_bill,active,binary,0.50%,Above 0.50%,0.5,,2026-09-18T15:00:00Z,2027-09-15T17:55:00Z,live,1
KXFED-27SEP-T0.25,KXFED,russia_sanctions_bill,active,binary,0.25%,Above 0.25%,0.25,,2026-09-18T15:00:00Z,2027-09-15T17:55:00Z,live,1
KXFED-27SEP-T0.00,KXFED,russia_sanctions_bill,active,binary,0.00%,Above 0.00%,0,,2026-09-18T15:00:00Z,2027-09-15T17:55:00Z,live,1
KXFED-27JUL-T6.00,KXFED,russia_sanctions_bill,active,binary,6.00%,Above 6.00%,6,,2026-09-18T15:00:00Z,2027-07-28T17:55:00Z,live,1
KXFED-27JUL-T5.75,KXFED,russia_sanctions_bill,active,binary,5.75%,Above 5.75%,5.75,,2026-09-18T15:00:00Z,2027-07-28T17:55:00Z,live,1
KXFED-27JUL-T5.50,KXFED,russia_sanctions_bill,active,binary,5.50%,Above 5.50%,5.5,,2026-09-18T15:00:00Z,2027-07-28T17:55:00Z,live,1
KXFED-27JUL-T5.25,KXFED,russia_sanctions_bill,active,binary,5.25%,Above 5.25%,5.25,,2026-09-18T15:00:00Z,2027-07-28T17:55:00Z,live,1
KXFED-27JUL-T5.00,KXFED,russia_sanctions_bill,active,binary,5.00%,Above 5.00%,5,,2026-09-18T15:00:00Z,2027-07-28T17:55:00Z,live,1
KXFED-27JUL-T4.75,KXFED,russia_sanctions_bill,active,binary,4.75%,Above 4.75%,4.75,,2026-09-18T15:00:00Z,2027-07-28T17:55:00Z,live,1
KXFED-27JUL-T4.50,KXFED,russia_sanctions_bill,active,binary,4.50%,Above 4.50%,4.5,,2026-09-18T15:00:00Z,2027-07-28T17:55:00Z,live,1
KXFED-27JUL-T4.25,KXFED,russia_sanctions_bill,active,binary,4.25%,Above 4.25%,4.25,,2026-09-18T15:00:00Z,2027-07-28T17:55:00Z,live,1
KXFED-27JUL-T4.00,KXFED,russia_sanctions_bill,active,binary,4.00%,Above 4.00%,4,,2026-09-18T15:00:00Z,2027-07-28T17:55:00Z,live,1
KXFED-27JUL-T3.75,KXFED,russia_sanctions_bill,active,binary,3.75%,Above 3.75%,3.75,,2026-09-18T15:00:00Z,2027-07-28T17:55:00Z,live,1
KXFED-27JUL-T3.50,KXFED,russia_sanctions_bill,active,binary,3.50%,Above 3.50%,3.5,,2026-09-18T15:00:00Z,2027-07-28T17:55:00Z,live,1
KXFED-27JUL-T3.25,KXFED,russia_sanctions_bill,active,binary,3.25%,Above 3.25%,3.25,,2026-09-18T15:00:00Z,2027-07-28T17:55:00Z,live,1
KXFED-27JUL-T3.00,KXFED,russia_sanctions_bill,active,binary,3.00%,Above 3.00%,3,,2026-09-18T15:00:00Z,2027-07-28T17:55:00Z,live,1
KXFED-27JUL-T2.75,KXFED,russia_sanctions_bill,active,binary,2.75%,Above 2.75%,2.75,,2026-09-18T15:00:00Z,2027-07-28T17:55:00Z,live,1
KXFED-27JUL-T2.50,KXFED,russia_sanctions_bill,active,binary,2.50%,Above 2.50%,2.5,,2026-09-18T15:00:00Z,2027-07-28T17:55:00Z,live,1
KXFED-27JUL-T2.25,KXFED,russia_sanctions_bill,active,binary,2.25%,Above 2.25%,2.25,,2026-09-18T15:00:00Z,2027-07-28T17:55:00Z,live,1
KXFED-27JUL-T2.00,KXFED,russia_sanctions_bill,active,binary,2.00%,Above 2.00%,2,,2026-09-18T15:00:00Z,2027-07-28T17:55:00Z,live,1
KXFED-27JUL-T1.75,KXFED,russia_sanctions_bill,active,binary,1.75%,Above 1.75%,1.75,,2026-09-18T15:00:00Z,2027-07-28T17:55:00Z,live,1
KXFED-27JUL-T1.50,KXFED,russia_sanctions_bill,active,binary,1.50%,Above 1.50%,1.5,,2026-09-18T15:00:00Z,2027-07-28T17:55:00Z,live,1
KXFED-27JUL-T1.25,KXFED,russia_sanctions_bill,active,binary,1.25%,Above 1.25%,1.25,,2026-09-18T15:00:00Z,2027-07-28T17:55:00Z,live,1
KXFED-27JUL-T1.00,KXFED,russia_sanctions_bill,active,binary,1.00%,Above 1.00%,1,,2026-09-18T15:00:00Z,2027-07-28T17:55:00Z,live,1
KXFED-27JUL-T0.75,KXFED,russia_sanctions_bill,active,binary,0.75%,Above 0.75%,0.75,,2026-09-18T15:00:00Z,2027-07-28T17:55:00Z,live,1
KXFED-27JUL-T0.50,KXFED,russia_sanctions_bill,active,binary,0.50%,Above 0.50%,0.5,,2026-09-18T15:00:00Z,2027-07-28T17:55:00Z,live,1
KXFED-27JUL-T0.25,KXFED,russia_sanctions_bill,active,binary,0.25%,Above 0.25%,0.25,,2026-09-18T15:00:00Z,2027-07-28T17:55:00Z,live,1
KXFED-27JUL-T0.00,KXFED,russia_sanctions_bill,active,binary,0.00%,Above 0.00%,0,,2026-09-18T15:00:00Z,2027-07-28T17:55:00Z,live,1
KXFED-27JUN-T6.00,KXFED,russia_sanctions_bill,active,binary,6.00%,Above 6.00%,6,,2026-09-18T15:00:00Z,2027-06-09T17:55:00Z,live,1
KXFED-27JUN-T5.75,KXFED,russia_sanctions_bill,active,binary,5.75%,Above 5.75%,5.75,,2026-09-18T15:00:00Z,2027-06-09T17:55:00Z,live,1
KXFED-27JUN-T5.50,KXFED,russia_sanctions_bill,active,binary,5.50%,Above 5.50%,5.5,,2026-09-18T15:00:00Z,2027-06-09T17:55:00Z,live,1
KXFED-27JUN-T5.25,KXFED,russia_sanctions_bill,active,binary,5.25%,Above 5.25%,5.25,,2026-09-18T15:00:00Z,2027-06-09T17:55:00Z,live,1
KXFED-27JUN-T5.00,KXFED,russia_sanctions_bill,active,binary,5.00%,Above 5.00%,5,,2026-09-18T15:00:00Z,2027-06-09T17:55:00Z,live,1
KXFED-27JUN-T4.75,KXFED,russia_sanctions_bill,active,binary,4.75%,Above 4.75%,4.75,,2026-09-18T15:00:00Z,2027-06-09T17:55:00Z,live,1
KXFED-27JUN-T4.50,KXFED,russia_sanctions_bill,active,binary,4.50%,Above 4.50%,4.5,,2026-09-18T15:00:00Z,2027-06-09T17:55:00Z,live,1
KXFED-27JUN-T4.25,KXFED,russia_sanctions_bill,active,binary,4.25%,Above 4.25%,4.25,,2026-09-18T15:00:00Z,2027-06-09T17:55:00Z,live,1
KXFED-27JUN-T4.00,KXFED,russia_sanctions_bill,active,binary,4.00%,Above 4.00%,4,,2026-09-18T15:00:00Z,2027-06-09T17:55:00Z,live,1
KXFED-27JUN-T3.75,KXFED,russia_sanctions_bill,active,binary,3.75%,Above 3.75%,3.75,,2026-09-18T15:00:00Z,2027-06-09T17:55:00Z,live,1
KXFED-27JUN-T3.50,KXFED,russia_sanctions_bill,active,binary,3.50%,Above 3.50%,3.5,,2026-09-18T15:00:00Z,2027-06-09T17:55:00Z,live,1
KXFED-27JUN-T3.25,KXFED,russia_sanctions_bill,active,binary,3.25%,Above 3.25%,3.25,,2026-09-18T15:00:00Z,2027-06-09T17:55:00Z,live,1
KXFED-27JUN-T3.00,KXFED,russia_sanctions_bill,active,binary,3.00%,Above 3.00%,3,,2026-09-18T15:00:00Z,2027-06-09T17:55:00Z,live,1
KXFED-27JUN-T2.75,KXFED,russia_sanctions_bill,active,binary,2.75%,Above 2.75%,2.75,,2026-09-18T15:00:00Z,2027-06-09T17:55:00Z,live,1
KXFED-27JUN-T2.50,KXFED,russia_sanctions_bill,active,binary,2.50%,Above 2.50%,2.5,,2026-09-18T15:00:00Z,2027-06-09T17:55:00Z,live,1
KXFED-27JUN-T2.25,KXFED,russia_sanctions_bill,active,binary,2.25%,Above 2.25%,2.25,,2026-09-18T15:00:00Z,2027-06-09T17:55:00Z,live,1
KXFED-27JUN-T2.00,KXFED,russia_sanctions_bill,active,binary,2.00%,Above 2.00%,2,,2026-09-18T15:00:00Z,2027-06-09T17:55:00Z,live,1
KXFED-27JUN-T1.75,KXFED,russia_sanctions_bill,active,binary,1.75%,Above 1.75%,1.75,,2026-09-18T15:00:00Z,2027-06-09T17:55:00Z,live,1
KXFED-27JUN-T1.50,KXFED,russia_sanctions_bill,active,binary,1.50%,Above 1.50%,1.5,,2026-09-18T15:00:00Z,2027-06-09T17:55:00Z,live,1
KXFED-27JUN-T1.25,KXFED,russia_sanctions_bill,active,binary,1.25%,Above 1.25%,1.25,,2026-09-18T15:00:00Z,2027-06-09T17:55:00Z,live,1
KXFED-27JUN-T1.00,KXFED,russia_sanctions_bill,active,binary,1.00%,Above 1.00%,1,,2026-09-18T15:00:00Z,2027-06-09T17:55:00Z,live,1
KXFED-27JUN-T0.75,KXFED,russia_sanctions_bill,active,binary,0.75%,Above 0.75%,0.75,,2026-09-18T15:00:00Z,2027-06-09T17:55:00Z,live,1
KXFED-27JUN-T0.50,KXFED,russia_sanctions_bill,active,binary,0.50%,Above 0.50%,0.5,,2026-09-18T15:00:00Z,2027-06-09T17:55:00Z,live,1
KXFED-27JUN-T0.25,KXFED,russia_sanctions_bill,active,binary,0.25%,Above 0.25%,0.25,,2026-09-18T15:00:00Z,2027-06-09T17:55:00Z,live,1
KXFED-27JUN-T0.00,KXFED,russia_sanctions_bill,active,binary,0.00%,Above 0.00%,0,,2026-09-18T15:00:00Z,2027-06-09T17:55:00Z,live,1
KXFED-27APR-T4.25,KXFED,russia_sanctions_bill,active,binary,4.25%,Above 4.25%,4.25,,2025-10-13T14:00:00Z,2027-04-28T17:55:00Z,live,46
KXFED-27APR-T4.00,KXFED,russia_sanctions_bill,active,binary,4.00%,Above 4.00%,4,,2025-10-13T14:00:00Z,2027-04-28T17:55:00Z,live,49
KXFED-27APR-T3.75,KXFED,russia_sanctions_bill,active,binary,3.75%,Above 3.75%,3.75,,2025-10-13T14:00:00Z,2027-04-28T17:55:00Z,live,49
KXFED-27APR-T3.50,KXFED,russia_sanctions_bill,active,binary,3.50%,Above 3.50%,3.5,,2025-10-13T14:00:00Z,2027-04-28T17:55:00Z,live,49
KXFED-27APR-T3.25,KXFED,russia_sanctions_bill,active,binary,3.25%,Above 3.25%,3.25,,2025-10-13T14:00:00Z,2027-04-28T17:55:00Z,live,49
KXFED-27APR-T3.00,KXFED,russia_sanctions_bill,active,binary,3.00%,Above 3.00%,3,,2025-10-13T14:00:00Z,2027-04-28T17:55:00Z,live,47
KXFED-27APR-T2.75,KXFED,russia_sanctions_bill,active,binary,2.75%,Above 2.75%,2.75,,2025-10-13T14:00:00Z,2027-04-28T17:55:00Z,live,49
KXFED-27APR-T2.50,KXFED,russia_sanctions_bill,active,binary,2.50%,Above 2.50%,2.5,,2025-10-13T14:00:00Z,2027-04-28T17:55:00Z,live,48
KXFED-27APR-T2.25,KXFED,russia_sanctions_bill,active,binary,2.25%,Above 2.25%,2.25,,2025-10-13T14:00:00Z,2027-04-28T17:55:00Z,live,49
KXFED-27APR-T2.00,KXFED,russia_sanctions_bill,active,binary,2.00%,Above 2.00%,2,,2025-10-13T14:00:00Z,2027-04-28T17:55:00Z,live,47
KXFED-27APR-T1.75,KXFED,russia_sanctions_bill,active,binary,1.75%,Above 1.75%,1.75,,2025-10-13T14:00:00Z,2027-04-28T17:55:00Z,live,48
KXFED-27APR-T1.50,KXFED,russia_sanctions_bill,active,binary,1.50%,Above 1.50%,1.5,,2025-10-13T14:00:00Z,2027-04-28T17:55:00Z,live,48
KXFED-27APR-T1.25,KXFED,russia_sanctions_bill,active,binary,1.25%,Above 1.25%,1.25,,2025-10-13T14:00:00Z,2027-04-28T17:55:00Z,live,48
KXFED-27APR-T1.00,KXFED,russia_sanctions_bill,active,binary,1.00%,Above 1.00%,1,,2025-10-13T14:00:00Z,2027-04-28T17:55:00Z,live,48
KXFED-27APR-T0.75,KXFED,russia_sanctions_bill,active,binary,0.75%,Above 0.75%,0.75,,2025-10-13T14:00:00Z,2027-04-28T17:55:00Z,live,46
KXFED-27APR-T0.50,KXFED,russia_sanctions_bill,active,binary,0.50%,Above 0.50%,0.5,,2025-10-13T14:00:00Z,2027-04-28T17:55:00Z,live,46
KXFED-27APR-T0.25,KXFED,russia_sanctions_bill,active,binary,0.25%,Above 0.25%,0.25,,2025-10-13T14:00:00Z,2027-04-28T17:55:00Z,live,43
KXFED-27APR-T0.00,KXFED,russia_sanctions_bill,active,binary,0.00%,Above 0.00%,0,,2025-10-13T14:00:00Z,2027-04-28T17:55:00Z,live,40
KXFED-27MAR-T4.25,KXFED,russia_sanctions_bill,active,binary,4.25%,Above 4.25%,4.25,,2025-10-13T14:00:00Z,2027-03-17T17:55:00Z,live,46
KXFED-27MAR-T4.00,KXFED,russia_sanctions_bill,active,binary,4.00%,Above 4.00%,4,,2025-10-13T14:00:00Z,2027-03-17T17:55:00Z,live,49
KXFED-27MAR-T3.75,KXFED,russia_sanctions_bill,active,binary,3.75%,Above 3.75%,3.75,,2025-10-13T14:00:00Z,2027-03-17T17:55:00Z,live,43
KXFED-27MAR-T3.50,KXFED,russia_sanctions_bill,active,binary,3.50%,Above 3.50%,3.5,,2025-10-13T14:00:00Z,2027-03-17T17:55:00Z,live,45
KXFED-27MAR-T3.25,KXFED,russia_sanctions_bill,active,binary,3.25%,Above 3.25%,3.25,,2025-10-13T14:00:00Z,2027-03-17T17:55:00Z,live,48
KXFED-27MAR-T3.00,KXFED,russia_sanctions_bill,active,binary,3.00%,Above 3.00%,3,,2025-10-13T14:00:00Z,2027-03-17T17:55:00Z,live,46
KXFED-27MAR-T2.75,KXFED,russia_sanctions_bill,active,binary,2.75%,Above 2.75%,2.75,,2025-10-13T14:00:00Z,2027-03-17T17:55:00Z,live,45
KXFED-27MAR-T2.50,KXFED,russia_sanctions_bill,active,binary,2.50%,Above 2.50%,2.5,,2025-10-13T14:00:00Z,2027-03-17T17:55:00Z,live,43
KXFED-27MAR-T2.25,KXFED,russia_sanctions_bill,active,binary,2.25%,Above 2.25%,2.25,,2025-10-13T14:00:00Z,2027-03-17T17:55:00Z,live,45
KXFED-27MAR-T2.00,KXFED,russia_sanctions_bill,active,binary,2.00%,Above 2.00%,2,,2025-10-13T14:00:00Z,2027-03-17T17:55:00Z,live,38
KXFED-27MAR-T1.75,KXFED,russia_sanctions_bill,active,binary,1.75%,Above 1.75%,1.75,,2025-10-13T14:00:00Z,2027-03-17T17:55:00Z,live,41
KXFED-27MAR-T1.50,KXFED,russia_sanctions_bill,active,binary,1.50%,Above 1.50%,1.5,,2025-10-13T14:00:00Z,2027-03-17T17:55:00Z,live,40
KXFED-27MAR-T1.25,KXFED,russia_sanctions_bill,active,binary,1.25%,Above 1.25%,1.25,,2025-10-13T14:00:00Z,2027-03-17T17:55:00Z,live,38
KXFED-27MAR-T1.00,KXFED,russia_sanctions_bill,active,binary,1.00%,Above 1.00%,1,,2025-10-13T14:00:00Z,2027-03-17T17:55:00Z,live,37
KXFED-27MAR-T0.75,KXFED,russia_sanctions_bill,active,binary,0.75%,Above 0.75%,0.75,,2025-10-13T14:00:00Z,2027-03-17T17:55:00Z,live,32
KXFED-27MAR-T0.50,KXFED,russia_sanctions_bill,active,binary,0.50%,Above 0.50%,0.5,,2025-10-13T14:00:00Z,2027-03-17T17:55:00Z,live,32
KXFED-27MAR-T0.25,KXFED,russia_sanctions_bill,active,binary,0.25%,Above 0.25%,0.25,,2025-10-13T14:00:00Z,2027-03-17T17:55:00Z,live,36
KXFED-27MAR-T0.00,KXFED,russia_sanctions_bill,active,binary,0.00%,Above 0.00%,0,,2025-10-13T14:00:00Z,2027-03-17T17:55:00Z,live,35
KXFED-27JAN-T4.25,KXFED,russia_sanctions_bill,active,binary,4.25%,Above 4.25%,4.25,,2025-10-06T14:00:00Z,2027-01-27T18:55:00Z,live,44
KXFED-27JAN-T4.00,KXFED,russia_sanctions_bill,active,binary,4.00%,Above 4.00%,4,,2025-10-06T14:00:00Z,2027-01-27T18:55:00Z,live,48
KXFED-27JAN-T3.75,KXFED,russia_sanctions_bill,active,binary,3.75%,Above 3.75%,3.75,,2025-10-06T14:00:00Z,2027-01-27T18:55:00Z,live,47
KXFED-27JAN-T3.50,KXFED,russia_sanctions_bill,active,binary,3.50%,Above 3.50%,3.5,,2025-10-06T14:00:00Z,2027-01-27T18:55:00Z,live,45
KXFED-27JAN-T3.25,KXFED,russia_sanctions_bill,active,binary,3.25%,Above 3.25%,3.25,,2025-10-06T14:00:00Z,2027-01-27T18:55:00Z,live,49
KXFED-27JAN-T3.00,KXFED,russia_sanctions_bill,active,binary,3.00%,Above 3.00%,3,,2025-10-06T14:00:00Z,2027-01-27T18:55:00Z,live,46
KXFED-27JAN-T2.75,KXFED,russia_sanctions_bill,active,binary,2.75%,Above 2.75%,2.75,,2025-10-06T14:00:00Z,2027-01-27T18:55:00Z,live,47
KXFED-27JAN-T2.50,KXFED,russia_sanctions_bill,active,binary,2.50%,Above 2.50%,2.5,,2025-10-06T14:00:00Z,2027-01-27T18:55:00Z,live,47
KXFED-27JAN-T2.25,KXFED,russia_sanctions_bill,active,binary,2.25%,Above 2.25%,2.25,,2025-10-06T14:00:00Z,2027-01-27T18:55:00Z,live,43
KXFED-27JAN-T2.00,KXFED,russia_sanctions_bill,active,binary,2.00%,Above 2.00%,2,,2025-10-06T14:00:00Z,2027-01-27T18:55:00Z,live,45
KXFED-27JAN-T1.75,KXFED,russia_sanctions_bill,active,binary,1.75%,Above 1.75%,1.75,,2025-10-06T14:00:00Z,2027-01-27T18:55:00Z,live,43
KXFED-27JAN-T1.50,KXFED,russia_sanctions_bill,active,binary,1.50%,Above 1.50%,1.5,,2025-10-06T14:00:00Z,2027-01-27T18:55:00Z,live,45
KXFED-27JAN-T1.25,KXFED,russia_sanctions_bill,active,binary,1.25%,Above 1.25%,1.25,,2025-10-06T14:00:00Z,2027-01-27T18:55:00Z,live,44
KXFED-27JAN-T1.00,KXFED,russia_sanctions_bill,active,binary,1.00%,Above 1.00%,1,,2025-10-06T14:00:00Z,2027-01-27T18:55:00Z,live,41
KXFED-27JAN-T0.75,KXFED,russia_sanctions_bill,active,binary,0.75%,Above 0.75%,0.75,,2025-10-06T14:00:00Z,2027-01-27T18:55:00Z,live,46
KXFED-27JAN-T0.50,KXFED,russia_sanctions_bill,active,binary,0.50%,Above 0.50%,0.5,,2025-10-06T14:00:00Z,2027-01-27T18:55:00Z,live,46
KXFED-27JAN-T0.25,KXFED,russia_sanctions_bill,active,binary,0.25%,Above 0.25%,0.25,,2025-10-06T14:00:00Z,2027-01-27T18:55:00Z,live,43
KXFED-27JAN-T0.00,KXFED,russia_sanctions_bill,active,binary,0.00%,Above 0.00%,0,,2025-10-06T14:00:00Z,2027-01-27T18:55:00Z,live,42
KXFED-26DEC-T5.25,KXFED,russia_sanctions_bill,active,binary,5.25%,Above 5.25%,5.25,,2025-08-06T14:30:00Z,2026-12-09T18:55:00Z,live,30
KXFED-26DEC-T5.00,KXFED,russia_sanctions_bill,active,binary,5.00%,Above 5.00%,5,,2025-08-06T14:30:00Z,2026-12-09T18:55:00Z,live,41
KXFED-26DEC-T4.75,KXFED,russia_sanctions_bill,active,binary,4.75%,Above 4.75%,4.75,,2025-08-06T14:30:00Z,2026-12-09T18:55:00Z,live,34
KXFED-26DEC-T4.50,KXFED,russia_sanctions_bill,active,binary,4.50%,Above 4.50%,4.5,,2025-08-06T14:30:00Z,2026-12-09T18:55:00Z,live,40
KXFED-26DEC-T4.25,KXFED,russia_sanctions_bill,active,binary,4.25%,Above 4.25%,4.25,,2025-08-06T14:30:00Z,2026-12-09T18:55:00Z,live,49
KXFED-26DEC-T4.00,KXFED,russia_sanctions_bill,active,binary,4.00%,Above 4.00%,4,,2025-08-06T14:30:00Z,2026-12-09T18:55:00Z,live,48
KXFED-26DEC-T3.75,KXFED,russia_sanctions_bill,active,binary,3.75%,Above 3.75%,3.75,,2025-08-06T14:30:00Z,2026-12-09T18:55:00Z,live,47
KXFED-26DEC-T3.50,KXFED,russia_sanctions_bill,active,binary,3.50%,Above 3.50%,3.5,,2025-08-06T14:30:00Z,2026-12-09T18:55:00Z,live,49
KXFED-26DEC-T3.25,KXFED,russia_sanctions_bill,active,binary,3.25%,Above 3.25%,3.25,,2025-08-06T14:30:00Z,2026-12-09T18:55:00Z,live,47
KXFED-26DEC-T3.00,KXFED,russia_sanctions_bill,active,binary,3.00%,Above 3.00%,3,,2025-08-06T14:30:00Z,2026-12-09T18:55:00Z,live,43
KXFED-26DEC-T2.75,KXFED,russia_sanctions_bill,active,binary,2.75%,Above 2.75%,2.75,,2025-08-06T14:30:00Z,2026-12-09T18:55:00Z,live,46
KXFED-26OCT-T5.25,KXFED,russia_sanctions_bill,active,binary,5.25%,Above 5.25%,5.25,,2025-08-06T14:30:00Z,2026-10-28T17:55:00Z,live,42
KXFED-26OCT-T5.00,KXFED,russia_sanctions_bill,active,binary,5.00%,Above 5.00%,5,,2025-08-06T14:30:00Z,2026-10-28T17:55:00Z,live,38
KXFED-26OCT-T4.75,KXFED,russia_sanctions_bill,active,binary,4.75%,Above 4.75%,4.75,,2025-08-06T14:30:00Z,2026-10-28T17:55:00Z,live,41
KXFED-26OCT-T4.50,KXFED,russia_sanctions_bill,active,binary,4.50%,Above 4.50%,4.5,,2025-08-06T14:30:00Z,2026-10-28T17:55:00Z,live,44
KXFED-26OCT-T4.25,KXFED,russia_sanctions_bill,active,binary,4.25%,Above 4.25%,4.25,,2025-08-06T14:30:00Z,2026-10-28T17:55:00Z,live,43
KXFED-26OCT-T4.00,KXFED,russia_sanctions_bill,active,binary,4.00%,Above 4.00%,4,,2025-08-06T14:30:00Z,2026-10-28T17:55:00Z,live,49
KXFED-26OCT-T3.75,KXFED,russia_sanctions_bill,active,binary,3.75%,Above 3.75%,3.75,,2025-08-06T14:30:00Z,2026-10-28T17:55:00Z,live,49
KXFED-26OCT-T3.50,KXFED,russia_sanctions_bill,active,binary,3.50%,Above 3.50%,3.5,,2025-08-06T14:30:00Z,2026-10-28T17:55:00Z,live,46
KXFED-26OCT-T3.25,KXFED,russia_sanctions_bill,active,binary,3.25%,Above 3.25%,3.25,,2025-08-06T14:30:00Z,2026-10-28T17:55:00Z,live,45
KXFED-26OCT-T3.00,KXFED,russia_sanctions_bill,active,binary,3.00%,Above 3.00%,3,,2025-08-06T14:30:00Z,2026-10-28T17:55:00Z,live,38
KXFED-26OCT-T2.75,KXFED,russia_sanctions_bill,active,binary,2.75%,Above 2.75%,2.75,,2025-08-06T14:30:00Z,2026-10-28T17:55:00Z,live,40
KXFED-26SEP-T5.25,KXFED,russia_sanctions_bill,finalized,binary,5.25%,Above 5.25%,5.25,,2025-08-06T14:30:00Z,2026-09-16T17:55:00Z,live,41
KXFED-26SEP-T5.00,KXFED,russia_sanctions_bill,finalized,binary,5.00%,Above 5.00%,5,,2025-08-06T14:30:00Z,2026-09-16T17:55:00Z,live,42
KXFED-26SEP-T4.75,KXFED,russia_sanctions_bill,finalized,binary,4.75%,Above 4.75%,4.75,,2025-08-06T14:30:00Z,2026-09-16T17:55:00Z,live,41
KXFED-26SEP-T4.50,KXFED,russia_sanctions_bill,finalized,binary,4.50%,Above 4.50%,4.5,,2025-08-06T14:30:00Z,2026-09-16T17:55:00Z,live,42
KXFED-26SEP-T4.25,KXFED,russia_sanctions_bill,finalized,binary,4.25%,Above 4.25%,4.25,,2025-08-06T14:30:00Z,2026-09-16T17:55:00Z,live,44
KXFED-26SEP-T4.00,KXFED,russia_sanctions_bill,finalized,binary,4.00%,Above 4.00%,4,,2025-08-06T14:30:00Z,2026-09-16T17:55:00Z,live,47
KXFED-26SEP-T3.75,KXFED,russia_sanctions_bill,finalized,binary,3.75%,Above 3.75%,3.75,,2025-08-06T14:30:00Z,2026-09-16T17:55:00Z,live,47
KXFED-26SEP-T3.50,KXFED,russia_sanctions_bill,finalized,binary,3.50%,Above 3.50%,3.5,,2025-08-06T14:30:00Z,2026-09-16T17:55:00Z,live,41
KXFED-26SEP-T3.25,KXFED,russia_sanctions_bill,finalized,binary,3.25%,Above 3.25%,3.25,,2025-08-06T14:30:00Z,2026-09-16T17:55:00Z,live,28
KXFED-26SEP-T3.00,KXFED,russia_sanctions_bill,finalized,binary,3.00%,Above 3.00%,3,,2025-08-06T14:30:00Z,2026-09-16T17:55:00Z,live,40
KXFED-26SEP-T2.75,KXFED,russia_sanctions_bill,finalized,binary,2.75%,Above 2.75%,2.75,,2025-08-06T14:30:00Z,2026-09-16T17:55:00Z,live,42
KXCPI-26OCT-T1.0,KXCPI,russia_sanctions_bill,active,binary,1.0%,Above 1.0%,1,,2026-09-18T16:00:00Z,2026-11-10T13:25:00Z,live,1
KXCPI-26OCT-T0.9,KXCPI,russia_sanctions_bill,active,binary,0.9%,Above 0.9%,0.9,,2026-09-18T16:00:00Z,2026-11-10T13:25:00Z,live,1
KXCPI-26OCT-T0.8,KXCPI,russia_sanctions_bill,active,binary,0.8%,Above 0.8%,0.8,,2026-09-18T16:00:00Z,2026-11-10T13:25:00Z,live,1
KXCPI-26OCT-T0.7,KXCPI,russia_sanctions_bill,active,binary,0.7%,Above 0.7%,0.7,,2026-09-18T16:00:00Z,2026-11-10T13:25:00Z,live,1
KXCPI-26OCT-T0.6,KXCPI,russia_sanctions_bill,active,binary,0.6%,Above 0.6%,0.6,,2026-09-18T16:00:00Z,2026-11-10T13:25:00Z,live,1
KXCPI-26DEC-T0.9,KXCPI,russia_sanctions_bill,active,binary,0.9%,Above 0.9%,0.9,,2026-09-17T15:30:00Z,2027-01-13T13:25:00Z,live,2
KXCPI-26DEC-T0.8,KXCPI,russia_sanctions_bill,active,binary,0.8%,Above 0.8%,0.8,,2026-09-17T15:30:00Z,2027-01-13T13:25:00Z,live,2
KXCPI-26DEC-T0.7,KXCPI,russia_sanctions_bill,active,binary,0.7%,Above 0.7%,0.7,,2026-09-17T15:30:00Z,2027-01-13T13:25:00Z,live,2
KXCPI-26DEC-T0.6,KXCPI,russia_sanctions_bill,active,binary,0.6%,Above 0.6%,0.6,,2026-09-17T15:30:00Z,2027-01-13T13:25:00Z,live,2
KXCPI-26DEC-T0.5,KXCPI,russia_sanctions_bill,active,binary,0.5%,Above 0.5%,0.5,,2026-09-17T15:30:00Z,2027-01-13T13:25:00Z,live,2
KXCPI-26DEC-T0.4,KXCPI,russia_sanctions_bill,active,binary,0.4%,Above 0.4%,0.4,,2026-09-17T15:30:00Z,2027-01-13T13:25:00Z,live,2
KXCPI-26DEC-T0.3,KXCPI,russia_sanctions_bill,active,binary,0.3%,Above 0.3%,0.3,,2026-09-17T15:30:00Z,2027-01-13T13:25:00Z,live,2
KXCPI-26DEC-T0.2,KXCPI,russia_sanctions_bill,active,binary,0.2%,Above 0.2%,0.2,,2026-09-17T15:30:00Z,2027-01-13T13:25:00Z,live,2
KXCPI-26DEC-T0.1,KXCPI,russia_sanctions_bill,active,binary,0.1%,Above 0.1%,0.1,,2026-09-17T15:30:00Z,2027-01-13T13:25:00Z,live,2
KXCPI-26DEC-T-0.1,KXCPI,russia_sanctions_bill,active,binary,-0.1%,Above -0.1%,-0.1,,2026-09-17T15:30:00Z,2027-01-13T13:25:00Z,live,2
KXCPI-26DEC-T0.0,KXCPI,russia_sanctions_bill,active,binary,0.0%,Above 0.0%,0,,2026-09-17T15:30:00Z,2027-01-13T13:25:00Z,live,2
KXCPI-26SEP-T0.9,KXCPI,russia_sanctions_bill,active,binary,0.9%,Above 0.9%,0.9,,2026-09-17T15:30:00Z,2026-10-14T12:25:00Z,live,2
KXCPI-26SEP-T0.8,KXCPI,russia_sanctions_bill,active,binary,0.8%,Above 0.8%,0.8,,2026-09-17T15:30:00Z,2026-10-14T12:25:00Z,live,2
KXCPI-26SEP-T0.7,KXCPI,russia_sanctions_bill,active,binary,0.7%,Above 0.7%,0.7,,2026-09-17T15:30:00Z,2026-10-14T12:25:00Z,live,2
KXCPI-26AUG-T1.0,KXCPI,russia_sanctions_bill,finalized,binary,1.0%,Above 1.0%,1,,2026-07-23T21:00:00Z,2026-09-11T12:25:00Z,live,35
KXCPI-26AUG-T0.9,KXCPI,russia_sanctions_bill,finalized,binary,0.9%,Above 0.9%,0.9,,2026-07-23T21:00:00Z,2026-09-11T12:25:00Z,live,37
KXCPI-26AUG-T0.8,KXCPI,russia_sanctions_bill,finalized,binary,0.8%,Above 0.8%,0.8,,2026-07-23T21:00:00Z,2026-09-11T12:25:00Z,live,35
KXCPI-26AUG-T0.7,KXCPI,russia_sanctions_bill,finalized,binary,0.7%,Above 0.7%,0.7,,2026-07-23T21:00:00Z,2026-09-11T12:25:00Z,live,39
KXCPI-26AUG-T0.6,KXCPI,russia_sanctions_bill,finalized,binary,0.6%,Above 0.6%,0.6,,2026-07-23T21:00:00Z,2026-09-11T12:25:00Z,live,39
KXCPI-26SEP-T0.6,KXCPI,russia_sanctions_bill,active,binary,0.6%,Above 0.6%,0.6,,2026-07-20T18:00:00Z,2026-10-14T12:25:00Z,live,49
KXCPI-26SEP-T-0.4,KXCPI,russia_sanctions_bill,active,binary,-0.4%,Above -0.4%,-0.4,,2026-07-20T18:00:00Z,2026-10-14T12:25:00Z,live,41
KXCPI-26SEP-T-0.3,KXCPI,russia_sanctions_bill,active,binary,-0.3%,Above -0.3%,-0.3,,2026-07-20T18:00:00Z,2026-10-14T12:25:00Z,live,44
KXCPI-26SEP-T-0.2,KXCPI,russia_sanctions_bill,active,binary,-0.2%,Above -0.2%,-0.2,,2026-07-20T18:00:00Z,2026-10-14T12:25:00Z,live,43
KXCPI-26AUG-T-0.4,KXCPI,russia_sanctions_bill,finalized,binary,-0.4%,Above -0.4%,-0.4,,2026-07-20T18:00:00Z,2026-09-11T12:25:00Z,live,35
KXCPI-26AUG-T-0.3,KXCPI,russia_sanctions_bill,finalized,binary,-0.3%,Above -0.3%,-0.3,,2026-07-20T18:00:00Z,2026-09-11T12:25:00Z,live,37
KXCPI-26AUG-T-0.2,KXCPI,russia_sanctions_bill,finalized,binary,-0.2%,Above -0.2%,-0.2,,2026-07-20T18:00:00Z,2026-09-11T12:25:00Z,live,38
KXCPI-26JUL-T-0.4,KXCPI,russia_sanctions_bill,finalized,binary,-0.4%,Above -0.4%,-0.4,,2026-06-16T17:45:00Z,2026-08-12T12:25:00Z,live,12
KXCPI-26JUL-T-0.3,KXCPI,russia_sanctions_bill,finalized,binary,-0.3%,Above -0.3%,-0.3,,2026-06-16T17:45:00Z,2026-08-12T12:25:00Z,live,12
KXCPI-26JUL-T-0.2,KXCPI,russia_sanctions_bill,finalized,binary,-0.2%,Above -0.2%,-0.2,,2026-06-16T17:45:00Z,2026-08-12T12:25:00Z,live,12
KXCPI-26NOV-T0.5,KXCPI,russia_sanctions_bill,active,binary,0.5%,Above 0.5%,0.5,,2026-02-20T15:00:00Z,2026-12-10T13:25:00Z,live,33
KXCPI-26NOV-T0.4,KXCPI,russia_sanctions_bill,active,binary,0.4%,Above 0.4%,0.4,,2026-02-20T15:00:00Z,2026-12-10T13:25:00Z,live,32
KXCPI-26NOV-T0.3,KXCPI,russia_sanctions_bill,active,binary,0.3%,Above 0.3%,0.3,,2026-02-20T15:00:00Z,2026-12-10T13:25:00Z,live,43
KXCPI-26NOV-T0.2,KXCPI,russia_sanctions_bill,active,binary,0.2%,Above 0.2%,0.2,,2026-02-20T15:00:00Z,2026-12-10T13:25:00Z,live,43
KXCPI-26NOV-T0.1,KXCPI,russia_sanctions_bill,active,binary,0.1%,Above 0.1%,0.1,,2026-02-20T15:00:00Z,2026-12-10T13:25:00Z,live,42
KXCPI-26NOV-T-0.1,KXCPI,russia_sanctions_bill,active,binary,-0.1%,Above -0.1%,-0.1,,2026-02-20T15:00:00Z,2026-12-10T13:25:00Z,live,27
KXCPI-26NOV-T0.0,KXCPI,russia_sanctions_bill,active,binary,0.0%,Above 0.0%,0,,2026-02-20T15:00:00Z,2026-12-10T13:25:00Z,live,38
KXCPI-26OCT-T0.5,KXCPI,russia_sanctions_bill,active,binary,0.5%,Above 0.5%,0.5,,2026-02-20T15:00:00Z,2026-11-10T13:25:00Z,live,30
KXCPI-26OCT-T0.4,KXCPI,russia_sanctions_bill,active,binary,0.4%,Above 0.4%,0.4,,2026-02-20T15:00:00Z,2026-11-10T13:25:00Z,live,37
KXCPI-26OCT-T0.3,KXCPI,russia_sanctions_bill,active,binary,0.3%,Above 0.3%,0.3,,2026-02-20T15:00:00Z,2026-11-10T13:25:00Z,live,47
KXCPI-26OCT-T0.2,KXCPI,russia_sanctions_bill,active,binary,0.2%,Above 0.2%,0.2,,2026-02-20T15:00:00Z,2026-11-10T13:25:00Z,live,46
KXCPI-26OCT-T0.1,KXCPI,russia_sanctions_bill,active,binary,0.1%,Above 0.1%,0.1,,2026-02-20T15:00:00Z,2026-11-10T13:25:00Z,live,35
KXCPI-26OCT-T-0.1,KXCPI,russia_sanctions_bill,active,binary,-0.1%,Above -0.1%,-0.1,,2026-02-20T15:00:00Z,2026-11-10T13:25:00Z,live,41
KXCPI-26OCT-T0.0,KXCPI,russia_sanctions_bill,active,binary,0.0%,Above 0.0%,0,,2026-02-20T15:00:00Z,2026-11-10T13:25:00Z,live,36
KXCPI-26SEP-T0.5,KXCPI,russia_sanctions_bill,active,binary,0.5%,Above 0.5%,0.5,,2026-02-20T15:00:00Z,2026-10-14T12:25:00Z,live,45
KXCPI-26SEP-T0.4,KXCPI,russia_sanctions_bill,active,binary,0.4%,Above 0.4%,0.4,,2026-02-20T15:00:00Z,2026-10-14T12:25:00Z,live,49
KXCPI-26SEP-T0.3,KXCPI,russia_sanctions_bill,active,binary,0.3%,Above 0.3%,0.3,,2026-02-20T15:00:00Z,2026-10-14T12:25:00Z,live,49
KXCPI-26SEP-T0.2,KXCPI,russia_sanctions_bill,active,binary,0.2%,Above 0.2%,0.2,,2026-02-20T15:00:00Z,2026-10-14T12:25:00Z,live,49
KXCPI-26SEP-T0.1,KXCPI,russia_sanctions_bill,active,binary,0.1%,Above 0.1%,0.1,,2026-02-20T15:00:00Z,2026-10-14T12:25:00Z,live,46
KXCPI-26SEP-T-0.1,KXCPI,russia_sanctions_bill,active,binary,-0.1%,Above -0.1%,-0.1,,2026-02-20T15:00:00Z,2026-10-14T12:25:00Z,live,47
KXCPI-26SEP-T0.0,KXCPI,russia_sanctions_bill,active,binary,0.0%,Above 0.0%,0,,2026-02-20T15:00:00Z,2026-10-14T12:25:00Z,live,43
KXCPI-26AUG-T0.5,KXCPI,russia_sanctions_bill,finalized,binary,0.5%,Above 0.5%,0.5,,2026-02-20T15:00:00Z,2026-09-11T12:25:00Z,live,39
KXCPI-26AUG-T0.4,KXCPI,russia_sanctions_bill,finalized,binary,0.4%,Above 0.4%,0.4,,2026-02-20T15:00:00Z,2026-09-11T12:25:00Z,live,42
KXCPI-26AUG-T0.3,KXCPI,russia_sanctions_bill,finalized,binary,0.3%,Above 0.3%,0.3,,2026-02-20T15:00:00Z,2026-09-11T12:25:00Z,live,42
KXCPI-26AUG-T0.2,KXCPI,russia_sanctions_bill,finalized,binary,0.2%,Above 0.2%,0.2,,2026-02-20T15:00:00Z,2026-09-11T12:25:00Z,live,42
KXCPI-26AUG-T0.1,KXCPI,russia_sanctions_bill,finalized,binary,0.1%,Above 0.1%,0.1,,2026-02-20T15:00:00Z,2026-09-11T12:25:00Z,live,41
KXCPI-26AUG-T-0.1,KXCPI,russia_sanctions_bill,finalized,binary,-0.1%,Above -0.1%,-0.1,,2026-02-20T15:00:00Z,2026-09-11T12:25:00Z,live,33
KXCPI-26AUG-T0.0,KXCPI,russia_sanctions_bill,finalized,binary,0.0%,Above 0.0%,0,,2026-02-20T15:00:00Z,2026-09-11T12:25:00Z,live,36
KXCPI-26JUL-T0.5,KXCPI,russia_sanctions_bill,finalized,binary,0.5%,Above 0.5%,0.5,,2026-02-20T15:00:00Z,2026-08-12T12:25:00Z,live,12
KXCPI-26JUL-T0.4,KXCPI,russia_sanctions_bill,finalized,binary,0.4%,Above 0.4%,0.4,,2026-02-20T15:00:00Z,2026-08-12T12:25:00Z,live,12
KXCPI-26JUL-T0.3,KXCPI,russia_sanctions_bill,finalized,binary,0.3%,Above 0.3%,0.3,,2026-02-20T15:00:00Z,2026-08-12T12:25:00Z,live,12
KXCPI-26JUL-T0.2,KXCPI,russia_sanctions_bill,finalized,binary,0.2%,Above 0.2%,0.2,,2026-02-20T15:00:00Z,2026-08-12T12:25:00Z,live,12
KXCPI-26JUL-T0.1,KXCPI,russia_sanctions_bill,finalized,binary,0.1%,Above 0.1%,0.1,,2026-02-20T15:00:00Z,2026-08-12T12:25:00Z,live,12
KXCPI-26JUL-T-0.1,KXCPI,russia_sanctions_bill,finalized,binary,-0.1%,Above -0.1%,-0.1,,2026-02-20T15:00:00Z,2026-08-12T12:25:00Z,live,12
KXCPI-26JUL-T0.0,KXCPI,russia_sanctions_bill,finalized,binary,0.0%,Above 0.0%,0,,2026-02-20T15:00:00Z,2026-08-12T12:25:00Z,live,12
KXCPICORE-26DEC-T1.0,KXCPICORE,russia_sanctions_bill,active,binary,1.0,Above 1.0%,1,1,2026-09-18T16:00:00Z,2027-01-13T13:25:00Z,live,1
KXCPICORE-26DEC-T0.9,KXCPICORE,russia_sanctions_bill,active,binary,0.9,Above 0.9%,0.9,0.9,2026-09-18T16:00:00Z,2027-01-13T13:25:00Z,live,1
KXCPICORE-26DEC-T0.8,KXCPICORE,russia_sanctions_bill,active,binary,0.8,Above 0.8%,0.8,0.8,2026-09-18T16:00:00Z,2027-01-13T13:25:00Z,live,1
KXCPICORE-26DEC-T0.7,KXCPICORE,russia_sanctions_bill,active,binary,0.7,Above 0.7%,0.7,0.7,2026-09-18T16:00:00Z,2027-01-13T13:25:00Z,live,1
KXCPICORE-26DEC-T0.6,KXCPICORE,russia_sanctions_bill,active,binary,0.6,Above 0.6%,0.6,0.6,2026-09-18T16:00:00Z,2027-01-13T13:25:00Z,live,1
KXCPICORE-26DEC-T0.5,KXCPICORE,russia_sanctions_bill,active,binary,0.5,Above 0.5%,0.5,0.5,2026-09-18T16:00:00Z,2027-01-13T13:25:00Z,live,1
KXCPICORE-26DEC-T0.4,KXCPICORE,russia_sanctions_bill,active,binary,0.4,Above 0.4%,0.4,0.4,2026-09-18T16:00:00Z,2027-01-13T13:25:00Z,live,1
KXCPICORE-26DEC-T0.3,KXCPICORE,russia_sanctions_bill,active,binary,0.3,Above 0.3%,0.3,0.3,2026-09-18T16:00:00Z,2027-01-13T13:25:00Z,live,1
KXCPICORE-26DEC-T0.2,KXCPICORE,russia_sanctions_bill,active,binary,0.2,Above 0.2%,0.2,0.2,2026-09-18T16:00:00Z,2027-01-13T13:25:00Z,live,1
KXCPICORE-26DEC-T0.1,KXCPICORE,russia_sanctions_bill,active,binary,0.1,Above 0.1%,0.1,0.1,2026-09-18T16:00:00Z,2027-01-13T13:25:00Z,live,1
KXCPICORE-26DEC-T0.0,KXCPICORE,russia_sanctions_bill,active,binary,0.0,Above 0.0%,0,0,2026-09-18T16:00:00Z,2027-01-13T13:25:00Z,live,1
KXCPICORE-26NOV-T1.0,KXCPICORE,russia_sanctions_bill,active,binary,1.0,Above 1.0%,1,1,2026-06-11T00:15:00Z,2026-12-10T13:25:00Z,live,7
KXCPICORE-26NOV-T0.9,KXCPICORE,russia_sanctions_bill,active,binary,0.9,Above 0.9%,0.9,0.9,2026-06-11T00:15:00Z,2026-12-10T13:25:00Z,live,19
KXCPICORE-26NOV-T0.8,KXCPICORE,russia_sanctions_bill,active,binary,0.8,Above 0.8%,0.8,0.8,2026-06-11T00:15:00Z,2026-12-10T13:25:00Z,live,21
KXCPICORE-26NOV-T0.7,KXCPICORE,russia_sanctions_bill,active,binary,0.7,Above 0.7%,0.7,0.7,2026-06-11T00:15:00Z,2026-12-10T13:25:00Z,live,33
KXCPICORE-26NOV-T0.6,KXCPICORE,russia_sanctions_bill,active,binary,0.6,Above 0.6%,0.6,0.6,2026-06-11T00:15:00Z,2026-12-10T13:25:00Z,live,32
KXCPICORE-26NOV-T0.5,KXCPICORE,russia_sanctions_bill,active,binary,0.5,Above 0.5%,0.5,0.5,2026-06-11T00:15:00Z,2026-12-10T13:25:00Z,live,32
KXCPICORE-26NOV-T0.4,KXCPICORE,russia_sanctions_bill,active,binary,0.4,Above 0.4%,0.4,0.4,2026-06-11T00:15:00Z,2026-12-10T13:25:00Z,live,34
KXCPICORE-26NOV-T0.3,KXCPICORE,russia_sanctions_bill,active,binary,0.3,Above 0.3%,0.3,0.3,2026-06-11T00:15:00Z,2026-12-10T13:25:00Z,live,37
KXCPICORE-26NOV-T0.2,KXCPICORE,russia_sanctions_bill,active,binary,0.2,Above 0.2%,0.2,0.2,2026-06-11T00:15:00Z,2026-12-10T13:25:00Z,live,47
KXCPICORE-26NOV-T0.1,KXCPICORE,russia_sanctions_bill,active,binary,0.1,Above 0.1%,0.1,0.1,2026-06-11T00:15:00Z,2026-12-10T13:25:00Z,live,41
KXCPICORE-26NOV-T0.0,KXCPICORE,russia_sanctions_bill,active,binary,0.0,Above 0.0%,0,0,2026-06-11T00:15:00Z,2026-12-10T13:25:00Z,live,32
KXCPICORE-26OCT-T1.0,KXCPICORE,russia_sanctions_bill,active,binary,1.0,Above 1.0%,1,1,2026-06-10T20:00:00Z,2026-11-10T13:25:00Z,live,17
KXCPICORE-26OCT-T0.9,KXCPICORE,russia_sanctions_bill,active,binary,0.9,Above 0.9%,0.9,0.9,2026-06-10T20:00:00Z,2026-11-10T13:25:00Z,live,12
KXCPICORE-26OCT-T0.8,KXCPICORE,russia_sanctions_bill,active,binary,0.8,Above 0.8%,0.8,0.8,2026-06-10T20:00:00Z,2026-11-10T13:25:00Z,live,32
KXCPICORE-26OCT-T0.7,KXCPICORE,russia_sanctions_bill,active,binary,0.7,Above 0.7%,0.7,0.7,2026-06-10T20:00:00Z,2026-11-10T13:25:00Z,live,35
KXCPICORE-26OCT-T0.6,KXCPICORE,russia_sanctions_bill,active,binary,0.6,Above 0.6%,0.6,0.6,2026-06-10T20:00:00Z,2026-11-10T13:25:00Z,live,27
KXCPICORE-26OCT-T0.5,KXCPICORE,russia_sanctions_bill,active,binary,0.5,Above 0.5%,0.5,0.5,2026-06-10T20:00:00Z,2026-11-10T13:25:00Z,live,25
KXCPICORE-26OCT-T0.4,KXCPICORE,russia_sanctions_bill,active,binary,0.4,Above 0.4%,0.4,0.4,2026-06-10T20:00:00Z,2026-11-10T13:25:00Z,live,31
KXCPICORE-26OCT-T0.3,KXCPICORE,russia_sanctions_bill,active,binary,0.3,Above 0.3%,0.3,0.3,2026-06-10T20:00:00Z,2026-11-10T13:25:00Z,live,34
KXCPICORE-26OCT-T0.2,KXCPICORE,russia_sanctions_bill,active,binary,0.2,Above 0.2%,0.2,0.2,2026-06-10T20:00:00Z,2026-11-10T13:25:00Z,live,38
KXCPICORE-26OCT-T0.1,KXCPICORE,russia_sanctions_bill,active,binary,0.1,Above 0.1%,0.1,0.1,2026-06-10T20:00:00Z,2026-11-10T13:25:00Z,live,38
KXCPICORE-26OCT-T0.0,KXCPICORE,russia_sanctions_bill,active,binary,0.0,Above 0.0%,0,0,2026-06-10T20:00:00Z,2026-11-10T13:25:00Z,live,37
KXCPICORE-26SEP-T0.9,KXCPICORE,russia_sanctions_bill,active,binary,0.9,Above 0.9%,0.9,0.9,2026-06-10T19:50:00Z,2026-10-14T12:25:00Z,live,1
KXCPICORE-26SEP-T0.8,KXCPICORE,russia_sanctions_bill,active,binary,0.8,Above 0.8%,0.8,0.8,2026-06-10T19:50:00Z,2026-10-14T12:25:00Z,live,1
KXCPICORE-26SEP-T0.7,KXCPICORE,russia_sanctions_bill,active,binary,0.7,Above 0.7%,0.7,0.7,2026-06-10T19:50:00Z,2026-10-14T12:25:00Z,live,30
KXCPICORE-26SEP-T0.6,KXCPICORE,russia_sanctions_bill,active,binary,0.6,Above 0.6%,0.6,0.6,2026-06-10T19:50:00Z,2026-10-14T12:25:00Z,live,22
KXCPICORE-26SEP-T0.5,KXCPICORE,russia_sanctions_bill,active,binary,0.5,Above 0.5%,0.5,0.5,2026-06-10T19:50:00Z,2026-10-14T12:25:00Z,live,22
KXCPICORE-26SEP-T0.4,KXCPICORE,russia_sanctions_bill,active,binary,0.4,Above 0.4%,0.4,0.4,2026-06-10T19:50:00Z,2026-10-14T12:25:00Z,live,31
KXCPICORE-26SEP-T0.3,KXCPICORE,russia_sanctions_bill,active,binary,0.3,Above 0.3%,0.3,0.3,2026-06-10T19:50:00Z,2026-10-14T12:25:00Z,live,33
KXCPICORE-26SEP-T0.2,KXCPICORE,russia_sanctions_bill,active,binary,0.2,Above 0.2%,0.2,0.2,2026-06-10T19:50:00Z,2026-10-14T12:25:00Z,live,40
KXCPICORE-26SEP-T0.1,KXCPICORE,russia_sanctions_bill,active,binary,0.1,Above 0.1%,0.1,0.1,2026-06-10T19:50:00Z,2026-10-14T12:25:00Z,live,37
KXCPICORE-26SEP-T0.0,KXCPICORE,russia_sanctions_bill,active,binary,0.0,Above 0.0%,0,0,2026-06-10T19:50:00Z,2026-10-14T12:25:00Z,live,33
KXCPICORE-26AUG-T1.0,KXCPICORE,russia_sanctions_bill,finalized,binary,1.0,Above 1.0%,1,1,2026-06-10T18:30:00Z,2026-09-11T12:25:00Z,live,3
KXCPICORE-26AUG-T0.9,KXCPICORE,russia_sanctions_bill,finalized,binary,0.9,Above 0.9%,0.9,0.9,2026-06-10T18:30:00Z,2026-09-11T12:25:00Z,live,6
KXCPICORE-26AUG-T0.8,KXCPICORE,russia_sanctions_bill,finalized,binary,0.8,Above 0.8%,0.8,0.8,2026-06-10T18:30:00Z,2026-09-11T12:25:00Z,live,34
KXCPICORE-26AUG-T0.7,KXCPICORE,russia_sanctions_bill,finalized,binary,0.7,Above 0.7%,0.7,0.7,2026-06-10T18:30:00Z,2026-09-11T12:25:00Z,live,33
KXCPICORE-26AUG-T0.6,KXCPICORE,russia_sanctions_bill,finalized,binary,0.6,Above 0.6%,0.6,0.6,2026-06-10T18:30:00Z,2026-09-11T12:25:00Z,live,34
KXCPICORE-26AUG-T0.5,KXCPICORE,russia_sanctions_bill,finalized,binary,0.5,Above 0.5%,0.5,0.5,2026-06-10T18:30:00Z,2026-09-11T12:25:00Z,live,34
KXCPICORE-26AUG-T0.4,KXCPICORE,russia_sanctions_bill,finalized,binary,0.4,Above 0.4%,0.4,0.4,2026-06-10T18:30:00Z,2026-09-11T12:25:00Z,live,24
KXCPICORE-26AUG-T0.3,KXCPICORE,russia_sanctions_bill,finalized,binary,0.3,Above 0.3%,0.3,0.3,2026-06-10T18:30:00Z,2026-09-11T12:25:00Z,live,35
KXCPICORE-26AUG-T0.2,KXCPICORE,russia_sanctions_bill,finalized,binary,0.2,Above 0.2%,0.2,0.2,2026-06-10T18:30:00Z,2026-09-11T12:25:00Z,live,41
KXCPICORE-26AUG-T0.1,KXCPICORE,russia_sanctions_bill,finalized,binary,0.1,Above 0.1%,0.1,0.1,2026-06-10T18:30:00Z,2026-09-11T12:25:00Z,live,35
KXCPICORE-26AUG-T0.0,KXCPICORE,russia_sanctions_bill,finalized,binary,0.0,Above 0.0%,0,0,2026-06-10T18:30:00Z,2026-09-11T12:25:00Z,live,36
KXCPICORE-26JUL-T1.0,KXCPICORE,russia_sanctions_bill,finalized,binary,1.0,Above 1.0%,1,1,2026-05-12T16:00:00Z,2026-08-12T12:25:00Z,live,12
KXCPICORE-26JUL-T0.9,KXCPICORE,russia_sanctions_bill,finalized,binary,0.9,Above 0.9%,0.9,0.9,2026-05-12T16:00:00Z,2026-08-12T12:25:00Z,live,12
KXCPICORE-26JUL-T0.8,KXCPICORE,russia_sanctions_bill,finalized,binary,0.8,Above 0.8%,0.8,0.8,2026-05-12T16:00:00Z,2026-08-12T12:25:00Z,live,7
KXCPICORE-26JUL-T0.7,KXCPICORE,russia_sanctions_bill,finalized,binary,0.7,Above 0.7%,0.7,0.7,2026-05-12T16:00:00Z,2026-08-12T12:25:00Z,live,12
KXCPICORE-26JUL-T0.6,KXCPICORE,russia_sanctions_bill,finalized,binary,0.6,Above 0.6%,0.6,0.6,2026-05-12T16:00:00Z,2026-08-12T12:25:00Z,live,12
KXCPICORE-26JUL-T0.5,KXCPICORE,russia_sanctions_bill,finalized,binary,0.5,Above 0.5%,0.5,0.5,2026-05-12T16:00:00Z,2026-08-12T12:25:00Z,live,12
KXCPICORE-26JUL-T0.4,KXCPICORE,russia_sanctions_bill,finalized,binary,0.4,Above 0.4%,0.4,0.4,2026-05-12T16:00:00Z,2026-08-12T12:25:00Z,live,12
KXCPICORE-26JUL-T0.3,KXCPICORE,russia_sanctions_bill,finalized,binary,0.3,Above 0.3%,0.3,0.3,2026-05-12T16:00:00Z,2026-08-12T12:25:00Z,live,11
KXCPICORE-26JUL-T0.2,KXCPICORE,russia_sanctions_bill,finalized,binary,0.2,Above 0.2%,0.2,0.2,2026-05-12T16:00:00Z,2026-08-12T12:25:00Z,live,12
KXCPICORE-26JUL-T0.1,KXCPICORE,russia_sanctions_bill,finalized,binary,0.1,Above 0.1%,0.1,0.1,2026-05-12T16:00:00Z,2026-08-12T12:25:00Z,live,12
KXCPICORE-26JUL-T0.0,KXCPICORE,russia_sanctions_bill,finalized,binary,0.0,Above 0.0%,0,0,2026-05-12T16:00:00Z,2026-08-12T12:25:00Z,live,12
KXFED-27APR-T6.00,KXFED,trump_truth_fed,active,binary,6.00%,Above 6.00%,6,,2026-09-18T15:00:00Z,2027-04-28T17:55:00Z,live,1
KXFED-27APR-T5.75,KXFED,trump_truth_fed,active,binary,5.75%,Above 5.75%,5.75,,2026-09-18T15:00:00Z,2027-04-28T17:55:00Z,live,1
KXFED-27APR-T5.50,KXFED,trump_truth_fed,active,binary,5.50%,Above 5.50%,5.5,,2026-09-18T15:00:00Z,2027-04-28T17:55:00Z,live,1
KXFED-27APR-T5.25,KXFED,trump_truth_fed,active,binary,5.25%,Above 5.25%,5.25,,2026-09-18T15:00:00Z,2027-04-28T17:55:00Z,live,1
KXFED-27APR-T5.00,KXFED,trump_truth_fed,active,binary,5.00%,Above 5.00%,5,,2026-09-18T15:00:00Z,2027-04-28T17:55:00Z,live,1
KXFED-27APR-T4.75,KXFED,trump_truth_fed,active,binary,4.75%,Above 4.75%,4.75,,2026-09-18T15:00:00Z,2027-04-28T17:55:00Z,live,1
KXFED-27APR-T4.50,KXFED,trump_truth_fed,active,binary,4.50%,Above 4.50%,4.5,,2026-09-18T15:00:00Z,2027-04-28T17:55:00Z,live,1
KXFED-27MAR-T6.00,KXFED,trump_truth_fed,active,binary,6.00%,Above 6.00%,6,,2026-09-18T15:00:00Z,2027-03-17T17:55:00Z,live,1
KXFED-27MAR-T5.75,KXFED,trump_truth_fed,active,binary,5.75%,Above 5.75%,5.75,,2026-09-18T15:00:00Z,2027-03-17T17:55:00Z,live,1
KXFED-27MAR-T5.50,KXFED,trump_truth_fed,active,binary,5.50%,Above 5.50%,5.5,,2026-09-18T15:00:00Z,2027-03-17T17:55:00Z,live,1
KXFED-27MAR-T5.25,KXFED,trump_truth_fed,active,binary,5.25%,Above 5.25%,5.25,,2026-09-18T15:00:00Z,2027-03-17T17:55:00Z,live,1
KXFED-27MAR-T5.00,KXFED,trump_truth_fed,active,binary,5.00%,Above 5.00%,5,,2026-09-18T15:00:00Z,2027-03-17T17:55:00Z,live,1
KXFED-27MAR-T4.75,KXFED,trump_truth_fed,active,binary,4.75%,Above 4.75%,4.75,,2026-09-18T15:00:00Z,2027-03-17T17:55:00Z,live,1
KXFED-27MAR-T4.50,KXFED,trump_truth_fed,active,binary,4.50%,Above 4.50%,4.5,,2026-09-18T15:00:00Z,2027-03-17T17:55:00Z,live,1
KXFED-27JAN-T6.00,KXFED,trump_truth_fed,active,binary,6.00%,Above 6.00%,6,,2026-09-18T15:00:00Z,2027-01-27T18:55:00Z,live,1
KXFED-27JAN-T5.75,KXFED,trump_truth_fed,active,binary,5.75%,Above 5.75%,5.75,,2026-09-18T15:00:00Z,2027-01-27T18:55:00Z,live,1
KXFED-27JAN-T5.50,KXFED,trump_truth_fed,active,binary,5.50%,Above 5.50%,5.5,,2026-09-18T15:00:00Z,2027-01-27T18:55:00Z,live,1
KXFED-27JAN-T5.25,KXFED,trump_truth_fed,active,binary,5.25%,Above 5.25%,5.25,,2026-09-18T15:00:00Z,2027-01-27T18:55:00Z,live,1
KXFED-27JAN-T5.00,KXFED,trump_truth_fed,active,binary,5.00%,Above 5.00%,5,,2026-09-18T15:00:00Z,2027-01-27T18:55:00Z,live,1
KXFED-27JAN-T4.75,KXFED,trump_truth_fed,active,binary,4.75%,Above 4.75%,4.75,,2026-09-18T15:00:00Z,2027-01-27T18:55:00Z,live,1
KXFED-27JAN-T4.50,KXFED,trump_truth_fed,active,binary,4.50%,Above 4.50%,4.5,,2026-09-18T15:00:00Z,2027-01-27T18:55:00Z,live,1
KXFED-28JAN-T6.00,KXFED,trump_truth_fed,active,binary,6.00%,Above 6.00%,6,,2026-09-18T15:00:00Z,2028-01-26T18:55:00Z,live,1
KXFED-28JAN-T5.75,KXFED,trump_truth_fed,active,binary,5.75%,Above 5.75%,5.75,,2026-09-18T15:00:00Z,2028-01-26T18:55:00Z,live,1
KXFED-28JAN-T5.50,KXFED,trump_truth_fed,active,binary,5.50%,Above 5.50%,5.5,,2026-09-18T15:00:00Z,2028-01-26T18:55:00Z,live,1
KXFED-28JAN-T5.25,KXFED,trump_truth_fed,active,binary,5.25%,Above 5.25%,5.25,,2026-09-18T15:00:00Z,2028-01-26T18:55:00Z,live,1
KXFED-28JAN-T5.00,KXFED,trump_truth_fed,active,binary,5.00%,Above 5.00%,5,,2026-09-18T15:00:00Z,2028-01-26T18:55:00Z,live,1
KXFED-28JAN-T4.75,KXFED,trump_truth_fed,active,binary,4.75%,Above 4.75%,4.75,,2026-09-18T15:00:00Z,2028-01-26T18:55:00Z,live,1
KXFED-28JAN-T4.50,KXFED,trump_truth_fed,active,binary,4.50%,Above 4.50%,4.5,,2026-09-18T15:00:00Z,2028-01-26T18:55:00Z,live,1
KXFED-28JAN-T4.25,KXFED,trump_truth_fed,active,binary,4.25%,Above 4.25%,4.25,,2026-09-18T15:00:00Z,2028-01-26T18:55:00Z,live,1
KXFED-28JAN-T4.00,KXFED,trump_truth_fed,active,binary,4.00%,Above 4.00%,4,,2026-09-18T15:00:00Z,2028-01-26T18:55:00Z,live,1
KXFED-28JAN-T3.75,KXFED,trump_truth_fed,active,binary,3.75%,Above 3.75%,3.75,,2026-09-18T15:00:00Z,2028-01-26T18:55:00Z,live,1
KXFED-28JAN-T3.50,KXFED,trump_truth_fed,active,binary,3.50%,Above 3.50%,3.5,,2026-09-18T15:00:00Z,2028-01-26T18:55:00Z,live,1
KXFED-28JAN-T3.25,KXFED,trump_truth_fed,active,binary,3.25%,Above 3.25%,3.25,,2026-09-18T15:00:00Z,2028-01-26T18:55:00Z,live,1
KXFED-28JAN-T3.00,KXFED,trump_truth_fed,active,binary,3.00%,Above 3.00%,3,,2026-09-18T15:00:00Z,2028-01-26T18:55:00Z,live,1
KXFED-28JAN-T2.75,KXFED,trump_truth_fed,active,binary,2.75%,Above 2.75%,2.75,,2026-09-18T15:00:00Z,2028-01-26T18:55:00Z,live,1
KXFED-28JAN-T2.50,KXFED,trump_truth_fed,active,binary,2.50%,Above 2.50%,2.5,,2026-09-18T15:00:00Z,2028-01-26T18:55:00Z,live,1
KXFED-28JAN-T2.25,KXFED,trump_truth_fed,active,binary,2.25%,Above 2.25%,2.25,,2026-09-18T15:00:00Z,2028-01-26T18:55:00Z,live,1
KXFED-28JAN-T2.00,KXFED,trump_truth_fed,active,binary,2.00%,Above 2.00%,2,,2026-09-18T15:00:00Z,2028-01-26T18:55:00Z,live,1
KXFED-28JAN-T1.75,KXFED,trump_truth_fed,active,binary,1.75%,Above 1.75%,1.75,,2026-09-18T15:00:00Z,2028-01-26T18:55:00Z,live,1
KXFED-28JAN-T1.50,KXFED,trump_truth_fed,active,binary,1.50%,Above 1.50%,1.5,,2026-09-18T15:00:00Z,2028-01-26T18:55:00Z,live,1
KXFED-28JAN-T1.25,KXFED,trump_truth_fed,active,binary,1.25%,Above 1.25%,1.25,,2026-09-18T15:00:00Z,2028-01-26T18:55:00Z,live,1
KXFED-28JAN-T1.00,KXFED,trump_truth_fed,active,binary,1.00%,Above 1.00%,1,,2026-09-18T15:00:00Z,2028-01-26T18:55:00Z,live,1
KXFED-28JAN-T0.75,KXFED,trump_truth_fed,active,binary,0.75%,Above 0.75%,0.75,,2026-09-18T15:00:00Z,2028-01-26T18:55:00Z,live,1
KXFED-28JAN-T0.50,KXFED,trump_truth_fed,active,binary,0.50%,Above 0.50%,0.5,,2026-09-18T15:00:00Z,2028-01-26T18:55:00Z,live,1
KXFED-28JAN-T0.25,KXFED,trump_truth_fed,active,binary,0.25%,Above 0.25%,0.25,,2026-09-18T15:00:00Z,2028-01-26T18:55:00Z,live,1
KXFED-28JAN-T0.00,KXFED,trump_truth_fed,active,binary,0.00%,Above 0.00%,0,,2026-09-18T15:00:00Z,2028-01-26T18:55:00Z,live,1
KXFED-27DEC-T6.00,KXFED,trump_truth_fed,active,binary,6.00%,Above 6.00%,6,,2026-09-18T15:00:00Z,2027-12-08T18:55:00Z,live,1
KXFED-27DEC-T5.75,KXFED,trump_truth_fed,active,binary,5.75%,Above 5.75%,5.75,,2026-09-18T15:00:00Z,2027-12-08T18:55:00Z,live,1
KXFED-27DEC-T5.50,KXFED,trump_truth_fed,active,binary,5.50%,Above 5.50%,5.5,,2026-09-18T15:00:00Z,2027-12-08T18:55:00Z,live,1
KXFED-27DEC-T5.25,KXFED,trump_truth_fed,active,binary,5.25%,Above 5.25%,5.25,,2026-09-18T15:00:00Z,2027-12-08T18:55:00Z,live,1
KXFED-27DEC-T5.00,KXFED,trump_truth_fed,active,binary,5.00%,Above 5.00%,5,,2026-09-18T15:00:00Z,2027-12-08T18:55:00Z,live,1
KXFED-27DEC-T4.75,KXFED,trump_truth_fed,active,binary,4.75%,Above 4.75%,4.75,,2026-09-18T15:00:00Z,2027-12-08T18:55:00Z,live,1
KXFED-27DEC-T4.50,KXFED,trump_truth_fed,active,binary,4.50%,Above 4.50%,4.5,,2026-09-18T15:00:00Z,2027-12-08T18:55:00Z,live,1
KXFED-27DEC-T4.25,KXFED,trump_truth_fed,active,binary,4.25%,Above 4.25%,4.25,,2026-09-18T15:00:00Z,2027-12-08T18:55:00Z,live,1
KXFED-27DEC-T4.00,KXFED,trump_truth_fed,active,binary,4.00%,Above 4.00%,4,,2026-09-18T15:00:00Z,2027-12-08T18:55:00Z,live,1
KXFED-27DEC-T3.75,KXFED,trump_truth_fed,active,binary,3.75%,Above 3.75%,3.75,,2026-09-18T15:00:00Z,2027-12-08T18:55:00Z,live,1
KXFED-27DEC-T3.50,KXFED,trump_truth_fed,active,binary,3.50%,Above 3.50%,3.5,,2026-09-18T15:00:00Z,2027-12-08T18:55:00Z,live,1
KXFED-27DEC-T3.25,KXFED,trump_truth_fed,active,binary,3.25%,Above 3.25%,3.25,,2026-09-18T15:00:00Z,2027-12-08T18:55:00Z,live,1
KXFED-27DEC-T3.00,KXFED,trump_truth_fed,active,binary,3.00%,Above 3.00%,3,,2026-09-18T15:00:00Z,2027-12-08T18:55:00Z,live,1
KXFED-27DEC-T2.75,KXFED,trump_truth_fed,active,binary,2.75%,Above 2.75%,2.75,,2026-09-18T15:00:00Z,2027-12-08T18:55:00Z,live,1
KXFED-27DEC-T2.50,KXFED,trump_truth_fed,active,binary,2.50%,Above 2.50%,2.5,,2026-09-18T15:00:00Z,2027-12-08T18:55:00Z,live,1
KXFED-27DEC-T2.25,KXFED,trump_truth_fed,active,binary,2.25%,Above 2.25%,2.25,,2026-09-18T15:00:00Z,2027-12-08T18:55:00Z,live,1
KXFED-27DEC-T2.00,KXFED,trump_truth_fed,active,binary,2.00%,Above 2.00%,2,,2026-09-18T15:00:00Z,2027-12-08T18:55:00Z,live,1
KXFED-27DEC-T1.75,KXFED,trump_truth_fed,active,binary,1.75%,Above 1.75%,1.75,,2026-09-18T15:00:00Z,2027-12-08T18:55:00Z,live,1
KXFED-27DEC-T1.50,KXFED,trump_truth_fed,active,binary,1.50%,Above 1.50%,1.5,,2026-09-18T15:00:00Z,2027-12-08T18:55:00Z,live,1
KXFED-27DEC-T1.25,KXFED,trump_truth_fed,active,binary,1.25%,Above 1.25%,1.25,,2026-09-18T15:00:00Z,2027-12-08T18:55:00Z,live,1
KXFED-27DEC-T1.00,KXFED,trump_truth_fed,active,binary,1.00%,Above 1.00%,1,,2026-09-18T15:00:00Z,2027-12-08T18:55:00Z,live,1
KXFED-27DEC-T0.75,KXFED,trump_truth_fed,active,binary,0.75%,Above 0.75%,0.75,,2026-09-18T15:00:00Z,2027-12-08T18:55:00Z,live,1
KXFED-27DEC-T0.50,KXFED,trump_truth_fed,active,binary,0.50%,Above 0.50%,0.5,,2026-09-18T15:00:00Z,2027-12-08T18:55:00Z,live,1
KXFED-27DEC-T0.25,KXFED,trump_truth_fed,active,binary,0.25%,Above 0.25%,0.25,,2026-09-18T15:00:00Z,2027-12-08T18:55:00Z,live,1
KXFED-27DEC-T0.00,KXFED,trump_truth_fed,active,binary,0.00%,Above 0.00%,0,,2026-09-18T15:00:00Z,2027-12-08T18:55:00Z,live,1
KXFED-27OCT-T6.00,KXFED,trump_truth_fed,active,binary,6.00%,Above 6.00%,6,,2026-09-18T15:00:00Z,2027-10-27T17:55:00Z,live,1
KXFED-27OCT-T5.75,KXFED,trump_truth_fed,active,binary,5.75%,Above 5.75%,5.75,,2026-09-18T15:00:00Z,2027-10-27T17:55:00Z,live,1
KXFED-27OCT-T5.50,KXFED,trump_truth_fed,active,binary,5.50%,Above 5.50%,5.5,,2026-09-18T15:00:00Z,2027-10-27T17:55:00Z,live,1
KXFED-27OCT-T5.25,KXFED,trump_truth_fed,active,binary,5.25%,Above 5.25%,5.25,,2026-09-18T15:00:00Z,2027-10-27T17:55:00Z,live,1
KXFED-27OCT-T5.00,KXFED,trump_truth_fed,active,binary,5.00%,Above 5.00%,5,,2026-09-18T15:00:00Z,2027-10-27T17:55:00Z,live,1
KXFED-27OCT-T4.75,KXFED,trump_truth_fed,active,binary,4.75%,Above 4.75%,4.75,,2026-09-18T15:00:00Z,2027-10-27T17:55:00Z,live,1
KXFED-27OCT-T4.50,KXFED,trump_truth_fed,active,binary,4.50%,Above 4.50%,4.5,,2026-09-18T15:00:00Z,2027-10-27T17:55:00Z,live,1
KXFED-27OCT-T4.25,KXFED,trump_truth_fed,active,binary,4.25%,Above 4.25%,4.25,,2026-09-18T15:00:00Z,2027-10-27T17:55:00Z,live,1
KXFED-27OCT-T4.00,KXFED,trump_truth_fed,active,binary,4.00%,Above 4.00%,4,,2026-09-18T15:00:00Z,2027-10-27T17:55:00Z,live,1
KXFED-27OCT-T3.75,KXFED,trump_truth_fed,active,binary,3.75%,Above 3.75%,3.75,,2026-09-18T15:00:00Z,2027-10-27T17:55:00Z,live,1
KXFED-27OCT-T3.50,KXFED,trump_truth_fed,active,binary,3.50%,Above 3.50%,3.5,,2026-09-18T15:00:00Z,2027-10-27T17:55:00Z,live,1
KXFED-27OCT-T3.25,KXFED,trump_truth_fed,active,binary,3.25%,Above 3.25%,3.25,,2026-09-18T15:00:00Z,2027-10-27T17:55:00Z,live,1
KXFED-27OCT-T3.00,KXFED,trump_truth_fed,active,binary,3.00%,Above 3.00%,3,,2026-09-18T15:00:00Z,2027-10-27T17:55:00Z,live,1
KXFED-27OCT-T2.75,KXFED,trump_truth_fed,active,binary,2.75%,Above 2.75%,2.75,,2026-09-18T15:00:00Z,2027-10-27T17:55:00Z,live,1
KXFED-27OCT-T2.50,KXFED,trump_truth_fed,active,binary,2.50%,Above 2.50%,2.5,,2026-09-18T15:00:00Z,2027-10-27T17:55:00Z,live,1
KXFED-27OCT-T2.25,KXFED,trump_truth_fed,active,binary,2.25%,Above 2.25%,2.25,,2026-09-18T15:00:00Z,2027-10-27T17:55:00Z,live,1
KXFED-27OCT-T2.00,KXFED,trump_truth_fed,active,binary,2.00%,Above 2.00%,2,,2026-09-18T15:00:00Z,2027-10-27T17:55:00Z,live,1
KXFED-27OCT-T1.75,KXFED,trump_truth_fed,active,binary,1.75%,Above 1.75%,1.75,,2026-09-18T15:00:00Z,2027-10-27T17:55:00Z,live,1
KXFED-27OCT-T1.50,KXFED,trump_truth_fed,active,binary,1.50%,Above 1.50%,1.5,,2026-09-18T15:00:00Z,2027-10-27T17:55:00Z,live,1
KXFED-27OCT-T1.25,KXFED,trump_truth_fed,active,binary,1.25%,Above 1.25%,1.25,,2026-09-18T15:00:00Z,2027-10-27T17:55:00Z,live,1
KXFED-27OCT-T1.00,KXFED,trump_truth_fed,active,binary,1.00%,Above 1.00%,1,,2026-09-18T15:00:00Z,2027-10-27T17:55:00Z,live,1
KXFED-27OCT-T0.75,KXFED,trump_truth_fed,active,binary,0.75%,Above 0.75%,0.75,,2026-09-18T15:00:00Z,2027-10-27T17:55:00Z,live,1
KXFED-27OCT-T0.50,KXFED,trump_truth_fed,active,binary,0.50%,Above 0.50%,0.5,,2026-09-18T15:00:00Z,2027-10-27T17:55:00Z,live,1
KXFED-27OCT-T0.25,KXFED,trump_truth_fed,active,binary,0.25%,Above 0.25%,0.25,,2026-09-18T15:00:00Z,2027-10-27T17:55:00Z,live,1
KXFED-27OCT-T0.00,KXFED,trump_truth_fed,active,binary,0.00%,Above 0.00%,0,,2026-09-18T15:00:00Z,2027-10-27T17:55:00Z,live,1
KXFED-27SEP-T6.00,KXFED,trump_truth_fed,active,binary,6.00%,Above 6.00%,6,,2026-09-18T15:00:00Z,2027-09-15T17:55:00Z,live,1
KXFED-27SEP-T5.75,KXFED,trump_truth_fed,active,binary,5.75%,Above 5.75%,5.75,,2026-09-18T15:00:00Z,2027-09-15T17:55:00Z,live,1
KXFED-27SEP-T5.50,KXFED,trump_truth_fed,active,binary,5.50%,Above 5.50%,5.5,,2026-09-18T15:00:00Z,2027-09-15T17:55:00Z,live,1
KXFED-27SEP-T5.25,KXFED,trump_truth_fed,active,binary,5.25%,Above 5.25%,5.25,,2026-09-18T15:00:00Z,2027-09-15T17:55:00Z,live,1
KXFED-27SEP-T5.00,KXFED,trump_truth_fed,active,binary,5.00%,Above 5.00%,5,,2026-09-18T15:00:00Z,2027-09-15T17:55:00Z,live,1
KXFED-27SEP-T4.75,KXFED,trump_truth_fed,active,binary,4.75%,Above 4.75%,4.75,,2026-09-18T15:00:00Z,2027-09-15T17:55:00Z,live,1
KXFED-27SEP-T4.50,KXFED,trump_truth_fed,active,binary,4.50%,Above 4.50%,4.5,,2026-09-18T15:00:00Z,2027-09-15T17:55:00Z,live,1
KXFED-27SEP-T4.25,KXFED,trump_truth_fed,active,binary,4.25%,Above 4.25%,4.25,,2026-09-18T15:00:00Z,2027-09-15T17:55:00Z,live,1
KXFED-27SEP-T4.00,KXFED,trump_truth_fed,active,binary,4.00%,Above 4.00%,4,,2026-09-18T15:00:00Z,2027-09-15T17:55:00Z,live,1
KXFED-27SEP-T3.75,KXFED,trump_truth_fed,active,binary,3.75%,Above 3.75%,3.75,,2026-09-18T15:00:00Z,2027-09-15T17:55:00Z,live,1
KXFED-27SEP-T3.50,KXFED,trump_truth_fed,active,binary,3.50%,Above 3.50%,3.5,,2026-09-18T15:00:00Z,2027-09-15T17:55:00Z,live,1
KXFED-27SEP-T3.25,KXFED,trump_truth_fed,active,binary,3.25%,Above 3.25%,3.25,,2026-09-18T15:00:00Z,2027-09-15T17:55:00Z,live,1
KXFED-27SEP-T3.00,KXFED,trump_truth_fed,active,binary,3.00%,Above 3.00%,3,,2026-09-18T15:00:00Z,2027-09-15T17:55:00Z,live,1
KXFED-27SEP-T2.75,KXFED,trump_truth_fed,active,binary,2.75%,Above 2.75%,2.75,,2026-09-18T15:00:00Z,2027-09-15T17:55:00Z,live,1
KXFED-27SEP-T2.50,KXFED,trump_truth_fed,active,binary,2.50%,Above 2.50%,2.5,,2026-09-18T15:00:00Z,2027-09-15T17:55:00Z,live,1
KXFED-27SEP-T2.25,KXFED,trump_truth_fed,active,binary,2.25%,Above 2.25%,2.25,,2026-09-18T15:00:00Z,2027-09-15T17:55:00Z,live,1
KXFED-27SEP-T2.00,KXFED,trump_truth_fed,active,binary,2.00%,Above 2.00%,2,,2026-09-18T15:00:00Z,2027-09-15T17:55:00Z,live,1
KXFED-27SEP-T1.75,KXFED,trump_truth_fed,active,binary,1.75%,Above 1.75%,1.75,,2026-09-18T15:00:00Z,2027-09-15T17:55:00Z,live,1
KXFED-27SEP-T1.50,KXFED,trump_truth_fed,active,binary,1.50%,Above 1.50%,1.5,,2026-09-18T15:00:00Z,2027-09-15T17:55:00Z,live,1
KXFED-27SEP-T1.25,KXFED,trump_truth_fed,active,binary,1.25%,Above 1.25%,1.25,,2026-09-18T15:00:00Z,2027-09-15T17:55:00Z,live,1
KXFED-27SEP-T1.00,KXFED,trump_truth_fed,active,binary,1.00%,Above 1.00%,1,,2026-09-18T15:00:00Z,2027-09-15T17:55:00Z,live,1
KXFED-27SEP-T0.75,KXFED,trump_truth_fed,active,binary,0.75%,Above 0.75%,0.75,,2026-09-18T15:00:00Z,2027-09-15T17:55:00Z,live,1
KXFED-27SEP-T0.50,KXFED,trump_truth_fed,active,binary,0.50%,Above 0.50%,0.5,,2026-09-18T15:00:00Z,2027-09-15T17:55:00Z,live,1
KXFED-27SEP-T0.25,KXFED,trump_truth_fed,active,binary,0.25%,Above 0.25%,0.25,,2026-09-18T15:00:00Z,2027-09-15T17:55:00Z,live,1
KXFED-27SEP-T0.00,KXFED,trump_truth_fed,active,binary,0.00%,Above 0.00%,0,,2026-09-18T15:00:00Z,2027-09-15T17:55:00Z,live,1
KXFED-27JUL-T6.00,KXFED,trump_truth_fed,active,binary,6.00%,Above 6.00%,6,,2026-09-18T15:00:00Z,2027-07-28T17:55:00Z,live,1
KXFED-27JUL-T5.75,KXFED,trump_truth_fed,active,binary,5.75%,Above 5.75%,5.75,,2026-09-18T15:00:00Z,2027-07-28T17:55:00Z,live,1
KXFED-27JUL-T5.50,KXFED,trump_truth_fed,active,binary,5.50%,Above 5.50%,5.5,,2026-09-18T15:00:00Z,2027-07-28T17:55:00Z,live,1
KXFED-27JUL-T5.25,KXFED,trump_truth_fed,active,binary,5.25%,Above 5.25%,5.25,,2026-09-18T15:00:00Z,2027-07-28T17:55:00Z,live,1
KXFED-27JUL-T5.00,KXFED,trump_truth_fed,active,binary,5.00%,Above 5.00%,5,,2026-09-18T15:00:00Z,2027-07-28T17:55:00Z,live,1
KXFED-27JUL-T4.75,KXFED,trump_truth_fed,active,binary,4.75%,Above 4.75%,4.75,,2026-09-18T15:00:00Z,2027-07-28T17:55:00Z,live,1
KXFED-27JUL-T4.50,KXFED,trump_truth_fed,active,binary,4.50%,Above 4.50%,4.5,,2026-09-18T15:00:00Z,2027-07-28T17:55:00Z,live,1
KXFED-27JUL-T4.25,KXFED,trump_truth_fed,active,binary,4.25%,Above 4.25%,4.25,,2026-09-18T15:00:00Z,2027-07-28T17:55:00Z,live,1
KXFED-27JUL-T4.00,KXFED,trump_truth_fed,active,binary,4.00%,Above 4.00%,4,,2026-09-18T15:00:00Z,2027-07-28T17:55:00Z,live,1
KXFED-27JUL-T3.75,KXFED,trump_truth_fed,active,binary,3.75%,Above 3.75%,3.75,,2026-09-18T15:00:00Z,2027-07-28T17:55:00Z,live,1
KXFED-27JUL-T3.50,KXFED,trump_truth_fed,active,binary,3.50%,Above 3.50%,3.5,,2026-09-18T15:00:00Z,2027-07-28T17:55:00Z,live,1
KXFED-27JUL-T3.25,KXFED,trump_truth_fed,active,binary,3.25%,Above 3.25%,3.25,,2026-09-18T15:00:00Z,2027-07-28T17:55:00Z,live,1
KXFED-27JUL-T3.00,KXFED,trump_truth_fed,active,binary,3.00%,Above 3.00%,3,,2026-09-18T15:00:00Z,2027-07-28T17:55:00Z,live,1
KXFED-27JUL-T2.75,KXFED,trump_truth_fed,active,binary,2.75%,Above 2.75%,2.75,,2026-09-18T15:00:00Z,2027-07-28T17:55:00Z,live,1
KXFED-27JUL-T2.50,KXFED,trump_truth_fed,active,binary,2.50%,Above 2.50%,2.5,,2026-09-18T15:00:00Z,2027-07-28T17:55:00Z,live,1
KXFED-27JUL-T2.25,KXFED,trump_truth_fed,active,binary,2.25%,Above 2.25%,2.25,,2026-09-18T15:00:00Z,2027-07-28T17:55:00Z,live,1
KXFED-27JUL-T2.00,KXFED,trump_truth_fed,active,binary,2.00%,Above 2.00%,2,,2026-09-18T15:00:00Z,2027-07-28T17:55:00Z,live,1
KXFED-27JUL-T1.75,KXFED,trump_truth_fed,active,binary,1.75%,Above 1.75%,1.75,,2026-09-18T15:00:00Z,2027-07-28T17:55:00Z,live,1
KXFED-27JUL-T1.50,KXFED,trump_truth_fed,active,binary,1.50%,Above 1.50%,1.5,,2026-09-18T15:00:00Z,2027-07-28T17:55:00Z,live,1
KXFED-27JUL-T1.25,KXFED,trump_truth_fed,active,binary,1.25%,Above 1.25%,1.25,,2026-09-18T15:00:00Z,2027-07-28T17:55:00Z,live,1
KXFED-27JUL-T1.00,KXFED,trump_truth_fed,active,binary,1.00%,Above 1.00%,1,,2026-09-18T15:00:00Z,2027-07-28T17:55:00Z,live,1
KXFED-27JUL-T0.75,KXFED,trump_truth_fed,active,binary,0.75%,Above 0.75%,0.75,,2026-09-18T15:00:00Z,2027-07-28T17:55:00Z,live,1
KXFED-27JUL-T0.50,KXFED,trump_truth_fed,active,binary,0.50%,Above 0.50%,0.5,,2026-09-18T15:00:00Z,2027-07-28T17:55:00Z,live,1
KXFED-27JUL-T0.25,KXFED,trump_truth_fed,active,binary,0.25%,Above 0.25%,0.25,,2026-09-18T15:00:00Z,2027-07-28T17:55:00Z,live,1
KXFED-27JUL-T0.00,KXFED,trump_truth_fed,active,binary,0.00%,Above 0.00%,0,,2026-09-18T15:00:00Z,2027-07-28T17:55:00Z,live,1
KXFED-27JUN-T6.00,KXFED,trump_truth_fed,active,binary,6.00%,Above 6.00%,6,,2026-09-18T15:00:00Z,2027-06-09T17:55:00Z,live,1
KXFED-27JUN-T5.75,KXFED,trump_truth_fed,active,binary,5.75%,Above 5.75%,5.75,,2026-09-18T15:00:00Z,2027-06-09T17:55:00Z,live,1
KXFED-27JUN-T5.50,KXFED,trump_truth_fed,active,binary,5.50%,Above 5.50%,5.5,,2026-09-18T15:00:00Z,2027-06-09T17:55:00Z,live,1
KXFED-27JUN-T5.25,KXFED,trump_truth_fed,active,binary,5.25%,Above 5.25%,5.25,,2026-09-18T15:00:00Z,2027-06-09T17:55:00Z,live,1
KXFED-27JUN-T5.00,KXFED,trump_truth_fed,active,binary,5.00%,Above 5.00%,5,,2026-09-18T15:00:00Z,2027-06-09T17:55:00Z,live,1
KXFED-27JUN-T4.75,KXFED,trump_truth_fed,active,binary,4.75%,Above 4.75%,4.75,,2026-09-18T15:00:00Z,2027-06-09T17:55:00Z,live,1
KXFED-27JUN-T4.50,KXFED,trump_truth_fed,active,binary,4.50%,Above 4.50%,4.5,,2026-09-18T15:00:00Z,2027-06-09T17:55:00Z,live,1
KXFED-27JUN-T4.25,KXFED,trump_truth_fed,active,binary,4.25%,Above 4.25%,4.25,,2026-09-18T15:00:00Z,2027-06-09T17:55:00Z,live,1
KXFED-27JUN-T4.00,KXFED,trump_truth_fed,active,binary,4.00%,Above 4.00%,4,,2026-09-18T15:00:00Z,2027-06-09T17:55:00Z,live,1
KXFED-27JUN-T3.75,KXFED,trump_truth_fed,active,binary,3.75%,Above 3.75%,3.75,,2026-09-18T15:00:00Z,2027-06-09T17:55:00Z,live,1
KXFED-27JUN-T3.50,KXFED,trump_truth_fed,active,binary,3.50%,Above 3.50%,3.5,,2026-09-18T15:00:00Z,2027-06-09T17:55:00Z,live,1
KXFED-27JUN-T3.25,KXFED,trump_truth_fed,active,binary,3.25%,Above 3.25%,3.25,,2026-09-18T15:00:00Z,2027-06-09T17:55:00Z,live,1
KXFED-27JUN-T3.00,KXFED,trump_truth_fed,active,binary,3.00%,Above 3.00%,3,,2026-09-18T15:00:00Z,2027-06-09T17:55:00Z,live,1
KXFED-27JUN-T2.75,KXFED,trump_truth_fed,active,binary,2.75%,Above 2.75%,2.75,,2026-09-18T15:00:00Z,2027-06-09T17:55:00Z,live,1
KXFED-27JUN-T2.50,KXFED,trump_truth_fed,active,binary,2.50%,Above 2.50%,2.5,,2026-09-18T15:00:00Z,2027-06-09T17:55:00Z,live,1
KXFED-27JUN-T2.25,KXFED,trump_truth_fed,active,binary,2.25%,Above 2.25%,2.25,,2026-09-18T15:00:00Z,2027-06-09T17:55:00Z,live,1
KXFED-27JUN-T2.00,KXFED,trump_truth_fed,active,binary,2.00%,Above 2.00%,2,,2026-09-18T15:00:00Z,2027-06-09T17:55:00Z,live,1
KXFED-27JUN-T1.75,KXFED,trump_truth_fed,active,binary,1.75%,Above 1.75%,1.75,,2026-09-18T15:00:00Z,2027-06-09T17:55:00Z,live,1
KXFED-27JUN-T1.50,KXFED,trump_truth_fed,active,binary,1.50%,Above 1.50%,1.5,,2026-09-18T15:00:00Z,2027-06-09T17:55:00Z,live,1
KXFED-27JUN-T1.25,KXFED,trump_truth_fed,active,binary,1.25%,Above 1.25%,1.25,,2026-09-18T15:00:00Z,2027-06-09T17:55:00Z,live,1
KXFED-27JUN-T1.00,KXFED,trump_truth_fed,active,binary,1.00%,Above 1.00%,1,,2026-09-18T15:00:00Z,2027-06-09T17:55:00Z,live,1
KXFED-27JUN-T0.75,KXFED,trump_truth_fed,active,binary,0.75%,Above 0.75%,0.75,,2026-09-18T15:00:00Z,2027-06-09T17:55:00Z,live,1
KXFED-27JUN-T0.50,KXFED,trump_truth_fed,active,binary,0.50%,Above 0.50%,0.5,,2026-09-18T15:00:00Z,2027-06-09T17:55:00Z,live,1
KXFED-27JUN-T0.25,KXFED,trump_truth_fed,active,binary,0.25%,Above 0.25%,0.25,,2026-09-18T15:00:00Z,2027-06-09T17:55:00Z,live,1
KXFED-27JUN-T0.00,KXFED,trump_truth_fed,active,binary,0.00%,Above 0.00%,0,,2026-09-18T15:00:00Z,2027-06-09T17:55:00Z,live,1
KXFED-27APR-T4.25,KXFED,trump_truth_fed,active,binary,4.25%,Above 4.25%,4.25,,2025-10-13T14:00:00Z,2027-04-28T17:55:00Z,live,46
KXFED-27APR-T4.00,KXFED,trump_truth_fed,active,binary,4.00%,Above 4.00%,4,,2025-10-13T14:00:00Z,2027-04-28T17:55:00Z,live,49
KXFED-27APR-T3.75,KXFED,trump_truth_fed,active,binary,3.75%,Above 3.75%,3.75,,2025-10-13T14:00:00Z,2027-04-28T17:55:00Z,live,49
KXFED-27APR-T3.50,KXFED,trump_truth_fed,active,binary,3.50%,Above 3.50%,3.5,,2025-10-13T14:00:00Z,2027-04-28T17:55:00Z,live,49
KXFED-27APR-T3.25,KXFED,trump_truth_fed,active,binary,3.25%,Above 3.25%,3.25,,2025-10-13T14:00:00Z,2027-04-28T17:55:00Z,live,49
KXFED-27APR-T3.00,KXFED,trump_truth_fed,active,binary,3.00%,Above 3.00%,3,,2025-10-13T14:00:00Z,2027-04-28T17:55:00Z,live,47
KXFED-27APR-T2.75,KXFED,trump_truth_fed,active,binary,2.75%,Above 2.75%,2.75,,2025-10-13T14:00:00Z,2027-04-28T17:55:00Z,live,49
KXFED-27APR-T2.50,KXFED,trump_truth_fed,active,binary,2.50%,Above 2.50%,2.5,,2025-10-13T14:00:00Z,2027-04-28T17:55:00Z,live,48
KXFED-27APR-T2.25,KXFED,trump_truth_fed,active,binary,2.25%,Above 2.25%,2.25,,2025-10-13T14:00:00Z,2027-04-28T17:55:00Z,live,49
KXFED-27APR-T2.00,KXFED,trump_truth_fed,active,binary,2.00%,Above 2.00%,2,,2025-10-13T14:00:00Z,2027-04-28T17:55:00Z,live,47
KXFED-27APR-T1.75,KXFED,trump_truth_fed,active,binary,1.75%,Above 1.75%,1.75,,2025-10-13T14:00:00Z,2027-04-28T17:55:00Z,live,48
KXFED-27APR-T1.50,KXFED,trump_truth_fed,active,binary,1.50%,Above 1.50%,1.5,,2025-10-13T14:00:00Z,2027-04-28T17:55:00Z,live,48
KXFED-27APR-T1.25,KXFED,trump_truth_fed,active,binary,1.25%,Above 1.25%,1.25,,2025-10-13T14:00:00Z,2027-04-28T17:55:00Z,live,48
KXFED-27APR-T1.00,KXFED,trump_truth_fed,active,binary,1.00%,Above 1.00%,1,,2025-10-13T14:00:00Z,2027-04-28T17:55:00Z,live,48
KXFED-27APR-T0.75,KXFED,trump_truth_fed,active,binary,0.75%,Above 0.75%,0.75,,2025-10-13T14:00:00Z,2027-04-28T17:55:00Z,live,46
KXFED-27APR-T0.50,KXFED,trump_truth_fed,active,binary,0.50%,Above 0.50%,0.5,,2025-10-13T14:00:00Z,2027-04-28T17:55:00Z,live,46
KXFED-27APR-T0.25,KXFED,trump_truth_fed,active,binary,0.25%,Above 0.25%,0.25,,2025-10-13T14:00:00Z,2027-04-28T17:55:00Z,live,43
KXFED-27APR-T0.00,KXFED,trump_truth_fed,active,binary,0.00%,Above 0.00%,0,,2025-10-13T14:00:00Z,2027-04-28T17:55:00Z,live,40
KXFED-27MAR-T4.25,KXFED,trump_truth_fed,active,binary,4.25%,Above 4.25%,4.25,,2025-10-13T14:00:00Z,2027-03-17T17:55:00Z,live,46
KXFED-27MAR-T4.00,KXFED,trump_truth_fed,active,binary,4.00%,Above 4.00%,4,,2025-10-13T14:00:00Z,2027-03-17T17:55:00Z,live,49
KXFED-27MAR-T3.75,KXFED,trump_truth_fed,active,binary,3.75%,Above 3.75%,3.75,,2025-10-13T14:00:00Z,2027-03-17T17:55:00Z,live,43
KXFED-27MAR-T3.50,KXFED,trump_truth_fed,active,binary,3.50%,Above 3.50%,3.5,,2025-10-13T14:00:00Z,2027-03-17T17:55:00Z,live,45
KXFED-27MAR-T3.25,KXFED,trump_truth_fed,active,binary,3.25%,Above 3.25%,3.25,,2025-10-13T14:00:00Z,2027-03-17T17:55:00Z,live,48
KXFED-27MAR-T3.00,KXFED,trump_truth_fed,active,binary,3.00%,Above 3.00%,3,,2025-10-13T14:00:00Z,2027-03-17T17:55:00Z,live,46
KXFED-27MAR-T2.75,KXFED,trump_truth_fed,active,binary,2.75%,Above 2.75%,2.75,,2025-10-13T14:00:00Z,2027-03-17T17:55:00Z,live,45
KXFED-27MAR-T2.50,KXFED,trump_truth_fed,active,binary,2.50%,Above 2.50%,2.5,,2025-10-13T14:00:00Z,2027-03-17T17:55:00Z,live,43
KXFED-27MAR-T2.25,KXFED,trump_truth_fed,active,binary,2.25%,Above 2.25%,2.25,,2025-10-13T14:00:00Z,2027-03-17T17:55:00Z,live,45
KXFED-27MAR-T2.00,KXFED,trump_truth_fed,active,binary,2.00%,Above 2.00%,2,,2025-10-13T14:00:00Z,2027-03-17T17:55:00Z,live,38
KXFED-27MAR-T1.75,KXFED,trump_truth_fed,active,binary,1.75%,Above 1.75%,1.75,,2025-10-13T14:00:00Z,2027-03-17T17:55:00Z,live,41
KXFED-27MAR-T1.50,KXFED,trump_truth_fed,active,binary,1.50%,Above 1.50%,1.5,,2025-10-13T14:00:00Z,2027-03-17T17:55:00Z,live,40
KXFED-27MAR-T1.25,KXFED,trump_truth_fed,active,binary,1.25%,Above 1.25%,1.25,,2025-10-13T14:00:00Z,2027-03-17T17:55:00Z,live,38
KXFED-27MAR-T1.00,KXFED,trump_truth_fed,active,binary,1.00%,Above 1.00%,1,,2025-10-13T14:00:00Z,2027-03-17T17:55:00Z,live,37
KXFED-27MAR-T0.75,KXFED,trump_truth_fed,active,binary,0.75%,Above 0.75%,0.75,,2025-10-13T14:00:00Z,2027-03-17T17:55:00Z,live,32
KXFED-27MAR-T0.50,KXFED,trump_truth_fed,active,binary,0.50%,Above 0.50%,0.5,,2025-10-13T14:00:00Z,2027-03-17T17:55:00Z,live,32
KXFED-27MAR-T0.25,KXFED,trump_truth_fed,active,binary,0.25%,Above 0.25%,0.25,,2025-10-13T14:00:00Z,2027-03-17T17:55:00Z,live,36
KXFED-27MAR-T0.00,KXFED,trump_truth_fed,active,binary,0.00%,Above 0.00%,0,,2025-10-13T14:00:00Z,2027-03-17T17:55:00Z,live,35
KXFED-27JAN-T4.25,KXFED,trump_truth_fed,active,binary,4.25%,Above 4.25%,4.25,,2025-10-06T14:00:00Z,2027-01-27T18:55:00Z,live,44
KXFED-27JAN-T4.00,KXFED,trump_truth_fed,active,binary,4.00%,Above 4.00%,4,,2025-10-06T14:00:00Z,2027-01-27T18:55:00Z,live,48
KXFED-27JAN-T3.75,KXFED,trump_truth_fed,active,binary,3.75%,Above 3.75%,3.75,,2025-10-06T14:00:00Z,2027-01-27T18:55:00Z,live,47
KXFED-27JAN-T3.50,KXFED,trump_truth_fed,active,binary,3.50%,Above 3.50%,3.5,,2025-10-06T14:00:00Z,2027-01-27T18:55:00Z,live,45
KXFED-27JAN-T3.25,KXFED,trump_truth_fed,active,binary,3.25%,Above 3.25%,3.25,,2025-10-06T14:00:00Z,2027-01-27T18:55:00Z,live,49
KXFED-27JAN-T3.00,KXFED,trump_truth_fed,active,binary,3.00%,Above 3.00%,3,,2025-10-06T14:00:00Z,2027-01-27T18:55:00Z,live,46
KXFED-27JAN-T2.75,KXFED,trump_truth_fed,active,binary,2.75%,Above 2.75%,2.75,,2025-10-06T14:00:00Z,2027-01-27T18:55:00Z,live,47
KXFED-27JAN-T2.50,KXFED,trump_truth_fed,active,binary,2.50%,Above 2.50%,2.5,,2025-10-06T14:00:00Z,2027-01-27T18:55:00Z,live,47
KXFED-27JAN-T2.25,KXFED,trump_truth_fed,active,binary,2.25%,Above 2.25%,2.25,,2025-10-06T14:00:00Z,2027-01-27T18:55:00Z,live,43
KXFED-27JAN-T2.00,KXFED,trump_truth_fed,active,binary,2.00%,Above 2.00%,2,,2025-10-06T14:00:00Z,2027-01-27T18:55:00Z,live,45
KXFED-27JAN-T1.75,KXFED,trump_truth_fed,active,binary,1.75%,Above 1.75%,1.75,,2025-10-06T14:00:00Z,2027-01-27T18:55:00Z,live,43
KXFED-27JAN-T1.50,KXFED,trump_truth_fed,active,binary,1.50%,Above 1.50%,1.5,,2025-10-06T14:00:00Z,2027-01-27T18:55:00Z,live,45
KXFED-27JAN-T1.25,KXFED,trump_truth_fed,active,binary,1.25%,Above 1.25%,1.25,,2025-10-06T14:00:00Z,2027-01-27T18:55:00Z,live,44
KXFED-27JAN-T1.00,KXFED,trump_truth_fed,active,binary,1.00%,Above 1.00%,1,,2025-10-06T14:00:00Z,2027-01-27T18:55:00Z,live,41
KXFED-27JAN-T0.75,KXFED,trump_truth_fed,active,binary,0.75%,Above 0.75%,0.75,,2025-10-06T14:00:00Z,2027-01-27T18:55:00Z,live,46
KXFED-27JAN-T0.50,KXFED,trump_truth_fed,active,binary,0.50%,Above 0.50%,0.5,,2025-10-06T14:00:00Z,2027-01-27T18:55:00Z,live,46
KXFED-27JAN-T0.25,KXFED,trump_truth_fed,active,binary,0.25%,Above 0.25%,0.25,,2025-10-06T14:00:00Z,2027-01-27T18:55:00Z,live,43
KXFED-27JAN-T0.00,KXFED,trump_truth_fed,active,binary,0.00%,Above 0.00%,0,,2025-10-06T14:00:00Z,2027-01-27T18:55:00Z,live,42
KXFED-26DEC-T5.25,KXFED,trump_truth_fed,active,binary,5.25%,Above 5.25%,5.25,,2025-08-06T14:30:00Z,2026-12-09T18:55:00Z,live,30
KXFED-26DEC-T5.00,KXFED,trump_truth_fed,active,binary,5.00%,Above 5.00%,5,,2025-08-06T14:30:00Z,2026-12-09T18:55:00Z,live,41
KXFED-26DEC-T4.75,KXFED,trump_truth_fed,active,binary,4.75%,Above 4.75%,4.75,,2025-08-06T14:30:00Z,2026-12-09T18:55:00Z,live,34
KXFED-26DEC-T4.50,KXFED,trump_truth_fed,active,binary,4.50%,Above 4.50%,4.5,,2025-08-06T14:30:00Z,2026-12-09T18:55:00Z,live,40
KXFED-26DEC-T4.25,KXFED,trump_truth_fed,active,binary,4.25%,Above 4.25%,4.25,,2025-08-06T14:30:00Z,2026-12-09T18:55:00Z,live,49
KXFED-26DEC-T4.00,KXFED,trump_truth_fed,active,binary,4.00%,Above 4.00%,4,,2025-08-06T14:30:00Z,2026-12-09T18:55:00Z,live,48
KXFED-26DEC-T3.75,KXFED,trump_truth_fed,active,binary,3.75%,Above 3.75%,3.75,,2025-08-06T14:30:00Z,2026-12-09T18:55:00Z,live,47
KXFED-26DEC-T3.50,KXFED,trump_truth_fed,active,binary,3.50%,Above 3.50%,3.5,,2025-08-06T14:30:00Z,2026-12-09T18:55:00Z,live,49
KXFED-26DEC-T3.25,KXFED,trump_truth_fed,active,binary,3.25%,Above 3.25%,3.25,,2025-08-06T14:30:00Z,2026-12-09T18:55:00Z,live,47
KXFED-26DEC-T3.00,KXFED,trump_truth_fed,active,binary,3.00%,Above 3.00%,3,,2025-08-06T14:30:00Z,2026-12-09T18:55:00Z,live,43
KXFED-26DEC-T2.75,KXFED,trump_truth_fed,active,binary,2.75%,Above 2.75%,2.75,,2025-08-06T14:30:00Z,2026-12-09T18:55:00Z,live,46
KXFED-26OCT-T5.25,KXFED,trump_truth_fed,active,binary,5.25%,Above 5.25%,5.25,,2025-08-06T14:30:00Z,2026-10-28T17:55:00Z,live,42
KXFED-26OCT-T5.00,KXFED,trump_truth_fed,active,binary,5.00%,Above 5.00%,5,,2025-08-06T14:30:00Z,2026-10-28T17:55:00Z,live,38
KXFED-26OCT-T4.75,KXFED,trump_truth_fed,active,binary,4.75%,Above 4.75%,4.75,,2025-08-06T14:30:00Z,2026-10-28T17:55:00Z,live,41
KXFED-26OCT-T4.50,KXFED,trump_truth_fed,active,binary,4.50%,Above 4.50%,4.5,,2025-08-06T14:30:00Z,2026-10-28T17:55:00Z,live,44
KXFED-26OCT-T4.25,KXFED,trump_truth_fed,active,binary,4.25%,Above 4.25%,4.25,,2025-08-06T14:30:00Z,2026-10-28T17:55:00Z,live,43
KXFED-26OCT-T4.00,KXFED,trump_truth_fed,active,binary,4.00%,Above 4.00%,4,,2025-08-06T14:30:00Z,2026-10-28T17:55:00Z,live,49
KXFED-26OCT-T3.75,KXFED,trump_truth_fed,active,binary,3.75%,Above 3.75%,3.75,,2025-08-06T14:30:00Z,2026-10-28T17:55:00Z,live,49
KXFED-26OCT-T3.50,KXFED,trump_truth_fed,active,binary,3.50%,Above 3.50%,3.5,,2025-08-06T14:30:00Z,2026-10-28T17:55:00Z,live,46
KXFED-26OCT-T3.25,KXFED,trump_truth_fed,active,binary,3.25%,Above 3.25%,3.25,,2025-08-06T14:30:00Z,2026-10-28T17:55:00Z,live,45
KXFED-26OCT-T3.00,KXFED,trump_truth_fed,active,binary,3.00%,Above 3.00%,3,,2025-08-06T14:30:00Z,2026-10-28T17:55:00Z,live,38
KXFED-26OCT-T2.75,KXFED,trump_truth_fed,active,binary,2.75%,Above 2.75%,2.75,,2025-08-06T14:30:00Z,2026-10-28T17:55:00Z,live,40
KXFED-26SEP-T5.25,KXFED,trump_truth_fed,finalized,binary,5.25%,Above 5.25%,5.25,,2025-08-06T14:30:00Z,2026-09-16T17:55:00Z,live,41
KXFED-26SEP-T5.00,KXFED,trump_truth_fed,finalized,binary,5.00%,Above 5.00%,5,,2025-08-06T14:30:00Z,2026-09-16T17:55:00Z,live,42
KXFED-26SEP-T4.75,KXFED,trump_truth_fed,finalized,binary,4.75%,Above 4.75%,4.75,,2025-08-06T14:30:00Z,2026-09-16T17:55:00Z,live,41
KXFED-26SEP-T4.50,KXFED,trump_truth_fed,finalized,binary,4.50%,Above 4.50%,4.5,,2025-08-06T14:30:00Z,2026-09-16T17:55:00Z,live,42
KXFED-26SEP-T4.25,KXFED,trump_truth_fed,finalized,binary,4.25%,Above 4.25%,4.25,,2025-08-06T14:30:00Z,2026-09-16T17:55:00Z,live,44
KXFED-26SEP-T4.00,KXFED,trump_truth_fed,finalized,binary,4.00%,Above 4.00%,4,,2025-08-06T14:30:00Z,2026-09-16T17:55:00Z,live,47
KXFED-26SEP-T3.75,KXFED,trump_truth_fed,finalized,binary,3.75%,Above 3.75%,3.75,,2025-08-06T14:30:00Z,2026-09-16T17:55:00Z,live,47
KXFED-26SEP-T3.50,KXFED,trump_truth_fed,finalized,binary,3.50%,Above 3.50%,3.5,,2025-08-06T14:30:00Z,2026-09-16T17:55:00Z,live,41
KXFED-26SEP-T3.25,KXFED,trump_truth_fed,finalized,binary,3.25%,Above 3.25%,3.25,,2025-08-06T14:30:00Z,2026-09-16T17:55:00Z,live,28
KXFED-26SEP-T3.00,KXFED,trump_truth_fed,finalized,binary,3.00%,Above 3.00%,3,,2025-08-06T14:30:00Z,2026-09-16T17:55:00Z,live,40
KXFED-26SEP-T2.75,KXFED,trump_truth_fed,finalized,binary,2.75%,Above 2.75%,2.75,,2025-08-06T14:30:00Z,2026-09-16T17:55:00Z,live,42
KXCPI-26DEC-T0.9,KXCPI,hormuz_retaliation_threat,active,binary,0.9%,Above 0.9%,0.9,,2026-09-17T15:30:00Z,2027-01-13T13:25:00Z,live,2
KXCPI-26DEC-T0.8,KXCPI,hormuz_retaliation_threat,active,binary,0.8%,Above 0.8%,0.8,,2026-09-17T15:30:00Z,2027-01-13T13:25:00Z,live,2
KXCPI-26DEC-T0.7,KXCPI,hormuz_retaliation_threat,active,binary,0.7%,Above 0.7%,0.7,,2026-09-17T15:30:00Z,2027-01-13T13:25:00Z,live,2
KXCPI-26DEC-T0.6,KXCPI,hormuz_retaliation_threat,active,binary,0.6%,Above 0.6%,0.6,,2026-09-17T15:30:00Z,2027-01-13T13:25:00Z,live,2
KXCPI-26DEC-T0.5,KXCPI,hormuz_retaliation_threat,active,binary,0.5%,Above 0.5%,0.5,,2026-09-17T15:30:00Z,2027-01-13T13:25:00Z,live,2
KXCPI-26DEC-T0.4,KXCPI,hormuz_retaliation_threat,active,binary,0.4%,Above 0.4%,0.4,,2026-09-17T15:30:00Z,2027-01-13T13:25:00Z,live,2
KXCPI-26DEC-T0.3,KXCPI,hormuz_retaliation_threat,active,binary,0.3%,Above 0.3%,0.3,,2026-09-17T15:30:00Z,2027-01-13T13:25:00Z,live,2
KXCPI-26DEC-T0.2,KXCPI,hormuz_retaliation_threat,active,binary,0.2%,Above 0.2%,0.2,,2026-09-17T15:30:00Z,2027-01-13T13:25:00Z,live,2
KXCPI-26DEC-T0.1,KXCPI,hormuz_retaliation_threat,active,binary,0.1%,Above 0.1%,0.1,,2026-09-17T15:30:00Z,2027-01-13T13:25:00Z,live,2
KXCPI-26DEC-T-0.1,KXCPI,hormuz_retaliation_threat,active,binary,-0.1%,Above -0.1%,-0.1,,2026-09-17T15:30:00Z,2027-01-13T13:25:00Z,live,2
KXCPI-26DEC-T0.0,KXCPI,hormuz_retaliation_threat,active,binary,0.0%,Above 0.0%,0,,2026-09-17T15:30:00Z,2027-01-13T13:25:00Z,live,2
KXCPI-26SEP-T0.9,KXCPI,hormuz_retaliation_threat,active,binary,0.9%,Above 0.9%,0.9,,2026-09-17T15:30:00Z,2026-10-14T12:25:00Z,live,2
KXCPI-26SEP-T0.8,KXCPI,hormuz_retaliation_threat,active,binary,0.8%,Above 0.8%,0.8,,2026-09-17T15:30:00Z,2026-10-14T12:25:00Z,live,2
KXCPI-26SEP-T0.7,KXCPI,hormuz_retaliation_threat,active,binary,0.7%,Above 0.7%,0.7,,2026-09-17T15:30:00Z,2026-10-14T12:25:00Z,live,2
KXCPI-26AUG-T1.0,KXCPI,hormuz_retaliation_threat,finalized,binary,1.0%,Above 1.0%,1,,2026-07-23T21:00:00Z,2026-09-11T12:25:00Z,live,35
KXCPI-26AUG-T0.9,KXCPI,hormuz_retaliation_threat,finalized,binary,0.9%,Above 0.9%,0.9,,2026-07-23T21:00:00Z,2026-09-11T12:25:00Z,live,37
KXCPI-26AUG-T0.8,KXCPI,hormuz_retaliation_threat,finalized,binary,0.8%,Above 0.8%,0.8,,2026-07-23T21:00:00Z,2026-09-11T12:25:00Z,live,35
KXCPI-26AUG-T0.7,KXCPI,hormuz_retaliation_threat,finalized,binary,0.7%,Above 0.7%,0.7,,2026-07-23T21:00:00Z,2026-09-11T12:25:00Z,live,39
KXCPI-26AUG-T0.6,KXCPI,hormuz_retaliation_threat,finalized,binary,0.6%,Above 0.6%,0.6,,2026-07-23T21:00:00Z,2026-09-11T12:25:00Z,live,39
KXCPI-26SEP-T0.6,KXCPI,hormuz_retaliation_threat,active,binary,0.6%,Above 0.6%,0.6,,2026-07-20T18:00:00Z,2026-10-14T12:25:00Z,live,49
KXCPI-26SEP-T-0.4,KXCPI,hormuz_retaliation_threat,active,binary,-0.4%,Above -0.4%,-0.4,,2026-07-20T18:00:00Z,2026-10-14T12:25:00Z,live,41
KXCPI-26SEP-T-0.3,KXCPI,hormuz_retaliation_threat,active,binary,-0.3%,Above -0.3%,-0.3,,2026-07-20T18:00:00Z,2026-10-14T12:25:00Z,live,44
KXCPI-26SEP-T-0.2,KXCPI,hormuz_retaliation_threat,active,binary,-0.2%,Above -0.2%,-0.2,,2026-07-20T18:00:00Z,2026-10-14T12:25:00Z,live,43
KXCPI-26AUG-T-0.4,KXCPI,hormuz_retaliation_threat,finalized,binary,-0.4%,Above -0.4%,-0.4,,2026-07-20T18:00:00Z,2026-09-11T12:25:00Z,live,35
KXCPI-26AUG-T-0.3,KXCPI,hormuz_retaliation_threat,finalized,binary,-0.3%,Above -0.3%,-0.3,,2026-07-20T18:00:00Z,2026-09-11T12:25:00Z,live,37
KXCPI-26AUG-T-0.2,KXCPI,hormuz_retaliation_threat,finalized,binary,-0.2%,Above -0.2%,-0.2,,2026-07-20T18:00:00Z,2026-09-11T12:25:00Z,live,38
KXCPI-26JUL-T-0.4,KXCPI,hormuz_retaliation_threat,finalized,binary,-0.4%,Above -0.4%,-0.4,,2026-06-16T17:45:00Z,2026-08-12T12:25:00Z,live,12
KXCPI-26JUL-T-0.3,KXCPI,hormuz_retaliation_threat,finalized,binary,-0.3%,Above -0.3%,-0.3,,2026-06-16T17:45:00Z,2026-08-12T12:25:00Z,live,12
KXCPI-26JUL-T-0.2,KXCPI,hormuz_retaliation_threat,finalized,binary,-0.2%,Above -0.2%,-0.2,,2026-06-16T17:45:00Z,2026-08-12T12:25:00Z,live,12
KXCPI-26NOV-T0.5,KXCPI,hormuz_retaliation_threat,active,binary,0.5%,Above 0.5%,0.5,,2026-02-20T15:00:00Z,2026-12-10T13:25:00Z,live,33
KXCPI-26NOV-T0.4,KXCPI,hormuz_retaliation_threat,active,binary,0.4%,Above 0.4%,0.4,,2026-02-20T15:00:00Z,2026-12-10T13:25:00Z,live,32
KXCPI-26NOV-T0.3,KXCPI,hormuz_retaliation_threat,active,binary,0.3%,Above 0.3%,0.3,,2026-02-20T15:00:00Z,2026-12-10T13:25:00Z,live,43
KXCPI-26NOV-T0.2,KXCPI,hormuz_retaliation_threat,active,binary,0.2%,Above 0.2%,0.2,,2026-02-20T15:00:00Z,2026-12-10T13:25:00Z,live,43
KXCPI-26NOV-T0.1,KXCPI,hormuz_retaliation_threat,active,binary,0.1%,Above 0.1%,0.1,,2026-02-20T15:00:00Z,2026-12-10T13:25:00Z,live,42
KXCPI-26NOV-T-0.1,KXCPI,hormuz_retaliation_threat,active,binary,-0.1%,Above -0.1%,-0.1,,2026-02-20T15:00:00Z,2026-12-10T13:25:00Z,live,27
KXCPI-26NOV-T0.0,KXCPI,hormuz_retaliation_threat,active,binary,0.0%,Above 0.0%,0,,2026-02-20T15:00:00Z,2026-12-10T13:25:00Z,live,38
KXCPI-26OCT-T0.5,KXCPI,hormuz_retaliation_threat,active,binary,0.5%,Above 0.5%,0.5,,2026-02-20T15:00:00Z,2026-11-10T13:25:00Z,live,30
KXCPI-26OCT-T0.4,KXCPI,hormuz_retaliation_threat,active,binary,0.4%,Above 0.4%,0.4,,2026-02-20T15:00:00Z,2026-11-10T13:25:00Z,live,37
KXCPI-26OCT-T0.3,KXCPI,hormuz_retaliation_threat,active,binary,0.3%,Above 0.3%,0.3,,2026-02-20T15:00:00Z,2026-11-10T13:25:00Z,live,47
KXCPI-26OCT-T0.2,KXCPI,hormuz_retaliation_threat,active,binary,0.2%,Above 0.2%,0.2,,2026-02-20T15:00:00Z,2026-11-10T13:25:00Z,live,46
KXCPI-26OCT-T0.1,KXCPI,hormuz_retaliation_threat,active,binary,0.1%,Above 0.1%,0.1,,2026-02-20T15:00:00Z,2026-11-10T13:25:00Z,live,35
KXCPI-26OCT-T-0.1,KXCPI,hormuz_retaliation_threat,active,binary,-0.1%,Above -0.1%,-0.1,,2026-02-20T15:00:00Z,2026-11-10T13:25:00Z,live,41
KXCPI-26OCT-T0.0,KXCPI,hormuz_retaliation_threat,active,binary,0.0%,Above 0.0%,0,,2026-02-20T15:00:00Z,2026-11-10T13:25:00Z,live,36
KXCPI-26SEP-T0.5,KXCPI,hormuz_retaliation_threat,active,binary,0.5%,Above 0.5%,0.5,,2026-02-20T15:00:00Z,2026-10-14T12:25:00Z,live,45
KXCPI-26SEP-T0.4,KXCPI,hormuz_retaliation_threat,active,binary,0.4%,Above 0.4%,0.4,,2026-02-20T15:00:00Z,2026-10-14T12:25:00Z,live,49
KXCPI-26SEP-T0.3,KXCPI,hormuz_retaliation_threat,active,binary,0.3%,Above 0.3%,0.3,,2026-02-20T15:00:00Z,2026-10-14T12:25:00Z,live,49
KXCPI-26SEP-T0.2,KXCPI,hormuz_retaliation_threat,active,binary,0.2%,Above 0.2%,0.2,,2026-02-20T15:00:00Z,2026-10-14T12:25:00Z,live,49
KXCPI-26SEP-T0.1,KXCPI,hormuz_retaliation_threat,active,binary,0.1%,Above 0.1%,0.1,,2026-02-20T15:00:00Z,2026-10-14T12:25:00Z,live,46
KXCPI-26SEP-T-0.1,KXCPI,hormuz_retaliation_threat,active,binary,-0.1%,Above -0.1%,-0.1,,2026-02-20T15:00:00Z,2026-10-14T12:25:00Z,live,47
KXCPI-26SEP-T0.0,KXCPI,hormuz_retaliation_threat,active,binary,0.0%,Above 0.0%,0,,2026-02-20T15:00:00Z,2026-10-14T12:25:00Z,live,43
KXCPI-26AUG-T0.5,KXCPI,hormuz_retaliation_threat,finalized,binary,0.5%,Above 0.5%,0.5,,2026-02-20T15:00:00Z,2026-09-11T12:25:00Z,live,39
KXCPI-26AUG-T0.4,KXCPI,hormuz_retaliation_threat,finalized,binary,0.4%,Above 0.4%,0.4,,2026-02-20T15:00:00Z,2026-09-11T12:25:00Z,live,42
KXCPI-26AUG-T0.3,KXCPI,hormuz_retaliation_threat,finalized,binary,0.3%,Above 0.3%,0.3,,2026-02-20T15:00:00Z,2026-09-11T12:25:00Z,live,42
KXCPI-26AUG-T0.2,KXCPI,hormuz_retaliation_threat,finalized,binary,0.2%,Above 0.2%,0.2,,2026-02-20T15:00:00Z,2026-09-11T12:25:00Z,live,42
KXCPI-26AUG-T0.1,KXCPI,hormuz_retaliation_threat,finalized,binary,0.1%,Above 0.1%,0.1,,2026-02-20T15:00:00Z,2026-09-11T12:25:00Z,live,41
KXCPI-26AUG-T-0.1,KXCPI,hormuz_retaliation_threat,finalized,binary,-0.1%,Above -0.1%,-0.1,,2026-02-20T15:00:00Z,2026-09-11T12:25:00Z,live,33
KXCPI-26AUG-T0.0,KXCPI,hormuz_retaliation_threat,finalized,binary,0.0%,Above 0.0%,0,,2026-02-20T15:00:00Z,2026-09-11T12:25:00Z,live,36
KXCPI-26JUL-T0.5,KXCPI,hormuz_retaliation_threat,finalized,binary,0.5%,Above 0.5%,0.5,,2026-02-20T15:00:00Z,2026-08-12T12:25:00Z,live,12
KXCPI-26JUL-T0.4,KXCPI,hormuz_retaliation_threat,finalized,binary,0.4%,Above 0.4%,0.4,,2026-02-20T15:00:00Z,2026-08-12T12:25:00Z,live,12
KXCPI-26JUL-T0.3,KXCPI,hormuz_retaliation_threat,finalized,binary,0.3%,Above 0.3%,0.3,,2026-02-20T15:00:00Z,2026-08-12T12:25:00Z,live,12
KXCPI-26JUL-T0.2,KXCPI,hormuz_retaliation_threat,finalized,binary,0.2%,Above 0.2%,0.2,,2026-02-20T15:00:00Z,2026-08-12T12:25:00Z,live,12
KXCPI-26JUL-T0.1,KXCPI,hormuz_retaliation_threat,finalized,binary,0.1%,Above 0.1%,0.1,,2026-02-20T15:00:00Z,2026-08-12T12:25:00Z,live,12
KXCPI-26JUL-T-0.1,KXCPI,hormuz_retaliation_threat,finalized,binary,-0.1%,Above -0.1%,-0.1,,2026-02-20T15:00:00Z,2026-08-12T12:25:00Z,live,12
KXCPI-26JUL-T0.0,KXCPI,hormuz_retaliation_threat,finalized,binary,0.0%,Above 0.0%,0,,2026-02-20T15:00:00Z,2026-08-12T12:25:00Z,live,12
KXCPICORE-26NOV-T1.0,KXCPICORE,hormuz_retaliation_threat,active,binary,1.0,Above 1.0%,1,1,2026-06-11T00:15:00Z,2026-12-10T13:25:00Z,live,7
KXCPICORE-26NOV-T0.9,KXCPICORE,hormuz_retaliation_threat,active,binary,0.9,Above 0.9%,0.9,0.9,2026-06-11T00:15:00Z,2026-12-10T13:25:00Z,live,19
KXCPICORE-26NOV-T0.8,KXCPICORE,hormuz_retaliation_threat,active,binary,0.8,Above 0.8%,0.8,0.8,2026-06-11T00:15:00Z,2026-12-10T13:25:00Z,live,21
KXCPICORE-26NOV-T0.7,KXCPICORE,hormuz_retaliation_threat,active,binary,0.7,Above 0.7%,0.7,0.7,2026-06-11T00:15:00Z,2026-12-10T13:25:00Z,live,33
KXCPICORE-26NOV-T0.6,KXCPICORE,hormuz_retaliation_threat,active,binary,0.6,Above 0.6%,0.6,0.6,2026-06-11T00:15:00Z,2026-12-10T13:25:00Z,live,32
KXCPICORE-26NOV-T0.5,KXCPICORE,hormuz_retaliation_threat,active,binary,0.5,Above 0.5%,0.5,0.5,2026-06-11T00:15:00Z,2026-12-10T13:25:00Z,live,32
KXCPICORE-26NOV-T0.4,KXCPICORE,hormuz_retaliation_threat,active,binary,0.4,Above 0.4%,0.4,0.4,2026-06-11T00:15:00Z,2026-12-10T13:25:00Z,live,34
KXCPICORE-26NOV-T0.3,KXCPICORE,hormuz_retaliation_threat,active,binary,0.3,Above 0.3%,0.3,0.3,2026-06-11T00:15:00Z,2026-12-10T13:25:00Z,live,37
KXCPICORE-26NOV-T0.2,KXCPICORE,hormuz_retaliation_threat,active,binary,0.2,Above 0.2%,0.2,0.2,2026-06-11T00:15:00Z,2026-12-10T13:25:00Z,live,47
KXCPICORE-26NOV-T0.1,KXCPICORE,hormuz_retaliation_threat,active,binary,0.1,Above 0.1%,0.1,0.1,2026-06-11T00:15:00Z,2026-12-10T13:25:00Z,live,41
KXCPICORE-26NOV-T0.0,KXCPICORE,hormuz_retaliation_threat,active,binary,0.0,Above 0.0%,0,0,2026-06-11T00:15:00Z,2026-12-10T13:25:00Z,live,32
KXCPICORE-26OCT-T1.0,KXCPICORE,hormuz_retaliation_threat,active,binary,1.0,Above 1.0%,1,1,2026-06-10T20:00:00Z,2026-11-10T13:25:00Z,live,17
KXCPICORE-26OCT-T0.9,KXCPICORE,hormuz_retaliation_threat,active,binary,0.9,Above 0.9%,0.9,0.9,2026-06-10T20:00:00Z,2026-11-10T13:25:00Z,live,12
KXCPICORE-26OCT-T0.8,KXCPICORE,hormuz_retaliation_threat,active,binary,0.8,Above 0.8%,0.8,0.8,2026-06-10T20:00:00Z,2026-11-10T13:25:00Z,live,32
KXCPICORE-26OCT-T0.7,KXCPICORE,hormuz_retaliation_threat,active,binary,0.7,Above 0.7%,0.7,0.7,2026-06-10T20:00:00Z,2026-11-10T13:25:00Z,live,35
KXCPICORE-26OCT-T0.6,KXCPICORE,hormuz_retaliation_threat,active,binary,0.6,Above 0.6%,0.6,0.6,2026-06-10T20:00:00Z,2026-11-10T13:25:00Z,live,27
KXCPICORE-26OCT-T0.5,KXCPICORE,hormuz_retaliation_threat,active,binary,0.5,Above 0.5%,0.5,0.5,2026-06-10T20:00:00Z,2026-11-10T13:25:00Z,live,25
KXCPICORE-26OCT-T0.4,KXCPICORE,hormuz_retaliation_threat,active,binary,0.4,Above 0.4%,0.4,0.4,2026-06-10T20:00:00Z,2026-11-10T13:25:00Z,live,31
KXCPICORE-26OCT-T0.3,KXCPICORE,hormuz_retaliation_threat,active,binary,0.3,Above 0.3%,0.3,0.3,2026-06-10T20:00:00Z,2026-11-10T13:25:00Z,live,34
KXCPICORE-26OCT-T0.2,KXCPICORE,hormuz_retaliation_threat,active,binary,0.2,Above 0.2%,0.2,0.2,2026-06-10T20:00:00Z,2026-11-10T13:25:00Z,live,38
KXCPICORE-26OCT-T0.1,KXCPICORE,hormuz_retaliation_threat,active,binary,0.1,Above 0.1%,0.1,0.1,2026-06-10T20:00:00Z,2026-11-10T13:25:00Z,live,38
KXCPICORE-26OCT-T0.0,KXCPICORE,hormuz_retaliation_threat,active,binary,0.0,Above 0.0%,0,0,2026-06-10T20:00:00Z,2026-11-10T13:25:00Z,live,37
KXCPICORE-26SEP-T0.9,KXCPICORE,hormuz_retaliation_threat,active,binary,0.9,Above 0.9%,0.9,0.9,2026-06-10T19:50:00Z,2026-10-14T12:25:00Z,live,1
KXCPICORE-26SEP-T0.8,KXCPICORE,hormuz_retaliation_threat,active,binary,0.8,Above 0.8%,0.8,0.8,2026-06-10T19:50:00Z,2026-10-14T12:25:00Z,live,1
KXCPICORE-26SEP-T0.7,KXCPICORE,hormuz_retaliation_threat,active,binary,0.7,Above 0.7%,0.7,0.7,2026-06-10T19:50:00Z,2026-10-14T12:25:00Z,live,30
KXCPICORE-26SEP-T0.6,KXCPICORE,hormuz_retaliation_threat,active,binary,0.6,Above 0.6%,0.6,0.6,2026-06-10T19:50:00Z,2026-10-14T12:25:00Z,live,22
KXCPICORE-26SEP-T0.5,KXCPICORE,hormuz_retaliation_threat,active,binary,0.5,Above 0.5%,0.5,0.5,2026-06-10T19:50:00Z,2026-10-14T12:25:00Z,live,22
KXCPICORE-26SEP-T0.4,KXCPICORE,hormuz_retaliation_threat,active,binary,0.4,Above 0.4%,0.4,0.4,2026-06-10T19:50:00Z,2026-10-14T12:25:00Z,live,31
KXCPICORE-26SEP-T0.3,KXCPICORE,hormuz_retaliation_threat,active,binary,0.3,Above 0.3%,0.3,0.3,2026-06-10T19:50:00Z,2026-10-14T12:25:00Z,live,33
KXCPICORE-26SEP-T0.2,KXCPICORE,hormuz_retaliation_threat,active,binary,0.2,Above 0.2%,0.2,0.2,2026-06-10T19:50:00Z,2026-10-14T12:25:00Z,live,40
KXCPICORE-26SEP-T0.1,KXCPICORE,hormuz_retaliation_threat,active,binary,0.1,Above 0.1%,0.1,0.1,2026-06-10T19:50:00Z,2026-10-14T12:25:00Z,live,37
KXCPICORE-26SEP-T0.0,KXCPICORE,hormuz_retaliation_threat,active,binary,0.0,Above 0.0%,0,0,2026-06-10T19:50:00Z,2026-10-14T12:25:00Z,live,33
KXCPICORE-26AUG-T1.0,KXCPICORE,hormuz_retaliation_threat,finalized,binary,1.0,Above 1.0%,1,1,2026-06-10T18:30:00Z,2026-09-11T12:25:00Z,live,3
KXCPICORE-26AUG-T0.9,KXCPICORE,hormuz_retaliation_threat,finalized,binary,0.9,Above 0.9%,0.9,0.9,2026-06-10T18:30:00Z,2026-09-11T12:25:00Z,live,6
KXCPICORE-26AUG-T0.8,KXCPICORE,hormuz_retaliation_threat,finalized,binary,0.8,Above 0.8%,0.8,0.8,2026-06-10T18:30:00Z,2026-09-11T12:25:00Z,live,34
KXCPICORE-26AUG-T0.7,KXCPICORE,hormuz_retaliation_threat,finalized,binary,0.7,Above 0.7%,0.7,0.7,2026-06-10T18:30:00Z,2026-09-11T12:25:00Z,live,33
KXCPICORE-26AUG-T0.6,KXCPICORE,hormuz_retaliation_threat,finalized,binary,0.6,Above 0.6%,0.6,0.6,2026-06-10T18:30:00Z,2026-09-11T12:25:00Z,live,34
KXCPICORE-26AUG-T0.5,KXCPICORE,hormuz_retaliation_threat,finalized,binary,0.5,Above 0.5%,0.5,0.5,2026-06-10T18:30:00Z,2026-09-11T12:25:00Z,live,34
KXCPICORE-26AUG-T0.4,KXCPICORE,hormuz_retaliation_threat,finalized,binary,0.4,Above 0.4%,0.4,0.4,2026-06-10T18:30:00Z,2026-09-11T12:25:00Z,live,24
KXCPICORE-26AUG-T0.3,KXCPICORE,hormuz_retaliation_threat,finalized,binary,0.3,Above 0.3%,0.3,0.3,2026-06-10T18:30:00Z,2026-09-11T12:25:00Z,live,35
KXCPICORE-26AUG-T0.2,KXCPICORE,hormuz_retaliation_threat,finalized,binary,0.2,Above 0.2%,0.2,0.2,2026-06-10T18:30:00Z,2026-09-11T12:25:00Z,live,41
KXCPICORE-26AUG-T0.1,KXCPICORE,hormuz_retaliation_threat,finalized,binary,0.1,Above 0.1%,0.1,0.1,2026-06-10T18:30:00Z,2026-09-11T12:25:00Z,live,35
KXCPICORE-26AUG-T0.0,KXCPICORE,hormuz_retaliation_threat,finalized,binary,0.0,Above 0.0%,0,0,2026-06-10T18:30:00Z,2026-09-11T12:25:00Z,live,36
KXCPICORE-26JUL-T1.0,KXCPICORE,hormuz_retaliation_threat,finalized,binary,1.0,Above 1.0%,1,1,2026-05-12T16:00:00Z,2026-08-12T12:25:00Z,live,12
KXCPICORE-26JUL-T0.9,KXCPICORE,hormuz_retaliation_threat,finalized,binary,0.9,Above 0.9%,0.9,0.9,2026-05-12T16:00:00Z,2026-08-12T12:25:00Z,live,12
KXCPICORE-26JUL-T0.8,KXCPICORE,hormuz_retaliation_threat,finalized,binary,0.8,Above 0.8%,0.8,0.8,2026-05-12T16:00:00Z,2026-08-12T12:25:00Z,live,7
KXCPICORE-26JUL-T0.7,KXCPICORE,hormuz_retaliation_threat,finalized,binary,0.7,Above 0.7%,0.7,0.7,2026-05-12T16:00:00Z,2026-08-12T12:25:00Z,live,12
KXCPICORE-26JUL-T0.6,KXCPICORE,hormuz_retaliation_threat,finalized,binary,0.6,Above 0.6%,0.6,0.6,2026-05-12T16:00:00Z,2026-08-12T12:25:00Z,live,12
KXCPICORE-26JUL-T0.5,KXCPICORE,hormuz_retaliation_threat,finalized,binary,0.5,Above 0.5%,0.5,0.5,2026-05-12T16:00:00Z,2026-08-12T12:25:00Z,live,12
KXCPICORE-26JUL-T0.4,KXCPICORE,hormuz_retaliation_threat,finalized,binary,0.4,Above 0.4%,0.4,0.4,2026-05-12T16:00:00Z,2026-08-12T12:25:00Z,live,12
KXCPICORE-26JUL-T0.3,KXCPICORE,hormuz_retaliation_threat,finalized,binary,0.3,Above 0.3%,0.3,0.3,2026-05-12T16:00:00Z,2026-08-12T12:25:00Z,live,11
KXCPICORE-26JUL-T0.2,KXCPICORE,hormuz_retaliation_threat,finalized,binary,0.2,Above 0.2%,0.2,0.2,2026-05-12T16:00:00Z,2026-08-12T12:25:00Z,live,12
KXCPICORE-26JUL-T0.1,KXCPICORE,hormuz_retaliation_threat,finalized,binary,0.1,Above 0.1%,0.1,0.1,2026-05-12T16:00:00Z,2026-08-12T12:25:00Z,live,12
KXCPICORE-26JUL-T0.0,KXCPICORE,hormuz_retaliation_threat,finalized,binary,0.0,Above 0.0%,0,0,2026-05-12T16:00:00Z,2026-08-12T12:25:00Z,live,12
KXFED-27APR-T4.25,KXFED,hormuz_retaliation_threat,active,binary,4.25%,Above 4.25%,4.25,,2025-10-13T14:00:00Z,2027-04-28T17:55:00Z,live,46
KXFED-27APR-T4.00,KXFED,hormuz_retaliation_threat,active,binary,4.00%,Above 4.00%,4,,2025-10-13T14:00:00Z,2027-04-28T17:55:00Z,live,49
KXFED-27APR-T3.75,KXFED,hormuz_retaliation_threat,active,binary,3.75%,Above 3.75%,3.75,,2025-10-13T14:00:00Z,2027-04-28T17:55:00Z,live,49
KXFED-27APR-T3.50,KXFED,hormuz_retaliation_threat,active,binary,3.50%,Above 3.50%,3.5,,2025-10-13T14:00:00Z,2027-04-28T17:55:00Z,live,49
KXFED-27APR-T3.25,KXFED,hormuz_retaliation_threat,active,binary,3.25%,Above 3.25%,3.25,,2025-10-13T14:00:00Z,2027-04-28T17:55:00Z,live,49
KXFED-27APR-T3.00,KXFED,hormuz_retaliation_threat,active,binary,3.00%,Above 3.00%,3,,2025-10-13T14:00:00Z,2027-04-28T17:55:00Z,live,47
KXFED-27APR-T2.75,KXFED,hormuz_retaliation_threat,active,binary,2.75%,Above 2.75%,2.75,,2025-10-13T14:00:00Z,2027-04-28T17:55:00Z,live,49
KXFED-27APR-T2.50,KXFED,hormuz_retaliation_threat,active,binary,2.50%,Above 2.50%,2.5,,2025-10-13T14:00:00Z,2027-04-28T17:55:00Z,live,48
KXFED-27APR-T2.25,KXFED,hormuz_retaliation_threat,active,binary,2.25%,Above 2.25%,2.25,,2025-10-13T14:00:00Z,2027-04-28T17:55:00Z,live,49
KXFED-27APR-T2.00,KXFED,hormuz_retaliation_threat,active,binary,2.00%,Above 2.00%,2,,2025-10-13T14:00:00Z,2027-04-28T17:55:00Z,live,47
KXFED-27APR-T1.75,KXFED,hormuz_retaliation_threat,active,binary,1.75%,Above 1.75%,1.75,,2025-10-13T14:00:00Z,2027-04-28T17:55:00Z,live,48
KXFED-27APR-T1.50,KXFED,hormuz_retaliation_threat,active,binary,1.50%,Above 1.50%,1.5,,2025-10-13T14:00:00Z,2027-04-28T17:55:00Z,live,48
KXFED-27APR-T1.25,KXFED,hormuz_retaliation_threat,active,binary,1.25%,Above 1.25%,1.25,,2025-10-13T14:00:00Z,2027-04-28T17:55:00Z,live,48
KXFED-27APR-T1.00,KXFED,hormuz_retaliation_threat,active,binary,1.00%,Above 1.00%,1,,2025-10-13T14:00:00Z,2027-04-28T17:55:00Z,live,48
KXFED-27APR-T0.75,KXFED,hormuz_retaliation_threat,active,binary,0.75%,Above 0.75%,0.75,,2025-10-13T14:00:00Z,2027-04-28T17:55:00Z,live,46
KXFED-27APR-T0.50,KXFED,hormuz_retaliation_threat,active,binary,0.50%,Above 0.50%,0.5,,2025-10-13T14:00:00Z,2027-04-28T17:55:00Z,live,46
KXFED-27APR-T0.25,KXFED,hormuz_retaliation_threat,active,binary,0.25%,Above 0.25%,0.25,,2025-10-13T14:00:00Z,2027-04-28T17:55:00Z,live,43
KXFED-27APR-T0.00,KXFED,hormuz_retaliation_threat,active,binary,0.00%,Above 0.00%,0,,2025-10-13T14:00:00Z,2027-04-28T17:55:00Z,live,40
KXFED-27MAR-T4.25,KXFED,hormuz_retaliation_threat,active,binary,4.25%,Above 4.25%,4.25,,2025-10-13T14:00:00Z,2027-03-17T17:55:00Z,live,46
KXFED-27MAR-T4.00,KXFED,hormuz_retaliation_threat,active,binary,4.00%,Above 4.00%,4,,2025-10-13T14:00:00Z,2027-03-17T17:55:00Z,live,49
KXFED-27MAR-T3.75,KXFED,hormuz_retaliation_threat,active,binary,3.75%,Above 3.75%,3.75,,2025-10-13T14:00:00Z,2027-03-17T17:55:00Z,live,43
KXFED-27MAR-T3.50,KXFED,hormuz_retaliation_threat,active,binary,3.50%,Above 3.50%,3.5,,2025-10-13T14:00:00Z,2027-03-17T17:55:00Z,live,45
KXFED-27MAR-T3.25,KXFED,hormuz_retaliation_threat,active,binary,3.25%,Above 3.25%,3.25,,2025-10-13T14:00:00Z,2027-03-17T17:55:00Z,live,48
KXFED-27MAR-T3.00,KXFED,hormuz_retaliation_threat,active,binary,3.00%,Above 3.00%,3,,2025-10-13T14:00:00Z,2027-03-17T17:55:00Z,live,46
KXFED-27MAR-T2.75,KXFED,hormuz_retaliation_threat,active,binary,2.75%,Above 2.75%,2.75,,2025-10-13T14:00:00Z,2027-03-17T17:55:00Z,live,45
KXFED-27MAR-T2.50,KXFED,hormuz_retaliation_threat,active,binary,2.50%,Above 2.50%,2.5,,2025-10-13T14:00:00Z,2027-03-17T17:55:00Z,live,43
KXFED-27MAR-T2.25,KXFED,hormuz_retaliation_threat,active,binary,2.25%,Above 2.25%,2.25,,2025-10-13T14:00:00Z,2027-03-17T17:55:00Z,live,45
KXFED-27MAR-T2.00,KXFED,hormuz_retaliation_threat,active,binary,2.00%,Above 2.00%,2,,2025-10-13T14:00:00Z,2027-03-17T17:55:00Z,live,38
KXFED-27MAR-T1.75,KXFED,hormuz_retaliation_threat,active,binary,1.75%,Above 1.75%,1.75,,2025-10-13T14:00:00Z,2027-03-17T17:55:00Z,live,41
KXFED-27MAR-T1.50,KXFED,hormuz_retaliation_threat,active,binary,1.50%,Above 1.50%,1.5,,2025-10-13T14:00:00Z,2027-03-17T17:55:00Z,live,40
KXFED-27MAR-T1.25,KXFED,hormuz_retaliation_threat,active,binary,1.25%,Above 1.25%,1.25,,2025-10-13T14:00:00Z,2027-03-17T17:55:00Z,live,38
KXFED-27MAR-T1.00,KXFED,hormuz_retaliation_threat,active,binary,1.00%,Above 1.00%,1,,2025-10-13T14:00:00Z,2027-03-17T17:55:00Z,live,37
KXFED-27MAR-T0.75,KXFED,hormuz_retaliation_threat,active,binary,0.75%,Above 0.75%,0.75,,2025-10-13T14:00:00Z,2027-03-17T17:55:00Z,live,32
KXFED-27MAR-T0.50,KXFED,hormuz_retaliation_threat,active,binary,0.50%,Above 0.50%,0.5,,2025-10-13T14:00:00Z,2027-03-17T17:55:00Z,live,32
KXFED-27MAR-T0.25,KXFED,hormuz_retaliation_threat,active,binary,0.25%,Above 0.25%,0.25,,2025-10-13T14:00:00Z,2027-03-17T17:55:00Z,live,36
KXFED-27MAR-T0.00,KXFED,hormuz_retaliation_threat,active,binary,0.00%,Above 0.00%,0,,2025-10-13T14:00:00Z,2027-03-17T17:55:00Z,live,35
KXFED-27JAN-T4.25,KXFED,hormuz_retaliation_threat,active,binary,4.25%,Above 4.25%,4.25,,2025-10-06T14:00:00Z,2027-01-27T18:55:00Z,live,44
KXFED-27JAN-T4.00,KXFED,hormuz_retaliation_threat,active,binary,4.00%,Above 4.00%,4,,2025-10-06T14:00:00Z,2027-01-27T18:55:00Z,live,48
KXFED-27JAN-T3.75,KXFED,hormuz_retaliation_threat,active,binary,3.75%,Above 3.75%,3.75,,2025-10-06T14:00:00Z,2027-01-27T18:55:00Z,live,47
KXFED-27JAN-T3.50,KXFED,hormuz_retaliation_threat,active,binary,3.50%,Above 3.50%,3.5,,2025-10-06T14:00:00Z,2027-01-27T18:55:00Z,live,45
KXFED-27JAN-T3.25,KXFED,hormuz_retaliation_threat,active,binary,3.25%,Above 3.25%,3.25,,2025-10-06T14:00:00Z,2027-01-27T18:55:00Z,live,49
KXFED-27JAN-T3.00,KXFED,hormuz_retaliation_threat,active,binary,3.00%,Above 3.00%,3,,2025-10-06T14:00:00Z,2027-01-27T18:55:00Z,live,46
KXFED-27JAN-T2.75,KXFED,hormuz_retaliation_threat,active,binary,2.75%,Above 2.75%,2.75,,2025-10-06T14:00:00Z,2027-01-27T18:55:00Z,live,47
KXFED-27JAN-T2.50,KXFED,hormuz_retaliation_threat,active,binary,2.50%,Above 2.50%,2.5,,2025-10-06T14:00:00Z,2027-01-27T18:55:00Z,live,47
KXFED-27JAN-T2.25,KXFED,hormuz_retaliation_threat,active,binary,2.25%,Above 2.25%,2.25,,2025-10-06T14:00:00Z,2027-01-27T18:55:00Z,live,43
KXFED-27JAN-T2.00,KXFED,hormuz_retaliation_threat,active,binary,2.00%,Above 2.00%,2,,2025-10-06T14:00:00Z,2027-01-27T18:55:00Z,live,45
KXFED-27JAN-T1.75,KXFED,hormuz_retaliation_threat,active,binary,1.75%,Above 1.75%,1.75,,2025-10-06T14:00:00Z,2027-01-27T18:55:00Z,live,43
KXFED-27JAN-T1.50,KXFED,hormuz_retaliation_threat,active,binary,1.50%,Above 1.50%,1.5,,2025-10-06T14:00:00Z,2027-01-27T18:55:00Z,live,45
KXFED-27JAN-T1.25,KXFED,hormuz_retaliation_threat,active,binary,1.25%,Above 1.25%,1.25,,2025-10-06T14:00:00Z,2027-01-27T18:55:00Z,live,44
KXFED-27JAN-T1.00,KXFED,hormuz_retaliation_threat,active,binary,1.00%,Above 1.00%,1,,2025-10-06T14:00:00Z,2027-01-27T18:55:00Z,live,41
KXFED-27JAN-T0.75,KXFED,hormuz_retaliation_threat,active,binary,0.75%,Above 0.75%,0.75,,2025-10-06T14:00:00Z,2027-01-27T18:55:00Z,live,46
KXFED-27JAN-T0.50,KXFED,hormuz_retaliation_threat,active,binary,0.50%,Above 0.50%,0.5,,2025-10-06T14:00:00Z,2027-01-27T18:55:00Z,live,46
KXFED-27JAN-T0.25,KXFED,hormuz_retaliation_threat,active,binary,0.25%,Above 0.25%,0.25,,2025-10-06T14:00:00Z,2027-01-27T18:55:00Z,live,43
KXFED-27JAN-T0.00,KXFED,hormuz_retaliation_threat,active,binary,0.00%,Above 0.00%,0,,2025-10-06T14:00:00Z,2027-01-27T18:55:00Z,live,42
KXFED-26DEC-T5.25,KXFED,hormuz_retaliation_threat,active,binary,5.25%,Above 5.25%,5.25,,2025-08-06T14:30:00Z,2026-12-09T18:55:00Z,live,30
KXFED-26DEC-T5.00,KXFED,hormuz_retaliation_threat,active,binary,5.00%,Above 5.00%,5,,2025-08-06T14:30:00Z,2026-12-09T18:55:00Z,live,41
KXFED-26DEC-T4.75,KXFED,hormuz_retaliation_threat,active,binary,4.75%,Above 4.75%,4.75,,2025-08-06T14:30:00Z,2026-12-09T18:55:00Z,live,34
KXFED-26DEC-T4.50,KXFED,hormuz_retaliation_threat,active,binary,4.50%,Above 4.50%,4.5,,2025-08-06T14:30:00Z,2026-12-09T18:55:00Z,live,40
KXFED-26DEC-T4.25,KXFED,hormuz_retaliation_threat,active,binary,4.25%,Above 4.25%,4.25,,2025-08-06T14:30:00Z,2026-12-09T18:55:00Z,live,49
KXFED-26DEC-T4.00,KXFED,hormuz_retaliation_threat,active,binary,4.00%,Above 4.00%,4,,2025-08-06T14:30:00Z,2026-12-09T18:55:00Z,live,48
KXFED-26DEC-T3.75,KXFED,hormuz_retaliation_threat,active,binary,3.75%,Above 3.75%,3.75,,2025-08-06T14:30:00Z,2026-12-09T18:55:00Z,live,47
KXFED-26DEC-T3.50,KXFED,hormuz_retaliation_threat,active,binary,3.50%,Above 3.50%,3.5,,2025-08-06T14:30:00Z,2026-12-09T18:55:00Z,live,49
KXFED-26DEC-T3.25,KXFED,hormuz_retaliation_threat,active,binary,3.25%,Above 3.25%,3.25,,2025-08-06T14:30:00Z,2026-12-09T18:55:00Z,live,47
KXFED-26DEC-T3.00,KXFED,hormuz_retaliation_threat,active,binary,3.00%,Above 3.00%,3,,2025-08-06T14:30:00Z,2026-12-09T18:55:00Z,live,43
KXFED-26DEC-T2.75,KXFED,hormuz_retaliation_threat,active,binary,2.75%,Above 2.75%,2.75,,2025-08-06T14:30:00Z,2026-12-09T18:55:00Z,live,46
KXFED-26OCT-T5.25,KXFED,hormuz_retaliation_threat,active,binary,5.25%,Above 5.25%,5.25,,2025-08-06T14:30:00Z,2026-10-28T17:55:00Z,live,42
KXFED-26OCT-T5.00,KXFED,hormuz_retaliation_threat,active,binary,5.00%,Above 5.00%,5,,2025-08-06T14:30:00Z,2026-10-28T17:55:00Z,live,38
KXFED-26OCT-T4.75,KXFED,hormuz_retaliation_threat,active,binary,4.75%,Above 4.75%,4.75,,2025-08-06T14:30:00Z,2026-10-28T17:55:00Z,live,41
KXFED-26OCT-T4.50,KXFED,hormuz_retaliation_threat,active,binary,4.50%,Above 4.50%,4.5,,2025-08-06T14:30:00Z,2026-10-28T17:55:00Z,live,44
KXFED-26OCT-T4.25,KXFED,hormuz_retaliation_threat,active,binary,4.25%,Above 4.25%,4.25,,2025-08-06T14:30:00Z,2026-10-28T17:55:00Z,live,43
KXFED-26OCT-T4.00,KXFED,hormuz_retaliation_threat,active,binary,4.00%,Above 4.00%,4,,2025-08-06T14:30:00Z,2026-10-28T17:55:00Z,live,49
KXFED-26OCT-T3.75,KXFED,hormuz_retaliation_threat,active,binary,3.75%,Above 3.75%,3.75,,2025-08-06T14:30:00Z,2026-10-28T17:55:00Z,live,49
KXFED-26OCT-T3.50,KXFED,hormuz_retaliation_threat,active,binary,3.50%,Above 3.50%,3.5,,2025-08-06T14:30:00Z,2026-10-28T17:55:00Z,live,46
KXFED-26OCT-T3.25,KXFED,hormuz_retaliation_threat,active,binary,3.25%,Above 3.25%,3.25,,2025-08-06T14:30:00Z,2026-10-28T17:55:00Z,live,45
KXFED-26OCT-T3.00,KXFED,hormuz_retaliation_threat,active,binary,3.00%,Above 3.00%,3,,2025-08-06T14:30:00Z,2026-10-28T17:55:00Z,live,38
KXFED-26OCT-T2.75,KXFED,hormuz_retaliation_threat,active,binary,2.75%,Above 2.75%,2.75,,2025-08-06T14:30:00Z,2026-10-28T17:55:00Z,live,40
KXFED-26SEP-T5.25,KXFED,hormuz_retaliation_threat,finalized,binary,5.25%,Above 5.25%,5.25,,2025-08-06T14:30:00Z,2026-09-16T17:55:00Z,live,41
KXFED-26SEP-T5.00,KXFED,hormuz_retaliation_threat,finalized,binary,5.00%,Above 5.00%,5,,2025-08-06T14:30:00Z,2026-09-16T17:55:00Z,live,42
KXFED-26SEP-T4.75,KXFED,hormuz_retaliation_threat,finalized,binary,4.75%,Above 4.75%,4.75,,2025-08-06T14:30:00Z,2026-09-16T17:55:00Z,live,41
KXFED-26SEP-T4.50,KXFED,hormuz_retaliation_threat,finalized,binary,4.50%,Above 4.50%,4.5,,2025-08-06T14:30:00Z,2026-09-16T17:55:00Z,live,42
KXFED-26SEP-T4.25,KXFED,hormuz_retaliation_threat,finalized,binary,4.25%,Above 4.25%,4.25,,2025-08-06T14:30:00Z,2026-09-16T17:55:00Z,live,44
KXFED-26SEP-T4.00,KXFED,hormuz_retaliation_threat,finalized,binary,4.00%,Above 4.00%,4,,2025-08-06T14:30:00Z,2026-09-16T17:55:00Z,live,47
KXFED-26SEP-T3.75,KXFED,hormuz_retaliation_threat,finalized,binary,3.75%,Above 3.75%,3.75,,2025-08-06T14:30:00Z,2026-09-16T17:55:00Z,live,47
KXFED-26SEP-T3.50,KXFED,hormuz_retaliation_threat,finalized,binary,3.50%,Above 3.50%,3.5,,2025-08-06T14:30:00Z,2026-09-16T17:55:00Z,live,41
KXFED-26SEP-T3.25,KXFED,hormuz_retaliation_threat,finalized,binary,3.25%,Above 3.25%,3.25,,2025-08-06T14:30:00Z,2026-09-16T17:55:00Z,live,28
KXFED-26SEP-T3.00,KXFED,hormuz_retaliation_threat,finalized,binary,3.00%,Above 3.00%,3,,2025-08-06T14:30:00Z,2026-09-16T17:55:00Z,live,40
KXFED-26SEP-T2.75,KXFED,hormuz_retaliation_threat,finalized,binary,2.75%,Above 2.75%,2.75,,2025-08-06T14:30:00Z,2026-09-16T17:55:00Z,live,42
KXFED-26JUL-T5.25,KXFED,hormuz_retaliation_threat,finalized,binary,5.25%,Above 5.25%,5.25,,2025-08-06T14:30:00Z,2026-07-29T17:55:00Z,live,5
KXFED-26JUL-T5.00,KXFED,hormuz_retaliation_threat,finalized,binary,5.00%,Above 5.00%,5,,2025-08-06T14:30:00Z,2026-07-29T17:55:00Z,live,5
KXFED-26JUL-T4.75,KXFED,hormuz_retaliation_threat,finalized,binary,4.75%,Above 4.75%,4.75,,2025-08-06T14:30:00Z,2026-07-29T17:55:00Z,live,6
KXFED-26JUL-T4.50,KXFED,hormuz_retaliation_threat,finalized,binary,4.50%,Above 4.50%,4.5,,2025-08-06T14:30:00Z,2026-07-29T17:55:00Z,live,5
KXFED-26JUL-T4.25,KXFED,hormuz_retaliation_threat,finalized,binary,4.25%,Above 4.25%,4.25,,2025-08-06T14:30:00Z,2026-07-29T17:55:00Z,live,6
KXFED-26JUL-T4.00,KXFED,hormuz_retaliation_threat,finalized,binary,4.00%,Above 4.00%,4,,2025-08-06T14:30:00Z,2026-07-29T17:55:00Z,live,6
KXFED-26JUL-T3.75,KXFED,hormuz_retaliation_threat,finalized,binary,3.75%,Above 3.75%,3.75,,2025-08-06T14:30:00Z,2026-07-29T17:55:00Z,live,6
KXFED-26JUL-T3.50,KXFED,hormuz_retaliation_threat,finalized,binary,3.50%,Above 3.50%,3.5,,2025-08-06T14:30:00Z,2026-07-29T17:55:00Z,live,6
KXFED-26JUL-T3.25,KXFED,hormuz_retaliation_threat,finalized,binary,3.25%,Above 3.25%,3.25,,2025-08-06T14:30:00Z,2026-07-29T17:55:00Z,live,6
KXFED-26JUL-T3.00,KXFED,hormuz_retaliation_threat,finalized,binary,3.00%,Above 3.00%,3,,2025-08-06T14:30:00Z,2026-07-29T17:55:00Z,live,6
KXFED-26JUL-T2.75,KXFED,hormuz_retaliation_threat,finalized,binary,2.75%,Above 2.75%,2.75,,2025-08-06T14:30:00Z,2026-07-29T17:55:00Z,live,6
KXCPI-26OCT-T1.0,KXCPI,perim_island_seized,active,binary,1.0%,Above 1.0%,1,,2026-09-18T16:00:00Z,2026-11-10T13:25:00Z,live,1
KXCPI-26OCT-T0.9,KXCPI,perim_island_seized,active,binary,0.9%,Above 0.9%,0.9,,2026-09-18T16:00:00Z,2026-11-10T13:25:00Z,live,1
KXCPI-26OCT-T0.8,KXCPI,perim_island_seized,active,binary,0.8%,Above 0.8%,0.8,,2026-09-18T16:00:00Z,2026-11-10T13:25:00Z,live,1
KXCPI-26OCT-T0.7,KXCPI,perim_island_seized,active,binary,0.7%,Above 0.7%,0.7,,2026-09-18T16:00:00Z,2026-11-10T13:25:00Z,live,1
KXCPI-26OCT-T0.6,KXCPI,perim_island_seized,active,binary,0.6%,Above 0.6%,0.6,,2026-09-18T16:00:00Z,2026-11-10T13:25:00Z,live,1
KXCPI-26DEC-T0.9,KXCPI,perim_island_seized,active,binary,0.9%,Above 0.9%,0.9,,2026-09-17T15:30:00Z,2027-01-13T13:25:00Z,live,2
KXCPI-26DEC-T0.8,KXCPI,perim_island_seized,active,binary,0.8%,Above 0.8%,0.8,,2026-09-17T15:30:00Z,2027-01-13T13:25:00Z,live,2
KXCPI-26DEC-T0.7,KXCPI,perim_island_seized,active,binary,0.7%,Above 0.7%,0.7,,2026-09-17T15:30:00Z,2027-01-13T13:25:00Z,live,2
KXCPI-26DEC-T0.6,KXCPI,perim_island_seized,active,binary,0.6%,Above 0.6%,0.6,,2026-09-17T15:30:00Z,2027-01-13T13:25:00Z,live,2
KXCPI-26DEC-T0.5,KXCPI,perim_island_seized,active,binary,0.5%,Above 0.5%,0.5,,2026-09-17T15:30:00Z,2027-01-13T13:25:00Z,live,2
KXCPI-26DEC-T0.4,KXCPI,perim_island_seized,active,binary,0.4%,Above 0.4%,0.4,,2026-09-17T15:30:00Z,2027-01-13T13:25:00Z,live,2
KXCPI-26DEC-T0.3,KXCPI,perim_island_seized,active,binary,0.3%,Above 0.3%,0.3,,2026-09-17T15:30:00Z,2027-01-13T13:25:00Z,live,2
KXCPI-26DEC-T0.2,KXCPI,perim_island_seized,active,binary,0.2%,Above 0.2%,0.2,,2026-09-17T15:30:00Z,2027-01-13T13:25:00Z,live,2
KXCPI-26DEC-T0.1,KXCPI,perim_island_seized,active,binary,0.1%,Above 0.1%,0.1,,2026-09-17T15:30:00Z,2027-01-13T13:25:00Z,live,2
KXCPI-26DEC-T-0.1,KXCPI,perim_island_seized,active,binary,-0.1%,Above -0.1%,-0.1,,2026-09-17T15:30:00Z,2027-01-13T13:25:00Z,live,2
KXCPI-26DEC-T0.0,KXCPI,perim_island_seized,active,binary,0.0%,Above 0.0%,0,,2026-09-17T15:30:00Z,2027-01-13T13:25:00Z,live,2
KXCPI-26SEP-T0.9,KXCPI,perim_island_seized,active,binary,0.9%,Above 0.9%,0.9,,2026-09-17T15:30:00Z,2026-10-14T12:25:00Z,live,2
KXCPI-26SEP-T0.8,KXCPI,perim_island_seized,active,binary,0.8%,Above 0.8%,0.8,,2026-09-17T15:30:00Z,2026-10-14T12:25:00Z,live,2
KXCPI-26SEP-T0.7,KXCPI,perim_island_seized,active,binary,0.7%,Above 0.7%,0.7,,2026-09-17T15:30:00Z,2026-10-14T12:25:00Z,live,2
KXCPI-26AUG-T1.0,KXCPI,perim_island_seized,finalized,binary,1.0%,Above 1.0%,1,,2026-07-23T21:00:00Z,2026-09-11T12:25:00Z,live,35
KXCPI-26AUG-T0.9,KXCPI,perim_island_seized,finalized,binary,0.9%,Above 0.9%,0.9,,2026-07-23T21:00:00Z,2026-09-11T12:25:00Z,live,37
KXCPI-26AUG-T0.8,KXCPI,perim_island_seized,finalized,binary,0.8%,Above 0.8%,0.8,,2026-07-23T21:00:00Z,2026-09-11T12:25:00Z,live,35
KXCPI-26AUG-T0.7,KXCPI,perim_island_seized,finalized,binary,0.7%,Above 0.7%,0.7,,2026-07-23T21:00:00Z,2026-09-11T12:25:00Z,live,39
KXCPI-26AUG-T0.6,KXCPI,perim_island_seized,finalized,binary,0.6%,Above 0.6%,0.6,,2026-07-23T21:00:00Z,2026-09-11T12:25:00Z,live,39
KXCPI-26SEP-T0.6,KXCPI,perim_island_seized,active,binary,0.6%,Above 0.6%,0.6,,2026-07-20T18:00:00Z,2026-10-14T12:25:00Z,live,49
KXCPI-26SEP-T-0.4,KXCPI,perim_island_seized,active,binary,-0.4%,Above -0.4%,-0.4,,2026-07-20T18:00:00Z,2026-10-14T12:25:00Z,live,41
KXCPI-26SEP-T-0.3,KXCPI,perim_island_seized,active,binary,-0.3%,Above -0.3%,-0.3,,2026-07-20T18:00:00Z,2026-10-14T12:25:00Z,live,44
KXCPI-26SEP-T-0.2,KXCPI,perim_island_seized,active,binary,-0.2%,Above -0.2%,-0.2,,2026-07-20T18:00:00Z,2026-10-14T12:25:00Z,live,43
KXCPI-26AUG-T-0.4,KXCPI,perim_island_seized,finalized,binary,-0.4%,Above -0.4%,-0.4,,2026-07-20T18:00:00Z,2026-09-11T12:25:00Z,live,35
KXCPI-26AUG-T-0.3,KXCPI,perim_island_seized,finalized,binary,-0.3%,Above -0.3%,-0.3,,2026-07-20T18:00:00Z,2026-09-11T12:25:00Z,live,37
KXCPI-26AUG-T-0.2,KXCPI,perim_island_seized,finalized,binary,-0.2%,Above -0.2%,-0.2,,2026-07-20T18:00:00Z,2026-09-11T12:25:00Z,live,38
KXCPI-26JUL-T-0.4,KXCPI,perim_island_seized,finalized,binary,-0.4%,Above -0.4%,-0.4,,2026-06-16T17:45:00Z,2026-08-12T12:25:00Z,live,12
KXCPI-26JUL-T-0.3,KXCPI,perim_island_seized,finalized,binary,-0.3%,Above -0.3%,-0.3,,2026-06-16T17:45:00Z,2026-08-12T12:25:00Z,live,12
KXCPI-26JUL-T-0.2,KXCPI,perim_island_seized,finalized,binary,-0.2%,Above -0.2%,-0.2,,2026-06-16T17:45:00Z,2026-08-12T12:25:00Z,live,12
KXCPI-26NOV-T0.5,KXCPI,perim_island_seized,active,binary,0.5%,Above 0.5%,0.5,,2026-02-20T15:00:00Z,2026-12-10T13:25:00Z,live,33
KXCPI-26NOV-T0.4,KXCPI,perim_island_seized,active,binary,0.4%,Above 0.4%,0.4,,2026-02-20T15:00:00Z,2026-12-10T13:25:00Z,live,32
KXCPI-26NOV-T0.3,KXCPI,perim_island_seized,active,binary,0.3%,Above 0.3%,0.3,,2026-02-20T15:00:00Z,2026-12-10T13:25:00Z,live,43
KXCPI-26NOV-T0.2,KXCPI,perim_island_seized,active,binary,0.2%,Above 0.2%,0.2,,2026-02-20T15:00:00Z,2026-12-10T13:25:00Z,live,43
KXCPI-26NOV-T0.1,KXCPI,perim_island_seized,active,binary,0.1%,Above 0.1%,0.1,,2026-02-20T15:00:00Z,2026-12-10T13:25:00Z,live,42
KXCPI-26NOV-T-0.1,KXCPI,perim_island_seized,active,binary,-0.1%,Above -0.1%,-0.1,,2026-02-20T15:00:00Z,2026-12-10T13:25:00Z,live,27
KXCPI-26NOV-T0.0,KXCPI,perim_island_seized,active,binary,0.0%,Above 0.0%,0,,2026-02-20T15:00:00Z,2026-12-10T13:25:00Z,live,38
KXCPI-26OCT-T0.5,KXCPI,perim_island_seized,active,binary,0.5%,Above 0.5%,0.5,,2026-02-20T15:00:00Z,2026-11-10T13:25:00Z,live,30
KXCPI-26OCT-T0.4,KXCPI,perim_island_seized,active,binary,0.4%,Above 0.4%,0.4,,2026-02-20T15:00:00Z,2026-11-10T13:25:00Z,live,37
KXCPI-26OCT-T0.3,KXCPI,perim_island_seized,active,binary,0.3%,Above 0.3%,0.3,,2026-02-20T15:00:00Z,2026-11-10T13:25:00Z,live,47
KXCPI-26OCT-T0.2,KXCPI,perim_island_seized,active,binary,0.2%,Above 0.2%,0.2,,2026-02-20T15:00:00Z,2026-11-10T13:25:00Z,live,46
KXCPI-26OCT-T0.1,KXCPI,perim_island_seized,active,binary,0.1%,Above 0.1%,0.1,,2026-02-20T15:00:00Z,2026-11-10T13:25:00Z,live,35
KXCPI-26OCT-T-0.1,KXCPI,perim_island_seized,active,binary,-0.1%,Above -0.1%,-0.1,,2026-02-20T15:00:00Z,2026-11-10T13:25:00Z,live,41
KXCPI-26OCT-T0.0,KXCPI,perim_island_seized,active,binary,0.0%,Above 0.0%,0,,2026-02-20T15:00:00Z,2026-11-10T13:25:00Z,live,36
KXCPI-26SEP-T0.5,KXCPI,perim_island_seized,active,binary,0.5%,Above 0.5%,0.5,,2026-02-20T15:00:00Z,2026-10-14T12:25:00Z,live,45
KXCPI-26SEP-T0.4,KXCPI,perim_island_seized,active,binary,0.4%,Above 0.4%,0.4,,2026-02-20T15:00:00Z,2026-10-14T12:25:00Z,live,49
KXCPI-26SEP-T0.3,KXCPI,perim_island_seized,active,binary,0.3%,Above 0.3%,0.3,,2026-02-20T15:00:00Z,2026-10-14T12:25:00Z,live,49
KXCPI-26SEP-T0.2,KXCPI,perim_island_seized,active,binary,0.2%,Above 0.2%,0.2,,2026-02-20T15:00:00Z,2026-10-14T12:25:00Z,live,49
KXCPI-26SEP-T0.1,KXCPI,perim_island_seized,active,binary,0.1%,Above 0.1%,0.1,,2026-02-20T15:00:00Z,2026-10-14T12:25:00Z,live,46
KXCPI-26SEP-T-0.1,KXCPI,perim_island_seized,active,binary,-0.1%,Above -0.1%,-0.1,,2026-02-20T15:00:00Z,2026-10-14T12:25:00Z,live,47
KXCPI-26SEP-T0.0,KXCPI,perim_island_seized,active,binary,0.0%,Above 0.0%,0,,2026-02-20T15:00:00Z,2026-10-14T12:25:00Z,live,43
KXCPI-26AUG-T0.5,KXCPI,perim_island_seized,finalized,binary,0.5%,Above 0.5%,0.5,,2026-02-20T15:00:00Z,2026-09-11T12:25:00Z,live,39
KXCPI-26AUG-T0.4,KXCPI,perim_island_seized,finalized,binary,0.4%,Above 0.4%,0.4,,2026-02-20T15:00:00Z,2026-09-11T12:25:00Z,live,42
KXCPI-26AUG-T0.3,KXCPI,perim_island_seized,finalized,binary,0.3%,Above 0.3%,0.3,,2026-02-20T15:00:00Z,2026-09-11T12:25:00Z,live,42
KXCPI-26AUG-T0.2,KXCPI,perim_island_seized,finalized,binary,0.2%,Above 0.2%,0.2,,2026-02-20T15:00:00Z,2026-09-11T12:25:00Z,live,42
KXCPI-26AUG-T0.1,KXCPI,perim_island_seized,finalized,binary,0.1%,Above 0.1%,0.1,,2026-02-20T15:00:00Z,2026-09-11T12:25:00Z,live,41
KXCPI-26AUG-T-0.1,KXCPI,perim_island_seized,finalized,binary,-0.1%,Above -0.1%,-0.1,,2026-02-20T15:00:00Z,2026-09-11T12:25:00Z,live,33
KXCPI-26AUG-T0.0,KXCPI,perim_island_seized,finalized,binary,0.0%,Above 0.0%,0,,2026-02-20T15:00:00Z,2026-09-11T12:25:00Z,live,36
KXCPI-26JUL-T0.5,KXCPI,perim_island_seized,finalized,binary,0.5%,Above 0.5%,0.5,,2026-02-20T15:00:00Z,2026-08-12T12:25:00Z,live,12
KXCPI-26JUL-T0.4,KXCPI,perim_island_seized,finalized,binary,0.4%,Above 0.4%,0.4,,2026-02-20T15:00:00Z,2026-08-12T12:25:00Z,live,12
KXCPI-26JUL-T0.3,KXCPI,perim_island_seized,finalized,binary,0.3%,Above 0.3%,0.3,,2026-02-20T15:00:00Z,2026-08-12T12:25:00Z,live,12
KXCPI-26JUL-T0.2,KXCPI,perim_island_seized,finalized,binary,0.2%,Above 0.2%,0.2,,2026-02-20T15:00:00Z,2026-08-12T12:25:00Z,live,12
KXCPI-26JUL-T0.1,KXCPI,perim_island_seized,finalized,binary,0.1%,Above 0.1%,0.1,,2026-02-20T15:00:00Z,2026-08-12T12:25:00Z,live,12
KXCPI-26JUL-T-0.1,KXCPI,perim_island_seized,finalized,binary,-0.1%,Above -0.1%,-0.1,,2026-02-20T15:00:00Z,2026-08-12T12:25:00Z,live,12
KXCPI-26JUL-T0.0,KXCPI,perim_island_seized,finalized,binary,0.0%,Above 0.0%,0,,2026-02-20T15:00:00Z,2026-08-12T12:25:00Z,live,12
KXCPICORE-26DEC-T1.0,KXCPICORE,perim_island_seized,active,binary,1.0,Above 1.0%,1,1,2026-09-18T16:00:00Z,2027-01-13T13:25:00Z,live,1
KXCPICORE-26DEC-T0.9,KXCPICORE,perim_island_seized,active,binary,0.9,Above 0.9%,0.9,0.9,2026-09-18T16:00:00Z,2027-01-13T13:25:00Z,live,1
KXCPICORE-26DEC-T0.8,KXCPICORE,perim_island_seized,active,binary,0.8,Above 0.8%,0.8,0.8,2026-09-18T16:00:00Z,2027-01-13T13:25:00Z,live,1
KXCPICORE-26DEC-T0.7,KXCPICORE,perim_island_seized,active,binary,0.7,Above 0.7%,0.7,0.7,2026-09-18T16:00:00Z,2027-01-13T13:25:00Z,live,1
KXCPICORE-26DEC-T0.6,KXCPICORE,perim_island_seized,active,binary,0.6,Above 0.6%,0.6,0.6,2026-09-18T16:00:00Z,2027-01-13T13:25:00Z,live,1
KXCPICORE-26DEC-T0.5,KXCPICORE,perim_island_seized,active,binary,0.5,Above 0.5%,0.5,0.5,2026-09-18T16:00:00Z,2027-01-13T13:25:00Z,live,1
KXCPICORE-26DEC-T0.4,KXCPICORE,perim_island_seized,active,binary,0.4,Above 0.4%,0.4,0.4,2026-09-18T16:00:00Z,2027-01-13T13:25:00Z,live,1
KXCPICORE-26DEC-T0.3,KXCPICORE,perim_island_seized,active,binary,0.3,Above 0.3%,0.3,0.3,2026-09-18T16:00:00Z,2027-01-13T13:25:00Z,live,1
KXCPICORE-26DEC-T0.2,KXCPICORE,perim_island_seized,active,binary,0.2,Above 0.2%,0.2,0.2,2026-09-18T16:00:00Z,2027-01-13T13:25:00Z,live,1
KXCPICORE-26DEC-T0.1,KXCPICORE,perim_island_seized,active,binary,0.1,Above 0.1%,0.1,0.1,2026-09-18T16:00:00Z,2027-01-13T13:25:00Z,live,1
KXCPICORE-26DEC-T0.0,KXCPICORE,perim_island_seized,active,binary,0.0,Above 0.0%,0,0,2026-09-18T16:00:00Z,2027-01-13T13:25:00Z,live,1
KXCPICORE-26NOV-T1.0,KXCPICORE,perim_island_seized,active,binary,1.0,Above 1.0%,1,1,2026-06-11T00:15:00Z,2026-12-10T13:25:00Z,live,7
KXCPICORE-26NOV-T0.9,KXCPICORE,perim_island_seized,active,binary,0.9,Above 0.9%,0.9,0.9,2026-06-11T00:15:00Z,2026-12-10T13:25:00Z,live,19
KXCPICORE-26NOV-T0.8,KXCPICORE,perim_island_seized,active,binary,0.8,Above 0.8%,0.8,0.8,2026-06-11T00:15:00Z,2026-12-10T13:25:00Z,live,21
KXCPICORE-26NOV-T0.7,KXCPICORE,perim_island_seized,active,binary,0.7,Above 0.7%,0.7,0.7,2026-06-11T00:15:00Z,2026-12-10T13:25:00Z,live,33
KXCPICORE-26NOV-T0.6,KXCPICORE,perim_island_seized,active,binary,0.6,Above 0.6%,0.6,0.6,2026-06-11T00:15:00Z,2026-12-10T13:25:00Z,live,32
KXCPICORE-26NOV-T0.5,KXCPICORE,perim_island_seized,active,binary,0.5,Above 0.5%,0.5,0.5,2026-06-11T00:15:00Z,2026-12-10T13:25:00Z,live,32
KXCPICORE-26NOV-T0.4,KXCPICORE,perim_island_seized,active,binary,0.4,Above 0.4%,0.4,0.4,2026-06-11T00:15:00Z,2026-12-10T13:25:00Z,live,34
KXCPICORE-26NOV-T0.3,KXCPICORE,perim_island_seized,active,binary,0.3,Above 0.3%,0.3,0.3,2026-06-11T00:15:00Z,2026-12-10T13:25:00Z,live,37
KXCPICORE-26NOV-T0.2,KXCPICORE,perim_island_seized,active,binary,0.2,Above 0.2%,0.2,0.2,2026-06-11T00:15:00Z,2026-12-10T13:25:00Z,live,47
KXCPICORE-26NOV-T0.1,KXCPICORE,perim_island_seized,active,binary,0.1,Above 0.1%,0.1,0.1,2026-06-11T00:15:00Z,2026-12-10T13:25:00Z,live,41
KXCPICORE-26NOV-T0.0,KXCPICORE,perim_island_seized,active,binary,0.0,Above 0.0%,0,0,2026-06-11T00:15:00Z,2026-12-10T13:25:00Z,live,32
KXCPICORE-26OCT-T1.0,KXCPICORE,perim_island_seized,active,binary,1.0,Above 1.0%,1,1,2026-06-10T20:00:00Z,2026-11-10T13:25:00Z,live,17
KXCPICORE-26OCT-T0.9,KXCPICORE,perim_island_seized,active,binary,0.9,Above 0.9%,0.9,0.9,2026-06-10T20:00:00Z,2026-11-10T13:25:00Z,live,12
KXCPICORE-26OCT-T0.8,KXCPICORE,perim_island_seized,active,binary,0.8,Above 0.8%,0.8,0.8,2026-06-10T20:00:00Z,2026-11-10T13:25:00Z,live,32
KXCPICORE-26OCT-T0.7,KXCPICORE,perim_island_seized,active,binary,0.7,Above 0.7%,0.7,0.7,2026-06-10T20:00:00Z,2026-11-10T13:25:00Z,live,35
KXCPICORE-26OCT-T0.6,KXCPICORE,perim_island_seized,active,binary,0.6,Above 0.6%,0.6,0.6,2026-06-10T20:00:00Z,2026-11-10T13:25:00Z,live,27
KXCPICORE-26OCT-T0.5,KXCPICORE,perim_island_seized,active,binary,0.5,Above 0.5%,0.5,0.5,2026-06-10T20:00:00Z,2026-11-10T13:25:00Z,live,25
KXCPICORE-26OCT-T0.4,KXCPICORE,perim_island_seized,active,binary,0.4,Above 0.4%,0.4,0.4,2026-06-10T20:00:00Z,2026-11-10T13:25:00Z,live,31
KXCPICORE-26OCT-T0.3,KXCPICORE,perim_island_seized,active,binary,0.3,Above 0.3%,0.3,0.3,2026-06-10T20:00:00Z,2026-11-10T13:25:00Z,live,34
KXCPICORE-26OCT-T0.2,KXCPICORE,perim_island_seized,active,binary,0.2,Above 0.2%,0.2,0.2,2026-06-10T20:00:00Z,2026-11-10T13:25:00Z,live,38
KXCPICORE-26OCT-T0.1,KXCPICORE,perim_island_seized,active,binary,0.1,Above 0.1%,0.1,0.1,2026-06-10T20:00:00Z,2026-11-10T13:25:00Z,live,38
KXCPICORE-26OCT-T0.0,KXCPICORE,perim_island_seized,active,binary,0.0,Above 0.0%,0,0,2026-06-10T20:00:00Z,2026-11-10T13:25:00Z,live,37
KXCPICORE-26SEP-T0.9,KXCPICORE,perim_island_seized,active,binary,0.9,Above 0.9%,0.9,0.9,2026-06-10T19:50:00Z,2026-10-14T12:25:00Z,live,1
KXCPICORE-26SEP-T0.8,KXCPICORE,perim_island_seized,active,binary,0.8,Above 0.8%,0.8,0.8,2026-06-10T19:50:00Z,2026-10-14T12:25:00Z,live,1
KXCPICORE-26SEP-T0.7,KXCPICORE,perim_island_seized,active,binary,0.7,Above 0.7%,0.7,0.7,2026-06-10T19:50:00Z,2026-10-14T12:25:00Z,live,30
KXCPICORE-26SEP-T0.6,KXCPICORE,perim_island_seized,active,binary,0.6,Above 0.6%,0.6,0.6,2026-06-10T19:50:00Z,2026-10-14T12:25:00Z,live,22
KXCPICORE-26SEP-T0.5,KXCPICORE,perim_island_seized,active,binary,0.5,Above 0.5%,0.5,0.5,2026-06-10T19:50:00Z,2026-10-14T12:25:00Z,live,22
KXCPICORE-26SEP-T0.4,KXCPICORE,perim_island_seized,active,binary,0.4,Above 0.4%,0.4,0.4,2026-06-10T19:50:00Z,2026-10-14T12:25:00Z,live,31
KXCPICORE-26SEP-T0.3,KXCPICORE,perim_island_seized,active,binary,0.3,Above 0.3%,0.3,0.3,2026-06-10T19:50:00Z,2026-10-14T12:25:00Z,live,33
KXCPICORE-26SEP-T0.2,KXCPICORE,perim_island_seized,active,binary,0.2,Above 0.2%,0.2,0.2,2026-06-10T19:50:00Z,2026-10-14T12:25:00Z,live,40
KXCPICORE-26SEP-T0.1,KXCPICORE,perim_island_seized,active,binary,0.1,Above 0.1%,0.1,0.1,2026-06-10T19:50:00Z,2026-10-14T12:25:00Z,live,37
KXCPICORE-26SEP-T0.0,KXCPICORE,perim_island_seized,active,binary,0.0,Above 0.0%,0,0,2026-06-10T19:50:00Z,2026-10-14T12:25:00Z,live,33
KXCPICORE-26AUG-T1.0,KXCPICORE,perim_island_seized,finalized,binary,1.0,Above 1.0%,1,1,2026-06-10T18:30:00Z,2026-09-11T12:25:00Z,live,3
KXCPICORE-26AUG-T0.9,KXCPICORE,perim_island_seized,finalized,binary,0.9,Above 0.9%,0.9,0.9,2026-06-10T18:30:00Z,2026-09-11T12:25:00Z,live,6
KXCPICORE-26AUG-T0.8,KXCPICORE,perim_island_seized,finalized,binary,0.8,Above 0.8%,0.8,0.8,2026-06-10T18:30:00Z,2026-09-11T12:25:00Z,live,34
KXCPICORE-26AUG-T0.7,KXCPICORE,perim_island_seized,finalized,binary,0.7,Above 0.7%,0.7,0.7,2026-06-10T18:30:00Z,2026-09-11T12:25:00Z,live,33
KXCPICORE-26AUG-T0.6,KXCPICORE,perim_island_seized,finalized,binary,0.6,Above 0.6%,0.6,0.6,2026-06-10T18:30:00Z,2026-09-11T12:25:00Z,live,34
KXCPICORE-26AUG-T0.5,KXCPICORE,perim_island_seized,finalized,binary,0.5,Above 0.5%,0.5,0.5,2026-06-10T18:30:00Z,2026-09-11T12:25:00Z,live,34
KXCPICORE-26AUG-T0.4,KXCPICORE,perim_island_seized,finalized,binary,0.4,Above 0.4%,0.4,0.4,2026-06-10T18:30:00Z,2026-09-11T12:25:00Z,live,24
KXCPICORE-26AUG-T0.3,KXCPICORE,perim_island_seized,finalized,binary,0.3,Above 0.3%,0.3,0.3,2026-06-10T18:30:00Z,2026-09-11T12:25:00Z,live,35
KXCPICORE-26AUG-T0.2,KXCPICORE,perim_island_seized,finalized,binary,0.2,Above 0.2%,0.2,0.2,2026-06-10T18:30:00Z,2026-09-11T12:25:00Z,live,41
KXCPICORE-26AUG-T0.1,KXCPICORE,perim_island_seized,finalized,binary,0.1,Above 0.1%,0.1,0.1,2026-06-10T18:30:00Z,2026-09-11T12:25:00Z,live,35
KXCPICORE-26AUG-T0.0,KXCPICORE,perim_island_seized,finalized,binary,0.0,Above 0.0%,0,0,2026-06-10T18:30:00Z,2026-09-11T12:25:00Z,live,36
KXCPICORE-26JUL-T1.0,KXCPICORE,perim_island_seized,finalized,binary,1.0,Above 1.0%,1,1,2026-05-12T16:00:00Z,2026-08-12T12:25:00Z,live,12
KXCPICORE-26JUL-T0.9,KXCPICORE,perim_island_seized,finalized,binary,0.9,Above 0.9%,0.9,0.9,2026-05-12T16:00:00Z,2026-08-12T12:25:00Z,live,12
KXCPICORE-26JUL-T0.8,KXCPICORE,perim_island_seized,finalized,binary,0.8,Above 0.8%,0.8,0.8,2026-05-12T16:00:00Z,2026-08-12T12:25:00Z,live,7
KXCPICORE-26JUL-T0.7,KXCPICORE,perim_island_seized,finalized,binary,0.7,Above 0.7%,0.7,0.7,2026-05-12T16:00:00Z,2026-08-12T12:25:00Z,live,12
KXCPICORE-26JUL-T0.6,KXCPICORE,perim_island_seized,finalized,binary,0.6,Above 0.6%,0.6,0.6,2026-05-12T16:00:00Z,2026-08-12T12:25:00Z,live,12
KXCPICORE-26JUL-T0.5,KXCPICORE,perim_island_seized,finalized,binary,0.5,Above 0.5%,0.5,0.5,2026-05-12T16:00:00Z,2026-08-12T12:25:00Z,live,12
KXCPICORE-26JUL-T0.4,KXCPICORE,perim_island_seized,finalized,binary,0.4,Above 0.4%,0.4,0.4,2026-05-12T16:00:00Z,2026-08-12T12:25:00Z,live,12
KXCPICORE-26JUL-T0.3,KXCPICORE,perim_island_seized,finalized,binary,0.3,Above 0.3%,0.3,0.3,2026-05-12T16:00:00Z,2026-08-12T12:25:00Z,live,11
KXCPICORE-26JUL-T0.2,KXCPICORE,perim_island_seized,finalized,binary,0.2,Above 0.2%,0.2,0.2,2026-05-12T16:00:00Z,2026-08-12T12:25:00Z,live,12
KXCPICORE-26JUL-T0.1,KXCPICORE,perim_island_seized,finalized,binary,0.1,Above 0.1%,0.1,0.1,2026-05-12T16:00:00Z,2026-08-12T12:25:00Z,live,12
KXCPICORE-26JUL-T0.0,KXCPICORE,perim_island_seized,finalized,binary,0.0,Above 0.0%,0,0,2026-05-12T16:00:00Z,2026-08-12T12:25:00Z,live,12
KXFED-27APR-T6.00,KXFED,perim_island_seized,active,binary,6.00%,Above 6.00%,6,,2026-09-18T15:00:00Z,2027-04-28T17:55:00Z,live,1
KXFED-27APR-T5.75,KXFED,perim_island_seized,active,binary,5.75%,Above 5.75%,5.75,,2026-09-18T15:00:00Z,2027-04-28T17:55:00Z,live,1
KXFED-27APR-T5.50,KXFED,perim_island_seized,active,binary,5.50%,Above 5.50%,5.5,,2026-09-18T15:00:00Z,2027-04-28T17:55:00Z,live,1
KXFED-27APR-T5.25,KXFED,perim_island_seized,active,binary,5.25%,Above 5.25%,5.25,,2026-09-18T15:00:00Z,2027-04-28T17:55:00Z,live,1
KXFED-27APR-T5.00,KXFED,perim_island_seized,active,binary,5.00%,Above 5.00%,5,,2026-09-18T15:00:00Z,2027-04-28T17:55:00Z,live,1
KXFED-27APR-T4.75,KXFED,perim_island_seized,active,binary,4.75%,Above 4.75%,4.75,,2026-09-18T15:00:00Z,2027-04-28T17:55:00Z,live,1
KXFED-27APR-T4.50,KXFED,perim_island_seized,active,binary,4.50%,Above 4.50%,4.5,,2026-09-18T15:00:00Z,2027-04-28T17:55:00Z,live,1
KXFED-27MAR-T6.00,KXFED,perim_island_seized,active,binary,6.00%,Above 6.00%,6,,2026-09-18T15:00:00Z,2027-03-17T17:55:00Z,live,1
KXFED-27MAR-T5.75,KXFED,perim_island_seized,active,binary,5.75%,Above 5.75%,5.75,,2026-09-18T15:00:00Z,2027-03-17T17:55:00Z,live,1
KXFED-27MAR-T5.50,KXFED,perim_island_seized,active,binary,5.50%,Above 5.50%,5.5,,2026-09-18T15:00:00Z,2027-03-17T17:55:00Z,live,1
KXFED-27MAR-T5.25,KXFED,perim_island_seized,active,binary,5.25%,Above 5.25%,5.25,,2026-09-18T15:00:00Z,2027-03-17T17:55:00Z,live,1
KXFED-27MAR-T5.00,KXFED,perim_island_seized,active,binary,5.00%,Above 5.00%,5,,2026-09-18T15:00:00Z,2027-03-17T17:55:00Z,live,1
KXFED-27MAR-T4.75,KXFED,perim_island_seized,active,binary,4.75%,Above 4.75%,4.75,,2026-09-18T15:00:00Z,2027-03-17T17:55:00Z,live,1
KXFED-27MAR-T4.50,KXFED,perim_island_seized,active,binary,4.50%,Above 4.50%,4.5,,2026-09-18T15:00:00Z,2027-03-17T17:55:00Z,live,1
KXFED-27JAN-T6.00,KXFED,perim_island_seized,active,binary,6.00%,Above 6.00%,6,,2026-09-18T15:00:00Z,2027-01-27T18:55:00Z,live,1
KXFED-27JAN-T5.75,KXFED,perim_island_seized,active,binary,5.75%,Above 5.75%,5.75,,2026-09-18T15:00:00Z,2027-01-27T18:55:00Z,live,1
KXFED-27JAN-T5.50,KXFED,perim_island_seized,active,binary,5.50%,Above 5.50%,5.5,,2026-09-18T15:00:00Z,2027-01-27T18:55:00Z,live,1
KXFED-27JAN-T5.25,KXFED,perim_island_seized,active,binary,5.25%,Above 5.25%,5.25,,2026-09-18T15:00:00Z,2027-01-27T18:55:00Z,live,1
KXFED-27JAN-T5.00,KXFED,perim_island_seized,active,binary,5.00%,Above 5.00%,5,,2026-09-18T15:00:00Z,2027-01-27T18:55:00Z,live,1
KXFED-27JAN-T4.75,KXFED,perim_island_seized,active,binary,4.75%,Above 4.75%,4.75,,2026-09-18T15:00:00Z,2027-01-27T18:55:00Z,live,1
KXFED-27JAN-T4.50,KXFED,perim_island_seized,active,binary,4.50%,Above 4.50%,4.5,,2026-09-18T15:00:00Z,2027-01-27T18:55:00Z,live,1
KXFED-28JAN-T6.00,KXFED,perim_island_seized,active,binary,6.00%,Above 6.00%,6,,2026-09-18T15:00:00Z,2028-01-26T18:55:00Z,live,1
KXFED-28JAN-T5.75,KXFED,perim_island_seized,active,binary,5.75%,Above 5.75%,5.75,,2026-09-18T15:00:00Z,2028-01-26T18:55:00Z,live,1
KXFED-28JAN-T5.50,KXFED,perim_island_seized,active,binary,5.50%,Above 5.50%,5.5,,2026-09-18T15:00:00Z,2028-01-26T18:55:00Z,live,1
KXFED-28JAN-T5.25,KXFED,perim_island_seized,active,binary,5.25%,Above 5.25%,5.25,,2026-09-18T15:00:00Z,2028-01-26T18:55:00Z,live,1
KXFED-28JAN-T5.00,KXFED,perim_island_seized,active,binary,5.00%,Above 5.00%,5,,2026-09-18T15:00:00Z,2028-01-26T18:55:00Z,live,1
KXFED-28JAN-T4.75,KXFED,perim_island_seized,active,binary,4.75%,Above 4.75%,4.75,,2026-09-18T15:00:00Z,2028-01-26T18:55:00Z,live,1
KXFED-28JAN-T4.50,KXFED,perim_island_seized,active,binary,4.50%,Above 4.50%,4.5,,2026-09-18T15:00:00Z,2028-01-26T18:55:00Z,live,1
KXFED-28JAN-T4.25,KXFED,perim_island_seized,active,binary,4.25%,Above 4.25%,4.25,,2026-09-18T15:00:00Z,2028-01-26T18:55:00Z,live,1
KXFED-28JAN-T4.00,KXFED,perim_island_seized,active,binary,4.00%,Above 4.00%,4,,2026-09-18T15:00:00Z,2028-01-26T18:55:00Z,live,1
KXFED-28JAN-T3.75,KXFED,perim_island_seized,active,binary,3.75%,Above 3.75%,3.75,,2026-09-18T15:00:00Z,2028-01-26T18:55:00Z,live,1
KXFED-28JAN-T3.50,KXFED,perim_island_seized,active,binary,3.50%,Above 3.50%,3.5,,2026-09-18T15:00:00Z,2028-01-26T18:55:00Z,live,1
KXFED-28JAN-T3.25,KXFED,perim_island_seized,active,binary,3.25%,Above 3.25%,3.25,,2026-09-18T15:00:00Z,2028-01-26T18:55:00Z,live,1
KXFED-28JAN-T3.00,KXFED,perim_island_seized,active,binary,3.00%,Above 3.00%,3,,2026-09-18T15:00:00Z,2028-01-26T18:55:00Z,live,1
KXFED-28JAN-T2.75,KXFED,perim_island_seized,active,binary,2.75%,Above 2.75%,2.75,,2026-09-18T15:00:00Z,2028-01-26T18:55:00Z,live,1
KXFED-28JAN-T2.50,KXFED,perim_island_seized,active,binary,2.50%,Above 2.50%,2.5,,2026-09-18T15:00:00Z,2028-01-26T18:55:00Z,live,1
KXFED-28JAN-T2.25,KXFED,perim_island_seized,active,binary,2.25%,Above 2.25%,2.25,,2026-09-18T15:00:00Z,2028-01-26T18:55:00Z,live,1
KXFED-28JAN-T2.00,KXFED,perim_island_seized,active,binary,2.00%,Above 2.00%,2,,2026-09-18T15:00:00Z,2028-01-26T18:55:00Z,live,1
KXFED-28JAN-T1.75,KXFED,perim_island_seized,active,binary,1.75%,Above 1.75%,1.75,,2026-09-18T15:00:00Z,2028-01-26T18:55:00Z,live,1
KXFED-28JAN-T1.50,KXFED,perim_island_seized,active,binary,1.50%,Above 1.50%,1.5,,2026-09-18T15:00:00Z,2028-01-26T18:55:00Z,live,1
KXFED-28JAN-T1.25,KXFED,perim_island_seized,active,binary,1.25%,Above 1.25%,1.25,,2026-09-18T15:00:00Z,2028-01-26T18:55:00Z,live,1
KXFED-28JAN-T1.00,KXFED,perim_island_seized,active,binary,1.00%,Above 1.00%,1,,2026-09-18T15:00:00Z,2028-01-26T18:55:00Z,live,1
KXFED-28JAN-T0.75,KXFED,perim_island_seized,active,binary,0.75%,Above 0.75%,0.75,,2026-09-18T15:00:00Z,2028-01-26T18:55:00Z,live,1
KXFED-28JAN-T0.50,KXFED,perim_island_seized,active,binary,0.50%,Above 0.50%,0.5,,2026-09-18T15:00:00Z,2028-01-26T18:55:00Z,live,1
KXFED-28JAN-T0.25,KXFED,perim_island_seized,active,binary,0.25%,Above 0.25%,0.25,,2026-09-18T15:00:00Z,2028-01-26T18:55:00Z,live,1
KXFED-28JAN-T0.00,KXFED,perim_island_seized,active,binary,0.00%,Above 0.00%,0,,2026-09-18T15:00:00Z,2028-01-26T18:55:00Z,live,1
KXFED-27DEC-T6.00,KXFED,perim_island_seized,active,binary,6.00%,Above 6.00%,6,,2026-09-18T15:00:00Z,2027-12-08T18:55:00Z,live,1
KXFED-27DEC-T5.75,KXFED,perim_island_seized,active,binary,5.75%,Above 5.75%,5.75,,2026-09-18T15:00:00Z,2027-12-08T18:55:00Z,live,1
KXFED-27DEC-T5.50,KXFED,perim_island_seized,active,binary,5.50%,Above 5.50%,5.5,,2026-09-18T15:00:00Z,2027-12-08T18:55:00Z,live,1
KXFED-27DEC-T5.25,KXFED,perim_island_seized,active,binary,5.25%,Above 5.25%,5.25,,2026-09-18T15:00:00Z,2027-12-08T18:55:00Z,live,1
KXFED-27DEC-T5.00,KXFED,perim_island_seized,active,binary,5.00%,Above 5.00%,5,,2026-09-18T15:00:00Z,2027-12-08T18:55:00Z,live,1
KXFED-27DEC-T4.75,KXFED,perim_island_seized,active,binary,4.75%,Above 4.75%,4.75,,2026-09-18T15:00:00Z,2027-12-08T18:55:00Z,live,1
KXFED-27DEC-T4.50,KXFED,perim_island_seized,active,binary,4.50%,Above 4.50%,4.5,,2026-09-18T15:00:00Z,2027-12-08T18:55:00Z,live,1
KXFED-27DEC-T4.25,KXFED,perim_island_seized,active,binary,4.25%,Above 4.25%,4.25,,2026-09-18T15:00:00Z,2027-12-08T18:55:00Z,live,1
KXFED-27DEC-T4.00,KXFED,perim_island_seized,active,binary,4.00%,Above 4.00%,4,,2026-09-18T15:00:00Z,2027-12-08T18:55:00Z,live,1
KXFED-27DEC-T3.75,KXFED,perim_island_seized,active,binary,3.75%,Above 3.75%,3.75,,2026-09-18T15:00:00Z,2027-12-08T18:55:00Z,live,1
KXFED-27DEC-T3.50,KXFED,perim_island_seized,active,binary,3.50%,Above 3.50%,3.5,,2026-09-18T15:00:00Z,2027-12-08T18:55:00Z,live,1
KXFED-27DEC-T3.25,KXFED,perim_island_seized,active,binary,3.25%,Above 3.25%,3.25,,2026-09-18T15:00:00Z,2027-12-08T18:55:00Z,live,1
KXFED-27DEC-T3.00,KXFED,perim_island_seized,active,binary,3.00%,Above 3.00%,3,,2026-09-18T15:00:00Z,2027-12-08T18:55:00Z,live,1
KXFED-27DEC-T2.75,KXFED,perim_island_seized,active,binary,2.75%,Above 2.75%,2.75,,2026-09-18T15:00:00Z,2027-12-08T18:55:00Z,live,1
KXFED-27DEC-T2.50,KXFED,perim_island_seized,active,binary,2.50%,Above 2.50%,2.5,,2026-09-18T15:00:00Z,2027-12-08T18:55:00Z,live,1
KXFED-27DEC-T2.25,KXFED,perim_island_seized,active,binary,2.25%,Above 2.25%,2.25,,2026-09-18T15:00:00Z,2027-12-08T18:55:00Z,live,1
KXFED-27DEC-T2.00,KXFED,perim_island_seized,active,binary,2.00%,Above 2.00%,2,,2026-09-18T15:00:00Z,2027-12-08T18:55:00Z,live,1
KXFED-27DEC-T1.75,KXFED,perim_island_seized,active,binary,1.75%,Above 1.75%,1.75,,2026-09-18T15:00:00Z,2027-12-08T18:55:00Z,live,1
KXFED-27DEC-T1.50,KXFED,perim_island_seized,active,binary,1.50%,Above 1.50%,1.5,,2026-09-18T15:00:00Z,2027-12-08T18:55:00Z,live,1
KXFED-27DEC-T1.25,KXFED,perim_island_seized,active,binary,1.25%,Above 1.25%,1.25,,2026-09-18T15:00:00Z,2027-12-08T18:55:00Z,live,1
KXFED-27DEC-T1.00,KXFED,perim_island_seized,active,binary,1.00%,Above 1.00%,1,,2026-09-18T15:00:00Z,2027-12-08T18:55:00Z,live,1
KXFED-27DEC-T0.75,KXFED,perim_island_seized,active,binary,0.75%,Above 0.75%,0.75,,2026-09-18T15:00:00Z,2027-12-08T18:55:00Z,live,1
KXFED-27DEC-T0.50,KXFED,perim_island_seized,active,binary,0.50%,Above 0.50%,0.5,,2026-09-18T15:00:00Z,2027-12-08T18:55:00Z,live,1
KXFED-27DEC-T0.25,KXFED,perim_island_seized,active,binary,0.25%,Above 0.25%,0.25,,2026-09-18T15:00:00Z,2027-12-08T18:55:00Z,live,1
KXFED-27DEC-T0.00,KXFED,perim_island_seized,active,binary,0.00%,Above 0.00%,0,,2026-09-18T15:00:00Z,2027-12-08T18:55:00Z,live,1
KXFED-27OCT-T6.00,KXFED,perim_island_seized,active,binary,6.00%,Above 6.00%,6,,2026-09-18T15:00:00Z,2027-10-27T17:55:00Z,live,1
KXFED-27OCT-T5.75,KXFED,perim_island_seized,active,binary,5.75%,Above 5.75%,5.75,,2026-09-18T15:00:00Z,2027-10-27T17:55:00Z,live,1
KXFED-27OCT-T5.50,KXFED,perim_island_seized,active,binary,5.50%,Above 5.50%,5.5,,2026-09-18T15:00:00Z,2027-10-27T17:55:00Z,live,1
KXFED-27OCT-T5.25,KXFED,perim_island_seized,active,binary,5.25%,Above 5.25%,5.25,,2026-09-18T15:00:00Z,2027-10-27T17:55:00Z,live,1
KXFED-27OCT-T5.00,KXFED,perim_island_seized,active,binary,5.00%,Above 5.00%,5,,2026-09-18T15:00:00Z,2027-10-27T17:55:00Z,live,1
KXFED-27OCT-T4.75,KXFED,perim_island_seized,active,binary,4.75%,Above 4.75%,4.75,,2026-09-18T15:00:00Z,2027-10-27T17:55:00Z,live,1
KXFED-27OCT-T4.50,KXFED,perim_island_seized,active,binary,4.50%,Above 4.50%,4.5,,2026-09-18T15:00:00Z,2027-10-27T17:55:00Z,live,1
KXFED-27OCT-T4.25,KXFED,perim_island_seized,active,binary,4.25%,Above 4.25%,4.25,,2026-09-18T15:00:00Z,2027-10-27T17:55:00Z,live,1
KXFED-27OCT-T4.00,KXFED,perim_island_seized,active,binary,4.00%,Above 4.00%,4,,2026-09-18T15:00:00Z,2027-10-27T17:55:00Z,live,1
KXFED-27OCT-T3.75,KXFED,perim_island_seized,active,binary,3.75%,Above 3.75%,3.75,,2026-09-18T15:00:00Z,2027-10-27T17:55:00Z,live,1
KXFED-27OCT-T3.50,KXFED,perim_island_seized,active,binary,3.50%,Above 3.50%,3.5,,2026-09-18T15:00:00Z,2027-10-27T17:55:00Z,live,1
KXFED-27OCT-T3.25,KXFED,perim_island_seized,active,binary,3.25%,Above 3.25%,3.25,,2026-09-18T15:00:00Z,2027-10-27T17:55:00Z,live,1
KXFED-27OCT-T3.00,KXFED,perim_island_seized,active,binary,3.00%,Above 3.00%,3,,2026-09-18T15:00:00Z,2027-10-27T17:55:00Z,live,1
KXFED-27OCT-T2.75,KXFED,perim_island_seized,active,binary,2.75%,Above 2.75%,2.75,,2026-09-18T15:00:00Z,2027-10-27T17:55:00Z,live,1
KXFED-27OCT-T2.50,KXFED,perim_island_seized,active,binary,2.50%,Above 2.50%,2.5,,2026-09-18T15:00:00Z,2027-10-27T17:55:00Z,live,1
KXFED-27OCT-T2.25,KXFED,perim_island_seized,active,binary,2.25%,Above 2.25%,2.25,,2026-09-18T15:00:00Z,2027-10-27T17:55:00Z,live,1
KXFED-27OCT-T2.00,KXFED,perim_island_seized,active,binary,2.00%,Above 2.00%,2,,2026-09-18T15:00:00Z,2027-10-27T17:55:00Z,live,1
KXFED-27OCT-T1.75,KXFED,perim_island_seized,active,binary,1.75%,Above 1.75%,1.75,,2026-09-18T15:00:00Z,2027-10-27T17:55:00Z,live,1
KXFED-27OCT-T1.50,KXFED,perim_island_seized,active,binary,1.50%,Above 1.50%,1.5,,2026-09-18T15:00:00Z,2027-10-27T17:55:00Z,live,1
KXFED-27OCT-T1.25,KXFED,perim_island_seized,active,binary,1.25%,Above 1.25%,1.25,,2026-09-18T15:00:00Z,2027-10-27T17:55:00Z,live,1
KXFED-27OCT-T1.00,KXFED,perim_island_seized,active,binary,1.00%,Above 1.00%,1,,2026-09-18T15:00:00Z,2027-10-27T17:55:00Z,live,1
KXFED-27OCT-T0.75,KXFED,perim_island_seized,active,binary,0.75%,Above 0.75%,0.75,,2026-09-18T15:00:00Z,2027-10-27T17:55:00Z,live,1
KXFED-27OCT-T0.50,KXFED,perim_island_seized,active,binary,0.50%,Above 0.50%,0.5,,2026-09-18T15:00:00Z,2027-10-27T17:55:00Z,live,1
KXFED-27OCT-T0.25,KXFED,perim_island_seized,active,binary,0.25%,Above 0.25%,0.25,,2026-09-18T15:00:00Z,2027-10-27T17:55:00Z,live,1
KXFED-27OCT-T0.00,KXFED,perim_island_seized,active,binary,0.00%,Above 0.00%,0,,2026-09-18T15:00:00Z,2027-10-27T17:55:00Z,live,1
KXFED-27SEP-T6.00,KXFED,perim_island_seized,active,binary,6.00%,Above 6.00%,6,,2026-09-18T15:00:00Z,2027-09-15T17:55:00Z,live,1
KXFED-27SEP-T5.75,KXFED,perim_island_seized,active,binary,5.75%,Above 5.75%,5.75,,2026-09-18T15:00:00Z,2027-09-15T17:55:00Z,live,1
KXFED-27SEP-T5.50,KXFED,perim_island_seized,active,binary,5.50%,Above 5.50%,5.5,,2026-09-18T15:00:00Z,2027-09-15T17:55:00Z,live,1
KXFED-27SEP-T5.25,KXFED,perim_island_seized,active,binary,5.25%,Above 5.25%,5.25,,2026-09-18T15:00:00Z,2027-09-15T17:55:00Z,live,1
KXFED-27SEP-T5.00,KXFED,perim_island_seized,active,binary,5.00%,Above 5.00%,5,,2026-09-18T15:00:00Z,2027-09-15T17:55:00Z,live,1
KXFED-27SEP-T4.75,KXFED,perim_island_seized,active,binary,4.75%,Above 4.75%,4.75,,2026-09-18T15:00:00Z,2027-09-15T17:55:00Z,live,1
KXFED-27SEP-T4.50,KXFED,perim_island_seized,active,binary,4.50%,Above 4.50%,4.5,,2026-09-18T15:00:00Z,2027-09-15T17:55:00Z,live,1
KXFED-27SEP-T4.25,KXFED,perim_island_seized,active,binary,4.25%,Above 4.25%,4.25,,2026-09-18T15:00:00Z,2027-09-15T17:55:00Z,live,1
KXFED-27SEP-T4.00,KXFED,perim_island_seized,active,binary,4.00%,Above 4.00%,4,,2026-09-18T15:00:00Z,2027-09-15T17:55:00Z,live,1
KXFED-27SEP-T3.75,KXFED,perim_island_seized,active,binary,3.75%,Above 3.75%,3.75,,2026-09-18T15:00:00Z,2027-09-15T17:55:00Z,live,1
KXFED-27SEP-T3.50,KXFED,perim_island_seized,active,binary,3.50%,Above 3.50%,3.5,,2026-09-18T15:00:00Z,2027-09-15T17:55:00Z,live,1
KXFED-27SEP-T3.25,KXFED,perim_island_seized,active,binary,3.25%,Above 3.25%,3.25,,2026-09-18T15:00:00Z,2027-09-15T17:55:00Z,live,1
KXFED-27SEP-T3.00,KXFED,perim_island_seized,active,binary,3.00%,Above 3.00%,3,,2026-09-18T15:00:00Z,2027-09-15T17:55:00Z,live,1
KXFED-27SEP-T2.75,KXFED,perim_island_seized,active,binary,2.75%,Above 2.75%,2.75,,2026-09-18T15:00:00Z,2027-09-15T17:55:00Z,live,1
KXFED-27SEP-T2.50,KXFED,perim_island_seized,active,binary,2.50%,Above 2.50%,2.5,,2026-09-18T15:00:00Z,2027-09-15T17:55:00Z,live,1
KXFED-27SEP-T2.25,KXFED,perim_island_seized,active,binary,2.25%,Above 2.25%,2.25,,2026-09-18T15:00:00Z,2027-09-15T17:55:00Z,live,1
KXFED-27SEP-T2.00,KXFED,perim_island_seized,active,binary,2.00%,Above 2.00%,2,,2026-09-18T15:00:00Z,2027-09-15T17:55:00Z,live,1
KXFED-27SEP-T1.75,KXFED,perim_island_seized,active,binary,1.75%,Above 1.75%,1.75,,2026-09-18T15:00:00Z,2027-09-15T17:55:00Z,live,1
KXFED-27SEP-T1.50,KXFED,perim_island_seized,active,binary,1.50%,Above 1.50%,1.5,,2026-09-18T15:00:00Z,2027-09-15T17:55:00Z,live,1
KXFED-27SEP-T1.25,KXFED,perim_island_seized,active,binary,1.25%,Above 1.25%,1.25,,2026-09-18T15:00:00Z,2027-09-15T17:55:00Z,live,1
KXFED-27SEP-T1.00,KXFED,perim_island_seized,active,binary,1.00%,Above 1.00%,1,,2026-09-18T15:00:00Z,2027-09-15T17:55:00Z,live,1
KXFED-27SEP-T0.75,KXFED,perim_island_seized,active,binary,0.75%,Above 0.75%,0.75,,2026-09-18T15:00:00Z,2027-09-15T17:55:00Z,live,1
KXFED-27SEP-T0.50,KXFED,perim_island_seized,active,binary,0.50%,Above 0.50%,0.5,,2026-09-18T15:00:00Z,2027-09-15T17:55:00Z,live,1
KXFED-27SEP-T0.25,KXFED,perim_island_seized,active,binary,0.25%,Above 0.25%,0.25,,2026-09-18T15:00:00Z,2027-09-15T17:55:00Z,live,1
KXFED-27SEP-T0.00,KXFED,perim_island_seized,active,binary,0.00%,Above 0.00%,0,,2026-09-18T15:00:00Z,2027-09-15T17:55:00Z,live,1
KXFED-27JUL-T6.00,KXFED,perim_island_seized,active,binary,6.00%,Above 6.00%,6,,2026-09-18T15:00:00Z,2027-07-28T17:55:00Z,live,1
KXFED-27JUL-T5.75,KXFED,perim_island_seized,active,binary,5.75%,Above 5.75%,5.75,,2026-09-18T15:00:00Z,2027-07-28T17:55:00Z,live,1
KXFED-27JUL-T5.50,KXFED,perim_island_seized,active,binary,5.50%,Above 5.50%,5.5,,2026-09-18T15:00:00Z,2027-07-28T17:55:00Z,live,1
KXFED-27JUL-T5.25,KXFED,perim_island_seized,active,binary,5.25%,Above 5.25%,5.25,,2026-09-18T15:00:00Z,2027-07-28T17:55:00Z,live,1
KXFED-27JUL-T5.00,KXFED,perim_island_seized,active,binary,5.00%,Above 5.00%,5,,2026-09-18T15:00:00Z,2027-07-28T17:55:00Z,live,1
KXFED-27JUL-T4.75,KXFED,perim_island_seized,active,binary,4.75%,Above 4.75%,4.75,,2026-09-18T15:00:00Z,2027-07-28T17:55:00Z,live,1
KXFED-27JUL-T4.50,KXFED,perim_island_seized,active,binary,4.50%,Above 4.50%,4.5,,2026-09-18T15:00:00Z,2027-07-28T17:55:00Z,live,1
KXFED-27JUL-T4.25,KXFED,perim_island_seized,active,binary,4.25%,Above 4.25%,4.25,,2026-09-18T15:00:00Z,2027-07-28T17:55:00Z,live,1
KXFED-27JUL-T4.00,KXFED,perim_island_seized,active,binary,4.00%,Above 4.00%,4,,2026-09-18T15:00:00Z,2027-07-28T17:55:00Z,live,1
KXFED-27JUL-T3.75,KXFED,perim_island_seized,active,binary,3.75%,Above 3.75%,3.75,,2026-09-18T15:00:00Z,2027-07-28T17:55:00Z,live,1
KXFED-27JUL-T3.50,KXFED,perim_island_seized,active,binary,3.50%,Above 3.50%,3.5,,2026-09-18T15:00:00Z,2027-07-28T17:55:00Z,live,1
KXFED-27JUL-T3.25,KXFED,perim_island_seized,active,binary,3.25%,Above 3.25%,3.25,,2026-09-18T15:00:00Z,2027-07-28T17:55:00Z,live,1
KXFED-27JUL-T3.00,KXFED,perim_island_seized,active,binary,3.00%,Above 3.00%,3,,2026-09-18T15:00:00Z,2027-07-28T17:55:00Z,live,1
KXFED-27JUL-T2.75,KXFED,perim_island_seized,active,binary,2.75%,Above 2.75%,2.75,,2026-09-18T15:00:00Z,2027-07-28T17:55:00Z,live,1
KXFED-27JUL-T2.50,KXFED,perim_island_seized,active,binary,2.50%,Above 2.50%,2.5,,2026-09-18T15:00:00Z,2027-07-28T17:55:00Z,live,1
KXFED-27JUL-T2.25,KXFED,perim_island_seized,active,binary,2.25%,Above 2.25%,2.25,,2026-09-18T15:00:00Z,2027-07-28T17:55:00Z,live,1
KXFED-27JUL-T2.00,KXFED,perim_island_seized,active,binary,2.00%,Above 2.00%,2,,2026-09-18T15:00:00Z,2027-07-28T17:55:00Z,live,1
KXFED-27JUL-T1.75,KXFED,perim_island_seized,active,binary,1.75%,Above 1.75%,1.75,,2026-09-18T15:00:00Z,2027-07-28T17:55:00Z,live,1
KXFED-27JUL-T1.50,KXFED,perim_island_seized,active,binary,1.50%,Above 1.50%,1.5,,2026-09-18T15:00:00Z,2027-07-28T17:55:00Z,live,1
KXFED-27JUL-T1.25,KXFED,perim_island_seized,active,binary,1.25%,Above 1.25%,1.25,,2026-09-18T15:00:00Z,2027-07-28T17:55:00Z,live,1
KXFED-27JUL-T1.00,KXFED,perim_island_seized,active,binary,1.00%,Above 1.00%,1,,2026-09-18T15:00:00Z,2027-07-28T17:55:00Z,live,1
KXFED-27JUL-T0.75,KXFED,perim_island_seized,active,binary,0.75%,Above 0.75%,0.75,,2026-09-18T15:00:00Z,2027-07-28T17:55:00Z,live,1
KXFED-27JUL-T0.50,KXFED,perim_island_seized,active,binary,0.50%,Above 0.50%,0.5,,2026-09-18T15:00:00Z,2027-07-28T17:55:00Z,live,1
KXFED-27JUL-T0.25,KXFED,perim_island_seized,active,binary,0.25%,Above 0.25%,0.25,,2026-09-18T15:00:00Z,2027-07-28T17:55:00Z,live,1
KXFED-27JUL-T0.00,KXFED,perim_island_seized,active,binary,0.00%,Above 0.00%,0,,2026-09-18T15:00:00Z,2027-07-28T17:55:00Z,live,1
KXFED-27JUN-T6.00,KXFED,perim_island_seized,active,binary,6.00%,Above 6.00%,6,,2026-09-18T15:00:00Z,2027-06-09T17:55:00Z,live,1
KXFED-27JUN-T5.75,KXFED,perim_island_seized,active,binary,5.75%,Above 5.75%,5.75,,2026-09-18T15:00:00Z,2027-06-09T17:55:00Z,live,1
KXFED-27JUN-T5.50,KXFED,perim_island_seized,active,binary,5.50%,Above 5.50%,5.5,,2026-09-18T15:00:00Z,2027-06-09T17:55:00Z,live,1
KXFED-27JUN-T5.25,KXFED,perim_island_seized,active,binary,5.25%,Above 5.25%,5.25,,2026-09-18T15:00:00Z,2027-06-09T17:55:00Z,live,1
KXFED-27JUN-T5.00,KXFED,perim_island_seized,active,binary,5.00%,Above 5.00%,5,,2026-09-18T15:00:00Z,2027-06-09T17:55:00Z,live,1
KXFED-27JUN-T4.75,KXFED,perim_island_seized,active,binary,4.75%,Above 4.75%,4.75,,2026-09-18T15:00:00Z,2027-06-09T17:55:00Z,live,1
KXFED-27JUN-T4.50,KXFED,perim_island_seized,active,binary,4.50%,Above 4.50%,4.5,,2026-09-18T15:00:00Z,2027-06-09T17:55:00Z,live,1
KXFED-27JUN-T4.25,KXFED,perim_island_seized,active,binary,4.25%,Above 4.25%,4.25,,2026-09-18T15:00:00Z,2027-06-09T17:55:00Z,live,1
KXFED-27JUN-T4.00,KXFED,perim_island_seized,active,binary,4.00%,Above 4.00%,4,,2026-09-18T15:00:00Z,2027-06-09T17:55:00Z,live,1
KXFED-27JUN-T3.75,KXFED,perim_island_seized,active,binary,3.75%,Above 3.75%,3.75,,2026-09-18T15:00:00Z,2027-06-09T17:55:00Z,live,1
KXFED-27JUN-T3.50,KXFED,perim_island_seized,active,binary,3.50%,Above 3.50%,3.5,,2026-09-18T15:00:00Z,2027-06-09T17:55:00Z,live,1
KXFED-27JUN-T3.25,KXFED,perim_island_seized,active,binary,3.25%,Above 3.25%,3.25,,2026-09-18T15:00:00Z,2027-06-09T17:55:00Z,live,1
KXFED-27JUN-T3.00,KXFED,perim_island_seized,active,binary,3.00%,Above 3.00%,3,,2026-09-18T15:00:00Z,2027-06-09T17:55:00Z,live,1
KXFED-27JUN-T2.75,KXFED,perim_island_seized,active,binary,2.75%,Above 2.75%,2.75,,2026-09-18T15:00:00Z,2027-06-09T17:55:00Z,live,1
KXFED-27JUN-T2.50,KXFED,perim_island_seized,active,binary,2.50%,Above 2.50%,2.5,,2026-09-18T15:00:00Z,2027-06-09T17:55:00Z,live,1
KXFED-27JUN-T2.25,KXFED,perim_island_seized,active,binary,2.25%,Above 2.25%,2.25,,2026-09-18T15:00:00Z,2027-06-09T17:55:00Z,live,1
KXFED-27JUN-T2.00,KXFED,perim_island_seized,active,binary,2.00%,Above 2.00%,2,,2026-09-18T15:00:00Z,2027-06-09T17:55:00Z,live,1
KXFED-27JUN-T1.75,KXFED,perim_island_seized,active,binary,1.75%,Above 1.75%,1.75,,2026-09-18T15:00:00Z,2027-06-09T17:55:00Z,live,1
KXFED-27JUN-T1.50,KXFED,perim_island_seized,active,binary,1.50%,Above 1.50%,1.5,,2026-09-18T15:00:00Z,2027-06-09T17:55:00Z,live,1
KXFED-27JUN-T1.25,KXFED,perim_island_seized,active,binary,1.25%,Above 1.25%,1.25,,2026-09-18T15:00:00Z,2027-06-09T17:55:00Z,live,1
KXFED-27JUN-T1.00,KXFED,perim_island_seized,active,binary,1.00%,Above 1.00%,1,,2026-09-18T15:00:00Z,2027-06-09T17:55:00Z,live,1
KXFED-27JUN-T0.75,KXFED,perim_island_seized,active,binary,0.75%,Above 0.75%,0.75,,2026-09-18T15:00:00Z,2027-06-09T17:55:00Z,live,1
KXFED-27JUN-T0.50,KXFED,perim_island_seized,active,binary,0.50%,Above 0.50%,0.5,,2026-09-18T15:00:00Z,2027-06-09T17:55:00Z,live,1
KXFED-27JUN-T0.25,KXFED,perim_island_seized,active,binary,0.25%,Above 0.25%,0.25,,2026-09-18T15:00:00Z,2027-06-09T17:55:00Z,live,1
KXFED-27JUN-T0.00,KXFED,perim_island_seized,active,binary,0.00%,Above 0.00%,0,,2026-09-18T15:00:00Z,2027-06-09T17:55:00Z,live,1
KXFED-27APR-T4.25,KXFED,perim_island_seized,active,binary,4.25%,Above 4.25%,4.25,,2025-10-13T14:00:00Z,2027-04-28T17:55:00Z,live,46
KXFED-27APR-T4.00,KXFED,perim_island_seized,active,binary,4.00%,Above 4.00%,4,,2025-10-13T14:00:00Z,2027-04-28T17:55:00Z,live,49
KXFED-27APR-T3.75,KXFED,perim_island_seized,active,binary,3.75%,Above 3.75%,3.75,,2025-10-13T14:00:00Z,2027-04-28T17:55:00Z,live,49
KXFED-27APR-T3.50,KXFED,perim_island_seized,active,binary,3.50%,Above 3.50%,3.5,,2025-10-13T14:00:00Z,2027-04-28T17:55:00Z,live,49
KXFED-27APR-T3.25,KXFED,perim_island_seized,active,binary,3.25%,Above 3.25%,3.25,,2025-10-13T14:00:00Z,2027-04-28T17:55:00Z,live,49
KXFED-27APR-T3.00,KXFED,perim_island_seized,active,binary,3.00%,Above 3.00%,3,,2025-10-13T14:00:00Z,2027-04-28T17:55:00Z,live,47
KXFED-27APR-T2.75,KXFED,perim_island_seized,active,binary,2.75%,Above 2.75%,2.75,,2025-10-13T14:00:00Z,2027-04-28T17:55:00Z,live,49
KXFED-27APR-T2.50,KXFED,perim_island_seized,active,binary,2.50%,Above 2.50%,2.5,,2025-10-13T14:00:00Z,2027-04-28T17:55:00Z,live,48
KXFED-27APR-T2.25,KXFED,perim_island_seized,active,binary,2.25%,Above 2.25%,2.25,,2025-10-13T14:00:00Z,2027-04-28T17:55:00Z,live,49
KXFED-27APR-T2.00,KXFED,perim_island_seized,active,binary,2.00%,Above 2.00%,2,,2025-10-13T14:00:00Z,2027-04-28T17:55:00Z,live,47
KXFED-27APR-T1.75,KXFED,perim_island_seized,active,binary,1.75%,Above 1.75%,1.75,,2025-10-13T14:00:00Z,2027-04-28T17:55:00Z,live,48
KXFED-27APR-T1.50,KXFED,perim_island_seized,active,binary,1.50%,Above 1.50%,1.5,,2025-10-13T14:00:00Z,2027-04-28T17:55:00Z,live,48
KXFED-27APR-T1.25,KXFED,perim_island_seized,active,binary,1.25%,Above 1.25%,1.25,,2025-10-13T14:00:00Z,2027-04-28T17:55:00Z,live,48
KXFED-27APR-T1.00,KXFED,perim_island_seized,active,binary,1.00%,Above 1.00%,1,,2025-10-13T14:00:00Z,2027-04-28T17:55:00Z,live,48
KXFED-27APR-T0.75,KXFED,perim_island_seized,active,binary,0.75%,Above 0.75%,0.75,,2025-10-13T14:00:00Z,2027-04-28T17:55:00Z,live,46
KXFED-27APR-T0.50,KXFED,perim_island_seized,active,binary,0.50%,Above 0.50%,0.5,,2025-10-13T14:00:00Z,2027-04-28T17:55:00Z,live,46
KXFED-27APR-T0.25,KXFED,perim_island_seized,active,binary,0.25%,Above 0.25%,0.25,,2025-10-13T14:00:00Z,2027-04-28T17:55:00Z,live,43
KXFED-27APR-T0.00,KXFED,perim_island_seized,active,binary,0.00%,Above 0.00%,0,,2025-10-13T14:00:00Z,2027-04-28T17:55:00Z,live,40
KXFED-27MAR-T4.25,KXFED,perim_island_seized,active,binary,4.25%,Above 4.25%,4.25,,2025-10-13T14:00:00Z,2027-03-17T17:55:00Z,live,46
KXFED-27MAR-T4.00,KXFED,perim_island_seized,active,binary,4.00%,Above 4.00%,4,,2025-10-13T14:00:00Z,2027-03-17T17:55:00Z,live,49
KXFED-27MAR-T3.75,KXFED,perim_island_seized,active,binary,3.75%,Above 3.75%,3.75,,2025-10-13T14:00:00Z,2027-03-17T17:55:00Z,live,43
KXFED-27MAR-T3.50,KXFED,perim_island_seized,active,binary,3.50%,Above 3.50%,3.5,,2025-10-13T14:00:00Z,2027-03-17T17:55:00Z,live,45
KXFED-27MAR-T3.25,KXFED,perim_island_seized,active,binary,3.25%,Above 3.25%,3.25,,2025-10-13T14:00:00Z,2027-03-17T17:55:00Z,live,48
KXFED-27MAR-T3.00,KXFED,perim_island_seized,active,binary,3.00%,Above 3.00%,3,,2025-10-13T14:00:00Z,2027-03-17T17:55:00Z,live,46
KXFED-27MAR-T2.75,KXFED,perim_island_seized,active,binary,2.75%,Above 2.75%,2.75,,2025-10-13T14:00:00Z,2027-03-17T17:55:00Z,live,45
KXFED-27MAR-T2.50,KXFED,perim_island_seized,active,binary,2.50%,Above 2.50%,2.5,,2025-10-13T14:00:00Z,2027-03-17T17:55:00Z,live,43
KXFED-27MAR-T2.25,KXFED,perim_island_seized,active,binary,2.25%,Above 2.25%,2.25,,2025-10-13T14:00:00Z,2027-03-17T17:55:00Z,live,45
KXFED-27MAR-T2.00,KXFED,perim_island_seized,active,binary,2.00%,Above 2.00%,2,,2025-10-13T14:00:00Z,2027-03-17T17:55:00Z,live,38
KXFED-27MAR-T1.75,KXFED,perim_island_seized,active,binary,1.75%,Above 1.75%,1.75,,2025-10-13T14:00:00Z,2027-03-17T17:55:00Z,live,41
KXFED-27MAR-T1.50,KXFED,perim_island_seized,active,binary,1.50%,Above 1.50%,1.5,,2025-10-13T14:00:00Z,2027-03-17T17:55:00Z,live,40
KXFED-27MAR-T1.25,KXFED,perim_island_seized,active,binary,1.25%,Above 1.25%,1.25,,2025-10-13T14:00:00Z,2027-03-17T17:55:00Z,live,38
KXFED-27MAR-T1.00,KXFED,perim_island_seized,active,binary,1.00%,Above 1.00%,1,,2025-10-13T14:00:00Z,2027-03-17T17:55:00Z,live,37
KXFED-27MAR-T0.75,KXFED,perim_island_seized,active,binary,0.75%,Above 0.75%,0.75,,2025-10-13T14:00:00Z,2027-03-17T17:55:00Z,live,32
KXFED-27MAR-T0.50,KXFED,perim_island_seized,active,binary,0.50%,Above 0.50%,0.5,,2025-10-13T14:00:00Z,2027-03-17T17:55:00Z,live,32
KXFED-27MAR-T0.25,KXFED,perim_island_seized,active,binary,0.25%,Above 0.25%,0.25,,2025-10-13T14:00:00Z,2027-03-17T17:55:00Z,live,36
KXFED-27MAR-T0.00,KXFED,perim_island_seized,active,binary,0.00%,Above 0.00%,0,,2025-10-13T14:00:00Z,2027-03-17T17:55:00Z,live,35
KXFED-27JAN-T4.25,KXFED,perim_island_seized,active,binary,4.25%,Above 4.25%,4.25,,2025-10-06T14:00:00Z,2027-01-27T18:55:00Z,live,44
KXFED-27JAN-T4.00,KXFED,perim_island_seized,active,binary,4.00%,Above 4.00%,4,,2025-10-06T14:00:00Z,2027-01-27T18:55:00Z,live,48
KXFED-27JAN-T3.75,KXFED,perim_island_seized,active,binary,3.75%,Above 3.75%,3.75,,2025-10-06T14:00:00Z,2027-01-27T18:55:00Z,live,47
KXFED-27JAN-T3.50,KXFED,perim_island_seized,active,binary,3.50%,Above 3.50%,3.5,,2025-10-06T14:00:00Z,2027-01-27T18:55:00Z,live,45
KXFED-27JAN-T3.25,KXFED,perim_island_seized,active,binary,3.25%,Above 3.25%,3.25,,2025-10-06T14:00:00Z,2027-01-27T18:55:00Z,live,49
KXFED-27JAN-T3.00,KXFED,perim_island_seized,active,binary,3.00%,Above 3.00%,3,,2025-10-06T14:00:00Z,2027-01-27T18:55:00Z,live,46
KXFED-27JAN-T2.75,KXFED,perim_island_seized,active,binary,2.75%,Above 2.75%,2.75,,2025-10-06T14:00:00Z,2027-01-27T18:55:00Z,live,47
KXFED-27JAN-T2.50,KXFED,perim_island_seized,active,binary,2.50%,Above 2.50%,2.5,,2025-10-06T14:00:00Z,2027-01-27T18:55:00Z,live,47
KXFED-27JAN-T2.25,KXFED,perim_island_seized,active,binary,2.25%,Above 2.25%,2.25,,2025-10-06T14:00:00Z,2027-01-27T18:55:00Z,live,43
KXFED-27JAN-T2.00,KXFED,perim_island_seized,active,binary,2.00%,Above 2.00%,2,,2025-10-06T14:00:00Z,2027-01-27T18:55:00Z,live,45
KXFED-27JAN-T1.75,KXFED,perim_island_seized,active,binary,1.75%,Above 1.75%,1.75,,2025-10-06T14:00:00Z,2027-01-27T18:55:00Z,live,43
KXFED-27JAN-T1.50,KXFED,perim_island_seized,active,binary,1.50%,Above 1.50%,1.5,,2025-10-06T14:00:00Z,2027-01-27T18:55:00Z,live,45
KXFED-27JAN-T1.25,KXFED,perim_island_seized,active,binary,1.25%,Above 1.25%,1.25,,2025-10-06T14:00:00Z,2027-01-27T18:55:00Z,live,44
KXFED-27JAN-T1.00,KXFED,perim_island_seized,active,binary,1.00%,Above 1.00%,1,,2025-10-06T14:00:00Z,2027-01-27T18:55:00Z,live,41
KXFED-27JAN-T0.75,KXFED,perim_island_seized,active,binary,0.75%,Above 0.75%,0.75,,2025-10-06T14:00:00Z,2027-01-27T18:55:00Z,live,46
KXFED-27JAN-T0.50,KXFED,perim_island_seized,active,binary,0.50%,Above 0.50%,0.5,,2025-10-06T14:00:00Z,2027-01-27T18:55:00Z,live,46
KXFED-27JAN-T0.25,KXFED,perim_island_seized,active,binary,0.25%,Above 0.25%,0.25,,2025-10-06T14:00:00Z,2027-01-27T18:55:00Z,live,43
KXFED-27JAN-T0.00,KXFED,perim_island_seized,active,binary,0.00%,Above 0.00%,0,,2025-10-06T14:00:00Z,2027-01-27T18:55:00Z,live,42
KXFED-26DEC-T5.25,KXFED,perim_island_seized,active,binary,5.25%,Above 5.25%,5.25,,2025-08-06T14:30:00Z,2026-12-09T18:55:00Z,live,30
KXFED-26DEC-T5.00,KXFED,perim_island_seized,active,binary,5.00%,Above 5.00%,5,,2025-08-06T14:30:00Z,2026-12-09T18:55:00Z,live,41
KXFED-26DEC-T4.75,KXFED,perim_island_seized,active,binary,4.75%,Above 4.75%,4.75,,2025-08-06T14:30:00Z,2026-12-09T18:55:00Z,live,34
KXFED-26DEC-T4.50,KXFED,perim_island_seized,active,binary,4.50%,Above 4.50%,4.5,,2025-08-06T14:30:00Z,2026-12-09T18:55:00Z,live,40
KXFED-26DEC-T4.25,KXFED,perim_island_seized,active,binary,4.25%,Above 4.25%,4.25,,2025-08-06T14:30:00Z,2026-12-09T18:55:00Z,live,49
KXFED-26DEC-T4.00,KXFED,perim_island_seized,active,binary,4.00%,Above 4.00%,4,,2025-08-06T14:30:00Z,2026-12-09T18:55:00Z,live,48
KXFED-26DEC-T3.75,KXFED,perim_island_seized,active,binary,3.75%,Above 3.75%,3.75,,2025-08-06T14:30:00Z,2026-12-09T18:55:00Z,live,47
KXFED-26DEC-T3.50,KXFED,perim_island_seized,active,binary,3.50%,Above 3.50%,3.5,,2025-08-06T14:30:00Z,2026-12-09T18:55:00Z,live,49
KXFED-26DEC-T3.25,KXFED,perim_island_seized,active,binary,3.25%,Above 3.25%,3.25,,2025-08-06T14:30:00Z,2026-12-09T18:55:00Z,live,47
KXFED-26DEC-T3.00,KXFED,perim_island_seized,active,binary,3.00%,Above 3.00%,3,,2025-08-06T14:30:00Z,2026-12-09T18:55:00Z,live,43
KXFED-26DEC-T2.75,KXFED,perim_island_seized,active,binary,2.75%,Above 2.75%,2.75,,2025-08-06T14:30:00Z,2026-12-09T18:55:00Z,live,46
KXFED-26OCT-T5.25,KXFED,perim_island_seized,active,binary,5.25%,Above 5.25%,5.25,,2025-08-06T14:30:00Z,2026-10-28T17:55:00Z,live,42
KXFED-26OCT-T5.00,KXFED,perim_island_seized,active,binary,5.00%,Above 5.00%,5,,2025-08-06T14:30:00Z,2026-10-28T17:55:00Z,live,38
KXFED-26OCT-T4.75,KXFED,perim_island_seized,active,binary,4.75%,Above 4.75%,4.75,,2025-08-06T14:30:00Z,2026-10-28T17:55:00Z,live,41
KXFED-26OCT-T4.50,KXFED,perim_island_seized,active,binary,4.50%,Above 4.50%,4.5,,2025-08-06T14:30:00Z,2026-10-28T17:55:00Z,live,44
KXFED-26OCT-T4.25,KXFED,perim_island_seized,active,binary,4.25%,Above 4.25%,4.25,,2025-08-06T14:30:00Z,2026-10-28T17:55:00Z,live,43
KXFED-26OCT-T4.00,KXFED,perim_island_seized,active,binary,4.00%,Above 4.00%,4,,2025-08-06T14:30:00Z,2026-10-28T17:55:00Z,live,49
KXFED-26OCT-T3.75,KXFED,perim_island_seized,active,binary,3.75%,Above 3.75%,3.75,,2025-08-06T14:30:00Z,2026-10-28T17:55:00Z,live,49
KXFED-26OCT-T3.50,KXFED,perim_island_seized,active,binary,3.50%,Above 3.50%,3.5,,2025-08-06T14:30:00Z,2026-10-28T17:55:00Z,live,46
KXFED-26OCT-T3.25,KXFED,perim_island_seized,active,binary,3.25%,Above 3.25%,3.25,,2025-08-06T14:30:00Z,2026-10-28T17:55:00Z,live,45
KXFED-26OCT-T3.00,KXFED,perim_island_seized,active,binary,3.00%,Above 3.00%,3,,2025-08-06T14:30:00Z,2026-10-28T17:55:00Z,live,38
KXFED-26OCT-T2.75,KXFED,perim_island_seized,active,binary,2.75%,Above 2.75%,2.75,,2025-08-06T14:30:00Z,2026-10-28T17:55:00Z,live,40
KXFED-26SEP-T5.25,KXFED,perim_island_seized,finalized,binary,5.25%,Above 5.25%,5.25,,2025-08-06T14:30:00Z,2026-09-16T17:55:00Z,live,41
KXFED-26SEP-T5.00,KXFED,perim_island_seized,finalized,binary,5.00%,Above 5.00%,5,,2025-08-06T14:30:00Z,2026-09-16T17:55:00Z,live,42
KXFED-26SEP-T4.75,KXFED,perim_island_seized,finalized,binary,4.75%,Above 4.75%,4.75,,2025-08-06T14:30:00Z,2026-09-16T17:55:00Z,live,41
KXFED-26SEP-T4.50,KXFED,perim_island_seized,finalized,binary,4.50%,Above 4.50%,4.5,,2025-08-06T14:30:00Z,2026-09-16T17:55:00Z,live,42
KXFED-26SEP-T4.25,KXFED,perim_island_seized,finalized,binary,4.25%,Above 4.25%,4.25,,2025-08-06T14:30:00Z,2026-09-16T17:55:00Z,live,44
KXFED-26SEP-T4.00,KXFED,perim_island_seized,finalized,binary,4.00%,Above 4.00%,4,,2025-08-06T14:30:00Z,2026-09-16T17:55:00Z,live,47
KXFED-26SEP-T3.75,KXFED,perim_island_seized,finalized,binary,3.75%,Above 3.75%,3.75,,2025-08-06T14:30:00Z,2026-09-16T17:55:00Z,live,47
KXFED-26SEP-T3.50,KXFED,perim_island_seized,finalized,binary,3.50%,Above 3.50%,3.5,,2025-08-06T14:30:00Z,2026-09-16T17:55:00Z,live,41
KXFED-26SEP-T3.25,KXFED,perim_island_seized,finalized,binary,3.25%,Above 3.25%,3.25,,2025-08-06T14:30:00Z,2026-09-16T17:55:00Z,live,28
KXFED-26SEP-T3.00,KXFED,perim_island_seized,finalized,binary,3.00%,Above 3.00%,3,,2025-08-06T14:30:00Z,2026-09-16T17:55:00Z,live,40
KXFED-26SEP-T2.75,KXFED,perim_island_seized,finalized,binary,2.75%,Above 2.75%,2.75,,2025-08-06T14:30:00Z,2026-09-16T17:55:00Z,live,42
KXFED-26JUL-T5.25,KXFED,perim_island_seized,finalized,binary,5.25%,Above 5.25%,5.25,,2025-08-06T14:30:00Z,2026-07-29T17:55:00Z,live,5
KXFED-26JUL-T5.00,KXFED,perim_island_seized,finalized,binary,5.00%,Above 5.00%,5,,2025-08-06T14:30:00Z,2026-07-29T17:55:00Z,live,5
KXFED-26JUL-T4.75,KXFED,perim_island_seized,finalized,binary,4.75%,Above 4.75%,4.75,,2025-08-06T14:30:00Z,2026-07-29T17:55:00Z,live,6
KXFED-26JUL-T4.50,KXFED,perim_island_seized,finalized,binary,4.50%,Above 4.50%,4.5,,2025-08-06T14:30:00Z,2026-07-29T17:55:00Z,live,5
KXFED-26JUL-T4.25,KXFED,perim_island_seized,finalized,binary,4.25%,Above 4.25%,4.25,,2025-08-06T14:30:00Z,2026-07-29T17:55:00Z,live,6
KXFED-26JUL-T4.00,KXFED,perim_island_seized,finalized,binary,4.00%,Above 4.00%,4,,2025-08-06T14:30:00Z,2026-07-29T17:55:00Z,live,6
KXFED-26JUL-T3.75,KXFED,perim_island_seized,finalized,binary,3.75%,Above 3.75%,3.75,,2025-08-06T14:30:00Z,2026-07-29T17:55:00Z,live,6
KXFED-26JUL-T3.50,KXFED,perim_island_seized,finalized,binary,3.50%,Above 3.50%,3.5,,2025-08-06T14:30:00Z,2026-07-29T17:55:00Z,live,6
KXFED-26JUL-T3.25,KXFED,perim_island_seized,finalized,binary,3.25%,Above 3.25%,3.25,,2025-08-06T14:30:00Z,2026-07-29T17:55:00Z,live,6
KXFED-26JUL-T3.00,KXFED,perim_island_seized,finalized,binary,3.00%,Above 3.00%,3,,2025-08-06T14:30:00Z,2026-07-29T17:55:00Z,live,6
KXFED-26JUL-T2.75,KXFED,perim_island_seized,finalized,binary,2.75%,Above 2.75%,2.75,,2025-08-06T14:30:00Z,2026-07-29T17:55:00Z,live,6
KXCPI-26OCT-T1.0,KXCPI,hormuz_strike_pipeline_shutdown,active,binary,1.0%,Above 1.0%,1,,2026-09-18T16:00:00Z,2026-11-10T13:25:00Z,live,1
KXCPI-26OCT-T0.9,KXCPI,hormuz_strike_pipeline_shutdown,active,binary,0.9%,Above 0.9%,0.9,,2026-09-18T16:00:00Z,2026-11-10T13:25:00Z,live,1
KXCPI-26OCT-T0.8,KXCPI,hormuz_strike_pipeline_shutdown,active,binary,0.8%,Above 0.8%,0.8,,2026-09-18T16:00:00Z,2026-11-10T13:25:00Z,live,1
KXCPI-26OCT-T0.7,KXCPI,hormuz_strike_pipeline_shutdown,active,binary,0.7%,Above 0.7%,0.7,,2026-09-18T16:00:00Z,2026-11-10T13:25:00Z,live,1
KXCPI-26OCT-T0.6,KXCPI,hormuz_strike_pipeline_shutdown,active,binary,0.6%,Above 0.6%,0.6,,2026-09-18T16:00:00Z,2026-11-10T13:25:00Z,live,1
KXCPI-26DEC-T0.9,KXCPI,hormuz_strike_pipeline_shutdown,active,binary,0.9%,Above 0.9%,0.9,,2026-09-17T15:30:00Z,2027-01-13T13:25:00Z,live,2
KXCPI-26DEC-T0.8,KXCPI,hormuz_strike_pipeline_shutdown,active,binary,0.8%,Above 0.8%,0.8,,2026-09-17T15:30:00Z,2027-01-13T13:25:00Z,live,2
KXCPI-26DEC-T0.7,KXCPI,hormuz_strike_pipeline_shutdown,active,binary,0.7%,Above 0.7%,0.7,,2026-09-17T15:30:00Z,2027-01-13T13:25:00Z,live,2
KXCPI-26DEC-T0.6,KXCPI,hormuz_strike_pipeline_shutdown,active,binary,0.6%,Above 0.6%,0.6,,2026-09-17T15:30:00Z,2027-01-13T13:25:00Z,live,2
KXCPI-26DEC-T0.5,KXCPI,hormuz_strike_pipeline_shutdown,active,binary,0.5%,Above 0.5%,0.5,,2026-09-17T15:30:00Z,2027-01-13T13:25:00Z,live,2
KXCPI-26DEC-T0.4,KXCPI,hormuz_strike_pipeline_shutdown,active,binary,0.4%,Above 0.4%,0.4,,2026-09-17T15:30:00Z,2027-01-13T13:25:00Z,live,2
KXCPI-26DEC-T0.3,KXCPI,hormuz_strike_pipeline_shutdown,active,binary,0.3%,Above 0.3%,0.3,,2026-09-17T15:30:00Z,2027-01-13T13:25:00Z,live,2
KXCPI-26DEC-T0.2,KXCPI,hormuz_strike_pipeline_shutdown,active,binary,0.2%,Above 0.2%,0.2,,2026-09-17T15:30:00Z,2027-01-13T13:25:00Z,live,2
KXCPI-26DEC-T0.1,KXCPI,hormuz_strike_pipeline_shutdown,active,binary,0.1%,Above 0.1%,0.1,,2026-09-17T15:30:00Z,2027-01-13T13:25:00Z,live,2
KXCPI-26DEC-T-0.1,KXCPI,hormuz_strike_pipeline_shutdown,active,binary,-0.1%,Above -0.1%,-0.1,,2026-09-17T15:30:00Z,2027-01-13T13:25:00Z,live,2
KXCPI-26DEC-T0.0,KXCPI,hormuz_strike_pipeline_shutdown,active,binary,0.0%,Above 0.0%,0,,2026-09-17T15:30:00Z,2027-01-13T13:25:00Z,live,2
KXCPI-26SEP-T0.9,KXCPI,hormuz_strike_pipeline_shutdown,active,binary,0.9%,Above 0.9%,0.9,,2026-09-17T15:30:00Z,2026-10-14T12:25:00Z,live,2
KXCPI-26SEP-T0.8,KXCPI,hormuz_strike_pipeline_shutdown,active,binary,0.8%,Above 0.8%,0.8,,2026-09-17T15:30:00Z,2026-10-14T12:25:00Z,live,2
KXCPI-26SEP-T0.7,KXCPI,hormuz_strike_pipeline_shutdown,active,binary,0.7%,Above 0.7%,0.7,,2026-09-17T15:30:00Z,2026-10-14T12:25:00Z,live,2
KXCPI-26AUG-T1.0,KXCPI,hormuz_strike_pipeline_shutdown,finalized,binary,1.0%,Above 1.0%,1,,2026-07-23T21:00:00Z,2026-09-11T12:25:00Z,live,35
KXCPI-26AUG-T0.9,KXCPI,hormuz_strike_pipeline_shutdown,finalized,binary,0.9%,Above 0.9%,0.9,,2026-07-23T21:00:00Z,2026-09-11T12:25:00Z,live,37
KXCPI-26AUG-T0.8,KXCPI,hormuz_strike_pipeline_shutdown,finalized,binary,0.8%,Above 0.8%,0.8,,2026-07-23T21:00:00Z,2026-09-11T12:25:00Z,live,35
KXCPI-26AUG-T0.7,KXCPI,hormuz_strike_pipeline_shutdown,finalized,binary,0.7%,Above 0.7%,0.7,,2026-07-23T21:00:00Z,2026-09-11T12:25:00Z,live,39
KXCPI-26AUG-T0.6,KXCPI,hormuz_strike_pipeline_shutdown,finalized,binary,0.6%,Above 0.6%,0.6,,2026-07-23T21:00:00Z,2026-09-11T12:25:00Z,live,39
KXCPI-26SEP-T0.6,KXCPI,hormuz_strike_pipeline_shutdown,active,binary,0.6%,Above 0.6%,0.6,,2026-07-20T18:00:00Z,2026-10-14T12:25:00Z,live,49
KXCPI-26SEP-T-0.4,KXCPI,hormuz_strike_pipeline_shutdown,active,binary,-0.4%,Above -0.4%,-0.4,,2026-07-20T18:00:00Z,2026-10-14T12:25:00Z,live,41
KXCPI-26SEP-T-0.3,KXCPI,hormuz_strike_pipeline_shutdown,active,binary,-0.3%,Above -0.3%,-0.3,,2026-07-20T18:00:00Z,2026-10-14T12:25:00Z,live,44
KXCPI-26SEP-T-0.2,KXCPI,hormuz_strike_pipeline_shutdown,active,binary,-0.2%,Above -0.2%,-0.2,,2026-07-20T18:00:00Z,2026-10-14T12:25:00Z,live,43
KXCPI-26AUG-T-0.4,KXCPI,hormuz_strike_pipeline_shutdown,finalized,binary,-0.4%,Above -0.4%,-0.4,,2026-07-20T18:00:00Z,2026-09-11T12:25:00Z,live,35
KXCPI-26AUG-T-0.3,KXCPI,hormuz_strike_pipeline_shutdown,finalized,binary,-0.3%,Above -0.3%,-0.3,,2026-07-20T18:00:00Z,2026-09-11T12:25:00Z,live,37
KXCPI-26AUG-T-0.2,KXCPI,hormuz_strike_pipeline_shutdown,finalized,binary,-0.2%,Above -0.2%,-0.2,,2026-07-20T18:00:00Z,2026-09-11T12:25:00Z,live,38
KXCPI-26JUL-T-0.4,KXCPI,hormuz_strike_pipeline_shutdown,finalized,binary,-0.4%,Above -0.4%,-0.4,,2026-06-16T17:45:00Z,2026-08-12T12:25:00Z,live,12
KXCPI-26JUL-T-0.3,KXCPI,hormuz_strike_pipeline_shutdown,finalized,binary,-0.3%,Above -0.3%,-0.3,,2026-06-16T17:45:00Z,2026-08-12T12:25:00Z,live,12
KXCPI-26JUL-T-0.2,KXCPI,hormuz_strike_pipeline_shutdown,finalized,binary,-0.2%,Above -0.2%,-0.2,,2026-06-16T17:45:00Z,2026-08-12T12:25:00Z,live,12
KXCPI-26NOV-T0.5,KXCPI,hormuz_strike_pipeline_shutdown,active,binary,0.5%,Above 0.5%,0.5,,2026-02-20T15:00:00Z,2026-12-10T13:25:00Z,live,33
KXCPI-26NOV-T0.4,KXCPI,hormuz_strike_pipeline_shutdown,active,binary,0.4%,Above 0.4%,0.4,,2026-02-20T15:00:00Z,2026-12-10T13:25:00Z,live,32
KXCPI-26NOV-T0.3,KXCPI,hormuz_strike_pipeline_shutdown,active,binary,0.3%,Above 0.3%,0.3,,2026-02-20T15:00:00Z,2026-12-10T13:25:00Z,live,43
KXCPI-26NOV-T0.2,KXCPI,hormuz_strike_pipeline_shutdown,active,binary,0.2%,Above 0.2%,0.2,,2026-02-20T15:00:00Z,2026-12-10T13:25:00Z,live,43
KXCPI-26NOV-T0.1,KXCPI,hormuz_strike_pipeline_shutdown,active,binary,0.1%,Above 0.1%,0.1,,2026-02-20T15:00:00Z,2026-12-10T13:25:00Z,live,42
KXCPI-26NOV-T-0.1,KXCPI,hormuz_strike_pipeline_shutdown,active,binary,-0.1%,Above -0.1%,-0.1,,2026-02-20T15:00:00Z,2026-12-10T13:25:00Z,live,27
KXCPI-26NOV-T0.0,KXCPI,hormuz_strike_pipeline_shutdown,active,binary,0.0%,Above 0.0%,0,,2026-02-20T15:00:00Z,2026-12-10T13:25:00Z,live,38
KXCPI-26OCT-T0.5,KXCPI,hormuz_strike_pipeline_shutdown,active,binary,0.5%,Above 0.5%,0.5,,2026-02-20T15:00:00Z,2026-11-10T13:25:00Z,live,30
KXCPI-26OCT-T0.4,KXCPI,hormuz_strike_pipeline_shutdown,active,binary,0.4%,Above 0.4%,0.4,,2026-02-20T15:00:00Z,2026-11-10T13:25:00Z,live,37
KXCPI-26OCT-T0.3,KXCPI,hormuz_strike_pipeline_shutdown,active,binary,0.3%,Above 0.3%,0.3,,2026-02-20T15:00:00Z,2026-11-10T13:25:00Z,live,47
KXCPI-26OCT-T0.2,KXCPI,hormuz_strike_pipeline_shutdown,active,binary,0.2%,Above 0.2%,0.2,,2026-02-20T15:00:00Z,2026-11-10T13:25:00Z,live,46
KXCPI-26OCT-T0.1,KXCPI,hormuz_strike_pipeline_shutdown,active,binary,0.1%,Above 0.1%,0.1,,2026-02-20T15:00:00Z,2026-11-10T13:25:00Z,live,35
KXCPI-26OCT-T-0.1,KXCPI,hormuz_strike_pipeline_shutdown,active,binary,-0.1%,Above -0.1%,-0.1,,2026-02-20T15:00:00Z,2026-11-10T13:25:00Z,live,41
KXCPI-26OCT-T0.0,KXCPI,hormuz_strike_pipeline_shutdown,active,binary,0.0%,Above 0.0%,0,,2026-02-20T15:00:00Z,2026-11-10T13:25:00Z,live,36
KXCPI-26SEP-T0.5,KXCPI,hormuz_strike_pipeline_shutdown,active,binary,0.5%,Above 0.5%,0.5,,2026-02-20T15:00:00Z,2026-10-14T12:25:00Z,live,45
KXCPI-26SEP-T0.4,KXCPI,hormuz_strike_pipeline_shutdown,active,binary,0.4%,Above 0.4%,0.4,,2026-02-20T15:00:00Z,2026-10-14T12:25:00Z,live,49
KXCPI-26SEP-T0.3,KXCPI,hormuz_strike_pipeline_shutdown,active,binary,0.3%,Above 0.3%,0.3,,2026-02-20T15:00:00Z,2026-10-14T12:25:00Z,live,49
KXCPI-26SEP-T0.2,KXCPI,hormuz_strike_pipeline_shutdown,active,binary,0.2%,Above 0.2%,0.2,,2026-02-20T15:00:00Z,2026-10-14T12:25:00Z,live,49
KXCPI-26SEP-T0.1,KXCPI,hormuz_strike_pipeline_shutdown,active,binary,0.1%,Above 0.1%,0.1,,2026-02-20T15:00:00Z,2026-10-14T12:25:00Z,live,46
KXCPI-26SEP-T-0.1,KXCPI,hormuz_strike_pipeline_shutdown,active,binary,-0.1%,Above -0.1%,-0.1,,2026-02-20T15:00:00Z,2026-10-14T12:25:00Z,live,47
KXCPI-26SEP-T0.0,KXCPI,hormuz_strike_pipeline_shutdown,active,binary,0.0%,Above 0.0%,0,,2026-02-20T15:00:00Z,2026-10-14T12:25:00Z,live,43
KXCPI-26AUG-T0.5,KXCPI,hormuz_strike_pipeline_shutdown,finalized,binary,0.5%,Above 0.5%,0.5,,2026-02-20T15:00:00Z,2026-09-11T12:25:00Z,live,39
KXCPI-26AUG-T0.4,KXCPI,hormuz_strike_pipeline_shutdown,finalized,binary,0.4%,Above 0.4%,0.4,,2026-02-20T15:00:00Z,2026-09-11T12:25:00Z,live,42
KXCPI-26AUG-T0.3,KXCPI,hormuz_strike_pipeline_shutdown,finalized,binary,0.3%,Above 0.3%,0.3,,2026-02-20T15:00:00Z,2026-09-11T12:25:00Z,live,42
KXCPI-26AUG-T0.2,KXCPI,hormuz_strike_pipeline_shutdown,finalized,binary,0.2%,Above 0.2%,0.2,,2026-02-20T15:00:00Z,2026-09-11T12:25:00Z,live,42
KXCPI-26AUG-T0.1,KXCPI,hormuz_strike_pipeline_shutdown,finalized,binary,0.1%,Above 0.1%,0.1,,2026-02-20T15:00:00Z,2026-09-11T12:25:00Z,live,41
KXCPI-26AUG-T-0.1,KXCPI,hormuz_strike_pipeline_shutdown,finalized,binary,-0.1%,Above -0.1%,-0.1,,2026-02-20T15:00:00Z,2026-09-11T12:25:00Z,live,33
KXCPI-26AUG-T0.0,KXCPI,hormuz_strike_pipeline_shutdown,finalized,binary,0.0%,Above 0.0%,0,,2026-02-20T15:00:00Z,2026-09-11T12:25:00Z,live,36
KXCPI-26JUL-T0.5,KXCPI,hormuz_strike_pipeline_shutdown,finalized,binary,0.5%,Above 0.5%,0.5,,2026-02-20T15:00:00Z,2026-08-12T12:25:00Z,live,12
KXCPI-26JUL-T0.4,KXCPI,hormuz_strike_pipeline_shutdown,finalized,binary,0.4%,Above 0.4%,0.4,,2026-02-20T15:00:00Z,2026-08-12T12:25:00Z,live,12
KXCPI-26JUL-T0.3,KXCPI,hormuz_strike_pipeline_shutdown,finalized,binary,0.3%,Above 0.3%,0.3,,2026-02-20T15:00:00Z,2026-08-12T12:25:00Z,live,12
KXCPI-26JUL-T0.2,KXCPI,hormuz_strike_pipeline_shutdown,finalized,binary,0.2%,Above 0.2%,0.2,,2026-02-20T15:00:00Z,2026-08-12T12:25:00Z,live,12
KXCPI-26JUL-T0.1,KXCPI,hormuz_strike_pipeline_shutdown,finalized,binary,0.1%,Above 0.1%,0.1,,2026-02-20T15:00:00Z,2026-08-12T12:25:00Z,live,12
KXCPI-26JUL-T-0.1,KXCPI,hormuz_strike_pipeline_shutdown,finalized,binary,-0.1%,Above -0.1%,-0.1,,2026-02-20T15:00:00Z,2026-08-12T12:25:00Z,live,12
KXCPI-26JUL-T0.0,KXCPI,hormuz_strike_pipeline_shutdown,finalized,binary,0.0%,Above 0.0%,0,,2026-02-20T15:00:00Z,2026-08-12T12:25:00Z,live,12
KXCPICORE-26DEC-T1.0,KXCPICORE,hormuz_strike_pipeline_shutdown,active,binary,1.0,Above 1.0%,1,1,2026-09-18T16:00:00Z,2027-01-13T13:25:00Z,live,1
KXCPICORE-26DEC-T0.9,KXCPICORE,hormuz_strike_pipeline_shutdown,active,binary,0.9,Above 0.9%,0.9,0.9,2026-09-18T16:00:00Z,2027-01-13T13:25:00Z,live,1
KXCPICORE-26DEC-T0.8,KXCPICORE,hormuz_strike_pipeline_shutdown,active,binary,0.8,Above 0.8%,0.8,0.8,2026-09-18T16:00:00Z,2027-01-13T13:25:00Z,live,1
KXCPICORE-26DEC-T0.7,KXCPICORE,hormuz_strike_pipeline_shutdown,active,binary,0.7,Above 0.7%,0.7,0.7,2026-09-18T16:00:00Z,2027-01-13T13:25:00Z,live,1
KXCPICORE-26DEC-T0.6,KXCPICORE,hormuz_strike_pipeline_shutdown,active,binary,0.6,Above 0.6%,0.6,0.6,2026-09-18T16:00:00Z,2027-01-13T13:25:00Z,live,1
KXCPICORE-26DEC-T0.5,KXCPICORE,hormuz_strike_pipeline_shutdown,active,binary,0.5,Above 0.5%,0.5,0.5,2026-09-18T16:00:00Z,2027-01-13T13:25:00Z,live,1
KXCPICORE-26DEC-T0.4,KXCPICORE,hormuz_strike_pipeline_shutdown,active,binary,0.4,Above 0.4%,0.4,0.4,2026-09-18T16:00:00Z,2027-01-13T13:25:00Z,live,1
KXCPICORE-26DEC-T0.3,KXCPICORE,hormuz_strike_pipeline_shutdown,active,binary,0.3,Above 0.3%,0.3,0.3,2026-09-18T16:00:00Z,2027-01-13T13:25:00Z,live,1
KXCPICORE-26DEC-T0.2,KXCPICORE,hormuz_strike_pipeline_shutdown,active,binary,0.2,Above 0.2%,0.2,0.2,2026-09-18T16:00:00Z,2027-01-13T13:25:00Z,live,1
KXCPICORE-26DEC-T0.1,KXCPICORE,hormuz_strike_pipeline_shutdown,active,binary,0.1,Above 0.1%,0.1,0.1,2026-09-18T16:00:00Z,2027-01-13T13:25:00Z,live,1
KXCPICORE-26DEC-T0.0,KXCPICORE,hormuz_strike_pipeline_shutdown,active,binary,0.0,Above 0.0%,0,0,2026-09-18T16:00:00Z,2027-01-13T13:25:00Z,live,1
KXCPICORE-26NOV-T1.0,KXCPICORE,hormuz_strike_pipeline_shutdown,active,binary,1.0,Above 1.0%,1,1,2026-06-11T00:15:00Z,2026-12-10T13:25:00Z,live,7
KXCPICORE-26NOV-T0.9,KXCPICORE,hormuz_strike_pipeline_shutdown,active,binary,0.9,Above 0.9%,0.9,0.9,2026-06-11T00:15:00Z,2026-12-10T13:25:00Z,live,19
KXCPICORE-26NOV-T0.8,KXCPICORE,hormuz_strike_pipeline_shutdown,active,binary,0.8,Above 0.8%,0.8,0.8,2026-06-11T00:15:00Z,2026-12-10T13:25:00Z,live,21
KXCPICORE-26NOV-T0.7,KXCPICORE,hormuz_strike_pipeline_shutdown,active,binary,0.7,Above 0.7%,0.7,0.7,2026-06-11T00:15:00Z,2026-12-10T13:25:00Z,live,33
KXCPICORE-26NOV-T0.6,KXCPICORE,hormuz_strike_pipeline_shutdown,active,binary,0.6,Above 0.6%,0.6,0.6,2026-06-11T00:15:00Z,2026-12-10T13:25:00Z,live,32
KXCPICORE-26NOV-T0.5,KXCPICORE,hormuz_strike_pipeline_shutdown,active,binary,0.5,Above 0.5%,0.5,0.5,2026-06-11T00:15:00Z,2026-12-10T13:25:00Z,live,32
KXCPICORE-26NOV-T0.4,KXCPICORE,hormuz_strike_pipeline_shutdown,active,binary,0.4,Above 0.4%,0.4,0.4,2026-06-11T00:15:00Z,2026-12-10T13:25:00Z,live,34
KXCPICORE-26NOV-T0.3,KXCPICORE,hormuz_strike_pipeline_shutdown,active,binary,0.3,Above 0.3%,0.3,0.3,2026-06-11T00:15:00Z,2026-12-10T13:25:00Z,live,37
KXCPICORE-26NOV-T0.2,KXCPICORE,hormuz_strike_pipeline_shutdown,active,binary,0.2,Above 0.2%,0.2,0.2,2026-06-11T00:15:00Z,2026-12-10T13:25:00Z,live,47
KXCPICORE-26NOV-T0.1,KXCPICORE,hormuz_strike_pipeline_shutdown,active,binary,0.1,Above 0.1%,0.1,0.1,2026-06-11T00:15:00Z,2026-12-10T13:25:00Z,live,41
KXCPICORE-26NOV-T0.0,KXCPICORE,hormuz_strike_pipeline_shutdown,active,binary,0.0,Above 0.0%,0,0,2026-06-11T00:15:00Z,2026-12-10T13:25:00Z,live,32
KXCPICORE-26OCT-T1.0,KXCPICORE,hormuz_strike_pipeline_shutdown,active,binary,1.0,Above 1.0%,1,1,2026-06-10T20:00:00Z,2026-11-10T13:25:00Z,live,17
KXCPICORE-26OCT-T0.9,KXCPICORE,hormuz_strike_pipeline_shutdown,active,binary,0.9,Above 0.9%,0.9,0.9,2026-06-10T20:00:00Z,2026-11-10T13:25:00Z,live,12
KXCPICORE-26OCT-T0.8,KXCPICORE,hormuz_strike_pipeline_shutdown,active,binary,0.8,Above 0.8%,0.8,0.8,2026-06-10T20:00:00Z,2026-11-10T13:25:00Z,live,32
KXCPICORE-26OCT-T0.7,KXCPICORE,hormuz_strike_pipeline_shutdown,active,binary,0.7,Above 0.7%,0.7,0.7,2026-06-10T20:00:00Z,2026-11-10T13:25:00Z,live,35
KXCPICORE-26OCT-T0.6,KXCPICORE,hormuz_strike_pipeline_shutdown,active,binary,0.6,Above 0.6%,0.6,0.6,2026-06-10T20:00:00Z,2026-11-10T13:25:00Z,live,27
KXCPICORE-26OCT-T0.5,KXCPICORE,hormuz_strike_pipeline_shutdown,active,binary,0.5,Above 0.5%,0.5,0.5,2026-06-10T20:00:00Z,2026-11-10T13:25:00Z,live,25
KXCPICORE-26OCT-T0.4,KXCPICORE,hormuz_strike_pipeline_shutdown,active,binary,0.4,Above 0.4%,0.4,0.4,2026-06-10T20:00:00Z,2026-11-10T13:25:00Z,live,31
KXCPICORE-26OCT-T0.3,KXCPICORE,hormuz_strike_pipeline_shutdown,active,binary,0.3,Above 0.3%,0.3,0.3,2026-06-10T20:00:00Z,2026-11-10T13:25:00Z,live,34
KXCPICORE-26OCT-T0.2,KXCPICORE,hormuz_strike_pipeline_shutdown,active,binary,0.2,Above 0.2%,0.2,0.2,2026-06-10T20:00:00Z,2026-11-10T13:25:00Z,live,38
KXCPICORE-26OCT-T0.1,KXCPICORE,hormuz_strike_pipeline_shutdown,active,binary,0.1,Above 0.1%,0.1,0.1,2026-06-10T20:00:00Z,2026-11-10T13:25:00Z,live,38
KXCPICORE-26OCT-T0.0,KXCPICORE,hormuz_strike_pipeline_shutdown,active,binary,0.0,Above 0.0%,0,0,2026-06-10T20:00:00Z,2026-11-10T13:25:00Z,live,37
KXCPICORE-26SEP-T0.9,KXCPICORE,hormuz_strike_pipeline_shutdown,active,binary,0.9,Above 0.9%,0.9,0.9,2026-06-10T19:50:00Z,2026-10-14T12:25:00Z,live,1
KXCPICORE-26SEP-T0.8,KXCPICORE,hormuz_strike_pipeline_shutdown,active,binary,0.8,Above 0.8%,0.8,0.8,2026-06-10T19:50:00Z,2026-10-14T12:25:00Z,live,1
KXCPICORE-26SEP-T0.7,KXCPICORE,hormuz_strike_pipeline_shutdown,active,binary,0.7,Above 0.7%,0.7,0.7,2026-06-10T19:50:00Z,2026-10-14T12:25:00Z,live,30
KXCPICORE-26SEP-T0.6,KXCPICORE,hormuz_strike_pipeline_shutdown,active,binary,0.6,Above 0.6%,0.6,0.6,2026-06-10T19:50:00Z,2026-10-14T12:25:00Z,live,22
KXCPICORE-26SEP-T0.5,KXCPICORE,hormuz_strike_pipeline_shutdown,active,binary,0.5,Above 0.5%,0.5,0.5,2026-06-10T19:50:00Z,2026-10-14T12:25:00Z,live,22
KXCPICORE-26SEP-T0.4,KXCPICORE,hormuz_strike_pipeline_shutdown,active,binary,0.4,Above 0.4%,0.4,0.4,2026-06-10T19:50:00Z,2026-10-14T12:25:00Z,live,31
KXCPICORE-26SEP-T0.3,KXCPICORE,hormuz_strike_pipeline_shutdown,active,binary,0.3,Above 0.3%,0.3,0.3,2026-06-10T19:50:00Z,2026-10-14T12:25:00Z,live,33
KXCPICORE-26SEP-T0.2,KXCPICORE,hormuz_strike_pipeline_shutdown,active,binary,0.2,Above 0.2%,0.2,0.2,2026-06-10T19:50:00Z,2026-10-14T12:25:00Z,live,40
KXCPICORE-26SEP-T0.1,KXCPICORE,hormuz_strike_pipeline_shutdown,active,binary,0.1,Above 0.1%,0.1,0.1,2026-06-10T19:50:00Z,2026-10-14T12:25:00Z,live,37
KXCPICORE-26SEP-T0.0,KXCPICORE,hormuz_strike_pipeline_shutdown,active,binary,0.0,Above 0.0%,0,0,2026-06-10T19:50:00Z,2026-10-14T12:25:00Z,live,33
KXCPICORE-26AUG-T1.0,KXCPICORE,hormuz_strike_pipeline_shutdown,finalized,binary,1.0,Above 1.0%,1,1,2026-06-10T18:30:00Z,2026-09-11T12:25:00Z,live,3
KXCPICORE-26AUG-T0.9,KXCPICORE,hormuz_strike_pipeline_shutdown,finalized,binary,0.9,Above 0.9%,0.9,0.9,2026-06-10T18:30:00Z,2026-09-11T12:25:00Z,live,6
KXCPICORE-26AUG-T0.8,KXCPICORE,hormuz_strike_pipeline_shutdown,finalized,binary,0.8,Above 0.8%,0.8,0.8,2026-06-10T18:30:00Z,2026-09-11T12:25:00Z,live,34
KXCPICORE-26AUG-T0.7,KXCPICORE,hormuz_strike_pipeline_shutdown,finalized,binary,0.7,Above 0.7%,0.7,0.7,2026-06-10T18:30:00Z,2026-09-11T12:25:00Z,live,33
KXCPICORE-26AUG-T0.6,KXCPICORE,hormuz_strike_pipeline_shutdown,finalized,binary,0.6,Above 0.6%,0.6,0.6,2026-06-10T18:30:00Z,2026-09-11T12:25:00Z,live,34
KXCPICORE-26AUG-T0.5,KXCPICORE,hormuz_strike_pipeline_shutdown,finalized,binary,0.5,Above 0.5%,0.5,0.5,2026-06-10T18:30:00Z,2026-09-11T12:25:00Z,live,34
KXCPICORE-26AUG-T0.4,KXCPICORE,hormuz_strike_pipeline_shutdown,finalized,binary,0.4,Above 0.4%,0.4,0.4,2026-06-10T18:30:00Z,2026-09-11T12:25:00Z,live,24
KXCPICORE-26AUG-T0.3,KXCPICORE,hormuz_strike_pipeline_shutdown,finalized,binary,0.3,Above 0.3%,0.3,0.3,2026-06-10T18:30:00Z,2026-09-11T12:25:00Z,live,35
KXCPICORE-26AUG-T0.2,KXCPICORE,hormuz_strike_pipeline_shutdown,finalized,binary,0.2,Above 0.2%,0.2,0.2,2026-06-10T18:30:00Z,2026-09-11T12:25:00Z,live,41
KXCPICORE-26AUG-T0.1,KXCPICORE,hormuz_strike_pipeline_shutdown,finalized,binary,0.1,Above 0.1%,0.1,0.1,2026-06-10T18:30:00Z,2026-09-11T12:25:00Z,live,35
KXCPICORE-26AUG-T0.0,KXCPICORE,hormuz_strike_pipeline_shutdown,finalized,binary,0.0,Above 0.0%,0,0,2026-06-10T18:30:00Z,2026-09-11T12:25:00Z,live,36
KXCPICORE-26JUL-T1.0,KXCPICORE,hormuz_strike_pipeline_shutdown,finalized,binary,1.0,Above 1.0%,1,1,2026-05-12T16:00:00Z,2026-08-12T12:25:00Z,live,12
KXCPICORE-26JUL-T0.9,KXCPICORE,hormuz_strike_pipeline_shutdown,finalized,binary,0.9,Above 0.9%,0.9,0.9,2026-05-12T16:00:00Z,2026-08-12T12:25:00Z,live,12
KXCPICORE-26JUL-T0.8,KXCPICORE,hormuz_strike_pipeline_shutdown,finalized,binary,0.8,Above 0.8%,0.8,0.8,2026-05-12T16:00:00Z,2026-08-12T12:25:00Z,live,7
KXCPICORE-26JUL-T0.7,KXCPICORE,hormuz_strike_pipeline_shutdown,finalized,binary,0.7,Above 0.7%,0.7,0.7,2026-05-12T16:00:00Z,2026-08-12T12:25:00Z,live,12
KXCPICORE-26JUL-T0.6,KXCPICORE,hormuz_strike_pipeline_shutdown,finalized,binary,0.6,Above 0.6%,0.6,0.6,2026-05-12T16:00:00Z,2026-08-12T12:25:00Z,live,12
KXCPICORE-26JUL-T0.5,KXCPICORE,hormuz_strike_pipeline_shutdown,finalized,binary,0.5,Above 0.5%,0.5,0.5,2026-05-12T16:00:00Z,2026-08-12T12:25:00Z,live,12
KXCPICORE-26JUL-T0.4,KXCPICORE,hormuz_strike_pipeline_shutdown,finalized,binary,0.4,Above 0.4%,0.4,0.4,2026-05-12T16:00:00Z,2026-08-12T12:25:00Z,live,12
KXCPICORE-26JUL-T0.3,KXCPICORE,hormuz_strike_pipeline_shutdown,finalized,binary,0.3,Above 0.3%,0.3,0.3,2026-05-12T16:00:00Z,2026-08-12T12:25:00Z,live,11
KXCPICORE-26JUL-T0.2,KXCPICORE,hormuz_strike_pipeline_shutdown,finalized,binary,0.2,Above 0.2%,0.2,0.2,2026-05-12T16:00:00Z,2026-08-12T12:25:00Z,live,12
KXCPICORE-26JUL-T0.1,KXCPICORE,hormuz_strike_pipeline_shutdown,finalized,binary,0.1,Above 0.1%,0.1,0.1,2026-05-12T16:00:00Z,2026-08-12T12:25:00Z,live,12
KXCPICORE-26JUL-T0.0,KXCPICORE,hormuz_strike_pipeline_shutdown,finalized,binary,0.0,Above 0.0%,0,0,2026-05-12T16:00:00Z,2026-08-12T12:25:00Z,live,12
KXFED-27APR-T6.00,KXFED,hormuz_strike_pipeline_shutdown,active,binary,6.00%,Above 6.00%,6,,2026-09-18T15:00:00Z,2027-04-28T17:55:00Z,live,1
KXFED-27APR-T5.75,KXFED,hormuz_strike_pipeline_shutdown,active,binary,5.75%,Above 5.75%,5.75,,2026-09-18T15:00:00Z,2027-04-28T17:55:00Z,live,1
KXFED-27APR-T5.50,KXFED,hormuz_strike_pipeline_shutdown,active,binary,5.50%,Above 5.50%,5.5,,2026-09-18T15:00:00Z,2027-04-28T17:55:00Z,live,1
KXFED-27APR-T5.25,KXFED,hormuz_strike_pipeline_shutdown,active,binary,5.25%,Above 5.25%,5.25,,2026-09-18T15:00:00Z,2027-04-28T17:55:00Z,live,1
KXFED-27APR-T5.00,KXFED,hormuz_strike_pipeline_shutdown,active,binary,5.00%,Above 5.00%,5,,2026-09-18T15:00:00Z,2027-04-28T17:55:00Z,live,1
KXFED-27APR-T4.75,KXFED,hormuz_strike_pipeline_shutdown,active,binary,4.75%,Above 4.75%,4.75,,2026-09-18T15:00:00Z,2027-04-28T17:55:00Z,live,1
KXFED-27APR-T4.50,KXFED,hormuz_strike_pipeline_shutdown,active,binary,4.50%,Above 4.50%,4.5,,2026-09-18T15:00:00Z,2027-04-28T17:55:00Z,live,1
KXFED-27MAR-T6.00,KXFED,hormuz_strike_pipeline_shutdown,active,binary,6.00%,Above 6.00%,6,,2026-09-18T15:00:00Z,2027-03-17T17:55:00Z,live,1
KXFED-27MAR-T5.75,KXFED,hormuz_strike_pipeline_shutdown,active,binary,5.75%,Above 5.75%,5.75,,2026-09-18T15:00:00Z,2027-03-17T17:55:00Z,live,1
KXFED-27MAR-T5.50,KXFED,hormuz_strike_pipeline_shutdown,active,binary,5.50%,Above 5.50%,5.5,,2026-09-18T15:00:00Z,2027-03-17T17:55:00Z,live,1
KXFED-27MAR-T5.25,KXFED,hormuz_strike_pipeline_shutdown,active,binary,5.25%,Above 5.25%,5.25,,2026-09-18T15:00:00Z,2027-03-17T17:55:00Z,live,1
KXFED-27MAR-T5.00,KXFED,hormuz_strike_pipeline_shutdown,active,binary,5.00%,Above 5.00%,5,,2026-09-18T15:00:00Z,2027-03-17T17:55:00Z,live,1
KXFED-27MAR-T4.75,KXFED,hormuz_strike_pipeline_shutdown,active,binary,4.75%,Above 4.75%,4.75,,2026-09-18T15:00:00Z,2027-03-17T17:55:00Z,live,1
KXFED-27MAR-T4.50,KXFED,hormuz_strike_pipeline_shutdown,active,binary,4.50%,Above 4.50%,4.5,,2026-09-18T15:00:00Z,2027-03-17T17:55:00Z,live,1
KXFED-27JAN-T6.00,KXFED,hormuz_strike_pipeline_shutdown,active,binary,6.00%,Above 6.00%,6,,2026-09-18T15:00:00Z,2027-01-27T18:55:00Z,live,1
KXFED-27JAN-T5.75,KXFED,hormuz_strike_pipeline_shutdown,active,binary,5.75%,Above 5.75%,5.75,,2026-09-18T15:00:00Z,2027-01-27T18:55:00Z,live,1
KXFED-27JAN-T5.50,KXFED,hormuz_strike_pipeline_shutdown,active,binary,5.50%,Above 5.50%,5.5,,2026-09-18T15:00:00Z,2027-01-27T18:55:00Z,live,1
KXFED-27JAN-T5.25,KXFED,hormuz_strike_pipeline_shutdown,active,binary,5.25%,Above 5.25%,5.25,,2026-09-18T15:00:00Z,2027-01-27T18:55:00Z,live,1
KXFED-27JAN-T5.00,KXFED,hormuz_strike_pipeline_shutdown,active,binary,5.00%,Above 5.00%,5,,2026-09-18T15:00:00Z,2027-01-27T18:55:00Z,live,1
KXFED-27JAN-T4.75,KXFED,hormuz_strike_pipeline_shutdown,active,binary,4.75%,Above 4.75%,4.75,,2026-09-18T15:00:00Z,2027-01-27T18:55:00Z,live,1
KXFED-27JAN-T4.50,KXFED,hormuz_strike_pipeline_shutdown,active,binary,4.50%,Above 4.50%,4.5,,2026-09-18T15:00:00Z,2027-01-27T18:55:00Z,live,1
KXFED-28JAN-T6.00,KXFED,hormuz_strike_pipeline_shutdown,active,binary,6.00%,Above 6.00%,6,,2026-09-18T15:00:00Z,2028-01-26T18:55:00Z,live,1
KXFED-28JAN-T5.75,KXFED,hormuz_strike_pipeline_shutdown,active,binary,5.75%,Above 5.75%,5.75,,2026-09-18T15:00:00Z,2028-01-26T18:55:00Z,live,1
KXFED-28JAN-T5.50,KXFED,hormuz_strike_pipeline_shutdown,active,binary,5.50%,Above 5.50%,5.5,,2026-09-18T15:00:00Z,2028-01-26T18:55:00Z,live,1
KXFED-28JAN-T5.25,KXFED,hormuz_strike_pipeline_shutdown,active,binary,5.25%,Above 5.25%,5.25,,2026-09-18T15:00:00Z,2028-01-26T18:55:00Z,live,1
KXFED-28JAN-T5.00,KXFED,hormuz_strike_pipeline_shutdown,active,binary,5.00%,Above 5.00%,5,,2026-09-18T15:00:00Z,2028-01-26T18:55:00Z,live,1
KXFED-28JAN-T4.75,KXFED,hormuz_strike_pipeline_shutdown,active,binary,4.75%,Above 4.75%,4.75,,2026-09-18T15:00:00Z,2028-01-26T18:55:00Z,live,1
KXFED-28JAN-T4.50,KXFED,hormuz_strike_pipeline_shutdown,active,binary,4.50%,Above 4.50%,4.5,,2026-09-18T15:00:00Z,2028-01-26T18:55:00Z,live,1
KXFED-28JAN-T4.25,KXFED,hormuz_strike_pipeline_shutdown,active,binary,4.25%,Above 4.25%,4.25,,2026-09-18T15:00:00Z,2028-01-26T18:55:00Z,live,1
KXFED-28JAN-T4.00,KXFED,hormuz_strike_pipeline_shutdown,active,binary,4.00%,Above 4.00%,4,,2026-09-18T15:00:00Z,2028-01-26T18:55:00Z,live,1
KXFED-28JAN-T3.75,KXFED,hormuz_strike_pipeline_shutdown,active,binary,3.75%,Above 3.75%,3.75,,2026-09-18T15:00:00Z,2028-01-26T18:55:00Z,live,1
KXFED-28JAN-T3.50,KXFED,hormuz_strike_pipeline_shutdown,active,binary,3.50%,Above 3.50%,3.5,,2026-09-18T15:00:00Z,2028-01-26T18:55:00Z,live,1
KXFED-28JAN-T3.25,KXFED,hormuz_strike_pipeline_shutdown,active,binary,3.25%,Above 3.25%,3.25,,2026-09-18T15:00:00Z,2028-01-26T18:55:00Z,live,1
KXFED-28JAN-T3.00,KXFED,hormuz_strike_pipeline_shutdown,active,binary,3.00%,Above 3.00%,3,,2026-09-18T15:00:00Z,2028-01-26T18:55:00Z,live,1
KXFED-28JAN-T2.75,KXFED,hormuz_strike_pipeline_shutdown,active,binary,2.75%,Above 2.75%,2.75,,2026-09-18T15:00:00Z,2028-01-26T18:55:00Z,live,1
KXFED-28JAN-T2.50,KXFED,hormuz_strike_pipeline_shutdown,active,binary,2.50%,Above 2.50%,2.5,,2026-09-18T15:00:00Z,2028-01-26T18:55:00Z,live,1
KXFED-28JAN-T2.25,KXFED,hormuz_strike_pipeline_shutdown,active,binary,2.25%,Above 2.25%,2.25,,2026-09-18T15:00:00Z,2028-01-26T18:55:00Z,live,1
KXFED-28JAN-T2.00,KXFED,hormuz_strike_pipeline_shutdown,active,binary,2.00%,Above 2.00%,2,,2026-09-18T15:00:00Z,2028-01-26T18:55:00Z,live,1
KXFED-28JAN-T1.75,KXFED,hormuz_strike_pipeline_shutdown,active,binary,1.75%,Above 1.75%,1.75,,2026-09-18T15:00:00Z,2028-01-26T18:55:00Z,live,1
KXFED-28JAN-T1.50,KXFED,hormuz_strike_pipeline_shutdown,active,binary,1.50%,Above 1.50%,1.5,,2026-09-18T15:00:00Z,2028-01-26T18:55:00Z,live,1
KXFED-28JAN-T1.25,KXFED,hormuz_strike_pipeline_shutdown,active,binary,1.25%,Above 1.25%,1.25,,2026-09-18T15:00:00Z,2028-01-26T18:55:00Z,live,1
KXFED-28JAN-T1.00,KXFED,hormuz_strike_pipeline_shutdown,active,binary,1.00%,Above 1.00%,1,,2026-09-18T15:00:00Z,2028-01-26T18:55:00Z,live,1
KXFED-28JAN-T0.75,KXFED,hormuz_strike_pipeline_shutdown,active,binary,0.75%,Above 0.75%,0.75,,2026-09-18T15:00:00Z,2028-01-26T18:55:00Z,live,1
KXFED-28JAN-T0.50,KXFED,hormuz_strike_pipeline_shutdown,active,binary,0.50%,Above 0.50%,0.5,,2026-09-18T15:00:00Z,2028-01-26T18:55:00Z,live,1
KXFED-28JAN-T0.25,KXFED,hormuz_strike_pipeline_shutdown,active,binary,0.25%,Above 0.25%,0.25,,2026-09-18T15:00:00Z,2028-01-26T18:55:00Z,live,1
KXFED-28JAN-T0.00,KXFED,hormuz_strike_pipeline_shutdown,active,binary,0.00%,Above 0.00%,0,,2026-09-18T15:00:00Z,2028-01-26T18:55:00Z,live,1
KXFED-27DEC-T6.00,KXFED,hormuz_strike_pipeline_shutdown,active,binary,6.00%,Above 6.00%,6,,2026-09-18T15:00:00Z,2027-12-08T18:55:00Z,live,1
KXFED-27DEC-T5.75,KXFED,hormuz_strike_pipeline_shutdown,active,binary,5.75%,Above 5.75%,5.75,,2026-09-18T15:00:00Z,2027-12-08T18:55:00Z,live,1
KXFED-27DEC-T5.50,KXFED,hormuz_strike_pipeline_shutdown,active,binary,5.50%,Above 5.50%,5.5,,2026-09-18T15:00:00Z,2027-12-08T18:55:00Z,live,1
KXFED-27DEC-T5.25,KXFED,hormuz_strike_pipeline_shutdown,active,binary,5.25%,Above 5.25%,5.25,,2026-09-18T15:00:00Z,2027-12-08T18:55:00Z,live,1
KXFED-27DEC-T5.00,KXFED,hormuz_strike_pipeline_shutdown,active,binary,5.00%,Above 5.00%,5,,2026-09-18T15:00:00Z,2027-12-08T18:55:00Z,live,1
KXFED-27DEC-T4.75,KXFED,hormuz_strike_pipeline_shutdown,active,binary,4.75%,Above 4.75%,4.75,,2026-09-18T15:00:00Z,2027-12-08T18:55:00Z,live,1
KXFED-27DEC-T4.50,KXFED,hormuz_strike_pipeline_shutdown,active,binary,4.50%,Above 4.50%,4.5,,2026-09-18T15:00:00Z,2027-12-08T18:55:00Z,live,1
KXFED-27DEC-T4.25,KXFED,hormuz_strike_pipeline_shutdown,active,binary,4.25%,Above 4.25%,4.25,,2026-09-18T15:00:00Z,2027-12-08T18:55:00Z,live,1
KXFED-27DEC-T4.00,KXFED,hormuz_strike_pipeline_shutdown,active,binary,4.00%,Above 4.00%,4,,2026-09-18T15:00:00Z,2027-12-08T18:55:00Z,live,1
KXFED-27DEC-T3.75,KXFED,hormuz_strike_pipeline_shutdown,active,binary,3.75%,Above 3.75%,3.75,,2026-09-18T15:00:00Z,2027-12-08T18:55:00Z,live,1
KXFED-27DEC-T3.50,KXFED,hormuz_strike_pipeline_shutdown,active,binary,3.50%,Above 3.50%,3.5,,2026-09-18T15:00:00Z,2027-12-08T18:55:00Z,live,1
KXFED-27DEC-T3.25,KXFED,hormuz_strike_pipeline_shutdown,active,binary,3.25%,Above 3.25%,3.25,,2026-09-18T15:00:00Z,2027-12-08T18:55:00Z,live,1
KXFED-27DEC-T3.00,KXFED,hormuz_strike_pipeline_shutdown,active,binary,3.00%,Above 3.00%,3,,2026-09-18T15:00:00Z,2027-12-08T18:55:00Z,live,1
KXFED-27DEC-T2.75,KXFED,hormuz_strike_pipeline_shutdown,active,binary,2.75%,Above 2.75%,2.75,,2026-09-18T15:00:00Z,2027-12-08T18:55:00Z,live,1
KXFED-27DEC-T2.50,KXFED,hormuz_strike_pipeline_shutdown,active,binary,2.50%,Above 2.50%,2.5,,2026-09-18T15:00:00Z,2027-12-08T18:55:00Z,live,1
KXFED-27DEC-T2.25,KXFED,hormuz_strike_pipeline_shutdown,active,binary,2.25%,Above 2.25%,2.25,,2026-09-18T15:00:00Z,2027-12-08T18:55:00Z,live,1
KXFED-27DEC-T2.00,KXFED,hormuz_strike_pipeline_shutdown,active,binary,2.00%,Above 2.00%,2,,2026-09-18T15:00:00Z,2027-12-08T18:55:00Z,live,1
KXFED-27DEC-T1.75,KXFED,hormuz_strike_pipeline_shutdown,active,binary,1.75%,Above 1.75%,1.75,,2026-09-18T15:00:00Z,2027-12-08T18:55:00Z,live,1
KXFED-27DEC-T1.50,KXFED,hormuz_strike_pipeline_shutdown,active,binary,1.50%,Above 1.50%,1.5,,2026-09-18T15:00:00Z,2027-12-08T18:55:00Z,live,1
KXFED-27DEC-T1.25,KXFED,hormuz_strike_pipeline_shutdown,active,binary,1.25%,Above 1.25%,1.25,,2026-09-18T15:00:00Z,2027-12-08T18:55:00Z,live,1
KXFED-27DEC-T1.00,KXFED,hormuz_strike_pipeline_shutdown,active,binary,1.00%,Above 1.00%,1,,2026-09-18T15:00:00Z,2027-12-08T18:55:00Z,live,1
KXFED-27DEC-T0.75,KXFED,hormuz_strike_pipeline_shutdown,active,binary,0.75%,Above 0.75%,0.75,,2026-09-18T15:00:00Z,2027-12-08T18:55:00Z,live,1
KXFED-27DEC-T0.50,KXFED,hormuz_strike_pipeline_shutdown,active,binary,0.50%,Above 0.50%,0.5,,2026-09-18T15:00:00Z,2027-12-08T18:55:00Z,live,1
KXFED-27DEC-T0.25,KXFED,hormuz_strike_pipeline_shutdown,active,binary,0.25%,Above 0.25%,0.25,,2026-09-18T15:00:00Z,2027-12-08T18:55:00Z,live,1
KXFED-27DEC-T0.00,KXFED,hormuz_strike_pipeline_shutdown,active,binary,0.00%,Above 0.00%,0,,2026-09-18T15:00:00Z,2027-12-08T18:55:00Z,live,1
KXFED-27OCT-T6.00,KXFED,hormuz_strike_pipeline_shutdown,active,binary,6.00%,Above 6.00%,6,,2026-09-18T15:00:00Z,2027-10-27T17:55:00Z,live,1
KXFED-27OCT-T5.75,KXFED,hormuz_strike_pipeline_shutdown,active,binary,5.75%,Above 5.75%,5.75,,2026-09-18T15:00:00Z,2027-10-27T17:55:00Z,live,1
KXFED-27OCT-T5.50,KXFED,hormuz_strike_pipeline_shutdown,active,binary,5.50%,Above 5.50%,5.5,,2026-09-18T15:00:00Z,2027-10-27T17:55:00Z,live,1
KXFED-27OCT-T5.25,KXFED,hormuz_strike_pipeline_shutdown,active,binary,5.25%,Above 5.25%,5.25,,2026-09-18T15:00:00Z,2027-10-27T17:55:00Z,live,1
KXFED-27OCT-T5.00,KXFED,hormuz_strike_pipeline_shutdown,active,binary,5.00%,Above 5.00%,5,,2026-09-18T15:00:00Z,2027-10-27T17:55:00Z,live,1
KXFED-27OCT-T4.75,KXFED,hormuz_strike_pipeline_shutdown,active,binary,4.75%,Above 4.75%,4.75,,2026-09-18T15:00:00Z,2027-10-27T17:55:00Z,live,1
KXFED-27OCT-T4.50,KXFED,hormuz_strike_pipeline_shutdown,active,binary,4.50%,Above 4.50%,4.5,,2026-09-18T15:00:00Z,2027-10-27T17:55:00Z,live,1
KXFED-27OCT-T4.25,KXFED,hormuz_strike_pipeline_shutdown,active,binary,4.25%,Above 4.25%,4.25,,2026-09-18T15:00:00Z,2027-10-27T17:55:00Z,live,1
KXFED-27OCT-T4.00,KXFED,hormuz_strike_pipeline_shutdown,active,binary,4.00%,Above 4.00%,4,,2026-09-18T15:00:00Z,2027-10-27T17:55:00Z,live,1
KXFED-27OCT-T3.75,KXFED,hormuz_strike_pipeline_shutdown,active,binary,3.75%,Above 3.75%,3.75,,2026-09-18T15:00:00Z,2027-10-27T17:55:00Z,live,1
KXFED-27OCT-T3.50,KXFED,hormuz_strike_pipeline_shutdown,active,binary,3.50%,Above 3.50%,3.5,,2026-09-18T15:00:00Z,2027-10-27T17:55:00Z,live,1
KXFED-27OCT-T3.25,KXFED,hormuz_strike_pipeline_shutdown,active,binary,3.25%,Above 3.25%,3.25,,2026-09-18T15:00:00Z,2027-10-27T17:55:00Z,live,1
KXFED-27OCT-T3.00,KXFED,hormuz_strike_pipeline_shutdown,active,binary,3.00%,Above 3.00%,3,,2026-09-18T15:00:00Z,2027-10-27T17:55:00Z,live,1
KXFED-27OCT-T2.75,KXFED,hormuz_strike_pipeline_shutdown,active,binary,2.75%,Above 2.75%,2.75,,2026-09-18T15:00:00Z,2027-10-27T17:55:00Z,live,1
KXFED-27OCT-T2.50,KXFED,hormuz_strike_pipeline_shutdown,active,binary,2.50%,Above 2.50%,2.5,,2026-09-18T15:00:00Z,2027-10-27T17:55:00Z,live,1
KXFED-27OCT-T2.25,KXFED,hormuz_strike_pipeline_shutdown,active,binary,2.25%,Above 2.25%,2.25,,2026-09-18T15:00:00Z,2027-10-27T17:55:00Z,live,1
KXFED-27OCT-T2.00,KXFED,hormuz_strike_pipeline_shutdown,active,binary,2.00%,Above 2.00%,2,,2026-09-18T15:00:00Z,2027-10-27T17:55:00Z,live,1
KXFED-27OCT-T1.75,KXFED,hormuz_strike_pipeline_shutdown,active,binary,1.75%,Above 1.75%,1.75,,2026-09-18T15:00:00Z,2027-10-27T17:55:00Z,live,1
KXFED-27OCT-T1.50,KXFED,hormuz_strike_pipeline_shutdown,active,binary,1.50%,Above 1.50%,1.5,,2026-09-18T15:00:00Z,2027-10-27T17:55:00Z,live,1
KXFED-27OCT-T1.25,KXFED,hormuz_strike_pipeline_shutdown,active,binary,1.25%,Above 1.25%,1.25,,2026-09-18T15:00:00Z,2027-10-27T17:55:00Z,live,1
KXFED-27OCT-T1.00,KXFED,hormuz_strike_pipeline_shutdown,active,binary,1.00%,Above 1.00%,1,,2026-09-18T15:00:00Z,2027-10-27T17:55:00Z,live,1
KXFED-27OCT-T0.75,KXFED,hormuz_strike_pipeline_shutdown,active,binary,0.75%,Above 0.75%,0.75,,2026-09-18T15:00:00Z,2027-10-27T17:55:00Z,live,1
KXFED-27OCT-T0.50,KXFED,hormuz_strike_pipeline_shutdown,active,binary,0.50%,Above 0.50%,0.5,,2026-09-18T15:00:00Z,2027-10-27T17:55:00Z,live,1
KXFED-27OCT-T0.25,KXFED,hormuz_strike_pipeline_shutdown,active,binary,0.25%,Above 0.25%,0.25,,2026-09-18T15:00:00Z,2027-10-27T17:55:00Z,live,1
KXFED-27OCT-T0.00,KXFED,hormuz_strike_pipeline_shutdown,active,binary,0.00%,Above 0.00%,0,,2026-09-18T15:00:00Z,2027-10-27T17:55:00Z,live,1
KXFED-27SEP-T6.00,KXFED,hormuz_strike_pipeline_shutdown,active,binary,6.00%,Above 6.00%,6,,2026-09-18T15:00:00Z,2027-09-15T17:55:00Z,live,1
KXFED-27SEP-T5.75,KXFED,hormuz_strike_pipeline_shutdown,active,binary,5.75%,Above 5.75%,5.75,,2026-09-18T15:00:00Z,2027-09-15T17:55:00Z,live,1
KXFED-27SEP-T5.50,KXFED,hormuz_strike_pipeline_shutdown,active,binary,5.50%,Above 5.50%,5.5,,2026-09-18T15:00:00Z,2027-09-15T17:55:00Z,live,1
KXFED-27SEP-T5.25,KXFED,hormuz_strike_pipeline_shutdown,active,binary,5.25%,Above 5.25%,5.25,,2026-09-18T15:00:00Z,2027-09-15T17:55:00Z,live,1
KXFED-27SEP-T5.00,KXFED,hormuz_strike_pipeline_shutdown,active,binary,5.00%,Above 5.00%,5,,2026-09-18T15:00:00Z,2027-09-15T17:55:00Z,live,1
KXFED-27SEP-T4.75,KXFED,hormuz_strike_pipeline_shutdown,active,binary,4.75%,Above 4.75%,4.75,,2026-09-18T15:00:00Z,2027-09-15T17:55:00Z,live,1
KXFED-27SEP-T4.50,KXFED,hormuz_strike_pipeline_shutdown,active,binary,4.50%,Above 4.50%,4.5,,2026-09-18T15:00:00Z,2027-09-15T17:55:00Z,live,1
KXFED-27SEP-T4.25,KXFED,hormuz_strike_pipeline_shutdown,active,binary,4.25%,Above 4.25%,4.25,,2026-09-18T15:00:00Z,2027-09-15T17:55:00Z,live,1
KXFED-27SEP-T4.00,KXFED,hormuz_strike_pipeline_shutdown,active,binary,4.00%,Above 4.00%,4,,2026-09-18T15:00:00Z,2027-09-15T17:55:00Z,live,1
KXFED-27SEP-T3.75,KXFED,hormuz_strike_pipeline_shutdown,active,binary,3.75%,Above 3.75%,3.75,,2026-09-18T15:00:00Z,2027-09-15T17:55:00Z,live,1
KXFED-27SEP-T3.50,KXFED,hormuz_strike_pipeline_shutdown,active,binary,3.50%,Above 3.50%,3.5,,2026-09-18T15:00:00Z,2027-09-15T17:55:00Z,live,1
KXFED-27SEP-T3.25,KXFED,hormuz_strike_pipeline_shutdown,active,binary,3.25%,Above 3.25%,3.25,,2026-09-18T15:00:00Z,2027-09-15T17:55:00Z,live,1
KXFED-27SEP-T3.00,KXFED,hormuz_strike_pipeline_shutdown,active,binary,3.00%,Above 3.00%,3,,2026-09-18T15:00:00Z,2027-09-15T17:55:00Z,live,1
KXFED-27SEP-T2.75,KXFED,hormuz_strike_pipeline_shutdown,active,binary,2.75%,Above 2.75%,2.75,,2026-09-18T15:00:00Z,2027-09-15T17:55:00Z,live,1
KXFED-27SEP-T2.50,KXFED,hormuz_strike_pipeline_shutdown,active,binary,2.50%,Above 2.50%,2.5,,2026-09-18T15:00:00Z,2027-09-15T17:55:00Z,live,1
KXFED-27SEP-T2.25,KXFED,hormuz_strike_pipeline_shutdown,active,binary,2.25%,Above 2.25%,2.25,,2026-09-18T15:00:00Z,2027-09-15T17:55:00Z,live,1
KXFED-27SEP-T2.00,KXFED,hormuz_strike_pipeline_shutdown,active,binary,2.00%,Above 2.00%,2,,2026-09-18T15:00:00Z,2027-09-15T17:55:00Z,live,1
KXFED-27SEP-T1.75,KXFED,hormuz_strike_pipeline_shutdown,active,binary,1.75%,Above 1.75%,1.75,,2026-09-18T15:00:00Z,2027-09-15T17:55:00Z,live,1
KXFED-27SEP-T1.50,KXFED,hormuz_strike_pipeline_shutdown,active,binary,1.50%,Above 1.50%,1.5,,2026-09-18T15:00:00Z,2027-09-15T17:55:00Z,live,1
KXFED-27SEP-T1.25,KXFED,hormuz_strike_pipeline_shutdown,active,binary,1.25%,Above 1.25%,1.25,,2026-09-18T15:00:00Z,2027-09-15T17:55:00Z,live,1
KXFED-27SEP-T1.00,KXFED,hormuz_strike_pipeline_shutdown,active,binary,1.00%,Above 1.00%,1,,2026-09-18T15:00:00Z,2027-09-15T17:55:00Z,live,1
KXFED-27SEP-T0.75,KXFED,hormuz_strike_pipeline_shutdown,active,binary,0.75%,Above 0.75%,0.75,,2026-09-18T15:00:00Z,2027-09-15T17:55:00Z,live,1
KXFED-27SEP-T0.50,KXFED,hormuz_strike_pipeline_shutdown,active,binary,0.50%,Above 0.50%,0.5,,2026-09-18T15:00:00Z,2027-09-15T17:55:00Z,live,1
KXFED-27SEP-T0.25,KXFED,hormuz_strike_pipeline_shutdown,active,binary,0.25%,Above 0.25%,0.25,,2026-09-18T15:00:00Z,2027-09-15T17:55:00Z,live,1
KXFED-27SEP-T0.00,KXFED,hormuz_strike_pipeline_shutdown,active,binary,0.00%,Above 0.00%,0,,2026-09-18T15:00:00Z,2027-09-15T17:55:00Z,live,1
KXFED-27JUL-T6.00,KXFED,hormuz_strike_pipeline_shutdown,active,binary,6.00%,Above 6.00%,6,,2026-09-18T15:00:00Z,2027-07-28T17:55:00Z,live,1
KXFED-27JUL-T5.75,KXFED,hormuz_strike_pipeline_shutdown,active,binary,5.75%,Above 5.75%,5.75,,2026-09-18T15:00:00Z,2027-07-28T17:55:00Z,live,1
KXFED-27JUL-T5.50,KXFED,hormuz_strike_pipeline_shutdown,active,binary,5.50%,Above 5.50%,5.5,,2026-09-18T15:00:00Z,2027-07-28T17:55:00Z,live,1
KXFED-27JUL-T5.25,KXFED,hormuz_strike_pipeline_shutdown,active,binary,5.25%,Above 5.25%,5.25,,2026-09-18T15:00:00Z,2027-07-28T17:55:00Z,live,1
KXFED-27JUL-T5.00,KXFED,hormuz_strike_pipeline_shutdown,active,binary,5.00%,Above 5.00%,5,,2026-09-18T15:00:00Z,2027-07-28T17:55:00Z,live,1
KXFED-27JUL-T4.75,KXFED,hormuz_strike_pipeline_shutdown,active,binary,4.75%,Above 4.75%,4.75,,2026-09-18T15:00:00Z,2027-07-28T17:55:00Z,live,1
KXFED-27JUL-T4.50,KXFED,hormuz_strike_pipeline_shutdown,active,binary,4.50%,Above 4.50%,4.5,,2026-09-18T15:00:00Z,2027-07-28T17:55:00Z,live,1
KXFED-27JUL-T4.25,KXFED,hormuz_strike_pipeline_shutdown,active,binary,4.25%,Above 4.25%,4.25,,2026-09-18T15:00:00Z,2027-07-28T17:55:00Z,live,1
KXFED-27JUL-T4.00,KXFED,hormuz_strike_pipeline_shutdown,active,binary,4.00%,Above 4.00%,4,,2026-09-18T15:00:00Z,2027-07-28T17:55:00Z,live,1
KXFED-27JUL-T3.75,KXFED,hormuz_strike_pipeline_shutdown,active,binary,3.75%,Above 3.75%,3.75,,2026-09-18T15:00:00Z,2027-07-28T17:55:00Z,live,1
KXFED-27JUL-T3.50,KXFED,hormuz_strike_pipeline_shutdown,active,binary,3.50%,Above 3.50%,3.5,,2026-09-18T15:00:00Z,2027-07-28T17:55:00Z,live,1
KXFED-27JUL-T3.25,KXFED,hormuz_strike_pipeline_shutdown,active,binary,3.25%,Above 3.25%,3.25,,2026-09-18T15:00:00Z,2027-07-28T17:55:00Z,live,1
KXFED-27JUL-T3.00,KXFED,hormuz_strike_pipeline_shutdown,active,binary,3.00%,Above 3.00%,3,,2026-09-18T15:00:00Z,2027-07-28T17:55:00Z,live,1
KXFED-27JUL-T2.75,KXFED,hormuz_strike_pipeline_shutdown,active,binary,2.75%,Above 2.75%,2.75,,2026-09-18T15:00:00Z,2027-07-28T17:55:00Z,live,1
KXFED-27JUL-T2.50,KXFED,hormuz_strike_pipeline_shutdown,active,binary,2.50%,Above 2.50%,2.5,,2026-09-18T15:00:00Z,2027-07-28T17:55:00Z,live,1
KXFED-27JUL-T2.25,KXFED,hormuz_strike_pipeline_shutdown,active,binary,2.25%,Above 2.25%,2.25,,2026-09-18T15:00:00Z,2027-07-28T17:55:00Z,live,1
KXFED-27JUL-T2.00,KXFED,hormuz_strike_pipeline_shutdown,active,binary,2.00%,Above 2.00%,2,,2026-09-18T15:00:00Z,2027-07-28T17:55:00Z,live,1
KXFED-27JUL-T1.75,KXFED,hormuz_strike_pipeline_shutdown,active,binary,1.75%,Above 1.75%,1.75,,2026-09-18T15:00:00Z,2027-07-28T17:55:00Z,live,1
KXFED-27JUL-T1.50,KXFED,hormuz_strike_pipeline_shutdown,active,binary,1.50%,Above 1.50%,1.5,,2026-09-18T15:00:00Z,2027-07-28T17:55:00Z,live,1
KXFED-27JUL-T1.25,KXFED,hormuz_strike_pipeline_shutdown,active,binary,1.25%,Above 1.25%,1.25,,2026-09-18T15:00:00Z,2027-07-28T17:55:00Z,live,1
KXFED-27JUL-T1.00,KXFED,hormuz_strike_pipeline_shutdown,active,binary,1.00%,Above 1.00%,1,,2026-09-18T15:00:00Z,2027-07-28T17:55:00Z,live,1
KXFED-27JUL-T0.75,KXFED,hormuz_strike_pipeline_shutdown,active,binary,0.75%,Above 0.75%,0.75,,2026-09-18T15:00:00Z,2027-07-28T17:55:00Z,live,1
KXFED-27JUL-T0.50,KXFED,hormuz_strike_pipeline_shutdown,active,binary,0.50%,Above 0.50%,0.5,,2026-09-18T15:00:00Z,2027-07-28T17:55:00Z,live,1
KXFED-27JUL-T0.25,KXFED,hormuz_strike_pipeline_shutdown,active,binary,0.25%,Above 0.25%,0.25,,2026-09-18T15:00:00Z,2027-07-28T17:55:00Z,live,1
KXFED-27JUL-T0.00,KXFED,hormuz_strike_pipeline_shutdown,active,binary,0.00%,Above 0.00%,0,,2026-09-18T15:00:00Z,2027-07-28T17:55:00Z,live,1
KXFED-27JUN-T6.00,KXFED,hormuz_strike_pipeline_shutdown,active,binary,6.00%,Above 6.00%,6,,2026-09-18T15:00:00Z,2027-06-09T17:55:00Z,live,1
KXFED-27JUN-T5.75,KXFED,hormuz_strike_pipeline_shutdown,active,binary,5.75%,Above 5.75%,5.75,,2026-09-18T15:00:00Z,2027-06-09T17:55:00Z,live,1
KXFED-27JUN-T5.50,KXFED,hormuz_strike_pipeline_shutdown,active,binary,5.50%,Above 5.50%,5.5,,2026-09-18T15:00:00Z,2027-06-09T17:55:00Z,live,1
KXFED-27JUN-T5.25,KXFED,hormuz_strike_pipeline_shutdown,active,binary,5.25%,Above 5.25%,5.25,,2026-09-18T15:00:00Z,2027-06-09T17:55:00Z,live,1
KXFED-27JUN-T5.00,KXFED,hormuz_strike_pipeline_shutdown,active,binary,5.00%,Above 5.00%,5,,2026-09-18T15:00:00Z,2027-06-09T17:55:00Z,live,1
KXFED-27JUN-T4.75,KXFED,hormuz_strike_pipeline_shutdown,active,binary,4.75%,Above 4.75%,4.75,,2026-09-18T15:00:00Z,2027-06-09T17:55:00Z,live,1
KXFED-27JUN-T4.50,KXFED,hormuz_strike_pipeline_shutdown,active,binary,4.50%,Above 4.50%,4.5,,2026-09-18T15:00:00Z,2027-06-09T17:55:00Z,live,1
KXFED-27JUN-T4.25,KXFED,hormuz_strike_pipeline_shutdown,active,binary,4.25%,Above 4.25%,4.25,,2026-09-18T15:00:00Z,2027-06-09T17:55:00Z,live,1
KXFED-27JUN-T4.00,KXFED,hormuz_strike_pipeline_shutdown,active,binary,4.00%,Above 4.00%,4,,2026-09-18T15:00:00Z,2027-06-09T17:55:00Z,live,1
KXFED-27JUN-T3.75,KXFED,hormuz_strike_pipeline_shutdown,active,binary,3.75%,Above 3.75%,3.75,,2026-09-18T15:00:00Z,2027-06-09T17:55:00Z,live,1
KXFED-27JUN-T3.50,KXFED,hormuz_strike_pipeline_shutdown,active,binary,3.50%,Above 3.50%,3.5,,2026-09-18T15:00:00Z,2027-06-09T17:55:00Z,live,1
KXFED-27JUN-T3.25,KXFED,hormuz_strike_pipeline_shutdown,active,binary,3.25%,Above 3.25%,3.25,,2026-09-18T15:00:00Z,2027-06-09T17:55:00Z,live,1
KXFED-27JUN-T3.00,KXFED,hormuz_strike_pipeline_shutdown,active,binary,3.00%,Above 3.00%,3,,2026-09-18T15:00:00Z,2027-06-09T17:55:00Z,live,1
KXFED-27JUN-T2.75,KXFED,hormuz_strike_pipeline_shutdown,active,binary,2.75%,Above 2.75%,2.75,,2026-09-18T15:00:00Z,2027-06-09T17:55:00Z,live,1
KXFED-27JUN-T2.50,KXFED,hormuz_strike_pipeline_shutdown,active,binary,2.50%,Above 2.50%,2.5,,2026-09-18T15:00:00Z,2027-06-09T17:55:00Z,live,1
KXFED-27JUN-T2.25,KXFED,hormuz_strike_pipeline_shutdown,active,binary,2.25%,Above 2.25%,2.25,,2026-09-18T15:00:00Z,2027-06-09T17:55:00Z,live,1
KXFED-27JUN-T2.00,KXFED,hormuz_strike_pipeline_shutdown,active,binary,2.00%,Above 2.00%,2,,2026-09-18T15:00:00Z,2027-06-09T17:55:00Z,live,1
KXFED-27JUN-T1.75,KXFED,hormuz_strike_pipeline_shutdown,active,binary,1.75%,Above 1.75%,1.75,,2026-09-18T15:00:00Z,2027-06-09T17:55:00Z,live,1
KXFED-27JUN-T1.50,KXFED,hormuz_strike_pipeline_shutdown,active,binary,1.50%,Above 1.50%,1.5,,2026-09-18T15:00:00Z,2027-06-09T17:55:00Z,live,1
KXFED-27JUN-T1.25,KXFED,hormuz_strike_pipeline_shutdown,active,binary,1.25%,Above 1.25%,1.25,,2026-09-18T15:00:00Z,2027-06-09T17:55:00Z,live,1
KXFED-27JUN-T1.00,KXFED,hormuz_strike_pipeline_shutdown,active,binary,1.00%,Above 1.00%,1,,2026-09-18T15:00:00Z,2027-06-09T17:55:00Z,live,1
KXFED-27JUN-T0.75,KXFED,hormuz_strike_pipeline_shutdown,active,binary,0.75%,Above 0.75%,0.75,,2026-09-18T15:00:00Z,2027-06-09T17:55:00Z,live,1
KXFED-27JUN-T0.50,KXFED,hormuz_strike_pipeline_shutdown,active,binary,0.50%,Above 0.50%,0.5,,2026-09-18T15:00:00Z,2027-06-09T17:55:00Z,live,1
KXFED-27JUN-T0.25,KXFED,hormuz_strike_pipeline_shutdown,active,binary,0.25%,Above 0.25%,0.25,,2026-09-18T15:00:00Z,2027-06-09T17:55:00Z,live,1
KXFED-27JUN-T0.00,KXFED,hormuz_strike_pipeline_shutdown,active,binary,0.00%,Above 0.00%,0,,2026-09-18T15:00:00Z,2027-06-09T17:55:00Z,live,1
KXFED-27APR-T4.25,KXFED,hormuz_strike_pipeline_shutdown,active,binary,4.25%,Above 4.25%,4.25,,2025-10-13T14:00:00Z,2027-04-28T17:55:00Z,live,46
KXFED-27APR-T4.00,KXFED,hormuz_strike_pipeline_shutdown,active,binary,4.00%,Above 4.00%,4,,2025-10-13T14:00:00Z,2027-04-28T17:55:00Z,live,49
KXFED-27APR-T3.75,KXFED,hormuz_strike_pipeline_shutdown,active,binary,3.75%,Above 3.75%,3.75,,2025-10-13T14:00:00Z,2027-04-28T17:55:00Z,live,49
KXFED-27APR-T3.50,KXFED,hormuz_strike_pipeline_shutdown,active,binary,3.50%,Above 3.50%,3.5,,2025-10-13T14:00:00Z,2027-04-28T17:55:00Z,live,49
KXFED-27APR-T3.25,KXFED,hormuz_strike_pipeline_shutdown,active,binary,3.25%,Above 3.25%,3.25,,2025-10-13T14:00:00Z,2027-04-28T17:55:00Z,live,49
KXFED-27APR-T3.00,KXFED,hormuz_strike_pipeline_shutdown,active,binary,3.00%,Above 3.00%,3,,2025-10-13T14:00:00Z,2027-04-28T17:55:00Z,live,47
KXFED-27APR-T2.75,KXFED,hormuz_strike_pipeline_shutdown,active,binary,2.75%,Above 2.75%,2.75,,2025-10-13T14:00:00Z,2027-04-28T17:55:00Z,live,49
KXFED-27APR-T2.50,KXFED,hormuz_strike_pipeline_shutdown,active,binary,2.50%,Above 2.50%,2.5,,2025-10-13T14:00:00Z,2027-04-28T17:55:00Z,live,48
KXFED-27APR-T2.25,KXFED,hormuz_strike_pipeline_shutdown,active,binary,2.25%,Above 2.25%,2.25,,2025-10-13T14:00:00Z,2027-04-28T17:55:00Z,live,49
KXFED-27APR-T2.00,KXFED,hormuz_strike_pipeline_shutdown,active,binary,2.00%,Above 2.00%,2,,2025-10-13T14:00:00Z,2027-04-28T17:55:00Z,live,47
KXFED-27APR-T1.75,KXFED,hormuz_strike_pipeline_shutdown,active,binary,1.75%,Above 1.75%,1.75,,2025-10-13T14:00:00Z,2027-04-28T17:55:00Z,live,48
KXFED-27APR-T1.50,KXFED,hormuz_strike_pipeline_shutdown,active,binary,1.50%,Above 1.50%,1.5,,2025-10-13T14:00:00Z,2027-04-28T17:55:00Z,live,48
KXFED-27APR-T1.25,KXFED,hormuz_strike_pipeline_shutdown,active,binary,1.25%,Above 1.25%,1.25,,2025-10-13T14:00:00Z,2027-04-28T17:55:00Z,live,48
KXFED-27APR-T1.00,KXFED,hormuz_strike_pipeline_shutdown,active,binary,1.00%,Above 1.00%,1,,2025-10-13T14:00:00Z,2027-04-28T17:55:00Z,live,48
KXFED-27APR-T0.75,KXFED,hormuz_strike_pipeline_shutdown,active,binary,0.75%,Above 0.75%,0.75,,2025-10-13T14:00:00Z,2027-04-28T17:55:00Z,live,46
KXFED-27APR-T0.50,KXFED,hormuz_strike_pipeline_shutdown,active,binary,0.50%,Above 0.50%,0.5,,2025-10-13T14:00:00Z,2027-04-28T17:55:00Z,live,46
KXFED-27APR-T0.25,KXFED,hormuz_strike_pipeline_shutdown,active,binary,0.25%,Above 0.25%,0.25,,2025-10-13T14:00:00Z,2027-04-28T17:55:00Z,live,43
KXFED-27APR-T0.00,KXFED,hormuz_strike_pipeline_shutdown,active,binary,0.00%,Above 0.00%,0,,2025-10-13T14:00:00Z,2027-04-28T17:55:00Z,live,40
KXFED-27MAR-T4.25,KXFED,hormuz_strike_pipeline_shutdown,active,binary,4.25%,Above 4.25%,4.25,,2025-10-13T14:00:00Z,2027-03-17T17:55:00Z,live,46
KXFED-27MAR-T4.00,KXFED,hormuz_strike_pipeline_shutdown,active,binary,4.00%,Above 4.00%,4,,2025-10-13T14:00:00Z,2027-03-17T17:55:00Z,live,49
KXFED-27MAR-T3.75,KXFED,hormuz_strike_pipeline_shutdown,active,binary,3.75%,Above 3.75%,3.75,,2025-10-13T14:00:00Z,2027-03-17T17:55:00Z,live,43
KXFED-27MAR-T3.50,KXFED,hormuz_strike_pipeline_shutdown,active,binary,3.50%,Above 3.50%,3.5,,2025-10-13T14:00:00Z,2027-03-17T17:55:00Z,live,45
KXFED-27MAR-T3.25,KXFED,hormuz_strike_pipeline_shutdown,active,binary,3.25%,Above 3.25%,3.25,,2025-10-13T14:00:00Z,2027-03-17T17:55:00Z,live,48
KXFED-27MAR-T3.00,KXFED,hormuz_strike_pipeline_shutdown,active,binary,3.00%,Above 3.00%,3,,2025-10-13T14:00:00Z,2027-03-17T17:55:00Z,live,46
KXFED-27MAR-T2.75,KXFED,hormuz_strike_pipeline_shutdown,active,binary,2.75%,Above 2.75%,2.75,,2025-10-13T14:00:00Z,2027-03-17T17:55:00Z,live,45
KXFED-27MAR-T2.50,KXFED,hormuz_strike_pipeline_shutdown,active,binary,2.50%,Above 2.50%,2.5,,2025-10-13T14:00:00Z,2027-03-17T17:55:00Z,live,43
KXFED-27MAR-T2.25,KXFED,hormuz_strike_pipeline_shutdown,active,binary,2.25%,Above 2.25%,2.25,,2025-10-13T14:00:00Z,2027-03-17T17:55:00Z,live,45
KXFED-27MAR-T2.00,KXFED,hormuz_strike_pipeline_shutdown,active,binary,2.00%,Above 2.00%,2,,2025-10-13T14:00:00Z,2027-03-17T17:55:00Z,live,38
KXFED-27MAR-T1.75,KXFED,hormuz_strike_pipeline_shutdown,active,binary,1.75%,Above 1.75%,1.75,,2025-10-13T14:00:00Z,2027-03-17T17:55:00Z,live,41
KXFED-27MAR-T1.50,KXFED,hormuz_strike_pipeline_shutdown,active,binary,1.50%,Above 1.50%,1.5,,2025-10-13T14:00:00Z,2027-03-17T17:55:00Z,live,40
KXFED-27MAR-T1.25,KXFED,hormuz_strike_pipeline_shutdown,active,binary,1.25%,Above 1.25%,1.25,,2025-10-13T14:00:00Z,2027-03-17T17:55:00Z,live,38
KXFED-27MAR-T1.00,KXFED,hormuz_strike_pipeline_shutdown,active,binary,1.00%,Above 1.00%,1,,2025-10-13T14:00:00Z,2027-03-17T17:55:00Z,live,37
KXFED-27MAR-T0.75,KXFED,hormuz_strike_pipeline_shutdown,active,binary,0.75%,Above 0.75%,0.75,,2025-10-13T14:00:00Z,2027-03-17T17:55:00Z,live,32
KXFED-27MAR-T0.50,KXFED,hormuz_strike_pipeline_shutdown,active,binary,0.50%,Above 0.50%,0.5,,2025-10-13T14:00:00Z,2027-03-17T17:55:00Z,live,32
KXFED-27MAR-T0.25,KXFED,hormuz_strike_pipeline_shutdown,active,binary,0.25%,Above 0.25%,0.25,,2025-10-13T14:00:00Z,2027-03-17T17:55:00Z,live,36
KXFED-27MAR-T0.00,KXFED,hormuz_strike_pipeline_shutdown,active,binary,0.00%,Above 0.00%,0,,2025-10-13T14:00:00Z,2027-03-17T17:55:00Z,live,35
KXFED-27JAN-T4.25,KXFED,hormuz_strike_pipeline_shutdown,active,binary,4.25%,Above 4.25%,4.25,,2025-10-06T14:00:00Z,2027-01-27T18:55:00Z,live,44
KXFED-27JAN-T4.00,KXFED,hormuz_strike_pipeline_shutdown,active,binary,4.00%,Above 4.00%,4,,2025-10-06T14:00:00Z,2027-01-27T18:55:00Z,live,48
KXFED-27JAN-T3.75,KXFED,hormuz_strike_pipeline_shutdown,active,binary,3.75%,Above 3.75%,3.75,,2025-10-06T14:00:00Z,2027-01-27T18:55:00Z,live,47
KXFED-27JAN-T3.50,KXFED,hormuz_strike_pipeline_shutdown,active,binary,3.50%,Above 3.50%,3.5,,2025-10-06T14:00:00Z,2027-01-27T18:55:00Z,live,45
KXFED-27JAN-T3.25,KXFED,hormuz_strike_pipeline_shutdown,active,binary,3.25%,Above 3.25%,3.25,,2025-10-06T14:00:00Z,2027-01-27T18:55:00Z,live,49
KXFED-27JAN-T3.00,KXFED,hormuz_strike_pipeline_shutdown,active,binary,3.00%,Above 3.00%,3,,2025-10-06T14:00:00Z,2027-01-27T18:55:00Z,live,46
KXFED-27JAN-T2.75,KXFED,hormuz_strike_pipeline_shutdown,active,binary,2.75%,Above 2.75%,2.75,,2025-10-06T14:00:00Z,2027-01-27T18:55:00Z,live,47
KXFED-27JAN-T2.50,KXFED,hormuz_strike_pipeline_shutdown,active,binary,2.50%,Above 2.50%,2.5,,2025-10-06T14:00:00Z,2027-01-27T18:55:00Z,live,47
KXFED-27JAN-T2.25,KXFED,hormuz_strike_pipeline_shutdown,active,binary,2.25%,Above 2.25%,2.25,,2025-10-06T14:00:00Z,2027-01-27T18:55:00Z,live,43
KXFED-27JAN-T2.00,KXFED,hormuz_strike_pipeline_shutdown,active,binary,2.00%,Above 2.00%,2,,2025-10-06T14:00:00Z,2027-01-27T18:55:00Z,live,45
KXFED-27JAN-T1.75,KXFED,hormuz_strike_pipeline_shutdown,active,binary,1.75%,Above 1.75%,1.75,,2025-10-06T14:00:00Z,2027-01-27T18:55:00Z,live,43
KXFED-27JAN-T1.50,KXFED,hormuz_strike_pipeline_shutdown,active,binary,1.50%,Above 1.50%,1.5,,2025-10-06T14:00:00Z,2027-01-27T18:55:00Z,live,45
KXFED-27JAN-T1.25,KXFED,hormuz_strike_pipeline_shutdown,active,binary,1.25%,Above 1.25%,1.25,,2025-10-06T14:00:00Z,2027-01-27T18:55:00Z,live,44
KXFED-27JAN-T1.00,KXFED,hormuz_strike_pipeline_shutdown,active,binary,1.00%,Above 1.00%,1,,2025-10-06T14:00:00Z,2027-01-27T18:55:00Z,live,41
KXFED-27JAN-T0.75,KXFED,hormuz_strike_pipeline_shutdown,active,binary,0.75%,Above 0.75%,0.75,,2025-10-06T14:00:00Z,2027-01-27T18:55:00Z,live,46
KXFED-27JAN-T0.50,KXFED,hormuz_strike_pipeline_shutdown,active,binary,0.50%,Above 0.50%,0.5,,2025-10-06T14:00:00Z,2027-01-27T18:55:00Z,live,46
KXFED-27JAN-T0.25,KXFED,hormuz_strike_pipeline_shutdown,active,binary,0.25%,Above 0.25%,0.25,,2025-10-06T14:00:00Z,2027-01-27T18:55:00Z,live,43
KXFED-27JAN-T0.00,KXFED,hormuz_strike_pipeline_shutdown,active,binary,0.00%,Above 0.00%,0,,2025-10-06T14:00:00Z,2027-01-27T18:55:00Z,live,42
KXFED-26DEC-T5.25,KXFED,hormuz_strike_pipeline_shutdown,active,binary,5.25%,Above 5.25%,5.25,,2025-08-06T14:30:00Z,2026-12-09T18:55:00Z,live,30
KXFED-26DEC-T5.00,KXFED,hormuz_strike_pipeline_shutdown,active,binary,5.00%,Above 5.00%,5,,2025-08-06T14:30:00Z,2026-12-09T18:55:00Z,live,41
KXFED-26DEC-T4.75,KXFED,hormuz_strike_pipeline_shutdown,active,binary,4.75%,Above 4.75%,4.75,,2025-08-06T14:30:00Z,2026-12-09T18:55:00Z,live,34
KXFED-26DEC-T4.50,KXFED,hormuz_strike_pipeline_shutdown,active,binary,4.50%,Above 4.50%,4.5,,2025-08-06T14:30:00Z,2026-12-09T18:55:00Z,live,40
KXFED-26DEC-T4.25,KXFED,hormuz_strike_pipeline_shutdown,active,binary,4.25%,Above 4.25%,4.25,,2025-08-06T14:30:00Z,2026-12-09T18:55:00Z,live,49
KXFED-26DEC-T4.00,KXFED,hormuz_strike_pipeline_shutdown,active,binary,4.00%,Above 4.00%,4,,2025-08-06T14:30:00Z,2026-12-09T18:55:00Z,live,48
KXFED-26DEC-T3.75,KXFED,hormuz_strike_pipeline_shutdown,active,binary,3.75%,Above 3.75%,3.75,,2025-08-06T14:30:00Z,2026-12-09T18:55:00Z,live,47
KXFED-26DEC-T3.50,KXFED,hormuz_strike_pipeline_shutdown,active,binary,3.50%,Above 3.50%,3.5,,2025-08-06T14:30:00Z,2026-12-09T18:55:00Z,live,49
KXFED-26DEC-T3.25,KXFED,hormuz_strike_pipeline_shutdown,active,binary,3.25%,Above 3.25%,3.25,,2025-08-06T14:30:00Z,2026-12-09T18:55:00Z,live,47
KXFED-26DEC-T3.00,KXFED,hormuz_strike_pipeline_shutdown,active,binary,3.00%,Above 3.00%,3,,2025-08-06T14:30:00Z,2026-12-09T18:55:00Z,live,43
KXFED-26DEC-T2.75,KXFED,hormuz_strike_pipeline_shutdown,active,binary,2.75%,Above 2.75%,2.75,,2025-08-06T14:30:00Z,2026-12-09T18:55:00Z,live,46
KXFED-26OCT-T5.25,KXFED,hormuz_strike_pipeline_shutdown,active,binary,5.25%,Above 5.25%,5.25,,2025-08-06T14:30:00Z,2026-10-28T17:55:00Z,live,42
KXFED-26OCT-T5.00,KXFED,hormuz_strike_pipeline_shutdown,active,binary,5.00%,Above 5.00%,5,,2025-08-06T14:30:00Z,2026-10-28T17:55:00Z,live,38
KXFED-26OCT-T4.75,KXFED,hormuz_strike_pipeline_shutdown,active,binary,4.75%,Above 4.75%,4.75,,2025-08-06T14:30:00Z,2026-10-28T17:55:00Z,live,41
KXFED-26OCT-T4.50,KXFED,hormuz_strike_pipeline_shutdown,active,binary,4.50%,Above 4.50%,4.5,,2025-08-06T14:30:00Z,2026-10-28T17:55:00Z,live,44
KXFED-26OCT-T4.25,KXFED,hormuz_strike_pipeline_shutdown,active,binary,4.25%,Above 4.25%,4.25,,2025-08-06T14:30:00Z,2026-10-28T17:55:00Z,live,43
KXFED-26OCT-T4.00,KXFED,hormuz_strike_pipeline_shutdown,active,binary,4.00%,Above 4.00%,4,,2025-08-06T14:30:00Z,2026-10-28T17:55:00Z,live,49
KXFED-26OCT-T3.75,KXFED,hormuz_strike_pipeline_shutdown,active,binary,3.75%,Above 3.75%,3.75,,2025-08-06T14:30:00Z,2026-10-28T17:55:00Z,live,49
KXFED-26OCT-T3.50,KXFED,hormuz_strike_pipeline_shutdown,active,binary,3.50%,Above 3.50%,3.5,,2025-08-06T14:30:00Z,2026-10-28T17:55:00Z,live,46
KXFED-26OCT-T3.25,KXFED,hormuz_strike_pipeline_shutdown,active,binary,3.25%,Above 3.25%,3.25,,2025-08-06T14:30:00Z,2026-10-28T17:55:00Z,live,45
KXFED-26OCT-T3.00,KXFED,hormuz_strike_pipeline_shutdown,active,binary,3.00%,Above 3.00%,3,,2025-08-06T14:30:00Z,2026-10-28T17:55:00Z,live,38
KXFED-26OCT-T2.75,KXFED,hormuz_strike_pipeline_shutdown,active,binary,2.75%,Above 2.75%,2.75,,2025-08-06T14:30:00Z,2026-10-28T17:55:00Z,live,40
KXFED-26SEP-T5.25,KXFED,hormuz_strike_pipeline_shutdown,finalized,binary,5.25%,Above 5.25%,5.25,,2025-08-06T14:30:00Z,2026-09-16T17:55:00Z,live,41
KXFED-26SEP-T5.00,KXFED,hormuz_strike_pipeline_shutdown,finalized,binary,5.00%,Above 5.00%,5,,2025-08-06T14:30:00Z,2026-09-16T17:55:00Z,live,42
KXFED-26SEP-T4.75,KXFED,hormuz_strike_pipeline_shutdown,finalized,binary,4.75%,Above 4.75%,4.75,,2025-08-06T14:30:00Z,2026-09-16T17:55:00Z,live,41
KXFED-26SEP-T4.50,KXFED,hormuz_strike_pipeline_shutdown,finalized,binary,4.50%,Above 4.50%,4.5,,2025-08-06T14:30:00Z,2026-09-16T17:55:00Z,live,42
KXFED-26SEP-T4.25,KXFED,hormuz_strike_pipeline_shutdown,finalized,binary,4.25%,Above 4.25%,4.25,,2025-08-06T14:30:00Z,2026-09-16T17:55:00Z,live,44
KXFED-26SEP-T4.00,KXFED,hormuz_strike_pipeline_shutdown,finalized,binary,4.00%,Above 4.00%,4,,2025-08-06T14:30:00Z,2026-09-16T17:55:00Z,live,47
KXFED-26SEP-T3.75,KXFED,hormuz_strike_pipeline_shutdown,finalized,binary,3.75%,Above 3.75%,3.75,,2025-08-06T14:30:00Z,2026-09-16T17:55:00Z,live,47
KXFED-26SEP-T3.50,KXFED,hormuz_strike_pipeline_shutdown,finalized,binary,3.50%,Above 3.50%,3.5,,2025-08-06T14:30:00Z,2026-09-16T17:55:00Z,live,41
KXFED-26SEP-T3.25,KXFED,hormuz_strike_pipeline_shutdown,finalized,binary,3.25%,Above 3.25%,3.25,,2025-08-06T14:30:00Z,2026-09-16T17:55:00Z,live,28
KXFED-26SEP-T3.00,KXFED,hormuz_strike_pipeline_shutdown,finalized,binary,3.00%,Above 3.00%,3,,2025-08-06T14:30:00Z,2026-09-16T17:55:00Z,live,40
KXFED-26SEP-T2.75,KXFED,hormuz_strike_pipeline_shutdown,finalized,binary,2.75%,Above 2.75%,2.75,,2025-08-06T14:30:00Z,2026-09-16T17:55:00Z,live,42
KXCPI-26DEC-T0.9,KXCPI,canada_proclamations,active,binary,0.9%,Above 0.9%,0.9,,2026-09-17T15:30:00Z,2027-01-13T13:25:00Z,live,2
KXCPI-26DEC-T0.8,KXCPI,canada_proclamations,active,binary,0.8%,Above 0.8%,0.8,,2026-09-17T15:30:00Z,2027-01-13T13:25:00Z,live,2
KXCPI-26DEC-T0.7,KXCPI,canada_proclamations,active,binary,0.7%,Above 0.7%,0.7,,2026-09-17T15:30:00Z,2027-01-13T13:25:00Z,live,2
KXCPI-26DEC-T0.6,KXCPI,canada_proclamations,active,binary,0.6%,Above 0.6%,0.6,,2026-09-17T15:30:00Z,2027-01-13T13:25:00Z,live,2
KXCPI-26DEC-T0.5,KXCPI,canada_proclamations,active,binary,0.5%,Above 0.5%,0.5,,2026-09-17T15:30:00Z,2027-01-13T13:25:00Z,live,2
KXCPI-26DEC-T0.4,KXCPI,canada_proclamations,active,binary,0.4%,Above 0.4%,0.4,,2026-09-17T15:30:00Z,2027-01-13T13:25:00Z,live,2
KXCPI-26DEC-T0.3,KXCPI,canada_proclamations,active,binary,0.3%,Above 0.3%,0.3,,2026-09-17T15:30:00Z,2027-01-13T13:25:00Z,live,2
KXCPI-26DEC-T0.2,KXCPI,canada_proclamations,active,binary,0.2%,Above 0.2%,0.2,,2026-09-17T15:30:00Z,2027-01-13T13:25:00Z,live,2
KXCPI-26DEC-T0.1,KXCPI,canada_proclamations,active,binary,0.1%,Above 0.1%,0.1,,2026-09-17T15:30:00Z,2027-01-13T13:25:00Z,live,2
KXCPI-26DEC-T-0.1,KXCPI,canada_proclamations,active,binary,-0.1%,Above -0.1%,-0.1,,2026-09-17T15:30:00Z,2027-01-13T13:25:00Z,live,2
KXCPI-26DEC-T0.0,KXCPI,canada_proclamations,active,binary,0.0%,Above 0.0%,0,,2026-09-17T15:30:00Z,2027-01-13T13:25:00Z,live,2
KXCPI-26SEP-T0.9,KXCPI,canada_proclamations,active,binary,0.9%,Above 0.9%,0.9,,2026-09-17T15:30:00Z,2026-10-14T12:25:00Z,live,2
KXCPI-26SEP-T0.8,KXCPI,canada_proclamations,active,binary,0.8%,Above 0.8%,0.8,,2026-09-17T15:30:00Z,2026-10-14T12:25:00Z,live,2
KXCPI-26SEP-T0.7,KXCPI,canada_proclamations,active,binary,0.7%,Above 0.7%,0.7,,2026-09-17T15:30:00Z,2026-10-14T12:25:00Z,live,2
KXCPI-26AUG-T1.0,KXCPI,canada_proclamations,finalized,binary,1.0%,Above 1.0%,1,,2026-07-23T21:00:00Z,2026-09-11T12:25:00Z,live,35
KXCPI-26AUG-T0.9,KXCPI,canada_proclamations,finalized,binary,0.9%,Above 0.9%,0.9,,2026-07-23T21:00:00Z,2026-09-11T12:25:00Z,live,37
KXCPI-26AUG-T0.8,KXCPI,canada_proclamations,finalized,binary,0.8%,Above 0.8%,0.8,,2026-07-23T21:00:00Z,2026-09-11T12:25:00Z,live,35
KXCPI-26AUG-T0.7,KXCPI,canada_proclamations,finalized,binary,0.7%,Above 0.7%,0.7,,2026-07-23T21:00:00Z,2026-09-11T12:25:00Z,live,39
KXCPI-26AUG-T0.6,KXCPI,canada_proclamations,finalized,binary,0.6%,Above 0.6%,0.6,,2026-07-23T21:00:00Z,2026-09-11T12:25:00Z,live,39
KXCPI-26SEP-T0.6,KXCPI,canada_proclamations,active,binary,0.6%,Above 0.6%,0.6,,2026-07-20T18:00:00Z,2026-10-14T12:25:00Z,live,49
KXCPI-26SEP-T-0.4,KXCPI,canada_proclamations,active,binary,-0.4%,Above -0.4%,-0.4,,2026-07-20T18:00:00Z,2026-10-14T12:25:00Z,live,41
KXCPI-26SEP-T-0.3,KXCPI,canada_proclamations,active,binary,-0.3%,Above -0.3%,-0.3,,2026-07-20T18:00:00Z,2026-10-14T12:25:00Z,live,44
KXCPI-26SEP-T-0.2,KXCPI,canada_proclamations,active,binary,-0.2%,Above -0.2%,-0.2,,2026-07-20T18:00:00Z,2026-10-14T12:25:00Z,live,43
KXCPI-26AUG-T-0.4,KXCPI,canada_proclamations,finalized,binary,-0.4%,Above -0.4%,-0.4,,2026-07-20T18:00:00Z,2026-09-11T12:25:00Z,live,35
KXCPI-26AUG-T-0.3,KXCPI,canada_proclamations,finalized,binary,-0.3%,Above -0.3%,-0.3,,2026-07-20T18:00:00Z,2026-09-11T12:25:00Z,live,37
KXCPI-26AUG-T-0.2,KXCPI,canada_proclamations,finalized,binary,-0.2%,Above -0.2%,-0.2,,2026-07-20T18:00:00Z,2026-09-11T12:25:00Z,live,38
KXCPI-26JUL-T-0.4,KXCPI,canada_proclamations,finalized,binary,-0.4%,Above -0.4%,-0.4,,2026-06-16T17:45:00Z,2026-08-12T12:25:00Z,live,12
KXCPI-26JUL-T-0.3,KXCPI,canada_proclamations,finalized,binary,-0.3%,Above -0.3%,-0.3,,2026-06-16T17:45:00Z,2026-08-12T12:25:00Z,live,12
KXCPI-26JUL-T-0.2,KXCPI,canada_proclamations,finalized,binary,-0.2%,Above -0.2%,-0.2,,2026-06-16T17:45:00Z,2026-08-12T12:25:00Z,live,12
KXCPI-26NOV-T0.5,KXCPI,canada_proclamations,active,binary,0.5%,Above 0.5%,0.5,,2026-02-20T15:00:00Z,2026-12-10T13:25:00Z,live,33
KXCPI-26NOV-T0.4,KXCPI,canada_proclamations,active,binary,0.4%,Above 0.4%,0.4,,2026-02-20T15:00:00Z,2026-12-10T13:25:00Z,live,32
KXCPI-26NOV-T0.3,KXCPI,canada_proclamations,active,binary,0.3%,Above 0.3%,0.3,,2026-02-20T15:00:00Z,2026-12-10T13:25:00Z,live,43
KXCPI-26NOV-T0.2,KXCPI,canada_proclamations,active,binary,0.2%,Above 0.2%,0.2,,2026-02-20T15:00:00Z,2026-12-10T13:25:00Z,live,43
KXCPI-26NOV-T0.1,KXCPI,canada_proclamations,active,binary,0.1%,Above 0.1%,0.1,,2026-02-20T15:00:00Z,2026-12-10T13:25:00Z,live,42
KXCPI-26NOV-T-0.1,KXCPI,canada_proclamations,active,binary,-0.1%,Above -0.1%,-0.1,,2026-02-20T15:00:00Z,2026-12-10T13:25:00Z,live,27
KXCPI-26NOV-T0.0,KXCPI,canada_proclamations,active,binary,0.0%,Above 0.0%,0,,2026-02-20T15:00:00Z,2026-12-10T13:25:00Z,live,38
KXCPI-26OCT-T0.5,KXCPI,canada_proclamations,active,binary,0.5%,Above 0.5%,0.5,,2026-02-20T15:00:00Z,2026-11-10T13:25:00Z,live,30
KXCPI-26OCT-T0.4,KXCPI,canada_proclamations,active,binary,0.4%,Above 0.4%,0.4,,2026-02-20T15:00:00Z,2026-11-10T13:25:00Z,live,37
KXCPI-26OCT-T0.3,KXCPI,canada_proclamations,active,binary,0.3%,Above 0.3%,0.3,,2026-02-20T15:00:00Z,2026-11-10T13:25:00Z,live,47
KXCPI-26OCT-T0.2,KXCPI,canada_proclamations,active,binary,0.2%,Above 0.2%,0.2,,2026-02-20T15:00:00Z,2026-11-10T13:25:00Z,live,46
KXCPI-26OCT-T0.1,KXCPI,canada_proclamations,active,binary,0.1%,Above 0.1%,0.1,,2026-02-20T15:00:00Z,2026-11-10T13:25:00Z,live,35
KXCPI-26OCT-T-0.1,KXCPI,canada_proclamations,active,binary,-0.1%,Above -0.1%,-0.1,,2026-02-20T15:00:00Z,2026-11-10T13:25:00Z,live,41
KXCPI-26OCT-T0.0,KXCPI,canada_proclamations,active,binary,0.0%,Above 0.0%,0,,2026-02-20T15:00:00Z,2026-11-10T13:25:00Z,live,36
KXCPI-26SEP-T0.5,KXCPI,canada_proclamations,active,binary,0.5%,Above 0.5%,0.5,,2026-02-20T15:00:00Z,2026-10-14T12:25:00Z,live,45
KXCPI-26SEP-T0.4,KXCPI,canada_proclamations,active,binary,0.4%,Above 0.4%,0.4,,2026-02-20T15:00:00Z,2026-10-14T12:25:00Z,live,49
KXCPI-26SEP-T0.3,KXCPI,canada_proclamations,active,binary,0.3%,Above 0.3%,0.3,,2026-02-20T15:00:00Z,2026-10-14T12:25:00Z,live,49
KXCPI-26SEP-T0.2,KXCPI,canada_proclamations,active,binary,0.2%,Above 0.2%,0.2,,2026-02-20T15:00:00Z,2026-10-14T12:25:00Z,live,49
KXCPI-26SEP-T0.1,KXCPI,canada_proclamations,active,binary,0.1%,Above 0.1%,0.1,,2026-02-20T15:00:00Z,2026-10-14T12:25:00Z,live,46
KXCPI-26SEP-T-0.1,KXCPI,canada_proclamations,active,binary,-0.1%,Above -0.1%,-0.1,,2026-02-20T15:00:00Z,2026-10-14T12:25:00Z,live,47
KXCPI-26SEP-T0.0,KXCPI,canada_proclamations,active,binary,0.0%,Above 0.0%,0,,2026-02-20T15:00:00Z,2026-10-14T12:25:00Z,live,43
KXCPI-26AUG-T0.5,KXCPI,canada_proclamations,finalized,binary,0.5%,Above 0.5%,0.5,,2026-02-20T15:00:00Z,2026-09-11T12:25:00Z,live,39
KXCPI-26AUG-T0.4,KXCPI,canada_proclamations,finalized,binary,0.4%,Above 0.4%,0.4,,2026-02-20T15:00:00Z,2026-09-11T12:25:00Z,live,42
KXCPI-26AUG-T0.3,KXCPI,canada_proclamations,finalized,binary,0.3%,Above 0.3%,0.3,,2026-02-20T15:00:00Z,2026-09-11T12:25:00Z,live,42
KXCPI-26AUG-T0.2,KXCPI,canada_proclamations,finalized,binary,0.2%,Above 0.2%,0.2,,2026-02-20T15:00:00Z,2026-09-11T12:25:00Z,live,42
KXCPI-26AUG-T0.1,KXCPI,canada_proclamations,finalized,binary,0.1%,Above 0.1%,0.1,,2026-02-20T15:00:00Z,2026-09-11T12:25:00Z,live,41
KXCPI-26AUG-T-0.1,KXCPI,canada_proclamations,finalized,binary,-0.1%,Above -0.1%,-0.1,,2026-02-20T15:00:00Z,2026-09-11T12:25:00Z,live,33
KXCPI-26AUG-T0.0,KXCPI,canada_proclamations,finalized,binary,0.0%,Above 0.0%,0,,2026-02-20T15:00:00Z,2026-09-11T12:25:00Z,live,36
KXCPI-26JUL-T0.5,KXCPI,canada_proclamations,finalized,binary,0.5%,Above 0.5%,0.5,,2026-02-20T15:00:00Z,2026-08-12T12:25:00Z,live,12
KXCPI-26JUL-T0.4,KXCPI,canada_proclamations,finalized,binary,0.4%,Above 0.4%,0.4,,2026-02-20T15:00:00Z,2026-08-12T12:25:00Z,live,12
KXCPI-26JUL-T0.3,KXCPI,canada_proclamations,finalized,binary,0.3%,Above 0.3%,0.3,,2026-02-20T15:00:00Z,2026-08-12T12:25:00Z,live,12
KXCPI-26JUL-T0.2,KXCPI,canada_proclamations,finalized,binary,0.2%,Above 0.2%,0.2,,2026-02-20T15:00:00Z,2026-08-12T12:25:00Z,live,12
KXCPI-26JUL-T0.1,KXCPI,canada_proclamations,finalized,binary,0.1%,Above 0.1%,0.1,,2026-02-20T15:00:00Z,2026-08-12T12:25:00Z,live,12
KXCPI-26JUL-T-0.1,KXCPI,canada_proclamations,finalized,binary,-0.1%,Above -0.1%,-0.1,,2026-02-20T15:00:00Z,2026-08-12T12:25:00Z,live,12
KXCPI-26JUL-T0.0,KXCPI,canada_proclamations,finalized,binary,0.0%,Above 0.0%,0,,2026-02-20T15:00:00Z,2026-08-12T12:25:00Z,live,12
KXCPICORE-26NOV-T1.0,KXCPICORE,canada_proclamations,active,binary,1.0,Above 1.0%,1,1,2026-06-11T00:15:00Z,2026-12-10T13:25:00Z,live,7
KXCPICORE-26NOV-T0.9,KXCPICORE,canada_proclamations,active,binary,0.9,Above 0.9%,0.9,0.9,2026-06-11T00:15:00Z,2026-12-10T13:25:00Z,live,19
KXCPICORE-26NOV-T0.8,KXCPICORE,canada_proclamations,active,binary,0.8,Above 0.8%,0.8,0.8,2026-06-11T00:15:00Z,2026-12-10T13:25:00Z,live,21
KXCPICORE-26NOV-T0.7,KXCPICORE,canada_proclamations,active,binary,0.7,Above 0.7%,0.7,0.7,2026-06-11T00:15:00Z,2026-12-10T13:25:00Z,live,33
KXCPICORE-26NOV-T0.6,KXCPICORE,canada_proclamations,active,binary,0.6,Above 0.6%,0.6,0.6,2026-06-11T00:15:00Z,2026-12-10T13:25:00Z,live,32
KXCPICORE-26NOV-T0.5,KXCPICORE,canada_proclamations,active,binary,0.5,Above 0.5%,0.5,0.5,2026-06-11T00:15:00Z,2026-12-10T13:25:00Z,live,32
KXCPICORE-26NOV-T0.4,KXCPICORE,canada_proclamations,active,binary,0.4,Above 0.4%,0.4,0.4,2026-06-11T00:15:00Z,2026-12-10T13:25:00Z,live,34
KXCPICORE-26NOV-T0.3,KXCPICORE,canada_proclamations,active,binary,0.3,Above 0.3%,0.3,0.3,2026-06-11T00:15:00Z,2026-12-10T13:25:00Z,live,37
KXCPICORE-26NOV-T0.2,KXCPICORE,canada_proclamations,active,binary,0.2,Above 0.2%,0.2,0.2,2026-06-11T00:15:00Z,2026-12-10T13:25:00Z,live,47
KXCPICORE-26NOV-T0.1,KXCPICORE,canada_proclamations,active,binary,0.1,Above 0.1%,0.1,0.1,2026-06-11T00:15:00Z,2026-12-10T13:25:00Z,live,41
KXCPICORE-26NOV-T0.0,KXCPICORE,canada_proclamations,active,binary,0.0,Above 0.0%,0,0,2026-06-11T00:15:00Z,2026-12-10T13:25:00Z,live,32
KXCPICORE-26OCT-T1.0,KXCPICORE,canada_proclamations,active,binary,1.0,Above 1.0%,1,1,2026-06-10T20:00:00Z,2026-11-10T13:25:00Z,live,17
KXCPICORE-26OCT-T0.9,KXCPICORE,canada_proclamations,active,binary,0.9,Above 0.9%,0.9,0.9,2026-06-10T20:00:00Z,2026-11-10T13:25:00Z,live,12
KXCPICORE-26OCT-T0.8,KXCPICORE,canada_proclamations,active,binary,0.8,Above 0.8%,0.8,0.8,2026-06-10T20:00:00Z,2026-11-10T13:25:00Z,live,32
KXCPICORE-26OCT-T0.7,KXCPICORE,canada_proclamations,active,binary,0.7,Above 0.7%,0.7,0.7,2026-06-10T20:00:00Z,2026-11-10T13:25:00Z,live,35
KXCPICORE-26OCT-T0.6,KXCPICORE,canada_proclamations,active,binary,0.6,Above 0.6%,0.6,0.6,2026-06-10T20:00:00Z,2026-11-10T13:25:00Z,live,27
KXCPICORE-26OCT-T0.5,KXCPICORE,canada_proclamations,active,binary,0.5,Above 0.5%,0.5,0.5,2026-06-10T20:00:00Z,2026-11-10T13:25:00Z,live,25
KXCPICORE-26OCT-T0.4,KXCPICORE,canada_proclamations,active,binary,0.4,Above 0.4%,0.4,0.4,2026-06-10T20:00:00Z,2026-11-10T13:25:00Z,live,31
KXCPICORE-26OCT-T0.3,KXCPICORE,canada_proclamations,active,binary,0.3,Above 0.3%,0.3,0.3,2026-06-10T20:00:00Z,2026-11-10T13:25:00Z,live,34
KXCPICORE-26OCT-T0.2,KXCPICORE,canada_proclamations,active,binary,0.2,Above 0.2%,0.2,0.2,2026-06-10T20:00:00Z,2026-11-10T13:25:00Z,live,38
KXCPICORE-26OCT-T0.1,KXCPICORE,canada_proclamations,active,binary,0.1,Above 0.1%,0.1,0.1,2026-06-10T20:00:00Z,2026-11-10T13:25:00Z,live,38
KXCPICORE-26OCT-T0.0,KXCPICORE,canada_proclamations,active,binary,0.0,Above 0.0%,0,0,2026-06-10T20:00:00Z,2026-11-10T13:25:00Z,live,37
KXCPICORE-26SEP-T0.9,KXCPICORE,canada_proclamations,active,binary,0.9,Above 0.9%,0.9,0.9,2026-06-10T19:50:00Z,2026-10-14T12:25:00Z,live,1
KXCPICORE-26SEP-T0.8,KXCPICORE,canada_proclamations,active,binary,0.8,Above 0.8%,0.8,0.8,2026-06-10T19:50:00Z,2026-10-14T12:25:00Z,live,1
KXCPICORE-26SEP-T0.7,KXCPICORE,canada_proclamations,active,binary,0.7,Above 0.7%,0.7,0.7,2026-06-10T19:50:00Z,2026-10-14T12:25:00Z,live,30
KXCPICORE-26SEP-T0.6,KXCPICORE,canada_proclamations,active,binary,0.6,Above 0.6%,0.6,0.6,2026-06-10T19:50:00Z,2026-10-14T12:25:00Z,live,22
KXCPICORE-26SEP-T0.5,KXCPICORE,canada_proclamations,active,binary,0.5,Above 0.5%,0.5,0.5,2026-06-10T19:50:00Z,2026-10-14T12:25:00Z,live,22
KXCPICORE-26SEP-T0.4,KXCPICORE,canada_proclamations,active,binary,0.4,Above 0.4%,0.4,0.4,2026-06-10T19:50:00Z,2026-10-14T12:25:00Z,live,31
KXCPICORE-26SEP-T0.3,KXCPICORE,canada_proclamations,active,binary,0.3,Above 0.3%,0.3,0.3,2026-06-10T19:50:00Z,2026-10-14T12:25:00Z,live,33
KXCPICORE-26SEP-T0.2,KXCPICORE,canada_proclamations,active,binary,0.2,Above 0.2%,0.2,0.2,2026-06-10T19:50:00Z,2026-10-14T12:25:00Z,live,40
KXCPICORE-26SEP-T0.1,KXCPICORE,canada_proclamations,active,binary,0.1,Above 0.1%,0.1,0.1,2026-06-10T19:50:00Z,2026-10-14T12:25:00Z,live,37
KXCPICORE-26SEP-T0.0,KXCPICORE,canada_proclamations,active,binary,0.0,Above 0.0%,0,0,2026-06-10T19:50:00Z,2026-10-14T12:25:00Z,live,33
KXCPICORE-26AUG-T1.0,KXCPICORE,canada_proclamations,finalized,binary,1.0,Above 1.0%,1,1,2026-06-10T18:30:00Z,2026-09-11T12:25:00Z,live,3
KXCPICORE-26AUG-T0.9,KXCPICORE,canada_proclamations,finalized,binary,0.9,Above 0.9%,0.9,0.9,2026-06-10T18:30:00Z,2026-09-11T12:25:00Z,live,6
KXCPICORE-26AUG-T0.8,KXCPICORE,canada_proclamations,finalized,binary,0.8,Above 0.8%,0.8,0.8,2026-06-10T18:30:00Z,2026-09-11T12:25:00Z,live,34
KXCPICORE-26AUG-T0.7,KXCPICORE,canada_proclamations,finalized,binary,0.7,Above 0.7%,0.7,0.7,2026-06-10T18:30:00Z,2026-09-11T12:25:00Z,live,33
KXCPICORE-26AUG-T0.6,KXCPICORE,canada_proclamations,finalized,binary,0.6,Above 0.6%,0.6,0.6,2026-06-10T18:30:00Z,2026-09-11T12:25:00Z,live,34
KXCPICORE-26AUG-T0.5,KXCPICORE,canada_proclamations,finalized,binary,0.5,Above 0.5%,0.5,0.5,2026-06-10T18:30:00Z,2026-09-11T12:25:00Z,live,34
KXCPICORE-26AUG-T0.4,KXCPICORE,canada_proclamations,finalized,binary,0.4,Above 0.4%,0.4,0.4,2026-06-10T18:30:00Z,2026-09-11T12:25:00Z,live,24
KXCPICORE-26AUG-T0.3,KXCPICORE,canada_proclamations,finalized,binary,0.3,Above 0.3%,0.3,0.3,2026-06-10T18:30:00Z,2026-09-11T12:25:00Z,live,35
KXCPICORE-26AUG-T0.2,KXCPICORE,canada_proclamations,finalized,binary,0.2,Above 0.2%,0.2,0.2,2026-06-10T18:30:00Z,2026-09-11T12:25:00Z,live,41
KXCPICORE-26AUG-T0.1,KXCPICORE,canada_proclamations,finalized,binary,0.1,Above 0.1%,0.1,0.1,2026-06-10T18:30:00Z,2026-09-11T12:25:00Z,live,35
KXCPICORE-26AUG-T0.0,KXCPICORE,canada_proclamations,finalized,binary,0.0,Above 0.0%,0,0,2026-06-10T18:30:00Z,2026-09-11T12:25:00Z,live,36
KXCPICORE-26JUL-T1.0,KXCPICORE,canada_proclamations,finalized,binary,1.0,Above 1.0%,1,1,2026-05-12T16:00:00Z,2026-08-12T12:25:00Z,live,12
KXCPICORE-26JUL-T0.9,KXCPICORE,canada_proclamations,finalized,binary,0.9,Above 0.9%,0.9,0.9,2026-05-12T16:00:00Z,2026-08-12T12:25:00Z,live,12
KXCPICORE-26JUL-T0.8,KXCPICORE,canada_proclamations,finalized,binary,0.8,Above 0.8%,0.8,0.8,2026-05-12T16:00:00Z,2026-08-12T12:25:00Z,live,7
KXCPICORE-26JUL-T0.7,KXCPICORE,canada_proclamations,finalized,binary,0.7,Above 0.7%,0.7,0.7,2026-05-12T16:00:00Z,2026-08-12T12:25:00Z,live,12
KXCPICORE-26JUL-T0.6,KXCPICORE,canada_proclamations,finalized,binary,0.6,Above 0.6%,0.6,0.6,2026-05-12T16:00:00Z,2026-08-12T12:25:00Z,live,12
KXCPICORE-26JUL-T0.5,KXCPICORE,canada_proclamations,finalized,binary,0.5,Above 0.5%,0.5,0.5,2026-05-12T16:00:00Z,2026-08-12T12:25:00Z,live,12
KXCPICORE-26JUL-T0.4,KXCPICORE,canada_proclamations,finalized,binary,0.4,Above 0.4%,0.4,0.4,2026-05-12T16:00:00Z,2026-08-12T12:25:00Z,live,12
KXCPICORE-26JUL-T0.3,KXCPICORE,canada_proclamations,finalized,binary,0.3,Above 0.3%,0.3,0.3,2026-05-12T16:00:00Z,2026-08-12T12:25:00Z,live,11
KXCPICORE-26JUL-T0.2,KXCPICORE,canada_proclamations,finalized,binary,0.2,Above 0.2%,0.2,0.2,2026-05-12T16:00:00Z,2026-08-12T12:25:00Z,live,12
KXCPICORE-26JUL-T0.1,KXCPICORE,canada_proclamations,finalized,binary,0.1,Above 0.1%,0.1,0.1,2026-05-12T16:00:00Z,2026-08-12T12:25:00Z,live,12
KXCPICORE-26JUL-T0.0,KXCPICORE,canada_proclamations,finalized,binary,0.0,Above 0.0%,0,0,2026-05-12T16:00:00Z,2026-08-12T12:25:00Z,live,12
KXFED-27APR-T4.25,KXFED,nvda_earnings,active,binary,4.25%,Above 4.25%,4.25,,2025-10-13T14:00:00Z,2027-04-28T17:55:00Z,live,46
KXFED-27APR-T4.00,KXFED,nvda_earnings,active,binary,4.00%,Above 4.00%,4,,2025-10-13T14:00:00Z,2027-04-28T17:55:00Z,live,49
KXFED-27APR-T3.75,KXFED,nvda_earnings,active,binary,3.75%,Above 3.75%,3.75,,2025-10-13T14:00:00Z,2027-04-28T17:55:00Z,live,49
KXFED-27APR-T3.50,KXFED,nvda_earnings,active,binary,3.50%,Above 3.50%,3.5,,2025-10-13T14:00:00Z,2027-04-28T17:55:00Z,live,49
KXFED-27APR-T3.25,KXFED,nvda_earnings,active,binary,3.25%,Above 3.25%,3.25,,2025-10-13T14:00:00Z,2027-04-28T17:55:00Z,live,49
KXFED-27APR-T3.00,KXFED,nvda_earnings,active,binary,3.00%,Above 3.00%,3,,2025-10-13T14:00:00Z,2027-04-28T17:55:00Z,live,47
KXFED-27APR-T2.75,KXFED,nvda_earnings,active,binary,2.75%,Above 2.75%,2.75,,2025-10-13T14:00:00Z,2027-04-28T17:55:00Z,live,49
KXFED-27APR-T2.50,KXFED,nvda_earnings,active,binary,2.50%,Above 2.50%,2.5,,2025-10-13T14:00:00Z,2027-04-28T17:55:00Z,live,48
KXFED-27APR-T2.25,KXFED,nvda_earnings,active,binary,2.25%,Above 2.25%,2.25,,2025-10-13T14:00:00Z,2027-04-28T17:55:00Z,live,49
KXFED-27APR-T2.00,KXFED,nvda_earnings,active,binary,2.00%,Above 2.00%,2,,2025-10-13T14:00:00Z,2027-04-28T17:55:00Z,live,47
KXFED-27APR-T1.75,KXFED,nvda_earnings,active,binary,1.75%,Above 1.75%,1.75,,2025-10-13T14:00:00Z,2027-04-28T17:55:00Z,live,48
KXFED-27APR-T1.50,KXFED,nvda_earnings,active,binary,1.50%,Above 1.50%,1.5,,2025-10-13T14:00:00Z,2027-04-28T17:55:00Z,live,48
KXFED-27APR-T1.25,KXFED,nvda_earnings,active,binary,1.25%,Above 1.25%,1.25,,2025-10-13T14:00:00Z,2027-04-28T17:55:00Z,live,48
KXFED-27APR-T1.00,KXFED,nvda_earnings,active,binary,1.00%,Above 1.00%,1,,2025-10-13T14:00:00Z,2027-04-28T17:55:00Z,live,48
KXFED-27APR-T0.75,KXFED,nvda_earnings,active,binary,0.75%,Above 0.75%,0.75,,2025-10-13T14:00:00Z,2027-04-28T17:55:00Z,live,46
KXFED-27APR-T0.50,KXFED,nvda_earnings,active,binary,0.50%,Above 0.50%,0.5,,2025-10-13T14:00:00Z,2027-04-28T17:55:00Z,live,46
KXFED-27APR-T0.25,KXFED,nvda_earnings,active,binary,0.25%,Above 0.25%,0.25,,2025-10-13T14:00:00Z,2027-04-28T17:55:00Z,live,43
KXFED-27APR-T0.00,KXFED,nvda_earnings,active,binary,0.00%,Above 0.00%,0,,2025-10-13T14:00:00Z,2027-04-28T17:55:00Z,live,40
KXFED-27MAR-T4.25,KXFED,nvda_earnings,active,binary,4.25%,Above 4.25%,4.25,,2025-10-13T14:00:00Z,2027-03-17T17:55:00Z,live,46
KXFED-27MAR-T4.00,KXFED,nvda_earnings,active,binary,4.00%,Above 4.00%,4,,2025-10-13T14:00:00Z,2027-03-17T17:55:00Z,live,49
KXFED-27MAR-T3.75,KXFED,nvda_earnings,active,binary,3.75%,Above 3.75%,3.75,,2025-10-13T14:00:00Z,2027-03-17T17:55:00Z,live,43
KXFED-27MAR-T3.50,KXFED,nvda_earnings,active,binary,3.50%,Above 3.50%,3.5,,2025-10-13T14:00:00Z,2027-03-17T17:55:00Z,live,45
KXFED-27MAR-T3.25,KXFED,nvda_earnings,active,binary,3.25%,Above 3.25%,3.25,,2025-10-13T14:00:00Z,2027-03-17T17:55:00Z,live,48
KXFED-27MAR-T3.00,KXFED,nvda_earnings,active,binary,3.00%,Above 3.00%,3,,2025-10-13T14:00:00Z,2027-03-17T17:55:00Z,live,46
KXFED-27MAR-T2.75,KXFED,nvda_earnings,active,binary,2.75%,Above 2.75%,2.75,,2025-10-13T14:00:00Z,2027-03-17T17:55:00Z,live,45
KXFED-27MAR-T2.50,KXFED,nvda_earnings,active,binary,2.50%,Above 2.50%,2.5,,2025-10-13T14:00:00Z,2027-03-17T17:55:00Z,live,43
KXFED-27MAR-T2.25,KXFED,nvda_earnings,active,binary,2.25%,Above 2.25%,2.25,,2025-10-13T14:00:00Z,2027-03-17T17:55:00Z,live,45
KXFED-27MAR-T2.00,KXFED,nvda_earnings,active,binary,2.00%,Above 2.00%,2,,2025-10-13T14:00:00Z,2027-03-17T17:55:00Z,live,38
KXFED-27MAR-T1.75,KXFED,nvda_earnings,active,binary,1.75%,Above 1.75%,1.75,,2025-10-13T14:00:00Z,2027-03-17T17:55:00Z,live,41
KXFED-27MAR-T1.50,KXFED,nvda_earnings,active,binary,1.50%,Above 1.50%,1.5,,2025-10-13T14:00:00Z,2027-03-17T17:55:00Z,live,40
KXFED-27MAR-T1.25,KXFED,nvda_earnings,active,binary,1.25%,Above 1.25%,1.25,,2025-10-13T14:00:00Z,2027-03-17T17:55:00Z,live,38
KXFED-27MAR-T1.00,KXFED,nvda_earnings,active,binary,1.00%,Above 1.00%,1,,2025-10-13T14:00:00Z,2027-03-17T17:55:00Z,live,37
KXFED-27MAR-T0.75,KXFED,nvda_earnings,active,binary,0.75%,Above 0.75%,0.75,,2025-10-13T14:00:00Z,2027-03-17T17:55:00Z,live,32
KXFED-27MAR-T0.50,KXFED,nvda_earnings,active,binary,0.50%,Above 0.50%,0.5,,2025-10-13T14:00:00Z,2027-03-17T17:55:00Z,live,32
KXFED-27MAR-T0.25,KXFED,nvda_earnings,active,binary,0.25%,Above 0.25%,0.25,,2025-10-13T14:00:00Z,2027-03-17T17:55:00Z,live,36
KXFED-27MAR-T0.00,KXFED,nvda_earnings,active,binary,0.00%,Above 0.00%,0,,2025-10-13T14:00:00Z,2027-03-17T17:55:00Z,live,35
KXFED-27JAN-T4.25,KXFED,nvda_earnings,active,binary,4.25%,Above 4.25%,4.25,,2025-10-06T14:00:00Z,2027-01-27T18:55:00Z,live,44
KXFED-27JAN-T4.00,KXFED,nvda_earnings,active,binary,4.00%,Above 4.00%,4,,2025-10-06T14:00:00Z,2027-01-27T18:55:00Z,live,48
KXFED-27JAN-T3.75,KXFED,nvda_earnings,active,binary,3.75%,Above 3.75%,3.75,,2025-10-06T14:00:00Z,2027-01-27T18:55:00Z,live,47
KXFED-27JAN-T3.50,KXFED,nvda_earnings,active,binary,3.50%,Above 3.50%,3.5,,2025-10-06T14:00:00Z,2027-01-27T18:55:00Z,live,45
KXFED-27JAN-T3.25,KXFED,nvda_earnings,active,binary,3.25%,Above 3.25%,3.25,,2025-10-06T14:00:00Z,2027-01-27T18:55:00Z,live,49
KXFED-27JAN-T3.00,KXFED,nvda_earnings,active,binary,3.00%,Above 3.00%,3,,2025-10-06T14:00:00Z,2027-01-27T18:55:00Z,live,46
KXFED-27JAN-T2.75,KXFED,nvda_earnings,active,binary,2.75%,Above 2.75%,2.75,,2025-10-06T14:00:00Z,2027-01-27T18:55:00Z,live,47
KXFED-27JAN-T2.50,KXFED,nvda_earnings,active,binary,2.50%,Above 2.50%,2.5,,2025-10-06T14:00:00Z,2027-01-27T18:55:00Z,live,47
KXFED-27JAN-T2.25,KXFED,nvda_earnings,active,binary,2.25%,Above 2.25%,2.25,,2025-10-06T14:00:00Z,2027-01-27T18:55:00Z,live,43
KXFED-27JAN-T2.00,KXFED,nvda_earnings,active,binary,2.00%,Above 2.00%,2,,2025-10-06T14:00:00Z,2027-01-27T18:55:00Z,live,45
KXFED-27JAN-T1.75,KXFED,nvda_earnings,active,binary,1.75%,Above 1.75%,1.75,,2025-10-06T14:00:00Z,2027-01-27T18:55:00Z,live,43
KXFED-27JAN-T1.50,KXFED,nvda_earnings,active,binary,1.50%,Above 1.50%,1.5,,2025-10-06T14:00:00Z,2027-01-27T18:55:00Z,live,45
KXFED-27JAN-T1.25,KXFED,nvda_earnings,active,binary,1.25%,Above 1.25%,1.25,,2025-10-06T14:00:00Z,2027-01-27T18:55:00Z,live,44
KXFED-27JAN-T1.00,KXFED,nvda_earnings,active,binary,1.00%,Above 1.00%,1,,2025-10-06T14:00:00Z,2027-01-27T18:55:00Z,live,41
KXFED-27JAN-T0.75,KXFED,nvda_earnings,active,binary,0.75%,Above 0.75%,0.75,,2025-10-06T14:00:00Z,2027-01-27T18:55:00Z,live,46
KXFED-27JAN-T0.50,KXFED,nvda_earnings,active,binary,0.50%,Above 0.50%,0.5,,2025-10-06T14:00:00Z,2027-01-27T18:55:00Z,live,46
KXFED-27JAN-T0.25,KXFED,nvda_earnings,active,binary,0.25%,Above 0.25%,0.25,,2025-10-06T14:00:00Z,2027-01-27T18:55:00Z,live,43
KXFED-27JAN-T0.00,KXFED,nvda_earnings,active,binary,0.00%,Above 0.00%,0,,2025-10-06T14:00:00Z,2027-01-27T18:55:00Z,live,42
KXFED-26DEC-T5.25,KXFED,nvda_earnings,active,binary,5.25%,Above 5.25%,5.25,,2025-08-06T14:30:00Z,2026-12-09T18:55:00Z,live,30
KXFED-26DEC-T5.00,KXFED,nvda_earnings,active,binary,5.00%,Above 5.00%,5,,2025-08-06T14:30:00Z,2026-12-09T18:55:00Z,live,41
KXFED-26DEC-T4.75,KXFED,nvda_earnings,active,binary,4.75%,Above 4.75%,4.75,,2025-08-06T14:30:00Z,2026-12-09T18:55:00Z,live,34
KXFED-26DEC-T4.50,KXFED,nvda_earnings,active,binary,4.50%,Above 4.50%,4.5,,2025-08-06T14:30:00Z,2026-12-09T18:55:00Z,live,40
KXFED-26DEC-T4.25,KXFED,nvda_earnings,active,binary,4.25%,Above 4.25%,4.25,,2025-08-06T14:30:00Z,2026-12-09T18:55:00Z,live,49
KXFED-26DEC-T4.00,KXFED,nvda_earnings,active,binary,4.00%,Above 4.00%,4,,2025-08-06T14:30:00Z,2026-12-09T18:55:00Z,live,48
KXFED-26DEC-T3.75,KXFED,nvda_earnings,active,binary,3.75%,Above 3.75%,3.75,,2025-08-06T14:30:00Z,2026-12-09T18:55:00Z,live,47
KXFED-26DEC-T3.50,KXFED,nvda_earnings,active,binary,3.50%,Above 3.50%,3.5,,2025-08-06T14:30:00Z,2026-12-09T18:55:00Z,live,49
KXFED-26DEC-T3.25,KXFED,nvda_earnings,active,binary,3.25%,Above 3.25%,3.25,,2025-08-06T14:30:00Z,2026-12-09T18:55:00Z,live,47
KXFED-26DEC-T3.00,KXFED,nvda_earnings,active,binary,3.00%,Above 3.00%,3,,2025-08-06T14:30:00Z,2026-12-09T18:55:00Z,live,43
KXFED-26DEC-T2.75,KXFED,nvda_earnings,active,binary,2.75%,Above 2.75%,2.75,,2025-08-06T14:30:00Z,2026-12-09T18:55:00Z,live,46
KXFED-26OCT-T5.25,KXFED,nvda_earnings,active,binary,5.25%,Above 5.25%,5.25,,2025-08-06T14:30:00Z,2026-10-28T17:55:00Z,live,42
KXFED-26OCT-T5.00,KXFED,nvda_earnings,active,binary,5.00%,Above 5.00%,5,,2025-08-06T14:30:00Z,2026-10-28T17:55:00Z,live,38
KXFED-26OCT-T4.75,KXFED,nvda_earnings,active,binary,4.75%,Above 4.75%,4.75,,2025-08-06T14:30:00Z,2026-10-28T17:55:00Z,live,41
KXFED-26OCT-T4.50,KXFED,nvda_earnings,active,binary,4.50%,Above 4.50%,4.5,,2025-08-06T14:30:00Z,2026-10-28T17:55:00Z,live,44
KXFED-26OCT-T4.25,KXFED,nvda_earnings,active,binary,4.25%,Above 4.25%,4.25,,2025-08-06T14:30:00Z,2026-10-28T17:55:00Z,live,43
KXFED-26OCT-T4.00,KXFED,nvda_earnings,active,binary,4.00%,Above 4.00%,4,,2025-08-06T14:30:00Z,2026-10-28T17:55:00Z,live,49
KXFED-26OCT-T3.75,KXFED,nvda_earnings,active,binary,3.75%,Above 3.75%,3.75,,2025-08-06T14:30:00Z,2026-10-28T17:55:00Z,live,49
KXFED-26OCT-T3.50,KXFED,nvda_earnings,active,binary,3.50%,Above 3.50%,3.5,,2025-08-06T14:30:00Z,2026-10-28T17:55:00Z,live,46
KXFED-26OCT-T3.25,KXFED,nvda_earnings,active,binary,3.25%,Above 3.25%,3.25,,2025-08-06T14:30:00Z,2026-10-28T17:55:00Z,live,45
KXFED-26OCT-T3.00,KXFED,nvda_earnings,active,binary,3.00%,Above 3.00%,3,,2025-08-06T14:30:00Z,2026-10-28T17:55:00Z,live,38
KXFED-26OCT-T2.75,KXFED,nvda_earnings,active,binary,2.75%,Above 2.75%,2.75,,2025-08-06T14:30:00Z,2026-10-28T17:55:00Z,live,40
KXFED-26SEP-T5.25,KXFED,nvda_earnings,finalized,binary,5.25%,Above 5.25%,5.25,,2025-08-06T14:30:00Z,2026-09-16T17:55:00Z,live,41
KXFED-26SEP-T5.00,KXFED,nvda_earnings,finalized,binary,5.00%,Above 5.00%,5,,2025-08-06T14:30:00Z,2026-09-16T17:55:00Z,live,42
KXFED-26SEP-T4.75,KXFED,nvda_earnings,finalized,binary,4.75%,Above 4.75%,4.75,,2025-08-06T14:30:00Z,2026-09-16T17:55:00Z,live,41
KXFED-26SEP-T4.50,KXFED,nvda_earnings,finalized,binary,4.50%,Above 4.50%,4.5,,2025-08-06T14:30:00Z,2026-09-16T17:55:00Z,live,42
KXFED-26SEP-T4.25,KXFED,nvda_earnings,finalized,binary,4.25%,Above 4.25%,4.25,,2025-08-06T14:30:00Z,2026-09-16T17:55:00Z,live,44
KXFED-26SEP-T4.00,KXFED,nvda_earnings,finalized,binary,4.00%,Above 4.00%,4,,2025-08-06T14:30:00Z,2026-09-16T17:55:00Z,live,47
KXFED-26SEP-T3.75,KXFED,nvda_earnings,finalized,binary,3.75%,Above 3.75%,3.75,,2025-08-06T14:30:00Z,2026-09-16T17:55:00Z,live,47
KXFED-26SEP-T3.50,KXFED,nvda_earnings,finalized,binary,3.50%,Above 3.50%,3.5,,2025-08-06T14:30:00Z,2026-09-16T17:55:00Z,live,41
KXFED-26SEP-T3.25,KXFED,nvda_earnings,finalized,binary,3.25%,Above 3.25%,3.25,,2025-08-06T14:30:00Z,2026-09-16T17:55:00Z,live,28
KXFED-26SEP-T3.00,KXFED,nvda_earnings,finalized,binary,3.00%,Above 3.00%,3,,2025-08-06T14:30:00Z,2026-09-16T17:55:00Z,live,40
KXFED-26SEP-T2.75,KXFED,nvda_earnings,finalized,binary,2.75%,Above 2.75%,2.75,,2025-08-06T14:30:00Z,2026-09-16T17:55:00Z,live,42
KXFED-26JUL-T5.25,KXFED,nvda_earnings,finalized,binary,5.25%,Above 5.25%,5.25,,2025-08-06T14:30:00Z,2026-07-29T17:55:00Z,live,5
KXFED-26JUL-T5.00,KXFED,nvda_earnings,finalized,binary,5.00%,Above 5.00%,5,,2025-08-06T14:30:00Z,2026-07-29T17:55:00Z,live,5
KXFED-26JUL-T4.75,KXFED,nvda_earnings,finalized,binary,4.75%,Above 4.75%,4.75,,2025-08-06T14:30:00Z,2026-07-29T17:55:00Z,live,6
KXFED-26JUL-T4.50,KXFED,nvda_earnings,finalized,binary,4.50%,Above 4.50%,4.5,,2025-08-06T14:30:00Z,2026-07-29T17:55:00Z,live,5
KXFED-26JUL-T4.25,KXFED,nvda_earnings,finalized,binary,4.25%,Above 4.25%,4.25,,2025-08-06T14:30:00Z,2026-07-29T17:55:00Z,live,6
KXFED-26JUL-T4.00,KXFED,nvda_earnings,finalized,binary,4.00%,Above 4.00%,4,,2025-08-06T14:30:00Z,2026-07-29T17:55:00Z,live,6
KXFED-26JUL-T3.75,KXFED,nvda_earnings,finalized,binary,3.75%,Above 3.75%,3.75,,2025-08-06T14:30:00Z,2026-07-29T17:55:00Z,live,6
KXFED-26JUL-T3.50,KXFED,nvda_earnings,finalized,binary,3.50%,Above 3.50%,3.5,,2025-08-06T14:30:00Z,2026-07-29T17:55:00Z,live,6
KXFED-26JUL-T3.25,KXFED,nvda_earnings,finalized,binary,3.25%,Above 3.25%,3.25,,2025-08-06T14:30:00Z,2026-07-29T17:55:00Z,live,6
KXFED-26JUL-T3.00,KXFED,nvda_earnings,finalized,binary,3.00%,Above 3.00%,3,,2025-08-06T14:30:00Z,2026-07-29T17:55:00Z,live,6
KXFED-26JUL-T2.75,KXFED,nvda_earnings,finalized,binary,2.75%,Above 2.75%,2.75,,2025-08-06T14:30:00Z,2026-07-29T17:55:00Z,live,6
KXCPI-26AUG-T1.0,KXCPI,nvda_earnings,finalized,binary,1.0%,Above 1.0%,1,,2026-07-23T21:00:00Z,2026-09-11T12:25:00Z,live,35
KXCPI-26AUG-T0.9,KXCPI,nvda_earnings,finalized,binary,0.9%,Above 0.9%,0.9,,2026-07-23T21:00:00Z,2026-09-11T12:25:00Z,live,37
KXCPI-26AUG-T0.8,KXCPI,nvda_earnings,finalized,binary,0.8%,Above 0.8%,0.8,,2026-07-23T21:00:00Z,2026-09-11T12:25:00Z,live,35
KXCPI-26AUG-T0.7,KXCPI,nvda_earnings,finalized,binary,0.7%,Above 0.7%,0.7,,2026-07-23T21:00:00Z,2026-09-11T12:25:00Z,live,39
KXCPI-26AUG-T0.6,KXCPI,nvda_earnings,finalized,binary,0.6%,Above 0.6%,0.6,,2026-07-23T21:00:00Z,2026-09-11T12:25:00Z,live,39
KXCPI-26SEP-T0.6,KXCPI,nvda_earnings,active,binary,0.6%,Above 0.6%,0.6,,2026-07-20T18:00:00Z,2026-10-14T12:25:00Z,live,49
KXCPI-26SEP-T-0.4,KXCPI,nvda_earnings,active,binary,-0.4%,Above -0.4%,-0.4,,2026-07-20T18:00:00Z,2026-10-14T12:25:00Z,live,41
KXCPI-26SEP-T-0.3,KXCPI,nvda_earnings,active,binary,-0.3%,Above -0.3%,-0.3,,2026-07-20T18:00:00Z,2026-10-14T12:25:00Z,live,44
KXCPI-26SEP-T-0.2,KXCPI,nvda_earnings,active,binary,-0.2%,Above -0.2%,-0.2,,2026-07-20T18:00:00Z,2026-10-14T12:25:00Z,live,43
KXCPI-26AUG-T-0.4,KXCPI,nvda_earnings,finalized,binary,-0.4%,Above -0.4%,-0.4,,2026-07-20T18:00:00Z,2026-09-11T12:25:00Z,live,35
KXCPI-26AUG-T-0.3,KXCPI,nvda_earnings,finalized,binary,-0.3%,Above -0.3%,-0.3,,2026-07-20T18:00:00Z,2026-09-11T12:25:00Z,live,37
KXCPI-26AUG-T-0.2,KXCPI,nvda_earnings,finalized,binary,-0.2%,Above -0.2%,-0.2,,2026-07-20T18:00:00Z,2026-09-11T12:25:00Z,live,38
KXCPI-26JUL-T-0.4,KXCPI,nvda_earnings,finalized,binary,-0.4%,Above -0.4%,-0.4,,2026-06-16T17:45:00Z,2026-08-12T12:25:00Z,live,12
KXCPI-26JUL-T-0.3,KXCPI,nvda_earnings,finalized,binary,-0.3%,Above -0.3%,-0.3,,2026-06-16T17:45:00Z,2026-08-12T12:25:00Z,live,12
KXCPI-26JUL-T-0.2,KXCPI,nvda_earnings,finalized,binary,-0.2%,Above -0.2%,-0.2,,2026-06-16T17:45:00Z,2026-08-12T12:25:00Z,live,12
KXCPI-26JUN-T-0.3,KXCPI,nvda_earnings,finalized,binary,-0.3%,Above -0.3%,-0.3,,2026-06-08T22:00:00Z,2026-07-14T12:25:00Z,live,4
KXCPI-26JUN-T-0.2,KXCPI,nvda_earnings,finalized,binary,-0.2%,Above -0.2%,-0.2,,2026-06-08T22:00:00Z,2026-07-14T12:25:00Z,live,4
KXCPI-26NOV-T0.5,KXCPI,nvda_earnings,active,binary,0.5%,Above 0.5%,0.5,,2026-02-20T15:00:00Z,2026-12-10T13:25:00Z,live,33
KXCPI-26NOV-T0.4,KXCPI,nvda_earnings,active,binary,0.4%,Above 0.4%,0.4,,2026-02-20T15:00:00Z,2026-12-10T13:25:00Z,live,32
KXCPI-26NOV-T0.3,KXCPI,nvda_earnings,active,binary,0.3%,Above 0.3%,0.3,,2026-02-20T15:00:00Z,2026-12-10T13:25:00Z,live,43
KXCPI-26NOV-T0.2,KXCPI,nvda_earnings,active,binary,0.2%,Above 0.2%,0.2,,2026-02-20T15:00:00Z,2026-12-10T13:25:00Z,live,43
KXCPI-26NOV-T0.1,KXCPI,nvda_earnings,active,binary,0.1%,Above 0.1%,0.1,,2026-02-20T15:00:00Z,2026-12-10T13:25:00Z,live,42
KXCPI-26NOV-T-0.1,KXCPI,nvda_earnings,active,binary,-0.1%,Above -0.1%,-0.1,,2026-02-20T15:00:00Z,2026-12-10T13:25:00Z,live,27
KXCPI-26NOV-T0.0,KXCPI,nvda_earnings,active,binary,0.0%,Above 0.0%,0,,2026-02-20T15:00:00Z,2026-12-10T13:25:00Z,live,38
KXCPI-26OCT-T0.5,KXCPI,nvda_earnings,active,binary,0.5%,Above 0.5%,0.5,,2026-02-20T15:00:00Z,2026-11-10T13:25:00Z,live,30
KXCPI-26OCT-T0.4,KXCPI,nvda_earnings,active,binary,0.4%,Above 0.4%,0.4,,2026-02-20T15:00:00Z,2026-11-10T13:25:00Z,live,37
KXCPI-26OCT-T0.3,KXCPI,nvda_earnings,active,binary,0.3%,Above 0.3%,0.3,,2026-02-20T15:00:00Z,2026-11-10T13:25:00Z,live,47
KXCPI-26OCT-T0.2,KXCPI,nvda_earnings,active,binary,0.2%,Above 0.2%,0.2,,2026-02-20T15:00:00Z,2026-11-10T13:25:00Z,live,46
KXCPI-26OCT-T0.1,KXCPI,nvda_earnings,active,binary,0.1%,Above 0.1%,0.1,,2026-02-20T15:00:00Z,2026-11-10T13:25:00Z,live,35
KXCPI-26OCT-T-0.1,KXCPI,nvda_earnings,active,binary,-0.1%,Above -0.1%,-0.1,,2026-02-20T15:00:00Z,2026-11-10T13:25:00Z,live,41
KXCPI-26OCT-T0.0,KXCPI,nvda_earnings,active,binary,0.0%,Above 0.0%,0,,2026-02-20T15:00:00Z,2026-11-10T13:25:00Z,live,36
KXCPI-26SEP-T0.5,KXCPI,nvda_earnings,active,binary,0.5%,Above 0.5%,0.5,,2026-02-20T15:00:00Z,2026-10-14T12:25:00Z,live,45
KXCPI-26SEP-T0.4,KXCPI,nvda_earnings,active,binary,0.4%,Above 0.4%,0.4,,2026-02-20T15:00:00Z,2026-10-14T12:25:00Z,live,49
KXCPI-26SEP-T0.3,KXCPI,nvda_earnings,active,binary,0.3%,Above 0.3%,0.3,,2026-02-20T15:00:00Z,2026-10-14T12:25:00Z,live,49
KXCPI-26SEP-T0.2,KXCPI,nvda_earnings,active,binary,0.2%,Above 0.2%,0.2,,2026-02-20T15:00:00Z,2026-10-14T12:25:00Z,live,49
KXCPI-26SEP-T0.1,KXCPI,nvda_earnings,active,binary,0.1%,Above 0.1%,0.1,,2026-02-20T15:00:00Z,2026-10-14T12:25:00Z,live,46
KXCPI-26SEP-T-0.1,KXCPI,nvda_earnings,active,binary,-0.1%,Above -0.1%,-0.1,,2026-02-20T15:00:00Z,2026-10-14T12:25:00Z,live,47
KXCPI-26SEP-T0.0,KXCPI,nvda_earnings,active,binary,0.0%,Above 0.0%,0,,2026-02-20T15:00:00Z,2026-10-14T12:25:00Z,live,43
KXCPI-26AUG-T0.5,KXCPI,nvda_earnings,finalized,binary,0.5%,Above 0.5%,0.5,,2026-02-20T15:00:00Z,2026-09-11T12:25:00Z,live,39
KXCPI-26AUG-T0.4,KXCPI,nvda_earnings,finalized,binary,0.4%,Above 0.4%,0.4,,2026-02-20T15:00:00Z,2026-09-11T12:25:00Z,live,42
KXCPI-26AUG-T0.3,KXCPI,nvda_earnings,finalized,binary,0.3%,Above 0.3%,0.3,,2026-02-20T15:00:00Z,2026-09-11T12:25:00Z,live,42
KXCPI-26AUG-T0.2,KXCPI,nvda_earnings,finalized,binary,0.2%,Above 0.2%,0.2,,2026-02-20T15:00:00Z,2026-09-11T12:25:00Z,live,42
KXCPI-26AUG-T0.1,KXCPI,nvda_earnings,finalized,binary,0.1%,Above 0.1%,0.1,,2026-02-20T15:00:00Z,2026-09-11T12:25:00Z,live,41
KXCPI-26AUG-T-0.1,KXCPI,nvda_earnings,finalized,binary,-0.1%,Above -0.1%,-0.1,,2026-02-20T15:00:00Z,2026-09-11T12:25:00Z,live,33
KXCPI-26AUG-T0.0,KXCPI,nvda_earnings,finalized,binary,0.0%,Above 0.0%,0,,2026-02-20T15:00:00Z,2026-09-11T12:25:00Z,live,36
KXCPI-26JUL-T0.5,KXCPI,nvda_earnings,finalized,binary,0.5%,Above 0.5%,0.5,,2026-02-20T15:00:00Z,2026-08-12T12:25:00Z,live,12
KXCPI-26JUL-T0.4,KXCPI,nvda_earnings,finalized,binary,0.4%,Above 0.4%,0.4,,2026-02-20T15:00:00Z,2026-08-12T12:25:00Z,live,12
KXCPI-26JUL-T0.3,KXCPI,nvda_earnings,finalized,binary,0.3%,Above 0.3%,0.3,,2026-02-20T15:00:00Z,2026-08-12T12:25:00Z,live,12
KXCPI-26JUL-T0.2,KXCPI,nvda_earnings,finalized,binary,0.2%,Above 0.2%,0.2,,2026-02-20T15:00:00Z,2026-08-12T12:25:00Z,live,12
KXCPI-26JUL-T0.1,KXCPI,nvda_earnings,finalized,binary,0.1%,Above 0.1%,0.1,,2026-02-20T15:00:00Z,2026-08-12T12:25:00Z,live,12
KXCPI-26JUL-T-0.1,KXCPI,nvda_earnings,finalized,binary,-0.1%,Above -0.1%,-0.1,,2026-02-20T15:00:00Z,2026-08-12T12:25:00Z,live,12
KXCPI-26JUL-T0.0,KXCPI,nvda_earnings,finalized,binary,0.0%,Above 0.0%,0,,2026-02-20T15:00:00Z,2026-08-12T12:25:00Z,live,12
KXCPI-26JUN-T0.5,KXCPI,nvda_earnings,finalized,binary,0.5%,Above 0.5%,0.5,,2026-02-20T15:00:00Z,2026-07-14T12:25:00Z,live,3
KXCPI-26JUN-T0.4,KXCPI,nvda_earnings,finalized,binary,0.4%,Above 0.4%,0.4,,2026-02-20T15:00:00Z,2026-07-14T12:25:00Z,live,4
KXCPI-26JUN-T0.3,KXCPI,nvda_earnings,finalized,binary,0.3%,Above 0.3%,0.3,,2026-02-20T15:00:00Z,2026-07-14T12:25:00Z,live,3
KXCPI-26JUN-T0.2,KXCPI,nvda_earnings,finalized,binary,0.2%,Above 0.2%,0.2,,2026-02-20T15:00:00Z,2026-07-14T12:25:00Z,live,4
KXCPI-26JUN-T0.1,KXCPI,nvda_earnings,finalized,binary,0.1%,Above 0.1%,0.1,,2026-02-20T15:00:00Z,2026-07-14T12:25:00Z,live,4
KXCPI-26JUN-T-0.1,KXCPI,nvda_earnings,finalized,binary,-0.1%,Above -0.1%,-0.1,,2026-02-20T15:00:00Z,2026-07-14T12:25:00Z,live,4
KXCPI-26JUN-T0.0,KXCPI,nvda_earnings,finalized,binary,0.0%,Above 0.0%,0,,2026-02-20T15:00:00Z,2026-07-14T12:25:00Z,live,4
KXFED-27APR-T6.00,KXFED,fomc_sep_hike,active,binary,6.00%,Above 6.00%,6,,2026-09-18T15:00:00Z,2027-04-28T17:55:00Z,live,1
KXFED-27APR-T5.75,KXFED,fomc_sep_hike,active,binary,5.75%,Above 5.75%,5.75,,2026-09-18T15:00:00Z,2027-04-28T17:55:00Z,live,1
KXFED-27APR-T5.50,KXFED,fomc_sep_hike,active,binary,5.50%,Above 5.50%,5.5,,2026-09-18T15:00:00Z,2027-04-28T17:55:00Z,live,1
KXFED-27APR-T5.25,KXFED,fomc_sep_hike,active,binary,5.25%,Above 5.25%,5.25,,2026-09-18T15:00:00Z,2027-04-28T17:55:00Z,live,1
KXFED-27APR-T5.00,KXFED,fomc_sep_hike,active,binary,5.00%,Above 5.00%,5,,2026-09-18T15:00:00Z,2027-04-28T17:55:00Z,live,1
KXFED-27APR-T4.75,KXFED,fomc_sep_hike,active,binary,4.75%,Above 4.75%,4.75,,2026-09-18T15:00:00Z,2027-04-28T17:55:00Z,live,1
KXFED-27APR-T4.50,KXFED,fomc_sep_hike,active,binary,4.50%,Above 4.50%,4.5,,2026-09-18T15:00:00Z,2027-04-28T17:55:00Z,live,1
KXFED-27MAR-T6.00,KXFED,fomc_sep_hike,active,binary,6.00%,Above 6.00%,6,,2026-09-18T15:00:00Z,2027-03-17T17:55:00Z,live,1
KXFED-27MAR-T5.75,KXFED,fomc_sep_hike,active,binary,5.75%,Above 5.75%,5.75,,2026-09-18T15:00:00Z,2027-03-17T17:55:00Z,live,1
KXFED-27MAR-T5.50,KXFED,fomc_sep_hike,active,binary,5.50%,Above 5.50%,5.5,,2026-09-18T15:00:00Z,2027-03-17T17:55:00Z,live,1
KXFED-27MAR-T5.25,KXFED,fomc_sep_hike,active,binary,5.25%,Above 5.25%,5.25,,2026-09-18T15:00:00Z,2027-03-17T17:55:00Z,live,1
KXFED-27MAR-T5.00,KXFED,fomc_sep_hike,active,binary,5.00%,Above 5.00%,5,,2026-09-18T15:00:00Z,2027-03-17T17:55:00Z,live,1
KXFED-27MAR-T4.75,KXFED,fomc_sep_hike,active,binary,4.75%,Above 4.75%,4.75,,2026-09-18T15:00:00Z,2027-03-17T17:55:00Z,live,1
KXFED-27MAR-T4.50,KXFED,fomc_sep_hike,active,binary,4.50%,Above 4.50%,4.5,,2026-09-18T15:00:00Z,2027-03-17T17:55:00Z,live,1
KXFED-27JAN-T6.00,KXFED,fomc_sep_hike,active,binary,6.00%,Above 6.00%,6,,2026-09-18T15:00:00Z,2027-01-27T18:55:00Z,live,1
KXFED-27JAN-T5.75,KXFED,fomc_sep_hike,active,binary,5.75%,Above 5.75%,5.75,,2026-09-18T15:00:00Z,2027-01-27T18:55:00Z,live,1
KXFED-27JAN-T5.50,KXFED,fomc_sep_hike,active,binary,5.50%,Above 5.50%,5.5,,2026-09-18T15:00:00Z,2027-01-27T18:55:00Z,live,1
KXFED-27JAN-T5.25,KXFED,fomc_sep_hike,active,binary,5.25%,Above 5.25%,5.25,,2026-09-18T15:00:00Z,2027-01-27T18:55:00Z,live,1
KXFED-27JAN-T5.00,KXFED,fomc_sep_hike,active,binary,5.00%,Above 5.00%,5,,2026-09-18T15:00:00Z,2027-01-27T18:55:00Z,live,1
KXFED-27JAN-T4.75,KXFED,fomc_sep_hike,active,binary,4.75%,Above 4.75%,4.75,,2026-09-18T15:00:00Z,2027-01-27T18:55:00Z,live,1
KXFED-27JAN-T4.50,KXFED,fomc_sep_hike,active,binary,4.50%,Above 4.50%,4.5,,2026-09-18T15:00:00Z,2027-01-27T18:55:00Z,live,1
KXFED-28JAN-T6.00,KXFED,fomc_sep_hike,active,binary,6.00%,Above 6.00%,6,,2026-09-18T15:00:00Z,2028-01-26T18:55:00Z,live,1
KXFED-28JAN-T5.75,KXFED,fomc_sep_hike,active,binary,5.75%,Above 5.75%,5.75,,2026-09-18T15:00:00Z,2028-01-26T18:55:00Z,live,1
KXFED-28JAN-T5.50,KXFED,fomc_sep_hike,active,binary,5.50%,Above 5.50%,5.5,,2026-09-18T15:00:00Z,2028-01-26T18:55:00Z,live,1
KXFED-28JAN-T5.25,KXFED,fomc_sep_hike,active,binary,5.25%,Above 5.25%,5.25,,2026-09-18T15:00:00Z,2028-01-26T18:55:00Z,live,1
KXFED-28JAN-T5.00,KXFED,fomc_sep_hike,active,binary,5.00%,Above 5.00%,5,,2026-09-18T15:00:00Z,2028-01-26T18:55:00Z,live,1
KXFED-28JAN-T4.75,KXFED,fomc_sep_hike,active,binary,4.75%,Above 4.75%,4.75,,2026-09-18T15:00:00Z,2028-01-26T18:55:00Z,live,1
KXFED-28JAN-T4.50,KXFED,fomc_sep_hike,active,binary,4.50%,Above 4.50%,4.5,,2026-09-18T15:00:00Z,2028-01-26T18:55:00Z,live,1
KXFED-28JAN-T4.25,KXFED,fomc_sep_hike,active,binary,4.25%,Above 4.25%,4.25,,2026-09-18T15:00:00Z,2028-01-26T18:55:00Z,live,1
KXFED-28JAN-T4.00,KXFED,fomc_sep_hike,active,binary,4.00%,Above 4.00%,4,,2026-09-18T15:00:00Z,2028-01-26T18:55:00Z,live,1
KXFED-28JAN-T3.75,KXFED,fomc_sep_hike,active,binary,3.75%,Above 3.75%,3.75,,2026-09-18T15:00:00Z,2028-01-26T18:55:00Z,live,1
KXFED-28JAN-T3.50,KXFED,fomc_sep_hike,active,binary,3.50%,Above 3.50%,3.5,,2026-09-18T15:00:00Z,2028-01-26T18:55:00Z,live,1
KXFED-28JAN-T3.25,KXFED,fomc_sep_hike,active,binary,3.25%,Above 3.25%,3.25,,2026-09-18T15:00:00Z,2028-01-26T18:55:00Z,live,1
KXFED-28JAN-T3.00,KXFED,fomc_sep_hike,active,binary,3.00%,Above 3.00%,3,,2026-09-18T15:00:00Z,2028-01-26T18:55:00Z,live,1
KXFED-28JAN-T2.75,KXFED,fomc_sep_hike,active,binary,2.75%,Above 2.75%,2.75,,2026-09-18T15:00:00Z,2028-01-26T18:55:00Z,live,1
KXFED-28JAN-T2.50,KXFED,fomc_sep_hike,active,binary,2.50%,Above 2.50%,2.5,,2026-09-18T15:00:00Z,2028-01-26T18:55:00Z,live,1
KXFED-28JAN-T2.25,KXFED,fomc_sep_hike,active,binary,2.25%,Above 2.25%,2.25,,2026-09-18T15:00:00Z,2028-01-26T18:55:00Z,live,1
KXFED-28JAN-T2.00,KXFED,fomc_sep_hike,active,binary,2.00%,Above 2.00%,2,,2026-09-18T15:00:00Z,2028-01-26T18:55:00Z,live,1
KXFED-28JAN-T1.75,KXFED,fomc_sep_hike,active,binary,1.75%,Above 1.75%,1.75,,2026-09-18T15:00:00Z,2028-01-26T18:55:00Z,live,1
KXFED-28JAN-T1.50,KXFED,fomc_sep_hike,active,binary,1.50%,Above 1.50%,1.5,,2026-09-18T15:00:00Z,2028-01-26T18:55:00Z,live,1
KXFED-28JAN-T1.25,KXFED,fomc_sep_hike,active,binary,1.25%,Above 1.25%,1.25,,2026-09-18T15:00:00Z,2028-01-26T18:55:00Z,live,1
KXFED-28JAN-T1.00,KXFED,fomc_sep_hike,active,binary,1.00%,Above 1.00%,1,,2026-09-18T15:00:00Z,2028-01-26T18:55:00Z,live,1
KXFED-28JAN-T0.75,KXFED,fomc_sep_hike,active,binary,0.75%,Above 0.75%,0.75,,2026-09-18T15:00:00Z,2028-01-26T18:55:00Z,live,1
KXFED-28JAN-T0.50,KXFED,fomc_sep_hike,active,binary,0.50%,Above 0.50%,0.5,,2026-09-18T15:00:00Z,2028-01-26T18:55:00Z,live,1
KXFED-28JAN-T0.25,KXFED,fomc_sep_hike,active,binary,0.25%,Above 0.25%,0.25,,2026-09-18T15:00:00Z,2028-01-26T18:55:00Z,live,1
KXFED-28JAN-T0.00,KXFED,fomc_sep_hike,active,binary,0.00%,Above 0.00%,0,,2026-09-18T15:00:00Z,2028-01-26T18:55:00Z,live,1
KXFED-27DEC-T6.00,KXFED,fomc_sep_hike,active,binary,6.00%,Above 6.00%,6,,2026-09-18T15:00:00Z,2027-12-08T18:55:00Z,live,1
KXFED-27DEC-T5.75,KXFED,fomc_sep_hike,active,binary,5.75%,Above 5.75%,5.75,,2026-09-18T15:00:00Z,2027-12-08T18:55:00Z,live,1
KXFED-27DEC-T5.50,KXFED,fomc_sep_hike,active,binary,5.50%,Above 5.50%,5.5,,2026-09-18T15:00:00Z,2027-12-08T18:55:00Z,live,1
KXFED-27DEC-T5.25,KXFED,fomc_sep_hike,active,binary,5.25%,Above 5.25%,5.25,,2026-09-18T15:00:00Z,2027-12-08T18:55:00Z,live,1
KXFED-27DEC-T5.00,KXFED,fomc_sep_hike,active,binary,5.00%,Above 5.00%,5,,2026-09-18T15:00:00Z,2027-12-08T18:55:00Z,live,1
KXFED-27DEC-T4.75,KXFED,fomc_sep_hike,active,binary,4.75%,Above 4.75%,4.75,,2026-09-18T15:00:00Z,2027-12-08T18:55:00Z,live,1
KXFED-27DEC-T4.50,KXFED,fomc_sep_hike,active,binary,4.50%,Above 4.50%,4.5,,2026-09-18T15:00:00Z,2027-12-08T18:55:00Z,live,1
KXFED-27DEC-T4.25,KXFED,fomc_sep_hike,active,binary,4.25%,Above 4.25%,4.25,,2026-09-18T15:00:00Z,2027-12-08T18:55:00Z,live,1
KXFED-27DEC-T4.00,KXFED,fomc_sep_hike,active,binary,4.00%,Above 4.00%,4,,2026-09-18T15:00:00Z,2027-12-08T18:55:00Z,live,1
KXFED-27DEC-T3.75,KXFED,fomc_sep_hike,active,binary,3.75%,Above 3.75%,3.75,,2026-09-18T15:00:00Z,2027-12-08T18:55:00Z,live,1
KXFED-27DEC-T3.50,KXFED,fomc_sep_hike,active,binary,3.50%,Above 3.50%,3.5,,2026-09-18T15:00:00Z,2027-12-08T18:55:00Z,live,1
KXFED-27DEC-T3.25,KXFED,fomc_sep_hike,active,binary,3.25%,Above 3.25%,3.25,,2026-09-18T15:00:00Z,2027-12-08T18:55:00Z,live,1
KXFED-27DEC-T3.00,KXFED,fomc_sep_hike,active,binary,3.00%,Above 3.00%,3,,2026-09-18T15:00:00Z,2027-12-08T18:55:00Z,live,1
KXFED-27DEC-T2.75,KXFED,fomc_sep_hike,active,binary,2.75%,Above 2.75%,2.75,,2026-09-18T15:00:00Z,2027-12-08T18:55:00Z,live,1
KXFED-27DEC-T2.50,KXFED,fomc_sep_hike,active,binary,2.50%,Above 2.50%,2.5,,2026-09-18T15:00:00Z,2027-12-08T18:55:00Z,live,1
KXFED-27DEC-T2.25,KXFED,fomc_sep_hike,active,binary,2.25%,Above 2.25%,2.25,,2026-09-18T15:00:00Z,2027-12-08T18:55:00Z,live,1
KXFED-27DEC-T2.00,KXFED,fomc_sep_hike,active,binary,2.00%,Above 2.00%,2,,2026-09-18T15:00:00Z,2027-12-08T18:55:00Z,live,1
KXFED-27DEC-T1.75,KXFED,fomc_sep_hike,active,binary,1.75%,Above 1.75%,1.75,,2026-09-18T15:00:00Z,2027-12-08T18:55:00Z,live,1
KXFED-27DEC-T1.50,KXFED,fomc_sep_hike,active,binary,1.50%,Above 1.50%,1.5,,2026-09-18T15:00:00Z,2027-12-08T18:55:00Z,live,1
KXFED-27DEC-T1.25,KXFED,fomc_sep_hike,active,binary,1.25%,Above 1.25%,1.25,,2026-09-18T15:00:00Z,2027-12-08T18:55:00Z,live,1
KXFED-27DEC-T1.00,KXFED,fomc_sep_hike,active,binary,1.00%,Above 1.00%,1,,2026-09-18T15:00:00Z,2027-12-08T18:55:00Z,live,1
KXFED-27DEC-T0.75,KXFED,fomc_sep_hike,active,binary,0.75%,Above 0.75%,0.75,,2026-09-18T15:00:00Z,2027-12-08T18:55:00Z,live,1
KXFED-27DEC-T0.50,KXFED,fomc_sep_hike,active,binary,0.50%,Above 0.50%,0.5,,2026-09-18T15:00:00Z,2027-12-08T18:55:00Z,live,1
KXFED-27DEC-T0.25,KXFED,fomc_sep_hike,active,binary,0.25%,Above 0.25%,0.25,,2026-09-18T15:00:00Z,2027-12-08T18:55:00Z,live,1
KXFED-27DEC-T0.00,KXFED,fomc_sep_hike,active,binary,0.00%,Above 0.00%,0,,2026-09-18T15:00:00Z,2027-12-08T18:55:00Z,live,1
KXFED-27OCT-T6.00,KXFED,fomc_sep_hike,active,binary,6.00%,Above 6.00%,6,,2026-09-18T15:00:00Z,2027-10-27T17:55:00Z,live,1
KXFED-27OCT-T5.75,KXFED,fomc_sep_hike,active,binary,5.75%,Above 5.75%,5.75,,2026-09-18T15:00:00Z,2027-10-27T17:55:00Z,live,1
KXFED-27OCT-T5.50,KXFED,fomc_sep_hike,active,binary,5.50%,Above 5.50%,5.5,,2026-09-18T15:00:00Z,2027-10-27T17:55:00Z,live,1
KXFED-27OCT-T5.25,KXFED,fomc_sep_hike,active,binary,5.25%,Above 5.25%,5.25,,2026-09-18T15:00:00Z,2027-10-27T17:55:00Z,live,1
KXFED-27OCT-T5.00,KXFED,fomc_sep_hike,active,binary,5.00%,Above 5.00%,5,,2026-09-18T15:00:00Z,2027-10-27T17:55:00Z,live,1
KXFED-27OCT-T4.75,KXFED,fomc_sep_hike,active,binary,4.75%,Above 4.75%,4.75,,2026-09-18T15:00:00Z,2027-10-27T17:55:00Z,live,1
KXFED-27OCT-T4.50,KXFED,fomc_sep_hike,active,binary,4.50%,Above 4.50%,4.5,,2026-09-18T15:00:00Z,2027-10-27T17:55:00Z,live,1
KXFED-27OCT-T4.25,KXFED,fomc_sep_hike,active,binary,4.25%,Above 4.25%,4.25,,2026-09-18T15:00:00Z,2027-10-27T17:55:00Z,live,1
KXFED-27OCT-T4.00,KXFED,fomc_sep_hike,active,binary,4.00%,Above 4.00%,4,,2026-09-18T15:00:00Z,2027-10-27T17:55:00Z,live,1
KXFED-27OCT-T3.75,KXFED,fomc_sep_hike,active,binary,3.75%,Above 3.75%,3.75,,2026-09-18T15:00:00Z,2027-10-27T17:55:00Z,live,1
KXFED-27OCT-T3.50,KXFED,fomc_sep_hike,active,binary,3.50%,Above 3.50%,3.5,,2026-09-18T15:00:00Z,2027-10-27T17:55:00Z,live,1
KXFED-27OCT-T3.25,KXFED,fomc_sep_hike,active,binary,3.25%,Above 3.25%,3.25,,2026-09-18T15:00:00Z,2027-10-27T17:55:00Z,live,1
KXFED-27OCT-T3.00,KXFED,fomc_sep_hike,active,binary,3.00%,Above 3.00%,3,,2026-09-18T15:00:00Z,2027-10-27T17:55:00Z,live,1
KXFED-27OCT-T2.75,KXFED,fomc_sep_hike,active,binary,2.75%,Above 2.75%,2.75,,2026-09-18T15:00:00Z,2027-10-27T17:55:00Z,live,1
KXFED-27OCT-T2.50,KXFED,fomc_sep_hike,active,binary,2.50%,Above 2.50%,2.5,,2026-09-18T15:00:00Z,2027-10-27T17:55:00Z,live,1
KXFED-27OCT-T2.25,KXFED,fomc_sep_hike,active,binary,2.25%,Above 2.25%,2.25,,2026-09-18T15:00:00Z,2027-10-27T17:55:00Z,live,1
KXFED-27OCT-T2.00,KXFED,fomc_sep_hike,active,binary,2.00%,Above 2.00%,2,,2026-09-18T15:00:00Z,2027-10-27T17:55:00Z,live,1
KXFED-27OCT-T1.75,KXFED,fomc_sep_hike,active,binary,1.75%,Above 1.75%,1.75,,2026-09-18T15:00:00Z,2027-10-27T17:55:00Z,live,1
KXFED-27OCT-T1.50,KXFED,fomc_sep_hike,active,binary,1.50%,Above 1.50%,1.5,,2026-09-18T15:00:00Z,2027-10-27T17:55:00Z,live,1
KXFED-27OCT-T1.25,KXFED,fomc_sep_hike,active,binary,1.25%,Above 1.25%,1.25,,2026-09-18T15:00:00Z,2027-10-27T17:55:00Z,live,1
KXFED-27OCT-T1.00,KXFED,fomc_sep_hike,active,binary,1.00%,Above 1.00%,1,,2026-09-18T15:00:00Z,2027-10-27T17:55:00Z,live,1
KXFED-27OCT-T0.75,KXFED,fomc_sep_hike,active,binary,0.75%,Above 0.75%,0.75,,2026-09-18T15:00:00Z,2027-10-27T17:55:00Z,live,1
KXFED-27OCT-T0.50,KXFED,fomc_sep_hike,active,binary,0.50%,Above 0.50%,0.5,,2026-09-18T15:00:00Z,2027-10-27T17:55:00Z,live,1
KXFED-27OCT-T0.25,KXFED,fomc_sep_hike,active,binary,0.25%,Above 0.25%,0.25,,2026-09-18T15:00:00Z,2027-10-27T17:55:00Z,live,1
KXFED-27OCT-T0.00,KXFED,fomc_sep_hike,active,binary,0.00%,Above 0.00%,0,,2026-09-18T15:00:00Z,2027-10-27T17:55:00Z,live,1
KXFED-27SEP-T6.00,KXFED,fomc_sep_hike,active,binary,6.00%,Above 6.00%,6,,2026-09-18T15:00:00Z,2027-09-15T17:55:00Z,live,1
KXFED-27SEP-T5.75,KXFED,fomc_sep_hike,active,binary,5.75%,Above 5.75%,5.75,,2026-09-18T15:00:00Z,2027-09-15T17:55:00Z,live,1
KXFED-27SEP-T5.50,KXFED,fomc_sep_hike,active,binary,5.50%,Above 5.50%,5.5,,2026-09-18T15:00:00Z,2027-09-15T17:55:00Z,live,1
KXFED-27SEP-T5.25,KXFED,fomc_sep_hike,active,binary,5.25%,Above 5.25%,5.25,,2026-09-18T15:00:00Z,2027-09-15T17:55:00Z,live,1
KXFED-27SEP-T5.00,KXFED,fomc_sep_hike,active,binary,5.00%,Above 5.00%,5,,2026-09-18T15:00:00Z,2027-09-15T17:55:00Z,live,1
KXFED-27SEP-T4.75,KXFED,fomc_sep_hike,active,binary,4.75%,Above 4.75%,4.75,,2026-09-18T15:00:00Z,2027-09-15T17:55:00Z,live,1
KXFED-27SEP-T4.50,KXFED,fomc_sep_hike,active,binary,4.50%,Above 4.50%,4.5,,2026-09-18T15:00:00Z,2027-09-15T17:55:00Z,live,1
KXFED-27SEP-T4.25,KXFED,fomc_sep_hike,active,binary,4.25%,Above 4.25%,4.25,,2026-09-18T15:00:00Z,2027-09-15T17:55:00Z,live,1
KXFED-27SEP-T4.00,KXFED,fomc_sep_hike,active,binary,4.00%,Above 4.00%,4,,2026-09-18T15:00:00Z,2027-09-15T17:55:00Z,live,1
KXFED-27SEP-T3.75,KXFED,fomc_sep_hike,active,binary,3.75%,Above 3.75%,3.75,,2026-09-18T15:00:00Z,2027-09-15T17:55:00Z,live,1
KXFED-27SEP-T3.50,KXFED,fomc_sep_hike,active,binary,3.50%,Above 3.50%,3.5,,2026-09-18T15:00:00Z,2027-09-15T17:55:00Z,live,1
KXFED-27SEP-T3.25,KXFED,fomc_sep_hike,active,binary,3.25%,Above 3.25%,3.25,,2026-09-18T15:00:00Z,2027-09-15T17:55:00Z,live,1
KXFED-27SEP-T3.00,KXFED,fomc_sep_hike,active,binary,3.00%,Above 3.00%,3,,2026-09-18T15:00:00Z,2027-09-15T17:55:00Z,live,1
KXFED-27SEP-T2.75,KXFED,fomc_sep_hike,active,binary,2.75%,Above 2.75%,2.75,,2026-09-18T15:00:00Z,2027-09-15T17:55:00Z,live,1
KXFED-27SEP-T2.50,KXFED,fomc_sep_hike,active,binary,2.50%,Above 2.50%,2.5,,2026-09-18T15:00:00Z,2027-09-15T17:55:00Z,live,1
KXFED-27SEP-T2.25,KXFED,fomc_sep_hike,active,binary,2.25%,Above 2.25%,2.25,,2026-09-18T15:00:00Z,2027-09-15T17:55:00Z,live,1
KXFED-27SEP-T2.00,KXFED,fomc_sep_hike,active,binary,2.00%,Above 2.00%,2,,2026-09-18T15:00:00Z,2027-09-15T17:55:00Z,live,1
KXFED-27SEP-T1.75,KXFED,fomc_sep_hike,active,binary,1.75%,Above 1.75%,1.75,,2026-09-18T15:00:00Z,2027-09-15T17:55:00Z,live,1
KXFED-27SEP-T1.50,KXFED,fomc_sep_hike,active,binary,1.50%,Above 1.50%,1.5,,2026-09-18T15:00:00Z,2027-09-15T17:55:00Z,live,1
KXFED-27SEP-T1.25,KXFED,fomc_sep_hike,active,binary,1.25%,Above 1.25%,1.25,,2026-09-18T15:00:00Z,2027-09-15T17:55:00Z,live,1
KXFED-27SEP-T1.00,KXFED,fomc_sep_hike,active,binary,1.00%,Above 1.00%,1,,2026-09-18T15:00:00Z,2027-09-15T17:55:00Z,live,1
KXFED-27SEP-T0.75,KXFED,fomc_sep_hike,active,binary,0.75%,Above 0.75%,0.75,,2026-09-18T15:00:00Z,2027-09-15T17:55:00Z,live,1
KXFED-27SEP-T0.50,KXFED,fomc_sep_hike,active,binary,0.50%,Above 0.50%,0.5,,2026-09-18T15:00:00Z,2027-09-15T17:55:00Z,live,1
KXFED-27SEP-T0.25,KXFED,fomc_sep_hike,active,binary,0.25%,Above 0.25%,0.25,,2026-09-18T15:00:00Z,2027-09-15T17:55:00Z,live,1
KXFED-27SEP-T0.00,KXFED,fomc_sep_hike,active,binary,0.00%,Above 0.00%,0,,2026-09-18T15:00:00Z,2027-09-15T17:55:00Z,live,1
KXFED-27JUL-T6.00,KXFED,fomc_sep_hike,active,binary,6.00%,Above 6.00%,6,,2026-09-18T15:00:00Z,2027-07-28T17:55:00Z,live,1
KXFED-27JUL-T5.75,KXFED,fomc_sep_hike,active,binary,5.75%,Above 5.75%,5.75,,2026-09-18T15:00:00Z,2027-07-28T17:55:00Z,live,1
KXFED-27JUL-T5.50,KXFED,fomc_sep_hike,active,binary,5.50%,Above 5.50%,5.5,,2026-09-18T15:00:00Z,2027-07-28T17:55:00Z,live,1
KXFED-27JUL-T5.25,KXFED,fomc_sep_hike,active,binary,5.25%,Above 5.25%,5.25,,2026-09-18T15:00:00Z,2027-07-28T17:55:00Z,live,1
KXFED-27JUL-T5.00,KXFED,fomc_sep_hike,active,binary,5.00%,Above 5.00%,5,,2026-09-18T15:00:00Z,2027-07-28T17:55:00Z,live,1
KXFED-27JUL-T4.75,KXFED,fomc_sep_hike,active,binary,4.75%,Above 4.75%,4.75,,2026-09-18T15:00:00Z,2027-07-28T17:55:00Z,live,1
KXFED-27JUL-T4.50,KXFED,fomc_sep_hike,active,binary,4.50%,Above 4.50%,4.5,,2026-09-18T15:00:00Z,2027-07-28T17:55:00Z,live,1
KXFED-27JUL-T4.25,KXFED,fomc_sep_hike,active,binary,4.25%,Above 4.25%,4.25,,2026-09-18T15:00:00Z,2027-07-28T17:55:00Z,live,1
KXFED-27JUL-T4.00,KXFED,fomc_sep_hike,active,binary,4.00%,Above 4.00%,4,,2026-09-18T15:00:00Z,2027-07-28T17:55:00Z,live,1
KXFED-27JUL-T3.75,KXFED,fomc_sep_hike,active,binary,3.75%,Above 3.75%,3.75,,2026-09-18T15:00:00Z,2027-07-28T17:55:00Z,live,1
KXFED-27JUL-T3.50,KXFED,fomc_sep_hike,active,binary,3.50%,Above 3.50%,3.5,,2026-09-18T15:00:00Z,2027-07-28T17:55:00Z,live,1
KXFED-27JUL-T3.25,KXFED,fomc_sep_hike,active,binary,3.25%,Above 3.25%,3.25,,2026-09-18T15:00:00Z,2027-07-28T17:55:00Z,live,1
KXFED-27JUL-T3.00,KXFED,fomc_sep_hike,active,binary,3.00%,Above 3.00%,3,,2026-09-18T15:00:00Z,2027-07-28T17:55:00Z,live,1
KXFED-27JUL-T2.75,KXFED,fomc_sep_hike,active,binary,2.75%,Above 2.75%,2.75,,2026-09-18T15:00:00Z,2027-07-28T17:55:00Z,live,1
KXFED-27JUL-T2.50,KXFED,fomc_sep_hike,active,binary,2.50%,Above 2.50%,2.5,,2026-09-18T15:00:00Z,2027-07-28T17:55:00Z,live,1
KXFED-27JUL-T2.25,KXFED,fomc_sep_hike,active,binary,2.25%,Above 2.25%,2.25,,2026-09-18T15:00:00Z,2027-07-28T17:55:00Z,live,1
KXFED-27JUL-T2.00,KXFED,fomc_sep_hike,active,binary,2.00%,Above 2.00%,2,,2026-09-18T15:00:00Z,2027-07-28T17:55:00Z,live,1
KXFED-27JUL-T1.75,KXFED,fomc_sep_hike,active,binary,1.75%,Above 1.75%,1.75,,2026-09-18T15:00:00Z,2027-07-28T17:55:00Z,live,1
KXFED-27JUL-T1.50,KXFED,fomc_sep_hike,active,binary,1.50%,Above 1.50%,1.5,,2026-09-18T15:00:00Z,2027-07-28T17:55:00Z,live,1
KXFED-27JUL-T1.25,KXFED,fomc_sep_hike,active,binary,1.25%,Above 1.25%,1.25,,2026-09-18T15:00:00Z,2027-07-28T17:55:00Z,live,1
KXFED-27JUL-T1.00,KXFED,fomc_sep_hike,active,binary,1.00%,Above 1.00%,1,,2026-09-18T15:00:00Z,2027-07-28T17:55:00Z,live,1
KXFED-27JUL-T0.75,KXFED,fomc_sep_hike,active,binary,0.75%,Above 0.75%,0.75,,2026-09-18T15:00:00Z,2027-07-28T17:55:00Z,live,1
KXFED-27JUL-T0.50,KXFED,fomc_sep_hike,active,binary,0.50%,Above 0.50%,0.5,,2026-09-18T15:00:00Z,2027-07-28T17:55:00Z,live,1
KXFED-27JUL-T0.25,KXFED,fomc_sep_hike,active,binary,0.25%,Above 0.25%,0.25,,2026-09-18T15:00:00Z,2027-07-28T17:55:00Z,live,1
KXFED-27JUL-T0.00,KXFED,fomc_sep_hike,active,binary,0.00%,Above 0.00%,0,,2026-09-18T15:00:00Z,2027-07-28T17:55:00Z,live,1
KXFED-27JUN-T6.00,KXFED,fomc_sep_hike,active,binary,6.00%,Above 6.00%,6,,2026-09-18T15:00:00Z,2027-06-09T17:55:00Z,live,1
KXFED-27JUN-T5.75,KXFED,fomc_sep_hike,active,binary,5.75%,Above 5.75%,5.75,,2026-09-18T15:00:00Z,2027-06-09T17:55:00Z,live,1
KXFED-27JUN-T5.50,KXFED,fomc_sep_hike,active,binary,5.50%,Above 5.50%,5.5,,2026-09-18T15:00:00Z,2027-06-09T17:55:00Z,live,1
KXFED-27JUN-T5.25,KXFED,fomc_sep_hike,active,binary,5.25%,Above 5.25%,5.25,,2026-09-18T15:00:00Z,2027-06-09T17:55:00Z,live,1
KXFED-27JUN-T5.00,KXFED,fomc_sep_hike,active,binary,5.00%,Above 5.00%,5,,2026-09-18T15:00:00Z,2027-06-09T17:55:00Z,live,1
KXFED-27JUN-T4.75,KXFED,fomc_sep_hike,active,binary,4.75%,Above 4.75%,4.75,,2026-09-18T15:00:00Z,2027-06-09T17:55:00Z,live,1
KXFED-27JUN-T4.50,KXFED,fomc_sep_hike,active,binary,4.50%,Above 4.50%,4.5,,2026-09-18T15:00:00Z,2027-06-09T17:55:00Z,live,1
KXFED-27JUN-T4.25,KXFED,fomc_sep_hike,active,binary,4.25%,Above 4.25%,4.25,,2026-09-18T15:00:00Z,2027-06-09T17:55:00Z,live,1
KXFED-27JUN-T4.00,KXFED,fomc_sep_hike,active,binary,4.00%,Above 4.00%,4,,2026-09-18T15:00:00Z,2027-06-09T17:55:00Z,live,1
KXFED-27JUN-T3.75,KXFED,fomc_sep_hike,active,binary,3.75%,Above 3.75%,3.75,,2026-09-18T15:00:00Z,2027-06-09T17:55:00Z,live,1
KXFED-27JUN-T3.50,KXFED,fomc_sep_hike,active,binary,3.50%,Above 3.50%,3.5,,2026-09-18T15:00:00Z,2027-06-09T17:55:00Z,live,1
KXFED-27JUN-T3.25,KXFED,fomc_sep_hike,active,binary,3.25%,Above 3.25%,3.25,,2026-09-18T15:00:00Z,2027-06-09T17:55:00Z,live,1
KXFED-27JUN-T3.00,KXFED,fomc_sep_hike,active,binary,3.00%,Above 3.00%,3,,2026-09-18T15:00:00Z,2027-06-09T17:55:00Z,live,1
KXFED-27JUN-T2.75,KXFED,fomc_sep_hike,active,binary,2.75%,Above 2.75%,2.75,,2026-09-18T15:00:00Z,2027-06-09T17:55:00Z,live,1
KXFED-27JUN-T2.50,KXFED,fomc_sep_hike,active,binary,2.50%,Above 2.50%,2.5,,2026-09-18T15:00:00Z,2027-06-09T17:55:00Z,live,1
KXFED-27JUN-T2.25,KXFED,fomc_sep_hike,active,binary,2.25%,Above 2.25%,2.25,,2026-09-18T15:00:00Z,2027-06-09T17:55:00Z,live,1
KXFED-27JUN-T2.00,KXFED,fomc_sep_hike,active,binary,2.00%,Above 2.00%,2,,2026-09-18T15:00:00Z,2027-06-09T17:55:00Z,live,1
KXFED-27JUN-T1.75,KXFED,fomc_sep_hike,active,binary,1.75%,Above 1.75%,1.75,,2026-09-18T15:00:00Z,2027-06-09T17:55:00Z,live,1
KXFED-27JUN-T1.50,KXFED,fomc_sep_hike,active,binary,1.50%,Above 1.50%,1.5,,2026-09-18T15:00:00Z,2027-06-09T17:55:00Z,live,1
KXFED-27JUN-T1.25,KXFED,fomc_sep_hike,active,binary,1.25%,Above 1.25%,1.25,,2026-09-18T15:00:00Z,2027-06-09T17:55:00Z,live,1
KXFED-27JUN-T1.00,KXFED,fomc_sep_hike,active,binary,1.00%,Above 1.00%,1,,2026-09-18T15:00:00Z,2027-06-09T17:55:00Z,live,1
KXFED-27JUN-T0.75,KXFED,fomc_sep_hike,active,binary,0.75%,Above 0.75%,0.75,,2026-09-18T15:00:00Z,2027-06-09T17:55:00Z,live,1
KXFED-27JUN-T0.50,KXFED,fomc_sep_hike,active,binary,0.50%,Above 0.50%,0.5,,2026-09-18T15:00:00Z,2027-06-09T17:55:00Z,live,1
KXFED-27JUN-T0.25,KXFED,fomc_sep_hike,active,binary,0.25%,Above 0.25%,0.25,,2026-09-18T15:00:00Z,2027-06-09T17:55:00Z,live,1
KXFED-27JUN-T0.00,KXFED,fomc_sep_hike,active,binary,0.00%,Above 0.00%,0,,2026-09-18T15:00:00Z,2027-06-09T17:55:00Z,live,1
KXFED-27APR-T4.25,KXFED,fomc_sep_hike,active,binary,4.25%,Above 4.25%,4.25,,2025-10-13T14:00:00Z,2027-04-28T17:55:00Z,live,46
KXFED-27APR-T4.00,KXFED,fomc_sep_hike,active,binary,4.00%,Above 4.00%,4,,2025-10-13T14:00:00Z,2027-04-28T17:55:00Z,live,49
KXFED-27APR-T3.75,KXFED,fomc_sep_hike,active,binary,3.75%,Above 3.75%,3.75,,2025-10-13T14:00:00Z,2027-04-28T17:55:00Z,live,49
KXFED-27APR-T3.50,KXFED,fomc_sep_hike,active,binary,3.50%,Above 3.50%,3.5,,2025-10-13T14:00:00Z,2027-04-28T17:55:00Z,live,49
KXFED-27APR-T3.25,KXFED,fomc_sep_hike,active,binary,3.25%,Above 3.25%,3.25,,2025-10-13T14:00:00Z,2027-04-28T17:55:00Z,live,49
KXFED-27APR-T3.00,KXFED,fomc_sep_hike,active,binary,3.00%,Above 3.00%,3,,2025-10-13T14:00:00Z,2027-04-28T17:55:00Z,live,47
KXFED-27APR-T2.75,KXFED,fomc_sep_hike,active,binary,2.75%,Above 2.75%,2.75,,2025-10-13T14:00:00Z,2027-04-28T17:55:00Z,live,49
KXFED-27APR-T2.50,KXFED,fomc_sep_hike,active,binary,2.50%,Above 2.50%,2.5,,2025-10-13T14:00:00Z,2027-04-28T17:55:00Z,live,48
KXFED-27APR-T2.25,KXFED,fomc_sep_hike,active,binary,2.25%,Above 2.25%,2.25,,2025-10-13T14:00:00Z,2027-04-28T17:55:00Z,live,49
KXFED-27APR-T2.00,KXFED,fomc_sep_hike,active,binary,2.00%,Above 2.00%,2,,2025-10-13T14:00:00Z,2027-04-28T17:55:00Z,live,47
KXFED-27APR-T1.75,KXFED,fomc_sep_hike,active,binary,1.75%,Above 1.75%,1.75,,2025-10-13T14:00:00Z,2027-04-28T17:55:00Z,live,48
KXFED-27APR-T1.50,KXFED,fomc_sep_hike,active,binary,1.50%,Above 1.50%,1.5,,2025-10-13T14:00:00Z,2027-04-28T17:55:00Z,live,48
KXFED-27APR-T1.25,KXFED,fomc_sep_hike,active,binary,1.25%,Above 1.25%,1.25,,2025-10-13T14:00:00Z,2027-04-28T17:55:00Z,live,48
KXFED-27APR-T1.00,KXFED,fomc_sep_hike,active,binary,1.00%,Above 1.00%,1,,2025-10-13T14:00:00Z,2027-04-28T17:55:00Z,live,48
KXFED-27APR-T0.75,KXFED,fomc_sep_hike,active,binary,0.75%,Above 0.75%,0.75,,2025-10-13T14:00:00Z,2027-04-28T17:55:00Z,live,46
KXFED-27APR-T0.50,KXFED,fomc_sep_hike,active,binary,0.50%,Above 0.50%,0.5,,2025-10-13T14:00:00Z,2027-04-28T17:55:00Z,live,46
KXFED-27APR-T0.25,KXFED,fomc_sep_hike,active,binary,0.25%,Above 0.25%,0.25,,2025-10-13T14:00:00Z,2027-04-28T17:55:00Z,live,43
KXFED-27APR-T0.00,KXFED,fomc_sep_hike,active,binary,0.00%,Above 0.00%,0,,2025-10-13T14:00:00Z,2027-04-28T17:55:00Z,live,40
KXFED-27MAR-T4.25,KXFED,fomc_sep_hike,active,binary,4.25%,Above 4.25%,4.25,,2025-10-13T14:00:00Z,2027-03-17T17:55:00Z,live,46
KXFED-27MAR-T4.00,KXFED,fomc_sep_hike,active,binary,4.00%,Above 4.00%,4,,2025-10-13T14:00:00Z,2027-03-17T17:55:00Z,live,49
KXFED-27MAR-T3.75,KXFED,fomc_sep_hike,active,binary,3.75%,Above 3.75%,3.75,,2025-10-13T14:00:00Z,2027-03-17T17:55:00Z,live,43
KXFED-27MAR-T3.50,KXFED,fomc_sep_hike,active,binary,3.50%,Above 3.50%,3.5,,2025-10-13T14:00:00Z,2027-03-17T17:55:00Z,live,45
KXFED-27MAR-T3.25,KXFED,fomc_sep_hike,active,binary,3.25%,Above 3.25%,3.25,,2025-10-13T14:00:00Z,2027-03-17T17:55:00Z,live,48
KXFED-27MAR-T3.00,KXFED,fomc_sep_hike,active,binary,3.00%,Above 3.00%,3,,2025-10-13T14:00:00Z,2027-03-17T17:55:00Z,live,46
KXFED-27MAR-T2.75,KXFED,fomc_sep_hike,active,binary,2.75%,Above 2.75%,2.75,,2025-10-13T14:00:00Z,2027-03-17T17:55:00Z,live,45
KXFED-27MAR-T2.50,KXFED,fomc_sep_hike,active,binary,2.50%,Above 2.50%,2.5,,2025-10-13T14:00:00Z,2027-03-17T17:55:00Z,live,43
KXFED-27MAR-T2.25,KXFED,fomc_sep_hike,active,binary,2.25%,Above 2.25%,2.25,,2025-10-13T14:00:00Z,2027-03-17T17:55:00Z,live,45
KXFED-27MAR-T2.00,KXFED,fomc_sep_hike,active,binary,2.00%,Above 2.00%,2,,2025-10-13T14:00:00Z,2027-03-17T17:55:00Z,live,38
KXFED-27MAR-T1.75,KXFED,fomc_sep_hike,active,binary,1.75%,Above 1.75%,1.75,,2025-10-13T14:00:00Z,2027-03-17T17:55:00Z,live,41
KXFED-27MAR-T1.50,KXFED,fomc_sep_hike,active,binary,1.50%,Above 1.50%,1.5,,2025-10-13T14:00:00Z,2027-03-17T17:55:00Z,live,40
KXFED-27MAR-T1.25,KXFED,fomc_sep_hike,active,binary,1.25%,Above 1.25%,1.25,,2025-10-13T14:00:00Z,2027-03-17T17:55:00Z,live,38
KXFED-27MAR-T1.00,KXFED,fomc_sep_hike,active,binary,1.00%,Above 1.00%,1,,2025-10-13T14:00:00Z,2027-03-17T17:55:00Z,live,37
KXFED-27MAR-T0.75,KXFED,fomc_sep_hike,active,binary,0.75%,Above 0.75%,0.75,,2025-10-13T14:00:00Z,2027-03-17T17:55:00Z,live,32
KXFED-27MAR-T0.50,KXFED,fomc_sep_hike,active,binary,0.50%,Above 0.50%,0.5,,2025-10-13T14:00:00Z,2027-03-17T17:55:00Z,live,32
KXFED-27MAR-T0.25,KXFED,fomc_sep_hike,active,binary,0.25%,Above 0.25%,0.25,,2025-10-13T14:00:00Z,2027-03-17T17:55:00Z,live,36
KXFED-27MAR-T0.00,KXFED,fomc_sep_hike,active,binary,0.00%,Above 0.00%,0,,2025-10-13T14:00:00Z,2027-03-17T17:55:00Z,live,35
KXFED-27JAN-T4.25,KXFED,fomc_sep_hike,active,binary,4.25%,Above 4.25%,4.25,,2025-10-06T14:00:00Z,2027-01-27T18:55:00Z,live,44
KXFED-27JAN-T4.00,KXFED,fomc_sep_hike,active,binary,4.00%,Above 4.00%,4,,2025-10-06T14:00:00Z,2027-01-27T18:55:00Z,live,48
KXFED-27JAN-T3.75,KXFED,fomc_sep_hike,active,binary,3.75%,Above 3.75%,3.75,,2025-10-06T14:00:00Z,2027-01-27T18:55:00Z,live,47
KXFED-27JAN-T3.50,KXFED,fomc_sep_hike,active,binary,3.50%,Above 3.50%,3.5,,2025-10-06T14:00:00Z,2027-01-27T18:55:00Z,live,45
KXFED-27JAN-T3.25,KXFED,fomc_sep_hike,active,binary,3.25%,Above 3.25%,3.25,,2025-10-06T14:00:00Z,2027-01-27T18:55:00Z,live,49
KXFED-27JAN-T3.00,KXFED,fomc_sep_hike,active,binary,3.00%,Above 3.00%,3,,2025-10-06T14:00:00Z,2027-01-27T18:55:00Z,live,46
KXFED-27JAN-T2.75,KXFED,fomc_sep_hike,active,binary,2.75%,Above 2.75%,2.75,,2025-10-06T14:00:00Z,2027-01-27T18:55:00Z,live,47
KXFED-27JAN-T2.50,KXFED,fomc_sep_hike,active,binary,2.50%,Above 2.50%,2.5,,2025-10-06T14:00:00Z,2027-01-27T18:55:00Z,live,47
KXFED-27JAN-T2.25,KXFED,fomc_sep_hike,active,binary,2.25%,Above 2.25%,2.25,,2025-10-06T14:00:00Z,2027-01-27T18:55:00Z,live,43
KXFED-27JAN-T2.00,KXFED,fomc_sep_hike,active,binary,2.00%,Above 2.00%,2,,2025-10-06T14:00:00Z,2027-01-27T18:55:00Z,live,45
KXFED-27JAN-T1.75,KXFED,fomc_sep_hike,active,binary,1.75%,Above 1.75%,1.75,,2025-10-06T14:00:00Z,2027-01-27T18:55:00Z,live,43
KXFED-27JAN-T1.50,KXFED,fomc_sep_hike,active,binary,1.50%,Above 1.50%,1.5,,2025-10-06T14:00:00Z,2027-01-27T18:55:00Z,live,45
KXFED-27JAN-T1.25,KXFED,fomc_sep_hike,active,binary,1.25%,Above 1.25%,1.25,,2025-10-06T14:00:00Z,2027-01-27T18:55:00Z,live,44
KXFED-27JAN-T1.00,KXFED,fomc_sep_hike,active,binary,1.00%,Above 1.00%,1,,2025-10-06T14:00:00Z,2027-01-27T18:55:00Z,live,41
KXFED-27JAN-T0.75,KXFED,fomc_sep_hike,active,binary,0.75%,Above 0.75%,0.75,,2025-10-06T14:00:00Z,2027-01-27T18:55:00Z,live,46
KXFED-27JAN-T0.50,KXFED,fomc_sep_hike,active,binary,0.50%,Above 0.50%,0.5,,2025-10-06T14:00:00Z,2027-01-27T18:55:00Z,live,46
KXFED-27JAN-T0.25,KXFED,fomc_sep_hike,active,binary,0.25%,Above 0.25%,0.25,,2025-10-06T14:00:00Z,2027-01-27T18:55:00Z,live,43
KXFED-27JAN-T0.00,KXFED,fomc_sep_hike,active,binary,0.00%,Above 0.00%,0,,2025-10-06T14:00:00Z,2027-01-27T18:55:00Z,live,42
KXFED-26DEC-T5.25,KXFED,fomc_sep_hike,active,binary,5.25%,Above 5.25%,5.25,,2025-08-06T14:30:00Z,2026-12-09T18:55:00Z,live,30
KXFED-26DEC-T5.00,KXFED,fomc_sep_hike,active,binary,5.00%,Above 5.00%,5,,2025-08-06T14:30:00Z,2026-12-09T18:55:00Z,live,41
KXFED-26DEC-T4.75,KXFED,fomc_sep_hike,active,binary,4.75%,Above 4.75%,4.75,,2025-08-06T14:30:00Z,2026-12-09T18:55:00Z,live,34
KXFED-26DEC-T4.50,KXFED,fomc_sep_hike,active,binary,4.50%,Above 4.50%,4.5,,2025-08-06T14:30:00Z,2026-12-09T18:55:00Z,live,40
KXFED-26DEC-T4.25,KXFED,fomc_sep_hike,active,binary,4.25%,Above 4.25%,4.25,,2025-08-06T14:30:00Z,2026-12-09T18:55:00Z,live,49
KXFED-26DEC-T4.00,KXFED,fomc_sep_hike,active,binary,4.00%,Above 4.00%,4,,2025-08-06T14:30:00Z,2026-12-09T18:55:00Z,live,48
KXFED-26DEC-T3.75,KXFED,fomc_sep_hike,active,binary,3.75%,Above 3.75%,3.75,,2025-08-06T14:30:00Z,2026-12-09T18:55:00Z,live,47
KXFED-26DEC-T3.50,KXFED,fomc_sep_hike,active,binary,3.50%,Above 3.50%,3.5,,2025-08-06T14:30:00Z,2026-12-09T18:55:00Z,live,49
KXFED-26DEC-T3.25,KXFED,fomc_sep_hike,active,binary,3.25%,Above 3.25%,3.25,,2025-08-06T14:30:00Z,2026-12-09T18:55:00Z,live,47
KXFED-26DEC-T3.00,KXFED,fomc_sep_hike,active,binary,3.00%,Above 3.00%,3,,2025-08-06T14:30:00Z,2026-12-09T18:55:00Z,live,43
KXFED-26DEC-T2.75,KXFED,fomc_sep_hike,active,binary,2.75%,Above 2.75%,2.75,,2025-08-06T14:30:00Z,2026-12-09T18:55:00Z,live,46
KXFED-26OCT-T5.25,KXFED,fomc_sep_hike,active,binary,5.25%,Above 5.25%,5.25,,2025-08-06T14:30:00Z,2026-10-28T17:55:00Z,live,42
KXFED-26OCT-T5.00,KXFED,fomc_sep_hike,active,binary,5.00%,Above 5.00%,5,,2025-08-06T14:30:00Z,2026-10-28T17:55:00Z,live,38
KXFED-26OCT-T4.75,KXFED,fomc_sep_hike,active,binary,4.75%,Above 4.75%,4.75,,2025-08-06T14:30:00Z,2026-10-28T17:55:00Z,live,41
KXFED-26OCT-T4.50,KXFED,fomc_sep_hike,active,binary,4.50%,Above 4.50%,4.5,,2025-08-06T14:30:00Z,2026-10-28T17:55:00Z,live,44
KXFED-26OCT-T4.25,KXFED,fomc_sep_hike,active,binary,4.25%,Above 4.25%,4.25,,2025-08-06T14:30:00Z,2026-10-28T17:55:00Z,live,43
KXFED-26OCT-T4.00,KXFED,fomc_sep_hike,active,binary,4.00%,Above 4.00%,4,,2025-08-06T14:30:00Z,2026-10-28T17:55:00Z,live,49
KXFED-26OCT-T3.75,KXFED,fomc_sep_hike,active,binary,3.75%,Above 3.75%,3.75,,2025-08-06T14:30:00Z,2026-10-28T17:55:00Z,live,49
KXFED-26OCT-T3.50,KXFED,fomc_sep_hike,active,binary,3.50%,Above 3.50%,3.5,,2025-08-06T14:30:00Z,2026-10-28T17:55:00Z,live,46
KXFED-26OCT-T3.25,KXFED,fomc_sep_hike,active,binary,3.25%,Above 3.25%,3.25,,2025-08-06T14:30:00Z,2026-10-28T17:55:00Z,live,45
KXFED-26OCT-T3.00,KXFED,fomc_sep_hike,active,binary,3.00%,Above 3.00%,3,,2025-08-06T14:30:00Z,2026-10-28T17:55:00Z,live,38
KXFED-26OCT-T2.75,KXFED,fomc_sep_hike,active,binary,2.75%,Above 2.75%,2.75,,2025-08-06T14:30:00Z,2026-10-28T17:55:00Z,live,40
KXFED-26SEP-T5.25,KXFED,fomc_sep_hike,finalized,binary,5.25%,Above 5.25%,5.25,,2025-08-06T14:30:00Z,2026-09-16T17:55:00Z,live,41
KXFED-26SEP-T5.00,KXFED,fomc_sep_hike,finalized,binary,5.00%,Above 5.00%,5,,2025-08-06T14:30:00Z,2026-09-16T17:55:00Z,live,42
KXFED-26SEP-T4.75,KXFED,fomc_sep_hike,finalized,binary,4.75%,Above 4.75%,4.75,,2025-08-06T14:30:00Z,2026-09-16T17:55:00Z,live,41
KXFED-26SEP-T4.50,KXFED,fomc_sep_hike,finalized,binary,4.50%,Above 4.50%,4.5,,2025-08-06T14:30:00Z,2026-09-16T17:55:00Z,live,42
KXFED-26SEP-T4.25,KXFED,fomc_sep_hike,finalized,binary,4.25%,Above 4.25%,4.25,,2025-08-06T14:30:00Z,2026-09-16T17:55:00Z,live,44
KXFED-26SEP-T4.00,KXFED,fomc_sep_hike,finalized,binary,4.00%,Above 4.00%,4,,2025-08-06T14:30:00Z,2026-09-16T17:55:00Z,live,47
KXFED-26SEP-T3.75,KXFED,fomc_sep_hike,finalized,binary,3.75%,Above 3.75%,3.75,,2025-08-06T14:30:00Z,2026-09-16T17:55:00Z,live,47
KXFED-26SEP-T3.50,KXFED,fomc_sep_hike,finalized,binary,3.50%,Above 3.50%,3.5,,2025-08-06T14:30:00Z,2026-09-16T17:55:00Z,live,41
KXFED-26SEP-T3.25,KXFED,fomc_sep_hike,finalized,binary,3.25%,Above 3.25%,3.25,,2025-08-06T14:30:00Z,2026-09-16T17:55:00Z,live,28
KXFED-26SEP-T3.00,KXFED,fomc_sep_hike,finalized,binary,3.00%,Above 3.00%,3,,2025-08-06T14:30:00Z,2026-09-16T17:55:00Z,live,40
KXFED-26SEP-T2.75,KXFED,fomc_sep_hike,finalized,binary,2.75%,Above 2.75%,2.75,,2025-08-06T14:30:00Z,2026-09-16T17:55:00Z,live,42
KXSB-27-WAS,KXSB,nfl_kickoff,active,binary,,Washington,,,2026-02-08T20:00:00Z,2029-02-13T23:30:00Z,live,55
KXSB-27-TEN,KXSB,nfl_kickoff,active,binary,,Tennessee,,,2026-02-08T20:00:00Z,2029-02-13T23:30:00Z,live,55
KXSB-27-TB,KXSB,nfl_kickoff,active,binary,,Tampa Bay,,,2026-02-08T20:00:00Z,2029-02-13T23:30:00Z,live,55
KXSB-27-SF,KXSB,nfl_kickoff,active,binary,,San Francisco,,,2026-02-08T20:00:00Z,2029-02-13T23:30:00Z,live,55
KXSB-27-SEA,KXSB,nfl_kickoff,active,binary,,Seattle,,,2026-02-08T20:00:00Z,2029-02-13T23:30:00Z,live,55
KXSB-27-PIT,KXSB,nfl_kickoff,active,binary,,Pittsburgh,,,2026-02-08T20:00:00Z,2029-02-13T23:30:00Z,live,55
KXSB-27-PHI,KXSB,nfl_kickoff,active,binary,,Philadelphia,,,2026-02-08T20:00:00Z,2029-02-13T23:30:00Z,live,55
KXSB-27-NYJ,KXSB,nfl_kickoff,active,binary,,New York J,,,2026-02-08T20:00:00Z,2029-02-13T23:30:00Z,live,55
KXSB-27-NYG,KXSB,nfl_kickoff,active,binary,,New York G,,,2026-02-08T20:00:00Z,2029-02-13T23:30:00Z,live,55
KXSB-27-NO,KXSB,nfl_kickoff,active,binary,,New Orleans,,,2026-02-08T20:00:00Z,2029-02-13T23:30:00Z,live,55
KXSB-27-NE,KXSB,nfl_kickoff,active,binary,,New England,,,2026-02-08T20:00:00Z,2029-02-13T23:30:00Z,live,55
KXSB-27-MIN,KXSB,nfl_kickoff,active,binary,,Minnesota,,,2026-02-08T20:00:00Z,2029-02-13T23:30:00Z,live,55
KXSB-27-MIA,KXSB,nfl_kickoff,active,binary,,Miami,,,2026-02-08T20:00:00Z,2029-02-13T23:30:00Z,live,55
KXSB-27-LV,KXSB,nfl_kickoff,active,binary,,Las Vegas,,,2026-02-08T20:00:00Z,2029-02-13T23:30:00Z,live,55
KXSB-27-LAR,KXSB,nfl_kickoff,active,binary,,Los Angeles R,,,2026-02-08T20:00:00Z,2029-02-13T23:30:00Z,live,55
KXSB-27-LAC,KXSB,nfl_kickoff,active,binary,,Los Angeles C,,,2026-02-08T20:00:00Z,2029-02-13T23:30:00Z,live,55
KXSB-27-KC,KXSB,nfl_kickoff,active,binary,,Kansas City,,,2026-02-08T20:00:00Z,2029-02-13T23:30:00Z,live,55
KXSB-27-JAC,KXSB,nfl_kickoff,active,binary,,Jacksonville,,,2026-02-08T20:00:00Z,2029-02-13T23:30:00Z,live,55
KXSB-27-IND,KXSB,nfl_kickoff,active,binary,,Indianapolis,,,2026-02-08T20:00:00Z,2029-02-13T23:30:00Z,live,55
KXSB-27-HOU,KXSB,nfl_kickoff,active,binary,,Houston,,,2026-02-08T20:00:00Z,2029-02-13T23:30:00Z,live,55
KXSB-27-GB,KXSB,nfl_kickoff,active,binary,,Green Bay,,,2026-02-08T20:00:00Z,2029-02-13T23:30:00Z,live,55
KXSB-27-DET,KXSB,nfl_kickoff,active,binary,,Detroit,,,2026-02-08T20:00:00Z,2029-02-13T23:30:00Z,live,55
KXSB-27-DEN,KXSB,nfl_kickoff,active,binary,,Denver,,,2026-02-08T20:00:00Z,2029-02-13T23:30:00Z,live,55
KXSB-27-DAL,KXSB,nfl_kickoff,active,binary,,Dallas,,,2026-02-08T20:00:00Z,2029-02-13T23:30:00Z,live,55
KXSB-27-CLE,KXSB,nfl_kickoff,active,binary,,Cleveland,,,2026-02-08T20:00:00Z,2029-02-13T23:30:00Z,live,55
KXSB-27-CIN,KXSB,nfl_kickoff,active,binary,,Cincinnati,,,2026-02-08T20:00:00Z,2029-02-13T23:30:00Z,live,55
KXSB-27-CHI,KXSB,nfl_kickoff,active,binary,,Chicago,,,2026-02-08T20:00:00Z,2029-02-13T23:30:00Z,live,55
KXSB-27-CAR,KXSB,nfl_kickoff,active,binary,,Carolina,,,2026-02-08T20:00:00Z,2029-02-13T23:30:00Z,live,55
KXSB-27-BUF,KXSB,nfl_kickoff,active,binary,,Buffalo,,,2026-02-08T20:00:00Z,2029-02-13T23:30:00Z,live,55
KXSB-27-BAL,KXSB,nfl_kickoff,active,binary,,Baltimore,,,2026-02-08T20:00:00Z,2029-02-13T23:30:00Z,live,55
KXSB-27-ATL,KXSB,nfl_kickoff,active,binary,,Atlanta,,,2026-02-08T20:00:00Z,2029-02-13T23:30:00Z,live,55
KXSB-27-ARI,KXSB,nfl_kickoff,active,binary,Arizona,Arizona,,,2026-02-08T20:00:00Z,2029-02-13T23:30:00Z,live,55
KXNBA-27-WAS,KXNBA,nba_schedule_release,active,binary,,Washington,,,2026-06-14T08:00:00Z,2029-07-30T14:00:00Z,live,55
KXNBA-27-UTA,KXNBA,nba_schedule_release,active,binary,,Utah,,,2026-06-14T08:00:00Z,2029-07-30T14:00:00Z,live,55
KXNBA-27-TOR,KXNBA,nba_schedule_release,active,binary,,Toronto,,,2026-06-14T08:00:00Z,2029-07-30T14:00:00Z,live,55
KXNBA-27-SAS,KXNBA,nba_schedule_release,active,binary,,San Antonio,,,2026-06-14T08:00:00Z,2029-07-30T14:00:00Z,live,55
KXNBA-27-SAC,KXNBA,nba_schedule_release,active,binary,,Sacramento,,,2026-06-14T08:00:00Z,2029-07-30T14:00:00Z,live,54
KXNBA-27-POR,KXNBA,nba_schedule_release,active,binary,,Portland,,,2026-06-14T08:00:00Z,2029-07-30T14:00:00Z,live,55
KXNBA-27-PHX,KXNBA,nba_schedule_release,active,binary,,Phoenix,,,2026-06-14T08:00:00Z,2029-07-30T14:00:00Z,live,55
KXNBA-27-PHI,KXNBA,nba_schedule_release,active,binary,,Philadelphia,,,2026-06-14T08:00:00Z,2029-07-30T14:00:00Z,live,55
KXNBA-27-ORL,KXNBA,nba_schedule_release,active,binary,,Orlando,,,2026-06-14T08:00:00Z,2029-07-30T14:00:00Z,live,54
KXNBA-27-OKC,KXNBA,nba_schedule_release,active,binary,,Oklahoma City,,,2026-06-14T08:00:00Z,2029-07-30T14:00:00Z,live,55
KXNBA-27-NYK,KXNBA,nba_schedule_release,active,binary,,New York,,,2026-06-14T08:00:00Z,2029-07-30T14:00:00Z,live,55
KXNBA-27-NOP,KXNBA,nba_schedule_release,active,binary,,New Orleans,,,2026-06-14T08:00:00Z,2029-07-30T14:00:00Z,live,50
KXNBA-27-MIN,KXNBA,nba_schedule_release,active,binary,,Minnesota,,,2026-06-14T08:00:00Z,2029-07-30T14:00:00Z,live,55
KXNBA-27-MIL,KXNBA,nba_schedule_release,active,binary,,Milwaukee,,,2026-06-14T08:00:00Z,2029-07-30T14:00:00Z,live,52
KXNBA-27-MIA,KXNBA,nba_schedule_release,active,binary,,Miami,,,2026-06-14T08:00:00Z,2029-07-30T14:00:00Z,live,55
KXNBA-27-MEM,KXNBA,nba_schedule_release,active,binary,,Memphis,,,2026-06-14T08:00:00Z,2029-07-30T14:00:00Z,live,52
KXNBA-27-LAL,KXNBA,nba_schedule_release,active,binary,,Los Angeles L,,,2026-06-14T08:00:00Z,2029-07-30T14:00:00Z,live,55
KXNBA-27-LAC,KXNBA,nba_schedule_release,active,binary,,Los Angeles C,,,2026-06-14T08:00:00Z,2029-07-30T14:00:00Z,live,52
KXNBA-27-IND,KXNBA,nba_schedule_release,active,binary,,Indiana,,,2026-06-14T08:00:00Z,2029-07-30T14:00:00Z,live,55
KXNBA-27-HOU,KXNBA,nba_schedule_release,active,binary,,Houston,,,2026-06-14T08:00:00Z,2029-07-30T14:00:00Z,live,55
KXNBA-27-GSW,KXNBA,nba_schedule_release,active,binary,,Golden State,,,2026-06-14T08:00:00Z,2029-07-30T14:00:00Z,live,55
KXNBA-27-DET,KXNBA,nba_schedule_release,active,binary,,Detroit,,,2026-06-14T08:00:00Z,2029-07-30T14:00:00Z,live,55
KXNBA-27-DEN,KXNBA,nba_schedule_release,active,binary,,Denver,,,2026-06-14T08:00:00Z,2029-07-30T14:00:00Z,live,55
KXNBA-27-DAL,KXNBA,nba_schedule_release,active,binary,,Dallas,,,2026-06-14T08:00:00Z,2029-07-30T14:00:00Z,live,55
KXNBA-27-CLE,KXNBA,nba_schedule_release,active,binary,,Cleveland,,,2026-06-14T08:00:00Z,2029-07-30T14:00:00Z,live,55
KXNBA-27-CHI,KXNBA,nba_schedule_release,active,binary,,Chicago,,,2026-06-14T08:00:00Z,2029-07-30T14:00:00Z,live,54
KXNBA-27-CHA,KXNBA,nba_schedule_release,active,binary,,Charlotte,,,2026-06-14T08:00:00Z,2029-07-30T14:00:00Z,live,55
KXNBA-27-BOS,KXNBA,nba_schedule_release,active,binary,,Boston,,,2026-06-14T08:00:00Z,2029-07-30T14:00:00Z,live,55
KXNBA-27-BKN,KXNBA,nba_schedule_release,active,binary,,Brooklyn,,,2026-06-14T08:00:00Z,2029-07-30T14:00:00Z,live,52
KXNBA-27-ATL,KXNBA,nba_schedule_release,active,binary,Atlanta,Atlanta,,,2026-06-14T08:00:00Z,2029-07-30T14:00:00Z,live,55
