event_id,event_time,event_type,market_ticker,market_kind,surprise,moneyness_steps,first_report_time,exploratory
myles_garrett_to_rams,2026-06-01T17:19:00Z,unscheduled_sports,KXSB-27-WAS,sports_future,,,2026-06-01T17:19:00Z,0
myles_garrett_to_rams,2026-06-01T17:19:00Z,unscheduled_sports,KXSB-27-TEN,sports_future,,,2026-06-01T17:19:00Z,0
myles_garrett_to_rams,2026-06-01T17:19:00Z,unscheduled_sports,KXSB-27-TB,sports_future,,,2026-06-01T17:19:00Z,0
myles_garrett_to_rams,2026-06-01T17:19:00Z,unscheduled_sports,KXSB-27-SF,sports_future,,,2026-06-01T17:19:00Z,0
myles_garrett_to_rams,2026-06-01T17:19:00Z,unscheduled_sports,KXSB-27-SEA,sports_future,,,2026-06-01T17:19:00Z,0
myles_garrett_to_rams,2026-06-01T17:19:00Z,unscheduled_sports,KXSB-27-PIT,sports_future,,,2026-06-01T17:19:00Z,0
myles_garrett_to_rams,2026-06-01T17:19:00Z,unscheduled_sports,KXSB-27-PHI,sports_future,,,2026-06-01T17:19:00Z,0
myles_garrett_to_rams,2026-06-01T17:19:00Z,unscheduled_sports,KXSB-27-NYJ,sports_future,,,2026-06-01T17:19:00Z,0
myles_garrett_to_rams,2026-06-01T17:19:00Z,unscheduled_sports,KXSB-27-NYG,sports_future,,,2026-06-01T17:19:00Z,0
myles_garrett_to_rams,2026-06-01T17:19:00Z,unscheduled_sports,KXSB-27-NO,sports_future,,,2026-06-01T17:19:00Z,0
myles_garrett_to_rams,2026-06-01T17:19:00Z,unscheduled_sports,KXSB-27-NE,sports_future,,,2026-06-01T17:19:00Z,0
myles_garrett_to_rams,2026-06-01T17:19:00Z,unscheduled_sports,KXSB-27-MIN,sports_future,,,2026-06-01T17:19:00Z,0
myles_garrett_to_rams,2026-06-01T17:19:00Z,unscheduled_sports,KXSB-27-MIA,sports_future,,,2026-06-01T17:19:00Z,0
myles_garrett_to_rams,2026-06-01T17:19:00Z,unscheduled_sports,KXSB-27-LV,sports_future,,,2026-06-01T17:19:00Z,0
myles_garrett_to_rams,2026-06-01T17:19:00Z,unscheduled_sports,KXSB-27-LAR,sports_future,,,2026-06-01T17:19:00Z,0
myles_garrett_to_rams,2026-06-01T17:19:00Z,unscheduled_sports,KXSB-27-LAC,sports_future,,,2026-06-01T17:19:00Z,0
myles_garrett_to_rams,2026-06-01T17:19:00Z,unscheduled_sports,KXSB-27-KC,sports_future,,,2026-06-01T17:19:00Z,0
myles_garrett_to_rams,2026-06-01T17:19:00Z,unscheduled_sports,KXSB-27-JAC,sports_future,,,2026-06-01T17:19:00Z,0
myles_garrett_to_rams,2026-06-01T17:19:00Z,unscheduled_sports,KXSB-27-IND,sports_future,,,2026-06-01T17:19:00Z,0
myles_garrett_to_rams,2026-06-01T17:19:00Z,unscheduled_sports,KXSB-27-HOU,sports_future,,,2026-06-01T17:19:00Z,0
myles_garrett_to_rams,2026-06-01T17:19:00Z,unscheduled_sports,KXSB-27-GB,sports_future,,,2026-06-01T17:19:00Z,0
myles_garrett_to_rams,2026-06-01T17:19:00Z,unscheduled_sports,KXSB-27-DET,sports_future,,,2026-06-01T17:19:00Z,0
myles_garrett_to_rams,2026-06-01T17:19:00Z,unscheduled_sports,KXSB-27-DEN,sports_future,,,2026-06-01T17:19:00Z,0
myles_garrett_to_rams,2026-06-01T17:19:00Z,unscheduled_sports,KXSB-27-DAL,sports_future,,,2026-06-01T17:19:00Z,0
myles_garrett_to_rams,2026-06-01T17:19:00Z,unscheduled_sports,KXSB-27-CLE,sports_future,,,2026-06-01T17:19:00Z,0
myles_garrett_to_rams,2026-06-01T17:19:00Z,unscheduled_sports,KXSB-27-CIN,sports_future,,,2026-06-01T17:19:00Z,0
myles_garrett_to_rams,2026-06-01T17:19:00Z,unscheduled_sports,KXSB-27-CHI,sports_future,,,2026-06-01T17:19:00Z,0
myles_garrett_to_rams,2026-06-01T17:19:00Z,unscheduled_sports,KXSB-27-CAR,sports_future,,,2026-06-01T17:19:00Z,0
myles_garrett_to_rams,2026-06-01T17:19:00Z,unscheduled_sports,KXSB-27-BUF,sports_future,,,2026-06-01T17:19:00Z,0
myles_garrett_to_rams,2026-06-01T17:19:00Z,unscheduled_sports,KXSB-27-BAL,sports_future,,,2026-06-01T17:19:00Z,0
myles_garrett_to_rams,2026-06-01T17:19:00Z,unscheduled_sports,KXSB-27-ATL,sports_future,,,2026-06-01T17:19:00Z,0
myles_garrett_to_rams,2026-06-01T17:19:00Z,unscheduled_sports,KXSB-27-ARI,sports_future,,,2026-06-01T17:19:00Z,0
aj_brown_to_patriots,2026-06-01T20:20:00Z,unscheduled_sports,KXSB-27-WAS,sports_future,,,2026-06-01T20:20:00Z,0
aj_brown_to_patriots,2026-06-01T20:20:00Z,unscheduled_sports,KXSB-27-TEN,sports_future,,,2026-06-01T20:20:00Z,0
aj_brown_to_patriots,2026-06-01T20:20:00Z,unscheduled_sports,KXSB-27-TB,sports_future,,,2026-06-01T20:20:00Z,0
aj_brown_to_patriots,2026-06-01T20:20:00Z,unscheduled_sports,KXSB-27-SF,sports_future,,,2026-06-01T20:20:00Z,0
aj_brown_to_patriots,2026-06-01T20:20:00Z,unscheduled_sports,KXSB-27-SEA,sports_future,,,2026-06-01T20:20:00Z,0
aj_brown_to_patriots,2026-06-01T20:20:00Z,unscheduled_sports,KXSB-27-PIT,sports_future,,,2026-06-01T20:20:00Z,0
aj_brown_to_patriots,2026-06-01T20:20:00Z,unscheduled_sports,KXSB-27-PHI,sports_future,,,2026-06-01T20:20:00Z,0
aj_brown_to_patriots,2026-06-01T20:20:00Z,unscheduled_sports,KXSB-27-NYJ,sports_future,,,2026-06-01T20:20:00Z,0
aj_brown_to_patriots,2026-06-01T20:20:00Z,unscheduled_sports,KXSB-27-NYG,sports_future,,,2026-06-01T20:20:00Z,0
aj_brown_to_patriots,2026-06-01T20:20:00Z,unscheduled_sports,KXSB-27-NO,sports_future,,,2026-06-01T20:20:00Z,0
aj_brown_to_patriots,2026-06-01T20:20:00Z,unscheduled_sports,KXSB-27-NE,sports_future,,,2026-06-01T20:20:00Z,0
aj_brown_to_patriots,2026-06-01T20:20:00Z,unscheduled_sports,KXSB-27-MIN,sports_future,,,2026-06-01T20:20:00Z,0
aj_brown_to_patriots,2026-06-01T20:20:00Z,unscheduled_sports,KXSB-27-MIA,sports_future,,,2026-06-01T20:20:00Z,0
aj_brown_to_patriots,2026-06-01T20:20:00Z,unscheduled_sports,KXSB-27-LV,sports_future,,,2026-06-01T20:20:00Z,0
aj_brown_to_patriots,2026-06-01T20:20:00Z,unscheduled_sports,KXSB-27-LAR,sports_future,,,2026-06-01T20:20:00Z,0
aj_brown_to_patriots,2026-06-01T20:20:00Z,unscheduled_sports,KXSB-27-LAC,sports_future,,,2026-06-01T20:20:00Z,0
aj_brown_to_patriots,2026-06-01T20:20:00Z,unscheduled_sports,KXSB-27-KC,sports_future,,,2026-06-01T20:20:00Z,0
aj_brown_to_patriots,2026-06-01T20:20:00Z,unscheduled_sports,KXSB-27-JAC,sports_future,,,2026-06-01T20:20:00Z,0
aj_brown_to_patriots,2026-06-01T20:20:00Z,unscheduled_sports,KXSB-27-IND,sports_future,,,2026-06-01T20:20:00Z,0
aj_brown_to_patriots,2026-06-01T20:20:00Z,unscheduled_sports,KXSB-27-HOU,sports_future,,,2026-06-01T20:20:00Z,0
aj_brown_to_patriots,2026-06-01T20:20:00Z,unscheduled_sports,KXSB-27-GB,sports_future,,,2026-06-01T20:20:00Z,0
aj_brown_to_patriots,2026-06-01T20:20:00Z,unscheduled_sports,KXSB-27-DET,sports_future,,,2026-06-01T20:20:00Z,0
aj_brown_to_patriots,2026-06-01T20:20:00Z,unscheduled_sports,KXSB-27-DEN,sports_future,,,2026-06-01T20:20:00Z,0
aj_brown_to_patriots,2026-06-01T20:20:00Z,unscheduled_sports,KXSB-27-DAL,sports_future,,,2026-06-01T20:20:00Z,0
aj_brown_to_patriots,2026-06-01T20:20:00Z,unscheduled_sports,KXSB-27-CLE,sports_future,,,2026-06-01T20:20:00Z,0
aj_brown_to_patriots,2026-06-01T20:20:00Z,unscheduled_sports,KXSB-27-CIN,sports_future,,,2026-06-01T20:20:00Z,0
aj_brown_to_patriots,2026-06-01T20:20:00Z,unscheduled_sports,KXSB-27-CHI,sports_future,,,2026-06-01T20:20:00Z,0
aj_brown_to_patriots,2026-06-01T20:20:00Z,unscheduled_sports,KXSB-27-CAR,sports_future,,,2026-06-01T20:20:00Z,0
aj_brown_to_patriots,2026-06-01T20:20:00Z,unscheduled_sports,KXSB-27-BUF,sports_future,,,2026-06-01T20:20:00Z,0
aj_brown_to_patriots,2026-06-01T20:20:00Z,unscheduled_sports,KXSB-27-BAL,sports_future,,,2026-06-01T20:20:00Z,0
aj_brown_to_patriots,2026-06-01T20:20:00Z,unscheduled_sports,KXSB-27-ATL,sports_future,,,2026-06-01T20:20:00Z,0
aj_brown_to_patriots,2026-06-01T20:20:00Z,unscheduled_sports,KXSB-27-ARI,sports_future,,,2026-06-01T20:20:00Z,0
giannis_to_heat,2026-06-23T03:50:00Z,unscheduled_sports,KXNBA-27-WAS,sports_future,,,2026-06-23T03:50:00Z,0
giannis_to_heat,2026-06-23T03:50:00Z,unscheduled_sports,KXNBA-27-UTA,sports_future,,,2026-06-23T03:50:00Z,0
giannis_to_heat,2026-06-23T03:50:00Z,unscheduled_sports,KXNBA-27-TOR,sports_future,,,2026-06-23T03:50:00Z,0
giannis_to_heat,2026-06-23T03:50:00Z,unscheduled_sports,KXNBA-27-SAS,sports_future,,,2026-06-23T03:50:00Z,0
giannis_to_heat,2026-06-23T03:50:00Z,unscheduled_sports,KXNBA-27-SAC,sports_future,,,2026-06-23T03:50:00Z,0
giannis_to_heat,2026-06-23T03:50:00Z,unscheduled_sports,KXNBA-27-POR,sports_future,,,2026-06-23T03:50:00Z,0
giannis_to_heat,2026-06-23T03:50:00Z,unscheduled_sports,KXNBA-27-PHX,sports_future,,,2026-06-23T03:50:00Z,0
giannis_to_heat,2026-06-23T03:50:00Z,unscheduled_sports,KXNBA-27-PHI,sports_future,,,2026-06-23T03:50:00Z,0
giannis_to_heat,2026-06-23T03:50:00Z,unscheduled_sports,KXNBA-27-ORL,sports_future,,,2026-06-23T03:50:00Z,0
giannis_to_heat,2026-06-23T03:50:00Z,unscheduled_sports,KXNBA-27-OKC,sports_future,,,2026-06-23T03:50:00Z,0
giannis_to_heat,2026-06-23T03:50:00Z,unscheduled_sports,KXNBA-27-NYK,sports_future,,,2026-06-23T03:50:00Z,0
giannis_to_heat,2026-06-23T03:50:00Z,unscheduled_sports,KXNBA-27-NOP,sports_future,,,2026-06-23T03:50:00Z,0
giannis_to_heat,2026-06-23T03:50:00Z,unscheduled_sports,KXNBA-27-MIN,sports_future,,,2026-06-23T03:50:00Z,0
giannis_to_heat,2026-06-23T03:50:00Z,unscheduled_sports,KXNBA-27-MIL,sports_future,,,2026-06-23T03:50:00Z,0
giannis_to_heat,2026-06-23T03:50:00Z,unscheduled_sports,KXNBA-27-MIA,sports_future,,,2026-06-23T03:50:00Z,0
giannis_to_heat,2026-06-23T03:50:00Z,unscheduled_sports,KXNBA-27-MEM,sports_future,,,2026-06-23T03:50:00Z,0
giannis_to_heat,2026-06-23T03:50:00Z,unscheduled_sports,KXNBA-27-LAL,sports_future,,,2026-06-23T03:50:00Z,0
giannis_to_heat,2026-06-23T03:50:00Z,unscheduled_sports,KXNBA-27-LAC,sports_future,,,2026-06-23T03:50:00Z,0
giannis_to_heat,2026-06-23T03:50:00Z,unscheduled_sports,KXNBA-27-IND,sports_future,,,2026-06-23T03:50:00Z,0
giannis_to_heat,2026-06-23T03:50:00Z,unscheduled_sports,KXNBA-27-HOU,sports_future,,,2026-06-23T03:50:00Z,0
giannis_to_heat,2026-06-23T03:50:00Z,unscheduled_sports,KXNBA-27-GSW,sports_future,,,2026-06-23T03:50:00Z,0
giannis_to_heat,2026-06-23T03:50:00Z,unscheduled_sports,KXNBA-27-DET,sports_future,,,2026-06-23T03:50:00Z,0
giannis_to_heat,2026-06-23T03:50:00Z,unscheduled_sports,KXNBA-27-DEN,sports_future,,,2026-06-23T03:50:00Z,0
giannis_to_heat,2026-06-23T03:50:00Z,unscheduled_sports,KXNBA-27-DAL,sports_future,,,2026-06-23T03:50:00Z,0
giannis_to_heat,2026-06-23T03:50:00Z,unscheduled_sports,KXNBA-27-CLE,sports_future,,,2026-06-23T03:50:00Z,0
giannis_to_heat,2026-06-23T03:50:00Z,unscheduled_sports,KXNBA-27-CHI,sports_future,,,2026-06-23T03:50:00Z,0
giannis_to_heat,2026-06-23T03:50:00Z,unscheduled_sports,KXNBA-27-CHA,sports_future,,,2026-06-23T03:50:00Z,0
giannis_to_heat,2026-06-23T03:50:00Z,unscheduled_sports,KXNBA-27-BOS,sports_future,,,2026-06-23T03:50:00Z,0
giannis_to_heat,2026-06-23T03:50:00Z,unscheduled_sports,KXNBA-27-BKN,sports_future,,,2026-06-23T03:50:00Z,0
giannis_to_heat,2026-06-23T03:50:00Z,unscheduled_sports,KXNBA-27-ATL,sports_future,,,2026-06-23T03:50:00Z,0
giannis_to_heat,2026-06-23T03:50:00Z,unscheduled_sports,KXNBA-26-SAS,sports_future,,,2026-06-23T03:50:00Z,0
giannis_to_heat,2026-06-23T03:50:00Z,unscheduled_sports,KXNBA-26-PHI,sports_future,,,2026-06-23T03:50:00Z,0
giannis_to_heat,2026-06-23T03:50:00Z,unscheduled_sports,KXNBA-26-OKC,sports_future,,,2026-06-23T03:50:00Z,0
giannis_to_heat,2026-06-23T03:50:00Z,unscheduled_sports,KXNBA-26-NYK,sports_future,,,2026-06-23T03:50:00Z,0
giannis_to_heat,2026-06-23T03:50:00Z,unscheduled_sports,KXNBA-26-MIN,sports_future,,,2026-06-23T03:50:00Z,0
giannis_to_heat,2026-06-23T03:50:00Z,unscheduled_sports,KXNBA-26-LAL,sports_future,,,2026-06-23T03:50:00Z,0
giannis_to_heat,2026-06-23T03:50:00Z,unscheduled_sports,KXNBA-26-DET,sports_future,,,2026-06-23T03:50:00Z,0
giannis_to_heat,2026-06-23T03:50:00Z,unscheduled_sports,KXNBA-26-CLE,sports_future,,,2026-06-23T03:50:00Z,0
jaylen_brown_to_76ers,2026-07-01T22:20:00Z,unscheduled_sports,KXNBA-27-WAS,sports_future,,,2026-07-01T22:20:00Z,0
jaylen_brown_to_76ers,2026-07-01T22:20:00Z,unscheduled_sports,KXNBA-27-UTA,sports_future,,,2026-07-01T22:20:00Z,0
jaylen_brown_to_76ers,2026-07-01T22:20:00Z,unscheduled_sports,KXNBA-27-TOR,sports_future,,,2026-07-01T22:20:00Z,0
jaylen_brown_to_76ers,2026-07-01T22:20:00Z,unscheduled_sports,KXNBA-27-SAS,sports_future,,,2026-07-01T22:20:00Z,0
jaylen_brown_to_76ers,2026-07-01T22:20:00Z,unscheduled_sports,KXNBA-27-SAC,sports_future,,,2026-07-01T22:20:00Z,0
jaylen_brown_to_76ers,2026-07-01T22:20:00Z,unscheduled_sports,KXNBA-27-POR,sports_future,,,2026-07-01T22:20:00Z,0
jaylen_brown_to_76ers,2026-07-01T22:20:00Z,unscheduled_sports,KXNBA-27-PHX,sports_future,,,2026-07-01T22:20:00Z,0
jaylen_brown_to_76ers,2026-07-01T22:20:00Z,unscheduled_sports,KXNBA-27-PHI,sports_future,,,2026-07-01T22:20:00Z,0
jaylen_brown_to_76ers,2026-07-01T22:20:00Z,unscheduled_sports,KXNBA-27-ORL,sports_future,,,2026-07-01T22:20:00Z,0
jaylen_brown_to_76ers,2026-07-01T22:20:00Z,unscheduled_sports,KXNBA-27-OKC,sports_future,,,2026-07-01T22:20:00Z,0
jaylen_brown_to_76ers,2026-07-01T22:20:00Z,unscheduled_sports,KXNBA-27-NYK,sports_future,,,2026-07-01T22:20:00Z,0
jaylen_brown_to_76ers,2026-07-01T22:20:00Z,unscheduled_sports,KXNBA-27-NOP,sports_future,,,2026-07-01T22:20:00Z,0
jaylen_brown_to_76ers,2026-07-01T22:20:00Z,unscheduled_sports,KXNBA-27-MIN,sports_future,,,2026-07-01T22:20:00Z,0
jaylen_brown_to_76ers,2026-07-01T22:20:00Z,unscheduled_sports,KXNBA-27-MIL,sports_future,,,2026-07-01T22:20:00Z,0
jaylen_brown_to_76ers,2026-07-01T22:20:00Z,unscheduled_sports,KXNBA-27-MIA,sports_future,,,2026-07-01T22:20:00Z,0
jaylen_brown_to_76ers,2026-07-01T22:20:00Z,unscheduled_sports,KXNBA-27-MEM,sports_future,,,2026-07-01T22:20:00Z,0
jaylen_brown_to_76ers,2026-07-01T22:20:00Z,unscheduled_sports,KXNBA-27-LAL,sports_future,,,2026-07-01T22:20:00Z,0
jaylen_brown_to_76ers,2026-07-01T22:20:00Z,unscheduled_sports,KXNBA-27-LAC,sports_future,,,2026-07-01T22:20:00Z,0
jaylen_brown_to_76ers,2026-07-01T22:20:00Z,unscheduled_sports,KXNBA-27-IND,sports_future,,,2026-07-01T22:20:00Z,0
jaylen_brown_to_76ers,2026-07-01T22:20:00Z,unscheduled_sports,KXNBA-27-HOU,sports_future,,,2026-07-01T22:20:00Z,0
jaylen_brown_to_76ers,2026-07-01T22:20:00Z,unscheduled_sports,KXNBA-27-GSW,sports_future,,,2026-07-01T22:20:00Z,0
jaylen_brown_to_76ers,2026-07-01T22:20:00Z,unscheduled_sports,KXNBA-27-DET,sports_future,,,2026-07-01T22:20:00Z,0
jaylen_brown_to_76ers,2026-07-01T22:20:00Z,unscheduled_sports,KXNBA-27-DEN,sports_future,,,2026-07-01T22:20:00Z,0
jaylen_brown_to_76ers,2026-07-01T22:20:00Z,unscheduled_sports,KXNBA-27-DAL,sports_future,,,2026-07-01T22:20:00Z,0
jaylen_brown_to_76ers,2026-07-01T22:20:00Z,unscheduled_sports,KXNBA-27-CLE,sports_future,,,2026-07-01T22:20:00Z,0
jaylen_brown_to_76ers,2026-07-01T22:20:00Z,unscheduled_sports,KXNBA-27-CHI,sports_future,,,2026-07-01T22:20:00Z,0
jaylen_brown_to_76ers,2026-07-01T22:20:00Z,unscheduled_sports,KXNBA-27-CHA,sports_future,,,2026-07-01T22:20:00Z,0
jaylen_brown_to_76ers,2026-07-01T22:20:00Z,unscheduled_sports,KXNBA-27-BOS,sports_future,,,2026-07-01T22:20:00Z,0
jaylen_brown_to_76ers,2026-07-01T22:20:00Z,unscheduled_sports,KXNBA-27-BKN,sports_future,,,2026-07-01T22:20:00Z,0
jaylen_brown_to_76ers,2026-07-01T22:20:00Z,unscheduled_sports,KXNBA-27-ATL,sports_future,,,2026-07-01T22:20:00Z,0
jaylen_brown_to_76ers,2026-07-01T22:20:00Z,unscheduled_sports,KXNBA-26-SAS,sports_future,,,2026-07-01T22:20:00Z,0
jaylen_brown_to_76ers,2026-07-01T22:20:00Z,unscheduled_sports,KXNBA-26-OKC,sports_future,,,2026-07-01T22:20:00Z,0
jaylen_brown_to_76ers,2026-07-01T22:20:00Z,unscheduled_sports,KXNBA-26-NYK,sports_future,,,2026-07-01T22:20:00Z,0
jaylen_brown_to_76ers,2026-07-01T22:20:00Z,unscheduled_sports,KXNBA-26-DET,sports_future,,,2026-07-01T22:20:00Z,0
jaylen_brown_to_76ers,2026-07-01T22:20:00Z,unscheduled_sports,KXNBA-26-CLE,sports_future,,,2026-07-01T22:20:00Z,0
dlo_six_team_trade,2026-07-08T00:53:00Z,unscheduled_sports,KXNBA-27-WAS,sports_future,,,2026-07-08T00:53:00Z,0
dlo_six_team_trade,2026-07-08T00:53:00Z,unscheduled_sports,KXNBA-27-UTA,sports_future,,,2026-07-08T00:53:00Z,0
dlo_six_team_trade,2026-07-08T00:53:00Z,unscheduled_sports,KXNBA-27-TOR,sports_future,,,2026-07-08T00:53:00Z,0
dlo_six_team_trade,2026-07-08T00:53:00Z,unscheduled_sports,KXNBA-27-SAS,sports_future,,,2026-07-08T00:53:00Z,0
dlo_six_team_trade,2026-07-08T00:53:00Z,unscheduled_sports,KXNBA-27-SAC,sports_future,,,2026-07-08T00:53:00Z,0
dlo_six_team_trade,2026-07-08T00:53:00Z,unscheduled_sports,KXNBA-27-POR,sports_future,,,2026-07-08T00:53:00Z,0
dlo_six_team_trade,2026-07-08T00:53:00Z,unscheduled_sports,KXNBA-27-PHX,sports_future,,,2026-07-08T00:53:00Z,0
dlo_six_team_trade,2026-07-08T00:53:00Z,unscheduled_sports,KXNBA-27-PHI,sports_future,,,2026-07-08T00:53:00Z,0
dlo_six_team_trade,2026-07-08T00:53:00Z,unscheduled_sports,KXNBA-27-ORL,sports_future,,,2026-07-08T00:53:00Z,0
dlo_six_team_trade,2026-07-08T00:53:00Z,unscheduled_sports,KXNBA-27-OKC,sports_future,,,2026-07-08T00:53:00Z,0
dlo_six_team_trade,2026-07-08T00:53:00Z,unscheduled_sports,KXNBA-27-NYK,sports_future,,,2026-07-08T00:53:00Z,0
dlo_six_team_trade,2026-07-08T00:53:00Z,unscheduled_sports,KXNBA-27-NOP,sports_future,,,2026-07-08T00:53:00Z,0
dlo_six_team_trade,2026-07-08T00:53:00Z,unscheduled_sports,KXNBA-27-MIN,sports_future,,,2026-07-08T00:53:00Z,0
dlo_six_team_trade,2026-07-08T00:53:00Z,unscheduled_sports,KXNBA-27-MIL,sports_future,,,2026-07-08T00:53:00Z,0
dlo_six_team_trade,2026-07-08T00:53:00Z,unscheduled_sports,KXNBA-27-MIA,sports_future,,,2026-07-08T00:53:00Z,0
dlo_six_team_trade,2026-07-08T00:53:00Z,unscheduled_sports,KXNBA-27-MEM,sports_future,,,2026-07-08T00:53:00Z,0
dlo_six_team_trade,2026-07-08T00:53:00Z,unscheduled_sports,KXNBA-27-LAL,sports_future,,,2026-07-08T00:53:00Z,0
dlo_six_team_trade,2026-07-08T00:53:00Z,unscheduled_sports,KXNBA-27-LAC,sports_future,,,2026-07-08T00:53:00Z,0
dlo_six_team_trade,2026-07-08T00:53:00Z,unscheduled_sports,KXNBA-27-IND,sports_future,,,2026-07-08T00:53:00Z,0
dlo_six_team_trade,2026-07-08T00:53:00Z,unscheduled_sports,KXNBA-27-HOU,sports_future,,,2026-07-08T00:53:00Z,0
dlo_six_team_trade,2026-07-08T00:53:00Z,unscheduled_sports,KXNBA-27-GSW,sports_future,,,2026-07-08T00:53:00Z,0
dlo_six_team_trade,2026-07-08T00:53:00Z,unscheduled_sports,KXNBA-27-DET,sports_future,,,2026-07-08T00:53:00Z,0
dlo_six_team_trade,2026-07-08T00:53:00Z,unscheduled_sports,KXNBA-27-DEN,sports_future,,,2026-07-08T00:53:00Z,0
dlo_six_team_trade,2026-07-08T00:53:00Z,unscheduled_sports,KXNBA-27-DAL,sports_future,,,2026-07-08T00:53:00Z,0
dlo_six_team_trade,2026-07-08T00:53:00Z,unscheduled_sports,KXNBA-27-CLE,sports_future,,,2026-07-08T00:53:00Z,0
dlo_six_team_trade,2026-07-08T00:53:00Z,unscheduled_sports,KXNBA-27-CHI,sports_future,,,2026-07-08T00:53:00Z,0
dlo_six_team_trade,2026-07-08T00:53:00Z,unscheduled_sports,KXNBA-27-CHA,sports_future,,,2026-07-08T00:53:00Z,0
dlo_six_team_trade,2026-07-08T00:53:00Z,unscheduled_sports,KXNBA-27-BOS,sports_future,,,2026-07-08T00:53:00Z,0
dlo_six_team_trade,2026-07-08T00:53:00Z,unscheduled_sports,KXNBA-27-BKN,sports_future,,,2026-07-08T00:53:00Z,0
dlo_six_team_trade,2026-07-08T00:53:00Z,unscheduled_sports,KXNBA-27-ATL,sports_future,,,2026-07-08T00:53:00Z,0
dlo_six_team_trade,2026-07-08T00:53:00Z,unscheduled_sports,KXNBA-26-SAS,sports_future,,,2026-07-08T00:53:00Z,0
dlo_six_team_trade,2026-07-08T00:53:00Z,unscheduled_sports,KXNBA-26-OKC,sports_future,,,2026-07-08T00:53:00Z,0
dlo_six_team_trade,2026-07-08T00:53:00Z,unscheduled_sports,KXNBA-26-NYK,sports_future,,,2026-07-08T00:53:00Z,0
dlo_six_team_trade,2026-07-08T00:53:00Z,unscheduled_sports,KXNBA-26-CLE,sports_future,,,2026-07-08T00:53:00Z,0
kawhi_to_raptors,2026-09-14T18:56:00Z,unscheduled_sports,KXNBA-27-WAS,sports_future,,,2026-09-14T18:56:00Z,0
kawhi_to_raptors,2026-09-14T18:56:00Z,unscheduled_sports,KXNBA-27-UTA,sports_future,,,2026-09-14T18:56:00Z,0
kawhi_to_raptors,2026-09-14T18:56:00Z,unscheduled_sports,KXNBA-27-TOR,sports_future,,,2026-09-14T18:56:00Z,0
kawhi_to_raptors,2026-09-14T18:56:00Z,unscheduled_sports,KXNBA-27-SAS,sports_future,,,2026-09-14T18:56:00Z,0
kawhi_to_raptors,2026-09-14T18:56:00Z,unscheduled_sports,KXNBA-27-SAC,sports_future,,,2026-09-14T18:56:00Z,0
kawhi_to_raptors,2026-09-14T18:56:00Z,unscheduled_sports,KXNBA-27-POR,sports_future,,,2026-09-14T18:56:00Z,0
kawhi_to_raptors,2026-09-14T18:56:00Z,unscheduled_sports,KXNBA-27-PHX,sports_future,,,2026-09-14T18:56:00Z,0
kawhi_to_raptors,2026-09-14T18:56:00Z,unscheduled_sports,KXNBA-27-PHI,sports_future,,,2026-09-14T18:56:00Z,0
kawhi_to_raptors,2026-09-14T18:56:00Z,unscheduled_sports,KXNBA-27-ORL,sports_future,,,2026-09-14T18:56:00Z,0
kawhi_to_raptors,2026-09-14T18:56:00Z,unscheduled_sports,KXNBA-27-OKC,sports_future,,,2026-09-14T18:56:00Z,0
kawhi_to_raptors,2026-09-14T18:56:00Z,unscheduled_sports,KXNBA-27-NYK,sports_future,,,2026-09-14T18:56:00Z,0
kawhi_to_raptors,2026-09-14T18:56:00Z,unscheduled_sports,KXNBA-27-NOP,sports_future,,,2026-09-14T18:56:00Z,0
kawhi_to_raptors,2026-09-14T18:56:00Z,unscheduled_sports,KXNBA-27-MIN,sports_future,,,2026-09-14T18:56:00Z,0
kawhi_to_raptors,2026-09-14T18:56:00Z,unscheduled_sports,KXNBA-27-MIL,sports_future,,,2026-09-14T18:56:00Z,0
kawhi_to_raptors,2026-09-14T18:56:00Z,unscheduled_sports,KXNBA-27-MIA,sports_future,,,2026-09-14T18:56:00Z,0
kawhi_to_raptors,2026-09-14T18:56:00Z,unscheduled_sports,KXNBA-27-MEM,sports_future,,,2026-09-14T18:56:00Z,0
kawhi_to_raptors,2026-09-14T18:56:00Z,unscheduled_sports,KXNBA-27-LAL,sports_future,,,2026-09-14T18:56:00Z,0
kawhi_to_raptors,2026-09-14T18:56:00Z,unscheduled_sports,KXNBA-27-LAC,sports_future,,,2026-09-14T18:56:00Z,0
kawhi_to_raptors,2026-09-14T18:56:00Z,unscheduled_sports,KXNBA-27-IND,sports_future,,,2026-09-14T18:56:00Z,0
kawhi_to_raptors,2026-09-14T18:56:00Z,unscheduled_sports,KXNBA-27-HOU,sports_future,,,2026-09-14T18:56:00Z,0
kawhi_to_raptors,2026-09-14T18:56:00Z,unscheduled_sports,KXNBA-27-GSW,sports_future,,,2026-09-14T18:56:00Z,0
kawhi_to_raptors,2026-09-14T18:56:00Z,unscheduled_sports,KXNBA-27-DET,sports_future,,,2026-09-14T18:56:00Z,0
kawhi_to_raptors,2026-09-14T18:56:00Z,unscheduled_sports,KXNBA-27-DEN,sports_future,,,2026-09-14T18:56:00Z,0
kawhi_to_raptors,2026-09-14T18:56:00Z,unscheduled_sports,KXNBA-27-DAL,sports_future,,,2026-09-14T18:56:00Z,0
kawhi_to_raptors,2026-09-14T18:56:00Z,unscheduled_sports,KXNBA-27-CLE,sports_future,,,2026-09-14T18:56:00Z,0
kawhi_to_raptors,2026-09-14T18:56:00Z,unscheduled_sports,KXNBA-27-CHI,sports_future,,,2026-09-14T18:56:00Z,0
kawhi_to_raptors,2026-09-14T18:56:00Z,unscheduled_sports,KXNBA-27-CHA,sports_future,,,2026-09-14T18:56:00Z,0
kawhi_to_raptors,2026-09-14T18:56:00Z,unscheduled_sports,KXNBA-27-BOS,sports_future,,,2026-09-14T18:56:00Z,0
kawhi_to_raptors,2026-09-14T18:56:00Z,unscheduled_sports,KXNBA-27-BKN,sports_future,,,2026-09-14T18:56:00Z,0
kawhi_to_raptors,2026-09-14T18:56:00Z,unscheduled_sports,KXNBA-27-ATL,sports_future,,,2026-09-14T18:56:00Z,0
mike_conley_to_celtics,2026-07-01T14:58:00Z,unscheduled_sports,KXNBA-27-WAS,sports_future,,,2026-07-01T14:58:00Z,0
mike_conley_to_celtics,2026-07-01T14:58:00Z,unscheduled_sports,KXNBA-27-UTA,sports_future,,,2026-07-01T14:58:00Z,0
mike_conley_to_celtics,2026-07-01T14:58:00Z,unscheduled_sports,KXNBA-27-TOR,sports_future,,,2026-07-01T14:58:00Z,0
mike_conley_to_celtics,2026-07-01T14:58:00Z,unscheduled_sports,KXNBA-27-SAS,sports_future,,,2026-07-01T14:58:00Z,0
mike_conley_to_celtics,2026-07-01T14:58:00Z,unscheduled_sports,KXNBA-27-SAC,sports_future,,,2026-07-01T14:58:00Z,0
mike_conley_to_celtics,2026-07-01T14:58:00Z,unscheduled_sports,KXNBA-27-POR,sports_future,,,2026-07-01T14:58:00Z,0
mike_conley_to_celtics,2026-07-01T14:58:00Z,unscheduled_sports,KXNBA-27-PHX,sports_future,,,2026-07-01T14:58:00Z,0
mike_conley_to_celtics,2026-07-01T14:58:00Z,unscheduled_sports,KXNBA-27-PHI,sports_future,,,2026-07-01T14:58:00Z,0
mike_conley_to_celtics,2026-07-01T14:58:00Z,unscheduled_sports,KXNBA-27-ORL,sports_future,,,2026-07-01T14:58:00Z,0
mike_conley_to_celtics,2026-07-01T14:58:00Z,unscheduled_sports,KXNBA-27-OKC,sports_future,,,2026-07-01T14:58:00Z,0
mike_conley_to_celtics,2026-07-01T14:58:00Z,unscheduled_sports,KXNBA-27-NYK,sports_future,,,2026-07-01T14:58:00Z,0
mike_conley_to_celtics,2026-07-01T14:58:00Z,unscheduled_sports,KXNBA-27-NOP,sports_future,,,2026-07-01T14:58:00Z,0
mike_conley_to_celtics,2026-07-01T14:58:00Z,unscheduled_sports,KXNBA-27-MIN,sports_future,,,2026-07-01T14:58:00Z,0
mike_conley_to_celtics,2026-07-01T14:58:00Z,unscheduled_sports,KXNBA-27-MIL,sports_future,,,2026-07-01T14:58:00Z,0
mike_conley_to_celtics,2026-07-01T14:58:00Z,unscheduled_sports,KXNBA-27-MIA,sports_future,,,2026-07-01T14:58:00Z,0
mike_conley_to_celtics,2026-07-01T14:58:00Z,unscheduled_sports,KXNBA-27-MEM,sports_future,,,2026-07-01T14:58:00Z,0
mike_conley_to_celtics,2026-07-01T14:58:00Z,unscheduled_sports,KXNBA-27-LAL,sports_future,,,2026-07-01T14:58:00Z,0
mike_conley_to_celtics,2026-07-01T14:58:00Z,unscheduled_sports,KXNBA-27-LAC,sports_future,,,2026-07-01T14:58:00Z,0
mike_conley_to_celtics,2026-07-01T14:58:00Z,unscheduled_sports,KXNBA-27-IND,sports_future,,,2026-07-01T14:58:00Z,0
mike_conley_to_celtics,2026-07-01T14:58:00Z,unscheduled_sports,KXNBA-27-HOU,sports_future,,,2026-07-01T14:58:00Z,0
mike_conley_to_celtics,2026-07-01T14:58:00Z,unscheduled_sports,KXNBA-27-GSW,sports_future,,,2026-07-01T14:58:00Z,0
mike_conley_to_celtics,2026-07-01T14:58:00Z,unscheduled_sports,KXNBA-27-DET,sports_future,,,2026-07-01T14:58:00Z,0
mike_conley_to_celtics,2026-07-01T14:58:00Z,unscheduled_sports,KXNBA-27-DEN,sports_future,,,2026-07-01T14:58:00Z,0
mike_conley_to_celtics,2026-07-01T14:58:00Z,unscheduled_sports,KXNBA-27-DAL,sports_future,,,2026-07-01T14:58:00Z,0
mike_conley_to_celtics,2026-07-01T14:58:00Z,unscheduled_sports,KXNBA-27-CLE,sports_future,,,2026-07-01T14:58:00Z,0
mike_conley_to_celtics,2026-07-01T14:58:00Z,unscheduled_sports,KXNBA-27-CHI,sports_future,,,2026-07-01T14:58:00Z,0
mike_conley_to_celtics,2026-07-01T14:58:00Z,unscheduled_sports,KXNBA-27-CHA,sports_future,,,2026-07-01T14:58:00Z,0
mike_conley_to_celtics,2026-07-01T14:58:00Z,unscheduled_sports,KXNBA-27-BOS,sports_future,,,2026-07-01T14:58:00Z,0
mike_conley_to_celtics,2026-07-01T14:58:00Z,unscheduled_sports,KXNBA-27-BKN,sports_future,,,2026-07-01T14:58:00Z,0
mike_conley_to_celtics,2026-07-01T14:58:00Z,unscheduled_sports,KXNBA-27-ATL,sports_future,,,2026-07-01T14:58:00Z,0
mike_conley_to_celtics,2026-07-01T14:58:00Z,unscheduled_sports,KXNBA-26-SAS,sports_future,,,2026-07-01T14:58:00Z,0
mike_conley_to_celtics,2026-07-01T14:58:00Z,unscheduled_sports,KXNBA-26-OKC,sports_future,,,2026-07-01T14:58:00Z,0
mike_conley_to_celtics,2026-07-01T14:58:00Z,unscheduled_sports,KXNBA-26-NYK,sports_future,,,2026-07-01T14:58:00Z,0
mike_conley_to_celtics,2026-07-01T14:58:00Z,unscheduled_sports,KXNBA-26-DET,sports_future,,,2026-07-01T14:58:00Z,0
mike_conley_to_celtics,2026-07-01T14:58:00Z,unscheduled_sports,KXNBA-26-CLE,sports_future,,,2026-07-01T14:58:00Z,0
mitchell_robinson_to_celtics,2026-07-01T15:39:00Z,unscheduled_sports,KXNBA-27-WAS,sports_future,,,2026-07-01T15:39:00Z,0
mitchell_robinson_to_celtics,2026-07-01T15:39:00Z,unscheduled_sports,KXNBA-27-UTA,sports_future,,,2026-07-01T15:39:00Z,0
mitchell_robinson_to_celtics,2026-07-01T15:39:00Z,unscheduled_sports,KXNBA-27-TOR,sports_future,,,2026-07-01T15:39:00Z,0
mitchell_robinson_to_celtics,2026-07-01T15:39:00Z,unscheduled_sports,KXNBA-27-SAS,sports_future,,,2026-07-01T15:39:00Z,0
mitchell_robinson_to_celtics,2026-07-01T15:39:00Z,unscheduled_sports,KXNBA-27-SAC,sports_future,,,2026-07-01T15:39:00Z,0
mitchell_robinson_to_celtics,2026-07-01T15:39:00Z,unscheduled_sports,KXNBA-27-POR,sports_future,,,2026-07-01T15:39:00Z,0
mitchell_robinson_to_celtics,2026-07-01T15:39:00Z,unscheduled_sports,KXNBA-27-PHX,sports_future,,,2026-07-01T15:39:00Z,0
mitchell_robinson_to_celtics,2026-07-01T15:39:00Z,unscheduled_sports,KXNBA-27-PHI,sports_future,,,2026-07-01T15:39:00Z,0
mitchell_robinson_to_celtics,2026-07-01T15:39:00Z,unscheduled_sports,KXNBA-27-ORL,sports_future,,,2026-07-01T15:39:00Z,0
mitchell_robinson_to_celtics,2026-07-01T15:39:00Z,unscheduled_sports,KXNBA-27-OKC,sports_future,,,2026-07-01T15:39:00Z,0
mitchell_robinson_to_celtics,2026-07-01T15:39:00Z,unscheduled_sports,KXNBA-27-NYK,sports_future,,,2026-07-01T15:39:00Z,0
mitchell_robinson_to_celtics,2026-07-01T15:39:00Z,unscheduled_sports,KXNBA-27-NOP,sports_future,,,2026-07-01T15:39:00Z,0
mitchell_robinson_to_celtics,2026-07-01T15:39:00Z,unscheduled_sports,KXNBA-27-MIN,sports_future,,,2026-07-01T15:39:00Z,0
mitchell_robinson_to_celtics,2026-07-01T15:39:00Z,unscheduled_sports,KXNBA-27-MIL,sports_future,,,2026-07-01T15:39:00Z,0
mitchell_robinson_to_celtics,2026-07-01T15:39:00Z,unscheduled_sports,KXNBA-27-MIA,sports_future,,,2026-07-01T15:39:00Z,0
mitchell_robinson_to_celtics,2026-07-01T15:39:00Z,unscheduled_sports,KXNBA-27-MEM,sports_future,,,2026-07-01T15:39:00Z,0
mitchell_robinson_to_celtics,2026-07-01T15:39:00Z,unscheduled_sports,KXNBA-27-LAL,sports_future,,,2026-07-01T15:39:00Z,0
mitchell_robinson_to_celtics,2026-07-01T15:39:00Z,unscheduled_sports,KXNBA-27-LAC,sports_future,,,2026-07-01T15:39:00Z,0
mitchell_robinson_to_celtics,2026-07-01T15:39:00Z,unscheduled_sports,KXNBA-27-IND,sports_future,,,2026-07-01T15:39:00Z,0
mitchell_robinson_to_celtics,2026-07-01T15:39:00Z,unscheduled_sports,KXNBA-27-HOU,sports_future,,,2026-07-01T15:39:00Z,0
mitchell_robinson_to_celtics,2026-07-01T15:39:00Z,unscheduled_sports,KXNBA-27-GSW,sports_future,,,2026-07-01T15:39:00Z,0
mitchell_robinson_to_celtics,2026-07-01T15:39:00Z,unscheduled_sports,KXNBA-27-DET,sports_future,,,2026-07-01T15:39:00Z,0
mitchell_robinson_to_celtics,2026-07-01T15:39:00Z,unscheduled_sports,KXNBA-27-DEN,sports_future,,,2026-07-01T15:39:00Z,0
mitchell_robinson_to_celtics,2026-07-01T15:39:00Z,unscheduled_sports,KXNBA-27-DAL,sports_future,,,2026-07-01T15:39:00Z,0
mitchell_robinson_to_celtics,2026-07-01T15:39:00Z,unscheduled_sports,KXNBA-27-CLE,sports_future,,,2026-07-01T15:39:00Z,0
mitchell_robinson_to_celtics,2026-07-01T15:39:00Z,unscheduled_sports,KXNBA-27-CHI,sports_future,,,2026-07-01T15:39:00Z,0
mitchell_robinson_to_celtics,2026-07-01T15:39:00Z,unscheduled_sports,KXNBA-27-CHA,sports_future,,,2026-07-01T15:39:00Z,0
mitchell_robinson_to_celtics,2026-07-01T15:39:00Z,unscheduled_sports,KXNBA-27-BOS,sports_future,,,2026-07-01T15:39:00Z,0
mitchell_robinson_to_celtics,2026-07-01T15:39:00Z,unscheduled_sports,KXNBA-27-BKN,sports_future,,,2026-07-01T15:39:00Z,0
mitchell_robinson_to_celtics,2026-07-01T15:39:00Z,unscheduled_sports,KXNBA-27-ATL,sports_future,,,2026-07-01T15:39:00Z,0
mitchell_robinson_to_celtics,2026-07-01T15:39:00Z,unscheduled_sports,KXNBA-26-SAS,sports_future,,,2026-07-01T15:39:00Z,0
mitchell_robinson_to_celtics,2026-07-01T15:39:00Z,unscheduled_sports,KXNBA-26-OKC,sports_future,,,2026-07-01T15:39:00Z,0
mitchell_robinson_to_celtics,2026-07-01T15:39:00Z,unscheduled_sports,KXNBA-26-NYK,sports_future,,,2026-07-01T15:39:00Z,0
mitchell_robinson_to_celtics,2026-07-01T15:39:00Z,unscheduled_sports,KXNBA-26-DET,sports_future,,,2026-07-01T15:39:00Z,0
mitchell_robinson_to_celtics,2026-07-01T15:39:00Z,unscheduled_sports,KXNBA-26-CLE,sports_future,,,2026-07-01T15:39:00Z,0
lebron_to_76ers,2026-07-24T20:34:00Z,unscheduled_sports,KXNBA-27-WAS,sports_future,,,2026-07-24T20:34:00Z,0
lebron_to_76ers,2026-07-24T20:34:00Z,unscheduled_sports,KXNBA-27-UTA,sports_future,,,2026-07-24T20:34:00Z,0
lebron_to_76ers,2026-07-24T20:34:00Z,unscheduled_sports,KXNBA-27-TOR,sports_future,,,2026-07-24T20:34:00Z,0
lebron_to_76ers,2026-07-24T20:34:00Z,unscheduled_sports,KXNBA-27-SAS,sports_future,,,2026-07-24T20:34:00Z,0
lebron_to_76ers,2026-07-24T20:34:00Z,unscheduled_sports,KXNBA-27-SAC,sports_future,,,2026-07-24T20:34:00Z,0
lebron_to_76ers,2026-07-24T20:34:00Z,unscheduled_sports,KXNBA-27-POR,sports_future,,,2026-07-24T20:34:00Z,0
lebron_to_76ers,2026-07-24T20:34:00Z,unscheduled_sports,KXNBA-27-PHX,sports_future,,,2026-07-24T20:34:00Z,0
lebron_to_76ers,2026-07-24T20:34:00Z,unscheduled_sports,KXNBA-27-PHI,sports_future,,,2026-07-24T20:34:00Z,0
lebron_to_76ers,2026-07-24T20:34:00Z,unscheduled_sports,KXNBA-27-ORL,sports_future,,,2026-07-24T20:34:00Z,0
lebron_to_76ers,2026-07-24T20:34:00Z,unscheduled_sports,KXNBA-27-OKC,sports_future,,,2026-07-24T20:34:00Z,0
lebron_to_76ers,2026-07-24T20:34:00Z,unscheduled_sports,KXNBA-27-NYK,sports_future,,,2026-07-24T20:34:00Z,0
lebron_to_76ers,2026-07-24T20:34:00Z,unscheduled_sports,KXNBA-27-NOP,sports_future,,,2026-07-24T20:34:00Z,0
lebron_to_76ers,2026-07-24T20:34:00Z,unscheduled_sports,KXNBA-27-MIN,sports_future,,,2026-07-24T20:34:00Z,0
lebron_to_76ers,2026-07-24T20:34:00Z,unscheduled_sports,KXNBA-27-MIL,sports_future,,,2026-07-24T20:34:00Z,0
lebron_to_76ers,2026-07-24T20:34:00Z,unscheduled_sports,KXNBA-27-MIA,sports_future,,,2026-07-24T20:34:00Z,0
lebron_to_76ers,2026-07-24T20:34:00Z,unscheduled_sports,KXNBA-27-MEM,sports_future,,,2026-07-24T20:34:00Z,0
lebron_to_76ers,2026-07-24T20:34:00Z,unscheduled_sports,KXNBA-27-LAL,sports_future,,,2026-07-24T20:34:00Z,0
lebron_to_76ers,2026-07-24T20:34:00Z,unscheduled_sports,KXNBA-27-LAC,sports_future,,,2026-07-24T20:34:00Z,0
lebron_to_76ers,2026-07-24T20:34:00Z,unscheduled_sports,KXNBA-27-IND,sports_future,,,2026-07-24T20:34:00Z,0
lebron_to_76ers,2026-07-24T20:34:00Z,unscheduled_sports,KXNBA-27-HOU,sports_future,,,2026-07-24T20:34:00Z,0
lebron_to_76ers,2026-07-24T20:34:00Z,unscheduled_sports,KXNBA-27-GSW,sports_future,,,2026-07-24T20:34:00Z,0
lebron_to_76ers,2026-07-24T20:34:00Z,unscheduled_sports,KXNBA-27-DET,sports_future,,,2026-07-24T20:34:00Z,0
lebron_to_76ers,2026-07-24T20:34:00Z,unscheduled_sports,KXNBA-27-DEN,sports_future,,,2026-07-24T20:34:00Z,0
lebron_to_76ers,2026-07-24T20:34:00Z,unscheduled_sports,KXNBA-27-DAL,sports_future,,,2026-07-24T20:34:00Z,0
lebron_to_76ers,2026-07-24T20:34:00Z,unscheduled_sports,KXNBA-27-CLE,sports_future,,,2026-07-24T20:34:00Z,0
lebron_to_76ers,2026-07-24T20:34:00Z,unscheduled_sports,KXNBA-27-CHI,sports_future,,,2026-07-24T20:34:00Z,0
lebron_to_76ers,2026-07-24T20:34:00Z,unscheduled_sports,KXNBA-27-CHA,sports_future,,,2026-07-24T20:34:00Z,0
lebron_to_76ers,2026-07-24T20:34:00Z,unscheduled_sports,KXNBA-27-BOS,sports_future,,,2026-07-24T20:34:00Z,0
lebron_to_76ers,2026-07-24T20:34:00Z,unscheduled_sports,KXNBA-27-BKN,sports_future,,,2026-07-24T20:34:00Z,0
lebron_to_76ers,2026-07-24T20:34:00Z,unscheduled_sports,KXNBA-27-ATL,sports_future,,,2026-07-24T20:34:00Z,0
lebron_to_76ers,2026-07-24T20:34:00Z,unscheduled_sports,KXNBA-26-SAS,sports_future,,,2026-07-24T20:34:00Z,0
lebron_to_76ers,2026-07-24T20:34:00Z,unscheduled_sports,KXNBA-26-NYK,sports_future,,,2026-07-24T20:34:00Z,0
von_miller_to_cowboys,2026-08-17T01:10:00Z,unscheduled_sports,KXSB-27-WAS,sports_future,,,2026-08-17T01:10:00Z,0
von_miller_to_cowboys,2026-08-17T01:10:00Z,unscheduled_sports,KXSB-27-TEN,sports_future,,,2026-08-17T01:10:00Z,0
von_miller_to_cowboys,2026-08-17T01:10:00Z,unscheduled_sports,KXSB-27-TB,sports_future,,,2026-08-17T01:10:00Z,0
von_miller_to_cowboys,2026-08-17T01:10:00Z,unscheduled_sports,KXSB-27-SF,sports_future,,,2026-08-17T01:10:00Z,0
von_miller_to_cowboys,2026-08-17T01:10:00Z,unscheduled_sports,KXSB-27-SEA,sports_future,,,2026-08-17T01:10:00Z,0
von_miller_to_cowboys,2026-08-17T01:10:00Z,unscheduled_sports,KXSB-27-PIT,sports_future,,,2026-08-17T01:10:00Z,0
von_miller_to_cowboys,2026-08-17T01:10:00Z,unscheduled_sports,KXSB-27-PHI,sports_future,,,2026-08-17T01:10:00Z,0
von_miller_to_cowboys,2026-08-17T01:10:00Z,unscheduled_sports,KXSB-27-NYJ,sports_future,,,2026-08-17T01:10:00Z,0
von_miller_to_cowboys,2026-08-17T01:10:00Z,unscheduled_sports,KXSB-27-NYG,sports_future,,,2026-08-17T01:10:00Z,0
von_miller_to_cowboys,2026-08-17T01:10:00Z,unscheduled_sports,KXSB-27-NO,sports_future,,,2026-08-17T01:10:00Z,0
von_miller_to_cowboys,2026-08-17T01:10:00Z,unscheduled_sports,KXSB-27-NE,sports_future,,,2026-08-17T01:10:00Z,0
von_miller_to_cowboys,2026-08-17T01:10:00Z,unscheduled_sports,KXSB-27-MIN,sports_future,,,2026-08-17T01:10:00Z,0
von_miller_to_cowboys,2026-08-17T01:10:00Z,unscheduled_sports,KXSB-27-MIA,sports_future,,,2026-08-17T01:10:00Z,0
von_miller_to_cowboys,2026-08-17T01:10:00Z,unscheduled_sports,KXSB-27-LV,sports_future,,,2026-08-17T01:10:00Z,0
von_miller_to_cowboys,2026-08-17T01:10:00Z,unscheduled_sports,KXSB-27-LAR,sports_future,,,2026-08-17T01:10:00Z,0
von_miller_to_cowboys,2026-08-17T01:10:00Z,unscheduled_sports,KXSB-27-LAC,sports_future,,,2026-08-17T01:10:00Z,0
von_miller_to_cowboys,2026-08-17T01:10:00Z,unscheduled_sports,KXSB-27-KC,sports_future,,,2026-08-17T01:10:00Z,0
von_miller_to_cowboys,2026-08-17T01:10:00Z,unscheduled_sports,KXSB-27-JAC,sports_future,,,2026-08-17T01:10:00Z,0
von_miller_to_cowboys,2026-08-17T01:10:00Z,unscheduled_sports,KXSB-27-IND,sports_future,,,2026-08-17T01:10:00Z,0
von_miller_to_cowboys,2026-08-17T01:10:00Z,unscheduled_sports,KXSB-27-HOU,sports_future,,,2026-08-17T01:10:00Z,0
von_miller_to_cowboys,2026-08-17T01:10:00Z,unscheduled_sports,KXSB-27-GB,sports_future,,,2026-08-17T01:10:00Z,0
von_miller_to_cowboys,2026-08-17T01:10:00Z,unscheduled_sports,KXSB-27-DET,sports_future,,,2026-08-17T01:10:00Z,0
von_miller_to_cowboys,2026-08-17T01:10:00Z,unscheduled_sports,KXSB-27-DEN,sports_future,,,2026-08-17T01:10:00Z,0
von_miller_to_cowboys,2026-08-17T01:10:00Z,unscheduled_sports,KXSB-27-DAL,sports_future,,,2026-08-17T01:10:00Z,0
von_miller_to_cowboys,2026-08-17T01:10:00Z,unscheduled_sports,KXSB-27-CLE,sports_future,,,2026-08-17T01:10:00Z,0
von_miller_to_cowboys,2026-08-17T01:10:00Z,unscheduled_sports,KXSB-27-CIN,sports_future,,,2026-08-17T01:10:00Z,0
von_miller_to_cowboys,2026-08-17T01:10:00Z,unscheduled_sports,KXSB-27-CHI,sports_future,,,2026-08-17T01:10:00Z,0
von_miller_to_cowboys,2026-08-17T01:10:00Z,unscheduled_sports,KXSB-27-CAR,sports_future,,,2026-08-17T01:10:00Z,0
von_miller_to_cowboys,2026-08-17T01:10:00Z,unscheduled_sports,KXSB-27-BUF,sports_future,,,2026-08-17T01:10:00Z,0
von_miller_to_cowboys,2026-08-17T01:10:00Z,unscheduled_sports,KXSB-27-BAL,sports_future,,,2026-08-17T01:10:00Z,0
von_miller_to_cowboys,2026-08-17T01:10:00Z,unscheduled_sports,KXSB-27-ATL,sports_future,,,2026-08-17T01:10:00Z,0
von_miller_to_cowboys,2026-08-17T01:10:00Z,unscheduled_sports,KXSB-27-ARI,sports_future,,,2026-08-17T01:10:00Z,0
neemias_queta_extension,2026-07-03T13:53:00Z,unscheduled_sports,KXNBA-27-WAS,sports_future,,,2026-07-03T13:53:00Z,0
neemias_queta_extension,2026-07-03T13:53:00Z,unscheduled_sports,KXNBA-27-UTA,sports_future,,,2026-07-03T13:53:00Z,0
neemias_queta_extension,2026-07-03T13:53:00Z,unscheduled_sports,KXNBA-27-TOR,sports_future,,,2026-07-03T13:53:00Z,0
neemias_queta_extension,2026-07-03T13:53:00Z,unscheduled_sports,KXNBA-27-SAS,sports_future,,,2026-07-03T13:53:00Z,0
neemias_queta_extension,2026-07-03T13:53:00Z,unscheduled_sports,KXNBA-27-SAC,sports_future,,,2026-07-03T13:53:00Z,0
neemias_queta_extension,2026-07-03T13:53:00Z,unscheduled_sports,KXNBA-27-POR,sports_future,,,2026-07-03T13:53:00Z,0
neemias_queta_extension,2026-07-03T13:53:00Z,unscheduled_sports,KXNBA-27-PHX,sports_future,,,2026-07-03T13:53:00Z,0
neemias_queta_extension,2026-07-03T13:53:00Z,unscheduled_sports,KXNBA-27-PHI,sports_future,,,2026-07-03T13:53:00Z,0
neemias_queta_extension,2026-07-03T13:53:00Z,unscheduled_sports,KXNBA-27-ORL,sports_future,,,2026-07-03T13:53:00Z,0
neemias_queta_extension,2026-07-03T13:53:00Z,unscheduled_sports,KXNBA-27-OKC,sports_future,,,2026-07-03T13:53:00Z,0
neemias_queta_extension,2026-07-03T13:53:00Z,unscheduled_sports,KXNBA-27-NYK,sports_future,,,2026-07-03T13:53:00Z,0
neemias_queta_extension,2026-07-03T13:53:00Z,unscheduled_sports,KXNBA-27-NOP,sports_future,,,2026-07-03T13:53:00Z,0
neemias_queta_extension,2026-07-03T13:53:00Z,unscheduled_sports,KXNBA-27-MIN,sports_future,,,2026-07-03T13:53:00Z,0
neemias_queta_extension,2026-07-03T13:53:00Z,unscheduled_sports,KXNBA-27-MIL,sports_future,,,2026-07-03T13:53:00Z,0
neemias_queta_extension,2026-07-03T13:53:00Z,unscheduled_sports,KXNBA-27-MIA,sports_future,,,2026-07-03T13:53:00Z,0
neemias_queta_extension,2026-07-03T13:53:00Z,unscheduled_sports,KXNBA-27-MEM,sports_future,,,2026-07-03T13:53:00Z,0
neemias_queta_extension,2026-07-03T13:53:00Z,unscheduled_sports,KXNBA-27-LAL,sports_future,,,2026-07-03T13:53:00Z,0
neemias_queta_extension,2026-07-03T13:53:00Z,unscheduled_sports,KXNBA-27-LAC,sports_future,,,2026-07-03T13:53:00Z,0
neemias_queta_extension,2026-07-03T13:53:00Z,unscheduled_sports,KXNBA-27-IND,sports_future,,,2026-07-03T13:53:00Z,0
neemias_queta_extension,2026-07-03T13:53:00Z,unscheduled_sports,KXNBA-27-HOU,sports_future,,,2026-07-03T13:53:00Z,0
neemias_queta_extension,2026-07-03T13:53:00Z,unscheduled_sports,KXNBA-27-GSW,sports_future,,,2026-07-03T13:53:00Z,0
neemias_queta_extension,2026-07-03T13:53:00Z,unscheduled_sports,KXNBA-27-DET,sports_future,,,2026-07-03T13:53:00Z,0
neemias_queta_extension,2026-07-03T13:53:00Z,unscheduled_sports,KXNBA-27-DEN,sports_future,,,2026-07-03T13:53:00Z,0
neemias_queta_extension,2026-07-03T13:53:00Z,unscheduled_sports,KXNBA-27-DAL,sports_future,,,2026-07-03T13:53:00Z,0
neemias_queta_extension,2026-07-03T13:53:00Z,unscheduled_sports,KXNBA-27-CLE,sports_future,,,2026-07-03T13:53:00Z,0
neemias_queta_extension,2026-07-03T13:53:00Z,unscheduled_sports,KXNBA-27-CHI,sports_future,,,2026-07-03T13:53:00Z,0
neemias_queta_extension,2026-07-03T13:53:00Z,unscheduled_sports,KXNBA-27-CHA,sports_future,,,2026-07-03T13:53:00Z,0
neemias_queta_extension,2026-07-03T13:53:00Z,unscheduled_sports,KXNBA-27-BOS,sports_future,,,2026-07-03T13:53:00Z,0
neemias_queta_extension,2026-07-03T13:53:00Z,unscheduled_sports,KXNBA-27-BKN,sports_future,,,2026-07-03T13:53:00Z,0
neemias_queta_extension,2026-07-03T13:53:00Z,unscheduled_sports,KXNBA-27-ATL,sports_future,,,2026-07-03T13:53:00Z,0
neemias_queta_extension,2026-07-03T13:53:00Z,unscheduled_sports,KXNBA-26-SAS,sports_future,,,2026-07-03T13:53:00Z,0
neemias_queta_extension,2026-07-03T13:53:00Z,unscheduled_sports,KXNBA-26-OKC,sports_future,,,2026-07-03T13:53:00Z,0
neemias_queta_extension,2026-07-03T13:53:00Z,unscheduled_sports,KXNBA-26-NYK,sports_future,,,2026-07-03T13:53:00Z,0
neemias_queta_extension,2026-07-03T13:53:00Z,unscheduled_sports,KXNBA-26-CLE,sports_future,,,2026-07-03T13:53:00Z,0
donovan_mitchell_extension,2026-07-07T10:01:00Z,unscheduled_sports,KXNBA-27-WAS,sports_future,,,2026-07-07T10:01:00Z,0
donovan_mitchell_extension,2026-07-07T10:01:00Z,unscheduled_sports,KXNBA-27-UTA,sports_future,,,2026-07-07T10:01:00Z,0
donovan_mitchell_extension,2026-07-07T10:01:00Z,unscheduled_sports,KXNBA-27-TOR,sports_future,,,2026-07-07T10:01:00Z,0
donovan_mitchell_extension,2026-07-07T10:01:00Z,unscheduled_sports,KXNBA-27-SAS,sports_future,,,2026-07-07T10:01:00Z,0
donovan_mitchell_extension,2026-07-07T10:01:00Z,unscheduled_sports,KXNBA-27-SAC,sports_future,,,2026-07-07T10:01:00Z,0
donovan_mitchell_extension,2026-07-07T10:01:00Z,unscheduled_sports,KXNBA-27-POR,sports_future,,,2026-07-07T10:01:00Z,0
donovan_mitchell_extension,2026-07-07T10:01:00Z,unscheduled_sports,KXNBA-27-PHX,sports_future,,,2026-07-07T10:01:00Z,0
donovan_mitchell_extension,2026-07-07T10:01:00Z,unscheduled_sports,KXNBA-27-PHI,sports_future,,,2026-07-07T10:01:00Z,0
donovan_mitchell_extension,2026-07-07T10:01:00Z,unscheduled_sports,KXNBA-27-ORL,sports_future,,,2026-07-07T10:01:00Z,0
donovan_mitchell_extension,2026-07-07T10:01:00Z,unscheduled_sports,KXNBA-27-OKC,sports_future,,,2026-07-07T10:01:00Z,0
donovan_mitchell_extension,2026-07-07T10:01:00Z,unscheduled_sports,KXNBA-27-NYK,sports_future,,,2026-07-07T10:01:00Z,0
donovan_mitchell_extension,2026-07-07T10:01:00Z,unscheduled_sports,KXNBA-27-NOP,sports_future,,,2026-07-07T10:01:00Z,0
donovan_mitchell_extension,2026-07-07T10:01:00Z,unscheduled_sports,KXNBA-27-MIN,sports_future,,,2026-07-07T10:01:00Z,0
donovan_mitchell_extension,2026-07-07T10:01:00Z,unscheduled_sports,KXNBA-27-MIL,sports_future,,,2026-07-07T10:01:00Z,0
donovan_mitchell_extension,2026-07-07T10:01:00Z,unscheduled_sports,KXNBA-27-MIA,sports_future,,,2026-07-07T10:01:00Z,0
donovan_mitchell_extension,2026-07-07T10:01:00Z,unscheduled_sports,KXNBA-27-MEM,sports_future,,,2026-07-07T10:01:00Z,0
donovan_mitchell_extension,2026-07-07T10:01:00Z,unscheduled_sports,KXNBA-27-LAL,sports_future,,,2026-07-07T10:01:00Z,0
donovan_mitchell_extension,2026-07-07T10:01:00Z,unscheduled_sports,KXNBA-27-LAC,sports_future,,,2026-07-07T10:01:00Z,0
donovan_mitchell_extension,2026-07-07T10:01:00Z,unscheduled_sports,KXNBA-27-IND,sports_future,,,2026-07-07T10:01:00Z,0
donovan_mitchell_extension,2026-07-07T10:01:00Z,unscheduled_sports,KXNBA-27-HOU,sports_future,,,2026-07-07T10:01:00Z,0
donovan_mitchell_extension,2026-07-07T10:01:00Z,unscheduled_sports,KXNBA-27-GSW,sports_future,,,2026-07-07T10:01:00Z,0
donovan_mitchell_extension,2026-07-07T10:01:00Z,unscheduled_sports,KXNBA-27-DET,sports_future,,,2026-07-07T10:01:00Z,0
donovan_mitchell_extension,2026-07-07T10:01:00Z,unscheduled_sports,KXNBA-27-DEN,sports_future,,,2026-07-07T10:01:00Z,0
donovan_mitchell_extension,2026-07-07T10:01:00Z,unscheduled_sports,KXNBA-27-DAL,sports_future,,,2026-07-07T10:01:00Z,0
donovan_mitchell_extension,2026-07-07T10:01:00Z,unscheduled_sports,KXNBA-27-CLE,sports_future,,,2026-07-07T10:01:00Z,0
donovan_mitchell_extension,2026-07-07T10:01:00Z,unscheduled_sports,KXNBA-27-CHI,sports_future,,,2026-07-07T10:01:00Z,0
donovan_mitchell_extension,2026-07-07T10:01:00Z,unscheduled_sports,KXNBA-27-CHA,sports_future,,,2026-07-07T10:01:00Z,0
donovan_mitchell_extension,2026-07-07T10:01:00Z,unscheduled_sports,KXNBA-27-BOS,sports_future,,,2026-07-07T10:01:00Z,0
donovan_mitchell_extension,2026-07-07T10:01:00Z,unscheduled_sports,KXNBA-27-BKN,sports_future,,,2026-07-07T10:01:00Z,0
donovan_mitchell_extension,2026-07-07T10:01:00Z,unscheduled_sports,KXNBA-27-ATL,sports_future,,,2026-07-07T10:01:00Z,0
donovan_mitchell_extension,2026-07-07T10:01:00Z,unscheduled_sports,KXNBA-26-SAS,sports_future,,,2026-07-07T10:01:00Z,0
donovan_mitchell_extension,2026-07-07T10:01:00Z,unscheduled_sports,KXNBA-26-OKC,sports_future,,,2026-07-07T10:01:00Z,0
donovan_mitchell_extension,2026-07-07T10:01:00Z,unscheduled_sports,KXNBA-26-NYK,sports_future,,,2026-07-07T10:01:00Z,0
donovan_mitchell_extension,2026-07-07T10:01:00Z,unscheduled_sports,KXNBA-26-CLE,sports_future,,,2026-07-07T10:01:00Z,0
jordan_walsh_extension,2026-07-23T12:27:00Z,unscheduled_sports,KXNBA-27-WAS,sports_future,,,2026-07-23T12:27:00Z,0
jordan_walsh_extension,2026-07-23T12:27:00Z,unscheduled_sports,KXNBA-27-UTA,sports_future,,,2026-07-23T12:27:00Z,0
jordan_walsh_extension,2026-07-23T12:27:00Z,unscheduled_sports,KXNBA-27-TOR,sports_future,,,2026-07-23T12:27:00Z,0
jordan_walsh_extension,2026-07-23T12:27:00Z,unscheduled_sports,KXNBA-27-SAS,sports_future,,,2026-07-23T12:27:00Z,0
jordan_walsh_extension,2026-07-23T12:27:00Z,unscheduled_sports,KXNBA-27-SAC,sports_future,,,2026-07-23T12:27:00Z,0
jordan_walsh_extension,2026-07-23T12:27:00Z,unscheduled_sports,KXNBA-27-POR,sports_future,,,2026-07-23T12:27:00Z,0
jordan_walsh_extension,2026-07-23T12:27:00Z,unscheduled_sports,KXNBA-27-PHX,sports_future,,,2026-07-23T12:27:00Z,0
jordan_walsh_extension,2026-07-23T12:27:00Z,unscheduled_sports,KXNBA-27-PHI,sports_future,,,2026-07-23T12:27:00Z,0
jordan_walsh_extension,2026-07-23T12:27:00Z,unscheduled_sports,KXNBA-27-ORL,sports_future,,,2026-07-23T12:27:00Z,0
jordan_walsh_extension,2026-07-23T12:27:00Z,unscheduled_sports,KXNBA-27-OKC,sports_future,,,2026-07-23T12:27:00Z,0
jordan_walsh_extension,2026-07-23T12:27:00Z,unscheduled_sports,KXNBA-27-NYK,sports_future,,,2026-07-23T12:27:00Z,0
jordan_walsh_extension,2026-07-23T12:27:00Z,unscheduled_sports,KXNBA-27-NOP,sports_future,,,2026-07-23T12:27:00Z,0
jordan_walsh_extension,2026-07-23T12:27:00Z,unscheduled_sports,KXNBA-27-MIN,sports_future,,,2026-07-23T12:27:00Z,0
jordan_walsh_extension,2026-07-23T12:27:00Z,unscheduled_sports,KXNBA-27-MIL,sports_future,,,2026-07-23T12:27:00Z,0
jordan_walsh_extension,2026-07-23T12:27:00Z,unscheduled_sports,KXNBA-27-MIA,sports_future,,,2026-07-23T12:27:00Z,0
jordan_walsh_extension,2026-07-23T12:27:00Z,unscheduled_sports,KXNBA-27-MEM,sports_future,,,2026-07-23T12:27:00Z,0
jordan_walsh_extension,2026-07-23T12:27:00Z,unscheduled_sports,KXNBA-27-LAL,sports_future,,,2026-07-23T12:27:00Z,0
jordan_walsh_extension,2026-07-23T12:27:00Z,unscheduled_sports,KXNBA-27-LAC,sports_future,,,2026-07-23T12:27:00Z,0
jordan_walsh_extension,2026-07-23T12:27:00Z,unscheduled_sports,KXNBA-27-IND,sports_future,,,2026-07-23T12:27:00Z,0
jordan_walsh_extension,2026-07-23T12:27:00Z,unscheduled_sports,KXNBA-27-HOU,sports_future,,,2026-07-23T12:27:00Z,0
jordan_walsh_extension,2026-07-23T12:27:00Z,unscheduled_sports,KXNBA-27-GSW,sports_future,,,2026-07-23T12:27:00Z,0
jordan_walsh_extension,2026-07-23T12:27:00Z,unscheduled_sports,KXNBA-27-DET,sports_future,,,2026-07-23T12:27:00Z,0
jordan_walsh_extension,2026-07-23T12:27:00Z,unscheduled_sports,KXNBA-27-DEN,sports_future,,,2026-07-23T12:27:00Z,0
jordan_walsh_extension,2026-07-23T12:27:00Z,unscheduled_sports,KXNBA-27-DAL,sports_future,,,2026-07-23T12:27:00Z,0
jordan_walsh_extension,2026-07-23T12:27:00Z,unscheduled_sports,KXNBA-27-CLE,sports_future,,,2026-07-23T12:27:00Z,0
jordan_walsh_extension,2026-07-23T12:27:00Z,unscheduled_sports,KXNBA-27-CHI,sports_future,,,2026-07-23T12:27:00Z,0
jordan_walsh_extension,2026-07-23T12:27:00Z,unscheduled_sports,KXNBA-27-CHA,sports_future,,,2026-07-23T12:27:00Z,0
jordan_walsh_extension,2026-07-23T12:27:00Z,unscheduled_sports,KXNBA-27-BOS,sports_future,,,2026-07-23T12:27:00Z,0
jordan_walsh_extension,2026-07-23T12:27:00Z,unscheduled_sports,KXNBA-27-BKN,sports_future,,,2026-07-23T12:27:00Z,0
jordan_walsh_extension,2026-07-23T12:27:00Z,unscheduled_sports,KXNBA-27-ATL,sports_future,,,2026-07-23T12:27:00Z,0
jordan_walsh_extension,2026-07-23T12:27:00Z,unscheduled_sports,KXNBA-26-SAS,sports_future,,,2026-07-23T12:27:00Z,0
jordan_walsh_extension,2026-07-23T12:27:00Z,unscheduled_sports,KXNBA-26-NYK,sports_future,,,2026-07-23T12:27:00Z,0
brian_oneill_extension,2026-07-28T14:24:00Z,unscheduled_sports,KXSB-27-WAS,sports_future,,,2026-07-28T14:24:00Z,0
brian_oneill_extension,2026-07-28T14:24:00Z,unscheduled_sports,KXSB-27-TEN,sports_future,,,2026-07-28T14:24:00Z,0
brian_oneill_extension,2026-07-28T14:24:00Z,unscheduled_sports,KXSB-27-TB,sports_future,,,2026-07-28T14:24:00Z,0
brian_oneill_extension,2026-07-28T14:24:00Z,unscheduled_sports,KXSB-27-SF,sports_future,,,2026-07-28T14:24:00Z,0
brian_oneill_extension,2026-07-28T14:24:00Z,unscheduled_sports,KXSB-27-SEA,sports_future,,,2026-07-28T14:24:00Z,0
brian_oneill_extension,2026-07-28T14:24:00Z,unscheduled_sports,KXSB-27-PIT,sports_future,,,2026-07-28T14:24:00Z,0
brian_oneill_extension,2026-07-28T14:24:00Z,unscheduled_sports,KXSB-27-PHI,sports_future,,,2026-07-28T14:24:00Z,0
brian_oneill_extension,2026-07-28T14:24:00Z,unscheduled_sports,KXSB-27-NYJ,sports_future,,,2026-07-28T14:24:00Z,0
brian_oneill_extension,2026-07-28T14:24:00Z,unscheduled_sports,KXSB-27-NYG,sports_future,,,2026-07-28T14:24:00Z,0
brian_oneill_extension,2026-07-28T14:24:00Z,unscheduled_sports,KXSB-27-NO,sports_future,,,2026-07-28T14:24:00Z,0
brian_oneill_extension,2026-07-28T14:24:00Z,unscheduled_sports,KXSB-27-NE,sports_future,,,2026-07-28T14:24:00Z,0
brian_oneill_extension,2026-07-28T14:24:00Z,unscheduled_sports,KXSB-27-MIN,sports_future,,,2026-07-28T14:24:00Z,0
brian_oneill_extension,2026-07-28T14:24:00Z,unscheduled_sports,KXSB-27-MIA,sports_future,,,2026-07-28T14:24:00Z,0
brian_oneill_extension,2026-07-28T14:24:00Z,unscheduled_sports,KXSB-27-LV,sports_future,,,2026-07-28T14:24:00Z,0
brian_oneill_extension,2026-07-28T14:24:00Z,unscheduled_sports,KXSB-27-LAR,sports_future,,,2026-07-28T14:24:00Z,0
brian_oneill_extension,2026-07-28T14:24:00Z,unscheduled_sports,KXSB-27-LAC,sports_future,,,2026-07-28T14:24:00Z,0
brian_oneill_extension,2026-07-28T14:24:00Z,unscheduled_sports,KXSB-27-KC,sports_future,,,2026-07-28T14:24:00Z,0
brian_oneill_extension,2026-07-28T14:24:00Z,unscheduled_sports,KXSB-27-JAC,sports_future,,,2026-07-28T14:24:00Z,0
brian_oneill_extension,2026-07-28T14:24:00Z,unscheduled_sports,KXSB-27-IND,sports_future,,,2026-07-28T14:24:00Z,0
brian_oneill_extension,2026-07-28T14:24:00Z,unscheduled_sports,KXSB-27-HOU,sports_future,,,2026-07-28T14:24:00Z,0
brian_oneill_extension,2026-07-28T14:24:00Z,unscheduled_sports,KXSB-27-GB,sports_future,,,2026-07-28T14:24:00Z,0
brian_oneill_extension,2026-07-28T14:24:00Z,unscheduled_sports,KXSB-27-DET,sports_future,,,2026-07-28T14:24:00Z,0
brian_oneill_extension,2026-07-28T14:24:00Z,unscheduled_sports,KXSB-27-DEN,sports_future,,,2026-07-28T14:24:00Z,0
brian_oneill_extension,2026-07-28T14:24:00Z,unscheduled_sports,KXSB-27-DAL,sports_future,,,2026-07-28T14:24:00Z,0
brian_oneill_extension,2026-07-28T14:24:00Z,unscheduled_sports,KXSB-27-CLE,sports_future,,,2026-07-28T14:24:00Z,0
brian_oneill_extension,2026-07-28T14:24:00Z,unscheduled_sports,KXSB-27-CIN,sports_future,,,2026-07-28T14:24:00Z,0
brian_oneill_extension,2026-07-28T14:24:00Z,unscheduled_sports,KXSB-27-CHI,sports_future,,,2026-07-28T14:24:00Z,0
brian_oneill_extension,2026-07-28T14:24:00Z,unscheduled_sports,KXSB-27-CAR,sports_future,,,2026-07-28T14:24:00Z,0
brian_oneill_extension,2026-07-28T14:24:00Z,unscheduled_sports,KXSB-27-BUF,sports_future,,,2026-07-28T14:24:00Z,0
brian_oneill_extension,2026-07-28T14:24:00Z,unscheduled_sports,KXSB-27-BAL,sports_future,,,2026-07-28T14:24:00Z,0
brian_oneill_extension,2026-07-28T14:24:00Z,unscheduled_sports,KXSB-27-ATL,sports_future,,,2026-07-28T14:24:00Z,0
brian_oneill_extension,2026-07-28T14:24:00Z,unscheduled_sports,KXSB-27-ARI,sports_future,,,2026-07-28T14:24:00Z,0
aaron_donald_comeback,2026-08-30T17:00:00Z,unscheduled_sports,KXSB-27-WAS,sports_future,,,2026-08-30T17:00:00Z,0
aaron_donald_comeback,2026-08-30T17:00:00Z,unscheduled_sports,KXSB-27-TEN,sports_future,,,2026-08-30T17:00:00Z,0
aaron_donald_comeback,2026-08-30T17:00:00Z,unscheduled_sports,KXSB-27-TB,sports_future,,,2026-08-30T17:00:00Z,0
aaron_donald_comeback,2026-08-30T17:00:00Z,unscheduled_sports,KXSB-27-SF,sports_future,,,2026-08-30T17:00:00Z,0
aaron_donald_comeback,2026-08-30T17:00:00Z,unscheduled_sports,KXSB-27-SEA,sports_future,,,2026-08-30T17:00:00Z,0
aaron_donald_comeback,2026-08-30T17:00:00Z,unscheduled_sports,KXSB-27-PIT,sports_future,,,2026-08-30T17:00:00Z,0
aaron_donald_comeback,2026-08-30T17:00:00Z,unscheduled_sports,KXSB-27-PHI,sports_future,,,2026-08-30T17:00:00Z,0
aaron_donald_comeback,2026-08-30T17:00:00Z,unscheduled_sports,KXSB-27-NYJ,sports_future,,,2026-08-30T17:00:00Z,0
aaron_donald_comeback,2026-08-30T17:00:00Z,unscheduled_sports,KXSB-27-NYG,sports_future,,,2026-08-30T17:00:00Z,0
aaron_donald_comeback,2026-08-30T17:00:00Z,unscheduled_sports,KXSB-27-NO,sports_future,,,2026-08-30T17:00:00Z,0
aaron_donald_comeback,2026-08-30T17:00:00Z,unscheduled_sports,KXSB-27-NE,sports_future,,,2026-08-30T17:00:00Z,0
aaron_donald_comeback,2026-08-30T17:00:00Z,unscheduled_sports,KXSB-27-MIN,sports_future,,,2026-08-30T17:00:00Z,0
aaron_donald_comeback,2026-08-30T17:00:00Z,unscheduled_sports,KXSB-27-MIA,sports_future,,,2026-08-30T17:00:00Z,0
aaron_donald_comeback,2026-08-30T17:00:00Z,unscheduled_sports,KXSB-27-LV,sports_future,,,2026-08-30T17:00:00Z,0
aaron_donald_comeback,2026-08-30T17:00:00Z,unscheduled_sports,KXSB-27-LAR,sports_future,,,2026-08-30T17:00:00Z,0
aaron_donald_comeback,2026-08-30T17:00:00Z,unscheduled_sports,KXSB-27-LAC,sports_future,,,2026-08-30T17:00:00Z,0
aaron_donald_comeback,2026-08-30T17:00:00Z,unscheduled_sports,KXSB-27-KC,sports_future,,,2026-08-30T17:00:00Z,0
aaron_donald_comeback,2026-08-30T17:00:00Z,unscheduled_sports,KXSB-27-JAC,sports_future,,,2026-08-30T17:00:00Z,0
aaron_donald_comeback,2026-08-30T17:00:00Z,unscheduled_sports,KXSB-27-IND,sports_future,,,2026-08-30T17:00:00Z,0
aaron_donald_comeback,2026-08-30T17:00:00Z,unscheduled_sports,KXSB-27-HOU,sports_future,,,2026-08-30T17:00:00Z,0
aaron_donald_comeback,2026-08-30T17:00:00Z,unscheduled_sports,KXSB-27-GB,sports_future,,,2026-08-30T17:00:00Z,0
aaron_donald_comeback,2026-08-30T17:00:00Z,unscheduled_sports,KXSB-27-DET,sports_future,,,2026-08-30T17:00:00Z,0
aaron_donald_comeback,2026-08-30T17:00:00Z,unscheduled_sports,KXSB-27-DEN,sports_future,,,2026-08-30T17:00:00Z,0
aaron_donald_comeback,2026-08-30T17:00:00Z,unscheduled_sports,KXSB-27-DAL,sports_future,,,2026-08-30T17:00:00Z,0
aaron_donald_comeback,2026-08-30T17:00:00Z,unscheduled_sports,KXSB-27-CLE,sports_future,,,2026-08-30T17:00:00Z,0
aaron_donald_comeback,2026-08-30T17:00:00Z,unscheduled_sports,KXSB-27-CIN,sports_future,,,2026-08-30T17:00:00Z,0
aaron_donald_comeback,2026-08-30T17:00:00Z,unscheduled_sports,KXSB-27-CHI,sports_future,,,2026-08-30T17:00:00Z,0
aaron_donald_comeback,2026-08-30T17:00:00Z,unscheduled_sports,KXSB-27-CAR,sports_future,,,2026-08-30T17:00:00Z,0
aaron_donald_comeback,2026-08-30T17:00:00Z,unscheduled_sports,KXSB-27-BUF,sports_future,,,2026-08-30T17:00:00Z,0
aaron_donald_comeback,2026-08-30T17:00:00Z,unscheduled_sports,KXSB-27-BAL,sports_future,,,2026-08-30T17:00:00Z,0
aaron_donald_comeback,2026-08-30T17:00:00Z,unscheduled_sports,KXSB-27-ATL,sports_future,,,2026-08-30T17:00:00Z,0
aaron_donald_comeback,2026-08-30T17:00:00Z,unscheduled_sports,KXSB-27-ARI,sports_future,,,2026-08-30T17:00:00Z,0
nba_schedule_release,2026-08-13T19:08:00Z,scheduled_sports,KXNBA-27-WAS,sports_future,,,2026-08-13T19:08:00Z,0
nba_schedule_release,2026-08-13T19:08:00Z,scheduled_sports,KXNBA-27-UTA,sports_future,,,2026-08-13T19:08:00Z,0
nba_schedule_release,2026-08-13T19:08:00Z,scheduled_sports,KXNBA-27-TOR,sports_future,,,2026-08-13T19:08:00Z,0
nba_schedule_release,2026-08-13T19:08:00Z,scheduled_sports,KXNBA-27-SAS,sports_future,,,2026-08-13T19:08:00Z,0
nba_schedule_release,2026-08-13T19:08:00Z,scheduled_sports,KXNBA-27-SAC,sports_future,,,2026-08-13T19:08:00Z,0
nba_schedule_release,2026-08-13T19:08:00Z,scheduled_sports,KXNBA-27-POR,sports_future,,,2026-08-13T19:08:00Z,0
nba_schedule_release,2026-08-13T19:08:00Z,scheduled_sports,KXNBA-27-PHX,sports_future,,,2026-08-13T19:08:00Z,0
nba_schedule_release,2026-08-13T19:08:00Z,scheduled_sports,KXNBA-27-PHI,sports_future,,,2026-08-13T19:08:00Z,0
nba_schedule_release,2026-08-13T19:08:00Z,scheduled_sports,KXNBA-27-ORL,sports_future,,,2026-08-13T19:08:00Z,0
nba_schedule_release,2026-08-13T19:08:00Z,scheduled_sports,KXNBA-27-OKC,sports_future,,,2026-08-13T19:08:00Z,0
nba_schedule_release,2026-08-13T19:08:00Z,scheduled_sports,KXNBA-27-NYK,sports_future,,,2026-08-13T19:08:00Z,0
nba_schedule_release,2026-08-13T19:08:00Z,scheduled_sports,KXNBA-27-NOP,sports_future,,,2026-08-13T19:08:00Z,0
nba_schedule_release,2026-08-13T19:08:00Z,scheduled_sports,KXNBA-27-MIN,sports_future,,,2026-08-13T19:08:00Z,0
nba_schedule_release,2026-08-13T19:08:00Z,scheduled_sports,KXNBA-27-MIL,sports_future,,,2026-08-13T19:08:00Z,0
nba_schedule_release,2026-08-13T19:08:00Z,scheduled_sports,KXNBA-27-MIA,sports_future,,,2026-08-13T19:08:00Z,0
nba_schedule_release,2026-08-13T19:08:00Z,scheduled_sports,KXNBA-27-MEM,sports_future,,,2026-08-13T19:08:00Z,0
nba_schedule_release,2026-08-13T19:08:00Z,scheduled_sports,KXNBA-27-LAL,sports_future,,,2026-08-13T19:08:00Z,0
nba_schedule_release,2026-08-13T19:08:00Z,scheduled_sports,KXNBA-27-LAC,sports_future,,,2026-08-13T19:08:00Z,0
nba_schedule_release,2026-08-13T19:08:00Z,scheduled_sports,KXNBA-27-IND,sports_future,,,2026-08-13T19:08:00Z,0
nba_schedule_release,2026-08-13T19:08:00Z,scheduled_sports,KXNBA-27-HOU,sports_future,,,2026-08-13T19:08:00Z,0
nba_schedule_release,2026-08-13T19:08:00Z,scheduled_sports,KXNBA-27-GSW,sports_future,,,2026-08-13T19:08:00Z,0
nba_schedule_release,2026-08-13T19:08:00Z,scheduled_sports,KXNBA-27-DET,sports_future,,,2026-08-13T19:08:00Z,0
nba_schedule_release,2026-08-13T19:08:00Z,scheduled_sports,KXNBA-27-DEN,sports_future,,,2026-08-13T19:08:00Z,0
nba_schedule_release,2026-08-13T19:08:00Z,scheduled_sports,KXNBA-27-DAL,sports_future,,,2026-08-13T19:08:00Z,0
nba_schedule_release,2026-08-13T19:08:00Z,scheduled_sports,KXNBA-27-CLE,sports_future,,,2026-08-13T19:08:00Z,0
nba_schedule_release,2026-08-13T19:08:00Z,scheduled_sports,KXNBA-27-CHI,sports_future,,,2026-08-13T19:08:00Z,0
nba_schedule_release,2026-08-13T19:08:00Z,scheduled_sports,KXNBA-27-CHA,sports_future,,,2026-08-13T19:08:00Z,0
nba_schedule_release,2026-08-13T19:08:00Z,scheduled_sports,KXNBA-27-BOS,sports_future,,,2026-08-13T19:08:00Z,0
nba_schedule_release,2026-08-13T19:08:00Z,scheduled_sports,KXNBA-27-BKN,sports_future,,,2026-08-13T19:08:00Z,0
nba_schedule_release,2026-08-13T19:08:00Z,scheduled_sports,KXNBA-27-ATL,sports_future,,,2026-08-13T19:08:00Z,0
nfl_kickoff,2026-09-10T00:20:00Z,scheduled_sports,KXSB-27-WAS,sports_future,,,2026-09-10T00:20:00Z,0
nfl_kickoff,2026-09-10T00:20:00Z,scheduled_sports,KXSB-27-TEN,sports_future,,,2026-09-10T00:20:00Z,0
nfl_kickoff,2026-09-10T00:20:00Z,scheduled_sports,KXSB-27-TB,sports_future,,,2026-09-10T00:20:00Z,0
nfl_kickoff,2026-09-10T00:20:00Z,scheduled_sports,KXSB-27-SF,sports_future,,,2026-09-10T00:20:00Z,0
nfl_kickoff,2026-09-10T00:20:00Z,scheduled_sports,KXSB-27-SEA,sports_future,,,2026-09-10T00:20:00Z,0
nfl_kickoff,2026-09-10T00:20:00Z,scheduled_sports,KXSB-27-PIT,sports_future,,,2026-09-10T00:20:00Z,0
nfl_kickoff,2026-09-10T00:20:00Z,scheduled_sports,KXSB-27-PHI,sports_future,,,2026-09-10T00:20:00Z,0
nfl_kickoff,2026-09-10T00:20:00Z,scheduled_sports,KXSB-27-NYJ,sports_future,,,2026-09-10T00:20:00Z,0
nfl_kickoff,2026-09-10T00:20:00Z,scheduled_sports,KXSB-27-NYG,sports_future,,,2026-09-10T00:20:00Z,0
nfl_kickoff,2026-09-10T00:20:00Z,scheduled_sports,KXSB-27-NO,sports_future,,,2026-09-10T00:20:00Z,0
nfl_kickoff,2026-09-10T00:20:00Z,scheduled_sports,KXSB-27-NE,sports_future,,,2026-09-10T00:20:00Z,0
nfl_kickoff,2026-09-10T00:20:00Z,scheduled_sports,KXSB-27-MIN,sports_future,,,2026-09-10T00:20:00Z,0
nfl_kickoff,2026-09-10T00:20:00Z,scheduled_sports,KXSB-27-MIA,sports_future,,,2026-09-10T00:20:00Z,0
nfl_kickoff,2026-09-10T00:20:00Z,scheduled_sports,KXSB-27-LV,sports_future,,,2026-09-10T00:20:00Z,0
nfl_kickoff,2026-09-10T00:20:00Z,scheduled_sports,KXSB-27-LAR,sports_future,,,2026-09-10T00:20:00Z,0
nfl_kickoff,2026-09-10T00:20:00Z,scheduled_sports,KXSB-27-LAC,sports_future,,,2026-09-10T00:20:00Z,0
nfl_kickoff,2026-09-10T00:20:00Z,scheduled_sports,KXSB-27-KC,sports_future,,,2026-09-10T00:20:00Z,0
nfl_kickoff,2026-09-10T00:20:00Z,scheduled_sports,KXSB-27-JAC,sports_future,,,2026-09-10T00:20:00Z,0
nfl_kickoff,2026-09-10T00:20:00Z,scheduled_sports,KXSB-27-IND,sports_future,,,2026-09-10T00:20:00Z,0
nfl_kickoff,2026-09-10T00:20:00Z,scheduled_sports,KXSB-27-HOU,sports_future,,,2026-09-10T00:20:00Z,0
nfl_kickoff,2026-09-10T00:20:00Z,scheduled_sports,KXSB-27-GB,sports_future,,,2026-09-10T00:20:00Z,0
nfl_kickoff,2026-09-10T00:20:00Z,scheduled_sports,KXSB-27-DET,sports_future,,,2026-09-10T00:20:00Z,0
nfl_kickoff,2026-09-10T00:20:00Z,scheduled_sports,KXSB-27-DEN,sports_future,,,2026-09-10T00:20:00Z,0
nfl_kickoff,2026-09-10T00:20:00Z,scheduled_sports,KXSB-27-DAL,sports_future,,,2026-09-10T00:20:00Z,0
nfl_kickoff,2026-09-10T00:20:00Z,scheduled_sports,KXSB-27-CLE,sports_future,,,2026-09-10T00:20:00Z,0
nfl_kickoff,2026-09-10T00:20:00Z,scheduled_sports,KXSB-27-CIN,sports_future,,,2026-09-10T00:20:00Z,0
nfl_kickoff,2026-09-10T00:20:00Z,scheduled_sports,KXSB-27-CHI,sports_future,,,2026-09-10T00:20:00Z,0
nfl_kickoff,2026-09-10T00:20:00Z,scheduled_sports,KXSB-27-CAR,sports_future,,,2026-09-10T00:20:00Z,0
nfl_kickoff,2026-09-10T00:20:00Z,scheduled_sports,KXSB-27-BUF,sports_future,,,2026-09-10T00:20:00Z,0
nfl_kickoff,2026-09-10T00:20:00Z,scheduled_sports,KXSB-27-BAL,sports_future,,,2026-09-10T00:20:00Z,0
nfl_kickoff,2026-09-10T00:20:00Z,scheduled_sports,KXSB-27-ATL,sports_future,,,2026-09-10T00:20:00Z,0
nfl_kickoff,2026-09-10T00:20:00Z,scheduled_sports,KXSB-27-ARI,sports_future,,,2026-09-10T00:20:00Z,0
nba_opening_night,2026-10-20,scheduled_sports,KXNBA-27-WAS,sports_future,,,2026-10-20,0
nba_opening_night,2026-10-20,scheduled_sports,KXNBA-27-UTA,sports_future,,,2026-10-20,0
nba_opening_night,2026-10-20,scheduled_sports,KXNBA-27-TOR,sports_future,,,2026-10-20,0
nba_opening_night,2026-10-20,scheduled_sports,KXNBA-27-SAS,sports_future,,,2026-10-20,0
nba_opening_night,2026-10-20,scheduled_sports,KXNBA-27-SAC,sports_future,,,2026-10-20,0
nba_opening_night,2026-10-20,scheduled_sports,KXNBA-27-POR,sports_future,,,2026-10-20,0
nba_opening_night,2026-10-20,scheduled_sports,KXNBA-27-PHX,sports_future,,,2026-10-20,0
nba_opening_night,2026-10-20,scheduled_sports,KXNBA-27-PHI,sports_future,,,2026-10-20,0
nba_opening_night,2026-10-20,scheduled_sports,KXNBA-27-ORL,sports_future,,,2026-10-20,0
nba_opening_night,2026-10-20,scheduled_sports,KXNBA-27-OKC,sports_future,,,2026-10-20,0
nba_opening_night,2026-10-20,scheduled_sports,KXNBA-27-NYK,sports_future,,,2026-10-20,0
nba_opening_night,2026-10-20,scheduled_sports,KXNBA-27-NOP,sports_future,,,2026-10-20,0
nba_opening_night,2026-10-20,scheduled_sports,KXNBA-27-MIN,sports_future,,,2026-10-20,0
nba_opening_night,2026-10-20,scheduled_sports,KXNBA-27-MIL,sports_future,,,2026-10-20,0
nba_opening_night,2026-10-20,scheduled_sports,KXNBA-27-MIA,sports_future,,,2026-10-20,0
nba_opening_night,2026-10-20,scheduled_sports,KXNBA-27-MEM,sports_future,,,2026-10-20,0
nba_opening_night,2026-10-20,scheduled_sports,KXNBA-27-LAL,sports_future,,,2026-10-20,0
nba_opening_night,2026-10-20,scheduled_sports,KXNBA-27-LAC,sports_future,,,2026-10-20,0
nba_opening_night,2026-10-20,scheduled_sports,KXNBA-27-IND,sports_future,,,2026-10-20,0
nba_opening_night,2026-10-20,scheduled_sports,KXNBA-27-HOU,sports_future,,,2026-10-20,0
nba_opening_night,2026-10-20,scheduled_sports,KXNBA-27-GSW,sports_future,,,2026-10-20,0
nba_opening_night,2026-10-20,scheduled_sports,KXNBA-27-DET,sports_future,,,2026-10-20,0
nba_opening_night,2026-10-20,scheduled_sports,KXNBA-27-DEN,sports_future,,,2026-10-20,0
nba_opening_night,2026-10-20,scheduled_sports,KXNBA-27-DAL,sports_future,,,2026-10-20,0
nba_opening_night,2026-10-20,scheduled_sports,KXNBA-27-CLE,sports_future,,,2026-10-20,0
nba_opening_night,2026-10-20,scheduled_sports,KXNBA-27-CHI,sports_future,,,2026-10-20,0
nba_opening_night,2026-10-20,scheduled_sports,KXNBA-27-CHA,sports_future,,,2026-10-20,0
nba_opening_night,2026-10-20,scheduled_sports,KXNBA-27-BOS,sports_future,,,2026-10-20,0
nba_opening_night,2026-10-20,scheduled_sports,KXNBA-27-BKN,sports_future,,,2026-10-20,0
nba_opening_night,2026-10-20,scheduled_sports,KXNBA-27-ATL,sports_future,,,2026-10-20,0
nfl_trade_deadline,2026-11-10T21:00:00Z,scheduled_sports,KXSB-27-WAS,sports_future,,,2026-11-10T21:00:00Z,0
nfl_trade_deadline,2026-11-10T21:00:00Z,scheduled_sports,KXSB-27-TEN,sports_future,,,2026-11-10T21:00:00Z,0
nfl_trade_deadline,2026-11-10T21:00:00Z,scheduled_sports,KXSB-27-TB,sports_future,,,2026-11-10T21:00:00Z,0
nfl_trade_deadline,2026-11-10T21:00:00Z,scheduled_sports,KXSB-27-SF,sports_future,,,2026-11-10T21:00:00Z,0
nfl_trade_deadline,2026-11-10T21:00:00Z,scheduled_sports,KXSB-27-SEA,sports_future,,,2026-11-10T21:00:00Z,0
nfl_trade_deadline,2026-11-10T21:00:00Z,scheduled_sports,KXSB-27-PIT,sports_future,,,2026-11-10T21:00:00Z,0
nfl_trade_deadline,2026-11-10T21:00:00Z,scheduled_sports,KXSB-27-PHI,sports_future,,,2026-11-10T21:00:00Z,0
nfl_trade_deadline,2026-11-10T21:00:00Z,scheduled_sports,KXSB-27-NYJ,sports_future,,,2026-11-10T21:00:00Z,0
nfl_trade_deadline,2026-11-10T21:00:00Z,scheduled_sports,KXSB-27-NYG,sports_future,,,2026-11-10T21:00:00Z,0
nfl_trade_deadline,2026-11-10T21:00:00Z,scheduled_sports,KXSB-27-NO,sports_future,,,2026-11-10T21:00:00Z,0
nfl_trade_deadline,2026-11-10T21:00:00Z,scheduled_sports,KXSB-27-NE,sports_future,,,2026-11-10T21:00:00Z,0
nfl_trade_deadline,2026-11-10T21:00:00Z,scheduled_sports,KXSB-27-MIN,sports_future,,,2026-11-10T21:00:00Z,0
nfl_trade_deadline,2026-11-10T21:00:00Z,scheduled_sports,KXSB-27-MIA,sports_future,,,2026-11-10T21:00:00Z,0
nfl_trade_deadline,2026-11-10T21:00:00Z,scheduled_sports,KXSB-27-LV,sports_future,,,2026-11-10T21:00:00Z,0
nfl_trade_deadline,2026-11-10T21:00:00Z,scheduled_sports,KXSB-27-LAR,sports_future,,,2026-11-10T21:00:00Z,0
nfl_trade_deadline,2026-11-10T21:00:00Z,scheduled_sports,KXSB-27-LAC,sports_future,,,2026-11-10T21:00:00Z,0
nfl_trade_deadline,2026-11-10T21:00:00Z,scheduled_sports,KXSB-27-KC,sports_future,,,2026-11-10T21:00:00Z,0
nfl_trade_deadline,2026-11-10T21:00:00Z,scheduled_sports,KXSB-27-JAC,sports_future,,,2026-11-10T21:00:00Z,0
nfl_trade_deadline,2026-11-10T21:00:00Z,scheduled_sports,KXSB-27-IND,sports_future,,,2026-11-10T21:00:00Z,0
nfl_trade_deadline,2026-11-10T21:00:00Z,scheduled_sports,KXSB-27-HOU,sports_future,,,2026-11-10T21:00:00Z,0
nfl_trade_deadline,2026-11-10T21:00:00Z,scheduled_sports,KXSB-27-GB,sports_future,,,2026-11-10T21:00:00Z,0
nfl_trade_deadline,2026-11-10T21:00:00Z,scheduled_sports,KXSB-27-DET,sports_future,,,2026-11-10T21:00:00Z,0
nfl_trade_deadline,2026-11-10T21:00:00Z,scheduled_sports,KXSB-27-DEN,sports_future,,,2026-11-10T21:00:00Z,0
nfl_trade_deadline,2026-11-10T21:00:00Z,scheduled_sports,KXSB-27-DAL,sports_future,,,2026-11-10T21:00:00Z,0
nfl_trade_deadline,2026-11-10T21:00:00Z,scheduled_sports,KXSB-27-CLE,sports_future,,,2026-11-10T21:00:00Z,0
nfl_trade_deadline,2026-11-10T21:00:00Z,scheduled_sports,KXSB-27-CIN,sports_future,,,2026-11-10T21:00:00Z,0
nfl_trade_deadline,2026-11-10T21:00:00Z,scheduled_sports,KXSB-27-CHI,sports_future,,,2026-11-10T21:00:00Z,0
nfl_trade_deadline,2026-11-10T21:00:00Z,scheduled_sports,KXSB-27-CAR,sports_future,,,2026-11-10T21:00:00Z,0
nfl_trade_deadline,2026-11-10T21:00:00Z,scheduled_sports,KXSB-27-BUF,sports_future,,,2026-11-10T21:00:00Z,0
nfl_trade_deadline,2026-11-10T21:00:00Z,scheduled_sports,KXSB-27-BAL,sports_future,,,2026-11-10T21:00:00Z,0
nfl_trade_deadline,2026-11-10T21:00:00Z,scheduled_sports,KXSB-27-ATL,sports_future,,,2026-11-10T21:00:00Z,0
nfl_trade_deadline,2026-11-10T21:00:00Z,scheduled_sports,KXSB-27-ARI,sports_future,,,2026-11-10T21:00:00Z,0
hormuz_retaliation_threat,2026-09-07T13:53:00Z,unscheduled_macro,KXCPI-26AUG-T1.0,macro_bucket,,6,2026-09-07T13:53:00Z,0
hormuz_retaliation_threat,2026-09-07T13:53:00Z,unscheduled_macro,KXCPI-26AUG-T0.9,macro_bucket,,5,2026-09-07T13:53:00Z,0
hormuz_retaliation_threat,2026-09-07T13:53:00Z,unscheduled_macro,KXCPI-26AUG-T0.8,macro_bucket,,4,2026-09-07T13:53:00Z,0
hormuz_retaliation_threat,2026-09-07T13:53:00Z,unscheduled_macro,KXCPI-26AUG-T0.7,macro_bucket,,3,2026-09-07T13:53:00Z,0
hormuz_retaliation_threat,2026-09-07T13:53:00Z,unscheduled_macro,KXCPI-26AUG-T0.6,macro_bucket,,2,2026-09-07T13:53:00Z,0
hormuz_retaliation_threat,2026-09-07T13:53:00Z,unscheduled_macro,KXCPI-26SEP-T0.6,macro_bucket,,2,2026-09-07T13:53:00Z,0
hormuz_retaliation_threat,2026-09-07T13:53:00Z,unscheduled_macro,KXCPI-26SEP-T-0.4,macro_bucket,,8,2026-09-07T13:53:00Z,0
hormuz_retaliation_threat,2026-09-07T13:53:00Z,unscheduled_macro,KXCPI-26SEP-T-0.3,macro_bucket,,7,2026-09-07T13:53:00Z,0
hormuz_retaliation_threat,2026-09-07T13:53:00Z,unscheduled_macro,KXCPI-26SEP-T-0.2,macro_bucket,,6,2026-09-07T13:53:00Z,0
hormuz_retaliation_threat,2026-09-07T13:53:00Z,unscheduled_macro,KXCPI-26AUG-T-0.4,macro_bucket,,8,2026-09-07T13:53:00Z,0
hormuz_retaliation_threat,2026-09-07T13:53:00Z,unscheduled_macro,KXCPI-26AUG-T-0.3,macro_bucket,,7,2026-09-07T13:53:00Z,0
hormuz_retaliation_threat,2026-09-07T13:53:00Z,unscheduled_macro,KXCPI-26AUG-T-0.2,macro_bucket,,6,2026-09-07T13:53:00Z,0
hormuz_retaliation_threat,2026-09-07T13:53:00Z,unscheduled_macro,KXCPI-26JUL-T-0.4,macro_bucket,,8,2026-09-07T13:53:00Z,0
hormuz_retaliation_threat,2026-09-07T13:53:00Z,unscheduled_macro,KXCPI-26JUL-T-0.3,macro_bucket,,7,2026-09-07T13:53:00Z,0
hormuz_retaliation_threat,2026-09-07T13:53:00Z,unscheduled_macro,KXCPI-26JUL-T-0.2,macro_bucket,,6,2026-09-07T13:53:00Z,0
hormuz_retaliation_threat,2026-09-07T13:53:00Z,unscheduled_macro,KXCPI-26NOV-T0.5,macro_bucket,,1,2026-09-07T13:53:00Z,0
hormuz_retaliation_threat,2026-09-07T13:53:00Z,unscheduled_macro,KXCPI-26NOV-T0.4,macro_bucket,,0,2026-09-07T13:53:00Z,0
hormuz_retaliation_threat,2026-09-07T13:53:00Z,unscheduled_macro,KXCPI-26NOV-T0.3,macro_bucket,,1,2026-09-07T13:53:00Z,0
hormuz_retaliation_threat,2026-09-07T13:53:00Z,unscheduled_macro,KXCPI-26NOV-T0.2,macro_bucket,,2,2026-09-07T13:53:00Z,0
hormuz_retaliation_threat,2026-09-07T13:53:00Z,unscheduled_macro,KXCPI-26NOV-T0.1,macro_bucket,,3,2026-09-07T13:53:00Z,0
hormuz_retaliation_threat,2026-09-07T13:53:00Z,unscheduled_macro,KXCPI-26NOV-T-0.1,macro_bucket,,5,2026-09-07T13:53:00Z,0
hormuz_retaliation_threat,2026-09-07T13:53:00Z,unscheduled_macro,KXCPI-26NOV-T0.0,macro_bucket,,4,2026-09-07T13:53:00Z,0
hormuz_retaliation_threat,2026-09-07T13:53:00Z,unscheduled_macro,KXCPI-26OCT-T0.5,macro_bucket,,1,2026-09-07T13:53:00Z,0
hormuz_retaliation_threat,2026-09-07T13:53:00Z,unscheduled_macro,KXCPI-26OCT-T0.4,macro_bucket,,0,2026-09-07T13:53:00Z,0
hormuz_retaliation_threat,2026-09-07T13:53:00Z,unscheduled_macro,KXCPI-26OCT-T0.3,macro_bucket,,1,2026-09-07T13:53:00Z,0
hormuz_retaliation_threat,2026-09-07T13:53:00Z,unscheduled_macro,KXCPI-26OCT-T0.2,macro_bucket,,2,2026-09-07T13:53:00Z,0
hormuz_retaliation_threat,2026-09-07T13:53:00Z,unscheduled_macro,KXCPI-26OCT-T0.1,macro_bucket,,3,2026-09-07T13:53:00Z,0
hormuz_retaliation_threat,2026-09-07T13:53:00Z,unscheduled_macro,KXCPI-26OCT-T-0.1,macro_bucket,,5,2026-09-07T13:53:00Z,0
hormuz_retaliation_threat,2026-09-07T13:53:00Z,unscheduled_macro,KXCPI-26OCT-T0.0,macro_bucket,,4,2026-09-07T13:53:00Z,0
hormuz_retaliation_threat,2026-09-07T13:53:00Z,unscheduled_macro,KXCPI-26SEP-T0.5,macro_bucket,,1,2026-09-07T13:53:00Z,0
hormuz_retaliation_threat,2026-09-07T13:53:00Z,unscheduled_macro,KXCPI-26SEP-T0.4,macro_bucket,,0,2026-09-07T13:53:00Z,0
hormuz_retaliation_threat,2026-09-07T13:53:00Z,unscheduled_macro,KXCPI-26SEP-T0.3,macro_bucket,,1,2026-09-07T13:53:00Z,0
hormuz_retaliation_threat,2026-09-07T13:53:00Z,unscheduled_macro,KXCPI-26SEP-T0.2,macro_bucket,,2,2026-09-07T13:53:00Z,0
hormuz_retaliation_threat,2026-09-07T13:53:00Z,unscheduled_macro,KXCPI-26SEP-T0.1,macro_bucket,,3,2026-09-07T13:53:00Z,0
hormuz_retaliation_threat,2026-09-07T13:53:00Z,unscheduled_macro,KXCPI-26SEP-T-0.1,macro_bucket,,5,2026-09-07T13:53:00Z,0
hormuz_retaliation_threat,2026-09-07T13:53:00Z,unscheduled_macro,KXCPI-26SEP-T0.0,macro_bucket,,4,2026-09-07T13:53:00Z,0
hormuz_retaliation_threat,2026-09-07T13:53:00Z,unscheduled_macro,KXCPI-26AUG-T0.5,macro_bucket,,1,2026-09-07T13:53:00Z,0
hormuz_retaliation_threat,2026-09-07T13:53:00Z,unscheduled_macro,KXCPI-26AUG-T0.4,macro_bucket,,0,2026-09-07T13:53:00Z,0
hormuz_retaliation_threat,2026-09-07T13:53:00Z,unscheduled_macro,KXCPI-26AUG-T0.3,macro_bucket,,1,2026-09-07T13:53:00Z,0
hormuz_retaliation_threat,2026-09-07T13:53:00Z,unscheduled_macro,KXCPI-26AUG-T0.2,macro_bucket,,2,2026-09-07T13:53:00Z,0
hormuz_retaliation_threat,2026-09-07T13:53:00Z,unscheduled_macro,KXCPI-26AUG-T0.1,macro_bucket,,3,2026-09-07T13:53:00Z,0
hormuz_retaliation_threat,2026-09-07T13:53:00Z,unscheduled_macro,KXCPI-26AUG-T-0.1,macro_bucket,,5,2026-09-07T13:53:00Z,0
hormuz_retaliation_threat,2026-09-07T13:53:00Z,unscheduled_macro,KXCPI-26AUG-T0.0,macro_bucket,,4,2026-09-07T13:53:00Z,0
hormuz_retaliation_threat,2026-09-07T13:53:00Z,unscheduled_macro,KXCPI-26JUL-T0.5,macro_bucket,,1,2026-09-07T13:53:00Z,0
hormuz_retaliation_threat,2026-09-07T13:53:00Z,unscheduled_macro,KXCPI-26JUL-T0.4,macro_bucket,,0,2026-09-07T13:53:00Z,0
hormuz_retaliation_threat,2026-09-07T13:53:00Z,unscheduled_macro,KXCPI-26JUL-T0.3,macro_bucket,,1,2026-09-07T13:53:00Z,0
hormuz_retaliation_threat,2026-09-07T13:53:00Z,unscheduled_macro,KXCPI-26JUL-T0.2,macro_bucket,,2,2026-09-07T13:53:00Z,0
hormuz_retaliation_threat,2026-09-07T13:53:00Z,unscheduled_macro,KXCPI-26JUL-T0.1,macro_bucket,,3,2026-09-07T13:53:00Z,0
hormuz_retaliation_threat,2026-09-07T13:53:00Z,unscheduled_macro,KXCPI-26JUL-T-0.1,macro_bucket,,5,2026-09-07T13:53:00Z,0
hormuz_retaliation_threat,2026-09-07T13:53:00Z,unscheduled_macro,KXCPI-26JUL-T0.0,macro_bucket,,4,2026-09-07T13:53:00Z,0
hormuz_retaliation_threat,2026-09-07T13:53:00Z,unscheduled_macro,KXCPICORE-26NOV-T1.0,macro_bucket,,8,2026-09-07T13:53:00Z,0
hormuz_retaliation_threat,2026-09-07T13:53:00Z,unscheduled_macro,KXCPICORE-26NOV-T0.9,macro_bucket,,7,2026-09-07T13:53:00Z,0
hormuz_retaliation_threat,2026-09-07T13:53:00Z,unscheduled_macro,KXCPICORE-26NOV-T0.8,macro_bucket,,6,2026-09-07T13:53:00Z,0
hormuz_retaliation_threat,2026-09-07T13:53:00Z,unscheduled_macro,KXCPICORE-26NOV-T0.7,macro_bucket,,5,2026-09-07T13:53:00Z,0
hormuz_retaliation_threat,2026-09-07T13:53:00Z,unscheduled_macro,KXCPICORE-26NOV-T0.6,macro_bucket,,4,2026-09-07T13:53:00Z,0
hormuz_retaliation_threat,2026-09-07T13:53:00Z,unscheduled_macro,KXCPICORE-26NOV-T0.5,macro_bucket,,3,2026-09-07T13:53:00Z,0
hormuz_retaliation_threat,2026-09-07T13:53:00Z,unscheduled_macro,KXCPICORE-26NOV-T0.4,macro_bucket,,2,2026-09-07T13:53:00Z,0
hormuz_retaliation_threat,2026-09-07T13:53:00Z,unscheduled_macro,KXCPICORE-26NOV-T0.3,macro_bucket,,1,2026-09-07T13:53:00Z,0
hormuz_retaliation_threat,2026-09-07T13:53:00Z,unscheduled_macro,KXCPICORE-26NOV-T0.2,macro_bucket,,0,2026-09-07T13:53:00Z,0
hormuz_retaliation_threat,2026-09-07T13:53:00Z,unscheduled_macro,KXCPICORE-26NOV-T0.1,macro_bucket,,1,2026-09-07T13:53:00Z,0
hormuz_retaliation_threat,2026-09-07T13:53:00Z,unscheduled_macro,KXCPICORE-26NOV-T0.0,macro_bucket,,2,2026-09-07T13:53:00Z,0
hormuz_retaliation_threat,2026-09-07T13:53:00Z,unscheduled_macro,KXCPICORE-26OCT-T1.0,macro_bucket,,8,2026-09-07T13:53:00Z,0
hormuz_retaliation_threat,2026-09-07T13:53:00Z,unscheduled_macro,KXCPICORE-26OCT-T0.9,macro_bucket,,7,2026-09-07T13:53:00Z,0
hormuz_retaliation_threat,2026-09-07T13:53:00Z,unscheduled_macro,KXCPICORE-26OCT-T0.8,macro_bucket,,6,2026-09-07T13:53:00Z,0
hormuz_retaliation_threat,2026-09-07T13:53:00Z,unscheduled_macro,KXCPICORE-26OCT-T0.7,macro_bucket,,5,2026-09-07T13:53:00Z,0
hormuz_retaliation_threat,2026-09-07T13:53:00Z,unscheduled_macro,KXCPICORE-26OCT-T0.6,macro_bucket,,4,2026-09-07T13:53:00Z,0
hormuz_retaliation_threat,2026-09-07T13:53:00Z,unscheduled_macro,KXCPICORE-26OCT-T0.5,macro_bucket,,3,2026-09-07T13:53:00Z,0
hormuz_retaliation_threat,2026-09-07T13:53:00Z,unscheduled_macro,KXCPICORE-26OCT-T0.4,macro_bucket,,2,2026-09-07T13:53:00Z,0
hormuz_retaliation_threat,2026-09-07T13:53:00Z,unscheduled_macro,KXCPICORE-26OCT-T0.3,macro_bucket,,1,2026-09-07T13:53:00Z,0
hormuz_retaliation_threat,2026-09-07T13:53:00Z,unscheduled_macro,KXCPICORE-26OCT-T0.2,macro_bucket,,0,2026-09-07T13:53:00Z,0
hormuz_retaliation_threat,2026-09-07T13:53:00Z,unscheduled_macro,KXCPICORE-26OCT-T0.1,macro_bucket,,1,2026-09-07T13:53:00Z,0
hormuz_retaliation_threat,2026-09-07T13:53:00Z,unscheduled_macro,KXCPICORE-26OCT-T0.0,macro_bucket,,2,2026-09-07T13:53:00Z,0
hormuz_retaliation_threat,2026-09-07T13:53:00Z,unscheduled_macro,KXCPICORE-26SEP-T1.0,macro_bucket,,8,2026-09-07T13:53:00Z,0
hormuz_retaliation_threat,2026-09-07T13:53:00Z,unscheduled_macro,KXCPICORE-26SEP-T0.9,macro_bucket,,7,2026-09-07T13:53:00Z,0
hormuz_retaliation_threat,2026-09-07T13:53:00Z,unscheduled_macro,KXCPICORE-26SEP-T0.8,macro_bucket,,6,2026-09-07T13:53:00Z,0
hormuz_retaliation_threat,2026-09-07T13:53:00Z,unscheduled_macro,KXCPICORE-26SEP-T0.7,macro_bucket,,5,2026-09-07T13:53:00Z,0
hormuz_retaliation_threat,2026-09-07T13:53:00Z,unscheduled_macro,KXCPICORE-26SEP-T0.6,macro_bucket,,4,2026-09-07T13:53:00Z,0
hormuz_retaliation_threat,2026-09-07T13:53:00Z,unscheduled_macro,KXCPICORE-26SEP-T0.5,macro_bucket,,3,2026-09-07T13:53:00Z,0
hormuz_retaliation_threat,2026-09-07T13:53:00Z,unscheduled_macro,KXCPICORE-26SEP-T0.4,macro_bucket,,2,2026-09-07T13:53:00Z,0
hormuz_retaliation_threat,2026-09-07T13:53:00Z,unscheduled_macro,KXCPICORE-26SEP-T0.3,macro_bucket,,1,2026-09-07T13:53:00Z,0
hormuz_retaliation_threat,2026-09-07T13:53:00Z,unscheduled_macro,KXCPICORE-26SEP-T0.2,macro_bucket,,0,2026-09-07T13:53:00Z,0
hormuz_retaliation_threat,2026-09-07T13:53:00Z,unscheduled_macro,KXCPICORE-26SEP-T0.1,macro_bucket,,1,2026-09-07T13:53:00Z,0
hormuz_retaliation_threat,2026-09-07T13:53:00Z,unscheduled_macro,KXCPICORE-26SEP-T0.0,macro_bucket,,2,2026-09-07T13:53:00Z,0
hormuz_retaliation_threat,2026-09-07T13:53:00Z,unscheduled_macro,KXCPICORE-26AUG-T1.0,macro_bucket,,8,2026-09-07T13:53:00Z,0
hormuz_retaliation_threat,2026-09-07T13:53:00Z,unscheduled_macro,KXCPICORE-26AUG-T0.9,macro_bucket,,7,2026-09-07T13:53:00Z,0
hormuz_retaliation_threat,2026-09-07T13:53:00Z,unscheduled_macro,KXCPICORE-26AUG-T0.8,macro_bucket,,6,2026-09-07T13:53:00Z,0
hormuz_retaliation_threat,2026-09-07T13:53:00Z,unscheduled_macro,KXCPICORE-26AUG-T0.7,macro_bucket,,5,2026-09-07T13:53:00Z,0
hormuz_retaliation_threat,2026-09-07T13:53:00Z,unscheduled_macro,KXCPICORE-26AUG-T0.6,macro_bucket,,4,2026-09-07T13:53:00Z,0
hormuz_retaliation_threat,2026-09-07T13:53:00Z,unscheduled_macro,KXCPICORE-26AUG-T0.5,macro_bucket,,3,2026-09-07T13:53:00Z,0
hormuz_retaliation_threat,2026-09-07T13:53:00Z,unscheduled_macro,KXCPICORE-26AUG-T0.4,macro_bucket,,2,2026-09-07T13:53:00Z,0
hormuz_retaliation_threat,2026-09-07T13:53:00Z,unscheduled_macro,KXCPICORE-26AUG-T0.3,macro_bucket,,1,2026-09-07T13:53:00Z,0
hormuz_retaliation_threat,2026-09-07T13:53:00Z,unscheduled_macro,KXCPICORE-26AUG-T0.2,macro_bucket,,0,2026-09-07T13:53:00Z,0
hormuz_retaliation_threat,2026-09-07T13:53:00Z,unscheduled_macro,KXCPICORE-26AUG-T0.1,macro_bucket,,1,2026-09-07T13:53:00Z,0
hormuz_retaliation_threat,2026-09-07T13:53:00Z,unscheduled_macro,KXCPICORE-26AUG-T0.0,macro_bucket,,2,2026-09-07T13:53:00Z,0
hormuz_retaliation_threat,2026-09-07T13:53:00Z,unscheduled_macro,KXCPICORE-26JUL-T1.0,macro_bucket,,8,2026-09-07T13:53:00Z,0
hormuz_retaliation_threat,2026-09-07T13:53:00Z,unscheduled_macro,KXCPICORE-26JUL-T0.9,macro_bucket,,7,2026-09-07T13:53:00Z,0
hormuz_retaliation_threat,2026-09-07T13:53:00Z,unscheduled_macro,KXCPICORE-26JUL-T0.8,macro_bucket,,6,2026-09-07T13:53:00Z,0
hormuz_retaliation_threat,2026-09-07T13:53:00Z,unscheduled_macro,KXCPICORE-26JUL-T0.7,macro_bucket,,5,2026-09-07T13:53:00Z,0
hormuz_retaliation_threat,2026-09-07T13:53:00Z,unscheduled_macro,KXCPICORE-26JUL-T0.6,macro_bucket,,4,2026-09-07T13:53:00Z,0
hormuz_retaliation_threat,2026-09-07T13:53:00Z,unscheduled_macro,KXCPICORE-26JUL-T0.5,macro_bucket,,3,2026-09-07T13:53:00Z,0
hormuz_retaliation_threat,2026-09-07T13:53:00Z,unscheduled_macro,KXCPICORE-26JUL-T0.4,macro_bucket,,2,2026-09-07T13:53:00Z,0
hormuz_retaliation_threat,2026-09-07T13:53:00Z,unscheduled_macro,KXCPICORE-26JUL-T0.3,macro_bucket,,1,2026-09-07T13:53:00Z,0
hormuz_retaliation_threat,2026-09-07T13:53:00Z,unscheduled_macro,KXCPICORE-26JUL-T0.2,macro_bucket,,0,2026-09-07T13:53:00Z,0
hormuz_retaliation_threat,2026-09-07T13:53:00Z,unscheduled_macro,KXCPICORE-26JUL-T0.1,macro_bucket,,1,2026-09-07T13:53:00Z,0
hormuz_retaliation_threat,2026-09-07T13:53:00Z,unscheduled_macro,KXCPICORE-26JUL-T0.0,macro_bucket,,2,2026-09-07T13:53:00Z,0
hormuz_retaliation_threat,2026-09-07T13:53:00Z,unscheduled_macro,KXFED-27APR-T4.25,macro_bucket,,1,2026-09-07T13:53:00Z,0
hormuz_retaliation_threat,2026-09-07T13:53:00Z,unscheduled_macro,KXFED-27APR-T4.00,macro_bucket,,0,2026-09-07T13:53:00Z,0
hormuz_retaliation_threat,2026-09-07T13:53:00Z,unscheduled_macro,KXFED-27APR-T3.75,macro_bucket,,1,2026-09-07T13:53:00Z,0
hormuz_retaliation_threat,2026-09-07T13:53:00Z,unscheduled_macro,KXFED-27APR-T3.50,macro_bucket,,2,2026-09-07T13:53:00Z,0
hormuz_retaliation_threat,2026-09-07T13:53:00Z,unscheduled_macro,KXFED-27APR-T3.25,macro_bucket,,3,2026-09-07T13:53:00Z,0
hormuz_retaliation_threat,2026-09-07T13:53:00Z,unscheduled_macro,KXFED-27APR-T3.00,macro_bucket,,4,2026-09-07T13:53:00Z,0
hormuz_retaliation_threat,2026-09-07T13:53:00Z,unscheduled_macro,KXFED-27APR-T2.75,macro_bucket,,5,2026-09-07T13:53:00Z,0
hormuz_retaliation_threat,2026-09-07T13:53:00Z,unscheduled_macro,KXFED-27APR-T2.50,macro_bucket,,6,2026-09-07T13:53:00Z,0
hormuz_retaliation_threat,2026-09-07T13:53:00Z,unscheduled_macro,KXFED-27APR-T2.25,macro_bucket,,7,2026-09-07T13:53:00Z,0
hormuz_retaliation_threat,2026-09-07T13:53:00Z,unscheduled_macro,KXFED-27APR-T2.00,macro_bucket,,8,2026-09-07T13:53:00Z,0
hormuz_retaliation_threat,2026-09-07T13:53:00Z,unscheduled_macro,KXFED-27APR-T1.75,macro_bucket,,9,2026-09-07T13:53:00Z,0
hormuz_retaliation_threat,2026-09-07T13:53:00Z,unscheduled_macro,KXFED-27APR-T1.50,macro_bucket,,10,2026-09-07T13:53:00Z,0
hormuz_retaliation_threat,2026-09-07T13:53:00Z,unscheduled_macro,KXFED-27APR-T1.25,macro_bucket,,11,2026-09-07T13:53:00Z,0
hormuz_retaliation_threat,2026-09-07T13:53:00Z,unscheduled_macro,KXFED-27APR-T1.00,macro_bucket,,12,2026-09-07T13:53:00Z,0
hormuz_retaliation_threat,2026-09-07T13:53:00Z,unscheduled_macro,KXFED-27APR-T0.75,macro_bucket,,13,2026-09-07T13:53:00Z,0
hormuz_retaliation_threat,2026-09-07T13:53:00Z,unscheduled_macro,KXFED-27APR-T0.50,macro_bucket,,14,2026-09-07T13:53:00Z,0
hormuz_retaliation_threat,2026-09-07T13:53:00Z,unscheduled_macro,KXFED-27APR-T0.25,macro_bucket,,15,2026-09-07T13:53:00Z,0
hormuz_retaliation_threat,2026-09-07T13:53:00Z,unscheduled_macro,KXFED-27APR-T0.00,macro_bucket,,16,2026-09-07T13:53:00Z,0
hormuz_retaliation_threat,2026-09-07T13:53:00Z,unscheduled_macro,KXFED-27MAR-T4.25,macro_bucket,,1,2026-09-07T13:53:00Z,0
hormuz_retaliation_threat,2026-09-07T13:53:00Z,unscheduled_macro,KXFED-27MAR-T4.00,macro_bucket,,0,2026-09-07T13:53:00Z,0
hormuz_retaliation_threat,2026-09-07T13:53:00Z,unscheduled_macro,KXFED-27MAR-T3.75,macro_bucket,,1,2026-09-07T13:53:00Z,0
hormuz_retaliation_threat,2026-09-07T13:53:00Z,unscheduled_macro,KXFED-27MAR-T3.50,macro_bucket,,2,2026-09-07T13:53:00Z,0
hormuz_retaliation_threat,2026-09-07T13:53:00Z,unscheduled_macro,KXFED-27MAR-T3.25,macro_bucket,,3,2026-09-07T13:53:00Z,0
hormuz_retaliation_threat,2026-09-07T13:53:00Z,unscheduled_macro,KXFED-27MAR-T3.00,macro_bucket,,4,2026-09-07T13:53:00Z,0
hormuz_retaliation_threat,2026-09-07T13:53:00Z,unscheduled_macro,KXFED-27MAR-T2.75,macro_bucket,,5,2026-09-07T13:53:00Z,0
hormuz_retaliation_threat,2026-09-07T13:53:00Z,unscheduled_macro,KXFED-27MAR-T2.50,macro_bucket,,6,2026-09-07T13:53:00Z,0
hormuz_retaliation_threat,2026-09-07T13:53:00Z,unscheduled_macro,KXFED-27MAR-T2.25,macro_bucket,,7,2026-09-07T13:53:00Z,0
hormuz_retaliation_threat,2026-09-07T13:53:00Z,unscheduled_macro,KXFED-27MAR-T2.00,macro_bucket,,8,2026-09-07T13:53:00Z,0
hormuz_retaliation_threat,2026-09-07T13:53:00Z,unscheduled_macro,KXFED-27MAR-T1.75,macro_bucket,,9,2026-09-07T13:53:00Z,0
hormuz_retaliation_threat,2026-09-07T13:53:00Z,unscheduled_macro,KXFED-27MAR-T1.50,macro_bucket,,10,2026-09-07T13:53:00Z,0
hormuz_retaliation_threat,2026-09-07T13:53:00Z,unscheduled_macro,KXFED-27MAR-T1.25,macro_bucket,,11,2026-09-07T13:53:00Z,0
hormuz_retaliation_threat,2026-09-07T13:53:00Z,unscheduled_macro,KXFED-27MAR-T1.00,macro_bucket,,12,2026-09-07T13:53:00Z,0
hormuz_retaliation_threat,2026-09-07T13:53:00Z,unscheduled_macro,KXFED-27MAR-T0.75,macro_bucket,,13,2026-09-07T13:53:00Z,0
hormuz_retaliation_threat,2026-09-07T13:53:00Z,unscheduled_macro,KXFED-27MAR-T0.50,macro_bucket,,14,2026-09-07T13:53:00Z,0
hormuz_retaliation_threat,2026-09-07T13:53:00Z,unscheduled_macro,KXFED-27MAR-T0.25,macro_bucket,,15,2026-09-07T13:53:00Z,0
hormuz_retaliation_threat,2026-09-07T13:53:00Z,unscheduled_macro,KXFED-27MAR-T0.00,macro_bucket,,16,2026-09-07T13:53:00Z,0
hormuz_retaliation_threat,2026-09-07T13:53:00Z,unscheduled_macro,KXFED-27JAN-T4.25,macro_bucket,,1,2026-09-07T13:53:00Z,0
hormuz_retaliation_threat,2026-09-07T13:53:00Z,unscheduled_macro,KXFED-27JAN-T4.00,macro_bucket,,0,2026-09-07T13:53:00Z,0
hormuz_retaliation_threat,2026-09-07T13:53:00Z,unscheduled_macro,KXFED-27JAN-T3.75,macro_bucket,,1,2026-09-07T13:53:00Z,0
hormuz_retaliation_threat,2026-09-07T13:53:00Z,unscheduled_macro,KXFED-27JAN-T3.50,macro_bucket,,2,2026-09-07T13:53:00Z,0
hormuz_retaliation_threat,2026-09-07T13:53:00Z,unscheduled_macro,KXFED-27JAN-T3.25,macro_bucket,,3,2026-09-07T13:53:00Z,0
hormuz_retaliation_threat,2026-09-07T13:53:00Z,unscheduled_macro,KXFED-27JAN-T3.00,macro_bucket,,4,2026-09-07T13:53:00Z,0
hormuz_retaliation_threat,2026-09-07T13:53:00Z,unscheduled_macro,KXFED-27JAN-T2.75,macro_bucket,,5,2026-09-07T13:53:00Z,0
hormuz_retaliation_threat,2026-09-07T13:53:00Z,unscheduled_macro,KXFED-27JAN-T2.50,macro_bucket,,6,2026-09-07T13:53:00Z,0
hormuz_retaliation_threat,2026-09-07T13:53:00Z,unscheduled_macro,KXFED-27JAN-T2.25,macro_bucket,,7,2026-09-07T13:53:00Z,0
hormuz_retaliation_threat,2026-09-07T13:53:00Z,unscheduled_macro,KXFED-27JAN-T2.00,macro_bucket,,8,2026-09-07T13:53:00Z,0
hormuz_retaliation_threat,2026-09-07T13:53:00Z,unscheduled_macro,KXFED-27JAN-T1.75,macro_bucket,,9,2026-09-07T13:53:00Z,0
hormuz_retaliation_threat,2026-09-07T13:53:00Z,unscheduled_macro,KXFED-27JAN-T1.50,macro_bucket,,10,2026-09-07T13:53:00Z,0
hormuz_retaliation_threat,2026-09-07T13:53:00Z,unscheduled_macro,KXFED-27JAN-T1.25,macro_bucket,,11,2026-09-07T13:53:00Z,0
hormuz_retaliation_threat,2026-09-07T13:53:00Z,unscheduled_macro,KXFED-27JAN-T1.00,macro_bucket,,12,2026-09-07T13:53:00Z,0
hormuz_retaliation_threat,2026-09-07T13:53:00Z,unscheduled_macro,KXFED-27JAN-T0.75,macro_bucket,,13,2026-09-07T13:53:00Z,0
hormuz_retaliation_threat,2026-09-07T13:53:00Z,unscheduled_macro,KXFED-27JAN-T0.50,macro_bucket,,14,2026-09-07T13:53:00Z,0
hormuz_retaliation_threat,2026-09-07T13:53:00Z,unscheduled_macro,KXFED-27JAN-T0.25,macro_bucket,,15,2026-09-07T13:53:00Z,0
hormuz_retaliation_threat,2026-09-07T13:53:00Z,unscheduled_macro,KXFED-27JAN-T0.00,macro_bucket,,16,2026-09-07T13:53:00Z,0
hormuz_retaliation_threat,2026-09-07T13:53:00Z,unscheduled_macro,KXFED-26DEC-T5.25,macro_bucket,,5,2026-09-07T13:53:00Z,0
hormuz_retaliation_threat,2026-09-07T13:53:00Z,unscheduled_macro,KXFED-26DEC-T5.00,macro_bucket,,4,2026-09-07T13:53:00Z,0
hormuz_retaliation_threat,2026-09-07T13:53:00Z,unscheduled_macro,KXFED-26DEC-T4.75,macro_bucket,,3,2026-09-07T13:53:00Z,0
hormuz_retaliation_threat,2026-09-07T13:53:00Z,unscheduled_macro,KXFED-26DEC-T4.50,macro_bucket,,2,2026-09-07T13:53:00Z,0
hormuz_retaliation_threat,2026-09-07T13:53:00Z,unscheduled_macro,KXFED-26DEC-T4.25,macro_bucket,,1,2026-09-07T13:53:00Z,0
hormuz_retaliation_threat,2026-09-07T13:53:00Z,unscheduled_macro,KXFED-26DEC-T4.00,macro_bucket,,0,2026-09-07T13:53:00Z,0
hormuz_retaliation_threat,2026-09-07T13:53:00Z,unscheduled_macro,KXFED-26DEC-T3.75,macro_bucket,,1,2026-09-07T13:53:00Z,0
hormuz_retaliation_threat,2026-09-07T13:53:00Z,unscheduled_macro,KXFED-26DEC-T3.50,macro_bucket,,2,2026-09-07T13:53:00Z,0
hormuz_retaliation_threat,2026-09-07T13:53:00Z,unscheduled_macro,KXFED-26DEC-T3.25,macro_bucket,,3,2026-09-07T13:53:00Z,0
hormuz_retaliation_threat,2026-09-07T13:53:00Z,unscheduled_macro,KXFED-26DEC-T3.00,macro_bucket,,4,2026-09-07T13:53:00Z,0
hormuz_retaliation_threat,2026-09-07T13:53:00Z,unscheduled_macro,KXFED-26DEC-T2.75,macro_bucket,,5,2026-09-07T13:53:00Z,0
hormuz_retaliation_threat,2026-09-07T13:53:00Z,unscheduled_macro,KXFED-26OCT-T5.25,macro_bucket,,5,2026-09-07T13:53:00Z,0
hormuz_retaliation_threat,2026-09-07T13:53:00Z,unscheduled_macro,KXFED-26OCT-T5.00,macro_bucket,,4,2026-09-07T13:53:00Z,0
hormuz_retaliation_threat,2026-09-07T13:53:00Z,unscheduled_macro,KXFED-26OCT-T4.75,macro_bucket,,3,2026-09-07T13:53:00Z,0
hormuz_retaliation_threat,2026-09-07T13:53:00Z,unscheduled_macro,KXFED-26OCT-T4.50,macro_bucket,,2,2026-09-07T13:53:00Z,0
hormuz_retaliation_threat,2026-09-07T13:53:00Z,unscheduled_macro,KXFED-26OCT-T4.25,macro_bucket,,1,2026-09-07T13:53:00Z,0
hormuz_retaliation_threat,2026-09-07T13:53:00Z,unscheduled_macro,KXFED-26OCT-T4.00,macro_bucket,,0,2026-09-07T13:53:00Z,0
hormuz_retaliation_threat,2026-09-07T13:53:00Z,unscheduled_macro,KXFED-26OCT-T3.75,macro_bucket,,1,2026-09-07T13:53:00Z,0
hormuz_retaliation_threat,2026-09-07T13:53:00Z,unscheduled_macro,KXFED-26OCT-T3.50,macro_bucket,,2,2026-09-07T13:53:00Z,0
hormuz_retaliation_threat,2026-09-07T13:53:00Z,unscheduled_macro,KXFED-26OCT-T3.25,macro_bucket,,3,2026-09-07T13:53:00Z,0
hormuz_retaliation_threat,2026-09-07T13:53:00Z,unscheduled_macro,KXFED-26OCT-T3.00,macro_bucket,,4,2026-09-07T13:53:00Z,0
hormuz_retaliation_threat,2026-09-07T13:53:00Z,unscheduled_macro,KXFED-26OCT-T2.75,macro_bucket,,5,2026-09-07T13:53:00Z,0
hormuz_retaliation_threat,2026-09-07T13:53:00Z,unscheduled_macro,KXFED-26SEP-T5.25,macro_bucket,,5,2026-09-07T13:53:00Z,0
hormuz_retaliation_threat,2026-09-07T13:53:00Z,unscheduled_macro,KXFED-26SEP-T5.00,macro_bucket,,4,2026-09-07T13:53:00Z,0
hormuz_retaliation_threat,2026-09-07T13:53:00Z,unscheduled_macro,KXFED-26SEP-T4.75,macro_bucket,,3,2026-09-07T13:53:00Z,0
hormuz_retaliation_threat,2026-09-07T13:53:00Z,unscheduled_macro,KXFED-26SEP-T4.50,macro_bucket,,2,2026-09-07T13:53:00Z,0
hormuz_retaliation_threat,2026-09-07T13:53:00Z,unscheduled_macro,KXFED-26SEP-T4.25,macro_bucket,,1,2026-09-07T13:53:00Z,0
hormuz_retaliation_threat,2026-09-07T13:53:00Z,unscheduled_macro,KXFED-26SEP-T4.00,macro_bucket,,0,2026-09-07T13:53:00Z,0
hormuz_retaliation_threat,2026-09-07T13:53:00Z,unscheduled_macro,KXFED-26SEP-T3.75,macro_bucket,,1,2026-09-07T13:53:00Z,0
hormuz_retaliation_threat,2026-09-07T13:53:00Z,unscheduled_macro,KXFED-26SEP-T3.50,macro_bucket,,2,2026-09-07T13:53:00Z,0
hormuz_retaliation_threat,2026-09-07T13:53:00Z,unscheduled_macro,KXFED-26SEP-T3.25,macro_bucket,,3,2026-09-07T13:53:00Z,0
hormuz_retaliation_threat,2026-09-07T13:53:00Z,unscheduled_macro,KXFED-26SEP-T3.00,macro_bucket,,4,2026-09-07T13:53:00Z,0
hormuz_retaliation_threat,2026-09-07T13:53:00Z,unscheduled_macro,KXFED-26SEP-T2.75,macro_bucket,,5,2026-09-07T13:53:00Z,0
hormuz_retaliation_threat,2026-09-07T13:53:00Z,unscheduled_macro,KXFED-26JUL-T5.25,macro_bucket,,5,2026-09-07T13:53:00Z,0
hormuz_retaliation_threat,2026-09-07T13:53:00Z,unscheduled_macro,KXFED-26JUL-T5.00,macro_bucket,,4,2026-09-07T13:53:00Z,0
hormuz_retaliation_threat,2026-09-07T13:53:00Z,unscheduled_macro,KXFED-26JUL-T4.75,macro_bucket,,3,2026-09-07T13:53:00Z,0
hormuz_retaliation_threat,2026-09-07T13:53:00Z,unscheduled_macro,KXFED-26JUL-T4.50,macro_bucket,,2,2026-09-07T13:53:00Z,0
hormuz_retaliation_threat,2026-09-07T13:53:00Z,unscheduled_macro,KXFED-26JUL-T4.25,macro_bucket,,1,2026-09-07T13:53:00Z,0
hormuz_retaliation_threat,2026-09-07T13:53:00Z,unscheduled_macro,KXFED-26JUL-T4.00,macro_bucket,,0,2026-09-07T13:53:00Z,0
hormuz_retaliation_threat,2026-09-07T13:53:00Z,unscheduled_macro,KXFED-26JUL-T3.75,macro_bucket,,1,2026-09-07T13:53:00Z,0
hormuz_retaliation_threat,2026-09-07T13:53:00Z,unscheduled_macro,KXFED-26JUL-T3.50,macro_bucket,,2,2026-09-07T13:53:00Z,0
hormuz_retaliation_threat,2026-09-07T13:53:00Z,unscheduled_macro,KXFED-26JUL-T3.25,macro_bucket,,3,2026-09-07T13:53:00Z,0
hormuz_retaliation_threat,2026-09-07T13:53:00Z,unscheduled_macro,KXFED-26JUL-T3.00,macro_bucket,,4,2026-09-07T13:53:00Z,0
hormuz_retaliation_threat,2026-09-07T13:53:00Z,unscheduled_macro,KXFED-26JUL-T2.75,macro_bucket,,5,2026-09-07T13:53:00Z,0
hormuz_retaliation_threat,2026-09-07T13:53:00Z,unscheduled_macro,KXCPI-26DEC-T0.9,macro_bucket,,5,2026-09-07T13:53:00Z,0
hormuz_retaliation_threat,2026-09-07T13:53:00Z,unscheduled_macro,KXCPI-26DEC-T0.8,macro_bucket,,4,2026-09-07T13:53:00Z,0
hormuz_retaliation_threat,2026-09-07T13:53:00Z,unscheduled_macro,KXCPI-26DEC-T0.7,macro_bucket,,3,2026-09-07T13:53:00Z,0
hormuz_retaliation_threat,2026-09-07T13:53:00Z,unscheduled_macro,KXCPI-26DEC-T0.6,macro_bucket,,2,2026-09-07T13:53:00Z,0
hormuz_retaliation_threat,2026-09-07T13:53:00Z,unscheduled_macro,KXCPI-26DEC-T0.5,macro_bucket,,1,2026-09-07T13:53:00Z,0
hormuz_retaliation_threat,2026-09-07T13:53:00Z,unscheduled_macro,KXCPI-26DEC-T0.4,macro_bucket,,0,2026-09-07T13:53:00Z,0
hormuz_retaliation_threat,2026-09-07T13:53:00Z,unscheduled_macro,KXCPI-26DEC-T0.3,macro_bucket,,1,2026-09-07T13:53:00Z,0
hormuz_retaliation_threat,2026-09-07T13:53:00Z,unscheduled_macro,KXCPI-26DEC-T0.2,macro_bucket,,2,2026-09-07T13:53:00Z,0
hormuz_retaliation_threat,2026-09-07T13:53:00Z,unscheduled_macro,KXCPI-26DEC-T0.1,macro_bucket,,3,2026-09-07T13:53:00Z,0
hormuz_retaliation_threat,2026-09-07T13:53:00Z,unscheduled_macro,KXCPI-26DEC-T-0.1,macro_bucket,,5,2026-09-07T13:53:00Z,0
hormuz_retaliation_threat,2026-09-07T13:53:00Z,unscheduled_macro,KXCPI-26DEC-T0.0,macro_bucket,,4,2026-09-07T13:53:00Z,0
hormuz_retaliation_threat,2026-09-07T13:53:00Z,unscheduled_macro,KXCPI-26SEP-T0.9,macro_bucket,,5,2026-09-07T13:53:00Z,0
hormuz_retaliation_threat,2026-09-07T13:53:00Z,unscheduled_macro,KXCPI-26SEP-T0.8,macro_bucket,,4,2026-09-07T13:53:00Z,0
hormuz_retaliation_threat,2026-09-07T13:53:00Z,unscheduled_macro,KXCPI-26SEP-T0.7,macro_bucket,,3,2026-09-07T13:53:00Z,0
canada_proclamations,2026-09-08,unscheduled_macro,KXCPI-26AUG-T1.0,macro_bucket,,6,2026-09-08,0
canada_proclamations,2026-09-08,unscheduled_macro,KXCPI-26AUG-T0.9,macro_bucket,,5,2026-09-08,0
canada_proclamations,2026-09-08,unscheduled_macro,KXCPI-26AUG-T0.8,macro_bucket,,4,2026-09-08,0
canada_proclamations,2026-09-08,unscheduled_macro,KXCPI-26AUG-T0.7,macro_bucket,,3,2026-09-08,0
canada_proclamations,2026-09-08,unscheduled_macro,KXCPI-26AUG-T0.6,macro_bucket,,2,2026-09-08,0
canada_proclamations,2026-09-08,unscheduled_macro,KXCPI-26SEP-T0.6,macro_bucket,,2,2026-09-08,0
canada_proclamations,2026-09-08,unscheduled_macro,KXCPI-26SEP-T-0.4,macro_bucket,,8,2026-09-08,0
canada_proclamations,2026-09-08,unscheduled_macro,KXCPI-26SEP-T-0.3,macro_bucket,,7,2026-09-08,0
canada_proclamations,2026-09-08,unscheduled_macro,KXCPI-26SEP-T-0.2,macro_bucket,,6,2026-09-08,0
canada_proclamations,2026-09-08,unscheduled_macro,KXCPI-26AUG-T-0.4,macro_bucket,,8,2026-09-08,0
canada_proclamations,2026-09-08,unscheduled_macro,KXCPI-26AUG-T-0.3,macro_bucket,,7,2026-09-08,0
canada_proclamations,2026-09-08,unscheduled_macro,KXCPI-26AUG-T-0.2,macro_bucket,,6,2026-09-08,0
canada_proclamations,2026-09-08,unscheduled_macro,KXCPI-26JUL-T-0.4,macro_bucket,,8,2026-09-08,0
canada_proclamations,2026-09-08,unscheduled_macro,KXCPI-26JUL-T-0.3,macro_bucket,,7,2026-09-08,0
canada_proclamations,2026-09-08,unscheduled_macro,KXCPI-26JUL-T-0.2,macro_bucket,,6,2026-09-08,0
canada_proclamations,2026-09-08,unscheduled_macro,KXCPI-26NOV-T0.5,macro_bucket,,1,2026-09-08,0
canada_proclamations,2026-09-08,unscheduled_macro,KXCPI-26NOV-T0.4,macro_bucket,,0,2026-09-08,0
canada_proclamations,2026-09-08,unscheduled_macro,KXCPI-26NOV-T0.3,macro_bucket,,1,2026-09-08,0
canada_proclamations,2026-09-08,unscheduled_macro,KXCPI-26NOV-T0.2,macro_bucket,,2,2026-09-08,0
canada_proclamations,2026-09-08,unscheduled_macro,KXCPI-26NOV-T0.1,macro_bucket,,3,2026-09-08,0
canada_proclamations,2026-09-08,unscheduled_macro,KXCPI-26NOV-T-0.1,macro_bucket,,5,2026-09-08,0
canada_proclamations,2026-09-08,unscheduled_macro,KXCPI-26NOV-T0.0,macro_bucket,,4,2026-09-08,0
canada_proclamations,2026-09-08,unscheduled_macro,KXCPI-26OCT-T0.5,macro_bucket,,1,2026-09-08,0
canada_proclamations,2026-09-08,unscheduled_macro,KXCPI-26OCT-T0.4,macro_bucket,,0,2026-09-08,0
canada_proclamations,2026-09-08,unscheduled_macro,KXCPI-26OCT-T0.3,macro_bucket,,1,2026-09-08,0
canada_proclamations,2026-09-08,unscheduled_macro,KXCPI-26OCT-T0.2,macro_bucket,,2,2026-09-08,0
canada_proclamations,2026-09-08,unscheduled_macro,KXCPI-26OCT-T0.1,macro_bucket,,3,2026-09-08,0
canada_proclamations,2026-09-08,unscheduled_macro,KXCPI-26OCT-T-0.1,macro_bucket,,5,2026-09-08,0
canada_proclamations,2026-09-08,unscheduled_macro,KXCPI-26OCT-T0.0,macro_bucket,,4,2026-09-08,0
canada_proclamations,2026-09-08,unscheduled_macro,KXCPI-26SEP-T0.5,macro_bucket,,1,2026-09-08,0
canada_proclamations,2026-09-08,unscheduled_macro,KXCPI-26SEP-T0.4,macro_bucket,,0,2026-09-08,0
canada_proclamations,2026-09-08,unscheduled_macro,KXCPI-26SEP-T0.3,macro_bucket,,1,2026-09-08,0
canada_proclamations,2026-09-08,unscheduled_macro,KXCPI-26SEP-T0.2,macro_bucket,,2,2026-09-08,0
canada_proclamations,2026-09-08,unscheduled_macro,KXCPI-26SEP-T0.1,macro_bucket,,3,2026-09-08,0
canada_proclamations,2026-09-08,unscheduled_macro,KXCPI-26SEP-T-0.1,macro_bucket,,5,2026-09-08,0
canada_proclamations,2026-09-08,unscheduled_macro,KXCPI-26SEP-T0.0,macro_bucket,,4,2026-09-08,0
canada_proclamations,2026-09-08,unscheduled_macro,KXCPI-26AUG-T0.5,macro_bucket,,1,2026-09-08,0
canada_proclamations,2026-09-08,unscheduled_macro,KXCPI-26AUG-T0.4,macro_bucket,,0,2026-09-08,0
canada_proclamations,2026-09-08,unscheduled_macro,KXCPI-26AUG-T0.3,macro_bucket,,1,2026-09-08,0
canada_proclamations,2026-09-08,unscheduled_macro,KXCPI-26AUG-T0.2,macro_bucket,,2,2026-09-08,0
canada_proclamations,2026-09-08,unscheduled_macro,KXCPI-26AUG-T0.1,macro_bucket,,3,2026-09-08,0
canada_proclamations,2026-09-08,unscheduled_macro,KXCPI-26AUG-T-0.1,macro_bucket,,5,2026-09-08,0
canada_proclamations,2026-09-08,unscheduled_macro,KXCPI-26AUG-T0.0,macro_bucket,,4,2026-09-08,0
canada_proclamations,2026-09-08,unscheduled_macro,KXCPI-26JUL-T0.5,macro_bucket,,1,2026-09-08,0
canada_proclamations,2026-09-08,unscheduled_macro,KXCPI-26JUL-T0.4,macro_bucket,,0,2026-09-08,0
canada_proclamations,2026-09-08,unscheduled_macro,KXCPI-26JUL-T0.3,macro_bucket,,1,2026-09-08,0
canada_proclamations,2026-09-08,unscheduled_macro,KXCPI-26JUL-T0.2,macro_bucket,,2,2026-09-08,0
canada_proclamations,2026-09-08,unscheduled_macro,KXCPI-26JUL-T0.1,macro_bucket,,3,2026-09-08,0
canada_proclamations,2026-09-08,unscheduled_macro,KXCPI-26JUL-T-0.1,macro_bucket,,5,2026-09-08,0
canada_proclamations,2026-09-08,unscheduled_macro,KXCPI-26JUL-T0.0,macro_bucket,,4,2026-09-08,0
canada_proclamations,2026-09-08,unscheduled_macro,KXCPICORE-26NOV-T1.0,macro_bucket,,8,2026-09-08,0
canada_proclamations,2026-09-08,unscheduled_macro,KXCPICORE-26NOV-T0.9,macro_bucket,,7,2026-09-08,0
canada_proclamations,2026-09-08,unscheduled_macro,KXCPICORE-26NOV-T0.8,macro_bucket,,6,2026-09-08,0
canada_proclamations,2026-09-08,unscheduled_macro,KXCPICORE-26NOV-T0.7,macro_bucket,,5,2026-09-08,0
canada_proclamations,2026-09-08,unscheduled_macro,KXCPICORE-26NOV-T0.6,macro_bucket,,4,2026-09-08,0
canada_proclamations,2026-09-08,unscheduled_macro,KXCPICORE-26NOV-T0.5,macro_bucket,,3,2026-09-08,0
canada_proclamations,2026-09-08,unscheduled_macro,KXCPICORE-26NOV-T0.4,macro_bucket,,2,2026-09-08,0
canada_proclamations,2026-09-08,unscheduled_macro,KXCPICORE-26NOV-T0.3,macro_bucket,,1,2026-09-08,0
canada_proclamations,2026-09-08,unscheduled_macro,KXCPICORE-26NOV-T0.2,macro_bucket,,0,2026-09-08,0
canada_proclamations,2026-09-08,unscheduled_macro,KXCPICORE-26NOV-T0.1,macro_bucket,,1,2026-09-08,0
canada_proclamations,2026-09-08,unscheduled_macro,KXCPICORE-26NOV-T0.0,macro_bucket,,2,2026-09-08,0
canada_proclamations,2026-09-08,unscheduled_macro,KXCPICORE-26OCT-T1.0,macro_bucket,,8,2026-09-08,0
canada_proclamations,2026-09-08,unscheduled_macro,KXCPICORE-26OCT-T0.9,macro_bucket,,7,2026-09-08,0
canada_proclamations,2026-09-08,unscheduled_macro,KXCPICORE-26OCT-T0.8,macro_bucket,,6,2026-09-08,0
canada_proclamations,2026-09-08,unscheduled_macro,KXCPICORE-26OCT-T0.7,macro_bucket,,5,2026-09-08,0
canada_proclamations,2026-09-08,unscheduled_macro,KXCPICORE-26OCT-T0.6,macro_bucket,,4,2026-09-08,0
canada_proclamations,2026-09-08,unscheduled_macro,KXCPICORE-26OCT-T0.5,macro_bucket,,3,2026-09-08,0
canada_proclamations,2026-09-08,unscheduled_macro,KXCPICORE-26OCT-T0.4,macro_bucket,,2,2026-09-08,0
canada_proclamations,2026-09-08,unscheduled_macro,KXCPICORE-26OCT-T0.3,macro_bucket,,1,2026-09-08,0
canada_proclamations,2026-09-08,unscheduled_macro,KXCPICORE-26OCT-T0.2,macro_bucket,,0,2026-09-08,0
canada_proclamations,2026-09-08,unscheduled_macro,KXCPICORE-26OCT-T0.1,macro_bucket,,1,2026-09-08,0
canada_proclamations,2026-09-08,unscheduled_macro,KXCPICORE-26OCT-T0.0,macro_bucket,,2,2026-09-08,0
canada_proclamations,2026-09-08,unscheduled_macro,KXCPICORE-26SEP-T1.0,macro_bucket,,8,2026-09-08,0
canada_proclamations,2026-09-08,unscheduled_macro,KXCPICORE-26SEP-T0.9,macro_bucket,,7,2026-09-08,0
canada_proclamations,2026-09-08,unscheduled_macro,KXCPICORE-26SEP-T0.8,macro_bucket,,6,2026-09-08,0
canada_proclamations,2026-09-08,unscheduled_macro,KXCPICORE-26SEP-T0.7,macro_bucket,,5,2026-09-08,0
canada_proclamations,2026-09-08,unscheduled_macro,KXCPICORE-26SEP-T0.6,macro_bucket,,4,2026-09-08,0
canada_proclamations,2026-09-08,unscheduled_macro,KXCPICORE-26SEP-T0.5,macro_bucket,,3,2026-09-08,0
canada_proclamations,2026-09-08,unscheduled_macro,KXCPICORE-26SEP-T0.4,macro_bucket,,2,2026-09-08,0
canada_proclamations,2026-09-08,unscheduled_macro,KXCPICORE-26SEP-T0.3,macro_bucket,,1,2026-09-08,0
canada_proclamations,2026-09-08,unscheduled_macro,KXCPICORE-26SEP-T0.2,macro_bucket,,0,2026-09-08,0
canada_proclamations,2026-09-08,unscheduled_macro,KXCPICORE-26SEP-T0.1,macro_bucket,,1,2026-09-08,0
canada_proclamations,2026-09-08,unscheduled_macro,KXCPICORE-26SEP-T0.0,macro_bucket,,2,2026-09-08,0
canada_proclamations,2026-09-08,unscheduled_macro,KXCPICORE-26AUG-T1.0,macro_bucket,,8,2026-09-08,0
canada_proclamations,2026-09-08,unscheduled_macro,KXCPICORE-26AUG-T0.9,macro_bucket,,7,2026-09-08,0
canada_proclamations,2026-09-08,unscheduled_macro,KXCPICORE-26AUG-T0.8,macro_bucket,,6,2026-09-08,0
canada_proclamations,2026-09-08,unscheduled_macro,KXCPICORE-26AUG-T0.7,macro_bucket,,5,2026-09-08,0
canada_proclamations,2026-09-08,unscheduled_macro,KXCPICORE-26AUG-T0.6,macro_bucket,,4,2026-09-08,0
canada_proclamations,2026-09-08,unscheduled_macro,KXCPICORE-26AUG-T0.5,macro_bucket,,3,2026-09-08,0
canada_proclamations,2026-09-08,unscheduled_macro,KXCPICORE-26AUG-T0.4,macro_bucket,,2,2026-09-08,0
canada_proclamations,2026-09-08,unscheduled_macro,KXCPICORE-26AUG-T0.3,macro_bucket,,1,2026-09-08,0
canada_proclamations,2026-09-08,unscheduled_macro,KXCPICORE-26AUG-T0.2,macro_bucket,,0,2026-09-08,0
canada_proclamations,2026-09-08,unscheduled_macro,KXCPICORE-26AUG-T0.1,macro_bucket,,1,2026-09-08,0
canada_proclamations,2026-09-08,unscheduled_macro,KXCPICORE-26AUG-T0.0,macro_bucket,,2,2026-09-08,0
canada_proclamations,2026-09-08,unscheduled_macro,KXCPICORE-26JUL-T1.0,macro_bucket,,8,2026-09-08,0
canada_proclamations,2026-09-08,unscheduled_macro,KXCPICORE-26JUL-T0.9,macro_bucket,,7,2026-09-08,0
canada_proclamations,2026-09-08,unscheduled_macro,KXCPICORE-26JUL-T0.8,macro_bucket,,6,2026-09-08,0
canada_proclamations,2026-09-08,unscheduled_macro,KXCPICORE-26JUL-T0.7,macro_bucket,,5,2026-09-08,0
canada_proclamations,2026-09-08,unscheduled_macro,KXCPICORE-26JUL-T0.6,macro_bucket,,4,2026-09-08,0
canada_proclamations,2026-09-08,unscheduled_macro,KXCPICORE-26JUL-T0.5,macro_bucket,,3,2026-09-08,0
canada_proclamations,2026-09-08,unscheduled_macro,KXCPICORE-26JUL-T0.4,macro_bucket,,2,2026-09-08,0
canada_proclamations,2026-09-08,unscheduled_macro,KXCPICORE-26JUL-T0.3,macro_bucket,,1,2026-09-08,0
canada_proclamations,2026-09-08,unscheduled_macro,KXCPICORE-26JUL-T0.2,macro_bucket,,0,2026-09-08,0
canada_proclamations,2026-09-08,unscheduled_macro,KXCPICORE-26JUL-T0.1,macro_bucket,,1,2026-09-08,0
canada_proclamations,2026-09-08,unscheduled_macro,KXCPICORE-26JUL-T0.0,macro_bucket,,2,2026-09-08,0
canada_proclamations,2026-09-08,unscheduled_macro,KXCPI-26DEC-T0.9,macro_bucket,,5,2026-09-08,0
canada_proclamations,2026-09-08,unscheduled_macro,KXCPI-26DEC-T0.8,macro_bucket,,4,2026-09-08,0
canada_proclamations,2026-09-08,unscheduled_macro,KXCPI-26DEC-T0.7,macro_bucket,,3,2026-09-08,0
canada_proclamations,2026-09-08,unscheduled_macro,KXCPI-26DEC-T0.6,macro_bucket,,2,2026-09-08,0
canada_proclamations,2026-09-08,unscheduled_macro,KXCPI-26DEC-T0.5,macro_bucket,,1,2026-09-08,0
canada_proclamations,2026-09-08,unscheduled_macro,KXCPI-26DEC-T0.4,macro_bucket,,0,2026-09-08,0
canada_proclamations,2026-09-08,unscheduled_macro,KXCPI-26DEC-T0.3,macro_bucket,,1,2026-09-08,0
canada_proclamations,2026-09-08,unscheduled_macro,KXCPI-26DEC-T0.2,macro_bucket,,2,2026-09-08,0
canada_proclamations,2026-09-08,unscheduled_macro,KXCPI-26DEC-T0.1,macro_bucket,,3,2026-09-08,0
canada_proclamations,2026-09-08,unscheduled_macro,KXCPI-26DEC-T-0.1,macro_bucket,,5,2026-09-08,0
canada_proclamations,2026-09-08,unscheduled_macro,KXCPI-26DEC-T0.0,macro_bucket,,4,2026-09-08,0
canada_proclamations,2026-09-08,unscheduled_macro,KXCPI-26SEP-T0.9,macro_bucket,,5,2026-09-08,0
canada_proclamations,2026-09-08,unscheduled_macro,KXCPI-26SEP-T0.8,macro_bucket,,4,2026-09-08,0
canada_proclamations,2026-09-08,unscheduled_macro,KXCPI-26SEP-T0.7,macro_bucket,,3,2026-09-08,0
perim_island_seized,2026-09-11,unscheduled_macro,KXCPI-26OCT-T1.0,macro_bucket,,6,2026-09-11,0
perim_island_seized,2026-09-11,unscheduled_macro,KXCPI-26OCT-T0.9,macro_bucket,,5,2026-09-11,0
perim_island_seized,2026-09-11,unscheduled_macro,KXCPI-26OCT-T0.8,macro_bucket,,4,2026-09-11,0
perim_island_seized,2026-09-11,unscheduled_macro,KXCPI-26OCT-T0.7,macro_bucket,,3,2026-09-11,0
perim_island_seized,2026-09-11,unscheduled_macro,KXCPI-26OCT-T0.6,macro_bucket,,2,2026-09-11,0
perim_island_seized,2026-09-11,unscheduled_macro,KXCPI-26DEC-T0.9,macro_bucket,,5,2026-09-11,0
perim_island_seized,2026-09-11,unscheduled_macro,KXCPI-26DEC-T0.8,macro_bucket,,4,2026-09-11,0
perim_island_seized,2026-09-11,unscheduled_macro,KXCPI-26DEC-T0.7,macro_bucket,,3,2026-09-11,0
perim_island_seized,2026-09-11,unscheduled_macro,KXCPI-26DEC-T0.6,macro_bucket,,2,2026-09-11,0
perim_island_seized,2026-09-11,unscheduled_macro,KXCPI-26DEC-T0.5,macro_bucket,,1,2026-09-11,0
perim_island_seized,2026-09-11,unscheduled_macro,KXCPI-26DEC-T0.4,macro_bucket,,0,2026-09-11,0
perim_island_seized,2026-09-11,unscheduled_macro,KXCPI-26DEC-T0.3,macro_bucket,,1,2026-09-11,0
perim_island_seized,2026-09-11,unscheduled_macro,KXCPI-26DEC-T0.2,macro_bucket,,2,2026-09-11,0
perim_island_seized,2026-09-11,unscheduled_macro,KXCPI-26DEC-T0.1,macro_bucket,,3,2026-09-11,0
perim_island_seized,2026-09-11,unscheduled_macro,KXCPI-26DEC-T-0.1,macro_bucket,,5,2026-09-11,0
perim_island_seized,2026-09-11,unscheduled_macro,KXCPI-26DEC-T0.0,macro_bucket,,4,2026-09-11,0
perim_island_seized,2026-09-11,unscheduled_macro,KXCPI-26SEP-T0.9,macro_bucket,,5,2026-09-11,0
perim_island_seized,2026-09-11,unscheduled_macro,KXCPI-26SEP-T0.8,macro_bucket,,4,2026-09-11,0
perim_island_seized,2026-09-11,unscheduled_macro,KXCPI-26SEP-T0.7,macro_bucket,,3,2026-09-11,0
perim_island_seized,2026-09-11,unscheduled_macro,KXCPI-26AUG-T1.0,macro_bucket,,6,2026-09-11,0
perim_island_seized,2026-09-11,unscheduled_macro,KXCPI-26AUG-T0.9,macro_bucket,,5,2026-09-11,0
perim_island_seized,2026-09-11,unscheduled_macro,KXCPI-26AUG-T0.8,macro_bucket,,4,2026-09-11,0
perim_island_seized,2026-09-11,unscheduled_macro,KXCPI-26AUG-T0.7,macro_bucket,,3,2026-09-11,0
perim_island_seized,2026-09-11,unscheduled_macro,KXCPI-26AUG-T0.6,macro_bucket,,2,2026-09-11,0
perim_island_seized,2026-09-11,unscheduled_macro,KXCPI-26SEP-T0.6,macro_bucket,,2,2026-09-11,0
perim_island_seized,2026-09-11,unscheduled_macro,KXCPI-26SEP-T-0.4,macro_bucket,,8,2026-09-11,0
perim_island_seized,2026-09-11,unscheduled_macro,KXCPI-26SEP-T-0.3,macro_bucket,,7,2026-09-11,0
perim_island_seized,2026-09-11,unscheduled_macro,KXCPI-26SEP-T-0.2,macro_bucket,,6,2026-09-11,0
perim_island_seized,2026-09-11,unscheduled_macro,KXCPI-26AUG-T-0.4,macro_bucket,,8,2026-09-11,0
perim_island_seized,2026-09-11,unscheduled_macro,KXCPI-26AUG-T-0.3,macro_bucket,,7,2026-09-11,0
perim_island_seized,2026-09-11,unscheduled_macro,KXCPI-26AUG-T-0.2,macro_bucket,,6,2026-09-11,0
perim_island_seized,2026-09-11,unscheduled_macro,KXCPI-26JUL-T-0.4,macro_bucket,,8,2026-09-11,0
perim_island_seized,2026-09-11,unscheduled_macro,KXCPI-26JUL-T-0.3,macro_bucket,,7,2026-09-11,0
perim_island_seized,2026-09-11,unscheduled_macro,KXCPI-26JUL-T-0.2,macro_bucket,,6,2026-09-11,0
perim_island_seized,2026-09-11,unscheduled_macro,KXCPI-26NOV-T0.5,macro_bucket,,1,2026-09-11,0
perim_island_seized,2026-09-11,unscheduled_macro,KXCPI-26NOV-T0.4,macro_bucket,,0,2026-09-11,0
perim_island_seized,2026-09-11,unscheduled_macro,KXCPI-26NOV-T0.3,macro_bucket,,1,2026-09-11,0
perim_island_seized,2026-09-11,unscheduled_macro,KXCPI-26NOV-T0.2,macro_bucket,,2,2026-09-11,0
perim_island_seized,2026-09-11,unscheduled_macro,KXCPI-26NOV-T0.1,macro_bucket,,3,2026-09-11,0
perim_island_seized,2026-09-11,unscheduled_macro,KXCPI-26NOV-T-0.1,macro_bucket,,5,2026-09-11,0
perim_island_seized,2026-09-11,unscheduled_macro,KXCPI-26NOV-T0.0,macro_bucket,,4,2026-09-11,0
perim_island_seized,2026-09-11,unscheduled_macro,KXCPI-26OCT-T0.5,macro_bucket,,1,2026-09-11,0
perim_island_seized,2026-09-11,unscheduled_macro,KXCPI-26OCT-T0.4,macro_bucket,,0,2026-09-11,0
perim_island_seized,2026-09-11,unscheduled_macro,KXCPI-26OCT-T0.3,macro_bucket,,1,2026-09-11,0
perim_island_seized,2026-09-11,unscheduled_macro,KXCPI-26OCT-T0.2,macro_bucket,,2,2026-09-11,0
perim_island_seized,2026-09-11,unscheduled_macro,KXCPI-26OCT-T0.1,macro_bucket,,3,2026-09-11,0
perim_island_seized,2026-09-11,unscheduled_macro,KXCPI-26OCT-T-0.1,macro_bucket,,5,2026-09-11,0
perim_island_seized,2026-09-11,unscheduled_macro,KXCPI-26OCT-T0.0,macro_bucket,,4,2026-09-11,0
perim_island_seized,2026-09-11,unscheduled_macro,KXCPI-26SEP-T0.5,macro_bucket,,1,2026-09-11,0
perim_island_seized,2026-09-11,unscheduled_macro,KXCPI-26SEP-T0.4,macro_bucket,,0,2026-09-11,0
perim_island_seized,2026-09-11,unscheduled_macro,KXCPI-26SEP-T0.3,macro_bucket,,1,2026-09-11,0
perim_island_seized,2026-09-11,unscheduled_macro,KXCPI-26SEP-T0.2,macro_bucket,,2,2026-09-11,0
perim_island_seized,2026-09-11,unscheduled_macro,KXCPI-26SEP-T0.1,macro_bucket,,3,2026-09-11,0
perim_island_seized,2026-09-11,unscheduled_macro,KXCPI-26SEP-T-0.1,macro_bucket,,5,2026-09-11,0
perim_island_seized,2026-09-11,unscheduled_macro,KXCPI-26SEP-T0.0,macro_bucket,,4,2026-09-11,0
perim_island_seized,2026-09-11,unscheduled_macro,KXCPI-26AUG-T0.5,macro_bucket,,1,2026-09-11,0
perim_island_seized,2026-09-11,unscheduled_macro,KXCPI-26AUG-T0.4,macro_bucket,,0,2026-09-11,0
perim_island_seized,2026-09-11,unscheduled_macro,KXCPI-26AUG-T0.3,macro_bucket,,1,2026-09-11,0
perim_island_seized,2026-09-11,unscheduled_macro,KXCPI-26AUG-T0.2,macro_bucket,,2,2026-09-11,0
perim_island_seized,2026-09-11,unscheduled_macro,KXCPI-26AUG-T0.1,macro_bucket,,3,2026-09-11,0
perim_island_seized,2026-09-11,unscheduled_macro,KXCPI-26AUG-T-0.1,macro_bucket,,5,2026-09-11,0
perim_island_seized,2026-09-11,unscheduled_macro,KXCPI-26AUG-T0.0,macro_bucket,,4,2026-09-11,0
perim_island_seized,2026-09-11,unscheduled_macro,KXCPI-26JUL-T0.5,macro_bucket,,1,2026-09-11,0
perim_island_seized,2026-09-11,unscheduled_macro,KXCPI-26JUL-T0.4,macro_bucket,,0,2026-09-11,0
perim_island_seized,2026-09-11,unscheduled_macro,KXCPI-26JUL-T0.3,macro_bucket,,1,2026-09-11,0
perim_island_seized,2026-09-11,unscheduled_macro,KXCPI-26JUL-T0.2,macro_bucket,,2,2026-09-11,0
perim_island_seized,2026-09-11,unscheduled_macro,KXCPI-26JUL-T0.1,macro_bucket,,3,2026-09-11,0
perim_island_seized,2026-09-11,unscheduled_macro,KXCPI-26JUL-T-0.1,macro_bucket,,5,2026-09-11,0
perim_island_seized,2026-09-11,unscheduled_macro,KXCPI-26JUL-T0.0,macro_bucket,,4,2026-09-11,0
perim_island_seized,2026-09-11,unscheduled_macro,KXCPICORE-26DEC-T1.0,macro_bucket,,8,2026-09-11,0
perim_island_seized,2026-09-11,unscheduled_macro,KXCPICORE-26DEC-T0.9,macro_bucket,,7,2026-09-11,0
perim_island_seized,2026-09-11,unscheduled_macro,KXCPICORE-26DEC-T0.8,macro_bucket,,6,2026-09-11,0
perim_island_seized,2026-09-11,unscheduled_macro,KXCPICORE-26DEC-T0.7,macro_bucket,,5,2026-09-11,0
perim_island_seized,2026-09-11,unscheduled_macro,KXCPICORE-26DEC-T0.6,macro_bucket,,4,2026-09-11,0
perim_island_seized,2026-09-11,unscheduled_macro,KXCPICORE-26DEC-T0.5,macro_bucket,,3,2026-09-11,0
perim_island_seized,2026-09-11,unscheduled_macro,KXCPICORE-26DEC-T0.4,macro_bucket,,2,2026-09-11,0
perim_island_seized,2026-09-11,unscheduled_macro,KXCPICORE-26DEC-T0.3,macro_bucket,,1,2026-09-11,0
perim_island_seized,2026-09-11,unscheduled_macro,KXCPICORE-26DEC-T0.2,macro_bucket,,0,2026-09-11,0
perim_island_seized,2026-09-11,unscheduled_macro,KXCPICORE-26DEC-T0.1,macro_bucket,,1,2026-09-11,0
perim_island_seized,2026-09-11,unscheduled_macro,KXCPICORE-26DEC-T0.0,macro_bucket,,2,2026-09-11,0
perim_island_seized,2026-09-11,unscheduled_macro,KXCPICORE-26NOV-T1.0,macro_bucket,,8,2026-09-11,0
perim_island_seized,2026-09-11,unscheduled_macro,KXCPICORE-26NOV-T0.9,macro_bucket,,7,2026-09-11,0
perim_island_seized,2026-09-11,unscheduled_macro,KXCPICORE-26NOV-T0.8,macro_bucket,,6,2026-09-11,0
perim_island_seized,2026-09-11,unscheduled_macro,KXCPICORE-26NOV-T0.7,macro_bucket,,5,2026-09-11,0
perim_island_seized,2026-09-11,unscheduled_macro,KXCPICORE-26NOV-T0.6,macro_bucket,,4,2026-09-11,0
perim_island_seized,2026-09-11,unscheduled_macro,KXCPICORE-26NOV-T0.5,macro_bucket,,3,2026-09-11,0
perim_island_seized,2026-09-11,unscheduled_macro,KXCPICORE-26NOV-T0.4,macro_bucket,,2,2026-09-11,0
perim_island_seized,2026-09-11,unscheduled_macro,KXCPICORE-26NOV-T0.3,macro_bucket,,1,2026-09-11,0
perim_island_seized,2026-09-11,unscheduled_macro,KXCPICORE-26NOV-T0.2,macro_bucket,,0,2026-09-11,0
perim_island_seized,2026-09-11,unscheduled_macro,KXCPICORE-26NOV-T0.1,macro_bucket,,1,2026-09-11,0
perim_island_seized,2026-09-11,unscheduled_macro,KXCPICORE-26NOV-T0.0,macro_bucket,,2,2026-09-11,0
perim_island_seized,2026-09-11,unscheduled_macro,KXCPICORE-26OCT-T1.0,macro_bucket,,8,2026-09-11,0
perim_island_seized,2026-09-11,unscheduled_macro,KXCPICORE-26OCT-T0.9,macro_bucket,,7,2026-09-11,0
perim_island_seized,2026-09-11,unscheduled_macro,KXCPICORE-26OCT-T0.8,macro_bucket,,6,2026-09-11,0
perim_island_seized,2026-09-11,unscheduled_macro,KXCPICORE-26OCT-T0.7,macro_bucket,,5,2026-09-11,0
perim_island_seized,2026-09-11,unscheduled_macro,KXCPICORE-26OCT-T0.6,macro_bucket,,4,2026-09-11,0
perim_island_seized,2026-09-11,unscheduled_macro,KXCPICORE-26OCT-T0.5,macro_bucket,,3,2026-09-11,0
perim_island_seized,2026-09-11,unscheduled_macro,KXCPICORE-26OCT-T0.4,macro_bucket,,2,2026-09-11,0
perim_island_seized,2026-09-11,unscheduled_macro,KXCPICORE-26OCT-T0.3,macro_bucket,,1,2026-09-11,0
perim_island_seized,2026-09-11,unscheduled_macro,KXCPICORE-26OCT-T0.2,macro_bucket,,0,2026-09-11,0
perim_island_seized,2026-09-11,unscheduled_macro,KXCPICORE-26OCT-T0.1,macro_bucket,,1,2026-09-11,0
perim_island_seized,2026-09-11,unscheduled_macro,KXCPICORE-26OCT-T0.0,macro_bucket,,2,2026-09-11,0
perim_island_seized,2026-09-11,unscheduled_macro,KXCPICORE-26SEP-T1.0,macro_bucket,,8,2026-09-11,0
perim_island_seized,2026-09-11,unscheduled_macro,KXCPICORE-26SEP-T0.9,macro_bucket,,7,2026-09-11,0
perim_island_seized,2026-09-11,unscheduled_macro,KXCPICORE-26SEP-T0.8,macro_bucket,,6,2026-09-11,0
perim_island_seized,2026-09-11,unscheduled_macro,KXCPICORE-26SEP-T0.7,macro_bucket,,5,2026-09-11,0
perim_island_seized,2026-09-11,unscheduled_macro,KXCPICORE-26SEP-T0.6,macro_bucket,,4,2026-09-11,0
perim_island_seized,2026-09-11,unscheduled_macro,KXCPICORE-26SEP-T0.5,macro_bucket,,3,2026-09-11,0
perim_island_seized,2026-09-11,unscheduled_macro,KXCPICORE-26SEP-T0.4,macro_bucket,,2,2026-09-11,0
perim_island_seized,2026-09-11,unscheduled_macro,KXCPICORE-26SEP-T0.3,macro_bucket,,1,2026-09-11,0
perim_island_seized,2026-09-11,unscheduled_macro,KXCPICORE-26SEP-T0.2,macro_bucket,,0,2026-09-11,0
perim_island_seized,2026-09-11,unscheduled_macro,KXCPICORE-26SEP-T0.1,macro_bucket,,1,2026-09-11,0
perim_island_seized,2026-09-11,unscheduled_macro,KXCPICORE-26SEP-T0.0,macro_bucket,,2,2026-09-11,0
perim_island_seized,2026-09-11,unscheduled_macro,KXCPICORE-26AUG-T1.0,macro_bucket,,8,2026-09-11,0
perim_island_seized,2026-09-11,unscheduled_macro,KXCPICORE-26AUG-T0.9,macro_bucket,,7,2026-09-11,0
perim_island_seized,2026-09-11,unscheduled_macro,KXCPICORE-26AUG-T0.8,macro_bucket,,6,2026-09-11,0
perim_island_seized,2026-09-11,unscheduled_macro,KXCPICORE-26AUG-T0.7,macro_bucket,,5,2026-09-11,0
perim_island_seized,2026-09-11,unscheduled_macro,KXCPICORE-26AUG-T0.6,macro_bucket,,4,2026-09-11,0
perim_island_seized,2026-09-11,unscheduled_macro,KXCPICORE-26AUG-T0.5,macro_bucket,,3,2026-09-11,0
perim_island_seized,2026-09-11,unscheduled_macro,KXCPICORE-26AUG-T0.4,macro_bucket,,2,2026-09-11,0
perim_island_seized,2026-09-11,unscheduled_macro,KXCPICORE-26AUG-T0.3,macro_bucket,,1,2026-09-11,0
perim_island_seized,2026-09-11,unscheduled_macro,KXCPICORE-26AUG-T0.2,macro_bucket,,0,2026-09-11,0
perim_island_seized,2026-09-11,unscheduled_macro,KXCPICORE-26AUG-T0.1,macro_bucket,,1,2026-09-11,0
perim_island_seized,2026-09-11,unscheduled_macro,KXCPICORE-26AUG-T0.0,macro_bucket,,2,2026-09-11,0
perim_island_seized,2026-09-11,unscheduled_macro,KXCPICORE-26JUL-T1.0,macro_bucket,,8,2026-09-11,0
perim_island_seized,2026-09-11,unscheduled_macro,KXCPICORE-26JUL-T0.9,macro_bucket,,7,2026-09-11,0
perim_island_seized,2026-09-11,unscheduled_macro,KXCPICORE-26JUL-T0.8,macro_bucket,,6,2026-09-11,0
perim_island_seized,2026-09-11,unscheduled_macro,KXCPICORE-26JUL-T0.7,macro_bucket,,5,2026-09-11,0
perim_island_seized,2026-09-11,unscheduled_macro,KXCPICORE-26JUL-T0.6,macro_bucket,,4,2026-09-11,0
perim_island_seized,2026-09-11,unscheduled_macro,KXCPICORE-26JUL-T0.5,macro_bucket,,3,2026-09-11,0
perim_island_seized,2026-09-11,unscheduled_macro,KXCPICORE-26JUL-T0.4,macro_bucket,,2,2026-09-11,0
perim_island_seized,2026-09-11,unscheduled_macro,KXCPICORE-26JUL-T0.3,macro_bucket,,1,2026-09-11,0
perim_island_seized,2026-09-11,unscheduled_macro,KXCPICORE-26JUL-T0.2,macro_bucket,,0,2026-09-11,0
perim_island_seized,2026-09-11,unscheduled_macro,KXCPICORE-26JUL-T0.1,macro_bucket,,1,2026-09-11,0
perim_island_seized,2026-09-11,unscheduled_macro,KXCPICORE-26JUL-T0.0,macro_bucket,,2,2026-09-11,0
perim_island_seized,2026-09-11,unscheduled_macro,KXFED-27APR-T6.00,macro_bucket,,8,2026-09-11,0
perim_island_seized,2026-09-11,unscheduled_macro,KXFED-27APR-T5.75,macro_bucket,,7,2026-09-11,0
perim_island_seized,2026-09-11,unscheduled_macro,KXFED-27APR-T5.50,macro_bucket,,6,2026-09-11,0
perim_island_seized,2026-09-11,unscheduled_macro,KXFED-27APR-T5.25,macro_bucket,,5,2026-09-11,0
perim_island_seized,2026-09-11,unscheduled_macro,KXFED-27APR-T5.00,macro_bucket,,4,2026-09-11,0
perim_island_seized,2026-09-11,unscheduled_macro,KXFED-27APR-T4.75,macro_bucket,,3,2026-09-11,0
perim_island_seized,2026-09-11,unscheduled_macro,KXFED-27APR-T4.50,macro_bucket,,2,2026-09-11,0
perim_island_seized,2026-09-11,unscheduled_macro,KXFED-27MAR-T6.00,macro_bucket,,8,2026-09-11,0
perim_island_seized,2026-09-11,unscheduled_macro,KXFED-27MAR-T5.75,macro_bucket,,7,2026-09-11,0
perim_island_seized,2026-09-11,unscheduled_macro,KXFED-27MAR-T5.50,macro_bucket,,6,2026-09-11,0
perim_island_seized,2026-09-11,unscheduled_macro,KXFED-27MAR-T5.25,macro_bucket,,5,2026-09-11,0
perim_island_seized,2026-09-11,unscheduled_macro,KXFED-27MAR-T5.00,macro_bucket,,4,2026-09-11,0
perim_island_seized,2026-09-11,unscheduled_macro,KXFED-27MAR-T4.75,macro_bucket,,3,2026-09-11,0
perim_island_seized,2026-09-11,unscheduled_macro,KXFED-27MAR-T4.50,macro_bucket,,2,2026-09-11,0
perim_island_seized,2026-09-11,unscheduled_macro,KXFED-27JAN-T6.00,macro_bucket,,8,2026-09-11,0
perim_island_seized,2026-09-11,unscheduled_macro,KXFED-27JAN-T5.75,macro_bucket,,7,2026-09-11,0
perim_island_seized,2026-09-11,unscheduled_macro,KXFED-27JAN-T5.50,macro_bucket,,6,2026-09-11,0
perim_island_seized,2026-09-11,unscheduled_macro,KXFED-27JAN-T5.25,macro_bucket,,5,2026-09-11,0
perim_island_seized,2026-09-11,unscheduled_macro,KXFED-27JAN-T5.00,macro_bucket,,4,2026-09-11,0
perim_island_seized,2026-09-11,unscheduled_macro,KXFED-27JAN-T4.75,macro_bucket,,3,2026-09-11,0
perim_island_seized,2026-09-11,unscheduled_macro,KXFED-27JAN-T4.50,macro_bucket,,2,2026-09-11,0
perim_island_seized,2026-09-11,unscheduled_macro,KXFED-28JAN-T6.00,macro_bucket,,8,2026-09-11,0
perim_island_seized,2026-09-11,unscheduled_macro,KXFED-28JAN-T5.75,macro_bucket,,7,2026-09-11,0
perim_island_seized,2026-09-11,unscheduled_macro,KXFED-28JAN-T5.50,macro_bucket,,6,2026-09-11,0
perim_island_seized,2026-09-11,unscheduled_macro,KXFED-28JAN-T5.25,macro_bucket,,5,2026-09-11,0
perim_island_seized,2026-09-11,unscheduled_macro,KXFED-28JAN-T5.00,macro_bucket,,4,2026-09-11,0
perim_island_seized,2026-09-11,unscheduled_macro,KXFED-28JAN-T4.75,macro_bucket,,3,2026-09-11,0
perim_island_seized,2026-09-11,unscheduled_macro,KXFED-28JAN-T4.50,macro_bucket,,2,2026-09-11,0
perim_island_seized,2026-09-11,unscheduled_macro,KXFED-28JAN-T4.25,macro_bucket,,1,2026-09-11,0
perim_island_seized,2026-09-11,unscheduled_macro,KXFED-28JAN-T4.00,macro_bucket,,0,2026-09-11,0
perim_island_seized,2026-09-11,unscheduled_macro,KXFED-28JAN-T3.75,macro_bucket,,1,2026-09-11,0
perim_island_seized,2026-09-11,unscheduled_macro,KXFED-28JAN-T3.50,macro_bucket,,2,2026-09-11,0
perim_island_seized,2026-09-11,unscheduled_macro,KXFED-28JAN-T3.25,macro_bucket,,3,2026-09-11,0
perim_island_seized,2026-09-11,unscheduled_macro,KXFED-28JAN-T3.00,macro_bucket,,4,2026-09-11,0
perim_island_seized,2026-09-11,unscheduled_macro,KXFED-28JAN-T2.75,macro_bucket,,5,2026-09-11,0
perim_island_seized,2026-09-11,unscheduled_macro,KXFED-28JAN-T2.50,macro_bucket,,6,2026-09-11,0
perim_island_seized,2026-09-11,unscheduled_macro,KXFED-28JAN-T2.25,macro_bucket,,7,2026-09-11,0
perim_island_seized,2026-09-11,unscheduled_macro,KXFED-28JAN-T2.00,macro_bucket,,8,2026-09-11,0
perim_island_seized,2026-09-11,unscheduled_macro,KXFED-28JAN-T1.75,macro_bucket,,9,2026-09-11,0
perim_island_seized,2026-09-11,unscheduled_macro,KXFED-28JAN-T1.50,macro_bucket,,10,2026-09-11,0
perim_island_seized,2026-09-11,unscheduled_macro,KXFED-28JAN-T1.25,macro_bucket,,11,2026-09-11,0
perim_island_seized,2026-09-11,unscheduled_macro,KXFED-28JAN-T1.00,macro_bucket,,12,2026-09-11,0
perim_island_seized,2026-09-11,unscheduled_macro,KXFED-28JAN-T0.75,macro_bucket,,13,2026-09-11,0
perim_island_seized,2026-09-11,unscheduled_macro,KXFED-28JAN-T0.50,macro_bucket,,14,2026-09-11,0
perim_island_seized,2026-09-11,unscheduled_macro,KXFED-28JAN-T0.25,macro_bucket,,15,2026-09-11,0
perim_island_seized,2026-09-11,unscheduled_macro,KXFED-28JAN-T0.00,macro_bucket,,16,2026-09-11,0
perim_island_seized,2026-09-11,unscheduled_macro,KXFED-27DEC-T6.00,macro_bucket,,8,2026-09-11,0
perim_island_seized,2026-09-11,unscheduled_macro,KXFED-27DEC-T5.75,macro_bucket,,7,2026-09-11,0
perim_island_seized,2026-09-11,unscheduled_macro,KXFED-27DEC-T5.50,macro_bucket,,6,2026-09-11,0
perim_island_seized,2026-09-11,unscheduled_macro,KXFED-27DEC-T5.25,macro_bucket,,5,2026-09-11,0
perim_island_seized,2026-09-11,unscheduled_macro,KXFED-27DEC-T5.00,macro_bucket,,4,2026-09-11,0
perim_island_seized,2026-09-11,unscheduled_macro,KXFED-27DEC-T4.75,macro_bucket,,3,2026-09-11,0
perim_island_seized,2026-09-11,unscheduled_macro,KXFED-27DEC-T4.50,macro_bucket,,2,2026-09-11,0
perim_island_seized,2026-09-11,unscheduled_macro,KXFED-27DEC-T4.25,macro_bucket,,1,2026-09-11,0
perim_island_seized,2026-09-11,unscheduled_macro,KXFED-27DEC-T4.00,macro_bucket,,0,2026-09-11,0
perim_island_seized,2026-09-11,unscheduled_macro,KXFED-27DEC-T3.75,macro_bucket,,1,2026-09-11,0
perim_island_seized,2026-09-11,unscheduled_macro,KXFED-27DEC-T3.50,macro_bucket,,2,2026-09-11,0
perim_island_seized,2026-09-11,unscheduled_macro,KXFED-27DEC-T3.25,macro_bucket,,3,2026-09-11,0
perim_island_seized,2026-09-11,unscheduled_macro,KXFED-27DEC-T3.00,macro_bucket,,4,2026-09-11,0
perim_island_seized,2026-09-11,unscheduled_macro,KXFED-27DEC-T2.75,macro_bucket,,5,2026-09-11,0
perim_island_seized,2026-09-11,unscheduled_macro,KXFED-27DEC-T2.50,macro_bucket,,6,2026-09-11,0
perim_island_seized,2026-09-11,unscheduled_macro,KXFED-27DEC-T2.25,macro_bucket,,7,2026-09-11,0
perim_island_seized,2026-09-11,unscheduled_macro,KXFED-27DEC-T2.00,macro_bucket,,8,2026-09-11,0
perim_island_seized,2026-09-11,unscheduled_macro,KXFED-27DEC-T1.75,macro_bucket,,9,2026-09-11,0
perim_island_seized,2026-09-11,unscheduled_macro,KXFED-27DEC-T1.50,macro_bucket,,10,2026-09-11,0
perim_island_seized,2026-09-11,unscheduled_macro,KXFED-27DEC-T1.25,macro_bucket,,11,2026-09-11,0
perim_island_seized,2026-09-11,unscheduled_macro,KXFED-27DEC-T1.00,macro_bucket,,12,2026-09-11,0
perim_island_seized,2026-09-11,unscheduled_macro,KXFED-27DEC-T0.75,macro_bucket,,13,2026-09-11,0
perim_island_seized,2026-09-11,unscheduled_macro,KXFED-27DEC-T0.50,macro_bucket,,14,2026-09-11,0
perim_island_seized,2026-09-11,unscheduled_macro,KXFED-27DEC-T0.25,macro_bucket,,15,2026-09-11,0
perim_island_seized,2026-09-11,unscheduled_macro,KXFED-27DEC-T0.00,macro_bucket,,16,2026-09-11,0
perim_island_seized,2026-09-11,unscheduled_macro,KXFED-27OCT-T6.00,macro_bucket,,8,2026-09-11,0
perim_island_seized,2026-09-11,unscheduled_macro,KXFED-27OCT-T5.75,macro_bucket,,7,2026-09-11,0
perim_island_seized,2026-09-11,unscheduled_macro,KXFED-27OCT-T5.50,macro_bucket,,6,2026-09-11,0
perim_island_seized,2026-09-11,unscheduled_macro,KXFED-27OCT-T5.25,macro_bucket,,5,2026-09-11,0
perim_island_seized,2026-09-11,unscheduled_macro,KXFED-27OCT-T5.00,macro_bucket,,4,2026-09-11,0
perim_island_seized,2026-09-11,unscheduled_macro,KXFED-27OCT-T4.75,macro_bucket,,3,2026-09-11,0
perim_island_seized,2026-09-11,unscheduled_macro,KXFED-27OCT-T4.50,macro_bucket,,2,2026-09-11,0
perim_island_seized,2026-09-11,unscheduled_macro,KXFED-27OCT-T4.25,macro_bucket,,1,2026-09-11,0
perim_island_seized,2026-09-11,unscheduled_macro,KXFED-27OCT-T4.00,macro_bucket,,0,2026-09-11,0
perim_island_seized,2026-09-11,unscheduled_macro,KXFED-27OCT-T3.75,macro_bucket,,1,2026-09-11,0
perim_island_seized,2026-09-11,unscheduled_macro,KXFED-27OCT-T3.50,macro_bucket,,2,2026-09-11,0
perim_island_seized,2026-09-11,unscheduled_macro,KXFED-27OCT-T3.25,macro_bucket,,3,2026-09-11,0
perim_island_seized,2026-09-11,unscheduled_macro,KXFED-27OCT-T3.00,macro_bucket,,4,2026-09-11,0
perim_island_seized,2026-09-11,unscheduled_macro,KXFED-27OCT-T2.75,macro_bucket,,5,2026-09-11,0
perim_island_seized,2026-09-11,unscheduled_macro,KXFED-27OCT-T2.50,macro_bucket,,6,2026-09-11,0
perim_island_seized,2026-09-11,unscheduled_macro,KXFED-27OCT-T2.25,macro_bucket,,7,2026-09-11,0
perim_island_seized,2026-09-11,unscheduled_macro,KXFED-27OCT-T2.00,macro_bucket,,8,2026-09-11,0
perim_island_seized,2026-09-11,unscheduled_macro,KXFED-27OCT-T1.75,macro_bucket,,9,2026-09-11,0
perim_island_seized,2026-09-11,unscheduled_macro,KXFED-27OCT-T1.50,macro_bucket,,10,2026-09-11,0
perim_island_seized,2026-09-11,unscheduled_macro,KXFED-27OCT-T1.25,macro_bucket,,11,2026-09-11,0
perim_island_seized,2026-09-11,unscheduled_macro,KXFED-27OCT-T1.00,macro_bucket,,12,2026-09-11,0
perim_island_seized,2026-09-11,unscheduled_macro,KXFED-27OCT-T0.75,macro_bucket,,13,2026-09-11,0
perim_island_seized,2026-09-11,unscheduled_macro,KXFED-27OCT-T0.50,macro_bucket,,14,2026-09-11,0
perim_island_seized,2026-09-11,unscheduled_macro,KXFED-27OCT-T0.25,macro_bucket,,15,2026-09-11,0
perim_island_seized,2026-09-11,unscheduled_macro,KXFED-27OCT-T0.00,macro_bucket,,16,2026-09-11,0
perim_island_seized,2026-09-11,unscheduled_macro,KXFED-27SEP-T6.00,macro_bucket,,8,2026-09-11,0
perim_island_seized,2026-09-11,unscheduled_macro,KXFED-27SEP-T5.75,macro_bucket,,7,2026-09-11,0
perim_island_seized,2026-09-11,unscheduled_macro,KXFED-27SEP-T5.50,macro_bucket,,6,2026-09-11,0
perim_island_seized,2026-09-11,unscheduled_macro,KXFED-27SEP-T5.25,macro_bucket,,5,2026-09-11,0
perim_island_seized,2026-09-11,unscheduled_macro,KXFED-27SEP-T5.00,macro_bucket,,4,2026-09-11,0
perim_island_seized,2026-09-11,unscheduled_macro,KXFED-27SEP-T4.75,macro_bucket,,3,2026-09-11,0
perim_island_seized,2026-09-11,unscheduled_macro,KXFED-27SEP-T4.50,macro_bucket,,2,2026-09-11,0
perim_island_seized,2026-09-11,unscheduled_macro,KXFED-27SEP-T4.25,macro_bucket,,1,2026-09-11,0
perim_island_seized,2026-09-11,unscheduled_macro,KXFED-27SEP-T4.00,macro_bucket,,0,2026-09-11,0
perim_island_seized,2026-09-11,unscheduled_macro,KXFED-27SEP-T3.75,macro_bucket,,1,2026-09-11,0
perim_island_seized,2026-09-11,unscheduled_macro,KXFED-27SEP-T3.50,macro_bucket,,2,2026-09-11,0
perim_island_seized,2026-09-11,unscheduled_macro,KXFED-27SEP-T3.25,macro_bucket,,3,2026-09-11,0
perim_island_seized,2026-09-11,unscheduled_macro,KXFED-27SEP-T3.00,macro_bucket,,4,2026-09-11,0
perim_island_seized,2026-09-11,unscheduled_macro,KXFED-27SEP-T2.75,macro_bucket,,5,2026-09-11,0
perim_island_seized,2026-09-11,unscheduled_macro,KXFED-27SEP-T2.50,macro_bucket,,6,2026-09-11,0
perim_island_seized,2026-09-11,unscheduled_macro,KXFED-27SEP-T2.25,macro_bucket,,7,2026-09-11,0
perim_island_seized,2026-09-11,unscheduled_macro,KXFED-27SEP-T2.00,macro_bucket,,8,2026-09-11,0
perim_island_seized,2026-09-11,unscheduled_macro,KXFED-27SEP-T1.75,macro_bucket,,9,2026-09-11,0
perim_island_seized,2026-09-11,unscheduled_macro,KXFED-27SEP-T1.50,macro_bucket,,10,2026-09-11,0
perim_island_seized,2026-09-11,unscheduled_macro,KXFED-27SEP-T1.25,macro_bucket,,11,2026-09-11,0
perim_island_seized,2026-09-11,unscheduled_macro,KXFED-27SEP-T1.00,macro_bucket,,12,2026-09-11,0
perim_island_seized,2026-09-11,unscheduled_macro,KXFED-27SEP-T0.75,macro_bucket,,13,2026-09-11,0
perim_island_seized,2026-09-11,unscheduled_macro,KXFED-27SEP-T0.50,macro_bucket,,14,2026-09-11,0
perim_island_seized,2026-09-11,unscheduled_macro,KXFED-27SEP-T0.25,macro_bucket,,15,2026-09-11,0
perim_island_seized,2026-09-11,unscheduled_macro,KXFED-27SEP-T0.00,macro_bucket,,16,2026-09-11,0
perim_island_seized,2026-09-11,unscheduled_macro,KXFED-27JUL-T6.00,macro_bucket,,8,2026-09-11,0
perim_island_seized,2026-09-11,unscheduled_macro,KXFED-27JUL-T5.75,macro_bucket,,7,2026-09-11,0
perim_island_seized,2026-09-11,unscheduled_macro,KXFED-27JUL-T5.50,macro_bucket,,6,2026-09-11,0
perim_island_seized,2026-09-11,unscheduled_macro,KXFED-27JUL-T5.25,macro_bucket,,5,2026-09-11,0
perim_island_seized,2026-09-11,unscheduled_macro,KXFED-27JUL-T5.00,macro_bucket,,4,2026-09-11,0
perim_island_seized,2026-09-11,unscheduled_macro,KXFED-27JUL-T4.75,macro_bucket,,3,2026-09-11,0
perim_island_seized,2026-09-11,unscheduled_macro,KXFED-27JUL-T4.50,macro_bucket,,2,2026-09-11,0
perim_island_seized,2026-09-11,unscheduled_macro,KXFED-27JUL-T4.25,macro_bucket,,1,2026-09-11,0
perim_island_seized,2026-09-11,unscheduled_macro,KXFED-27JUL-T4.00,macro_bucket,,0,2026-09-11,0
perim_island_seized,2026-09-11,unscheduled_macro,KXFED-27JUL-T3.75,macro_bucket,,1,2026-09-11,0
perim_island_seized,2026-09-11,unscheduled_macro,KXFED-27JUL-T3.50,macro_bucket,,2,2026-09-11,0
perim_island_seized,2026-09-11,unscheduled_macro,KXFED-27JUL-T3.25,macro_bucket,,3,2026-09-11,0
perim_island_seized,2026-09-11,unscheduled_macro,KXFED-27JUL-T3.00,macro_bucket,,4,2026-09-11,0
perim_island_seized,2026-09-11,unscheduled_macro,KXFED-27JUL-T2.75,macro_bucket,,5,2026-09-11,0
perim_island_seized,2026-09-11,unscheduled_macro,KXFED-27JUL-T2.50,macro_bucket,,6,2026-09-11,0
perim_island_seized,2026-09-11,unscheduled_macro,KXFED-27JUL-T2.25,macro_bucket,,7,2026-09-11,0
perim_island_seized,2026-09-11,unscheduled_macro,KXFED-27JUL-T2.00,macro_bucket,,8,2026-09-11,0
perim_island_seized,2026-09-11,unscheduled_macro,KXFED-27JUL-T1.75,macro_bucket,,9,2026-09-11,0
perim_island_seized,2026-09-11,unscheduled_macro,KXFED-27JUL-T1.50,macro_bucket,,10,2026-09-11,0
perim_island_seized,2026-09-11,unscheduled_macro,KXFED-27JUL-T1.25,macro_bucket,,11,2026-09-11,0
perim_island_seized,2026-09-11,unscheduled_macro,KXFED-27JUL-T1.00,macro_bucket,,12,2026-09-11,0
perim_island_seized,2026-09-11,unscheduled_macro,KXFED-27JUL-T0.75,macro_bucket,,13,2026-09-11,0
perim_island_seized,2026-09-11,unscheduled_macro,KXFED-27JUL-T0.50,macro_bucket,,14,2026-09-11,0
perim_island_seized,2026-09-11,unscheduled_macro,KXFED-27JUL-T0.25,macro_bucket,,15,2026-09-11,0
perim_island_seized,2026-09-11,unscheduled_macro,KXFED-27JUL-T0.00,macro_bucket,,16,2026-09-11,0
perim_island_seized,2026-09-11,unscheduled_macro,KXFED-27JUN-T6.00,macro_bucket,,8,2026-09-11,0
perim_island_seized,2026-09-11,unscheduled_macro,KXFED-27JUN-T5.75,macro_bucket,,7,2026-09-11,0
perim_island_seized,2026-09-11,unscheduled_macro,KXFED-27JUN-T5.50,macro_bucket,,6,2026-09-11,0
perim_island_seized,2026-09-11,unscheduled_macro,KXFED-27JUN-T5.25,macro_bucket,,5,2026-09-11,0
perim_island_seized,2026-09-11,unscheduled_macro,KXFED-27JUN-T5.00,macro_bucket,,4,2026-09-11,0
perim_island_seized,2026-09-11,unscheduled_macro,KXFED-27JUN-T4.75,macro_bucket,,3,2026-09-11,0
perim_island_seized,2026-09-11,unscheduled_macro,KXFED-27JUN-T4.50,macro_bucket,,2,2026-09-11,0
perim_island_seized,2026-09-11,unscheduled_macro,KXFED-27JUN-T4.25,macro_bucket,,1,2026-09-11,0
perim_island_seized,2026-09-11,unscheduled_macro,KXFED-27JUN-T4.00,macro_bucket,,0,2026-09-11,0
perim_island_seized,2026-09-11,unscheduled_macro,KXFED-27JUN-T3.75,macro_bucket,,1,2026-09-11,0
perim_island_seized,2026-09-11,unscheduled_macro,KXFED-27JUN-T3.50,macro_bucket,,2,2026-09-11,0
perim_island_seized,2026-09-11,unscheduled_macro,KXFED-27JUN-T3.25,macro_bucket,,3,2026-09-11,0
perim_island_seized,2026-09-11,unscheduled_macro,KXFED-27JUN-T3.00,macro_bucket,,4,2026-09-11,0
perim_island_seized,2026-09-11,unscheduled_macro,KXFED-27JUN-T2.75,macro_bucket,,5,2026-09-11,0
perim_island_seized,2026-09-11,unscheduled_macro,KXFED-27JUN-T2.50,macro_bucket,,6,2026-09-11,0
perim_island_seized,2026-09-11,unscheduled_macro,KXFED-27JUN-T2.25,macro_bucket,,7,2026-09-11,0
perim_island_seized,2026-09-11,unscheduled_macro,KXFED-27JUN-T2.00,macro_bucket,,8,2026-09-11,0
perim_island_seized,2026-09-11,unscheduled_macro,KXFED-27JUN-T1.75,macro_bucket,,9,2026-09-11,0
perim_island_seized,2026-09-11,unscheduled_macro,KXFED-27JUN-T1.50,macro_bucket,,10,2026-09-11,0
perim_island_seized,2026-09-11,unscheduled_macro,KXFED-27JUN-T1.25,macro_bucket,,11,2026-09-11,0
perim_island_seized,2026-09-11,unscheduled_macro,KXFED-27JUN-T1.00,macro_bucket,,12,2026-09-11,0
perim_island_seized,2026-09-11,unscheduled_macro,KXFED-27JUN-T0.75,macro_bucket,,13,2026-09-11,0
perim_island_seized,2026-09-11,unscheduled_macro,KXFED-27JUN-T0.50,macro_bucket,,14,2026-09-11,0
perim_island_seized,2026-09-11,unscheduled_macro,KXFED-27JUN-T0.25,macro_bucket,,15,2026-09-11,0
perim_island_seized,2026-09-11,unscheduled_macro,KXFED-27JUN-T0.00,macro_bucket,,16,2026-09-11,0
perim_island_seized,2026-09-11,unscheduled_macro,KXFED-27APR-T4.25,macro_bucket,,1,2026-09-11,0
perim_island_seized,2026-09-11,unscheduled_macro,KXFED-27APR-T4.00,macro_bucket,,0,2026-09-11,0
perim_island_seized,2026-09-11,unscheduled_macro,KXFED-27APR-T3.75,macro_bucket,,1,2026-09-11,0
perim_island_seized,2026-09-11,unscheduled_macro,KXFED-27APR-T3.50,macro_bucket,,2,2026-09-11,0
perim_island_seized,2026-09-11,unscheduled_macro,KXFED-27APR-T3.25,macro_bucket,,3,2026-09-11,0
perim_island_seized,2026-09-11,unscheduled_macro,KXFED-27APR-T3.00,macro_bucket,,4,2026-09-11,0
perim_island_seized,2026-09-11,unscheduled_macro,KXFED-27APR-T2.75,macro_bucket,,5,2026-09-11,0
perim_island_seized,2026-09-11,unscheduled_macro,KXFED-27APR-T2.50,macro_bucket,,6,2026-09-11,0
perim_island_seized,2026-09-11,unscheduled_macro,KXFED-27APR-T2.25,macro_bucket,,7,2026-09-11,0
perim_island_seized,2026-09-11,unscheduled_macro,KXFED-27APR-T2.00,macro_bucket,,8,2026-09-11,0
perim_island_seized,2026-09-11,unscheduled_macro,KXFED-27APR-T1.75,macro_bucket,,9,2026-09-11,0
perim_island_seized,2026-09-11,unscheduled_macro,KXFED-27APR-T1.50,macro_bucket,,10,2026-09-11,0
perim_island_seized,2026-09-11,unscheduled_macro,KXFED-27APR-T1.25,macro_bucket,,11,2026-09-11,0
perim_island_seized,2026-09-11,unscheduled_macro,KXFED-27APR-T1.00,macro_bucket,,12,2026-09-11,0
perim_island_seized,2026-09-11,unscheduled_macro,KXFED-27APR-T0.75,macro_bucket,,13,2026-09-11,0
perim_island_seized,2026-09-11,unscheduled_macro,KXFED-27APR-T0.50,macro_bucket,,14,2026-09-11,0
perim_island_seized,2026-09-11,unscheduled_macro,KXFED-27APR-T0.25,macro_bucket,,15,2026-09-11,0
perim_island_seized,2026-09-11,unscheduled_macro,KXFED-27APR-T0.00,macro_bucket,,16,2026-09-11,0
perim_island_seized,2026-09-11,unscheduled_macro,KXFED-27MAR-T4.25,macro_bucket,,1,2026-09-11,0
perim_island_seized,2026-09-11,unscheduled_macro,KXFED-27MAR-T4.00,macro_bucket,,0,2026-09-11,0
perim_island_seized,2026-09-11,unscheduled_macro,KXFED-27MAR-T3.75,macro_bucket,,1,2026-09-11,0
perim_island_seized,2026-09-11,unscheduled_macro,KXFED-27MAR-T3.50,macro_bucket,,2,2026-09-11,0
perim_island_seized,2026-09-11,unscheduled_macro,KXFED-27MAR-T3.25,macro_bucket,,3,2026-09-11,0
perim_island_seized,2026-09-11,unscheduled_macro,KXFED-27MAR-T3.00,macro_bucket,,4,2026-09-11,0
perim_island_seized,2026-09-11,unscheduled_macro,KXFED-27MAR-T2.75,macro_bucket,,5,2026-09-11,0
perim_island_seized,2026-09-11,unscheduled_macro,KXFED-27MAR-T2.50,macro_bucket,,6,2026-09-11,0
perim_island_seized,2026-09-11,unscheduled_macro,KXFED-27MAR-T2.25,macro_bucket,,7,2026-09-11,0
perim_island_seized,2026-09-11,unscheduled_macro,KXFED-27MAR-T2.00,macro_bucket,,8,2026-09-11,0
perim_island_seized,2026-09-11,unscheduled_macro,KXFED-27MAR-T1.75,macro_bucket,,9,2026-09-11,0
perim_island_seized,2026-09-11,unscheduled_macro,KXFED-27MAR-T1.50,macro_bucket,,10,2026-09-11,0
perim_island_seized,2026-09-11,unscheduled_macro,KXFED-27MAR-T1.25,macro_bucket,,11,2026-09-11,0
perim_island_seized,2026-09-11,unscheduled_macro,KXFED-27MAR-T1.00,macro_bucket,,12,2026-09-11,0
perim_island_seized,2026-09-11,unscheduled_macro,KXFED-27MAR-T0.75,macro_bucket,,13,2026-09-11,0
perim_island_seized,2026-09-11,unscheduled_macro,KXFED-27MAR-T0.50,macro_bucket,,14,2026-09-11,0
perim_island_seized,2026-09-11,unscheduled_macro,KXFED-27MAR-T0.25,macro_bucket,,15,2026-09-11,0
perim_island_seized,2026-09-11,unscheduled_macro,KXFED-27MAR-T0.00,macro_bucket,,16,2026-09-11,0
perim_island_seized,2026-09-11,unscheduled_macro,KXFED-27JAN-T4.25,macro_bucket,,1,2026-09-11,0
perim_island_seized,2026-09-11,unscheduled_macro,KXFED-27JAN-T4.00,macro_bucket,,0,2026-09-11,0
perim_island_seized,2026-09-11,unscheduled_macro,KXFED-27JAN-T3.75,macro_bucket,,1,2026-09-11,0
perim_island_seized,2026-09-11,unscheduled_macro,KXFED-27JAN-T3.50,macro_bucket,,2,2026-09-11,0
perim_island_seized,2026-09-11,unscheduled_macro,KXFED-27JAN-T3.25,macro_bucket,,3,2026-09-11,0
perim_island_seized,2026-09-11,unscheduled_macro,KXFED-27JAN-T3.00,macro_bucket,,4,2026-09-11,0
perim_island_seized,2026-09-11,unscheduled_macro,KXFED-27JAN-T2.75,macro_bucket,,5,2026-09-11,0
perim_island_seized,2026-09-11,unscheduled_macro,KXFED-27JAN-T2.50,macro_bucket,,6,2026-09-11,0
perim_island_seized,2026-09-11,unscheduled_macro,KXFED-27JAN-T2.25,macro_bucket,,7,2026-09-11,0
perim_island_seized,2026-09-11,unscheduled_macro,KXFED-27JAN-T2.00,macro_bucket,,8,2026-09-11,0
perim_island_seized,2026-09-11,unscheduled_macro,KXFED-27JAN-T1.75,macro_bucket,,9,2026-09-11,0
perim_island_seized,2026-09-11,unscheduled_macro,KXFED-27JAN-T1.50,macro_bucket,,10,2026-09-11,0
perim_island_seized,2026-09-11,unscheduled_macro,KXFED-27JAN-T1.25,macro_bucket,,11,2026-09-11,0
perim_island_seized,2026-09-11,unscheduled_macro,KXFED-27JAN-T1.00,macro_bucket,,12,2026-09-11,0
perim_island_seized,2026-09-11,unscheduled_macro,KXFED-27JAN-T0.75,macro_bucket,,13,2026-09-11,0
perim_island_seized,2026-09-11,unscheduled_macro,KXFED-27JAN-T0.50,macro_bucket,,14,2026-09-11,0
perim_island_seized,2026-09-11,unscheduled_macro,KXFED-27JAN-T0.25,macro_bucket,,15,2026-09-11,0
perim_island_seized,2026-09-11,unscheduled_macro,KXFED-27JAN-T0.00,macro_bucket,,16,2026-09-11,0
perim_island_seized,2026-09-11,unscheduled_macro,KXFED-26DEC-T5.25,macro_bucket,,5,2026-09-11,0
perim_island_seized,2026-09-11,unscheduled_macro,KXFED-26DEC-T5.00,macro_bucket,,4,2026-09-11,0
perim_island_seized,2026-09-11,unscheduled_macro,KXFED-26DEC-T4.75,macro_bucket,,3,2026-09-11,0
perim_island_seized,2026-09-11,unscheduled_macro,KXFED-26DEC-T4.50,macro_bucket,,2,2026-09-11,0
perim_island_seized,2026-09-11,unscheduled_macro,KXFED-26DEC-T4.25,macro_bucket,,1,2026-09-11,0
perim_island_seized,2026-09-11,unscheduled_macro,KXFED-26DEC-T4.00,macro_bucket,,0,2026-09-11,0
perim_island_seized,2026-09-11,unscheduled_macro,KXFED-26DEC-T3.75,macro_bucket,,1,2026-09-11,0
perim_island_seized,2026-09-11,unscheduled_macro,KXFED-26DEC-T3.50,macro_bucket,,2,2026-09-11,0
perim_island_seized,2026-09-11,unscheduled_macro,KXFED-26DEC-T3.25,macro_bucket,,3,2026-09-11,0
perim_island_seized,2026-09-11,unscheduled_macro,KXFED-26DEC-T3.00,macro_bucket,,4,2026-09-11,0
perim_island_seized,2026-09-11,unscheduled_macro,KXFED-26DEC-T2.75,macro_bucket,,5,2026-09-11,0
perim_island_seized,2026-09-11,unscheduled_macro,KXFED-26OCT-T5.25,macro_bucket,,5,2026-09-11,0
perim_island_seized,2026-09-11,unscheduled_macro,KXFED-26OCT-T5.00,macro_bucket,,4,2026-09-11,0
perim_island_seized,2026-09-11,unscheduled_macro,KXFED-26OCT-T4.75,macro_bucket,,3,2026-09-11,0
perim_island_seized,2026-09-11,unscheduled_macro,KXFED-26OCT-T4.50,macro_bucket,,2,2026-09-11,0
perim_island_seized,2026-09-11,unscheduled_macro,KXFED-26OCT-T4.25,macro_bucket,,1,2026-09-11,0
perim_island_seized,2026-09-11,unscheduled_macro,KXFED-26OCT-T4.00,macro_bucket,,0,2026-09-11,0
perim_island_seized,2026-09-11,unscheduled_macro,KXFED-26OCT-T3.75,macro_bucket,,1,2026-09-11,0
perim_island_seized,2026-09-11,unscheduled_macro,KXFED-26OCT-T3.50,macro_bucket,,2,2026-09-11,0
perim_island_seized,2026-09-11,unscheduled_macro,KXFED-26OCT-T3.25,macro_bucket,,3,2026-09-11,0
perim_island_seized,2026-09-11,unscheduled_macro,KXFED-26OCT-T3.00,macro_bucket,,4,2026-09-11,0
perim_island_seized,2026-09-11,unscheduled_macro,KXFED-26OCT-T2.75,macro_bucket,,5,2026-09-11,0
perim_island_seized,2026-09-11,unscheduled_macro,KXFED-26SEP-T5.25,macro_bucket,,5,2026-09-11,0
perim_island_seized,2026-09-11,unscheduled_macro,KXFED-26SEP-T5.00,macro_bucket,,4,2026-09-11,0
perim_island_seized,2026-09-11,unscheduled_macro,KXFED-26SEP-T4.75,macro_bucket,,3,2026-09-11,0
perim_island_seized,2026-09-11,unscheduled_macro,KXFED-26SEP-T4.50,macro_bucket,,2,2026-09-11,0
perim_island_seized,2026-09-11,unscheduled_macro,KXFED-26SEP-T4.25,macro_bucket,,1,2026-09-11,0
perim_island_seized,2026-09-11,unscheduled_macro,KXFED-26SEP-T4.00,macro_bucket,,0,2026-09-11,0
perim_island_seized,2026-09-11,unscheduled_macro,KXFED-26SEP-T3.75,macro_bucket,,1,2026-09-11,0
perim_island_seized,2026-09-11,unscheduled_macro,KXFED-26SEP-T3.50,macro_bucket,,2,2026-09-11,0
perim_island_seized,2026-09-11,unscheduled_macro,KXFED-26SEP-T3.25,macro_bucket,,3,2026-09-11,0
perim_island_seized,2026-09-11,unscheduled_macro,KXFED-26SEP-T3.00,macro_bucket,,4,2026-09-11,0
perim_island_seized,2026-09-11,unscheduled_macro,KXFED-26SEP-T2.75,macro_bucket,,5,2026-09-11,0
perim_island_seized,2026-09-11,unscheduled_macro,KXFED-26JUL-T5.25,macro_bucket,,5,2026-09-11,0
perim_island_seized,2026-09-11,unscheduled_macro,KXFED-26JUL-T5.00,macro_bucket,,4,2026-09-11,0
perim_island_seized,2026-09-11,unscheduled_macro,KXFED-26JUL-T4.75,macro_bucket,,3,2026-09-11,0
perim_island_seized,2026-09-11,unscheduled_macro,KXFED-26JUL-T4.50,macro_bucket,,2,2026-09-11,0
perim_island_seized,2026-09-11,unscheduled_macro,KXFED-26JUL-T4.25,macro_bucket,,1,2026-09-11,0
perim_island_seized,2026-09-11,unscheduled_macro,KXFED-26JUL-T4.00,macro_bucket,,0,2026-09-11,0
perim_island_seized,2026-09-11,unscheduled_macro,KXFED-26JUL-T3.75,macro_bucket,,1,2026-09-11,0
perim_island_seized,2026-09-11,unscheduled_macro,KXFED-26JUL-T3.50,macro_bucket,,2,2026-09-11,0
perim_island_seized,2026-09-11,unscheduled_macro,KXFED-26JUL-T3.25,macro_bucket,,3,2026-09-11,0
perim_island_seized,2026-09-11,unscheduled_macro,KXFED-26JUL-T3.00,macro_bucket,,4,2026-09-11,0
perim_island_seized,2026-09-11,unscheduled_macro,KXFED-26JUL-T2.75,macro_bucket,,5,2026-09-11,0
hormuz_strike_pipeline_shutdown,2026-09-10,unscheduled_macro,KXCPI-26OCT-T1.0,macro_bucket,,6,2026-09-10,0
hormuz_strike_pipeline_shutdown,2026-09-10,unscheduled_macro,KXCPI-26OCT-T0.9,macro_bucket,,5,2026-09-10,0
hormuz_strike_pipeline_shutdown,2026-09-10,unscheduled_macro,KXCPI-26OCT-T0.8,macro_bucket,,4,2026-09-10,0
hormuz_strike_pipeline_shutdown,2026-09-10,unscheduled_macro,KXCPI-26SEP-T0.8,macro_bucket,,4,2026-09-10,0
hormuz_strike_pipeline_shutdown,2026-09-10,unscheduled_macro,KXCPI-26SEP-T0.7,macro_bucket,,3,2026-09-10,0
hormuz_strike_pipeline_shutdown,2026-09-10,unscheduled_macro,KXCPI-26JUL-T-0.2,macro_bucket,,6,2026-09-10,0
hormuz_strike_pipeline_shutdown,2026-09-10,unscheduled_macro,KXCPI-26NOV-T0.0,macro_bucket,,4,2026-09-10,0
hormuz_strike_pipeline_shutdown,2026-09-10,unscheduled_macro,KXCPI-26OCT-T0.4,macro_bucket,,0,2026-09-10,0
hormuz_strike_pipeline_shutdown,2026-09-10,unscheduled_macro,KXCPI-26OCT-T0.2,macro_bucket,,2,2026-09-10,0
hormuz_strike_pipeline_shutdown,2026-09-10,unscheduled_macro,KXCPI-26SEP-T-0.1,macro_bucket,,5,2026-09-10,0
hormuz_strike_pipeline_shutdown,2026-09-10,unscheduled_macro,KXCPI-26SEP-T0.0,macro_bucket,,4,2026-09-10,0
hormuz_strike_pipeline_shutdown,2026-09-10,unscheduled_macro,KXCPI-26AUG-T0.5,macro_bucket,,1,2026-09-10,0
hormuz_strike_pipeline_shutdown,2026-09-10,unscheduled_macro,KXCPI-26JUL-T0.3,macro_bucket,,1,2026-09-10,0
hormuz_strike_pipeline_shutdown,2026-09-10,unscheduled_macro,KXCPI-26JUL-T0.2,macro_bucket,,2,2026-09-10,0
hormuz_strike_pipeline_shutdown,2026-09-10,unscheduled_macro,KXCPICORE-26DEC-T1.0,macro_bucket,,8,2026-09-10,0
hormuz_strike_pipeline_shutdown,2026-09-10,unscheduled_macro,KXCPICORE-26DEC-T0.9,macro_bucket,,7,2026-09-10,0
hormuz_strike_pipeline_shutdown,2026-09-10,unscheduled_macro,KXCPICORE-26DEC-T0.8,macro_bucket,,6,2026-09-10,0
hormuz_strike_pipeline_shutdown,2026-09-10,unscheduled_macro,KXCPICORE-26DEC-T0.7,macro_bucket,,5,2026-09-10,0
hormuz_strike_pipeline_shutdown,2026-09-10,unscheduled_macro,KXCPICORE-26DEC-T0.6,macro_bucket,,4,2026-09-10,0
hormuz_strike_pipeline_shutdown,2026-09-10,unscheduled_macro,KXCPICORE-26DEC-T0.5,macro_bucket,,3,2026-09-10,0
hormuz_strike_pipeline_shutdown,2026-09-10,unscheduled_macro,KXCPICORE-26DEC-T0.4,macro_bucket,,2,2026-09-10,0
hormuz_strike_pipeline_shutdown,2026-09-10,unscheduled_macro,KXCPICORE-26DEC-T0.3,macro_bucket,,1,2026-09-10,0
hormuz_strike_pipeline_shutdown,2026-09-10,unscheduled_macro,KXCPICORE-26DEC-T0.2,macro_bucket,,0,2026-09-10,0
hormuz_strike_pipeline_shutdown,2026-09-10,unscheduled_macro,KXCPICORE-26DEC-T0.1,macro_bucket,,1,2026-09-10,0
hormuz_strike_pipeline_shutdown,2026-09-10,unscheduled_macro,KXCPICORE-26DEC-T0.0,macro_bucket,,2,2026-09-10,0
hormuz_strike_pipeline_shutdown,2026-09-10,unscheduled_macro,KXCPICORE-26NOV-T0.9,macro_bucket,,7,2026-09-10,0
hormuz_strike_pipeline_shutdown,2026-09-10,unscheduled_macro,KXCPICORE-26NOV-T0.8,macro_bucket,,6,2026-09-10,0
hormuz_strike_pipeline_shutdown,2026-09-10,unscheduled_macro,KXCPICORE-26OCT-T0.9,macro_bucket,,7,2026-09-10,0
hormuz_strike_pipeline_shutdown,2026-09-10,unscheduled_macro,KXCPICORE-26OCT-T0.1,macro_bucket,,1,2026-09-10,0
hormuz_strike_pipeline_shutdown,2026-09-10,unscheduled_macro,KXCPICORE-26SEP-T1.0,macro_bucket,,8,2026-09-10,0
hormuz_strike_pipeline_shutdown,2026-09-10,unscheduled_macro,KXCPICORE-26SEP-T0.8,macro_bucket,,6,2026-09-10,0
hormuz_strike_pipeline_shutdown,2026-09-10,unscheduled_macro,KXCPICORE-26SEP-T0.7,macro_bucket,,5,2026-09-10,0
hormuz_strike_pipeline_shutdown,2026-09-10,unscheduled_macro,KXCPICORE-26SEP-T0.1,macro_bucket,,1,2026-09-10,0
hormuz_strike_pipeline_shutdown,2026-09-10,unscheduled_macro,KXCPICORE-26AUG-T1.0,macro_bucket,,8,2026-09-10,0
hormuz_strike_pipeline_shutdown,2026-09-10,unscheduled_macro,KXCPICORE-26AUG-T0.9,macro_bucket,,7,2026-09-10,0
hormuz_strike_pipeline_shutdown,2026-09-10,unscheduled_macro,KXCPICORE-26AUG-T0.5,macro_bucket,,3,2026-09-10,0
hormuz_strike_pipeline_shutdown,2026-09-10,unscheduled_macro,KXCPICORE-26AUG-T0.4,macro_bucket,,2,2026-09-10,0
hormuz_strike_pipeline_shutdown,2026-09-10,unscheduled_macro,KXCPICORE-26JUL-T1.0,macro_bucket,,8,2026-09-10,0
hormuz_strike_pipeline_shutdown,2026-09-10,unscheduled_macro,KXCPICORE-26JUL-T0.9,macro_bucket,,7,2026-09-10,0
hormuz_strike_pipeline_shutdown,2026-09-10,unscheduled_macro,KXCPICORE-26JUL-T0.7,macro_bucket,,5,2026-09-10,0
hormuz_strike_pipeline_shutdown,2026-09-10,unscheduled_macro,KXCPICORE-26JUL-T0.6,macro_bucket,,4,2026-09-10,0
hormuz_strike_pipeline_shutdown,2026-09-10,unscheduled_macro,KXCPICORE-26JUL-T0.4,macro_bucket,,2,2026-09-10,0
hormuz_strike_pipeline_shutdown,2026-09-10,unscheduled_macro,KXFED-27APR-T5.75,macro_bucket,,7,2026-09-10,0
hormuz_strike_pipeline_shutdown,2026-09-10,unscheduled_macro,KXFED-27APR-T5.50,macro_bucket,,6,2026-09-10,0
hormuz_strike_pipeline_shutdown,2026-09-10,unscheduled_macro,KXFED-27APR-T5.25,macro_bucket,,5,2026-09-10,0
hormuz_strike_pipeline_shutdown,2026-09-10,unscheduled_macro,KXFED-27APR-T4.50,macro_bucket,,2,2026-09-10,0
hormuz_strike_pipeline_shutdown,2026-09-10,unscheduled_macro,KXFED-27MAR-T6.00,macro_bucket,,8,2026-09-10,0
hormuz_strike_pipeline_shutdown,2026-09-10,unscheduled_macro,KXFED-27MAR-T5.75,macro_bucket,,7,2026-09-10,0
hormuz_strike_pipeline_shutdown,2026-09-10,unscheduled_macro,KXFED-27MAR-T5.50,macro_bucket,,6,2026-09-10,0
hormuz_strike_pipeline_shutdown,2026-09-10,unscheduled_macro,KXFED-27MAR-T4.75,macro_bucket,,3,2026-09-10,0
hormuz_strike_pipeline_shutdown,2026-09-10,unscheduled_macro,KXFED-27MAR-T4.50,macro_bucket,,2,2026-09-10,0
hormuz_strike_pipeline_shutdown,2026-09-10,unscheduled_macro,KXFED-27JAN-T5.75,macro_bucket,,7,2026-09-10,0
hormuz_strike_pipeline_shutdown,2026-09-10,unscheduled_macro,KXFED-27JAN-T5.25,macro_bucket,,5,2026-09-10,0
hormuz_strike_pipeline_shutdown,2026-09-10,unscheduled_macro,KXFED-27JAN-T5.00,macro_bucket,,4,2026-09-10,0
hormuz_strike_pipeline_shutdown,2026-09-10,unscheduled_macro,KXFED-27JAN-T4.75,macro_bucket,,3,2026-09-10,0
hormuz_strike_pipeline_shutdown,2026-09-10,unscheduled_macro,KXFED-27JAN-T4.50,macro_bucket,,2,2026-09-10,0
hormuz_strike_pipeline_shutdown,2026-09-10,unscheduled_macro,KXFED-28JAN-T5.50,macro_bucket,,6,2026-09-10,0
hormuz_strike_pipeline_shutdown,2026-09-10,unscheduled_macro,KXFED-28JAN-T5.25,macro_bucket,,5,2026-09-10,0
hormuz_strike_pipeline_shutdown,2026-09-10,unscheduled_macro,KXFED-28JAN-T4.75,macro_bucket,,3,2026-09-10,0
hormuz_strike_pipeline_shutdown,2026-09-10,unscheduled_macro,KXFED-28JAN-T4.50,macro_bucket,,2,2026-09-10,0
hormuz_strike_pipeline_shutdown,2026-09-10,unscheduled_macro,KXFED-28JAN-T4.25,macro_bucket,,1,2026-09-10,0
hormuz_strike_pipeline_shutdown,2026-09-10,unscheduled_macro,KXFED-28JAN-T4.00,macro_bucket,,0,2026-09-10,0
hormuz_strike_pipeline_shutdown,2026-09-10,unscheduled_macro,KXFED-28JAN-T3.75,macro_bucket,,1,2026-09-10,0
hormuz_strike_pipeline_shutdown,2026-09-10,unscheduled_macro,KXFED-28JAN-T3.50,macro_bucket,,2,2026-09-10,0
hormuz_strike_pipeline_shutdown,2026-09-10,unscheduled_macro,KXFED-28JAN-T3.25,macro_bucket,,3,2026-09-10,0
hormuz_strike_pipeline_shutdown,2026-09-10,unscheduled_macro,KXFED-28JAN-T3.00,macro_bucket,,4,2026-09-10,0
hormuz_strike_pipeline_shutdown,2026-09-10,unscheduled_macro,KXFED-28JAN-T2.75,macro_bucket,,5,2026-09-10,0
hormuz_strike_pipeline_shutdown,2026-09-10,unscheduled_macro,KXFED-28JAN-T2.50,macro_bucket,,6,2026-09-10,0
hormuz_strike_pipeline_shutdown,2026-09-10,unscheduled_macro,KXFED-28JAN-T2.00,macro_bucket,,8,2026-09-10,0
hormuz_strike_pipeline_shutdown,2026-09-10,unscheduled_macro,KXFED-28JAN-T1.75,macro_bucket,,9,2026-09-10,0
hormuz_strike_pipeline_shutdown,2026-09-10,unscheduled_macro,KXFED-28JAN-T1.50,macro_bucket,,10,2026-09-10,0
hormuz_strike_pipeline_shutdown,2026-09-10,unscheduled_macro,KXFED-28JAN-T1.25,macro_bucket,,11,2026-09-10,0
hormuz_strike_pipeline_shutdown,2026-09-10,unscheduled_macro,KXFED-28JAN-T1.00,macro_bucket,,12,2026-09-10,0
hormuz_strike_pipeline_shutdown,2026-09-10,unscheduled_macro,KXFED-28JAN-T0.25,macro_bucket,,15,2026-09-10,0
hormuz_strike_pipeline_shutdown,2026-09-10,unscheduled_macro,KXFED-28JAN-T0.00,macro_bucket,,16,2026-09-10,0
hormuz_strike_pipeline_shutdown,2026-09-10,unscheduled_macro,KXFED-27DEC-T6.00,macro_bucket,,8,2026-09-10,0
hormuz_strike_pipeline_shutdown,2026-09-10,unscheduled_macro,KXFED-27DEC-T5.75,macro_bucket,,7,2026-09-10,0
hormuz_strike_pipeline_shutdown,2026-09-10,unscheduled_macro,KXFED-27DEC-T5.50,macro_bucket,,6,2026-09-10,0
hormuz_strike_pipeline_shutdown,2026-09-10,unscheduled_macro,KXFED-27DEC-T5.25,macro_bucket,,5,2026-09-10,0
hormuz_strike_pipeline_shutdown,2026-09-10,unscheduled_macro,KXFED-27DEC-T5.00,macro_bucket,,4,2026-09-10,0
hormuz_strike_pipeline_shutdown,2026-09-10,unscheduled_macro,KXFED-27DEC-T4.50,macro_bucket,,2,2026-09-10,0
hormuz_strike_pipeline_shutdown,2026-09-10,unscheduled_macro,KXFED-27DEC-T4.25,macro_bucket,,1,2026-09-10,0
hormuz_strike_pipeline_shutdown,2026-09-10,unscheduled_macro,KXFED-27DEC-T4.00,macro_bucket,,0,2026-09-10,0
hormuz_strike_pipeline_shutdown,2026-09-10,unscheduled_macro,KXFED-27DEC-T3.75,macro_bucket,,1,2026-09-10,0
hormuz_strike_pipeline_shutdown,2026-09-10,unscheduled_macro,KXFED-27DEC-T3.50,macro_bucket,,2,2026-09-10,0
hormuz_strike_pipeline_shutdown,2026-09-10,unscheduled_macro,KXFED-27DEC-T3.25,macro_bucket,,3,2026-09-10,0
hormuz_strike_pipeline_shutdown,2026-09-10,unscheduled_macro,KXFED-27DEC-T3.00,macro_bucket,,4,2026-09-10,0
hormuz_strike_pipeline_shutdown,2026-09-10,unscheduled_macro,KXFED-27DEC-T2.75,macro_bucket,,5,2026-09-10,0
hormuz_strike_pipeline_shutdown,2026-09-10,unscheduled_macro,KXFED-27DEC-T2.50,macro_bucket,,6,2026-09-10,0
hormuz_strike_pipeline_shutdown,2026-09-10,unscheduled_macro,KXFED-27DEC-T2.25,macro_bucket,,7,2026-09-10,0
hormuz_strike_pipeline_shutdown,2026-09-10,unscheduled_macro,KXFED-27DEC-T1.75,macro_bucket,,9,2026-09-10,0
hormuz_strike_pipeline_shutdown,2026-09-10,unscheduled_macro,KXFED-27DEC-T1.50,macro_bucket,,10,2026-09-10,0
hormuz_strike_pipeline_shutdown,2026-09-10,unscheduled_macro,KXFED-27DEC-T1.25,macro_bucket,,11,2026-09-10,0
hormuz_strike_pipeline_shutdown,2026-09-10,unscheduled_macro,KXFED-27DEC-T0.75,macro_bucket,,13,2026-09-10,0
hormuz_strike_pipeline_shutdown,2026-09-10,unscheduled_macro,KXFED-27DEC-T0.50,macro_bucket,,14,2026-09-10,0
hormuz_strike_pipeline_shutdown,2026-09-10,unscheduled_macro,KXFED-27DEC-T0.25,macro_bucket,,15,2026-09-10,0
hormuz_strike_pipeline_shutdown,2026-09-10,unscheduled_macro,KXFED-27DEC-T0.00,macro_bucket,,16,2026-09-10,0
hormuz_strike_pipeline_shutdown,2026-09-10,unscheduled_macro,KXFED-27OCT-T6.00,macro_bucket,,8,2026-09-10,0
hormuz_strike_pipeline_shutdown,2026-09-10,unscheduled_macro,KXFED-27OCT-T5.50,macro_bucket,,6,2026-09-10,0
hormuz_strike_pipeline_shutdown,2026-09-10,unscheduled_macro,KXFED-27OCT-T5.00,macro_bucket,,4,2026-09-10,0
hormuz_strike_pipeline_shutdown,2026-09-10,unscheduled_macro,KXFED-27OCT-T4.75,macro_bucket,,3,2026-09-10,0
hormuz_strike_pipeline_shutdown,2026-09-10,unscheduled_macro,KXFED-27OCT-T4.50,macro_bucket,,2,2026-09-10,0
hormuz_strike_pipeline_shutdown,2026-09-10,unscheduled_macro,KXFED-27OCT-T4.25,macro_bucket,,1,2026-09-10,0
hormuz_strike_pipeline_shutdown,2026-09-10,unscheduled_macro,KXFED-27OCT-T4.00,macro_bucket,,0,2026-09-10,0
hormuz_strike_pipeline_shutdown,2026-09-10,unscheduled_macro,KXFED-27OCT-T3.75,macro_bucket,,1,2026-09-10,0
hormuz_strike_pipeline_shutdown,2026-09-10,unscheduled_macro,KXFED-27OCT-T3.50,macro_bucket,,2,2026-09-10,0
hormuz_strike_pipeline_shutdown,2026-09-10,unscheduled_macro,KXFED-27OCT-T3.25,macro_bucket,,3,2026-09-10,0
hormuz_strike_pipeline_shutdown,2026-09-10,unscheduled_macro,KXFED-27OCT-T3.00,macro_bucket,,4,2026-09-10,0
hormuz_strike_pipeline_shutdown,2026-09-10,unscheduled_macro,KXFED-27OCT-T2.75,macro_bucket,,5,2026-09-10,0
hormuz_strike_pipeline_shutdown,2026-09-10,unscheduled_macro,KXFED-27OCT-T2.50,macro_bucket,,6,2026-09-10,0
hormuz_strike_pipeline_shutdown,2026-09-10,unscheduled_macro,KXFED-27OCT-T2.25,macro_bucket,,7,2026-09-10,0
hormuz_strike_pipeline_shutdown,2026-09-10,unscheduled_macro,KXFED-27OCT-T1.25,macro_bucket,,11,2026-09-10,0
hormuz_strike_pipeline_shutdown,2026-09-10,unscheduled_macro,KXFED-27OCT-T0.75,macro_bucket,,13,2026-09-10,0
hormuz_strike_pipeline_shutdown,2026-09-10,unscheduled_macro,KXFED-27OCT-T0.50,macro_bucket,,14,2026-09-10,0
hormuz_strike_pipeline_shutdown,2026-09-10,unscheduled_macro,KXFED-27OCT-T0.25,macro_bucket,,15,2026-09-10,0
hormuz_strike_pipeline_shutdown,2026-09-10,unscheduled_macro,KXFED-27SEP-T6.00,macro_bucket,,8,2026-09-10,0
hormuz_strike_pipeline_shutdown,2026-09-10,unscheduled_macro,KXFED-27SEP-T5.75,macro_bucket,,7,2026-09-10,0
hormuz_strike_pipeline_shutdown,2026-09-10,unscheduled_macro,KXFED-27SEP-T5.50,macro_bucket,,6,2026-09-10,0
hormuz_strike_pipeline_shutdown,2026-09-10,unscheduled_macro,KXFED-27SEP-T5.25,macro_bucket,,5,2026-09-10,0
hormuz_strike_pipeline_shutdown,2026-09-10,unscheduled_macro,KXFED-27SEP-T5.00,macro_bucket,,4,2026-09-10,0
hormuz_strike_pipeline_shutdown,2026-09-10,unscheduled_macro,KXFED-27SEP-T4.75,macro_bucket,,3,2026-09-10,0
hormuz_strike_pipeline_shutdown,2026-09-10,unscheduled_macro,KXFED-27SEP-T4.50,macro_bucket,,2,2026-09-10,0
hormuz_strike_pipeline_shutdown,2026-09-10,unscheduled_macro,KXFED-27SEP-T4.25,macro_bucket,,1,2026-09-10,0
hormuz_strike_pipeline_shutdown,2026-09-10,unscheduled_macro,KXFED-27SEP-T4.00,macro_bucket,,0,2026-09-10,0
hormuz_strike_pipeline_shutdown,2026-09-10,unscheduled_macro,KXFED-27SEP-T3.50,macro_bucket,,2,2026-09-10,0
hormuz_strike_pipeline_shutdown,2026-09-10,unscheduled_macro,KXFED-27SEP-T3.25,macro_bucket,,3,2026-09-10,0
hormuz_strike_pipeline_shutdown,2026-09-10,unscheduled_macro,KXFED-27SEP-T2.75,macro_bucket,,5,2026-09-10,0
hormuz_strike_pipeline_shutdown,2026-09-10,unscheduled_macro,KXFED-27SEP-T2.50,macro_bucket,,6,2026-09-10,0
hormuz_strike_pipeline_shutdown,2026-09-10,unscheduled_macro,KXFED-27SEP-T2.25,macro_bucket,,7,2026-09-10,0
hormuz_strike_pipeline_shutdown,2026-09-10,unscheduled_macro,KXFED-27SEP-T1.75,macro_bucket,,9,2026-09-10,0
hormuz_strike_pipeline_shutdown,2026-09-10,unscheduled_macro,KXFED-27SEP-T1.50,macro_bucket,,10,2026-09-10,0
hormuz_strike_pipeline_shutdown,2026-09-10,unscheduled_macro,KXFED-27SEP-T1.25,macro_bucket,,11,2026-09-10,0
hormuz_strike_pipeline_shutdown,2026-09-10,unscheduled_macro,KXFED-27SEP-T1.00,macro_bucket,,12,2026-09-10,0
hormuz_strike_pipeline_shutdown,2026-09-10,unscheduled_macro,KXFED-27SEP-T0.50,macro_bucket,,14,2026-09-10,0
hormuz_strike_pipeline_shutdown,2026-09-10,unscheduled_macro,KXFED-27SEP-T0.25,macro_bucket,,15,2026-09-10,0
hormuz_strike_pipeline_shutdown,2026-09-10,unscheduled_macro,KXFED-27SEP-T0.00,macro_bucket,,16,2026-09-10,0
hormuz_strike_pipeline_shutdown,2026-09-10,unscheduled_macro,KXFED-27JUL-T6.00,macro_bucket,,8,2026-09-10,0
hormuz_strike_pipeline_shutdown,2026-09-10,unscheduled_macro,KXFED-27JUL-T5.75,macro_bucket,,7,2026-09-10,0
hormuz_strike_pipeline_shutdown,2026-09-10,unscheduled_macro,KXFED-27JUL-T5.50,macro_bucket,,6,2026-09-10,0
hormuz_strike_pipeline_shutdown,2026-09-10,unscheduled_macro,KXFED-27JUL-T5.25,macro_bucket,,5,2026-09-10,0
hormuz_strike_pipeline_shutdown,2026-09-10,unscheduled_macro,KXFED-27JUL-T5.00,macro_bucket,,4,2026-09-10,0
hormuz_strike_pipeline_shutdown,2026-09-10,unscheduled_macro,KXFED-27JUL-T4.75,macro_bucket,,3,2026-09-10,0
hormuz_strike_pipeline_shutdown,2026-09-10,unscheduled_macro,KXFED-27JUL-T4.50,macro_bucket,,2,2026-09-10,0
hormuz_strike_pipeline_shutdown,2026-09-10,unscheduled_macro,KXFED-27JUL-T4.25,macro_bucket,,1,2026-09-10,0
hormuz_strike_pipeline_shutdown,2026-09-10,unscheduled_macro,KXFED-27JUL-T4.00,macro_bucket,,0,2026-09-10,0
hormuz_strike_pipeline_shutdown,2026-09-10,unscheduled_macro,KXFED-27JUL-T3.75,macro_bucket,,1,2026-09-10,0
hormuz_strike_pipeline_shutdown,2026-09-10,unscheduled_macro,KXFED-27JUL-T3.50,macro_bucket,,2,2026-09-10,0
hormuz_strike_pipeline_shutdown,2026-09-10,unscheduled_macro,KXFED-27JUL-T3.00,macro_bucket,,4,2026-09-10,0
hormuz_strike_pipeline_shutdown,2026-09-10,unscheduled_macro,KXFED-27JUL-T2.75,macro_bucket,,5,2026-09-10,0
hormuz_strike_pipeline_shutdown,2026-09-10,unscheduled_macro,KXFED-27JUL-T2.50,macro_bucket,,6,2026-09-10,0
hormuz_strike_pipeline_shutdown,2026-09-10,unscheduled_macro,KXFED-27JUL-T2.25,macro_bucket,,7,2026-09-10,0
hormuz_strike_pipeline_shutdown,2026-09-10,unscheduled_macro,KXFED-27JUL-T1.75,macro_bucket,,9,2026-09-10,0
hormuz_strike_pipeline_shutdown,2026-09-10,unscheduled_macro,KXFED-27JUL-T1.50,macro_bucket,,10,2026-09-10,0
hormuz_strike_pipeline_shutdown,2026-09-10,unscheduled_macro,KXFED-27JUL-T1.00,macro_bucket,,12,2026-09-10,0
hormuz_strike_pipeline_shutdown,2026-09-10,unscheduled_macro,KXFED-27JUL-T0.75,macro_bucket,,13,2026-09-10,0
hormuz_strike_pipeline_shutdown,2026-09-10,unscheduled_macro,KXFED-27JUL-T0.50,macro_bucket,,14,2026-09-10,0
hormuz_strike_pipeline_shutdown,2026-09-10,unscheduled_macro,KXFED-27JUL-T0.00,macro_bucket,,16,2026-09-10,0
hormuz_strike_pipeline_shutdown,2026-09-10,unscheduled_macro,KXFED-27JUN-T6.00,macro_bucket,,8,2026-09-10,0
hormuz_strike_pipeline_shutdown,2026-09-10,unscheduled_macro,KXFED-27JUN-T5.75,macro_bucket,,7,2026-09-10,0
hormuz_strike_pipeline_shutdown,2026-09-10,unscheduled_macro,KXFED-27JUN-T5.25,macro_bucket,,5,2026-09-10,0
hormuz_strike_pipeline_shutdown,2026-09-10,unscheduled_macro,KXFED-27JUN-T5.00,macro_bucket,,4,2026-09-10,0
hormuz_strike_pipeline_shutdown,2026-09-10,unscheduled_macro,KXFED-27JUN-T4.75,macro_bucket,,3,2026-09-10,0
hormuz_strike_pipeline_shutdown,2026-09-10,unscheduled_macro,KXFED-27JUN-T4.50,macro_bucket,,2,2026-09-10,0
hormuz_strike_pipeline_shutdown,2026-09-10,unscheduled_macro,KXFED-27JUN-T4.25,macro_bucket,,1,2026-09-10,0
hormuz_strike_pipeline_shutdown,2026-09-10,unscheduled_macro,KXFED-27JUN-T4.00,macro_bucket,,0,2026-09-10,0
hormuz_strike_pipeline_shutdown,2026-09-10,unscheduled_macro,KXFED-27JUN-T3.75,macro_bucket,,1,2026-09-10,0
hormuz_strike_pipeline_shutdown,2026-09-10,unscheduled_macro,KXFED-27JUN-T3.50,macro_bucket,,2,2026-09-10,0
hormuz_strike_pipeline_shutdown,2026-09-10,unscheduled_macro,KXFED-27JUN-T3.25,macro_bucket,,3,2026-09-10,0
hormuz_strike_pipeline_shutdown,2026-09-10,unscheduled_macro,KXFED-27JUN-T3.00,macro_bucket,,4,2026-09-10,0
hormuz_strike_pipeline_shutdown,2026-09-10,unscheduled_macro,KXFED-27JUN-T2.75,macro_bucket,,5,2026-09-10,0
hormuz_strike_pipeline_shutdown,2026-09-10,unscheduled_macro,KXFED-27JUN-T2.50,macro_bucket,,6,2026-09-10,0
hormuz_strike_pipeline_shutdown,2026-09-10,unscheduled_macro,KXFED-27JUN-T2.00,macro_bucket,,8,2026-09-10,0
hormuz_strike_pipeline_shutdown,2026-09-10,unscheduled_macro,KXFED-27JUN-T1.75,macro_bucket,,9,2026-09-10,0
hormuz_strike_pipeline_shutdown,2026-09-10,unscheduled_macro,KXFED-27JUN-T1.50,macro_bucket,,10,2026-09-10,0
hormuz_strike_pipeline_shutdown,2026-09-10,unscheduled_macro,KXFED-27JUN-T1.25,macro_bucket,,11,2026-09-10,0
hormuz_strike_pipeline_shutdown,2026-09-10,unscheduled_macro,KXFED-27JUN-T1.00,macro_bucket,,12,2026-09-10,0
hormuz_strike_pipeline_shutdown,2026-09-10,unscheduled_macro,KXFED-27JUN-T0.75,macro_bucket,,13,2026-09-10,0
hormuz_strike_pipeline_shutdown,2026-09-10,unscheduled_macro,KXFED-27JUN-T0.50,macro_bucket,,14,2026-09-10,0
hormuz_strike_pipeline_shutdown,2026-09-10,unscheduled_macro,KXFED-27JUN-T0.25,macro_bucket,,15,2026-09-10,0
hormuz_strike_pipeline_shutdown,2026-09-10,unscheduled_macro,KXFED-27JUN-T0.00,macro_bucket,,16,2026-09-10,0
hormuz_strike_pipeline_shutdown,2026-09-10,unscheduled_macro,KXCPI-26OCT-T0.7,macro_bucket,,3,2026-09-10,0
hormuz_strike_pipeline_shutdown,2026-09-10,unscheduled_macro,KXCPI-26OCT-T0.6,macro_bucket,,2,2026-09-10,0
hormuz_strike_pipeline_shutdown,2026-09-10,unscheduled_macro,KXCPI-26DEC-T0.9,macro_bucket,,5,2026-09-10,0
hormuz_strike_pipeline_shutdown,2026-09-10,unscheduled_macro,KXCPI-26DEC-T0.8,macro_bucket,,4,2026-09-10,0
hormuz_strike_pipeline_shutdown,2026-09-10,unscheduled_macro,KXCPI-26DEC-T0.7,macro_bucket,,3,2026-09-10,0
hormuz_strike_pipeline_shutdown,2026-09-10,unscheduled_macro,KXCPI-26DEC-T0.6,macro_bucket,,2,2026-09-10,0
hormuz_strike_pipeline_shutdown,2026-09-10,unscheduled_macro,KXCPI-26DEC-T0.5,macro_bucket,,1,2026-09-10,0
hormuz_strike_pipeline_shutdown,2026-09-10,unscheduled_macro,KXCPI-26DEC-T0.4,macro_bucket,,0,2026-09-10,0
hormuz_strike_pipeline_shutdown,2026-09-10,unscheduled_macro,KXCPI-26DEC-T0.3,macro_bucket,,1,2026-09-10,0
hormuz_strike_pipeline_shutdown,2026-09-10,unscheduled_macro,KXCPI-26DEC-T0.2,macro_bucket,,2,2026-09-10,0
hormuz_strike_pipeline_shutdown,2026-09-10,unscheduled_macro,KXCPI-26DEC-T0.1,macro_bucket,,3,2026-09-10,0
hormuz_strike_pipeline_shutdown,2026-09-10,unscheduled_macro,KXCPI-26DEC-T-0.1,macro_bucket,,5,2026-09-10,0
hormuz_strike_pipeline_shutdown,2026-09-10,unscheduled_macro,KXCPI-26DEC-T0.0,macro_bucket,,4,2026-09-10,0
hormuz_strike_pipeline_shutdown,2026-09-10,unscheduled_macro,KXCPI-26SEP-T0.9,macro_bucket,,5,2026-09-10,0
hormuz_strike_pipeline_shutdown,2026-09-10,unscheduled_macro,KXCPI-26AUG-T1.0,macro_bucket,,6,2026-09-10,0
hormuz_strike_pipeline_shutdown,2026-09-10,unscheduled_macro,KXCPI-26AUG-T0.9,macro_bucket,,5,2026-09-10,0
hormuz_strike_pipeline_shutdown,2026-09-10,unscheduled_macro,KXCPI-26AUG-T0.8,macro_bucket,,4,2026-09-10,0
hormuz_strike_pipeline_shutdown,2026-09-10,unscheduled_macro,KXCPI-26AUG-T0.7,macro_bucket,,3,2026-09-10,0
hormuz_strike_pipeline_shutdown,2026-09-10,unscheduled_macro,KXCPI-26AUG-T0.6,macro_bucket,,2,2026-09-10,0
hormuz_strike_pipeline_shutdown,2026-09-10,unscheduled_macro,KXCPI-26SEP-T0.6,macro_bucket,,2,2026-09-10,0
hormuz_strike_pipeline_shutdown,2026-09-10,unscheduled_macro,KXCPI-26SEP-T-0.4,macro_bucket,,8,2026-09-10,0
hormuz_strike_pipeline_shutdown,2026-09-10,unscheduled_macro,KXCPI-26SEP-T-0.3,macro_bucket,,7,2026-09-10,0
hormuz_strike_pipeline_shutdown,2026-09-10,unscheduled_macro,KXCPI-26SEP-T-0.2,macro_bucket,,6,2026-09-10,0
hormuz_strike_pipeline_shutdown,2026-09-10,unscheduled_macro,KXCPI-26AUG-T-0.4,macro_bucket,,8,2026-09-10,0
hormuz_strike_pipeline_shutdown,2026-09-10,unscheduled_macro,KXCPI-26AUG-T-0.3,macro_bucket,,7,2026-09-10,0
hormuz_strike_pipeline_shutdown,2026-09-10,unscheduled_macro,KXCPI-26AUG-T-0.2,macro_bucket,,6,2026-09-10,0
hormuz_strike_pipeline_shutdown,2026-09-10,unscheduled_macro,KXCPI-26JUL-T-0.4,macro_bucket,,8,2026-09-10,0
hormuz_strike_pipeline_shutdown,2026-09-10,unscheduled_macro,KXCPI-26JUL-T-0.3,macro_bucket,,7,2026-09-10,0
hormuz_strike_pipeline_shutdown,2026-09-10,unscheduled_macro,KXCPI-26NOV-T0.5,macro_bucket,,1,2026-09-10,0
hormuz_strike_pipeline_shutdown,2026-09-10,unscheduled_macro,KXCPI-26NOV-T0.4,macro_bucket,,0,2026-09-10,0
hormuz_strike_pipeline_shutdown,2026-09-10,unscheduled_macro,KXCPI-26NOV-T0.3,macro_bucket,,1,2026-09-10,0
hormuz_strike_pipeline_shutdown,2026-09-10,unscheduled_macro,KXCPI-26NOV-T0.2,macro_bucket,,2,2026-09-10,0
hormuz_strike_pipeline_shutdown,2026-09-10,unscheduled_macro,KXCPI-26NOV-T0.1,macro_bucket,,3,2026-09-10,0
hormuz_strike_pipeline_shutdown,2026-09-10,unscheduled_macro,KXCPI-26NOV-T-0.1,macro_bucket,,5,2026-09-10,0
hormuz_strike_pipeline_shutdown,2026-09-10,unscheduled_macro,KXCPI-26OCT-T0.5,macro_bucket,,1,2026-09-10,0
hormuz_strike_pipeline_shutdown,2026-09-10,unscheduled_macro,KXCPI-26OCT-T0.3,macro_bucket,,1,2026-09-10,0
hormuz_strike_pipeline_shutdown,2026-09-10,unscheduled_macro,KXCPI-26OCT-T0.1,macro_bucket,,3,2026-09-10,0
hormuz_strike_pipeline_shutdown,2026-09-10,unscheduled_macro,KXCPI-26OCT-T-0.1,macro_bucket,,5,2026-09-10,0
hormuz_strike_pipeline_shutdown,2026-09-10,unscheduled_macro,KXCPI-26OCT-T0.0,macro_bucket,,4,2026-09-10,0
hormuz_strike_pipeline_shutdown,2026-09-10,unscheduled_macro,KXCPI-26SEP-T0.5,macro_bucket,,1,2026-09-10,0
hormuz_strike_pipeline_shutdown,2026-09-10,unscheduled_macro,KXCPI-26SEP-T0.4,macro_bucket,,0,2026-09-10,0
hormuz_strike_pipeline_shutdown,2026-09-10,unscheduled_macro,KXCPI-26SEP-T0.3,macro_bucket,,1,2026-09-10,0
hormuz_strike_pipeline_shutdown,2026-09-10,unscheduled_macro,KXCPI-26SEP-T0.2,macro_bucket,,2,2026-09-10,0
hormuz_strike_pipeline_shutdown,2026-09-10,unscheduled_macro,KXCPI-26SEP-T0.1,macro_bucket,,3,2026-09-10,0
hormuz_strike_pipeline_shutdown,2026-09-10,unscheduled_macro,KXCPI-26AUG-T0.4,macro_bucket,,0,2026-09-10,0
hormuz_strike_pipeline_shutdown,2026-09-10,unscheduled_macro,KXCPI-26AUG-T0.3,macro_bucket,,1,2026-09-10,0
hormuz_strike_pipeline_shutdown,2026-09-10,unscheduled_macro,KXCPI-26AUG-T0.2,macro_bucket,,2,2026-09-10,0
hormuz_strike_pipeline_shutdown,2026-09-10,unscheduled_macro,KXCPI-26AUG-T0.1,macro_bucket,,3,2026-09-10,0
hormuz_strike_pipeline_shutdown,2026-09-10,unscheduled_macro,KXCPI-26AUG-T-0.1,macro_bucket,,5,2026-09-10,0
hormuz_strike_pipeline_shutdown,2026-09-10,unscheduled_macro,KXCPI-26AUG-T0.0,macro_bucket,,4,2026-09-10,0
hormuz_strike_pipeline_shutdown,2026-09-10,unscheduled_macro,KXCPI-26JUL-T0.5,macro_bucket,,1,2026-09-10,0
hormuz_strike_pipeline_shutdown,2026-09-10,unscheduled_macro,KXCPI-26JUL-T0.4,macro_bucket,,0,2026-09-10,0
hormuz_strike_pipeline_shutdown,2026-09-10,unscheduled_macro,KXCPI-26JUL-T0.1,macro_bucket,,3,2026-09-10,0
hormuz_strike_pipeline_shutdown,2026-09-10,unscheduled_macro,KXCPI-26JUL-T-0.1,macro_bucket,,5,2026-09-10,0
hormuz_strike_pipeline_shutdown,2026-09-10,unscheduled_macro,KXCPI-26JUL-T0.0,macro_bucket,,4,2026-09-10,0
hormuz_strike_pipeline_shutdown,2026-09-10,unscheduled_macro,KXCPICORE-26NOV-T1.0,macro_bucket,,8,2026-09-10,0
hormuz_strike_pipeline_shutdown,2026-09-10,unscheduled_macro,KXCPICORE-26NOV-T0.7,macro_bucket,,5,2026-09-10,0
hormuz_strike_pipeline_shutdown,2026-09-10,unscheduled_macro,KXCPICORE-26NOV-T0.6,macro_bucket,,4,2026-09-10,0
hormuz_strike_pipeline_shutdown,2026-09-10,unscheduled_macro,KXCPICORE-26NOV-T0.5,macro_bucket,,3,2026-09-10,0
hormuz_strike_pipeline_shutdown,2026-09-10,unscheduled_macro,KXCPICORE-26NOV-T0.4,macro_bucket,,2,2026-09-10,0
hormuz_strike_pipeline_shutdown,2026-09-10,unscheduled_macro,KXCPICORE-26NOV-T0.3,macro_bucket,,1,2026-09-10,0
hormuz_strike_pipeline_shutdown,2026-09-10,unscheduled_macro,KXCPICORE-26NOV-T0.2,macro_bucket,,0,2026-09-10,0
hormuz_strike_pipeline_shutdown,2026-09-10,unscheduled_macro,KXCPICORE-26NOV-T0.1,macro_bucket,,1,2026-09-10,0
hormuz_strike_pipeline_shutdown,2026-09-10,unscheduled_macro,KXCPICORE-26NOV-T0.0,macro_bucket,,2,2026-09-10,0
hormuz_strike_pipeline_shutdown,2026-09-10,unscheduled_macro,KXCPICORE-26OCT-T1.0,macro_bucket,,8,2026-09-10,0
hormuz_strike_pipeline_shutdown,2026-09-10,unscheduled_macro,KXCPICORE-26OCT-T0.8,macro_bucket,,6,2026-09-10,0
hormuz_strike_pipeline_shutdown,2026-09-10,unscheduled_macro,KXCPICORE-26OCT-T0.7,macro_bucket,,5,2026-09-10,0
hormuz_strike_pipeline_shutdown,2026-09-10,unscheduled_macro,KXCPICORE-26OCT-T0.6,macro_bucket,,4,2026-09-10,0
hormuz_strike_pipeline_shutdown,2026-09-10,unscheduled_macro,KXCPICORE-26OCT-T0.5,macro_bucket,,3,2026-09-10,0
hormuz_strike_pipeline_shutdown,2026-09-10,unscheduled_macro,KXCPICORE-26OCT-T0.4,macro_bucket,,2,2026-09-10,0
hormuz_strike_pipeline_shutdown,2026-09-10,unscheduled_macro,KXCPICORE-26OCT-T0.3,macro_bucket,,1,2026-09-10,0
hormuz_strike_pipeline_shutdown,2026-09-10,unscheduled_macro,KXCPICORE-26OCT-T0.2,macro_bucket,,0,2026-09-10,0
hormuz_strike_pipeline_shutdown,2026-09-10,unscheduled_macro,KXCPICORE-26OCT-T0.0,macro_bucket,,2,2026-09-10,0
hormuz_strike_pipeline_shutdown,2026-09-10,unscheduled_macro,KXCPICORE-26SEP-T0.9,macro_bucket,,7,2026-09-10,0
hormuz_strike_pipeline_shutdown,2026-09-10,unscheduled_macro,KXCPICORE-26SEP-T0.6,macro_bucket,,4,2026-09-10,0
hormuz_strike_pipeline_shutdown,2026-09-10,unscheduled_macro,KXCPICORE-26SEP-T0.5,macro_bucket,,3,2026-09-10,0
hormuz_strike_pipeline_shutdown,2026-09-10,unscheduled_macro,KXCPICORE-26SEP-T0.4,macro_bucket,,2,2026-09-10,0
hormuz_strike_pipeline_shutdown,2026-09-10,unscheduled_macro,KXCPICORE-26SEP-T0.3,macro_bucket,,1,2026-09-10,0
hormuz_strike_pipeline_shutdown,2026-09-10,unscheduled_macro,KXCPICORE-26SEP-T0.2,macro_bucket,,0,2026-09-10,0
hormuz_strike_pipeline_shutdown,2026-09-10,unscheduled_macro,KXCPICORE-26SEP-T0.0,macro_bucket,,2,2026-09-10,0
hormuz_strike_pipeline_shutdown,2026-09-10,unscheduled_macro,KXCPICORE-26AUG-T0.8,macro_bucket,,6,2026-09-10,0
hormuz_strike_pipeline_shutdown,2026-09-10,unscheduled_macro,KXCPICORE-26AUG-T0.7,macro_bucket,,5,2026-09-10,0
hormuz_strike_pipeline_shutdown,2026-09-10,unscheduled_macro,KXCPICORE-26AUG-T0.6,macro_bucket,,4,2026-09-10,0
hormuz_strike_pipeline_shutdown,2026-09-10,unscheduled_macro,KXCPICORE-26AUG-T0.3,macro_bucket,,1,2026-09-10,0
hormuz_strike_pipeline_shutdown,2026-09-10,unscheduled_macro,KXCPICORE-26AUG-T0.2,macro_bucket,,0,2026-09-10,0
hormuz_strike_pipeline_shutdown,2026-09-10,unscheduled_macro,KXCPICORE-26AUG-T0.1,macro_bucket,,1,2026-09-10,0
hormuz_strike_pipeline_shutdown,2026-09-10,unscheduled_macro,KXCPICORE-26AUG-T0.0,macro_bucket,,2,2026-09-10,0
hormuz_strike_pipeline_shutdown,2026-09-10,unscheduled_macro,KXCPICORE-26JUL-T0.8,macro_bucket,,6,2026-09-10,0
hormuz_strike_pipeline_shutdown,2026-09-10,unscheduled_macro,KXCPICORE-26JUL-T0.5,macro_bucket,,3,2026-09-10,0
hormuz_strike_pipeline_shutdown,2026-09-10,unscheduled_macro,KXCPICORE-26JUL-T0.3,macro_bucket,,1,2026-09-10,0
hormuz_strike_pipeline_shutdown,2026-09-10,unscheduled_macro,KXCPICORE-26JUL-T0.2,macro_bucket,,0,2026-09-10,0
hormuz_strike_pipeline_shutdown,2026-09-10,unscheduled_macro,KXCPICORE-26JUL-T0.1,macro_bucket,,1,2026-09-10,0
hormuz_strike_pipeline_shutdown,2026-09-10,unscheduled_macro,KXCPICORE-26JUL-T0.0,macro_bucket,,2,2026-09-10,0
hormuz_strike_pipeline_shutdown,2026-09-10,unscheduled_macro,KXFED-27APR-T6.00,macro_bucket,,8,2026-09-10,0
hormuz_strike_pipeline_shutdown,2026-09-10,unscheduled_macro,KXFED-27APR-T5.00,macro_bucket,,4,2026-09-10,0
hormuz_strike_pipeline_shutdown,2026-09-10,unscheduled_macro,KXFED-27APR-T4.75,macro_bucket,,3,2026-09-10,0
hormuz_strike_pipeline_shutdown,2026-09-10,unscheduled_macro,KXFED-27MAR-T5.25,macro_bucket,,5,2026-09-10,0
hormuz_strike_pipeline_shutdown,2026-09-10,unscheduled_macro,KXFED-27MAR-T5.00,macro_bucket,,4,2026-09-10,0
hormuz_strike_pipeline_shutdown,2026-09-10,unscheduled_macro,KXFED-27JAN-T6.00,macro_bucket,,8,2026-09-10,0
hormuz_strike_pipeline_shutdown,2026-09-10,unscheduled_macro,KXFED-27JAN-T5.50,macro_bucket,,6,2026-09-10,0
hormuz_strike_pipeline_shutdown,2026-09-10,unscheduled_macro,KXFED-28JAN-T6.00,macro_bucket,,8,2026-09-10,0
hormuz_strike_pipeline_shutdown,2026-09-10,unscheduled_macro,KXFED-28JAN-T5.75,macro_bucket,,7,2026-09-10,0
hormuz_strike_pipeline_shutdown,2026-09-10,unscheduled_macro,KXFED-28JAN-T5.00,macro_bucket,,4,2026-09-10,0
hormuz_strike_pipeline_shutdown,2026-09-10,unscheduled_macro,KXFED-28JAN-T2.25,macro_bucket,,7,2026-09-10,0
hormuz_strike_pipeline_shutdown,2026-09-10,unscheduled_macro,KXFED-28JAN-T0.75,macro_bucket,,13,2026-09-10,0
hormuz_strike_pipeline_shutdown,2026-09-10,unscheduled_macro,KXFED-28JAN-T0.50,macro_bucket,,14,2026-09-10,0
hormuz_strike_pipeline_shutdown,2026-09-10,unscheduled_macro,KXFED-27DEC-T4.75,macro_bucket,,3,2026-09-10,0
hormuz_strike_pipeline_shutdown,2026-09-10,unscheduled_macro,KXFED-27DEC-T2.00,macro_bucket,,8,2026-09-10,0
hormuz_strike_pipeline_shutdown,2026-09-10,unscheduled_macro,KXFED-27DEC-T1.00,macro_bucket,,12,2026-09-10,0
hormuz_strike_pipeline_shutdown,2026-09-10,unscheduled_macro,KXFED-27OCT-T5.75,macro_bucket,,7,2026-09-10,0
hormuz_strike_pipeline_shutdown,2026-09-10,unscheduled_macro,KXFED-27OCT-T5.25,macro_bucket,,5,2026-09-10,0
hormuz_strike_pipeline_shutdown,2026-09-10,unscheduled_macro,KXFED-27OCT-T2.00,macro_bucket,,8,2026-09-10,0
hormuz_strike_pipeline_shutdown,2026-09-10,unscheduled_macro,KXFED-27OCT-T1.75,macro_bucket,,9,2026-09-10,0
hormuz_strike_pipeline_shutdown,2026-09-10,unscheduled_macro,KXFED-27OCT-T1.50,macro_bucket,,10,2026-09-10,0
hormuz_strike_pipeline_shutdown,2026-09-10,unscheduled_macro,KXFED-27OCT-T1.00,macro_bucket,,12,2026-09-10,0
hormuz_strike_pipeline_shutdown,2026-09-10,unscheduled_macro,KXFED-27OCT-T0.00,macro_bucket,,16,2026-09-10,0
hormuz_strike_pipeline_shutdown,2026-09-10,unscheduled_macro,KXFED-27SEP-T3.75,macro_bucket,,1,2026-09-10,0
hormuz_strike_pipeline_shutdown,2026-09-10,unscheduled_macro,KXFED-27SEP-T3.00,macro_bucket,,4,2026-09-10,0
hormuz_strike_pipeline_shutdown,2026-09-10,unscheduled_macro,KXFED-27SEP-T2.00,macro_bucket,,8,2026-09-10,0
hormuz_strike_pipeline_shutdown,2026-09-10,unscheduled_macro,KXFED-27SEP-T0.75,macro_bucket,,13,2026-09-10,0
hormuz_strike_pipeline_shutdown,2026-09-10,unscheduled_macro,KXFED-27JUL-T3.25,macro_bucket,,3,2026-09-10,0
hormuz_strike_pipeline_shutdown,2026-09-10,unscheduled_macro,KXFED-27JUL-T2.00,macro_bucket,,8,2026-09-10,0
hormuz_strike_pipeline_shutdown,2026-09-10,unscheduled_macro,KXFED-27JUL-T1.25,macro_bucket,,11,2026-09-10,0
hormuz_strike_pipeline_shutdown,2026-09-10,unscheduled_macro,KXFED-27JUL-T0.25,macro_bucket,,15,2026-09-10,0
hormuz_strike_pipeline_shutdown,2026-09-10,unscheduled_macro,KXFED-27JUN-T5.50,macro_bucket,,6,2026-09-10,0
hormuz_strike_pipeline_shutdown,2026-09-10,unscheduled_macro,KXFED-27JUN-T2.25,macro_bucket,,7,2026-09-10,0
hormuz_strike_pipeline_shutdown,2026-09-10,unscheduled_macro,KXFED-27APR-T4.25,macro_bucket,,1,2026-09-10,0
hormuz_strike_pipeline_shutdown,2026-09-10,unscheduled_macro,KXFED-27APR-T4.00,macro_bucket,,0,2026-09-10,0
hormuz_strike_pipeline_shutdown,2026-09-10,unscheduled_macro,KXFED-27APR-T3.75,macro_bucket,,1,2026-09-10,0
hormuz_strike_pipeline_shutdown,2026-09-10,unscheduled_macro,KXFED-27APR-T3.50,macro_bucket,,2,2026-09-10,0
hormuz_strike_pipeline_shutdown,2026-09-10,unscheduled_macro,KXFED-27APR-T3.25,macro_bucket,,3,2026-09-10,0
hormuz_strike_pipeline_shutdown,2026-09-10,unscheduled_macro,KXFED-27APR-T3.00,macro_bucket,,4,2026-09-10,0
hormuz_strike_pipeline_shutdown,2026-09-10,unscheduled_macro,KXFED-27APR-T2.75,macro_bucket,,5,2026-09-10,0
hormuz_strike_pipeline_shutdown,2026-09-10,unscheduled_macro,KXFED-27APR-T2.50,macro_bucket,,6,2026-09-10,0
hormuz_strike_pipeline_shutdown,2026-09-10,unscheduled_macro,KXFED-27APR-T2.25,macro_bucket,,7,2026-09-10,0
hormuz_strike_pipeline_shutdown,2026-09-10,unscheduled_macro,KXFED-27APR-T2.00,macro_bucket,,8,2026-09-10,0
hormuz_strike_pipeline_shutdown,2026-09-10,unscheduled_macro,KXFED-27APR-T1.75,macro_bucket,,9,2026-09-10,0
hormuz_strike_pipeline_shutdown,2026-09-10,unscheduled_macro,KXFED-27APR-T1.50,macro_bucket,,10,2026-09-10,0
hormuz_strike_pipeline_shutdown,2026-09-10,unscheduled_macro,KXFED-27APR-T1.25,macro_bucket,,11,2026-09-10,0
hormuz_strike_pipeline_shutdown,2026-09-10,unscheduled_macro,KXFED-27APR-T1.00,macro_bucket,,12,2026-09-10,0
hormuz_strike_pipeline_shutdown,2026-09-10,unscheduled_macro,KXFED-27APR-T0.75,macro_bucket,,13,2026-09-10,0
hormuz_strike_pipeline_shutdown,2026-09-10,unscheduled_macro,KXFED-27APR-T0.50,macro_bucket,,14,2026-09-10,0
hormuz_strike_pipeline_shutdown,2026-09-10,unscheduled_macro,KXFED-27APR-T0.25,macro_bucket,,15,2026-09-10,0
hormuz_strike_pipeline_shutdown,2026-09-10,unscheduled_macro,KXFED-27APR-T0.00,macro_bucket,,16,2026-09-10,0
hormuz_strike_pipeline_shutdown,2026-09-10,unscheduled_macro,KXFED-27MAR-T4.25,macro_bucket,,1,2026-09-10,0
hormuz_strike_pipeline_shutdown,2026-09-10,unscheduled_macro,KXFED-27MAR-T4.00,macro_bucket,,0,2026-09-10,0
hormuz_strike_pipeline_shutdown,2026-09-10,unscheduled_macro,KXFED-27MAR-T3.75,macro_bucket,,1,2026-09-10,0
hormuz_strike_pipeline_shutdown,2026-09-10,unscheduled_macro,KXFED-27MAR-T3.50,macro_bucket,,2,2026-09-10,0
hormuz_strike_pipeline_shutdown,2026-09-10,unscheduled_macro,KXFED-27MAR-T3.25,macro_bucket,,3,2026-09-10,0
hormuz_strike_pipeline_shutdown,2026-09-10,unscheduled_macro,KXFED-27MAR-T3.00,macro_bucket,,4,2026-09-10,0
hormuz_strike_pipeline_shutdown,2026-09-10,unscheduled_macro,KXFED-27MAR-T2.75,macro_bucket,,5,2026-09-10,0
hormuz_strike_pipeline_shutdown,2026-09-10,unscheduled_macro,KXFED-27MAR-T2.50,macro_bucket,,6,2026-09-10,0
hormuz_strike_pipeline_shutdown,2026-09-10,unscheduled_macro,KXFED-27MAR-T2.25,macro_bucket,,7,2026-09-10,0
hormuz_strike_pipeline_shutdown,2026-09-10,unscheduled_macro,KXFED-27MAR-T2.00,macro_bucket,,8,2026-09-10,0
hormuz_strike_pipeline_shutdown,2026-09-10,unscheduled_macro,KXFED-27MAR-T1.75,macro_bucket,,9,2026-09-10,0
hormuz_strike_pipeline_shutdown,2026-09-10,unscheduled_macro,KXFED-27MAR-T1.50,macro_bucket,,10,2026-09-10,0
hormuz_strike_pipeline_shutdown,2026-09-10,unscheduled_macro,KXFED-27MAR-T1.25,macro_bucket,,11,2026-09-10,0
hormuz_strike_pipeline_shutdown,2026-09-10,unscheduled_macro,KXFED-27MAR-T1.00,macro_bucket,,12,2026-09-10,0
hormuz_strike_pipeline_shutdown,2026-09-10,unscheduled_macro,KXFED-27MAR-T0.75,macro_bucket,,13,2026-09-10,0
hormuz_strike_pipeline_shutdown,2026-09-10,unscheduled_macro,KXFED-27MAR-T0.50,macro_bucket,,14,2026-09-10,0
hormuz_strike_pipeline_shutdown,2026-09-10,unscheduled_macro,KXFED-27MAR-T0.25,macro_bucket,,15,2026-09-10,0
hormuz_strike_pipeline_shutdown,2026-09-10,unscheduled_macro,KXFED-27MAR-T0.00,macro_bucket,,16,2026-09-10,0
hormuz_strike_pipeline_shutdown,2026-09-10,unscheduled_macro,KXFED-27JAN-T4.25,macro_bucket,,1,2026-09-10,0
hormuz_strike_pipeline_shutdown,2026-09-10,unscheduled_macro,KXFED-27JAN-T4.00,macro_bucket,,0,2026-09-10,0
hormuz_strike_pipeline_shutdown,2026-09-10,unscheduled_macro,KXFED-27JAN-T3.75,macro_bucket,,1,2026-09-10,0
hormuz_strike_pipeline_shutdown,2026-09-10,unscheduled_macro,KXFED-27JAN-T3.50,macro_bucket,,2,2026-09-10,0
hormuz_strike_pipeline_shutdown,2026-09-10,unscheduled_macro,KXFED-27JAN-T3.25,macro_bucket,,3,2026-09-10,0
hormuz_strike_pipeline_shutdown,2026-09-10,unscheduled_macro,KXFED-27JAN-T3.00,macro_bucket,,4,2026-09-10,0
hormuz_strike_pipeline_shutdown,2026-09-10,unscheduled_macro,KXFED-27JAN-T2.75,macro_bucket,,5,2026-09-10,0
hormuz_strike_pipeline_shutdown,2026-09-10,unscheduled_macro,KXFED-27JAN-T2.50,macro_bucket,,6,2026-09-10,0
hormuz_strike_pipeline_shutdown,2026-09-10,unscheduled_macro,KXFED-27JAN-T2.25,macro_bucket,,7,2026-09-10,0
hormuz_strike_pipeline_shutdown,2026-09-10,unscheduled_macro,KXFED-27JAN-T2.00,macro_bucket,,8,2026-09-10,0
hormuz_strike_pipeline_shutdown,2026-09-10,unscheduled_macro,KXFED-27JAN-T1.75,macro_bucket,,9,2026-09-10,0
hormuz_strike_pipeline_shutdown,2026-09-10,unscheduled_macro,KXFED-27JAN-T1.50,macro_bucket,,10,2026-09-10,0
hormuz_strike_pipeline_shutdown,2026-09-10,unscheduled_macro,KXFED-27JAN-T1.25,macro_bucket,,11,2026-09-10,0
hormuz_strike_pipeline_shutdown,2026-09-10,unscheduled_macro,KXFED-27JAN-T1.00,macro_bucket,,12,2026-09-10,0
hormuz_strike_pipeline_shutdown,2026-09-10,unscheduled_macro,KXFED-27JAN-T0.75,macro_bucket,,13,2026-09-10,0
hormuz_strike_pipeline_shutdown,2026-09-10,unscheduled_macro,KXFED-27JAN-T0.50,macro_bucket,,14,2026-09-10,0
hormuz_strike_pipeline_shutdown,2026-09-10,unscheduled_macro,KXFED-27JAN-T0.25,macro_bucket,,15,2026-09-10,0
hormuz_strike_pipeline_shutdown,2026-09-10,unscheduled_macro,KXFED-27JAN-T0.00,macro_bucket,,16,2026-09-10,0
hormuz_strike_pipeline_shutdown,2026-09-10,unscheduled_macro,KXFED-26DEC-T5.25,macro_bucket,,5,2026-09-10,0
hormuz_strike_pipeline_shutdown,2026-09-10,unscheduled_macro,KXFED-26DEC-T5.00,macro_bucket,,4,2026-09-10,0
hormuz_strike_pipeline_shutdown,2026-09-10,unscheduled_macro,KXFED-26DEC-T4.75,macro_bucket,,3,2026-09-10,0
hormuz_strike_pipeline_shutdown,2026-09-10,unscheduled_macro,KXFED-26DEC-T4.50,macro_bucket,,2,2026-09-10,0
hormuz_strike_pipeline_shutdown,2026-09-10,unscheduled_macro,KXFED-26DEC-T4.25,macro_bucket,,1,2026-09-10,0
hormuz_strike_pipeline_shutdown,2026-09-10,unscheduled_macro,KXFED-26DEC-T4.00,macro_bucket,,0,2026-09-10,0
hormuz_strike_pipeline_shutdown,2026-09-10,unscheduled_macro,KXFED-26DEC-T3.75,macro_bucket,,1,2026-09-10,0
hormuz_strike_pipeline_shutdown,2026-09-10,unscheduled_macro,KXFED-26DEC-T3.50,macro_bucket,,2,2026-09-10,0
hormuz_strike_pipeline_shutdown,2026-09-10,unscheduled_macro,KXFED-26DEC-T3.25,macro_bucket,,3,2026-09-10,0
hormuz_strike_pipeline_shutdown,2026-09-10,unscheduled_macro,KXFED-26DEC-T3.00,macro_bucket,,4,2026-09-10,0
hormuz_strike_pipeline_shutdown,2026-09-10,unscheduled_macro,KXFED-26DEC-T2.75,macro_bucket,,5,2026-09-10,0
hormuz_strike_pipeline_shutdown,2026-09-10,unscheduled_macro,KXFED-26OCT-T5.25,macro_bucket,,5,2026-09-10,0
hormuz_strike_pipeline_shutdown,2026-09-10,unscheduled_macro,KXFED-26OCT-T5.00,macro_bucket,,4,2026-09-10,0
hormuz_strike_pipeline_shutdown,2026-09-10,unscheduled_macro,KXFED-26OCT-T4.75,macro_bucket,,3,2026-09-10,0
hormuz_strike_pipeline_shutdown,2026-09-10,unscheduled_macro,KXFED-26OCT-T4.50,macro_bucket,,2,2026-09-10,0
hormuz_strike_pipeline_shutdown,2026-09-10,unscheduled_macro,KXFED-26OCT-T4.25,macro_bucket,,1,2026-09-10,0
hormuz_strike_pipeline_shutdown,2026-09-10,unscheduled_macro,KXFED-26OCT-T4.00,macro_bucket,,0,2026-09-10,0
hormuz_strike_pipeline_shutdown,2026-09-10,unscheduled_macro,KXFED-26OCT-T3.75,macro_bucket,,1,2026-09-10,0
hormuz_strike_pipeline_shutdown,2026-09-10,unscheduled_macro,KXFED-26OCT-T3.50,macro_bucket,,2,2026-09-10,0
hormuz_strike_pipeline_shutdown,2026-09-10,unscheduled_macro,KXFED-26OCT-T3.25,macro_bucket,,3,2026-09-10,0
hormuz_strike_pipeline_shutdown,2026-09-10,unscheduled_macro,KXFED-26OCT-T3.00,macro_bucket,,4,2026-09-10,0
hormuz_strike_pipeline_shutdown,2026-09-10,unscheduled_macro,KXFED-26OCT-T2.75,macro_bucket,,5,2026-09-10,0
hormuz_strike_pipeline_shutdown,2026-09-10,unscheduled_macro,KXFED-26SEP-T5.25,macro_bucket,,5,2026-09-10,0
hormuz_strike_pipeline_shutdown,2026-09-10,unscheduled_macro,KXFED-26SEP-T5.00,macro_bucket,,4,2026-09-10,0
hormuz_strike_pipeline_shutdown,2026-09-10,unscheduled_macro,KXFED-26SEP-T4.75,macro_bucket,,3,2026-09-10,0
hormuz_strike_pipeline_shutdown,2026-09-10,unscheduled_macro,KXFED-26SEP-T4.50,macro_bucket,,2,2026-09-10,0
hormuz_strike_pipeline_shutdown,2026-09-10,unscheduled_macro,KXFED-26SEP-T4.25,macro_bucket,,1,2026-09-10,0
hormuz_strike_pipeline_shutdown,2026-09-10,unscheduled_macro,KXFED-26SEP-T4.00,macro_bucket,,0,2026-09-10,0
hormuz_strike_pipeline_shutdown,2026-09-10,unscheduled_macro,KXFED-26SEP-T3.75,macro_bucket,,1,2026-09-10,0
hormuz_strike_pipeline_shutdown,2026-09-10,unscheduled_macro,KXFED-26SEP-T3.50,macro_bucket,,2,2026-09-10,0
hormuz_strike_pipeline_shutdown,2026-09-10,unscheduled_macro,KXFED-26SEP-T3.25,macro_bucket,,3,2026-09-10,0
hormuz_strike_pipeline_shutdown,2026-09-10,unscheduled_macro,KXFED-26SEP-T3.00,macro_bucket,,4,2026-09-10,0
hormuz_strike_pipeline_shutdown,2026-09-10,unscheduled_macro,KXFED-26SEP-T2.75,macro_bucket,,5,2026-09-10,0
tariff_eu_threat,2026-09-16,unscheduled_macro,KXFED-27APR-T6.00,macro_bucket,,,2026-09-16,0
tariff_eu_threat,2026-09-16,unscheduled_macro,KXFED-27APR-T5.75,macro_bucket,,,2026-09-16,0
tariff_eu_threat,2026-09-16,unscheduled_macro,KXFED-27APR-T5.50,macro_bucket,,,2026-09-16,0
tariff_eu_threat,2026-09-16,unscheduled_macro,KXFED-27APR-T5.25,macro_bucket,,,2026-09-16,0
tariff_eu_threat,2026-09-16,unscheduled_macro,KXFED-27APR-T5.00,macro_bucket,,,2026-09-16,0
tariff_eu_threat,2026-09-16,unscheduled_macro,KXFED-27APR-T4.75,macro_bucket,,,2026-09-16,0
tariff_eu_threat,2026-09-16,unscheduled_macro,KXFED-27APR-T4.50,macro_bucket,,,2026-09-16,0
tariff_eu_threat,2026-09-16,unscheduled_macro,KXFED-27MAR-T5.75,macro_bucket,,,2026-09-16,0
tariff_eu_threat,2026-09-16,unscheduled_macro,KXFED-27MAR-T5.50,macro_bucket,,,2026-09-16,0
tariff_eu_threat,2026-09-16,unscheduled_macro,KXFED-27MAR-T5.25,macro_bucket,,,2026-09-16,0
tariff_eu_threat,2026-09-16,unscheduled_macro,KXFED-27MAR-T5.00,macro_bucket,,,2026-09-16,0
tariff_eu_threat,2026-09-16,unscheduled_macro,KXFED-27MAR-T4.75,macro_bucket,,,2026-09-16,0
tariff_eu_threat,2026-09-16,unscheduled_macro,KXFED-27MAR-T4.50,macro_bucket,,,2026-09-16,0
tariff_eu_threat,2026-09-16,unscheduled_macro,KXFED-27JAN-T5.75,macro_bucket,,,2026-09-16,0
tariff_eu_threat,2026-09-16,unscheduled_macro,KXFED-27JAN-T5.50,macro_bucket,,,2026-09-16,0
tariff_eu_threat,2026-09-16,unscheduled_macro,KXFED-27JAN-T5.25,macro_bucket,,,2026-09-16,0
tariff_eu_threat,2026-09-16,unscheduled_macro,KXFED-27JAN-T5.00,macro_bucket,,,2026-09-16,0
tariff_eu_threat,2026-09-16,unscheduled_macro,KXFED-27JAN-T4.75,macro_bucket,,,2026-09-16,0
tariff_eu_threat,2026-09-16,unscheduled_macro,KXFED-27JAN-T4.50,macro_bucket,,,2026-09-16,0
tariff_eu_threat,2026-09-16,unscheduled_macro,KXFED-28JAN-T6.00,macro_bucket,,,2026-09-16,0
tariff_eu_threat,2026-09-16,unscheduled_macro,KXFED-28JAN-T5.75,macro_bucket,,,2026-09-16,0
tariff_eu_threat,2026-09-16,unscheduled_macro,KXFED-28JAN-T5.50,macro_bucket,,,2026-09-16,0
tariff_eu_threat,2026-09-16,unscheduled_macro,KXFED-28JAN-T5.25,macro_bucket,,,2026-09-16,0
tariff_eu_threat,2026-09-16,unscheduled_macro,KXFED-28JAN-T5.00,macro_bucket,,,2026-09-16,0
tariff_eu_threat,2026-09-16,unscheduled_macro,KXFED-28JAN-T4.75,macro_bucket,,,2026-09-16,0
tariff_eu_threat,2026-09-16,unscheduled_macro,KXFED-28JAN-T4.50,macro_bucket,,,2026-09-16,0
tariff_eu_threat,2026-09-16,unscheduled_macro,KXFED-28JAN-T4.25,macro_bucket,,,2026-09-16,0
tariff_eu_threat,2026-09-16,unscheduled_macro,KXFED-28JAN-T4.00,macro_bucket,,,2026-09-16,0
tariff_eu_threat,2026-09-16,unscheduled_macro,KXFED-28JAN-T3.75,macro_bucket,,,2026-09-16,0
tariff_eu_threat,2026-09-16,unscheduled_macro,KXFED-28JAN-T3.50,macro_bucket,,,2026-09-16,0
tariff_eu_threat,2026-09-16,unscheduled_macro,KXFED-28JAN-T3.25,macro_bucket,,,2026-09-16,0
tariff_eu_threat,2026-09-16,unscheduled_macro,KXFED-28JAN-T3.00,macro_bucket,,,2026-09-16,0
tariff_eu_threat,2026-09-16,unscheduled_macro,KXFED-28JAN-T2.75,macro_bucket,,,2026-09-16,0
tariff_eu_threat,2026-09-16,unscheduled_macro,KXFED-28JAN-T2.50,macro_bucket,,,2026-09-16,0
tariff_eu_threat,2026-09-16,unscheduled_macro,KXFED-28JAN-T2.25,macro_bucket,,,2026-09-16,0
tariff_eu_threat,2026-09-16,unscheduled_macro,KXFED-28JAN-T2.00,macro_bucket,,,2026-09-16,0
tariff_eu_threat,2026-09-16,unscheduled_macro,KXFED-28JAN-T1.25,macro_bucket,,,2026-09-16,0
tariff_eu_threat,2026-09-16,unscheduled_macro,KXFED-28JAN-T1.00,macro_bucket,,,2026-09-16,0
tariff_eu_threat,2026-09-16,unscheduled_macro,KXFED-28JAN-T0.75,macro_bucket,,,2026-09-16,0
tariff_eu_threat,2026-09-16,unscheduled_macro,KXFED-28JAN-T0.50,macro_bucket,,,2026-09-16,0
tariff_eu_threat,2026-09-16,unscheduled_macro,KXFED-28JAN-T0.00,macro_bucket,,,2026-09-16,0
tariff_eu_threat,2026-09-16,unscheduled_macro,KXFED-27DEC-T6.00,macro_bucket,,,2026-09-16,0
tariff_eu_threat,2026-09-16,unscheduled_macro,KXFED-27DEC-T5.75,macro_bucket,,,2026-09-16,0
tariff_eu_threat,2026-09-16,unscheduled_macro,KXFED-27DEC-T5.25,macro_bucket,,,2026-09-16,0
tariff_eu_threat,2026-09-16,unscheduled_macro,KXFED-27DEC-T5.00,macro_bucket,,,2026-09-16,0
tariff_eu_threat,2026-09-16,unscheduled_macro,KXFED-27DEC-T4.75,macro_bucket,,,2026-09-16,0
tariff_eu_threat,2026-09-16,unscheduled_macro,KXFED-27DEC-T4.50,macro_bucket,,,2026-09-16,0
tariff_eu_threat,2026-09-16,unscheduled_macro,KXFED-27DEC-T4.00,macro_bucket,,,2026-09-16,0
tariff_eu_threat,2026-09-16,unscheduled_macro,KXFED-27DEC-T3.75,macro_bucket,,,2026-09-16,0
tariff_eu_threat,2026-09-16,unscheduled_macro,KXFED-27DEC-T3.25,macro_bucket,,,2026-09-16,0
tariff_eu_threat,2026-09-16,unscheduled_macro,KXFED-27DEC-T3.00,macro_bucket,,,2026-09-16,0
tariff_eu_threat,2026-09-16,unscheduled_macro,KXFED-27DEC-T2.75,macro_bucket,,,2026-09-16,0
tariff_eu_threat,2026-09-16,unscheduled_macro,KXFED-27DEC-T2.50,macro_bucket,,,2026-09-16,0
tariff_eu_threat,2026-09-16,unscheduled_macro,KXFED-27DEC-T2.25,macro_bucket,,,2026-09-16,0
tariff_eu_threat,2026-09-16,unscheduled_macro,KXFED-27DEC-T1.50,macro_bucket,,,2026-09-16,0
tariff_eu_threat,2026-09-16,unscheduled_macro,KXFED-27DEC-T1.25,macro_bucket,,,2026-09-16,0
tariff_eu_threat,2026-09-16,unscheduled_macro,KXFED-27DEC-T1.00,macro_bucket,,,2026-09-16,0
tariff_eu_threat,2026-09-16,unscheduled_macro,KXFED-27DEC-T0.75,macro_bucket,,,2026-09-16,0
tariff_eu_threat,2026-09-16,unscheduled_macro,KXFED-27DEC-T0.50,macro_bucket,,,2026-09-16,0
tariff_eu_threat,2026-09-16,unscheduled_macro,KXFED-27DEC-T0.25,macro_bucket,,,2026-09-16,0
tariff_eu_threat,2026-09-16,unscheduled_macro,KXFED-27DEC-T0.00,macro_bucket,,,2026-09-16,0
tariff_eu_threat,2026-09-16,unscheduled_macro,KXFED-27OCT-T5.75,macro_bucket,,,2026-09-16,0
tariff_eu_threat,2026-09-16,unscheduled_macro,KXFED-27OCT-T5.50,macro_bucket,,,2026-09-16,0
tariff_eu_threat,2026-09-16,unscheduled_macro,KXFED-27OCT-T5.25,macro_bucket,,,2026-09-16,0
tariff_eu_threat,2026-09-16,unscheduled_macro,KXFED-27OCT-T5.00,macro_bucket,,,2026-09-16,0
tariff_eu_threat,2026-09-16,unscheduled_macro,KXFED-27OCT-T4.75,macro_bucket,,,2026-09-16,0
tariff_eu_threat,2026-09-16,unscheduled_macro,KXFED-27OCT-T4.50,macro_bucket,,,2026-09-16,0
tariff_eu_threat,2026-09-16,unscheduled_macro,KXFED-27OCT-T4.25,macro_bucket,,,2026-09-16,0
tariff_eu_threat,2026-09-16,unscheduled_macro,KXFED-27OCT-T4.00,macro_bucket,,,2026-09-16,0
tariff_eu_threat,2026-09-16,unscheduled_macro,KXFED-27OCT-T3.50,macro_bucket,,,2026-09-16,0
tariff_eu_threat,2026-09-16,unscheduled_macro,KXFED-27OCT-T3.25,macro_bucket,,,2026-09-16,0
tariff_eu_threat,2026-09-16,unscheduled_macro,KXFED-27OCT-T3.00,macro_bucket,,,2026-09-16,0
tariff_eu_threat,2026-09-16,unscheduled_macro,KXFED-27OCT-T2.75,macro_bucket,,,2026-09-16,0
tariff_eu_threat,2026-09-16,unscheduled_macro,KXFED-27OCT-T2.50,macro_bucket,,,2026-09-16,0
tariff_eu_threat,2026-09-16,unscheduled_macro,KXFED-27OCT-T2.25,macro_bucket,,,2026-09-16,0
tariff_eu_threat,2026-09-16,unscheduled_macro,KXFED-27OCT-T2.00,macro_bucket,,,2026-09-16,0
tariff_eu_threat,2026-09-16,unscheduled_macro,KXFED-27OCT-T1.75,macro_bucket,,,2026-09-16,0
tariff_eu_threat,2026-09-16,unscheduled_macro,KXFED-27OCT-T1.50,macro_bucket,,,2026-09-16,0
tariff_eu_threat,2026-09-16,unscheduled_macro,KXFED-27OCT-T1.25,macro_bucket,,,2026-09-16,0
tariff_eu_threat,2026-09-16,unscheduled_macro,KXFED-27OCT-T1.00,macro_bucket,,,2026-09-16,0
tariff_eu_threat,2026-09-16,unscheduled_macro,KXFED-27OCT-T0.75,macro_bucket,,,2026-09-16,0
tariff_eu_threat,2026-09-16,unscheduled_macro,KXFED-27OCT-T0.50,macro_bucket,,,2026-09-16,0
tariff_eu_threat,2026-09-16,unscheduled_macro,KXFED-27OCT-T0.25,macro_bucket,,,2026-09-16,0
tariff_eu_threat,2026-09-16,unscheduled_macro,KXFED-27OCT-T0.00,macro_bucket,,,2026-09-16,0
tariff_eu_threat,2026-09-16,unscheduled_macro,KXFED-27SEP-T6.00,macro_bucket,,,2026-09-16,0
tariff_eu_threat,2026-09-16,unscheduled_macro,KXFED-27SEP-T5.75,macro_bucket,,,2026-09-16,0
tariff_eu_threat,2026-09-16,unscheduled_macro,KXFED-27SEP-T5.50,macro_bucket,,,2026-09-16,0
tariff_eu_threat,2026-09-16,unscheduled_macro,KXFED-27SEP-T5.25,macro_bucket,,,2026-09-16,0
tariff_eu_threat,2026-09-16,unscheduled_macro,KXFED-27SEP-T5.00,macro_bucket,,,2026-09-16,0
tariff_eu_threat,2026-09-16,unscheduled_macro,KXFED-27SEP-T4.25,macro_bucket,,,2026-09-16,0
tariff_eu_threat,2026-09-16,unscheduled_macro,KXFED-27SEP-T4.00,macro_bucket,,,2026-09-16,0
tariff_eu_threat,2026-09-16,unscheduled_macro,KXFED-27SEP-T3.75,macro_bucket,,,2026-09-16,0
tariff_eu_threat,2026-09-16,unscheduled_macro,KXFED-27SEP-T3.50,macro_bucket,,,2026-09-16,0
tariff_eu_threat,2026-09-16,unscheduled_macro,KXFED-27SEP-T3.25,macro_bucket,,,2026-09-16,0
tariff_eu_threat,2026-09-16,unscheduled_macro,KXFED-27SEP-T3.00,macro_bucket,,,2026-09-16,0
tariff_eu_threat,2026-09-16,unscheduled_macro,KXFED-27SEP-T2.75,macro_bucket,,,2026-09-16,0
tariff_eu_threat,2026-09-16,unscheduled_macro,KXFED-27SEP-T2.50,macro_bucket,,,2026-09-16,0
tariff_eu_threat,2026-09-16,unscheduled_macro,KXFED-27SEP-T2.25,macro_bucket,,,2026-09-16,0
tariff_eu_threat,2026-09-16,unscheduled_macro,KXFED-27SEP-T2.00,macro_bucket,,,2026-09-16,0
tariff_eu_threat,2026-09-16,unscheduled_macro,KXFED-27SEP-T1.75,macro_bucket,,,2026-09-16,0
tariff_eu_threat,2026-09-16,unscheduled_macro,KXFED-27SEP-T1.50,macro_bucket,,,2026-09-16,0
tariff_eu_threat,2026-09-16,unscheduled_macro,KXFED-27SEP-T1.25,macro_bucket,,,2026-09-16,0
tariff_eu_threat,2026-09-16,unscheduled_macro,KXFED-27SEP-T1.00,macro_bucket,,,2026-09-16,0
tariff_eu_threat,2026-09-16,unscheduled_macro,KXFED-27SEP-T0.75,macro_bucket,,,2026-09-16,0
tariff_eu_threat,2026-09-16,unscheduled_macro,KXFED-27SEP-T0.50,macro_bucket,,,2026-09-16,0
tariff_eu_threat,2026-09-16,unscheduled_macro,KXFED-27SEP-T0.25,macro_bucket,,,2026-09-16,0
tariff_eu_threat,2026-09-16,unscheduled_macro,KXFED-27SEP-T0.00,macro_bucket,,,2026-09-16,0
tariff_eu_threat,2026-09-16,unscheduled_macro,KXFED-27JUL-T6.00,macro_bucket,,,2026-09-16,0
tariff_eu_threat,2026-09-16,unscheduled_macro,KXFED-27JUL-T5.75,macro_bucket,,,2026-09-16,0
tariff_eu_threat,2026-09-16,unscheduled_macro,KXFED-27JUL-T5.50,macro_bucket,,,2026-09-16,0
tariff_eu_threat,2026-09-16,unscheduled_macro,KXFED-27JUL-T5.25,macro_bucket,,,2026-09-16,0
tariff_eu_threat,2026-09-16,unscheduled_macro,KXFED-27JUL-T5.00,macro_bucket,,,2026-09-16,0
tariff_eu_threat,2026-09-16,unscheduled_macro,KXFED-27JUL-T4.75,macro_bucket,,,2026-09-16,0
tariff_eu_threat,2026-09-16,unscheduled_macro,KXFED-27JUL-T4.50,macro_bucket,,,2026-09-16,0
tariff_eu_threat,2026-09-16,unscheduled_macro,KXFED-27JUL-T4.25,macro_bucket,,,2026-09-16,0
tariff_eu_threat,2026-09-16,unscheduled_macro,KXFED-27JUL-T4.00,macro_bucket,,,2026-09-16,0
tariff_eu_threat,2026-09-16,unscheduled_macro,KXFED-27JUL-T3.75,macro_bucket,,,2026-09-16,0
tariff_eu_threat,2026-09-16,unscheduled_macro,KXFED-27JUL-T3.50,macro_bucket,,,2026-09-16,0
tariff_eu_threat,2026-09-16,unscheduled_macro,KXFED-27JUL-T3.25,macro_bucket,,,2026-09-16,0
tariff_eu_threat,2026-09-16,unscheduled_macro,KXFED-27JUL-T3.00,macro_bucket,,,2026-09-16,0
tariff_eu_threat,2026-09-16,unscheduled_macro,KXFED-27JUL-T2.75,macro_bucket,,,2026-09-16,0
tariff_eu_threat,2026-09-16,unscheduled_macro,KXFED-27JUL-T2.50,macro_bucket,,,2026-09-16,0
tariff_eu_threat,2026-09-16,unscheduled_macro,KXFED-27JUL-T2.25,macro_bucket,,,2026-09-16,0
tariff_eu_threat,2026-09-16,unscheduled_macro,KXFED-27JUL-T2.00,macro_bucket,,,2026-09-16,0
tariff_eu_threat,2026-09-16,unscheduled_macro,KXFED-27JUL-T1.75,macro_bucket,,,2026-09-16,0
tariff_eu_threat,2026-09-16,unscheduled_macro,KXFED-27JUL-T1.50,macro_bucket,,,2026-09-16,0
tariff_eu_threat,2026-09-16,unscheduled_macro,KXFED-27JUL-T1.25,macro_bucket,,,2026-09-16,0
tariff_eu_threat,2026-09-16,unscheduled_macro,KXFED-27JUL-T1.00,macro_bucket,,,2026-09-16,0
tariff_eu_threat,2026-09-16,unscheduled_macro,KXFED-27JUL-T0.50,macro_bucket,,,2026-09-16,0
tariff_eu_threat,2026-09-16,unscheduled_macro,KXFED-27JUL-T0.25,macro_bucket,,,2026-09-16,0
tariff_eu_threat,2026-09-16,unscheduled_macro,KXFED-27JUL-T0.00,macro_bucket,,,2026-09-16,0
tariff_eu_threat,2026-09-16,unscheduled_macro,KXFED-27JUN-T6.00,macro_bucket,,,2026-09-16,0
tariff_eu_threat,2026-09-16,unscheduled_macro,KXFED-27JUN-T5.75,macro_bucket,,,2026-09-16,0
tariff_eu_threat,2026-09-16,unscheduled_macro,KXFED-27JUN-T5.50,macro_bucket,,,2026-09-16,0
tariff_eu_threat,2026-09-16,unscheduled_macro,KXFED-27JUN-T5.25,macro_bucket,,,2026-09-16,0
tariff_eu_threat,2026-09-16,unscheduled_macro,KXFED-27JUN-T5.00,macro_bucket,,,2026-09-16,0
tariff_eu_threat,2026-09-16,unscheduled_macro,KXFED-27JUN-T4.75,macro_bucket,,,2026-09-16,0
tariff_eu_threat,2026-09-16,unscheduled_macro,KXFED-27JUN-T4.50,macro_bucket,,,2026-09-16,0
tariff_eu_threat,2026-09-16,unscheduled_macro,KXFED-27JUN-T4.25,macro_bucket,,,2026-09-16,0
tariff_eu_threat,2026-09-16,unscheduled_macro,KXFED-27JUN-T4.00,macro_bucket,,,2026-09-16,0
tariff_eu_threat,2026-09-16,unscheduled_macro,KXFED-27JUN-T3.75,macro_bucket,,,2026-09-16,0
tariff_eu_threat,2026-09-16,unscheduled_macro,KXFED-27JUN-T3.50,macro_bucket,,,2026-09-16,0
tariff_eu_threat,2026-09-16,unscheduled_macro,KXFED-27JUN-T3.00,macro_bucket,,,2026-09-16,0
tariff_eu_threat,2026-09-16,unscheduled_macro,KXFED-27JUN-T2.75,macro_bucket,,,2026-09-16,0
tariff_eu_threat,2026-09-16,unscheduled_macro,KXFED-27JUN-T2.50,macro_bucket,,,2026-09-16,0
tariff_eu_threat,2026-09-16,unscheduled_macro,KXFED-27JUN-T2.25,macro_bucket,,,2026-09-16,0
tariff_eu_threat,2026-09-16,unscheduled_macro,KXFED-27JUN-T2.00,macro_bucket,,,2026-09-16,0
tariff_eu_threat,2026-09-16,unscheduled_macro,KXFED-27JUN-T1.75,macro_bucket,,,2026-09-16,0
tariff_eu_threat,2026-09-16,unscheduled_macro,KXFED-27JUN-T1.50,macro_bucket,,,2026-09-16,0
tariff_eu_threat,2026-09-16,unscheduled_macro,KXFED-27JUN-T1.25,macro_bucket,,,2026-09-16,0
tariff_eu_threat,2026-09-16,unscheduled_macro,KXFED-27JUN-T1.00,macro_bucket,,,2026-09-16,0
tariff_eu_threat,2026-09-16,unscheduled_macro,KXFED-27JUN-T0.75,macro_bucket,,,2026-09-16,0
tariff_eu_threat,2026-09-16,unscheduled_macro,KXFED-27JUN-T0.50,macro_bucket,,,2026-09-16,0
tariff_eu_threat,2026-09-16,unscheduled_macro,KXFED-27JUN-T0.25,macro_bucket,,,2026-09-16,0
tariff_eu_threat,2026-09-16,unscheduled_macro,KXFED-27JUN-T0.00,macro_bucket,,,2026-09-16,0
tariff_eu_threat,2026-09-16,unscheduled_macro,KXFED-27APR-T2.25,macro_bucket,,,2026-09-16,0
tariff_eu_threat,2026-09-16,unscheduled_macro,KXCPI-26OCT-T1.0,macro_bucket,,,2026-09-16,0
tariff_eu_threat,2026-09-16,unscheduled_macro,KXCPI-26OCT-T0.9,macro_bucket,,,2026-09-16,0
tariff_eu_threat,2026-09-16,unscheduled_macro,KXCPI-26OCT-T0.8,macro_bucket,,,2026-09-16,0
tariff_eu_threat,2026-09-16,unscheduled_macro,KXCPI-26OCT-T0.7,macro_bucket,,,2026-09-16,0
tariff_eu_threat,2026-09-16,unscheduled_macro,KXCPI-26OCT-T0.6,macro_bucket,,,2026-09-16,0
tariff_eu_threat,2026-09-16,unscheduled_macro,KXCPI-26DEC-T0.9,macro_bucket,,,2026-09-16,0
tariff_eu_threat,2026-09-16,unscheduled_macro,KXCPI-26DEC-T0.8,macro_bucket,,,2026-09-16,0
tariff_eu_threat,2026-09-16,unscheduled_macro,KXCPI-26DEC-T0.7,macro_bucket,,,2026-09-16,0
tariff_eu_threat,2026-09-16,unscheduled_macro,KXCPI-26DEC-T0.6,macro_bucket,,,2026-09-16,0
tariff_eu_threat,2026-09-16,unscheduled_macro,KXCPI-26DEC-T0.5,macro_bucket,,,2026-09-16,0
tariff_eu_threat,2026-09-16,unscheduled_macro,KXCPI-26DEC-T0.4,macro_bucket,,,2026-09-16,0
tariff_eu_threat,2026-09-16,unscheduled_macro,KXCPI-26DEC-T0.3,macro_bucket,,,2026-09-16,0
tariff_eu_threat,2026-09-16,unscheduled_macro,KXCPI-26DEC-T0.2,macro_bucket,,,2026-09-16,0
tariff_eu_threat,2026-09-16,unscheduled_macro,KXCPI-26DEC-T-0.1,macro_bucket,,,2026-09-16,0
tariff_eu_threat,2026-09-16,unscheduled_macro,KXCPI-26DEC-T0.0,macro_bucket,,,2026-09-16,0
tariff_eu_threat,2026-09-16,unscheduled_macro,KXCPI-26SEP-T0.9,macro_bucket,,,2026-09-16,0
tariff_eu_threat,2026-09-16,unscheduled_macro,KXCPI-26SEP-T0.8,macro_bucket,,,2026-09-16,0
tariff_eu_threat,2026-09-16,unscheduled_macro,KXCPI-26SEP-T0.7,macro_bucket,,,2026-09-16,0
tariff_eu_threat,2026-09-16,unscheduled_macro,KXCPI-26AUG-T0.7,macro_bucket,,,2026-09-16,0
tariff_eu_threat,2026-09-16,unscheduled_macro,KXCPI-26AUG-T0.0,macro_bucket,,,2026-09-16,0
tariff_eu_threat,2026-09-16,unscheduled_macro,KXCPI-26JUL-T0.5,macro_bucket,,,2026-09-16,0
tariff_eu_threat,2026-09-16,unscheduled_macro,KXCPI-26JUL-T0.3,macro_bucket,,,2026-09-16,0
tariff_eu_threat,2026-09-16,unscheduled_macro,KXCPI-26JUL-T0.2,macro_bucket,,,2026-09-16,0
tariff_eu_threat,2026-09-16,unscheduled_macro,KXCPI-26JUL-T0.1,macro_bucket,,,2026-09-16,0
tariff_eu_threat,2026-09-16,unscheduled_macro,KXCPI-26JUL-T0.0,macro_bucket,,,2026-09-16,0
tariff_eu_threat,2026-09-16,unscheduled_macro,KXCPICORE-26DEC-T1.0,macro_bucket,,,2026-09-16,0
tariff_eu_threat,2026-09-16,unscheduled_macro,KXCPICORE-26DEC-T0.9,macro_bucket,,,2026-09-16,0
tariff_eu_threat,2026-09-16,unscheduled_macro,KXCPICORE-26DEC-T0.8,macro_bucket,,,2026-09-16,0
tariff_eu_threat,2026-09-16,unscheduled_macro,KXCPICORE-26DEC-T0.7,macro_bucket,,,2026-09-16,0
tariff_eu_threat,2026-09-16,unscheduled_macro,KXCPICORE-26DEC-T0.6,macro_bucket,,,2026-09-16,0
tariff_eu_threat,2026-09-16,unscheduled_macro,KXCPICORE-26DEC-T0.4,macro_bucket,,,2026-09-16,0
tariff_eu_threat,2026-09-16,unscheduled_macro,KXCPICORE-26DEC-T0.3,macro_bucket,,,2026-09-16,0
tariff_eu_threat,2026-09-16,unscheduled_macro,KXCPICORE-26DEC-T0.2,macro_bucket,,,2026-09-16,0
tariff_eu_threat,2026-09-16,unscheduled_macro,KXCPICORE-26DEC-T0.1,macro_bucket,,,2026-09-16,0
tariff_eu_threat,2026-09-16,unscheduled_macro,KXCPICORE-26DEC-T0.0,macro_bucket,,,2026-09-16,0
tariff_eu_threat,2026-09-16,unscheduled_macro,KXCPICORE-26NOV-T1.0,macro_bucket,,,2026-09-16,0
tariff_eu_threat,2026-09-16,unscheduled_macro,KXCPICORE-26NOV-T0.0,macro_bucket,,,2026-09-16,0
tariff_eu_threat,2026-09-16,unscheduled_macro,KXCPICORE-26OCT-T0.6,macro_bucket,,,2026-09-16,0
tariff_eu_threat,2026-09-16,unscheduled_macro,KXCPICORE-26OCT-T0.4,macro_bucket,,,2026-09-16,0
tariff_eu_threat,2026-09-16,unscheduled_macro,KXCPICORE-26OCT-T0.2,macro_bucket,,,2026-09-16,0
tariff_eu_threat,2026-09-16,unscheduled_macro,KXCPICORE-26SEP-T0.9,macro_bucket,,,2026-09-16,0
tariff_eu_threat,2026-09-16,unscheduled_macro,KXCPICORE-26SEP-T0.8,macro_bucket,,,2026-09-16,0
tariff_eu_threat,2026-09-16,unscheduled_macro,KXCPICORE-26SEP-T0.5,macro_bucket,,,2026-09-16,0
tariff_eu_threat,2026-09-16,unscheduled_macro,KXCPICORE-26SEP-T0.4,macro_bucket,,,2026-09-16,0
tariff_eu_threat,2026-09-16,unscheduled_macro,KXCPICORE-26SEP-T0.2,macro_bucket,,,2026-09-16,0
tariff_eu_threat,2026-09-16,unscheduled_macro,KXCPICORE-26SEP-T0.1,macro_bucket,,,2026-09-16,0
tariff_eu_threat,2026-09-16,unscheduled_macro,KXCPICORE-26AUG-T1.0,macro_bucket,,,2026-09-16,0
tariff_eu_threat,2026-09-16,unscheduled_macro,KXCPICORE-26AUG-T0.9,macro_bucket,,,2026-09-16,0
tariff_eu_threat,2026-09-16,unscheduled_macro,KXCPICORE-26AUG-T0.7,macro_bucket,,,2026-09-16,0
tariff_eu_threat,2026-09-16,unscheduled_macro,KXCPICORE-26AUG-T0.3,macro_bucket,,,2026-09-16,0
tariff_eu_threat,2026-09-16,unscheduled_macro,KXCPICORE-26AUG-T0.2,macro_bucket,,,2026-09-16,0
tariff_eu_threat,2026-09-16,unscheduled_macro,KXCPICORE-26JUL-T1.0,macro_bucket,,,2026-09-16,0
tariff_eu_threat,2026-09-16,unscheduled_macro,KXCPICORE-26JUL-T0.9,macro_bucket,,,2026-09-16,0
tariff_eu_threat,2026-09-16,unscheduled_macro,KXCPICORE-26JUL-T0.8,macro_bucket,,,2026-09-16,0
tariff_eu_threat,2026-09-16,unscheduled_macro,KXCPICORE-26JUL-T0.7,macro_bucket,,,2026-09-16,0
tariff_eu_threat,2026-09-16,unscheduled_macro,KXCPICORE-26JUL-T0.6,macro_bucket,,,2026-09-16,0
tariff_eu_threat,2026-09-16,unscheduled_macro,KXCPICORE-26JUL-T0.3,macro_bucket,,,2026-09-16,0
tariff_eu_threat,2026-09-16,unscheduled_macro,KXCPICORE-26JUL-T0.2,macro_bucket,,,2026-09-16,0
tariff_eu_threat,2026-09-16,unscheduled_macro,KXCPICORE-26JUL-T0.1,macro_bucket,,,2026-09-16,0
tariff_eu_threat,2026-09-16,unscheduled_macro,KXCPICORE-26JUL-T0.0,macro_bucket,,,2026-09-16,0
tariff_eu_threat,2026-09-16,unscheduled_macro,KXFED-27MAR-T6.00,macro_bucket,,,2026-09-16,0
tariff_eu_threat,2026-09-16,unscheduled_macro,KXFED-27JAN-T6.00,macro_bucket,,,2026-09-16,0
tariff_eu_threat,2026-09-16,unscheduled_macro,KXFED-28JAN-T1.75,macro_bucket,,,2026-09-16,0
tariff_eu_threat,2026-09-16,unscheduled_macro,KXFED-28JAN-T1.50,macro_bucket,,,2026-09-16,0
tariff_eu_threat,2026-09-16,unscheduled_macro,KXFED-28JAN-T0.25,macro_bucket,,,2026-09-16,0
tariff_eu_threat,2026-09-16,unscheduled_macro,KXFED-27DEC-T5.50,macro_bucket,,,2026-09-16,0
tariff_eu_threat,2026-09-16,unscheduled_macro,KXFED-27DEC-T4.25,macro_bucket,,,2026-09-16,0
tariff_eu_threat,2026-09-16,unscheduled_macro,KXFED-27DEC-T3.50,macro_bucket,,,2026-09-16,0
tariff_eu_threat,2026-09-16,unscheduled_macro,KXFED-27DEC-T2.00,macro_bucket,,,2026-09-16,0
tariff_eu_threat,2026-09-16,unscheduled_macro,KXFED-27DEC-T1.75,macro_bucket,,,2026-09-16,0
tariff_eu_threat,2026-09-16,unscheduled_macro,KXFED-27OCT-T6.00,macro_bucket,,,2026-09-16,0
tariff_eu_threat,2026-09-16,unscheduled_macro,KXFED-27OCT-T3.75,macro_bucket,,,2026-09-16,0
tariff_eu_threat,2026-09-16,unscheduled_macro,KXFED-27SEP-T4.75,macro_bucket,,,2026-09-16,0
tariff_eu_threat,2026-09-16,unscheduled_macro,KXFED-27SEP-T4.50,macro_bucket,,,2026-09-16,0
tariff_eu_threat,2026-09-16,unscheduled_macro,KXFED-27JUL-T0.75,macro_bucket,,,2026-09-16,0
tariff_eu_threat,2026-09-16,unscheduled_macro,KXFED-27JUN-T3.25,macro_bucket,,,2026-09-16,0
tariff_eu_threat,2026-09-16,unscheduled_macro,KXFED-27APR-T4.25,macro_bucket,,,2026-09-16,0
tariff_eu_threat,2026-09-16,unscheduled_macro,KXFED-27APR-T4.00,macro_bucket,,,2026-09-16,0
tariff_eu_threat,2026-09-16,unscheduled_macro,KXFED-27APR-T3.75,macro_bucket,,,2026-09-16,0
tariff_eu_threat,2026-09-16,unscheduled_macro,KXFED-27APR-T3.50,macro_bucket,,,2026-09-16,0
tariff_eu_threat,2026-09-16,unscheduled_macro,KXFED-27APR-T3.25,macro_bucket,,,2026-09-16,0
tariff_eu_threat,2026-09-16,unscheduled_macro,KXFED-27APR-T3.00,macro_bucket,,,2026-09-16,0
tariff_eu_threat,2026-09-16,unscheduled_macro,KXFED-27APR-T2.75,macro_bucket,,,2026-09-16,0
tariff_eu_threat,2026-09-16,unscheduled_macro,KXFED-27APR-T2.50,macro_bucket,,,2026-09-16,0
tariff_eu_threat,2026-09-16,unscheduled_macro,KXFED-27APR-T2.00,macro_bucket,,,2026-09-16,0
tariff_eu_threat,2026-09-16,unscheduled_macro,KXFED-27APR-T1.75,macro_bucket,,,2026-09-16,0
tariff_eu_threat,2026-09-16,unscheduled_macro,KXFED-27APR-T1.50,macro_bucket,,,2026-09-16,0
tariff_eu_threat,2026-09-16,unscheduled_macro,KXFED-27APR-T1.25,macro_bucket,,,2026-09-16,0
tariff_eu_threat,2026-09-16,unscheduled_macro,KXFED-27APR-T1.00,macro_bucket,,,2026-09-16,0
tariff_eu_threat,2026-09-16,unscheduled_macro,KXFED-27APR-T0.75,macro_bucket,,,2026-09-16,0
tariff_eu_threat,2026-09-16,unscheduled_macro,KXFED-27APR-T0.50,macro_bucket,,,2026-09-16,0
tariff_eu_threat,2026-09-16,unscheduled_macro,KXFED-27APR-T0.25,macro_bucket,,,2026-09-16,0
tariff_eu_threat,2026-09-16,unscheduled_macro,KXFED-27APR-T0.00,macro_bucket,,,2026-09-16,0
tariff_eu_threat,2026-09-16,unscheduled_macro,KXFED-27MAR-T4.25,macro_bucket,,,2026-09-16,0
tariff_eu_threat,2026-09-16,unscheduled_macro,KXFED-27MAR-T4.00,macro_bucket,,,2026-09-16,0
tariff_eu_threat,2026-09-16,unscheduled_macro,KXFED-27MAR-T3.75,macro_bucket,,,2026-09-16,0
tariff_eu_threat,2026-09-16,unscheduled_macro,KXFED-27MAR-T3.50,macro_bucket,,,2026-09-16,0
tariff_eu_threat,2026-09-16,unscheduled_macro,KXFED-27MAR-T3.25,macro_bucket,,,2026-09-16,0
tariff_eu_threat,2026-09-16,unscheduled_macro,KXFED-27MAR-T3.00,macro_bucket,,,2026-09-16,0
tariff_eu_threat,2026-09-16,unscheduled_macro,KXFED-27MAR-T2.75,macro_bucket,,,2026-09-16,0
tariff_eu_threat,2026-09-16,unscheduled_macro,KXFED-27MAR-T2.50,macro_bucket,,,2026-09-16,0
tariff_eu_threat,2026-09-16,unscheduled_macro,KXFED-27MAR-T2.25,macro_bucket,,,2026-09-16,0
tariff_eu_threat,2026-09-16,unscheduled_macro,KXFED-27MAR-T2.00,macro_bucket,,,2026-09-16,0
tariff_eu_threat,2026-09-16,unscheduled_macro,KXFED-27MAR-T1.75,macro_bucket,,,2026-09-16,0
tariff_eu_threat,2026-09-16,unscheduled_macro,KXFED-27MAR-T1.50,macro_bucket,,,2026-09-16,0
tariff_eu_threat,2026-09-16,unscheduled_macro,KXFED-27MAR-T1.25,macro_bucket,,,2026-09-16,0
tariff_eu_threat,2026-09-16,unscheduled_macro,KXFED-27MAR-T1.00,macro_bucket,,,2026-09-16,0
tariff_eu_threat,2026-09-16,unscheduled_macro,KXFED-27MAR-T0.75,macro_bucket,,,2026-09-16,0
tariff_eu_threat,2026-09-16,unscheduled_macro,KXFED-27MAR-T0.50,macro_bucket,,,2026-09-16,0
tariff_eu_threat,2026-09-16,unscheduled_macro,KXFED-27MAR-T0.25,macro_bucket,,,2026-09-16,0
tariff_eu_threat,2026-09-16,unscheduled_macro,KXFED-27MAR-T0.00,macro_bucket,,,2026-09-16,0
tariff_eu_threat,2026-09-16,unscheduled_macro,KXFED-27JAN-T4.25,macro_bucket,,,2026-09-16,0
tariff_eu_threat,2026-09-16,unscheduled_macro,KXFED-27JAN-T4.00,macro_bucket,,,2026-09-16,0
tariff_eu_threat,2026-09-16,unscheduled_macro,KXFED-27JAN-T3.75,macro_bucket,,,2026-09-16,0
tariff_eu_threat,2026-09-16,unscheduled_macro,KXFED-27JAN-T3.50,macro_bucket,,,2026-09-16,0
tariff_eu_threat,2026-09-16,unscheduled_macro,KXFED-27JAN-T3.25,macro_bucket,,,2026-09-16,0
tariff_eu_threat,2026-09-16,unscheduled_macro,KXFED-27JAN-T3.00,macro_bucket,,,2026-09-16,0
tariff_eu_threat,2026-09-16,unscheduled_macro,KXFED-27JAN-T2.75,macro_bucket,,,2026-09-16,0
tariff_eu_threat,2026-09-16,unscheduled_macro,KXFED-27JAN-T2.50,macro_bucket,,,2026-09-16,0
tariff_eu_threat,2026-09-16,unscheduled_macro,KXFED-27JAN-T2.25,macro_bucket,,,2026-09-16,0
tariff_eu_threat,2026-09-16,unscheduled_macro,KXFED-27JAN-T2.00,macro_bucket,,,2026-09-16,0
tariff_eu_threat,2026-09-16,unscheduled_macro,KXFED-27JAN-T1.75,macro_bucket,,,2026-09-16,0
tariff_eu_threat,2026-09-16,unscheduled_macro,KXFED-27JAN-T1.50,macro_bucket,,,2026-09-16,0
tariff_eu_threat,2026-09-16,unscheduled_macro,KXFED-27JAN-T1.25,macro_bucket,,,2026-09-16,0
tariff_eu_threat,2026-09-16,unscheduled_macro,KXFED-27JAN-T1.00,macro_bucket,,,2026-09-16,0
tariff_eu_threat,2026-09-16,unscheduled_macro,KXFED-27JAN-T0.75,macro_bucket,,,2026-09-16,0
tariff_eu_threat,2026-09-16,unscheduled_macro,KXFED-27JAN-T0.50,macro_bucket,,,2026-09-16,0
tariff_eu_threat,2026-09-16,unscheduled_macro,KXFED-27JAN-T0.25,macro_bucket,,,2026-09-16,0
tariff_eu_threat,2026-09-16,unscheduled_macro,KXFED-27JAN-T0.00,macro_bucket,,,2026-09-16,0
tariff_eu_threat,2026-09-16,unscheduled_macro,KXFED-26DEC-T5.25,macro_bucket,,,2026-09-16,0
tariff_eu_threat,2026-09-16,unscheduled_macro,KXFED-26DEC-T5.00,macro_bucket,,,2026-09-16,0
tariff_eu_threat,2026-09-16,unscheduled_macro,KXFED-26DEC-T4.75,macro_bucket,,,2026-09-16,0
tariff_eu_threat,2026-09-16,unscheduled_macro,KXFED-26DEC-T4.50,macro_bucket,,,2026-09-16,0
tariff_eu_threat,2026-09-16,unscheduled_macro,KXFED-26DEC-T4.25,macro_bucket,,,2026-09-16,0
tariff_eu_threat,2026-09-16,unscheduled_macro,KXFED-26DEC-T4.00,macro_bucket,,,2026-09-16,0
tariff_eu_threat,2026-09-16,unscheduled_macro,KXFED-26DEC-T3.75,macro_bucket,,,2026-09-16,0
tariff_eu_threat,2026-09-16,unscheduled_macro,KXFED-26DEC-T3.50,macro_bucket,,,2026-09-16,0
tariff_eu_threat,2026-09-16,unscheduled_macro,KXFED-26DEC-T3.25,macro_bucket,,,2026-09-16,0
tariff_eu_threat,2026-09-16,unscheduled_macro,KXFED-26DEC-T3.00,macro_bucket,,,2026-09-16,0
tariff_eu_threat,2026-09-16,unscheduled_macro,KXFED-26DEC-T2.75,macro_bucket,,,2026-09-16,0
tariff_eu_threat,2026-09-16,unscheduled_macro,KXFED-26OCT-T5.25,macro_bucket,,,2026-09-16,0
tariff_eu_threat,2026-09-16,unscheduled_macro,KXFED-26OCT-T5.00,macro_bucket,,,2026-09-16,0
tariff_eu_threat,2026-09-16,unscheduled_macro,KXFED-26OCT-T4.75,macro_bucket,,,2026-09-16,0
tariff_eu_threat,2026-09-16,unscheduled_macro,KXFED-26OCT-T4.50,macro_bucket,,,2026-09-16,0
tariff_eu_threat,2026-09-16,unscheduled_macro,KXFED-26OCT-T4.25,macro_bucket,,,2026-09-16,0
tariff_eu_threat,2026-09-16,unscheduled_macro,KXFED-26OCT-T4.00,macro_bucket,,,2026-09-16,0
tariff_eu_threat,2026-09-16,unscheduled_macro,KXFED-26OCT-T3.75,macro_bucket,,,2026-09-16,0
tariff_eu_threat,2026-09-16,unscheduled_macro,KXFED-26OCT-T3.50,macro_bucket,,,2026-09-16,0
tariff_eu_threat,2026-09-16,unscheduled_macro,KXFED-26OCT-T3.25,macro_bucket,,,2026-09-16,0
tariff_eu_threat,2026-09-16,unscheduled_macro,KXFED-26OCT-T3.00,macro_bucket,,,2026-09-16,0
tariff_eu_threat,2026-09-16,unscheduled_macro,KXFED-26OCT-T2.75,macro_bucket,,,2026-09-16,0
tariff_eu_threat,2026-09-16,unscheduled_macro,KXFED-26SEP-T5.25,macro_bucket,,,2026-09-16,0
tariff_eu_threat,2026-09-16,unscheduled_macro,KXFED-26SEP-T5.00,macro_bucket,,,2026-09-16,0
tariff_eu_threat,2026-09-16,unscheduled_macro,KXFED-26SEP-T4.75,macro_bucket,,,2026-09-16,0
tariff_eu_threat,2026-09-16,unscheduled_macro,KXFED-26SEP-T4.50,macro_bucket,,,2026-09-16,0
tariff_eu_threat,2026-09-16,unscheduled_macro,KXFED-26SEP-T4.25,macro_bucket,,,2026-09-16,0
tariff_eu_threat,2026-09-16,unscheduled_macro,KXFED-26SEP-T4.00,macro_bucket,,,2026-09-16,0
tariff_eu_threat,2026-09-16,unscheduled_macro,KXFED-26SEP-T3.75,macro_bucket,,,2026-09-16,0
tariff_eu_threat,2026-09-16,unscheduled_macro,KXFED-26SEP-T3.50,macro_bucket,,,2026-09-16,0
tariff_eu_threat,2026-09-16,unscheduled_macro,KXFED-26SEP-T3.25,macro_bucket,,,2026-09-16,0
tariff_eu_threat,2026-09-16,unscheduled_macro,KXFED-26SEP-T3.00,macro_bucket,,,2026-09-16,0
tariff_eu_threat,2026-09-16,unscheduled_macro,KXFED-26SEP-T2.75,macro_bucket,,,2026-09-16,0
tariff_eu_threat,2026-09-16,unscheduled_macro,KXCPI-26DEC-T0.1,macro_bucket,,,2026-09-16,0
tariff_eu_threat,2026-09-16,unscheduled_macro,KXCPI-26AUG-T1.0,macro_bucket,,,2026-09-16,0
tariff_eu_threat,2026-09-16,unscheduled_macro,KXCPI-26AUG-T0.9,macro_bucket,,,2026-09-16,0
tariff_eu_threat,2026-09-16,unscheduled_macro,KXCPI-26AUG-T0.8,macro_bucket,,,2026-09-16,0
tariff_eu_threat,2026-09-16,unscheduled_macro,KXCPI-26AUG-T0.6,macro_bucket,,,2026-09-16,0
tariff_eu_threat,2026-09-16,unscheduled_macro,KXCPI-26SEP-T0.6,macro_bucket,,,2026-09-16,0
tariff_eu_threat,2026-09-16,unscheduled_macro,KXCPI-26SEP-T-0.4,macro_bucket,,,2026-09-16,0
tariff_eu_threat,2026-09-16,unscheduled_macro,KXCPI-26SEP-T-0.3,macro_bucket,,,2026-09-16,0
tariff_eu_threat,2026-09-16,unscheduled_macro,KXCPI-26SEP-T-0.2,macro_bucket,,,2026-09-16,0
tariff_eu_threat,2026-09-16,unscheduled_macro,KXCPI-26AUG-T-0.4,macro_bucket,,,2026-09-16,0
tariff_eu_threat,2026-09-16,unscheduled_macro,KXCPI-26AUG-T-0.3,macro_bucket,,,2026-09-16,0
tariff_eu_threat,2026-09-16,unscheduled_macro,KXCPI-26AUG-T-0.2,macro_bucket,,,2026-09-16,0
tariff_eu_threat,2026-09-16,unscheduled_macro,KXCPI-26JUL-T-0.4,macro_bucket,,,2026-09-16,0
tariff_eu_threat,2026-09-16,unscheduled_macro,KXCPI-26JUL-T-0.3,macro_bucket,,,2026-09-16,0
tariff_eu_threat,2026-09-16,unscheduled_macro,KXCPI-26JUL-T-0.2,macro_bucket,,,2026-09-16,0
tariff_eu_threat,2026-09-16,unscheduled_macro,KXCPI-26NOV-T0.5,macro_bucket,,,2026-09-16,0
tariff_eu_threat,2026-09-16,unscheduled_macro,KXCPI-26NOV-T0.4,macro_bucket,,,2026-09-16,0
tariff_eu_threat,2026-09-16,unscheduled_macro,KXCPI-26NOV-T0.3,macro_bucket,,,2026-09-16,0
tariff_eu_threat,2026-09-16,unscheduled_macro,KXCPI-26NOV-T0.2,macro_bucket,,,2026-09-16,0
tariff_eu_threat,2026-09-16,unscheduled_macro,KXCPI-26NOV-T0.1,macro_bucket,,,2026-09-16,0
tariff_eu_threat,2026-09-16,unscheduled_macro,KXCPI-26NOV-T-0.1,macro_bucket,,,2026-09-16,0
tariff_eu_threat,2026-09-16,unscheduled_macro,KXCPI-26NOV-T0.0,macro_bucket,,,2026-09-16,0
tariff_eu_threat,2026-09-16,unscheduled_macro,KXCPI-26OCT-T0.5,macro_bucket,,,2026-09-16,0
tariff_eu_threat,2026-09-16,unscheduled_macro,KXCPI-26OCT-T0.4,macro_bucket,,,2026-09-16,0
tariff_eu_threat,2026-09-16,unscheduled_macro,KXCPI-26OCT-T0.3,macro_bucket,,,2026-09-16,0
tariff_eu_threat,2026-09-16,unscheduled_macro,KXCPI-26OCT-T0.2,macro_bucket,,,2026-09-16,0
tariff_eu_threat,2026-09-16,unscheduled_macro,KXCPI-26OCT-T0.1,macro_bucket,,,2026-09-16,0
tariff_eu_threat,2026-09-16,unscheduled_macro,KXCPI-26OCT-T-0.1,macro_bucket,,,2026-09-16,0
tariff_eu_threat,2026-09-16,unscheduled_macro,KXCPI-26OCT-T0.0,macro_bucket,,,2026-09-16,0
tariff_eu_threat,2026-09-16,unscheduled_macro,KXCPI-26SEP-T0.5,macro_bucket,,,2026-09-16,0
tariff_eu_threat,2026-09-16,unscheduled_macro,KXCPI-26SEP-T0.4,macro_bucket,,,2026-09-16,0
tariff_eu_threat,2026-09-16,unscheduled_macro,KXCPI-26SEP-T0.3,macro_bucket,,,2026-09-16,0
tariff_eu_threat,2026-09-16,unscheduled_macro,KXCPI-26SEP-T0.2,macro_bucket,,,2026-09-16,0
tariff_eu_threat,2026-09-16,unscheduled_macro,KXCPI-26SEP-T0.1,macro_bucket,,,2026-09-16,0
tariff_eu_threat,2026-09-16,unscheduled_macro,KXCPI-26SEP-T-0.1,macro_bucket,,,2026-09-16,0
tariff_eu_threat,2026-09-16,unscheduled_macro,KXCPI-26SEP-T0.0,macro_bucket,,,2026-09-16,0
tariff_eu_threat,2026-09-16,unscheduled_macro,KXCPI-26AUG-T0.5,macro_bucket,,,2026-09-16,0
tariff_eu_threat,2026-09-16,unscheduled_macro,KXCPI-26AUG-T0.4,macro_bucket,,,2026-09-16,0
tariff_eu_threat,2026-09-16,unscheduled_macro,KXCPI-26AUG-T0.3,macro_bucket,,,2026-09-16,0
tariff_eu_threat,2026-09-16,unscheduled_macro,KXCPI-26AUG-T0.2,macro_bucket,,,2026-09-16,0
tariff_eu_threat,2026-09-16,unscheduled_macro,KXCPI-26AUG-T0.1,macro_bucket,,,2026-09-16,0
tariff_eu_threat,2026-09-16,unscheduled_macro,KXCPI-26AUG-T-0.1,macro_bucket,,,2026-09-16,0
tariff_eu_threat,2026-09-16,unscheduled_macro,KXCPI-26JUL-T0.4,macro_bucket,,,2026-09-16,0
tariff_eu_threat,2026-09-16,unscheduled_macro,KXCPI-26JUL-T-0.1,macro_bucket,,,2026-09-16,0
tariff_eu_threat,2026-09-16,unscheduled_macro,KXCPICORE-26DEC-T0.5,macro_bucket,,,2026-09-16,0
tariff_eu_threat,2026-09-16,unscheduled_macro,KXCPICORE-26NOV-T0.9,macro_bucket,,,2026-09-16,0
tariff_eu_threat,2026-09-16,unscheduled_macro,KXCPICORE-26NOV-T0.8,macro_bucket,,,2026-09-16,0
tariff_eu_threat,2026-09-16,unscheduled_macro,KXCPICORE-26NOV-T0.7,macro_bucket,,,2026-09-16,0
tariff_eu_threat,2026-09-16,unscheduled_macro,KXCPICORE-26NOV-T0.6,macro_bucket,,,2026-09-16,0
tariff_eu_threat,2026-09-16,unscheduled_macro,KXCPICORE-26NOV-T0.5,macro_bucket,,,2026-09-16,0
tariff_eu_threat,2026-09-16,unscheduled_macro,KXCPICORE-26NOV-T0.4,macro_bucket,,,2026-09-16,0
tariff_eu_threat,2026-09-16,unscheduled_macro,KXCPICORE-26NOV-T0.3,macro_bucket,,,2026-09-16,0
tariff_eu_threat,2026-09-16,unscheduled_macro,KXCPICORE-26NOV-T0.2,macro_bucket,,,2026-09-16,0
tariff_eu_threat,2026-09-16,unscheduled_macro,KXCPICORE-26NOV-T0.1,macro_bucket,,,2026-09-16,0
tariff_eu_threat,2026-09-16,unscheduled_macro,KXCPICORE-26OCT-T1.0,macro_bucket,,,2026-09-16,0
tariff_eu_threat,2026-09-16,unscheduled_macro,KXCPICORE-26OCT-T0.9,macro_bucket,,,2026-09-16,0
tariff_eu_threat,2026-09-16,unscheduled_macro,KXCPICORE-26OCT-T0.8,macro_bucket,,,2026-09-16,0
tariff_eu_threat,2026-09-16,unscheduled_macro,KXCPICORE-26OCT-T0.7,macro_bucket,,,2026-09-16,0
tariff_eu_threat,2026-09-16,unscheduled_macro,KXCPICORE-26OCT-T0.5,macro_bucket,,,2026-09-16,0
tariff_eu_threat,2026-09-16,unscheduled_macro,KXCPICORE-26OCT-T0.3,macro_bucket,,,2026-09-16,0
tariff_eu_threat,2026-09-16,unscheduled_macro,KXCPICORE-26OCT-T0.1,macro_bucket,,,2026-09-16,0
tariff_eu_threat,2026-09-16,unscheduled_macro,KXCPICORE-26OCT-T0.0,macro_bucket,,,2026-09-16,0
tariff_eu_threat,2026-09-16,unscheduled_macro,KXCPICORE-26SEP-T1.0,macro_bucket,,,2026-09-16,0
tariff_eu_threat,2026-09-16,unscheduled_macro,KXCPICORE-26SEP-T0.7,macro_bucket,,,2026-09-16,0
tariff_eu_threat,2026-09-16,unscheduled_macro,KXCPICORE-26SEP-T0.6,macro_bucket,,,2026-09-16,0
tariff_eu_threat,2026-09-16,unscheduled_macro,KXCPICORE-26SEP-T0.3,macro_bucket,,,2026-09-16,0
tariff_eu_threat,2026-09-16,unscheduled_macro,KXCPICORE-26SEP-T0.0,macro_bucket,,,2026-09-16,0
tariff_eu_threat,2026-09-16,unscheduled_macro,KXCPICORE-26AUG-T0.8,macro_bucket,,,2026-09-16,0
tariff_eu_threat,2026-09-16,unscheduled_macro,KXCPICORE-26AUG-T0.6,macro_bucket,,,2026-09-16,0
tariff_eu_threat,2026-09-16,unscheduled_macro,KXCPICORE-26AUG-T0.5,macro_bucket,,,2026-09-16,0
tariff_eu_threat,2026-09-16,unscheduled_macro,KXCPICORE-26AUG-T0.4,macro_bucket,,,2026-09-16,0
tariff_eu_threat,2026-09-16,unscheduled_macro,KXCPICORE-26AUG-T0.1,macro_bucket,,,2026-09-16,0
tariff_eu_threat,2026-09-16,unscheduled_macro,KXCPICORE-26AUG-T0.0,macro_bucket,,,2026-09-16,0
tariff_eu_threat,2026-09-16,unscheduled_macro,KXCPICORE-26JUL-T0.5,macro_bucket,,,2026-09-16,0
tariff_eu_threat,2026-09-16,unscheduled_macro,KXCPICORE-26JUL-T0.4,macro_bucket,,,2026-09-16,0
russia_sanctions_bill,2026-09-16,unscheduled_macro,KXFED-27APR-T6.00,macro_bucket,,,2026-09-16,0
russia_sanctions_bill,2026-09-16,unscheduled_macro,KXFED-27APR-T5.75,macro_bucket,,,2026-09-16,0
russia_sanctions_bill,2026-09-16,unscheduled_macro,KXFED-27APR-T5.50,macro_bucket,,,2026-09-16,0
russia_sanctions_bill,2026-09-16,unscheduled_macro,KXFED-27APR-T5.25,macro_bucket,,,2026-09-16,0
russia_sanctions_bill,2026-09-16,unscheduled_macro,KXFED-27APR-T5.00,macro_bucket,,,2026-09-16,0
russia_sanctions_bill,2026-09-16,unscheduled_macro,KXFED-27APR-T4.75,macro_bucket,,,2026-09-16,0
russia_sanctions_bill,2026-09-16,unscheduled_macro,KXFED-27APR-T4.50,macro_bucket,,,2026-09-16,0
russia_sanctions_bill,2026-09-16,unscheduled_macro,KXFED-27MAR-T5.75,macro_bucket,,,2026-09-16,0
russia_sanctions_bill,2026-09-16,unscheduled_macro,KXFED-27MAR-T5.50,macro_bucket,,,2026-09-16,0
russia_sanctions_bill,2026-09-16,unscheduled_macro,KXFED-27MAR-T5.25,macro_bucket,,,2026-09-16,0
russia_sanctions_bill,2026-09-16,unscheduled_macro,KXFED-27MAR-T5.00,macro_bucket,,,2026-09-16,0
russia_sanctions_bill,2026-09-16,unscheduled_macro,KXFED-27MAR-T4.75,macro_bucket,,,2026-09-16,0
russia_sanctions_bill,2026-09-16,unscheduled_macro,KXFED-27MAR-T4.50,macro_bucket,,,2026-09-16,0
russia_sanctions_bill,2026-09-16,unscheduled_macro,KXFED-27JAN-T5.75,macro_bucket,,,2026-09-16,0
russia_sanctions_bill,2026-09-16,unscheduled_macro,KXFED-27JAN-T5.50,macro_bucket,,,2026-09-16,0
russia_sanctions_bill,2026-09-16,unscheduled_macro,KXFED-27JAN-T5.25,macro_bucket,,,2026-09-16,0
russia_sanctions_bill,2026-09-16,unscheduled_macro,KXFED-27JAN-T5.00,macro_bucket,,,2026-09-16,0
russia_sanctions_bill,2026-09-16,unscheduled_macro,KXFED-27JAN-T4.75,macro_bucket,,,2026-09-16,0
russia_sanctions_bill,2026-09-16,unscheduled_macro,KXFED-27JAN-T4.50,macro_bucket,,,2026-09-16,0
russia_sanctions_bill,2026-09-16,unscheduled_macro,KXFED-28JAN-T6.00,macro_bucket,,,2026-09-16,0
russia_sanctions_bill,2026-09-16,unscheduled_macro,KXFED-28JAN-T5.75,macro_bucket,,,2026-09-16,0
russia_sanctions_bill,2026-09-16,unscheduled_macro,KXFED-28JAN-T5.50,macro_bucket,,,2026-09-16,0
russia_sanctions_bill,2026-09-16,unscheduled_macro,KXFED-28JAN-T5.25,macro_bucket,,,2026-09-16,0
russia_sanctions_bill,2026-09-16,unscheduled_macro,KXFED-28JAN-T5.00,macro_bucket,,,2026-09-16,0
russia_sanctions_bill,2026-09-16,unscheduled_macro,KXFED-28JAN-T4.75,macro_bucket,,,2026-09-16,0
russia_sanctions_bill,2026-09-16,unscheduled_macro,KXFED-28JAN-T4.50,macro_bucket,,,2026-09-16,0
russia_sanctions_bill,2026-09-16,unscheduled_macro,KXFED-28JAN-T4.25,macro_bucket,,,2026-09-16,0
russia_sanctions_bill,2026-09-16,unscheduled_macro,KXFED-28JAN-T4.00,macro_bucket,,,2026-09-16,0
russia_sanctions_bill,2026-09-16,unscheduled_macro,KXFED-28JAN-T3.75,macro_bucket,,,2026-09-16,0
russia_sanctions_bill,2026-09-16,unscheduled_macro,KXFED-28JAN-T3.50,macro_bucket,,,2026-09-16,0
russia_sanctions_bill,2026-09-16,unscheduled_macro,KXFED-28JAN-T3.25,macro_bucket,,,2026-09-16,0
russia_sanctions_bill,2026-09-16,unscheduled_macro,KXFED-28JAN-T3.00,macro_bucket,,,2026-09-16,0
russia_sanctions_bill,2026-09-16,unscheduled_macro,KXFED-28JAN-T2.75,macro_bucket,,,2026-09-16,0
russia_sanctions_bill,2026-09-16,unscheduled_macro,KXFED-28JAN-T2.50,macro_bucket,,,2026-09-16,0
russia_sanctions_bill,2026-09-16,unscheduled_macro,KXFED-28JAN-T2.25,macro_bucket,,,2026-09-16,0
russia_sanctions_bill,2026-09-16,unscheduled_macro,KXFED-28JAN-T2.00,macro_bucket,,,2026-09-16,0
russia_sanctions_bill,2026-09-16,unscheduled_macro,KXFED-28JAN-T1.25,macro_bucket,,,2026-09-16,0
russia_sanctions_bill,2026-09-16,unscheduled_macro,KXFED-28JAN-T1.00,macro_bucket,,,2026-09-16,0
russia_sanctions_bill,2026-09-16,unscheduled_macro,KXFED-28JAN-T0.75,macro_bucket,,,2026-09-16,0
russia_sanctions_bill,2026-09-16,unscheduled_macro,KXFED-28JAN-T0.50,macro_bucket,,,2026-09-16,0
russia_sanctions_bill,2026-09-16,unscheduled_macro,KXFED-28JAN-T0.00,macro_bucket,,,2026-09-16,0
russia_sanctions_bill,2026-09-16,unscheduled_macro,KXFED-27DEC-T6.00,macro_bucket,,,2026-09-16,0
russia_sanctions_bill,2026-09-16,unscheduled_macro,KXFED-27DEC-T5.75,macro_bucket,,,2026-09-16,0
russia_sanctions_bill,2026-09-16,unscheduled_macro,KXFED-27DEC-T5.25,macro_bucket,,,2026-09-16,0
russia_sanctions_bill,2026-09-16,unscheduled_macro,KXFED-27DEC-T5.00,macro_bucket,,,2026-09-16,0
russia_sanctions_bill,2026-09-16,unscheduled_macro,KXFED-27DEC-T4.75,macro_bucket,,,2026-09-16,0
russia_sanctions_bill,2026-09-16,unscheduled_macro,KXFED-27DEC-T4.50,macro_bucket,,,2026-09-16,0
russia_sanctions_bill,2026-09-16,unscheduled_macro,KXFED-27DEC-T4.00,macro_bucket,,,2026-09-16,0
russia_sanctions_bill,2026-09-16,unscheduled_macro,KXFED-27DEC-T3.75,macro_bucket,,,2026-09-16,0
russia_sanctions_bill,2026-09-16,unscheduled_macro,KXFED-27DEC-T3.25,macro_bucket,,,2026-09-16,0
russia_sanctions_bill,2026-09-16,unscheduled_macro,KXFED-27DEC-T3.00,macro_bucket,,,2026-09-16,0
russia_sanctions_bill,2026-09-16,unscheduled_macro,KXFED-27DEC-T2.75,macro_bucket,,,2026-09-16,0
russia_sanctions_bill,2026-09-16,unscheduled_macro,KXFED-27DEC-T2.50,macro_bucket,,,2026-09-16,0
russia_sanctions_bill,2026-09-16,unscheduled_macro,KXFED-27DEC-T2.25,macro_bucket,,,2026-09-16,0
russia_sanctions_bill,2026-09-16,unscheduled_macro,KXFED-27DEC-T1.50,macro_bucket,,,2026-09-16,0
russia_sanctions_bill,2026-09-16,unscheduled_macro,KXFED-27DEC-T1.25,macro_bucket,,,2026-09-16,0
russia_sanctions_bill,2026-09-16,unscheduled_macro,KXFED-27DEC-T1.00,macro_bucket,,,2026-09-16,0
russia_sanctions_bill,2026-09-16,unscheduled_macro,KXFED-27DEC-T0.75,macro_bucket,,,2026-09-16,0
russia_sanctions_bill,2026-09-16,unscheduled_macro,KXFED-27DEC-T0.50,macro_bucket,,,2026-09-16,0
russia_sanctions_bill,2026-09-16,unscheduled_macro,KXFED-27DEC-T0.25,macro_bucket,,,2026-09-16,0
russia_sanctions_bill,2026-09-16,unscheduled_macro,KXFED-27DEC-T0.00,macro_bucket,,,2026-09-16,0
russia_sanctions_bill,2026-09-16,unscheduled_macro,KXFED-27OCT-T5.75,macro_bucket,,,2026-09-16,0
russia_sanctions_bill,2026-09-16,unscheduled_macro,KXFED-27OCT-T5.50,macro_bucket,,,2026-09-16,0
russia_sanctions_bill,2026-09-16,unscheduled_macro,KXFED-27OCT-T5.25,macro_bucket,,,2026-09-16,0
russia_sanctions_bill,2026-09-16,unscheduled_macro,KXFED-27OCT-T5.00,macro_bucket,,,2026-09-16,0
russia_sanctions_bill,2026-09-16,unscheduled_macro,KXFED-27OCT-T4.75,macro_bucket,,,2026-09-16,0
russia_sanctions_bill,2026-09-16,unscheduled_macro,KXFED-27OCT-T4.50,macro_bucket,,,2026-09-16,0
russia_sanctions_bill,2026-09-16,unscheduled_macro,KXFED-27OCT-T4.25,macro_bucket,,,2026-09-16,0
russia_sanctions_bill,2026-09-16,unscheduled_macro,KXFED-27OCT-T4.00,macro_bucket,,,2026-09-16,0
russia_sanctions_bill,2026-09-16,unscheduled_macro,KXFED-27OCT-T3.50,macro_bucket,,,2026-09-16,0
russia_sanctions_bill,2026-09-16,unscheduled_macro,KXFED-27OCT-T3.25,macro_bucket,,,2026-09-16,0
russia_sanctions_bill,2026-09-16,unscheduled_macro,KXFED-27OCT-T3.00,macro_bucket,,,2026-09-16,0
russia_sanctions_bill,2026-09-16,unscheduled_macro,KXFED-27OCT-T2.75,macro_bucket,,,2026-09-16,0
russia_sanctions_bill,2026-09-16,unscheduled_macro,KXFED-27OCT-T2.50,macro_bucket,,,2026-09-16,0
russia_sanctions_bill,2026-09-16,unscheduled_macro,KXFED-27OCT-T2.25,macro_bucket,,,2026-09-16,0
russia_sanctions_bill,2026-09-16,unscheduled_macro,KXFED-27OCT-T2.00,macro_bucket,,,2026-09-16,0
russia_sanctions_bill,2026-09-16,unscheduled_macro,KXFED-27OCT-T1.75,macro_bucket,,,2026-09-16,0
russia_sanctions_bill,2026-09-16,unscheduled_macro,KXFED-27OCT-T1.50,macro_bucket,,,2026-09-16,0
russia_sanctions_bill,2026-09-16,unscheduled_macro,KXFED-27OCT-T1.25,macro_bucket,,,2026-09-16,0
russia_sanctions_bill,2026-09-16,unscheduled_macro,KXFED-27OCT-T1.00,macro_bucket,,,2026-09-16,0
russia_sanctions_bill,2026-09-16,unscheduled_macro,KXFED-27OCT-T0.75,macro_bucket,,,2026-09-16,0
russia_sanctions_bill,2026-09-16,unscheduled_macro,KXFED-27OCT-T0.50,macro_bucket,,,2026-09-16,0
russia_sanctions_bill,2026-09-16,unscheduled_macro,KXFED-27OCT-T0.25,macro_bucket,,,2026-09-16,0
russia_sanctions_bill,2026-09-16,unscheduled_macro,KXFED-27OCT-T0.00,macro_bucket,,,2026-09-16,0
russia_sanctions_bill,2026-09-16,unscheduled_macro,KXFED-27SEP-T6.00,macro_bucket,,,2026-09-16,0
russia_sanctions_bill,2026-09-16,unscheduled_macro,KXFED-27SEP-T5.75,macro_bucket,,,2026-09-16,0
russia_sanctions_bill,2026-09-16,unscheduled_macro,KXFED-27SEP-T5.50,macro_bucket,,,2026-09-16,0
russia_sanctions_bill,2026-09-16,unscheduled_macro,KXFED-27SEP-T5.25,macro_bucket,,,2026-09-16,0
russia_sanctions_bill,2026-09-16,unscheduled_macro,KXFED-27SEP-T5.00,macro_bucket,,,2026-09-16,0
russia_sanctions_bill,2026-09-16,unscheduled_macro,KXFED-27SEP-T4.25,macro_bucket,,,2026-09-16,0
russia_sanctions_bill,2026-09-16,unscheduled_macro,KXFED-27SEP-T4.00,macro_bucket,,,2026-09-16,0
russia_sanctions_bill,2026-09-16,unscheduled_macro,KXFED-27SEP-T3.75,macro_bucket,,,2026-09-16,0
russia_sanctions_bill,2026-09-16,unscheduled_macro,KXFED-27SEP-T3.50,macro_bucket,,,2026-09-16,0
russia_sanctions_bill,2026-09-16,unscheduled_macro,KXFED-27SEP-T3.25,macro_bucket,,,2026-09-16,0
russia_sanctions_bill,2026-09-16,unscheduled_macro,KXFED-27SEP-T3.00,macro_bucket,,,2026-09-16,0
russia_sanctions_bill,2026-09-16,unscheduled_macro,KXFED-27SEP-T2.75,macro_bucket,,,2026-09-16,0
russia_sanctions_bill,2026-09-16,unscheduled_macro,KXFED-27SEP-T2.50,macro_bucket,,,2026-09-16,0
russia_sanctions_bill,2026-09-16,unscheduled_macro,KXFED-27SEP-T2.25,macro_bucket,,,2026-09-16,0
russia_sanctions_bill,2026-09-16,unscheduled_macro,KXFED-27SEP-T2.00,macro_bucket,,,2026-09-16,0
russia_sanctions_bill,2026-09-16,unscheduled_macro,KXFED-27SEP-T1.75,macro_bucket,,,2026-09-16,0
russia_sanctions_bill,2026-09-16,unscheduled_macro,KXFED-27SEP-T1.50,macro_bucket,,,2026-09-16,0
russia_sanctions_bill,2026-09-16,unscheduled_macro,KXFED-27SEP-T1.25,macro_bucket,,,2026-09-16,0
russia_sanctions_bill,2026-09-16,unscheduled_macro,KXFED-27SEP-T1.00,macro_bucket,,,2026-09-16,0
russia_sanctions_bill,2026-09-16,unscheduled_macro,KXFED-27SEP-T0.75,macro_bucket,,,2026-09-16,0
russia_sanctions_bill,2026-09-16,unscheduled_macro,KXFED-27SEP-T0.50,macro_bucket,,,2026-09-16,0
russia_sanctions_bill,2026-09-16,unscheduled_macro,KXFED-27SEP-T0.25,macro_bucket,,,2026-09-16,0
russia_sanctions_bill,2026-09-16,unscheduled_macro,KXFED-27SEP-T0.00,macro_bucket,,,2026-09-16,0
russia_sanctions_bill,2026-09-16,unscheduled_macro,KXFED-27JUL-T6.00,macro_bucket,,,2026-09-16,0
russia_sanctions_bill,2026-09-16,unscheduled_macro,KXFED-27JUL-T5.75,macro_bucket,,,2026-09-16,0
russia_sanctions_bill,2026-09-16,unscheduled_macro,KXFED-27JUL-T5.50,macro_bucket,,,2026-09-16,0
russia_sanctions_bill,2026-09-16,unscheduled_macro,KXFED-27JUL-T5.25,macro_bucket,,,2026-09-16,0
russia_sanctions_bill,2026-09-16,unscheduled_macro,KXFED-27JUL-T5.00,macro_bucket,,,2026-09-16,0
russia_sanctions_bill,2026-09-16,unscheduled_macro,KXFED-27JUL-T4.75,macro_bucket,,,2026-09-16,0
russia_sanctions_bill,2026-09-16,unscheduled_macro,KXFED-27JUL-T4.50,macro_bucket,,,2026-09-16,0
russia_sanctions_bill,2026-09-16,unscheduled_macro,KXFED-27JUL-T4.25,macro_bucket,,,2026-09-16,0
russia_sanctions_bill,2026-09-16,unscheduled_macro,KXFED-27JUL-T4.00,macro_bucket,,,2026-09-16,0
russia_sanctions_bill,2026-09-16,unscheduled_macro,KXFED-27JUL-T3.75,macro_bucket,,,2026-09-16,0
russia_sanctions_bill,2026-09-16,unscheduled_macro,KXFED-27JUL-T3.50,macro_bucket,,,2026-09-16,0
russia_sanctions_bill,2026-09-16,unscheduled_macro,KXFED-27JUL-T3.25,macro_bucket,,,2026-09-16,0
russia_sanctions_bill,2026-09-16,unscheduled_macro,KXFED-27JUL-T3.00,macro_bucket,,,2026-09-16,0
russia_sanctions_bill,2026-09-16,unscheduled_macro,KXFED-27JUL-T2.75,macro_bucket,,,2026-09-16,0
russia_sanctions_bill,2026-09-16,unscheduled_macro,KXFED-27JUL-T2.50,macro_bucket,,,2026-09-16,0
russia_sanctions_bill,2026-09-16,unscheduled_macro,KXFED-27JUL-T2.25,macro_bucket,,,2026-09-16,0
russia_sanctions_bill,2026-09-16,unscheduled_macro,KXFED-27JUL-T2.00,macro_bucket,,,2026-09-16,0
russia_sanctions_bill,2026-09-16,unscheduled_macro,KXFED-27JUL-T1.75,macro_bucket,,,2026-09-16,0
russia_sanctions_bill,2026-09-16,unscheduled_macro,KXFED-27JUL-T1.50,macro_bucket,,,2026-09-16,0
russia_sanctions_bill,2026-09-16,unscheduled_macro,KXFED-27JUL-T1.25,macro_bucket,,,2026-09-16,0
russia_sanctions_bill,2026-09-16,unscheduled_macro,KXFED-27JUL-T1.00,macro_bucket,,,2026-09-16,0
russia_sanctions_bill,2026-09-16,unscheduled_macro,KXFED-27JUL-T0.50,macro_bucket,,,2026-09-16,0
russia_sanctions_bill,2026-09-16,unscheduled_macro,KXFED-27JUL-T0.25,macro_bucket,,,2026-09-16,0
russia_sanctions_bill,2026-09-16,unscheduled_macro,KXFED-27JUL-T0.00,macro_bucket,,,2026-09-16,0
russia_sanctions_bill,2026-09-16,unscheduled_macro,KXFED-27JUN-T6.00,macro_bucket,,,2026-09-16,0
russia_sanctions_bill,2026-09-16,unscheduled_macro,KXFED-27JUN-T5.75,macro_bucket,,,2026-09-16,0
russia_sanctions_bill,2026-09-16,unscheduled_macro,KXFED-27JUN-T5.50,macro_bucket,,,2026-09-16,0
russia_sanctions_bill,2026-09-16,unscheduled_macro,KXFED-27JUN-T5.25,macro_bucket,,,2026-09-16,0
russia_sanctions_bill,2026-09-16,unscheduled_macro,KXFED-27JUN-T5.00,macro_bucket,,,2026-09-16,0
russia_sanctions_bill,2026-09-16,unscheduled_macro,KXFED-27JUN-T4.75,macro_bucket,,,2026-09-16,0
russia_sanctions_bill,2026-09-16,unscheduled_macro,KXFED-27JUN-T4.50,macro_bucket,,,2026-09-16,0
russia_sanctions_bill,2026-09-16,unscheduled_macro,KXFED-27JUN-T4.25,macro_bucket,,,2026-09-16,0
russia_sanctions_bill,2026-09-16,unscheduled_macro,KXFED-27JUN-T4.00,macro_bucket,,,2026-09-16,0
russia_sanctions_bill,2026-09-16,unscheduled_macro,KXFED-27JUN-T3.75,macro_bucket,,,2026-09-16,0
russia_sanctions_bill,2026-09-16,unscheduled_macro,KXFED-27JUN-T3.50,macro_bucket,,,2026-09-16,0
russia_sanctions_bill,2026-09-16,unscheduled_macro,KXFED-27JUN-T3.00,macro_bucket,,,2026-09-16,0
russia_sanctions_bill,2026-09-16,unscheduled_macro,KXFED-27JUN-T2.75,macro_bucket,,,2026-09-16,0
russia_sanctions_bill,2026-09-16,unscheduled_macro,KXFED-27JUN-T2.50,macro_bucket,,,2026-09-16,0
russia_sanctions_bill,2026-09-16,unscheduled_macro,KXFED-27JUN-T2.25,macro_bucket,,,2026-09-16,0
russia_sanctions_bill,2026-09-16,unscheduled_macro,KXFED-27JUN-T2.00,macro_bucket,,,2026-09-16,0
russia_sanctions_bill,2026-09-16,unscheduled_macro,KXFED-27JUN-T1.75,macro_bucket,,,2026-09-16,0
russia_sanctions_bill,2026-09-16,unscheduled_macro,KXFED-27JUN-T1.50,macro_bucket,,,2026-09-16,0
russia_sanctions_bill,2026-09-16,unscheduled_macro,KXFED-27JUN-T1.25,macro_bucket,,,2026-09-16,0
russia_sanctions_bill,2026-09-16,unscheduled_macro,KXFED-27JUN-T1.00,macro_bucket,,,2026-09-16,0
russia_sanctions_bill,2026-09-16,unscheduled_macro,KXFED-27JUN-T0.75,macro_bucket,,,2026-09-16,0
russia_sanctions_bill,2026-09-16,unscheduled_macro,KXFED-27JUN-T0.50,macro_bucket,,,2026-09-16,0
russia_sanctions_bill,2026-09-16,unscheduled_macro,KXFED-27JUN-T0.25,macro_bucket,,,2026-09-16,0
russia_sanctions_bill,2026-09-16,unscheduled_macro,KXFED-27JUN-T0.00,macro_bucket,,,2026-09-16,0
russia_sanctions_bill,2026-09-16,unscheduled_macro,KXFED-27APR-T2.25,macro_bucket,,,2026-09-16,0
russia_sanctions_bill,2026-09-16,unscheduled_macro,KXCPI-26OCT-T1.0,macro_bucket,,,2026-09-16,0
russia_sanctions_bill,2026-09-16,unscheduled_macro,KXCPI-26OCT-T0.9,macro_bucket,,,2026-09-16,0
russia_sanctions_bill,2026-09-16,unscheduled_macro,KXCPI-26OCT-T0.8,macro_bucket,,,2026-09-16,0
russia_sanctions_bill,2026-09-16,unscheduled_macro,KXCPI-26OCT-T0.7,macro_bucket,,,2026-09-16,0
russia_sanctions_bill,2026-09-16,unscheduled_macro,KXCPI-26OCT-T0.6,macro_bucket,,,2026-09-16,0
russia_sanctions_bill,2026-09-16,unscheduled_macro,KXCPI-26DEC-T0.9,macro_bucket,,,2026-09-16,0
russia_sanctions_bill,2026-09-16,unscheduled_macro,KXCPI-26DEC-T0.8,macro_bucket,,,2026-09-16,0
russia_sanctions_bill,2026-09-16,unscheduled_macro,KXCPI-26DEC-T0.7,macro_bucket,,,2026-09-16,0
russia_sanctions_bill,2026-09-16,unscheduled_macro,KXCPI-26DEC-T0.6,macro_bucket,,,2026-09-16,0
russia_sanctions_bill,2026-09-16,unscheduled_macro,KXCPI-26DEC-T0.5,macro_bucket,,,2026-09-16,0
russia_sanctions_bill,2026-09-16,unscheduled_macro,KXCPI-26DEC-T0.4,macro_bucket,,,2026-09-16,0
russia_sanctions_bill,2026-09-16,unscheduled_macro,KXCPI-26DEC-T0.3,macro_bucket,,,2026-09-16,0
russia_sanctions_bill,2026-09-16,unscheduled_macro,KXCPI-26DEC-T0.2,macro_bucket,,,2026-09-16,0
russia_sanctions_bill,2026-09-16,unscheduled_macro,KXCPI-26DEC-T-0.1,macro_bucket,,,2026-09-16,0
russia_sanctions_bill,2026-09-16,unscheduled_macro,KXCPI-26DEC-T0.0,macro_bucket,,,2026-09-16,0
russia_sanctions_bill,2026-09-16,unscheduled_macro,KXCPI-26SEP-T0.9,macro_bucket,,,2026-09-16,0
russia_sanctions_bill,2026-09-16,unscheduled_macro,KXCPI-26SEP-T0.8,macro_bucket,,,2026-09-16,0
russia_sanctions_bill,2026-09-16,unscheduled_macro,KXCPI-26SEP-T0.7,macro_bucket,,,2026-09-16,0
russia_sanctions_bill,2026-09-16,unscheduled_macro,KXCPI-26AUG-T0.7,macro_bucket,,,2026-09-16,0
russia_sanctions_bill,2026-09-16,unscheduled_macro,KXCPI-26AUG-T0.0,macro_bucket,,,2026-09-16,0
russia_sanctions_bill,2026-09-16,unscheduled_macro,KXCPI-26JUL-T0.5,macro_bucket,,,2026-09-16,0
russia_sanctions_bill,2026-09-16,unscheduled_macro,KXCPI-26JUL-T0.3,macro_bucket,,,2026-09-16,0
russia_sanctions_bill,2026-09-16,unscheduled_macro,KXCPI-26JUL-T0.2,macro_bucket,,,2026-09-16,0
russia_sanctions_bill,2026-09-16,unscheduled_macro,KXCPI-26JUL-T0.1,macro_bucket,,,2026-09-16,0
russia_sanctions_bill,2026-09-16,unscheduled_macro,KXCPI-26JUL-T0.0,macro_bucket,,,2026-09-16,0
russia_sanctions_bill,2026-09-16,unscheduled_macro,KXCPICORE-26DEC-T1.0,macro_bucket,,,2026-09-16,0
russia_sanctions_bill,2026-09-16,unscheduled_macro,KXCPICORE-26DEC-T0.9,macro_bucket,,,2026-09-16,0
russia_sanctions_bill,2026-09-16,unscheduled_macro,KXCPICORE-26DEC-T0.8,macro_bucket,,,2026-09-16,0
russia_sanctions_bill,2026-09-16,unscheduled_macro,KXCPICORE-26DEC-T0.7,macro_bucket,,,2026-09-16,0
russia_sanctions_bill,2026-09-16,unscheduled_macro,KXCPICORE-26DEC-T0.6,macro_bucket,,,2026-09-16,0
russia_sanctions_bill,2026-09-16,unscheduled_macro,KXCPICORE-26DEC-T0.4,macro_bucket,,,2026-09-16,0
russia_sanctions_bill,2026-09-16,unscheduled_macro,KXCPICORE-26DEC-T0.3,macro_bucket,,,2026-09-16,0
russia_sanctions_bill,2026-09-16,unscheduled_macro,KXCPICORE-26DEC-T0.2,macro_bucket,,,2026-09-16,0
russia_sanctions_bill,2026-09-16,unscheduled_macro,KXCPICORE-26DEC-T0.1,macro_bucket,,,2026-09-16,0
russia_sanctions_bill,2026-09-16,unscheduled_macro,KXCPICORE-26DEC-T0.0,macro_bucket,,,2026-09-16,0
russia_sanctions_bill,2026-09-16,unscheduled_macro,KXCPICORE-26NOV-T1.0,macro_bucket,,,2026-09-16,0
russia_sanctions_bill,2026-09-16,unscheduled_macro,KXCPICORE-26NOV-T0.0,macro_bucket,,,2026-09-16,0
russia_sanctions_bill,2026-09-16,unscheduled_macro,KXCPICORE-26OCT-T0.6,macro_bucket,,,2026-09-16,0
russia_sanctions_bill,2026-09-16,unscheduled_macro,KXCPICORE-26OCT-T0.4,macro_bucket,,,2026-09-16,0
russia_sanctions_bill,2026-09-16,unscheduled_macro,KXCPICORE-26OCT-T0.2,macro_bucket,,,2026-09-16,0
russia_sanctions_bill,2026-09-16,unscheduled_macro,KXCPICORE-26SEP-T0.9,macro_bucket,,,2026-09-16,0
russia_sanctions_bill,2026-09-16,unscheduled_macro,KXCPICORE-26SEP-T0.8,macro_bucket,,,2026-09-16,0
russia_sanctions_bill,2026-09-16,unscheduled_macro,KXCPICORE-26SEP-T0.5,macro_bucket,,,2026-09-16,0
russia_sanctions_bill,2026-09-16,unscheduled_macro,KXCPICORE-26SEP-T0.4,macro_bucket,,,2026-09-16,0
russia_sanctions_bill,2026-09-16,unscheduled_macro,KXCPICORE-26SEP-T0.2,macro_bucket,,,2026-09-16,0
russia_sanctions_bill,2026-09-16,unscheduled_macro,KXCPICORE-26SEP-T0.1,macro_bucket,,,2026-09-16,0
russia_sanctions_bill,2026-09-16,unscheduled_macro,KXCPICORE-26AUG-T1.0,macro_bucket,,,2026-09-16,0
russia_sanctions_bill,2026-09-16,unscheduled_macro,KXCPICORE-26AUG-T0.9,macro_bucket,,,2026-09-16,0
russia_sanctions_bill,2026-09-16,unscheduled_macro,KXCPICORE-26AUG-T0.7,macro_bucket,,,2026-09-16,0
russia_sanctions_bill,2026-09-16,unscheduled_macro,KXCPICORE-26AUG-T0.3,macro_bucket,,,2026-09-16,0
russia_sanctions_bill,2026-09-16,unscheduled_macro,KXCPICORE-26AUG-T0.2,macro_bucket,,,2026-09-16,0
russia_sanctions_bill,2026-09-16,unscheduled_macro,KXCPICORE-26JUL-T1.0,macro_bucket,,,2026-09-16,0
russia_sanctions_bill,2026-09-16,unscheduled_macro,KXCPICORE-26JUL-T0.9,macro_bucket,,,2026-09-16,0
russia_sanctions_bill,2026-09-16,unscheduled_macro,KXCPICORE-26JUL-T0.8,macro_bucket,,,2026-09-16,0
russia_sanctions_bill,2026-09-16,unscheduled_macro,KXCPICORE-26JUL-T0.7,macro_bucket,,,2026-09-16,0
russia_sanctions_bill,2026-09-16,unscheduled_macro,KXCPICORE-26JUL-T0.6,macro_bucket,,,2026-09-16,0
russia_sanctions_bill,2026-09-16,unscheduled_macro,KXCPICORE-26JUL-T0.3,macro_bucket,,,2026-09-16,0
russia_sanctions_bill,2026-09-16,unscheduled_macro,KXCPICORE-26JUL-T0.2,macro_bucket,,,2026-09-16,0
russia_sanctions_bill,2026-09-16,unscheduled_macro,KXCPICORE-26JUL-T0.1,macro_bucket,,,2026-09-16,0
russia_sanctions_bill,2026-09-16,unscheduled_macro,KXCPICORE-26JUL-T0.0,macro_bucket,,,2026-09-16,0
russia_sanctions_bill,2026-09-16,unscheduled_macro,KXFED-27MAR-T6.00,macro_bucket,,,2026-09-16,0
russia_sanctions_bill,2026-09-16,unscheduled_macro,KXFED-27JAN-T6.00,macro_bucket,,,2026-09-16,0
russia_sanctions_bill,2026-09-16,unscheduled_macro,KXFED-28JAN-T1.75,macro_bucket,,,2026-09-16,0
russia_sanctions_bill,2026-09-16,unscheduled_macro,KXFED-28JAN-T1.50,macro_bucket,,,2026-09-16,0
russia_sanctions_bill,2026-09-16,unscheduled_macro,KXFED-28JAN-T0.25,macro_bucket,,,2026-09-16,0
russia_sanctions_bill,2026-09-16,unscheduled_macro,KXFED-27DEC-T5.50,macro_bucket,,,2026-09-16,0
russia_sanctions_bill,2026-09-16,unscheduled_macro,KXFED-27DEC-T4.25,macro_bucket,,,2026-09-16,0
russia_sanctions_bill,2026-09-16,unscheduled_macro,KXFED-27DEC-T3.50,macro_bucket,,,2026-09-16,0
russia_sanctions_bill,2026-09-16,unscheduled_macro,KXFED-27DEC-T2.00,macro_bucket,,,2026-09-16,0
russia_sanctions_bill,2026-09-16,unscheduled_macro,KXFED-27DEC-T1.75,macro_bucket,,,2026-09-16,0
russia_sanctions_bill,2026-09-16,unscheduled_macro,KXFED-27OCT-T6.00,macro_bucket,,,2026-09-16,0
russia_sanctions_bill,2026-09-16,unscheduled_macro,KXFED-27OCT-T3.75,macro_bucket,,,2026-09-16,0
russia_sanctions_bill,2026-09-16,unscheduled_macro,KXFED-27SEP-T4.75,macro_bucket,,,2026-09-16,0
russia_sanctions_bill,2026-09-16,unscheduled_macro,KXFED-27SEP-T4.50,macro_bucket,,,2026-09-16,0
russia_sanctions_bill,2026-09-16,unscheduled_macro,KXFED-27JUL-T0.75,macro_bucket,,,2026-09-16,0
russia_sanctions_bill,2026-09-16,unscheduled_macro,KXFED-27JUN-T3.25,macro_bucket,,,2026-09-16,0
russia_sanctions_bill,2026-09-16,unscheduled_macro,KXFED-27APR-T4.25,macro_bucket,,,2026-09-16,0
russia_sanctions_bill,2026-09-16,unscheduled_macro,KXFED-27APR-T4.00,macro_bucket,,,2026-09-16,0
russia_sanctions_bill,2026-09-16,unscheduled_macro,KXFED-27APR-T3.75,macro_bucket,,,2026-09-16,0
russia_sanctions_bill,2026-09-16,unscheduled_macro,KXFED-27APR-T3.50,macro_bucket,,,2026-09-16,0
russia_sanctions_bill,2026-09-16,unscheduled_macro,KXFED-27APR-T3.25,macro_bucket,,,2026-09-16,0
russia_sanctions_bill,2026-09-16,unscheduled_macro,KXFED-27APR-T3.00,macro_bucket,,,2026-09-16,0
russia_sanctions_bill,2026-09-16,unscheduled_macro,KXFED-27APR-T2.75,macro_bucket,,,2026-09-16,0
russia_sanctions_bill,2026-09-16,unscheduled_macro,KXFED-27APR-T2.50,macro_bucket,,,2026-09-16,0
russia_sanctions_bill,2026-09-16,unscheduled_macro,KXFED-27APR-T2.00,macro_bucket,,,2026-09-16,0
russia_sanctions_bill,2026-09-16,unscheduled_macro,KXFED-27APR-T1.75,macro_bucket,,,2026-09-16,0
russia_sanctions_bill,2026-09-16,unscheduled_macro,KXFED-27APR-T1.50,macro_bucket,,,2026-09-16,0
russia_sanctions_bill,2026-09-16,unscheduled_macro,KXFED-27APR-T1.25,macro_bucket,,,2026-09-16,0
russia_sanctions_bill,2026-09-16,unscheduled_macro,KXFED-27APR-T1.00,macro_bucket,,,2026-09-16,0
russia_sanctions_bill,2026-09-16,unscheduled_macro,KXFED-27APR-T0.75,macro_bucket,,,2026-09-16,0
russia_sanctions_bill,2026-09-16,unscheduled_macro,KXFED-27APR-T0.50,macro_bucket,,,2026-09-16,0
russia_sanctions_bill,2026-09-16,unscheduled_macro,KXFED-27APR-T0.25,macro_bucket,,,2026-09-16,0
russia_sanctions_bill,2026-09-16,unscheduled_macro,KXFED-27APR-T0.00,macro_bucket,,,2026-09-16,0
russia_sanctions_bill,2026-09-16,unscheduled_macro,KXFED-27MAR-T4.25,macro_bucket,,,2026-09-16,0
russia_sanctions_bill,2026-09-16,unscheduled_macro,KXFED-27MAR-T4.00,macro_bucket,,,2026-09-16,0
russia_sanctions_bill,2026-09-16,unscheduled_macro,KXFED-27MAR-T3.75,macro_bucket,,,2026-09-16,0
russia_sanctions_bill,2026-09-16,unscheduled_macro,KXFED-27MAR-T3.50,macro_bucket,,,2026-09-16,0
russia_sanctions_bill,2026-09-16,unscheduled_macro,KXFED-27MAR-T3.25,macro_bucket,,,2026-09-16,0
russia_sanctions_bill,2026-09-16,unscheduled_macro,KXFED-27MAR-T3.00,macro_bucket,,,2026-09-16,0
russia_sanctions_bill,2026-09-16,unscheduled_macro,KXFED-27MAR-T2.75,macro_bucket,,,2026-09-16,0
russia_sanctions_bill,2026-09-16,unscheduled_macro,KXFED-27MAR-T2.50,macro_bucket,,,2026-09-16,0
russia_sanctions_bill,2026-09-16,unscheduled_macro,KXFED-27MAR-T2.25,macro_bucket,,,2026-09-16,0
russia_sanctions_bill,2026-09-16,unscheduled_macro,KXFED-27MAR-T2.00,macro_bucket,,,2026-09-16,0
russia_sanctions_bill,2026-09-16,unscheduled_macro,KXFED-27MAR-T1.75,macro_bucket,,,2026-09-16,0
russia_sanctions_bill,2026-09-16,unscheduled_macro,KXFED-27MAR-T1.50,macro_bucket,,,2026-09-16,0
russia_sanctions_bill,2026-09-16,unscheduled_macro,KXFED-27MAR-T1.25,macro_bucket,,,2026-09-16,0
russia_sanctions_bill,2026-09-16,unscheduled_macro,KXFED-27MAR-T1.00,macro_bucket,,,2026-09-16,0
russia_sanctions_bill,2026-09-16,unscheduled_macro,KXFED-27MAR-T0.75,macro_bucket,,,2026-09-16,0
russia_sanctions_bill,2026-09-16,unscheduled_macro,KXFED-27MAR-T0.50,macro_bucket,,,2026-09-16,0
russia_sanctions_bill,2026-09-16,unscheduled_macro,KXFED-27MAR-T0.25,macro_bucket,,,2026-09-16,0
russia_sanctions_bill,2026-09-16,unscheduled_macro,KXFED-27MAR-T0.00,macro_bucket,,,2026-09-16,0
russia_sanctions_bill,2026-09-16,unscheduled_macro,KXFED-27JAN-T4.25,macro_bucket,,,2026-09-16,0
russia_sanctions_bill,2026-09-16,unscheduled_macro,KXFED-27JAN-T4.00,macro_bucket,,,2026-09-16,0
russia_sanctions_bill,2026-09-16,unscheduled_macro,KXFED-27JAN-T3.75,macro_bucket,,,2026-09-16,0
russia_sanctions_bill,2026-09-16,unscheduled_macro,KXFED-27JAN-T3.50,macro_bucket,,,2026-09-16,0
russia_sanctions_bill,2026-09-16,unscheduled_macro,KXFED-27JAN-T3.25,macro_bucket,,,2026-09-16,0
russia_sanctions_bill,2026-09-16,unscheduled_macro,KXFED-27JAN-T3.00,macro_bucket,,,2026-09-16,0
russia_sanctions_bill,2026-09-16,unscheduled_macro,KXFED-27JAN-T2.75,macro_bucket,,,2026-09-16,0
russia_sanctions_bill,2026-09-16,unscheduled_macro,KXFED-27JAN-T2.50,macro_bucket,,,2026-09-16,0
russia_sanctions_bill,2026-09-16,unscheduled_macro,KXFED-27JAN-T2.25,macro_bucket,,,2026-09-16,0
russia_sanctions_bill,2026-09-16,unscheduled_macro,KXFED-27JAN-T2.00,macro_bucket,,,2026-09-16,0
russia_sanctions_bill,2026-09-16,unscheduled_macro,KXFED-27JAN-T1.75,macro_bucket,,,2026-09-16,0
russia_sanctions_bill,2026-09-16,unscheduled_macro,KXFED-27JAN-T1.50,macro_bucket,,,2026-09-16,0
russia_sanctions_bill,2026-09-16,unscheduled_macro,KXFED-27JAN-T1.25,macro_bucket,,,2026-09-16,0
russia_sanctions_bill,2026-09-16,unscheduled_macro,KXFED-27JAN-T1.00,macro_bucket,,,2026-09-16,0
russia_sanctions_bill,2026-09-16,unscheduled_macro,KXFED-27JAN-T0.75,macro_bucket,,,2026-09-16,0
russia_sanctions_bill,2026-09-16,unscheduled_macro,KXFED-27JAN-T0.50,macro_bucket,,,2026-09-16,0
russia_sanctions_bill,2026-09-16,unscheduled_macro,KXFED-27JAN-T0.25,macro_bucket,,,2026-09-16,0
russia_sanctions_bill,2026-09-16,unscheduled_macro,KXFED-27JAN-T0.00,macro_bucket,,,2026-09-16,0
russia_sanctions_bill,2026-09-16,unscheduled_macro,KXFED-26DEC-T5.25,macro_bucket,,,2026-09-16,0
russia_sanctions_bill,2026-09-16,unscheduled_macro,KXFED-26DEC-T5.00,macro_bucket,,,2026-09-16,0
russia_sanctions_bill,2026-09-16,unscheduled_macro,KXFED-26DEC-T4.75,macro_bucket,,,2026-09-16,0
russia_sanctions_bill,2026-09-16,unscheduled_macro,KXFED-26DEC-T4.50,macro_bucket,,,2026-09-16,0
russia_sanctions_bill,2026-09-16,unscheduled_macro,KXFED-26DEC-T4.25,macro_bucket,,,2026-09-16,0
russia_sanctions_bill,2026-09-16,unscheduled_macro,KXFED-26DEC-T4.00,macro_bucket,,,2026-09-16,0
russia_sanctions_bill,2026-09-16,unscheduled_macro,KXFED-26DEC-T3.75,macro_bucket,,,2026-09-16,0
russia_sanctions_bill,2026-09-16,unscheduled_macro,KXFED-26DEC-T3.50,macro_bucket,,,2026-09-16,0
russia_sanctions_bill,2026-09-16,unscheduled_macro,KXFED-26DEC-T3.25,macro_bucket,,,2026-09-16,0
russia_sanctions_bill,2026-09-16,unscheduled_macro,KXFED-26DEC-T3.00,macro_bucket,,,2026-09-16,0
russia_sanctions_bill,2026-09-16,unscheduled_macro,KXFED-26DEC-T2.75,macro_bucket,,,2026-09-16,0
russia_sanctions_bill,2026-09-16,unscheduled_macro,KXFED-26OCT-T5.25,macro_bucket,,,2026-09-16,0
russia_sanctions_bill,2026-09-16,unscheduled_macro,KXFED-26OCT-T5.00,macro_bucket,,,2026-09-16,0
russia_sanctions_bill,2026-09-16,unscheduled_macro,KXFED-26OCT-T4.75,macro_bucket,,,2026-09-16,0
russia_sanctions_bill,2026-09-16,unscheduled_macro,KXFED-26OCT-T4.50,macro_bucket,,,2026-09-16,0
russia_sanctions_bill,2026-09-16,unscheduled_macro,KXFED-26OCT-T4.25,macro_bucket,,,2026-09-16,0
russia_sanctions_bill,2026-09-16,unscheduled_macro,KXFED-26OCT-T4.00,macro_bucket,,,2026-09-16,0
russia_sanctions_bill,2026-09-16,unscheduled_macro,KXFED-26OCT-T3.75,macro_bucket,,,2026-09-16,0
russia_sanctions_bill,2026-09-16,unscheduled_macro,KXFED-26OCT-T3.50,macro_bucket,,,2026-09-16,0
russia_sanctions_bill,2026-09-16,unscheduled_macro,KXFED-26OCT-T3.25,macro_bucket,,,2026-09-16,0
russia_sanctions_bill,2026-09-16,unscheduled_macro,KXFED-26OCT-T3.00,macro_bucket,,,2026-09-16,0
russia_sanctions_bill,2026-09-16,unscheduled_macro,KXFED-26OCT-T2.75,macro_bucket,,,2026-09-16,0
russia_sanctions_bill,2026-09-16,unscheduled_macro,KXFED-26SEP-T5.25,macro_bucket,,,2026-09-16,0
russia_sanctions_bill,2026-09-16,unscheduled_macro,KXFED-26SEP-T5.00,macro_bucket,,,2026-09-16,0
russia_sanctions_bill,2026-09-16,unscheduled_macro,KXFED-26SEP-T4.75,macro_bucket,,,2026-09-16,0
russia_sanctions_bill,2026-09-16,unscheduled_macro,KXFED-26SEP-T4.50,macro_bucket,,,2026-09-16,0
russia_sanctions_bill,2026-09-16,unscheduled_macro,KXFED-26SEP-T4.25,macro_bucket,,,2026-09-16,0
russia_sanctions_bill,2026-09-16,unscheduled_macro,KXFED-26SEP-T4.00,macro_bucket,,,2026-09-16,0
russia_sanctions_bill,2026-09-16,unscheduled_macro,KXFED-26SEP-T3.75,macro_bucket,,,2026-09-16,0
russia_sanctions_bill,2026-09-16,unscheduled_macro,KXFED-26SEP-T3.50,macro_bucket,,,2026-09-16,0
russia_sanctions_bill,2026-09-16,unscheduled_macro,KXFED-26SEP-T3.25,macro_bucket,,,2026-09-16,0
russia_sanctions_bill,2026-09-16,unscheduled_macro,KXFED-26SEP-T3.00,macro_bucket,,,2026-09-16,0
russia_sanctions_bill,2026-09-16,unscheduled_macro,KXFED-26SEP-T2.75,macro_bucket,,,2026-09-16,0
russia_sanctions_bill,2026-09-16,unscheduled_macro,KXCPI-26DEC-T0.1,macro_bucket,,,2026-09-16,0
russia_sanctions_bill,2026-09-16,unscheduled_macro,KXCPI-26AUG-T1.0,macro_bucket,,,2026-09-16,0
russia_sanctions_bill,2026-09-16,unscheduled_macro,KXCPI-26AUG-T0.9,macro_bucket,,,2026-09-16,0
russia_sanctions_bill,2026-09-16,unscheduled_macro,KXCPI-26AUG-T0.8,macro_bucket,,,2026-09-16,0
russia_sanctions_bill,2026-09-16,unscheduled_macro,KXCPI-26AUG-T0.6,macro_bucket,,,2026-09-16,0
russia_sanctions_bill,2026-09-16,unscheduled_macro,KXCPI-26SEP-T0.6,macro_bucket,,,2026-09-16,0
russia_sanctions_bill,2026-09-16,unscheduled_macro,KXCPI-26SEP-T-0.4,macro_bucket,,,2026-09-16,0
russia_sanctions_bill,2026-09-16,unscheduled_macro,KXCPI-26SEP-T-0.3,macro_bucket,,,2026-09-16,0
russia_sanctions_bill,2026-09-16,unscheduled_macro,KXCPI-26SEP-T-0.2,macro_bucket,,,2026-09-16,0
russia_sanctions_bill,2026-09-16,unscheduled_macro,KXCPI-26AUG-T-0.4,macro_bucket,,,2026-09-16,0
russia_sanctions_bill,2026-09-16,unscheduled_macro,KXCPI-26AUG-T-0.3,macro_bucket,,,2026-09-16,0
russia_sanctions_bill,2026-09-16,unscheduled_macro,KXCPI-26AUG-T-0.2,macro_bucket,,,2026-09-16,0
russia_sanctions_bill,2026-09-16,unscheduled_macro,KXCPI-26JUL-T-0.4,macro_bucket,,,2026-09-16,0
russia_sanctions_bill,2026-09-16,unscheduled_macro,KXCPI-26JUL-T-0.3,macro_bucket,,,2026-09-16,0
russia_sanctions_bill,2026-09-16,unscheduled_macro,KXCPI-26JUL-T-0.2,macro_bucket,,,2026-09-16,0
russia_sanctions_bill,2026-09-16,unscheduled_macro,KXCPI-26NOV-T0.5,macro_bucket,,,2026-09-16,0
russia_sanctions_bill,2026-09-16,unscheduled_macro,KXCPI-26NOV-T0.4,macro_bucket,,,2026-09-16,0
russia_sanctions_bill,2026-09-16,unscheduled_macro,KXCPI-26NOV-T0.3,macro_bucket,,,2026-09-16,0
russia_sanctions_bill,2026-09-16,unscheduled_macro,KXCPI-26NOV-T0.2,macro_bucket,,,2026-09-16,0
russia_sanctions_bill,2026-09-16,unscheduled_macro,KXCPI-26NOV-T0.1,macro_bucket,,,2026-09-16,0
russia_sanctions_bill,2026-09-16,unscheduled_macro,KXCPI-26NOV-T-0.1,macro_bucket,,,2026-09-16,0
russia_sanctions_bill,2026-09-16,unscheduled_macro,KXCPI-26NOV-T0.0,macro_bucket,,,2026-09-16,0
russia_sanctions_bill,2026-09-16,unscheduled_macro,KXCPI-26OCT-T0.5,macro_bucket,,,2026-09-16,0
russia_sanctions_bill,2026-09-16,unscheduled_macro,KXCPI-26OCT-T0.4,macro_bucket,,,2026-09-16,0
russia_sanctions_bill,2026-09-16,unscheduled_macro,KXCPI-26OCT-T0.3,macro_bucket,,,2026-09-16,0
russia_sanctions_bill,2026-09-16,unscheduled_macro,KXCPI-26OCT-T0.2,macro_bucket,,,2026-09-16,0
russia_sanctions_bill,2026-09-16,unscheduled_macro,KXCPI-26OCT-T0.1,macro_bucket,,,2026-09-16,0
russia_sanctions_bill,2026-09-16,unscheduled_macro,KXCPI-26OCT-T-0.1,macro_bucket,,,2026-09-16,0
russia_sanctions_bill,2026-09-16,unscheduled_macro,KXCPI-26OCT-T0.0,macro_bucket,,,2026-09-16,0
russia_sanctions_bill,2026-09-16,unscheduled_macro,KXCPI-26SEP-T0.5,macro_bucket,,,2026-09-16,0
russia_sanctions_bill,2026-09-16,unscheduled_macro,KXCPI-26SEP-T0.4,macro_bucket,,,2026-09-16,0
russia_sanctions_bill,2026-09-16,unscheduled_macro,KXCPI-26SEP-T0.3,macro_bucket,,,2026-09-16,0
russia_sanctions_bill,2026-09-16,unscheduled_macro,KXCPI-26SEP-T0.2,macro_bucket,,,2026-09-16,0
russia_sanctions_bill,2026-09-16,unscheduled_macro,KXCPI-26SEP-T0.1,macro_bucket,,,2026-09-16,0
russia_sanctions_bill,2026-09-16,unscheduled_macro,KXCPI-26SEP-T-0.1,macro_bucket,,,2026-09-16,0
russia_sanctions_bill,2026-09-16,unscheduled_macro,KXCPI-26SEP-T0.0,macro_bucket,,,2026-09-16,0
russia_sanctions_bill,2026-09-16,unscheduled_macro,KXCPI-26AUG-T0.5,macro_bucket,,,2026-09-16,0
russia_sanctions_bill,2026-09-16,unscheduled_macro,KXCPI-26AUG-T0.4,macro_bucket,,,2026-09-16,0
russia_sanctions_bill,2026-09-16,unscheduled_macro,KXCPI-26AUG-T0.3,macro_bucket,,,2026-09-16,0
russia_sanctions_bill,2026-09-16,unscheduled_macro,KXCPI-26AUG-T0.2,macro_bucket,,,2026-09-16,0
russia_sanctions_bill,2026-09-16,unscheduled_macro,KXCPI-26AUG-T0.1,macro_bucket,,,2026-09-16,0
russia_sanctions_bill,2026-09-16,unscheduled_macro,KXCPI-26AUG-T-0.1,macro_bucket,,,2026-09-16,0
russia_sanctions_bill,2026-09-16,unscheduled_macro,KXCPI-26JUL-T0.4,macro_bucket,,,2026-09-16,0
russia_sanctions_bill,2026-09-16,unscheduled_macro,KXCPI-26JUL-T-0.1,macro_bucket,,,2026-09-16,0
russia_sanctions_bill,2026-09-16,unscheduled_macro,KXCPICORE-26DEC-T0.5,macro_bucket,,,2026-09-16,0
russia_sanctions_bill,2026-09-16,unscheduled_macro,KXCPICORE-26NOV-T0.9,macro_bucket,,,2026-09-16,0
russia_sanctions_bill,2026-09-16,unscheduled_macro,KXCPICORE-26NOV-T0.8,macro_bucket,,,2026-09-16,0
russia_sanctions_bill,2026-09-16,unscheduled_macro,KXCPICORE-26NOV-T0.7,macro_bucket,,,2026-09-16,0
russia_sanctions_bill,2026-09-16,unscheduled_macro,KXCPICORE-26NOV-T0.6,macro_bucket,,,2026-09-16,0
russia_sanctions_bill,2026-09-16,unscheduled_macro,KXCPICORE-26NOV-T0.5,macro_bucket,,,2026-09-16,0
russia_sanctions_bill,2026-09-16,unscheduled_macro,KXCPICORE-26NOV-T0.4,macro_bucket,,,2026-09-16,0
russia_sanctions_bill,2026-09-16,unscheduled_macro,KXCPICORE-26NOV-T0.3,macro_bucket,,,2026-09-16,0
russia_sanctions_bill,2026-09-16,unscheduled_macro,KXCPICORE-26NOV-T0.2,macro_bucket,,,2026-09-16,0
russia_sanctions_bill,2026-09-16,unscheduled_macro,KXCPICORE-26NOV-T0.1,macro_bucket,,,2026-09-16,0
russia_sanctions_bill,2026-09-16,unscheduled_macro,KXCPICORE-26OCT-T1.0,macro_bucket,,,2026-09-16,0
russia_sanctions_bill,2026-09-16,unscheduled_macro,KXCPICORE-26OCT-T0.9,macro_bucket,,,2026-09-16,0
russia_sanctions_bill,2026-09-16,unscheduled_macro,KXCPICORE-26OCT-T0.8,macro_bucket,,,2026-09-16,0
russia_sanctions_bill,2026-09-16,unscheduled_macro,KXCPICORE-26OCT-T0.7,macro_bucket,,,2026-09-16,0
russia_sanctions_bill,2026-09-16,unscheduled_macro,KXCPICORE-26OCT-T0.5,macro_bucket,,,2026-09-16,0
russia_sanctions_bill,2026-09-16,unscheduled_macro,KXCPICORE-26OCT-T0.3,macro_bucket,,,2026-09-16,0
russia_sanctions_bill,2026-09-16,unscheduled_macro,KXCPICORE-26OCT-T0.1,macro_bucket,,,2026-09-16,0
russia_sanctions_bill,2026-09-16,unscheduled_macro,KXCPICORE-26OCT-T0.0,macro_bucket,,,2026-09-16,0
russia_sanctions_bill,2026-09-16,unscheduled_macro,KXCPICORE-26SEP-T1.0,macro_bucket,,,2026-09-16,0
russia_sanctions_bill,2026-09-16,unscheduled_macro,KXCPICORE-26SEP-T0.7,macro_bucket,,,2026-09-16,0
russia_sanctions_bill,2026-09-16,unscheduled_macro,KXCPICORE-26SEP-T0.6,macro_bucket,,,2026-09-16,0
russia_sanctions_bill,2026-09-16,unscheduled_macro,KXCPICORE-26SEP-T0.3,macro_bucket,,,2026-09-16,0
russia_sanctions_bill,2026-09-16,unscheduled_macro,KXCPICORE-26SEP-T0.0,macro_bucket,,,2026-09-16,0
russia_sanctions_bill,2026-09-16,unscheduled_macro,KXCPICORE-26AUG-T0.8,macro_bucket,,,2026-09-16,0
russia_sanctions_bill,2026-09-16,unscheduled_macro,KXCPICORE-26AUG-T0.6,macro_bucket,,,2026-09-16,0
russia_sanctions_bill,2026-09-16,unscheduled_macro,KXCPICORE-26AUG-T0.5,macro_bucket,,,2026-09-16,0
russia_sanctions_bill,2026-09-16,unscheduled_macro,KXCPICORE-26AUG-T0.4,macro_bucket,,,2026-09-16,0
russia_sanctions_bill,2026-09-16,unscheduled_macro,KXCPICORE-26AUG-T0.1,macro_bucket,,,2026-09-16,0
russia_sanctions_bill,2026-09-16,unscheduled_macro,KXCPICORE-26AUG-T0.0,macro_bucket,,,2026-09-16,0
russia_sanctions_bill,2026-09-16,unscheduled_macro,KXCPICORE-26JUL-T0.5,macro_bucket,,,2026-09-16,0
russia_sanctions_bill,2026-09-16,unscheduled_macro,KXCPICORE-26JUL-T0.4,macro_bucket,,,2026-09-16,0
trump_truth_fed,2026-09-16,unscheduled_macro,KXFED-27APR-T6.00,macro_bucket,,,2026-09-16,0
trump_truth_fed,2026-09-16,unscheduled_macro,KXFED-27APR-T5.75,macro_bucket,,,2026-09-16,0
trump_truth_fed,2026-09-16,unscheduled_macro,KXFED-27APR-T5.50,macro_bucket,,,2026-09-16,0
trump_truth_fed,2026-09-16,unscheduled_macro,KXFED-27APR-T5.25,macro_bucket,,,2026-09-16,0
trump_truth_fed,2026-09-16,unscheduled_macro,KXFED-27APR-T5.00,macro_bucket,,,2026-09-16,0
trump_truth_fed,2026-09-16,unscheduled_macro,KXFED-27APR-T4.75,macro_bucket,,,2026-09-16,0
trump_truth_fed,2026-09-16,unscheduled_macro,KXFED-27APR-T4.50,macro_bucket,,,2026-09-16,0
trump_truth_fed,2026-09-16,unscheduled_macro,KXFED-27MAR-T5.75,macro_bucket,,,2026-09-16,0
trump_truth_fed,2026-09-16,unscheduled_macro,KXFED-27MAR-T5.50,macro_bucket,,,2026-09-16,0
trump_truth_fed,2026-09-16,unscheduled_macro,KXFED-27MAR-T5.25,macro_bucket,,,2026-09-16,0
trump_truth_fed,2026-09-16,unscheduled_macro,KXFED-27MAR-T5.00,macro_bucket,,,2026-09-16,0
trump_truth_fed,2026-09-16,unscheduled_macro,KXFED-27MAR-T4.75,macro_bucket,,,2026-09-16,0
trump_truth_fed,2026-09-16,unscheduled_macro,KXFED-27MAR-T4.50,macro_bucket,,,2026-09-16,0
trump_truth_fed,2026-09-16,unscheduled_macro,KXFED-27JAN-T5.75,macro_bucket,,,2026-09-16,0
trump_truth_fed,2026-09-16,unscheduled_macro,KXFED-27JAN-T5.50,macro_bucket,,,2026-09-16,0
trump_truth_fed,2026-09-16,unscheduled_macro,KXFED-27JAN-T5.25,macro_bucket,,,2026-09-16,0
trump_truth_fed,2026-09-16,unscheduled_macro,KXFED-27JAN-T5.00,macro_bucket,,,2026-09-16,0
trump_truth_fed,2026-09-16,unscheduled_macro,KXFED-27JAN-T4.75,macro_bucket,,,2026-09-16,0
trump_truth_fed,2026-09-16,unscheduled_macro,KXFED-27JAN-T4.50,macro_bucket,,,2026-09-16,0
trump_truth_fed,2026-09-16,unscheduled_macro,KXFED-28JAN-T6.00,macro_bucket,,,2026-09-16,0
trump_truth_fed,2026-09-16,unscheduled_macro,KXFED-28JAN-T5.75,macro_bucket,,,2026-09-16,0
trump_truth_fed,2026-09-16,unscheduled_macro,KXFED-28JAN-T5.50,macro_bucket,,,2026-09-16,0
trump_truth_fed,2026-09-16,unscheduled_macro,KXFED-28JAN-T5.25,macro_bucket,,,2026-09-16,0
trump_truth_fed,2026-09-16,unscheduled_macro,KXFED-28JAN-T5.00,macro_bucket,,,2026-09-16,0
trump_truth_fed,2026-09-16,unscheduled_macro,KXFED-28JAN-T4.75,macro_bucket,,,2026-09-16,0
trump_truth_fed,2026-09-16,unscheduled_macro,KXFED-28JAN-T4.50,macro_bucket,,,2026-09-16,0
trump_truth_fed,2026-09-16,unscheduled_macro,KXFED-28JAN-T4.25,macro_bucket,,,2026-09-16,0
trump_truth_fed,2026-09-16,unscheduled_macro,KXFED-28JAN-T4.00,macro_bucket,,,2026-09-16,0
trump_truth_fed,2026-09-16,unscheduled_macro,KXFED-28JAN-T3.75,macro_bucket,,,2026-09-16,0
trump_truth_fed,2026-09-16,unscheduled_macro,KXFED-28JAN-T3.50,macro_bucket,,,2026-09-16,0
trump_truth_fed,2026-09-16,unscheduled_macro,KXFED-28JAN-T3.25,macro_bucket,,,2026-09-16,0
trump_truth_fed,2026-09-16,unscheduled_macro,KXFED-28JAN-T3.00,macro_bucket,,,2026-09-16,0
trump_truth_fed,2026-09-16,unscheduled_macro,KXFED-28JAN-T2.75,macro_bucket,,,2026-09-16,0
trump_truth_fed,2026-09-16,unscheduled_macro,KXFED-28JAN-T2.50,macro_bucket,,,2026-09-16,0
trump_truth_fed,2026-09-16,unscheduled_macro,KXFED-28JAN-T2.25,macro_bucket,,,2026-09-16,0
trump_truth_fed,2026-09-16,unscheduled_macro,KXFED-28JAN-T2.00,macro_bucket,,,2026-09-16,0
trump_truth_fed,2026-09-16,unscheduled_macro,KXFED-28JAN-T1.25,macro_bucket,,,2026-09-16,0
trump_truth_fed,2026-09-16,unscheduled_macro,KXFED-28JAN-T1.00,macro_bucket,,,2026-09-16,0
trump_truth_fed,2026-09-16,unscheduled_macro,KXFED-28JAN-T0.75,macro_bucket,,,2026-09-16,0
trump_truth_fed,2026-09-16,unscheduled_macro,KXFED-28JAN-T0.50,macro_bucket,,,2026-09-16,0
trump_truth_fed,2026-09-16,unscheduled_macro,KXFED-28JAN-T0.00,macro_bucket,,,2026-09-16,0
trump_truth_fed,2026-09-16,unscheduled_macro,KXFED-27DEC-T6.00,macro_bucket,,,2026-09-16,0
trump_truth_fed,2026-09-16,unscheduled_macro,KXFED-27DEC-T5.75,macro_bucket,,,2026-09-16,0
trump_truth_fed,2026-09-16,unscheduled_macro,KXFED-27DEC-T5.25,macro_bucket,,,2026-09-16,0
trump_truth_fed,2026-09-16,unscheduled_macro,KXFED-27DEC-T5.00,macro_bucket,,,2026-09-16,0
trump_truth_fed,2026-09-16,unscheduled_macro,KXFED-27DEC-T4.75,macro_bucket,,,2026-09-16,0
trump_truth_fed,2026-09-16,unscheduled_macro,KXFED-27DEC-T4.50,macro_bucket,,,2026-09-16,0
trump_truth_fed,2026-09-16,unscheduled_macro,KXFED-27DEC-T4.00,macro_bucket,,,2026-09-16,0
trump_truth_fed,2026-09-16,unscheduled_macro,KXFED-27DEC-T3.75,macro_bucket,,,2026-09-16,0
trump_truth_fed,2026-09-16,unscheduled_macro,KXFED-27DEC-T3.25,macro_bucket,,,2026-09-16,0
trump_truth_fed,2026-09-16,unscheduled_macro,KXFED-27DEC-T3.00,macro_bucket,,,2026-09-16,0
trump_truth_fed,2026-09-16,unscheduled_macro,KXFED-27DEC-T2.75,macro_bucket,,,2026-09-16,0
trump_truth_fed,2026-09-16,unscheduled_macro,KXFED-27DEC-T2.50,macro_bucket,,,2026-09-16,0
trump_truth_fed,2026-09-16,unscheduled_macro,KXFED-27DEC-T2.25,macro_bucket,,,2026-09-16,0
trump_truth_fed,2026-09-16,unscheduled_macro,KXFED-27DEC-T1.50,macro_bucket,,,2026-09-16,0
trump_truth_fed,2026-09-16,unscheduled_macro,KXFED-27DEC-T1.25,macro_bucket,,,2026-09-16,0
trump_truth_fed,2026-09-16,unscheduled_macro,KXFED-27DEC-T1.00,macro_bucket,,,2026-09-16,0
trump_truth_fed,2026-09-16,unscheduled_macro,KXFED-27DEC-T0.75,macro_bucket,,,2026-09-16,0
trump_truth_fed,2026-09-16,unscheduled_macro,KXFED-27DEC-T0.50,macro_bucket,,,2026-09-16,0
trump_truth_fed,2026-09-16,unscheduled_macro,KXFED-27DEC-T0.25,macro_bucket,,,2026-09-16,0
trump_truth_fed,2026-09-16,unscheduled_macro,KXFED-27DEC-T0.00,macro_bucket,,,2026-09-16,0
trump_truth_fed,2026-09-16,unscheduled_macro,KXFED-27OCT-T5.75,macro_bucket,,,2026-09-16,0
trump_truth_fed,2026-09-16,unscheduled_macro,KXFED-27OCT-T5.50,macro_bucket,,,2026-09-16,0
trump_truth_fed,2026-09-16,unscheduled_macro,KXFED-27OCT-T5.25,macro_bucket,,,2026-09-16,0
trump_truth_fed,2026-09-16,unscheduled_macro,KXFED-27OCT-T5.00,macro_bucket,,,2026-09-16,0
trump_truth_fed,2026-09-16,unscheduled_macro,KXFED-27OCT-T4.75,macro_bucket,,,2026-09-16,0
trump_truth_fed,2026-09-16,unscheduled_macro,KXFED-27OCT-T4.50,macro_bucket,,,2026-09-16,0
trump_truth_fed,2026-09-16,unscheduled_macro,KXFED-27OCT-T4.25,macro_bucket,,,2026-09-16,0
trump_truth_fed,2026-09-16,unscheduled_macro,KXFED-27OCT-T4.00,macro_bucket,,,2026-09-16,0
trump_truth_fed,2026-09-16,unscheduled_macro,KXFED-27OCT-T3.50,macro_bucket,,,2026-09-16,0
trump_truth_fed,2026-09-16,unscheduled_macro,KXFED-27OCT-T3.25,macro_bucket,,,2026-09-16,0
trump_truth_fed,2026-09-16,unscheduled_macro,KXFED-27OCT-T3.00,macro_bucket,,,2026-09-16,0
trump_truth_fed,2026-09-16,unscheduled_macro,KXFED-27OCT-T2.75,macro_bucket,,,2026-09-16,0
trump_truth_fed,2026-09-16,unscheduled_macro,KXFED-27OCT-T2.50,macro_bucket,,,2026-09-16,0
trump_truth_fed,2026-09-16,unscheduled_macro,KXFED-27OCT-T2.25,macro_bucket,,,2026-09-16,0
trump_truth_fed,2026-09-16,unscheduled_macro,KXFED-27OCT-T2.00,macro_bucket,,,2026-09-16,0
trump_truth_fed,2026-09-16,unscheduled_macro,KXFED-27OCT-T1.75,macro_bucket,,,2026-09-16,0
trump_truth_fed,2026-09-16,unscheduled_macro,KXFED-27OCT-T1.50,macro_bucket,,,2026-09-16,0
trump_truth_fed,2026-09-16,unscheduled_macro,KXFED-27OCT-T1.25,macro_bucket,,,2026-09-16,0
trump_truth_fed,2026-09-16,unscheduled_macro,KXFED-27OCT-T1.00,macro_bucket,,,2026-09-16,0
trump_truth_fed,2026-09-16,unscheduled_macro,KXFED-27OCT-T0.75,macro_bucket,,,2026-09-16,0
trump_truth_fed,2026-09-16,unscheduled_macro,KXFED-27OCT-T0.50,macro_bucket,,,2026-09-16,0
trump_truth_fed,2026-09-16,unscheduled_macro,KXFED-27OCT-T0.25,macro_bucket,,,2026-09-16,0
trump_truth_fed,2026-09-16,unscheduled_macro,KXFED-27OCT-T0.00,macro_bucket,,,2026-09-16,0
trump_truth_fed,2026-09-16,unscheduled_macro,KXFED-27SEP-T6.00,macro_bucket,,,2026-09-16,0
trump_truth_fed,2026-09-16,unscheduled_macro,KXFED-27SEP-T5.75,macro_bucket,,,2026-09-16,0
trump_truth_fed,2026-09-16,unscheduled_macro,KXFED-27SEP-T5.50,macro_bucket,,,2026-09-16,0
trump_truth_fed,2026-09-16,unscheduled_macro,KXFED-27SEP-T5.25,macro_bucket,,,2026-09-16,0
trump_truth_fed,2026-09-16,unscheduled_macro,KXFED-27SEP-T5.00,macro_bucket,,,2026-09-16,0
trump_truth_fed,2026-09-16,unscheduled_macro,KXFED-27SEP-T4.25,macro_bucket,,,2026-09-16,0
trump_truth_fed,2026-09-16,unscheduled_macro,KXFED-27SEP-T4.00,macro_bucket,,,2026-09-16,0
trump_truth_fed,2026-09-16,unscheduled_macro,KXFED-27SEP-T3.75,macro_bucket,,,2026-09-16,0
trump_truth_fed,2026-09-16,unscheduled_macro,KXFED-27SEP-T3.50,macro_bucket,,,2026-09-16,0
trump_truth_fed,2026-09-16,unscheduled_macro,KXFED-27SEP-T3.25,macro_bucket,,,2026-09-16,0
trump_truth_fed,2026-09-16,unscheduled_macro,KXFED-27SEP-T3.00,macro_bucket,,,2026-09-16,0
trump_truth_fed,2026-09-16,unscheduled_macro,KXFED-27SEP-T2.75,macro_bucket,,,2026-09-16,0
trump_truth_fed,2026-09-16,unscheduled_macro,KXFED-27SEP-T2.50,macro_bucket,,,2026-09-16,0
trump_truth_fed,2026-09-16,unscheduled_macro,KXFED-27SEP-T2.25,macro_bucket,,,2026-09-16,0
trump_truth_fed,2026-09-16,unscheduled_macro,KXFED-27SEP-T2.00,macro_bucket,,,2026-09-16,0
trump_truth_fed,2026-09-16,unscheduled_macro,KXFED-27SEP-T1.75,macro_bucket,,,2026-09-16,0
trump_truth_fed,2026-09-16,unscheduled_macro,KXFED-27SEP-T1.50,macro_bucket,,,2026-09-16,0
trump_truth_fed,2026-09-16,unscheduled_macro,KXFED-27SEP-T1.25,macro_bucket,,,2026-09-16,0
trump_truth_fed,2026-09-16,unscheduled_macro,KXFED-27SEP-T1.00,macro_bucket,,,2026-09-16,0
trump_truth_fed,2026-09-16,unscheduled_macro,KXFED-27SEP-T0.75,macro_bucket,,,2026-09-16,0
trump_truth_fed,2026-09-16,unscheduled_macro,KXFED-27SEP-T0.50,macro_bucket,,,2026-09-16,0
trump_truth_fed,2026-09-16,unscheduled_macro,KXFED-27SEP-T0.25,macro_bucket,,,2026-09-16,0
trump_truth_fed,2026-09-16,unscheduled_macro,KXFED-27SEP-T0.00,macro_bucket,,,2026-09-16,0
trump_truth_fed,2026-09-16,unscheduled_macro,KXFED-27JUL-T6.00,macro_bucket,,,2026-09-16,0
trump_truth_fed,2026-09-16,unscheduled_macro,KXFED-27JUL-T5.75,macro_bucket,,,2026-09-16,0
trump_truth_fed,2026-09-16,unscheduled_macro,KXFED-27JUL-T5.50,macro_bucket,,,2026-09-16,0
trump_truth_fed,2026-09-16,unscheduled_macro,KXFED-27JUL-T5.25,macro_bucket,,,2026-09-16,0
trump_truth_fed,2026-09-16,unscheduled_macro,KXFED-27JUL-T5.00,macro_bucket,,,2026-09-16,0
trump_truth_fed,2026-09-16,unscheduled_macro,KXFED-27JUL-T4.75,macro_bucket,,,2026-09-16,0
trump_truth_fed,2026-09-16,unscheduled_macro,KXFED-27JUL-T4.50,macro_bucket,,,2026-09-16,0
trump_truth_fed,2026-09-16,unscheduled_macro,KXFED-27JUL-T4.25,macro_bucket,,,2026-09-16,0
trump_truth_fed,2026-09-16,unscheduled_macro,KXFED-27JUL-T4.00,macro_bucket,,,2026-09-16,0
trump_truth_fed,2026-09-16,unscheduled_macro,KXFED-27JUL-T3.75,macro_bucket,,,2026-09-16,0
trump_truth_fed,2026-09-16,unscheduled_macro,KXFED-27JUL-T3.50,macro_bucket,,,2026-09-16,0
trump_truth_fed,2026-09-16,unscheduled_macro,KXFED-27JUL-T3.25,macro_bucket,,,2026-09-16,0
trump_truth_fed,2026-09-16,unscheduled_macro,KXFED-27JUL-T3.00,macro_bucket,,,2026-09-16,0
trump_truth_fed,2026-09-16,unscheduled_macro,KXFED-27JUL-T2.75,macro_bucket,,,2026-09-16,0
trump_truth_fed,2026-09-16,unscheduled_macro,KXFED-27JUL-T2.50,macro_bucket,,,2026-09-16,0
trump_truth_fed,2026-09-16,unscheduled_macro,KXFED-27JUL-T2.25,macro_bucket,,,2026-09-16,0
trump_truth_fed,2026-09-16,unscheduled_macro,KXFED-27JUL-T2.00,macro_bucket,,,2026-09-16,0
trump_truth_fed,2026-09-16,unscheduled_macro,KXFED-27JUL-T1.75,macro_bucket,,,2026-09-16,0
trump_truth_fed,2026-09-16,unscheduled_macro,KXFED-27JUL-T1.50,macro_bucket,,,2026-09-16,0
trump_truth_fed,2026-09-16,unscheduled_macro,KXFED-27JUL-T1.25,macro_bucket,,,2026-09-16,0
trump_truth_fed,2026-09-16,unscheduled_macro,KXFED-27JUL-T1.00,macro_bucket,,,2026-09-16,0
trump_truth_fed,2026-09-16,unscheduled_macro,KXFED-27JUL-T0.50,macro_bucket,,,2026-09-16,0
trump_truth_fed,2026-09-16,unscheduled_macro,KXFED-27JUL-T0.25,macro_bucket,,,2026-09-16,0
trump_truth_fed,2026-09-16,unscheduled_macro,KXFED-27JUL-T0.00,macro_bucket,,,2026-09-16,0
trump_truth_fed,2026-09-16,unscheduled_macro,KXFED-27JUN-T6.00,macro_bucket,,,2026-09-16,0
trump_truth_fed,2026-09-16,unscheduled_macro,KXFED-27JUN-T5.75,macro_bucket,,,2026-09-16,0
trump_truth_fed,2026-09-16,unscheduled_macro,KXFED-27JUN-T5.50,macro_bucket,,,2026-09-16,0
trump_truth_fed,2026-09-16,unscheduled_macro,KXFED-27JUN-T5.25,macro_bucket,,,2026-09-16,0
trump_truth_fed,2026-09-16,unscheduled_macro,KXFED-27JUN-T5.00,macro_bucket,,,2026-09-16,0
trump_truth_fed,2026-09-16,unscheduled_macro,KXFED-27JUN-T4.75,macro_bucket,,,2026-09-16,0
trump_truth_fed,2026-09-16,unscheduled_macro,KXFED-27JUN-T4.50,macro_bucket,,,2026-09-16,0
trump_truth_fed,2026-09-16,unscheduled_macro,KXFED-27JUN-T4.25,macro_bucket,,,2026-09-16,0
trump_truth_fed,2026-09-16,unscheduled_macro,KXFED-27JUN-T4.00,macro_bucket,,,2026-09-16,0
trump_truth_fed,2026-09-16,unscheduled_macro,KXFED-27JUN-T3.75,macro_bucket,,,2026-09-16,0
trump_truth_fed,2026-09-16,unscheduled_macro,KXFED-27JUN-T3.50,macro_bucket,,,2026-09-16,0
trump_truth_fed,2026-09-16,unscheduled_macro,KXFED-27JUN-T3.00,macro_bucket,,,2026-09-16,0
trump_truth_fed,2026-09-16,unscheduled_macro,KXFED-27JUN-T2.75,macro_bucket,,,2026-09-16,0
trump_truth_fed,2026-09-16,unscheduled_macro,KXFED-27JUN-T2.50,macro_bucket,,,2026-09-16,0
trump_truth_fed,2026-09-16,unscheduled_macro,KXFED-27JUN-T2.25,macro_bucket,,,2026-09-16,0
trump_truth_fed,2026-09-16,unscheduled_macro,KXFED-27JUN-T2.00,macro_bucket,,,2026-09-16,0
trump_truth_fed,2026-09-16,unscheduled_macro,KXFED-27JUN-T1.75,macro_bucket,,,2026-09-16,0
trump_truth_fed,2026-09-16,unscheduled_macro,KXFED-27JUN-T1.50,macro_bucket,,,2026-09-16,0
trump_truth_fed,2026-09-16,unscheduled_macro,KXFED-27JUN-T1.25,macro_bucket,,,2026-09-16,0
trump_truth_fed,2026-09-16,unscheduled_macro,KXFED-27JUN-T1.00,macro_bucket,,,2026-09-16,0
trump_truth_fed,2026-09-16,unscheduled_macro,KXFED-27JUN-T0.75,macro_bucket,,,2026-09-16,0
trump_truth_fed,2026-09-16,unscheduled_macro,KXFED-27JUN-T0.50,macro_bucket,,,2026-09-16,0
trump_truth_fed,2026-09-16,unscheduled_macro,KXFED-27JUN-T0.25,macro_bucket,,,2026-09-16,0
trump_truth_fed,2026-09-16,unscheduled_macro,KXFED-27JUN-T0.00,macro_bucket,,,2026-09-16,0
trump_truth_fed,2026-09-16,unscheduled_macro,KXFED-27APR-T2.25,macro_bucket,,,2026-09-16,0
trump_truth_fed,2026-09-16,unscheduled_macro,KXFED-27MAR-T6.00,macro_bucket,,,2026-09-16,0
trump_truth_fed,2026-09-16,unscheduled_macro,KXFED-27JAN-T6.00,macro_bucket,,,2026-09-16,0
trump_truth_fed,2026-09-16,unscheduled_macro,KXFED-28JAN-T1.75,macro_bucket,,,2026-09-16,0
trump_truth_fed,2026-09-16,unscheduled_macro,KXFED-28JAN-T1.50,macro_bucket,,,2026-09-16,0
trump_truth_fed,2026-09-16,unscheduled_macro,KXFED-28JAN-T0.25,macro_bucket,,,2026-09-16,0
trump_truth_fed,2026-09-16,unscheduled_macro,KXFED-27DEC-T5.50,macro_bucket,,,2026-09-16,0
trump_truth_fed,2026-09-16,unscheduled_macro,KXFED-27DEC-T4.25,macro_bucket,,,2026-09-16,0
trump_truth_fed,2026-09-16,unscheduled_macro,KXFED-27DEC-T3.50,macro_bucket,,,2026-09-16,0
trump_truth_fed,2026-09-16,unscheduled_macro,KXFED-27DEC-T2.00,macro_bucket,,,2026-09-16,0
trump_truth_fed,2026-09-16,unscheduled_macro,KXFED-27DEC-T1.75,macro_bucket,,,2026-09-16,0
trump_truth_fed,2026-09-16,unscheduled_macro,KXFED-27OCT-T6.00,macro_bucket,,,2026-09-16,0
trump_truth_fed,2026-09-16,unscheduled_macro,KXFED-27OCT-T3.75,macro_bucket,,,2026-09-16,0
trump_truth_fed,2026-09-16,unscheduled_macro,KXFED-27SEP-T4.75,macro_bucket,,,2026-09-16,0
trump_truth_fed,2026-09-16,unscheduled_macro,KXFED-27SEP-T4.50,macro_bucket,,,2026-09-16,0
trump_truth_fed,2026-09-16,unscheduled_macro,KXFED-27JUL-T0.75,macro_bucket,,,2026-09-16,0
trump_truth_fed,2026-09-16,unscheduled_macro,KXFED-27JUN-T3.25,macro_bucket,,,2026-09-16,0
trump_truth_fed,2026-09-16,unscheduled_macro,KXFED-27APR-T4.25,macro_bucket,,,2026-09-16,0
trump_truth_fed,2026-09-16,unscheduled_macro,KXFED-27APR-T4.00,macro_bucket,,,2026-09-16,0
trump_truth_fed,2026-09-16,unscheduled_macro,KXFED-27APR-T3.75,macro_bucket,,,2026-09-16,0
trump_truth_fed,2026-09-16,unscheduled_macro,KXFED-27APR-T3.50,macro_bucket,,,2026-09-16,0
trump_truth_fed,2026-09-16,unscheduled_macro,KXFED-27APR-T3.25,macro_bucket,,,2026-09-16,0
trump_truth_fed,2026-09-16,unscheduled_macro,KXFED-27APR-T3.00,macro_bucket,,,2026-09-16,0
trump_truth_fed,2026-09-16,unscheduled_macro,KXFED-27APR-T2.75,macro_bucket,,,2026-09-16,0
trump_truth_fed,2026-09-16,unscheduled_macro,KXFED-27APR-T2.50,macro_bucket,,,2026-09-16,0
trump_truth_fed,2026-09-16,unscheduled_macro,KXFED-27APR-T2.00,macro_bucket,,,2026-09-16,0
trump_truth_fed,2026-09-16,unscheduled_macro,KXFED-27APR-T1.75,macro_bucket,,,2026-09-16,0
trump_truth_fed,2026-09-16,unscheduled_macro,KXFED-27APR-T1.50,macro_bucket,,,2026-09-16,0
trump_truth_fed,2026-09-16,unscheduled_macro,KXFED-27APR-T1.25,macro_bucket,,,2026-09-16,0
trump_truth_fed,2026-09-16,unscheduled_macro,KXFED-27APR-T1.00,macro_bucket,,,2026-09-16,0
trump_truth_fed,2026-09-16,unscheduled_macro,KXFED-27APR-T0.75,macro_bucket,,,2026-09-16,0
trump_truth_fed,2026-09-16,unscheduled_macro,KXFED-27APR-T0.50,macro_bucket,,,2026-09-16,0
trump_truth_fed,2026-09-16,unscheduled_macro,KXFED-27APR-T0.25,macro_bucket,,,2026-09-16,0
trump_truth_fed,2026-09-16,unscheduled_macro,KXFED-27APR-T0.00,macro_bucket,,,2026-09-16,0
trump_truth_fed,2026-09-16,unscheduled_macro,KXFED-27MAR-T4.25,macro_bucket,,,2026-09-16,0
trump_truth_fed,2026-09-16,unscheduled_macro,KXFED-27MAR-T4.00,macro_bucket,,,2026-09-16,0
trump_truth_fed,2026-09-16,unscheduled_macro,KXFED-27MAR-T3.75,macro_bucket,,,2026-09-16,0
trump_truth_fed,2026-09-16,unscheduled_macro,KXFED-27MAR-T3.50,macro_bucket,,,2026-09-16,0
trump_truth_fed,2026-09-16,unscheduled_macro,KXFED-27MAR-T3.25,macro_bucket,,,2026-09-16,0
trump_truth_fed,2026-09-16,unscheduled_macro,KXFED-27MAR-T3.00,macro_bucket,,,2026-09-16,0
trump_truth_fed,2026-09-16,unscheduled_macro,KXFED-27MAR-T2.75,macro_bucket,,,2026-09-16,0
trump_truth_fed,2026-09-16,unscheduled_macro,KXFED-27MAR-T2.50,macro_bucket,,,2026-09-16,0
trump_truth_fed,2026-09-16,unscheduled_macro,KXFED-27MAR-T2.25,macro_bucket,,,2026-09-16,0
trump_truth_fed,2026-09-16,unscheduled_macro,KXFED-27MAR-T2.00,macro_bucket,,,2026-09-16,0
trump_truth_fed,2026-09-16,unscheduled_macro,KXFED-27MAR-T1.75,macro_bucket,,,2026-09-16,0
trump_truth_fed,2026-09-16,unscheduled_macro,KXFED-27MAR-T1.50,macro_bucket,,,2026-09-16,0
trump_truth_fed,2026-09-16,unscheduled_macro,KXFED-27MAR-T1.25,macro_bucket,,,2026-09-16,0
trump_truth_fed,2026-09-16,unscheduled_macro,KXFED-27MAR-T1.00,macro_bucket,,,2026-09-16,0
trump_truth_fed,2026-09-16,unscheduled_macro,KXFED-27MAR-T0.75,macro_bucket,,,2026-09-16,0
trump_truth_fed,2026-09-16,unscheduled_macro,KXFED-27MAR-T0.50,macro_bucket,,,2026-09-16,0
trump_truth_fed,2026-09-16,unscheduled_macro,KXFED-27MAR-T0.25,macro_bucket,,,2026-09-16,0
trump_truth_fed,2026-09-16,unscheduled_macro,KXFED-27MAR-T0.00,macro_bucket,,,2026-09-16,0
trump_truth_fed,2026-09-16,unscheduled_macro,KXFED-27JAN-T4.25,macro_bucket,,,2026-09-16,0
trump_truth_fed,2026-09-16,unscheduled_macro,KXFED-27JAN-T4.00,macro_bucket,,,2026-09-16,0
trump_truth_fed,2026-09-16,unscheduled_macro,KXFED-27JAN-T3.75,macro_bucket,,,2026-09-16,0
trump_truth_fed,2026-09-16,unscheduled_macro,KXFED-27JAN-T3.50,macro_bucket,,,2026-09-16,0
trump_truth_fed,2026-09-16,unscheduled_macro,KXFED-27JAN-T3.25,macro_bucket,,,2026-09-16,0
trump_truth_fed,2026-09-16,unscheduled_macro,KXFED-27JAN-T3.00,macro_bucket,,,2026-09-16,0
trump_truth_fed,2026-09-16,unscheduled_macro,KXFED-27JAN-T2.75,macro_bucket,,,2026-09-16,0
trump_truth_fed,2026-09-16,unscheduled_macro,KXFED-27JAN-T2.50,macro_bucket,,,2026-09-16,0
trump_truth_fed,2026-09-16,unscheduled_macro,KXFED-27JAN-T2.25,macro_bucket,,,2026-09-16,0
trump_truth_fed,2026-09-16,unscheduled_macro,KXFED-27JAN-T2.00,macro_bucket,,,2026-09-16,0
trump_truth_fed,2026-09-16,unscheduled_macro,KXFED-27JAN-T1.75,macro_bucket,,,2026-09-16,0
trump_truth_fed,2026-09-16,unscheduled_macro,KXFED-27JAN-T1.50,macro_bucket,,,2026-09-16,0
trump_truth_fed,2026-09-16,unscheduled_macro,KXFED-27JAN-T1.25,macro_bucket,,,2026-09-16,0
trump_truth_fed,2026-09-16,unscheduled_macro,KXFED-27JAN-T1.00,macro_bucket,,,2026-09-16,0
trump_truth_fed,2026-09-16,unscheduled_macro,KXFED-27JAN-T0.75,macro_bucket,,,2026-09-16,0
trump_truth_fed,2026-09-16,unscheduled_macro,KXFED-27JAN-T0.50,macro_bucket,,,2026-09-16,0
trump_truth_fed,2026-09-16,unscheduled_macro,KXFED-27JAN-T0.25,macro_bucket,,,2026-09-16,0
trump_truth_fed,2026-09-16,unscheduled_macro,KXFED-27JAN-T0.00,macro_bucket,,,2026-09-16,0
trump_truth_fed,2026-09-16,unscheduled_macro,KXFED-26DEC-T5.25,macro_bucket,,,2026-09-16,0
trump_truth_fed,2026-09-16,unscheduled_macro,KXFED-26DEC-T5.00,macro_bucket,,,2026-09-16,0
trump_truth_fed,2026-09-16,unscheduled_macro,KXFED-26DEC-T4.75,macro_bucket,,,2026-09-16,0
trump_truth_fed,2026-09-16,unscheduled_macro,KXFED-26DEC-T4.50,macro_bucket,,,2026-09-16,0
trump_truth_fed,2026-09-16,unscheduled_macro,KXFED-26DEC-T4.25,macro_bucket,,,2026-09-16,0
trump_truth_fed,2026-09-16,unscheduled_macro,KXFED-26DEC-T4.00,macro_bucket,,,2026-09-16,0
trump_truth_fed,2026-09-16,unscheduled_macro,KXFED-26DEC-T3.75,macro_bucket,,,2026-09-16,0
trump_truth_fed,2026-09-16,unscheduled_macro,KXFED-26DEC-T3.50,macro_bucket,,,2026-09-16,0
trump_truth_fed,2026-09-16,unscheduled_macro,KXFED-26DEC-T3.25,macro_bucket,,,2026-09-16,0
trump_truth_fed,2026-09-16,unscheduled_macro,KXFED-26DEC-T3.00,macro_bucket,,,2026-09-16,0
trump_truth_fed,2026-09-16,unscheduled_macro,KXFED-26DEC-T2.75,macro_bucket,,,2026-09-16,0
trump_truth_fed,2026-09-16,unscheduled_macro,KXFED-26OCT-T5.25,macro_bucket,,,2026-09-16,0
trump_truth_fed,2026-09-16,unscheduled_macro,KXFED-26OCT-T5.00,macro_bucket,,,2026-09-16,0
trump_truth_fed,2026-09-16,unscheduled_macro,KXFED-26OCT-T4.75,macro_bucket,,,2026-09-16,0
trump_truth_fed,2026-09-16,unscheduled_macro,KXFED-26OCT-T4.50,macro_bucket,,,2026-09-16,0
trump_truth_fed,2026-09-16,unscheduled_macro,KXFED-26OCT-T4.25,macro_bucket,,,2026-09-16,0
trump_truth_fed,2026-09-16,unscheduled_macro,KXFED-26OCT-T4.00,macro_bucket,,,2026-09-16,0
trump_truth_fed,2026-09-16,unscheduled_macro,KXFED-26OCT-T3.75,macro_bucket,,,2026-09-16,0
trump_truth_fed,2026-09-16,unscheduled_macro,KXFED-26OCT-T3.50,macro_bucket,,,2026-09-16,0
trump_truth_fed,2026-09-16,unscheduled_macro,KXFED-26OCT-T3.25,macro_bucket,,,2026-09-16,0
trump_truth_fed,2026-09-16,unscheduled_macro,KXFED-26OCT-T3.00,macro_bucket,,,2026-09-16,0
trump_truth_fed,2026-09-16,unscheduled_macro,KXFED-26OCT-T2.75,macro_bucket,,,2026-09-16,0
trump_truth_fed,2026-09-16,unscheduled_macro,KXFED-26SEP-T5.25,macro_bucket,,,2026-09-16,0
trump_truth_fed,2026-09-16,unscheduled_macro,KXFED-26SEP-T5.00,macro_bucket,,,2026-09-16,0
trump_truth_fed,2026-09-16,unscheduled_macro,KXFED-26SEP-T4.75,macro_bucket,,,2026-09-16,0
trump_truth_fed,2026-09-16,unscheduled_macro,KXFED-26SEP-T4.50,macro_bucket,,,2026-09-16,0
trump_truth_fed,2026-09-16,unscheduled_macro,KXFED-26SEP-T4.25,macro_bucket,,,2026-09-16,0
trump_truth_fed,2026-09-16,unscheduled_macro,KXFED-26SEP-T4.00,macro_bucket,,,2026-09-16,0
trump_truth_fed,2026-09-16,unscheduled_macro,KXFED-26SEP-T3.75,macro_bucket,,,2026-09-16,0
trump_truth_fed,2026-09-16,unscheduled_macro,KXFED-26SEP-T3.50,macro_bucket,,,2026-09-16,0
trump_truth_fed,2026-09-16,unscheduled_macro,KXFED-26SEP-T3.25,macro_bucket,,,2026-09-16,0
trump_truth_fed,2026-09-16,unscheduled_macro,KXFED-26SEP-T3.00,macro_bucket,,,2026-09-16,0
trump_truth_fed,2026-09-16,unscheduled_macro,KXFED-26SEP-T2.75,macro_bucket,,,2026-09-16,0
nvda_earnings,2026-08-26,unscheduled_macro,KXFED-27APR-T3.75,macro_bucket,0.044,,2026-08-26,0
nvda_earnings,2026-08-26,unscheduled_macro,KXFED-27MAR-T3.75,macro_bucket,0.044,,2026-08-26,0
nvda_earnings,2026-08-26,unscheduled_macro,KXFED-27MAR-T3.50,macro_bucket,0.044,,2026-08-26,0
nvda_earnings,2026-08-26,unscheduled_macro,KXFED-27MAR-T3.00,macro_bucket,0.044,,2026-08-26,0
nvda_earnings,2026-08-26,unscheduled_macro,KXFED-27MAR-T2.75,macro_bucket,0.044,,2026-08-26,0
nvda_earnings,2026-08-26,unscheduled_macro,KXFED-27MAR-T2.50,macro_bucket,0.044,,2026-08-26,0
nvda_earnings,2026-08-26,unscheduled_macro,KXFED-27MAR-T2.00,macro_bucket,0.044,,2026-08-26,0
nvda_earnings,2026-08-26,unscheduled_macro,KXFED-27JAN-T2.00,macro_bucket,0.044,,2026-08-26,0
nvda_earnings,2026-08-26,unscheduled_macro,KXFED-27JAN-T1.75,macro_bucket,0.044,,2026-08-26,0
nvda_earnings,2026-08-26,unscheduled_macro,KXFED-26DEC-T4.50,macro_bucket,0.044,,2026-08-26,0
nvda_earnings,2026-08-26,unscheduled_macro,KXFED-26DEC-T4.25,macro_bucket,0.044,,2026-08-26,0
nvda_earnings,2026-08-26,unscheduled_macro,KXFED-26DEC-T4.00,macro_bucket,0.044,,2026-08-26,0
nvda_earnings,2026-08-26,unscheduled_macro,KXFED-26OCT-T3.00,macro_bucket,0.044,,2026-08-26,0
nvda_earnings,2026-08-26,unscheduled_macro,KXFED-26JUL-T5.25,macro_bucket,0.044,,2026-08-26,0
nvda_earnings,2026-08-26,unscheduled_macro,KXFED-26JUL-T4.50,macro_bucket,0.044,,2026-08-26,0
nvda_earnings,2026-08-26,unscheduled_macro,KXFED-26JUL-T4.25,macro_bucket,0.044,,2026-08-26,0
nvda_earnings,2026-08-26,unscheduled_macro,KXCPI-26AUG-T0.9,macro_bucket,0.044,5,2026-08-26,0
nvda_earnings,2026-08-26,unscheduled_macro,KXCPI-26NOV-T0.0,macro_bucket,0.044,4,2026-08-26,0
nvda_earnings,2026-08-26,unscheduled_macro,KXCPI-26OCT-T0.2,macro_bucket,0.044,2,2026-08-26,0
nvda_earnings,2026-08-26,unscheduled_macro,KXCPI-26OCT-T0.1,macro_bucket,0.044,3,2026-08-26,0
nvda_earnings,2026-08-26,unscheduled_macro,KXCPI-26JUL-T0.3,macro_bucket,0.044,1,2026-08-26,0
nvda_earnings,2026-08-26,unscheduled_macro,KXCPI-26JUL-T0.1,macro_bucket,0.044,3,2026-08-26,0
nvda_earnings,2026-08-26,unscheduled_macro,KXCPI-26JUL-T-0.1,macro_bucket,0.044,5,2026-08-26,0
nvda_earnings,2026-08-26,unscheduled_macro,KXCPI-26JUN-T-0.3,macro_bucket,0.044,7,2026-08-26,0
nvda_earnings,2026-08-26,unscheduled_macro,KXCPI-26JUN-T-0.2,macro_bucket,0.044,6,2026-08-26,0
nvda_earnings,2026-08-26,unscheduled_macro,KXCPI-26JUN-T0.5,macro_bucket,0.044,1,2026-08-26,0
nvda_earnings,2026-08-26,unscheduled_macro,KXCPI-26JUN-T0.4,macro_bucket,0.044,0,2026-08-26,0
nvda_earnings,2026-08-26,unscheduled_macro,KXCPI-26JUN-T0.3,macro_bucket,0.044,1,2026-08-26,0
nvda_earnings,2026-08-26,unscheduled_macro,KXCPI-26JUN-T0.2,macro_bucket,0.044,2,2026-08-26,0
nvda_earnings,2026-08-26,unscheduled_macro,KXCPI-26JUN-T0.1,macro_bucket,0.044,3,2026-08-26,0
nvda_earnings,2026-08-26,unscheduled_macro,KXCPI-26JUN-T-0.1,macro_bucket,0.044,5,2026-08-26,0
nvda_earnings,2026-08-26,unscheduled_macro,KXCPI-26JUN-T0.0,macro_bucket,0.044,4,2026-08-26,0
nvda_earnings,2026-08-26,unscheduled_macro,KXFED-27APR-T4.25,macro_bucket,0.044,,2026-08-26,0
nvda_earnings,2026-08-26,unscheduled_macro,KXFED-27APR-T4.00,macro_bucket,0.044,,2026-08-26,0
nvda_earnings,2026-08-26,unscheduled_macro,KXFED-27APR-T3.50,macro_bucket,0.044,,2026-08-26,0
nvda_earnings,2026-08-26,unscheduled_macro,KXFED-27APR-T3.25,macro_bucket,0.044,,2026-08-26,0
nvda_earnings,2026-08-26,unscheduled_macro,KXFED-27APR-T3.00,macro_bucket,0.044,,2026-08-26,0
nvda_earnings,2026-08-26,unscheduled_macro,KXFED-27APR-T2.75,macro_bucket,0.044,,2026-08-26,0
nvda_earnings,2026-08-26,unscheduled_macro,KXFED-27APR-T2.50,macro_bucket,0.044,,2026-08-26,0
nvda_earnings,2026-08-26,unscheduled_macro,KXFED-27APR-T2.25,macro_bucket,0.044,,2026-08-26,0
nvda_earnings,2026-08-26,unscheduled_macro,KXFED-27APR-T2.00,macro_bucket,0.044,,2026-08-26,0
nvda_earnings,2026-08-26,unscheduled_macro,KXFED-27APR-T1.75,macro_bucket,0.044,,2026-08-26,0
nvda_earnings,2026-08-26,unscheduled_macro,KXFED-27APR-T1.50,macro_bucket,0.044,,2026-08-26,0
nvda_earnings,2026-08-26,unscheduled_macro,KXFED-27APR-T1.25,macro_bucket,0.044,,2026-08-26,0
nvda_earnings,2026-08-26,unscheduled_macro,KXFED-27APR-T1.00,macro_bucket,0.044,,2026-08-26,0
nvda_earnings,2026-08-26,unscheduled_macro,KXFED-27APR-T0.75,macro_bucket,0.044,,2026-08-26,0
nvda_earnings,2026-08-26,unscheduled_macro,KXFED-27APR-T0.50,macro_bucket,0.044,,2026-08-26,0
nvda_earnings,2026-08-26,unscheduled_macro,KXFED-27APR-T0.25,macro_bucket,0.044,,2026-08-26,0
nvda_earnings,2026-08-26,unscheduled_macro,KXFED-27APR-T0.00,macro_bucket,0.044,,2026-08-26,0
nvda_earnings,2026-08-26,unscheduled_macro,KXFED-27MAR-T4.25,macro_bucket,0.044,,2026-08-26,0
nvda_earnings,2026-08-26,unscheduled_macro,KXFED-27MAR-T4.00,macro_bucket,0.044,,2026-08-26,0
nvda_earnings,2026-08-26,unscheduled_macro,KXFED-27MAR-T3.25,macro_bucket,0.044,,2026-08-26,0
nvda_earnings,2026-08-26,unscheduled_macro,KXFED-27MAR-T2.25,macro_bucket,0.044,,2026-08-26,0
nvda_earnings,2026-08-26,unscheduled_macro,KXFED-27MAR-T1.75,macro_bucket,0.044,,2026-08-26,0
nvda_earnings,2026-08-26,unscheduled_macro,KXFED-27MAR-T1.50,macro_bucket,0.044,,2026-08-26,0
nvda_earnings,2026-08-26,unscheduled_macro,KXFED-27MAR-T1.25,macro_bucket,0.044,,2026-08-26,0
nvda_earnings,2026-08-26,unscheduled_macro,KXFED-27MAR-T1.00,macro_bucket,0.044,,2026-08-26,0
nvda_earnings,2026-08-26,unscheduled_macro,KXFED-27MAR-T0.75,macro_bucket,0.044,,2026-08-26,0
nvda_earnings,2026-08-26,unscheduled_macro,KXFED-27MAR-T0.50,macro_bucket,0.044,,2026-08-26,0
nvda_earnings,2026-08-26,unscheduled_macro,KXFED-27MAR-T0.25,macro_bucket,0.044,,2026-08-26,0
nvda_earnings,2026-08-26,unscheduled_macro,KXFED-27MAR-T0.00,macro_bucket,0.044,,2026-08-26,0
nvda_earnings,2026-08-26,unscheduled_macro,KXFED-27JAN-T4.25,macro_bucket,0.044,,2026-08-26,0
nvda_earnings,2026-08-26,unscheduled_macro,KXFED-27JAN-T4.00,macro_bucket,0.044,,2026-08-26,0
nvda_earnings,2026-08-26,unscheduled_macro,KXFED-27JAN-T3.75,macro_bucket,0.044,,2026-08-26,0
nvda_earnings,2026-08-26,unscheduled_macro,KXFED-27JAN-T3.50,macro_bucket,0.044,,2026-08-26,0
nvda_earnings,2026-08-26,unscheduled_macro,KXFED-27JAN-T3.25,macro_bucket,0.044,,2026-08-26,0
nvda_earnings,2026-08-26,unscheduled_macro,KXFED-27JAN-T3.00,macro_bucket,0.044,,2026-08-26,0
nvda_earnings,2026-08-26,unscheduled_macro,KXFED-27JAN-T2.75,macro_bucket,0.044,,2026-08-26,0
nvda_earnings,2026-08-26,unscheduled_macro,KXFED-27JAN-T2.50,macro_bucket,0.044,,2026-08-26,0
nvda_earnings,2026-08-26,unscheduled_macro,KXFED-27JAN-T2.25,macro_bucket,0.044,,2026-08-26,0
nvda_earnings,2026-08-26,unscheduled_macro,KXFED-27JAN-T1.50,macro_bucket,0.044,,2026-08-26,0
nvda_earnings,2026-08-26,unscheduled_macro,KXFED-27JAN-T1.25,macro_bucket,0.044,,2026-08-26,0
nvda_earnings,2026-08-26,unscheduled_macro,KXFED-27JAN-T1.00,macro_bucket,0.044,,2026-08-26,0
nvda_earnings,2026-08-26,unscheduled_macro,KXFED-27JAN-T0.75,macro_bucket,0.044,,2026-08-26,0
nvda_earnings,2026-08-26,unscheduled_macro,KXFED-27JAN-T0.50,macro_bucket,0.044,,2026-08-26,0
nvda_earnings,2026-08-26,unscheduled_macro,KXFED-27JAN-T0.25,macro_bucket,0.044,,2026-08-26,0
nvda_earnings,2026-08-26,unscheduled_macro,KXFED-27JAN-T0.00,macro_bucket,0.044,,2026-08-26,0
nvda_earnings,2026-08-26,unscheduled_macro,KXFED-26DEC-T5.25,macro_bucket,0.044,,2026-08-26,0
nvda_earnings,2026-08-26,unscheduled_macro,KXFED-26DEC-T5.00,macro_bucket,0.044,,2026-08-26,0
nvda_earnings,2026-08-26,unscheduled_macro,KXFED-26DEC-T4.75,macro_bucket,0.044,,2026-08-26,0
nvda_earnings,2026-08-26,unscheduled_macro,KXFED-26DEC-T3.75,macro_bucket,0.044,,2026-08-26,0
nvda_earnings,2026-08-26,unscheduled_macro,KXFED-26DEC-T3.50,macro_bucket,0.044,,2026-08-26,0
nvda_earnings,2026-08-26,unscheduled_macro,KXFED-26DEC-T3.25,macro_bucket,0.044,,2026-08-26,0
nvda_earnings,2026-08-26,unscheduled_macro,KXFED-26DEC-T3.00,macro_bucket,0.044,,2026-08-26,0
nvda_earnings,2026-08-26,unscheduled_macro,KXFED-26DEC-T2.75,macro_bucket,0.044,,2026-08-26,0
nvda_earnings,2026-08-26,unscheduled_macro,KXFED-26OCT-T5.25,macro_bucket,0.044,,2026-08-26,0
nvda_earnings,2026-08-26,unscheduled_macro,KXFED-26OCT-T5.00,macro_bucket,0.044,,2026-08-26,0
nvda_earnings,2026-08-26,unscheduled_macro,KXFED-26OCT-T4.75,macro_bucket,0.044,,2026-08-26,0
nvda_earnings,2026-08-26,unscheduled_macro,KXFED-26OCT-T4.50,macro_bucket,0.044,,2026-08-26,0
nvda_earnings,2026-08-26,unscheduled_macro,KXFED-26OCT-T4.25,macro_bucket,0.044,,2026-08-26,0
nvda_earnings,2026-08-26,unscheduled_macro,KXFED-26OCT-T4.00,macro_bucket,0.044,,2026-08-26,0
nvda_earnings,2026-08-26,unscheduled_macro,KXFED-26OCT-T3.75,macro_bucket,0.044,,2026-08-26,0
nvda_earnings,2026-08-26,unscheduled_macro,KXFED-26OCT-T3.50,macro_bucket,0.044,,2026-08-26,0
nvda_earnings,2026-08-26,unscheduled_macro,KXFED-26OCT-T3.25,macro_bucket,0.044,,2026-08-26,0
nvda_earnings,2026-08-26,unscheduled_macro,KXFED-26OCT-T2.75,macro_bucket,0.044,,2026-08-26,0
nvda_earnings,2026-08-26,unscheduled_macro,KXFED-26SEP-T5.25,macro_bucket,0.044,,2026-08-26,0
nvda_earnings,2026-08-26,unscheduled_macro,KXFED-26SEP-T5.00,macro_bucket,0.044,,2026-08-26,0
nvda_earnings,2026-08-26,unscheduled_macro,KXFED-26SEP-T4.75,macro_bucket,0.044,,2026-08-26,0
nvda_earnings,2026-08-26,unscheduled_macro,KXFED-26SEP-T4.50,macro_bucket,0.044,,2026-08-26,0
nvda_earnings,2026-08-26,unscheduled_macro,KXFED-26SEP-T4.25,macro_bucket,0.044,,2026-08-26,0
nvda_earnings,2026-08-26,unscheduled_macro,KXFED-26SEP-T4.00,macro_bucket,0.044,,2026-08-26,0
nvda_earnings,2026-08-26,unscheduled_macro,KXFED-26SEP-T3.75,macro_bucket,0.044,,2026-08-26,0
nvda_earnings,2026-08-26,unscheduled_macro,KXFED-26SEP-T3.50,macro_bucket,0.044,,2026-08-26,0
nvda_earnings,2026-08-26,unscheduled_macro,KXFED-26SEP-T3.25,macro_bucket,0.044,,2026-08-26,0
nvda_earnings,2026-08-26,unscheduled_macro,KXFED-26SEP-T3.00,macro_bucket,0.044,,2026-08-26,0
nvda_earnings,2026-08-26,unscheduled_macro,KXFED-26SEP-T2.75,macro_bucket,0.044,,2026-08-26,0
nvda_earnings,2026-08-26,unscheduled_macro,KXFED-26JUL-T5.00,macro_bucket,0.044,,2026-08-26,0
nvda_earnings,2026-08-26,unscheduled_macro,KXFED-26JUL-T4.75,macro_bucket,0.044,,2026-08-26,0
nvda_earnings,2026-08-26,unscheduled_macro,KXFED-26JUL-T4.00,macro_bucket,0.044,,2026-08-26,0
nvda_earnings,2026-08-26,unscheduled_macro,KXFED-26JUL-T3.75,macro_bucket,0.044,,2026-08-26,0
nvda_earnings,2026-08-26,unscheduled_macro,KXFED-26JUL-T3.50,macro_bucket,0.044,,2026-08-26,0
nvda_earnings,2026-08-26,unscheduled_macro,KXFED-26JUL-T3.25,macro_bucket,0.044,,2026-08-26,0
nvda_earnings,2026-08-26,unscheduled_macro,KXFED-26JUL-T3.00,macro_bucket,0.044,,2026-08-26,0
nvda_earnings,2026-08-26,unscheduled_macro,KXFED-26JUL-T2.75,macro_bucket,0.044,,2026-08-26,0
nvda_earnings,2026-08-26,unscheduled_macro,KXCPI-26AUG-T1.0,macro_bucket,0.044,6,2026-08-26,0
nvda_earnings,2026-08-26,unscheduled_macro,KXCPI-26AUG-T0.8,macro_bucket,0.044,4,2026-08-26,0
nvda_earnings,2026-08-26,unscheduled_macro,KXCPI-26AUG-T0.7,macro_bucket,0.044,3,2026-08-26,0
nvda_earnings,2026-08-26,unscheduled_macro,KXCPI-26AUG-T0.6,macro_bucket,0.044,2,2026-08-26,0
nvda_earnings,2026-08-26,unscheduled_macro,KXCPI-26SEP-T0.6,macro_bucket,0.044,2,2026-08-26,0
nvda_earnings,2026-08-26,unscheduled_macro,KXCPI-26SEP-T-0.4,macro_bucket,0.044,8,2026-08-26,0
nvda_earnings,2026-08-26,unscheduled_macro,KXCPI-26SEP-T-0.3,macro_bucket,0.044,7,2026-08-26,0
nvda_earnings,2026-08-26,unscheduled_macro,KXCPI-26SEP-T-0.2,macro_bucket,0.044,6,2026-08-26,0
nvda_earnings,2026-08-26,unscheduled_macro,KXCPI-26AUG-T-0.4,macro_bucket,0.044,8,2026-08-26,0
nvda_earnings,2026-08-26,unscheduled_macro,KXCPI-26AUG-T-0.3,macro_bucket,0.044,7,2026-08-26,0
nvda_earnings,2026-08-26,unscheduled_macro,KXCPI-26AUG-T-0.2,macro_bucket,0.044,6,2026-08-26,0
nvda_earnings,2026-08-26,unscheduled_macro,KXCPI-26JUL-T-0.4,macro_bucket,0.044,8,2026-08-26,0
nvda_earnings,2026-08-26,unscheduled_macro,KXCPI-26JUL-T-0.3,macro_bucket,0.044,7,2026-08-26,0
nvda_earnings,2026-08-26,unscheduled_macro,KXCPI-26JUL-T-0.2,macro_bucket,0.044,6,2026-08-26,0
nvda_earnings,2026-08-26,unscheduled_macro,KXCPI-26NOV-T0.5,macro_bucket,0.044,1,2026-08-26,0
nvda_earnings,2026-08-26,unscheduled_macro,KXCPI-26NOV-T0.4,macro_bucket,0.044,0,2026-08-26,0
nvda_earnings,2026-08-26,unscheduled_macro,KXCPI-26NOV-T0.3,macro_bucket,0.044,1,2026-08-26,0
nvda_earnings,2026-08-26,unscheduled_macro,KXCPI-26NOV-T0.2,macro_bucket,0.044,2,2026-08-26,0
nvda_earnings,2026-08-26,unscheduled_macro,KXCPI-26NOV-T0.1,macro_bucket,0.044,3,2026-08-26,0
nvda_earnings,2026-08-26,unscheduled_macro,KXCPI-26NOV-T-0.1,macro_bucket,0.044,5,2026-08-26,0
nvda_earnings,2026-08-26,unscheduled_macro,KXCPI-26OCT-T0.5,macro_bucket,0.044,1,2026-08-26,0
nvda_earnings,2026-08-26,unscheduled_macro,KXCPI-26OCT-T0.4,macro_bucket,0.044,0,2026-08-26,0
nvda_earnings,2026-08-26,unscheduled_macro,KXCPI-26OCT-T0.3,macro_bucket,0.044,1,2026-08-26,0
nvda_earnings,2026-08-26,unscheduled_macro,KXCPI-26OCT-T-0.1,macro_bucket,0.044,5,2026-08-26,0
nvda_earnings,2026-08-26,unscheduled_macro,KXCPI-26OCT-T0.0,macro_bucket,0.044,4,2026-08-26,0
nvda_earnings,2026-08-26,unscheduled_macro,KXCPI-26SEP-T0.5,macro_bucket,0.044,1,2026-08-26,0
nvda_earnings,2026-08-26,unscheduled_macro,KXCPI-26SEP-T0.4,macro_bucket,0.044,0,2026-08-26,0
nvda_earnings,2026-08-26,unscheduled_macro,KXCPI-26SEP-T0.3,macro_bucket,0.044,1,2026-08-26,0
nvda_earnings,2026-08-26,unscheduled_macro,KXCPI-26SEP-T0.2,macro_bucket,0.044,2,2026-08-26,0
nvda_earnings,2026-08-26,unscheduled_macro,KXCPI-26SEP-T0.1,macro_bucket,0.044,3,2026-08-26,0
nvda_earnings,2026-08-26,unscheduled_macro,KXCPI-26SEP-T-0.1,macro_bucket,0.044,5,2026-08-26,0
nvda_earnings,2026-08-26,unscheduled_macro,KXCPI-26SEP-T0.0,macro_bucket,0.044,4,2026-08-26,0
nvda_earnings,2026-08-26,unscheduled_macro,KXCPI-26AUG-T0.5,macro_bucket,0.044,1,2026-08-26,0
nvda_earnings,2026-08-26,unscheduled_macro,KXCPI-26AUG-T0.4,macro_bucket,0.044,0,2026-08-26,0
nvda_earnings,2026-08-26,unscheduled_macro,KXCPI-26AUG-T0.3,macro_bucket,0.044,1,2026-08-26,0
nvda_earnings,2026-08-26,unscheduled_macro,KXCPI-26AUG-T0.2,macro_bucket,0.044,2,2026-08-26,0
nvda_earnings,2026-08-26,unscheduled_macro,KXCPI-26AUG-T0.1,macro_bucket,0.044,3,2026-08-26,0
nvda_earnings,2026-08-26,unscheduled_macro,KXCPI-26AUG-T-0.1,macro_bucket,0.044,5,2026-08-26,0
nvda_earnings,2026-08-26,unscheduled_macro,KXCPI-26AUG-T0.0,macro_bucket,0.044,4,2026-08-26,0
nvda_earnings,2026-08-26,unscheduled_macro,KXCPI-26JUL-T0.5,macro_bucket,0.044,1,2026-08-26,0
nvda_earnings,2026-08-26,unscheduled_macro,KXCPI-26JUL-T0.4,macro_bucket,0.044,0,2026-08-26,0
nvda_earnings,2026-08-26,unscheduled_macro,KXCPI-26JUL-T0.2,macro_bucket,0.044,2,2026-08-26,0
nvda_earnings,2026-08-26,unscheduled_macro,KXCPI-26JUL-T0.0,macro_bucket,0.044,4,2026-08-26,0
fomc_sep_hike,2026-09-16T18:00:00Z,scheduled_macro,KXFED-27APR-T6.00,macro_bucket,0,8,2026-09-16T18:00:00Z,0
fomc_sep_hike,2026-09-16T18:00:00Z,scheduled_macro,KXFED-27APR-T5.75,macro_bucket,0,7,2026-09-16T18:00:00Z,0
fomc_sep_hike,2026-09-16T18:00:00Z,scheduled_macro,KXFED-27APR-T5.50,macro_bucket,0,6,2026-09-16T18:00:00Z,0
fomc_sep_hike,2026-09-16T18:00:00Z,scheduled_macro,KXFED-27APR-T5.25,macro_bucket,0,5,2026-09-16T18:00:00Z,0
fomc_sep_hike,2026-09-16T18:00:00Z,scheduled_macro,KXFED-27APR-T5.00,macro_bucket,0,4,2026-09-16T18:00:00Z,0
fomc_sep_hike,2026-09-16T18:00:00Z,scheduled_macro,KXFED-27APR-T4.75,macro_bucket,0,3,2026-09-16T18:00:00Z,0
fomc_sep_hike,2026-09-16T18:00:00Z,scheduled_macro,KXFED-27APR-T4.50,macro_bucket,0,2,2026-09-16T18:00:00Z,0
fomc_sep_hike,2026-09-16T18:00:00Z,scheduled_macro,KXFED-27MAR-T5.75,macro_bucket,0,7,2026-09-16T18:00:00Z,0
fomc_sep_hike,2026-09-16T18:00:00Z,scheduled_macro,KXFED-27MAR-T5.50,macro_bucket,0,6,2026-09-16T18:00:00Z,0
fomc_sep_hike,2026-09-16T18:00:00Z,scheduled_macro,KXFED-27MAR-T5.25,macro_bucket,0,5,2026-09-16T18:00:00Z,0
fomc_sep_hike,2026-09-16T18:00:00Z,scheduled_macro,KXFED-27MAR-T5.00,macro_bucket,0,4,2026-09-16T18:00:00Z,0
fomc_sep_hike,2026-09-16T18:00:00Z,scheduled_macro,KXFED-27MAR-T4.75,macro_bucket,0,3,2026-09-16T18:00:00Z,0
fomc_sep_hike,2026-09-16T18:00:00Z,scheduled_macro,KXFED-27MAR-T4.50,macro_bucket,0,2,2026-09-16T18:00:00Z,0
fomc_sep_hike,2026-09-16T18:00:00Z,scheduled_macro,KXFED-27JAN-T5.75,macro_bucket,0,7,2026-09-16T18:00:00Z,0
fomc_sep_hike,2026-09-16T18:00:00Z,scheduled_macro,KXFED-27JAN-T5.50,macro_bucket,0,6,2026-09-16T18:00:00Z,0
fomc_sep_hike,2026-09-16T18:00:00Z,scheduled_macro,KXFED-27JAN-T5.25,macro_bucket,0,5,2026-09-16T18:00:00Z,0
fomc_sep_hike,2026-09-16T18:00:00Z,scheduled_macro,KXFED-27JAN-T5.00,macro_bucket,0,4,2026-09-16T18:00:00Z,0
fomc_sep_hike,2026-09-16T18:00:00Z,scheduled_macro,KXFED-27JAN-T4.75,macro_bucket,0,3,2026-09-16T18:00:00Z,0
fomc_sep_hike,2026-09-16T18:00:00Z,scheduled_macro,KXFED-27JAN-T4.50,macro_bucket,0,2,2026-09-16T18:00:00Z,0
fomc_sep_hike,2026-09-16T18:00:00Z,scheduled_macro,KXFED-28JAN-T6.00,macro_bucket,0,8,2026-09-16T18:00:00Z,0
fomc_sep_hike,2026-09-16T18:00:00Z,scheduled_macro,KXFED-28JAN-T5.75,macro_bucket,0,7,2026-09-16T18:00:00Z,0
fomc_sep_hike,2026-09-16T18:00:00Z,scheduled_macro,KXFED-28JAN-T5.50,macro_bucket,0,6,2026-09-16T18:00:00Z,0
fomc_sep_hike,2026-09-16T18:00:00Z,scheduled_macro,KXFED-28JAN-T5.25,macro_bucket,0,5,2026-09-16T18:00:00Z,0
fomc_sep_hike,2026-09-16T18:00:00Z,scheduled_macro,KXFED-28JAN-T5.00,macro_bucket,0,4,2026-09-16T18:00:00Z,0
fomc_sep_hike,2026-09-16T18:00:00Z,scheduled_macro,KXFED-28JAN-T4.75,macro_bucket,0,3,2026-09-16T18:00:00Z,0
fomc_sep_hike,2026-09-16T18:00:00Z,scheduled_macro,KXFED-28JAN-T4.50,macro_bucket,0,2,2026-09-16T18:00:00Z,0
fomc_sep_hike,2026-09-16T18:00:00Z,scheduled_macro,KXFED-28JAN-T4.25,macro_bucket,0,1,2026-09-16T18:00:00Z,0
fomc_sep_hike,2026-09-16T18:00:00Z,scheduled_macro,KXFED-28JAN-T4.00,macro_bucket,0,0,2026-09-16T18:00:00Z,0
fomc_sep_hike,2026-09-16T18:00:00Z,scheduled_macro,KXFED-28JAN-T3.75,macro_bucket,0,1,2026-09-16T18:00:00Z,0
fomc_sep_hike,2026-09-16T18:00:00Z,scheduled_macro,KXFED-28JAN-T3.50,macro_bucket,0,2,2026-09-16T18:00:00Z,0
fomc_sep_hike,2026-09-16T18:00:00Z,scheduled_macro,KXFED-28JAN-T3.25,macro_bucket,0,3,2026-09-16T18:00:00Z,0
fomc_sep_hike,2026-09-16T18:00:00Z,scheduled_macro,KXFED-28JAN-T3.00,macro_bucket,0,4,2026-09-16T18:00:00Z,0
fomc_sep_hike,2026-09-16T18:00:00Z,scheduled_macro,KXFED-28JAN-T2.75,macro_bucket,0,5,2026-09-16T18:00:00Z,0
fomc_sep_hike,2026-09-16T18:00:00Z,scheduled_macro,KXFED-28JAN-T2.50,macro_bucket,0,6,2026-09-16T18:00:00Z,0
fomc_sep_hike,2026-09-16T18:00:00Z,scheduled_macro,KXFED-28JAN-T2.25,macro_bucket,0,7,2026-09-16T18:00:00Z,0
fomc_sep_hike,2026-09-16T18:00:00Z,scheduled_macro,KXFED-28JAN-T2.00,macro_bucket,0,8,2026-09-16T18:00:00Z,0
fomc_sep_hike,2026-09-16T18:00:00Z,scheduled_macro,KXFED-28JAN-T1.25,macro_bucket,0,11,2026-09-16T18:00:00Z,0
fomc_sep_hike,2026-09-16T18:00:00Z,scheduled_macro,KXFED-28JAN-T1.00,macro_bucket,0,12,2026-09-16T18:00:00Z,0
fomc_sep_hike,2026-09-16T18:00:00Z,scheduled_macro,KXFED-28JAN-T0.75,macro_bucket,0,13,2026-09-16T18:00:00Z,0
fomc_sep_hike,2026-09-16T18:00:00Z,scheduled_macro,KXFED-28JAN-T0.50,macro_bucket,0,14,2026-09-16T18:00:00Z,0
fomc_sep_hike,2026-09-16T18:00:00Z,scheduled_macro,KXFED-28JAN-T0.00,macro_bucket,0,16,2026-09-16T18:00:00Z,0
fomc_sep_hike,2026-09-16T18:00:00Z,scheduled_macro,KXFED-27DEC-T6.00,macro_bucket,0,8,2026-09-16T18:00:00Z,0
fomc_sep_hike,2026-09-16T18:00:00Z,scheduled_macro,KXFED-27DEC-T5.75,macro_bucket,0,7,2026-09-16T18:00:00Z,0
fomc_sep_hike,2026-09-16T18:00:00Z,scheduled_macro,KXFED-27DEC-T5.25,macro_bucket,0,5,2026-09-16T18:00:00Z,0
fomc_sep_hike,2026-09-16T18:00:00Z,scheduled_macro,KXFED-27DEC-T5.00,macro_bucket,0,4,2026-09-16T18:00:00Z,0
fomc_sep_hike,2026-09-16T18:00:00Z,scheduled_macro,KXFED-27DEC-T4.75,macro_bucket,0,3,2026-09-16T18:00:00Z,0
fomc_sep_hike,2026-09-16T18:00:00Z,scheduled_macro,KXFED-27DEC-T4.50,macro_bucket,0,2,2026-09-16T18:00:00Z,0
fomc_sep_hike,2026-09-16T18:00:00Z,scheduled_macro,KXFED-27DEC-T4.00,macro_bucket,0,0,2026-09-16T18:00:00Z,0
fomc_sep_hike,2026-09-16T18:00:00Z,scheduled_macro,KXFED-27DEC-T3.75,macro_bucket,0,1,2026-09-16T18:00:00Z,0
fomc_sep_hike,2026-09-16T18:00:00Z,scheduled_macro,KXFED-27DEC-T3.25,macro_bucket,0,3,2026-09-16T18:00:00Z,0
fomc_sep_hike,2026-09-16T18:00:00Z,scheduled_macro,KXFED-27DEC-T3.00,macro_bucket,0,4,2026-09-16T18:00:00Z,0
fomc_sep_hike,2026-09-16T18:00:00Z,scheduled_macro,KXFED-27DEC-T2.75,macro_bucket,0,5,2026-09-16T18:00:00Z,0
fomc_sep_hike,2026-09-16T18:00:00Z,scheduled_macro,KXFED-27DEC-T2.50,macro_bucket,0,6,2026-09-16T18:00:00Z,0
fomc_sep_hike,2026-09-16T18:00:00Z,scheduled_macro,KXFED-27DEC-T2.25,macro_bucket,0,7,2026-09-16T18:00:00Z,0
fomc_sep_hike,2026-09-16T18:00:00Z,scheduled_macro,KXFED-27DEC-T1.50,macro_bucket,0,10,2026-09-16T18:00:00Z,0
fomc_sep_hike,2026-09-16T18:00:00Z,scheduled_macro,KXFED-27DEC-T1.25,macro_bucket,0,11,2026-09-16T18:00:00Z,0
fomc_sep_hike,2026-09-16T18:00:00Z,scheduled_macro,KXFED-27DEC-T1.00,macro_bucket,0,12,2026-09-16T18:00:00Z,0
fomc_sep_hike,2026-09-16T18:00:00Z,scheduled_macro,KXFED-27DEC-T0.75,macro_bucket,0,13,2026-09-16T18:00:00Z,0
fomc_sep_hike,2026-09-16T18:00:00Z,scheduled_macro,KXFED-27DEC-T0.50,macro_bucket,0,14,2026-09-16T18:00:00Z,0
fomc_sep_hike,2026-09-16T18:00:00Z,scheduled_macro,KXFED-27DEC-T0.25,macro_bucket,0,15,2026-09-16T18:00:00Z,0
fomc_sep_hike,2026-09-16T18:00:00Z,scheduled_macro,KXFED-27DEC-T0.00,macro_bucket,0,16,2026-09-16T18:00:00Z,0
fomc_sep_hike,2026-09-16T18:00:00Z,scheduled_macro,KXFED-27OCT-T5.75,macro_bucket,0,7,2026-09-16T18:00:00Z,0
fomc_sep_hike,2026-09-16T18:00:00Z,scheduled_macro,KXFED-27OCT-T5.50,macro_bucket,0,6,2026-09-16T18:00:00Z,0
fomc_sep_hike,2026-09-16T18:00:00Z,scheduled_macro,KXFED-27OCT-T5.25,macro_bucket,0,5,2026-09-16T18:00:00Z,0
fomc_sep_hike,2026-09-16T18:00:00Z,scheduled_macro,KXFED-27OCT-T5.00,macro_bucket,0,4,2026-09-16T18:00:00Z,0
fomc_sep_hike,2026-09-16T18:00:00Z,scheduled_macro,KXFED-27OCT-T4.75,macro_bucket,0,3,2026-09-16T18:00:00Z,0
fomc_sep_hike,2026-09-16T18:00:00Z,scheduled_macro,KXFED-27OCT-T4.50,macro_bucket,0,2,2026-09-16T18:00:00Z,0
fomc_sep_hike,2026-09-16T18:00:00Z,scheduled_macro,KXFED-27OCT-T4.25,macro_bucket,0,1,2026-09-16T18:00:00Z,0
fomc_sep_hike,2026-09-16T18:00:00Z,scheduled_macro,KXFED-27OCT-T4.00,macro_bucket,0,0,2026-09-16T18:00:00Z,0
fomc_sep_hike,2026-09-16T18:00:00Z,scheduled_macro,KXFED-27OCT-T3.50,macro_bucket,0,2,2026-09-16T18:00:00Z,0
fomc_sep_hike,2026-09-16T18:00:00Z,scheduled_macro,KXFED-27OCT-T3.25,macro_bucket,0,3,2026-09-16T18:00:00Z,0
fomc_sep_hike,2026-09-16T18:00:00Z,scheduled_macro,KXFED-27OCT-T3.00,macro_bucket,0,4,2026-09-16T18:00:00Z,0
fomc_sep_hike,2026-09-16T18:00:00Z,scheduled_macro,KXFED-27OCT-T2.75,macro_bucket,0,5,2026-09-16T18:00:00Z,0
fomc_sep_hike,2026-09-16T18:00:00Z,scheduled_macro,KXFED-27OCT-T2.50,macro_bucket,0,6,2026-09-16T18:00:00Z,0
fomc_sep_hike,2026-09-16T18:00:00Z,scheduled_macro,KXFED-27OCT-T2.25,macro_bucket,0,7,2026-09-16T18:00:00Z,0
fomc_sep_hike,2026-09-16T18:00:00Z,scheduled_macro,KXFED-27OCT-T2.00,macro_bucket,0,8,2026-09-16T18:00:00Z,0
fomc_sep_hike,2026-09-16T18:00:00Z,scheduled_macro,KXFED-27OCT-T1.75,macro_bucket,0,9,2026-09-16T18:00:00Z,0
fomc_sep_hike,2026-09-16T18:00:00Z,scheduled_macro,KXFED-27OCT-T1.50,macro_bucket,0,10,2026-09-16T18:00:00Z,0
fomc_sep_hike,2026-09-16T18:00:00Z,scheduled_macro,KXFED-27OCT-T1.25,macro_bucket,0,11,2026-09-16T18:00:00Z,0
fomc_sep_hike,2026-09-16T18:00:00Z,scheduled_macro,KXFED-27OCT-T1.00,macro_bucket,0,12,2026-09-16T18:00:00Z,0
fomc_sep_hike,2026-09-16T18:00:00Z,scheduled_macro,KXFED-27OCT-T0.75,macro_bucket,0,13,2026-09-16T18:00:00Z,0
fomc_sep_hike,2026-09-16T18:00:00Z,scheduled_macro,KXFED-27OCT-T0.50,macro_bucket,0,14,2026-09-16T18:00:00Z,0
fomc_sep_hike,2026-09-16T18:00:00Z,scheduled_macro,KXFED-27OCT-T0.25,macro_bucket,0,15,2026-09-16T18:00:00Z,0
fomc_sep_hike,2026-09-16T18:00:00Z,scheduled_macro,KXFED-27OCT-T0.00,macro_bucket,0,16,2026-09-16T18:00:00Z,0
fomc_sep_hike,2026-09-16T18:00:00Z,scheduled_macro,KXFED-27SEP-T6.00,macro_bucket,0,8,2026-09-16T18:00:00Z,0
fomc_sep_hike,2026-09-16T18:00:00Z,scheduled_macro,KXFED-27SEP-T5.75,macro_bucket,0,7,2026-09-16T18:00:00Z,0
fomc_sep_hike,2026-09-16T18:00:00Z,scheduled_macro,KXFED-27SEP-T5.50,macro_bucket,0,6,2026-09-16T18:00:00Z,0
fomc_sep_hike,2026-09-16T18:00:00Z,scheduled_macro,KXFED-27SEP-T5.25,macro_bucket,0,5,2026-09-16T18:00:00Z,0
fomc_sep_hike,2026-09-16T18:00:00Z,scheduled_macro,KXFED-27SEP-T5.00,macro_bucket,0,4,2026-09-16T18:00:00Z,0
fomc_sep_hike,2026-09-16T18:00:00Z,scheduled_macro,KXFED-27SEP-T4.25,macro_bucket,0,1,2026-09-16T18:00:00Z,0
fomc_sep_hike,2026-09-16T18:00:00Z,scheduled_macro,KXFED-27SEP-T4.00,macro_bucket,0,0,2026-09-16T18:00:00Z,0
fomc_sep_hike,2026-09-16T18:00:00Z,scheduled_macro,KXFED-27SEP-T3.75,macro_bucket,0,1,2026-09-16T18:00:00Z,0
fomc_sep_hike,2026-09-16T18:00:00Z,scheduled_macro,KXFED-27SEP-T3.50,macro_bucket,0,2,2026-09-16T18:00:00Z,0
fomc_sep_hike,2026-09-16T18:00:00Z,scheduled_macro,KXFED-27SEP-T3.25,macro_bucket,0,3,2026-09-16T18:00:00Z,0
fomc_sep_hike,2026-09-16T18:00:00Z,scheduled_macro,KXFED-27SEP-T3.00,macro_bucket,0,4,2026-09-16T18:00:00Z,0
fomc_sep_hike,2026-09-16T18:00:00Z,scheduled_macro,KXFED-27SEP-T2.75,macro_bucket,0,5,2026-09-16T18:00:00Z,0
fomc_sep_hike,2026-09-16T18:00:00Z,scheduled_macro,KXFED-27SEP-T2.50,macro_bucket,0,6,2026-09-16T18:00:00Z,0
fomc_sep_hike,2026-09-16T18:00:00Z,scheduled_macro,KXFED-27SEP-T2.25,macro_bucket,0,7,2026-09-16T18:00:00Z,0
fomc_sep_hike,2026-09-16T18:00:00Z,scheduled_macro,KXFED-27SEP-T2.00,macro_bucket,0,8,2026-09-16T18:00:00Z,0
fomc_sep_hike,2026-09-16T18:00:00Z,scheduled_macro,KXFED-27SEP-T1.75,macro_bucket,0,9,2026-09-16T18:00:00Z,0
fomc_sep_hike,2026-09-16T18:00:00Z,scheduled_macro,KXFED-27SEP-T1.50,macro_bucket,0,10,2026-09-16T18:00:00Z,0
fomc_sep_hike,2026-09-16T18:00:00Z,scheduled_macro,KXFED-27SEP-T1.25,macro_bucket,0,11,2026-09-16T18:00:00Z,0
fomc_sep_hike,2026-09-16T18:00:00Z,scheduled_macro,KXFED-27SEP-T1.00,macro_bucket,0,12,2026-09-16T18:00:00Z,0
fomc_sep_hike,2026-09-16T18:00:00Z,scheduled_macro,KXFED-27SEP-T0.75,macro_bucket,0,13,2026-09-16T18:00:00Z,0
fomc_sep_hike,2026-09-16T18:00:00Z,scheduled_macro,KXFED-27SEP-T0.50,macro_bucket,0,14,2026-09-16T18:00:00Z,0
fomc_sep_hike,2026-09-16T18:00:00Z,scheduled_macro,KXFED-27SEP-T0.25,macro_bucket,0,15,2026-09-16T18:00:00Z,0
fomc_sep_hike,2026-09-16T18:00:00Z,scheduled_macro,KXFED-27SEP-T0.00,macro_bucket,0,16,2026-09-16T18:00:00Z,0
fomc_sep_hike,2026-09-16T18:00:00Z,scheduled_macro,KXFED-27JUL-T6.00,macro_bucket,0,8,2026-09-16T18:00:00Z,0
fomc_sep_hike,2026-09-16T18:00:00Z,scheduled_macro,KXFED-27JUL-T5.75,macro_bucket,0,7,2026-09-16T18:00:00Z,0
fomc_sep_hike,2026-09-16T18:00:00Z,scheduled_macro,KXFED-27JUL-T5.50,macro_bucket,0,6,2026-09-16T18:00:00Z,0
fomc_sep_hike,2026-09-16T18:00:00Z,scheduled_macro,KXFED-27JUL-T5.25,macro_bucket,0,5,2026-09-16T18:00:00Z,0
fomc_sep_hike,2026-09-16T18:00:00Z,scheduled_macro,KXFED-27JUL-T5.00,macro_bucket,0,4,2026-09-16T18:00:00Z,0
fomc_sep_hike,2026-09-16T18:00:00Z,scheduled_macro,KXFED-27JUL-T4.75,macro_bucket,0,3,2026-09-16T18:00:00Z,0
fomc_sep_hike,2026-09-16T18:00:00Z,scheduled_macro,KXFED-27JUL-T4.50,macro_bucket,0,2,2026-09-16T18:00:00Z,0
fomc_sep_hike,2026-09-16T18:00:00Z,scheduled_macro,KXFED-27JUL-T4.25,macro_bucket,0,1,2026-09-16T18:00:00Z,0
fomc_sep_hike,2026-09-16T18:00:00Z,scheduled_macro,KXFED-27JUL-T4.00,macro_bucket,0,0,2026-09-16T18:00:00Z,0
fomc_sep_hike,2026-09-16T18:00:00Z,scheduled_macro,KXFED-27JUL-T3.75,macro_bucket,0,1,2026-09-16T18:00:00Z,0
fomc_sep_hike,2026-09-16T18:00:00Z,scheduled_macro,KXFED-27JUL-T3.50,macro_bucket,0,2,2026-09-16T18:00:00Z,0
fomc_sep_hike,2026-09-16T18:00:00Z,scheduled_macro,KXFED-27JUL-T3.25,macro_bucket,0,3,2026-09-16T18:00:00Z,0
fomc_sep_hike,2026-09-16T18:00:00Z,scheduled_macro,KXFED-27JUL-T3.00,macro_bucket,0,4,2026-09-16T18:00:00Z,0
fomc_sep_hike,2026-09-16T18:00:00Z,scheduled_macro,KXFED-27JUL-T2.75,macro_bucket,0,5,2026-09-16T18:00:00Z,0
fomc_sep_hike,2026-09-16T18:00:00Z,scheduled_macro,KXFED-27JUL-T2.50,macro_bucket,0,6,2026-09-16T18:00:00Z,0
fomc_sep_hike,2026-09-16T18:00:00Z,scheduled_macro,KXFED-27JUL-T2.25,macro_bucket,0,7,2026-09-16T18:00:00Z,0
fomc_sep_hike,2026-09-16T18:00:00Z,scheduled_macro,KXFED-27JUL-T2.00,macro_bucket,0,8,2026-09-16T18:00:00Z,0
fomc_sep_hike,2026-09-16T18:00:00Z,scheduled_macro,KXFED-27JUL-T1.75,macro_bucket,0,9,2026-09-16T18:00:00Z,0
fomc_sep_hike,2026-09-16T18:00:00Z,scheduled_macro,KXFED-27JUL-T1.50,macro_bucket,0,10,2026-09-16T18:00:00Z,0
fomc_sep_hike,2026-09-16T18:00:00Z,scheduled_macro,KXFED-27JUL-T1.25,macro_bucket,0,11,2026-09-16T18:00:00Z,0
fomc_sep_hike,2026-09-16T18:00:00Z,scheduled_macro,KXFED-27JUL-T1.00,macro_bucket,0,12,2026-09-16T18:00:00Z,0
fomc_sep_hike,2026-09-16T18:00:00Z,scheduled_macro,KXFED-27JUL-T0.50,macro_bucket,0,14,2026-09-16T18:00:00Z,0
fomc_sep_hike,2026-09-16T18:00:00Z,scheduled_macro,KXFED-27JUL-T0.25,macro_bucket,0,15,2026-09-16T18:00:00Z,0
fomc_sep_hike,2026-09-16T18:00:00Z,scheduled_macro,KXFED-27JUL-T0.00,macro_bucket,0,16,2026-09-16T18:00:00Z,0
fomc_sep_hike,2026-09-16T18:00:00Z,scheduled_macro,KXFED-27JUN-T6.00,macro_bucket,0,8,2026-09-16T18:00:00Z,0
fomc_sep_hike,2026-09-16T18:00:00Z,scheduled_macro,KXFED-27JUN-T5.75,macro_bucket,0,7,2026-09-16T18:00:00Z,0
fomc_sep_hike,2026-09-16T18:00:00Z,scheduled_macro,KXFED-27JUN-T5.50,macro_bucket,0,6,2026-09-16T18:00:00Z,0
fomc_sep_hike,2026-09-16T18:00:00Z,scheduled_macro,KXFED-27JUN-T5.25,macro_bucket,0,5,2026-09-16T18:00:00Z,0
fomc_sep_hike,2026-09-16T18:00:00Z,scheduled_macro,KXFED-27JUN-T5.00,macro_bucket,0,4,2026-09-16T18:00:00Z,0
fomc_sep_hike,2026-09-16T18:00:00Z,scheduled_macro,KXFED-27JUN-T4.75,macro_bucket,0,3,2026-09-16T18:00:00Z,0
fomc_sep_hike,2026-09-16T18:00:00Z,scheduled_macro,KXFED-27JUN-T4.50,macro_bucket,0,2,2026-09-16T18:00:00Z,0
fomc_sep_hike,2026-09-16T18:00:00Z,scheduled_macro,KXFED-27JUN-T4.25,macro_bucket,0,1,2026-09-16T18:00:00Z,0
fomc_sep_hike,2026-09-16T18:00:00Z,scheduled_macro,KXFED-27JUN-T4.00,macro_bucket,0,0,2026-09-16T18:00:00Z,0
fomc_sep_hike,2026-09-16T18:00:00Z,scheduled_macro,KXFED-27JUN-T3.75,macro_bucket,0,1,2026-09-16T18:00:00Z,0
fomc_sep_hike,2026-09-16T18:00:00Z,scheduled_macro,KXFED-27JUN-T3.50,macro_bucket,0,2,2026-09-16T18:00:00Z,0
fomc_sep_hike,2026-09-16T18:00:00Z,scheduled_macro,KXFED-27JUN-T3.00,macro_bucket,0,4,2026-09-16T18:00:00Z,0
fomc_sep_hike,2026-09-16T18:00:00Z,scheduled_macro,KXFED-27JUN-T2.75,macro_bucket,0,5,2026-09-16T18:00:00Z,0
fomc_sep_hike,2026-09-16T18:00:00Z,scheduled_macro,KXFED-27JUN-T2.50,macro_bucket,0,6,2026-09-16T18:00:00Z,0
fomc_sep_hike,2026-09-16T18:00:00Z,scheduled_macro,KXFED-27JUN-T2.25,macro_bucket,0,7,2026-09-16T18:00:00Z,0
fomc_sep_hike,2026-09-16T18:00:00Z,scheduled_macro,KXFED-27JUN-T2.00,macro_bucket,0,8,2026-09-16T18:00:00Z,0
fomc_sep_hike,2026-09-16T18:00:00Z,scheduled_macro,KXFED-27JUN-T1.75,macro_bucket,0,9,2026-09-16T18:00:00Z,0
fomc_sep_hike,2026-09-16T18:00:00Z,scheduled_macro,KXFED-27JUN-T1.50,macro_bucket,0,10,2026-09-16T18:00:00Z,0
fomc_sep_hike,2026-09-16T18:00:00Z,scheduled_macro,KXFED-27JUN-T1.25,macro_bucket,0,11,2026-09-16T18:00:00Z,0
fomc_sep_hike,2026-09-16T18:00:00Z,scheduled_macro,KXFED-27JUN-T1.00,macro_bucket,0,12,2026-09-16T18:00:00Z,0
fomc_sep_hike,2026-09-16T18:00:00Z,scheduled_macro,KXFED-27JUN-T0.75,macro_bucket,0,13,2026-09-16T18:00:00Z,0
fomc_sep_hike,2026-09-16T18:00:00Z,scheduled_macro,KXFED-27JUN-T0.50,macro_bucket,0,14,2026-09-16T18:00:00Z,0
fomc_sep_hike,2026-09-16T18:00:00Z,scheduled_macro,KXFED-27JUN-T0.25,macro_bucket,0,15,2026-09-16T18:00:00Z,0
fomc_sep_hike,2026-09-16T18:00:00Z,scheduled_macro,KXFED-27JUN-T0.00,macro_bucket,0,16,2026-09-16T18:00:00Z,0
fomc_sep_hike,2026-09-16T18:00:00Z,scheduled_macro,KXFED-27APR-T2.25,macro_bucket,0,7,2026-09-16T18:00:00Z,0
fomc_sep_hike,2026-09-16T18:00:00Z,scheduled_macro,KXFED-27MAR-T6.00,macro_bucket,0,8,2026-09-16T18:00:00Z,0
fomc_sep_hike,2026-09-16T18:00:00Z,scheduled_macro,KXFED-27JAN-T6.00,macro_bucket,0,8,2026-09-16T18:00:00Z,0
fomc_sep_hike,2026-09-16T18:00:00Z,scheduled_macro,KXFED-28JAN-T1.75,macro_bucket,0,9,2026-09-16T18:00:00Z,0
fomc_sep_hike,2026-09-16T18:00:00Z,scheduled_macro,KXFED-28JAN-T1.50,macro_bucket,0,10,2026-09-16T18:00:00Z,0
fomc_sep_hike,2026-09-16T18:00:00Z,scheduled_macro,KXFED-28JAN-T0.25,macro_bucket,0,15,2026-09-16T18:00:00Z,0
fomc_sep_hike,2026-09-16T18:00:00Z,scheduled_macro,KXFED-27DEC-T5.50,macro_bucket,0,6,2026-09-16T18:00:00Z,0
fomc_sep_hike,2026-09-16T18:00:00Z,scheduled_macro,KXFED-27DEC-T4.25,macro_bucket,0,1,2026-09-16T18:00:00Z,0
fomc_sep_hike,2026-09-16T18:00:00Z,scheduled_macro,KXFED-27DEC-T3.50,macro_bucket,0,2,2026-09-16T18:00:00Z,0
fomc_sep_hike,2026-09-16T18:00:00Z,scheduled_macro,KXFED-27DEC-T2.00,macro_bucket,0,8,2026-09-16T18:00:00Z,0
fomc_sep_hike,2026-09-16T18:00:00Z,scheduled_macro,KXFED-27DEC-T1.75,macro_bucket,0,9,2026-09-16T18:00:00Z,0
fomc_sep_hike,2026-09-16T18:00:00Z,scheduled_macro,KXFED-27OCT-T6.00,macro_bucket,0,8,2026-09-16T18:00:00Z,0
fomc_sep_hike,2026-09-16T18:00:00Z,scheduled_macro,KXFED-27OCT-T3.75,macro_bucket,0,1,2026-09-16T18:00:00Z,0
fomc_sep_hike,2026-09-16T18:00:00Z,scheduled_macro,KXFED-27SEP-T4.75,macro_bucket,0,3,2026-09-16T18:00:00Z,0
fomc_sep_hike,2026-09-16T18:00:00Z,scheduled_macro,KXFED-27SEP-T4.50,macro_bucket,0,2,2026-09-16T18:00:00Z,0
fomc_sep_hike,2026-09-16T18:00:00Z,scheduled_macro,KXFED-27JUL-T0.75,macro_bucket,0,13,2026-09-16T18:00:00Z,0
fomc_sep_hike,2026-09-16T18:00:00Z,scheduled_macro,KXFED-27JUN-T3.25,macro_bucket,0,3,2026-09-16T18:00:00Z,0
fomc_sep_hike,2026-09-16T18:00:00Z,scheduled_macro,KXFED-27APR-T4.25,macro_bucket,0,1,2026-09-16T18:00:00Z,0
fomc_sep_hike,2026-09-16T18:00:00Z,scheduled_macro,KXFED-27APR-T4.00,macro_bucket,0,0,2026-09-16T18:00:00Z,0
fomc_sep_hike,2026-09-16T18:00:00Z,scheduled_macro,KXFED-27APR-T3.75,macro_bucket,0,1,2026-09-16T18:00:00Z,0
fomc_sep_hike,2026-09-16T18:00:00Z,scheduled_macro,KXFED-27APR-T3.50,macro_bucket,0,2,2026-09-16T18:00:00Z,0
fomc_sep_hike,2026-09-16T18:00:00Z,scheduled_macro,KXFED-27APR-T3.25,macro_bucket,0,3,2026-09-16T18:00:00Z,0
fomc_sep_hike,2026-09-16T18:00:00Z,scheduled_macro,KXFED-27APR-T3.00,macro_bucket,0,4,2026-09-16T18:00:00Z,0
fomc_sep_hike,2026-09-16T18:00:00Z,scheduled_macro,KXFED-27APR-T2.75,macro_bucket,0,5,2026-09-16T18:00:00Z,0
fomc_sep_hike,2026-09-16T18:00:00Z,scheduled_macro,KXFED-27APR-T2.50,macro_bucket,0,6,2026-09-16T18:00:00Z,0
fomc_sep_hike,2026-09-16T18:00:00Z,scheduled_macro,KXFED-27APR-T2.00,macro_bucket,0,8,2026-09-16T18:00:00Z,0
fomc_sep_hike,2026-09-16T18:00:00Z,scheduled_macro,KXFED-27APR-T1.75,macro_bucket,0,9,2026-09-16T18:00:00Z,0
fomc_sep_hike,2026-09-16T18:00:00Z,scheduled_macro,KXFED-27APR-T1.50,macro_bucket,0,10,2026-09-16T18:00:00Z,0
fomc_sep_hike,2026-09-16T18:00:00Z,scheduled_macro,KXFED-27APR-T1.25,macro_bucket,0,11,2026-09-16T18:00:00Z,0
fomc_sep_hike,2026-09-16T18:00:00Z,scheduled_macro,KXFED-27APR-T1.00,macro_bucket,0,12,2026-09-16T18:00:00Z,0
fomc_sep_hike,2026-09-16T18:00:00Z,scheduled_macro,KXFED-27APR-T0.75,macro_bucket,0,13,2026-09-16T18:00:00Z,0
fomc_sep_hike,2026-09-16T18:00:00Z,scheduled_macro,KXFED-27APR-T0.50,macro_bucket,0,14,2026-09-16T18:00:00Z,0
fomc_sep_hike,2026-09-16T18:00:00Z,scheduled_macro,KXFED-27APR-T0.25,macro_bucket,0,15,2026-09-16T18:00:00Z,0
fomc_sep_hike,2026-09-16T18:00:00Z,scheduled_macro,KXFED-27APR-T0.00,macro_bucket,0,16,2026-09-16T18:00:00Z,0
fomc_sep_hike,2026-09-16T18:00:00Z,scheduled_macro,KXFED-27MAR-T4.25,macro_bucket,0,1,2026-09-16T18:00:00Z,0
fomc_sep_hike,2026-09-16T18:00:00Z,scheduled_macro,KXFED-27MAR-T4.00,macro_bucket,0,0,2026-09-16T18:00:00Z,0
fomc_sep_hike,2026-09-16T18:00:00Z,scheduled_macro,KXFED-27MAR-T3.75,macro_bucket,0,1,2026-09-16T18:00:00Z,0
fomc_sep_hike,2026-09-16T18:00:00Z,scheduled_macro,KXFED-27MAR-T3.50,macro_bucket,0,2,2026-09-16T18:00:00Z,0
fomc_sep_hike,2026-09-16T18:00:00Z,scheduled_macro,KXFED-27MAR-T3.25,macro_bucket,0,3,2026-09-16T18:00:00Z,0
fomc_sep_hike,2026-09-16T18:00:00Z,scheduled_macro,KXFED-27MAR-T3.00,macro_bucket,0,4,2026-09-16T18:00:00Z,0
fomc_sep_hike,2026-09-16T18:00:00Z,scheduled_macro,KXFED-27MAR-T2.75,macro_bucket,0,5,2026-09-16T18:00:00Z,0
fomc_sep_hike,2026-09-16T18:00:00Z,scheduled_macro,KXFED-27MAR-T2.50,macro_bucket,0,6,2026-09-16T18:00:00Z,0
fomc_sep_hike,2026-09-16T18:00:00Z,scheduled_macro,KXFED-27MAR-T2.25,macro_bucket,0,7,2026-09-16T18:00:00Z,0
fomc_sep_hike,2026-09-16T18:00:00Z,scheduled_macro,KXFED-27MAR-T2.00,macro_bucket,0,8,2026-09-16T18:00:00Z,0
fomc_sep_hike,2026-09-16T18:00:00Z,scheduled_macro,KXFED-27MAR-T1.75,macro_bucket,0,9,2026-09-16T18:00:00Z,0
fomc_sep_hike,2026-09-16T18:00:00Z,scheduled_macro,KXFED-27MAR-T1.50,macro_bucket,0,10,2026-09-16T18:00:00Z,0
fomc_sep_hike,2026-09-16T18:00:00Z,scheduled_macro,KXFED-27MAR-T1.25,macro_bucket,0,11,2026-09-16T18:00:00Z,0
fomc_sep_hike,2026-09-16T18:00:00Z,scheduled_macro,KXFED-27MAR-T1.00,macro_bucket,0,12,2026-09-16T18:00:00Z,0
fomc_sep_hike,2026-09-16T18:00:00Z,scheduled_macro,KXFED-27MAR-T0.75,macro_bucket,0,13,2026-09-16T18:00:00Z,0
fomc_sep_hike,2026-09-16T18:00:00Z,scheduled_macro,KXFED-27MAR-T0.50,macro_bucket,0,14,2026-09-16T18:00:00Z,0
fomc_sep_hike,2026-09-16T18:00:00Z,scheduled_macro,KXFED-27MAR-T0.25,macro_bucket,0,15,2026-09-16T18:00:00Z,0
fomc_sep_hike,2026-09-16T18:00:00Z,scheduled_macro,KXFED-27MAR-T0.00,macro_bucket,0,16,2026-09-16T18:00:00Z,0
fomc_sep_hike,2026-09-16T18:00:00Z,scheduled_macro,KXFED-27JAN-T4.25,macro_bucket,0,1,2026-09-16T18:00:00Z,0
fomc_sep_hike,2026-09-16T18:00:00Z,scheduled_macro,KXFED-27JAN-T4.00,macro_bucket,0,0,2026-09-16T18:00:00Z,0
fomc_sep_hike,2026-09-16T18:00:00Z,scheduled_macro,KXFED-27JAN-T3.75,macro_bucket,0,1,2026-09-16T18:00:00Z,0
fomc_sep_hike,2026-09-16T18:00:00Z,scheduled_macro,KXFED-27JAN-T3.50,macro_bucket,0,2,2026-09-16T18:00:00Z,0
fomc_sep_hike,2026-09-16T18:00:00Z,scheduled_macro,KXFED-27JAN-T3.25,macro_bucket,0,3,2026-09-16T18:00:00Z,0
fomc_sep_hike,2026-09-16T18:00:00Z,scheduled_macro,KXFED-27JAN-T3.00,macro_bucket,0,4,2026-09-16T18:00:00Z,0
fomc_sep_hike,2026-09-16T18:00:00Z,scheduled_macro,KXFED-27JAN-T2.75,macro_bucket,0,5,2026-09-16T18:00:00Z,0
fomc_sep_hike,2026-09-16T18:00:00Z,scheduled_macro,KXFED-27JAN-T2.50,macro_bucket,0,6,2026-09-16T18:00:00Z,0
fomc_sep_hike,2026-09-16T18:00:00Z,scheduled_macro,KXFED-27JAN-T2.25,macro_bucket,0,7,2026-09-16T18:00:00Z,0
fomc_sep_hike,2026-09-16T18:00:00Z,scheduled_macro,KXFED-27JAN-T2.00,macro_bucket,0,8,2026-09-16T18:00:00Z,0
fomc_sep_hike,2026-09-16T18:00:00Z,scheduled_macro,KXFED-27JAN-T1.75,macro_bucket,0,9,2026-09-16T18:00:00Z,0
fomc_sep_hike,2026-09-16T18:00:00Z,scheduled_macro,KXFED-27JAN-T1.50,macro_bucket,0,10,2026-09-16T18:00:00Z,0
fomc_sep_hike,2026-09-16T18:00:00Z,scheduled_macro,KXFED-27JAN-T1.25,macro_bucket,0,11,2026-09-16T18:00:00Z,0
fomc_sep_hike,2026-09-16T18:00:00Z,scheduled_macro,KXFED-27JAN-T1.00,macro_bucket,0,12,2026-09-16T18:00:00Z,0
fomc_sep_hike,2026-09-16T18:00:00Z,scheduled_macro,KXFED-27JAN-T0.75,macro_bucket,0,13,2026-09-16T18:00:00Z,0
fomc_sep_hike,2026-09-16T18:00:00Z,scheduled_macro,KXFED-27JAN-T0.50,macro_bucket,0,14,2026-09-16T18:00:00Z,0
fomc_sep_hike,2026-09-16T18:00:00Z,scheduled_macro,KXFED-27JAN-T0.25,macro_bucket,0,15,2026-09-16T18:00:00Z,0
fomc_sep_hike,2026-09-16T18:00:00Z,scheduled_macro,KXFED-27JAN-T0.00,macro_bucket,0,16,2026-09-16T18:00:00Z,0
fomc_sep_hike,2026-09-16T18:00:00Z,scheduled_macro,KXFED-26DEC-T5.25,macro_bucket,0,5,2026-09-16T18:00:00Z,0
fomc_sep_hike,2026-09-16T18:00:00Z,scheduled_macro,KXFED-26DEC-T5.00,macro_bucket,0,4,2026-09-16T18:00:00Z,0
fomc_sep_hike,2026-09-16T18:00:00Z,scheduled_macro,KXFED-26DEC-T4.75,macro_bucket,0,3,2026-09-16T18:00:00Z,0
fomc_sep_hike,2026-09-16T18:00:00Z,scheduled_macro,KXFED-26DEC-T4.50,macro_bucket,0,2,2026-09-16T18:00:00Z,0
fomc_sep_hike,2026-09-16T18:00:00Z,scheduled_macro,KXFED-26DEC-T4.25,macro_bucket,0,1,2026-09-16T18:00:00Z,0
fomc_sep_hike,2026-09-16T18:00:00Z,scheduled_macro,KXFED-26DEC-T4.00,macro_bucket,0,0,2026-09-16T18:00:00Z,0
fomc_sep_hike,2026-09-16T18:00:00Z,scheduled_macro,KXFED-26DEC-T3.75,macro_bucket,0,1,2026-09-16T18:00:00Z,0
fomc_sep_hike,2026-09-16T18:00:00Z,scheduled_macro,KXFED-26DEC-T3.50,macro_bucket,0,2,2026-09-16T18:00:00Z,0
fomc_sep_hike,2026-09-16T18:00:00Z,scheduled_macro,KXFED-26DEC-T3.25,macro_bucket,0,3,2026-09-16T18:00:00Z,0
fomc_sep_hike,2026-09-16T18:00:00Z,scheduled_macro,KXFED-26DEC-T3.00,macro_bucket,0,4,2026-09-16T18:00:00Z,0
fomc_sep_hike,2026-09-16T18:00:00Z,scheduled_macro,KXFED-26DEC-T2.75,macro_bucket,0,5,2026-09-16T18:00:00Z,0
fomc_sep_hike,2026-09-16T18:00:00Z,scheduled_macro,KXFED-26OCT-T5.25,macro_bucket,0,5,2026-09-16T18:00:00Z,0
fomc_sep_hike,2026-09-16T18:00:00Z,scheduled_macro,KXFED-26OCT-T5.00,macro_bucket,0,4,2026-09-16T18:00:00Z,0
fomc_sep_hike,2026-09-16T18:00:00Z,scheduled_macro,KXFED-26OCT-T4.75,macro_bucket,0,3,2026-09-16T18:00:00Z,0
fomc_sep_hike,2026-09-16T18:00:00Z,scheduled_macro,KXFED-26OCT-T4.50,macro_bucket,0,2,2026-09-16T18:00:00Z,0
fomc_sep_hike,2026-09-16T18:00:00Z,scheduled_macro,KXFED-26OCT-T4.25,macro_bucket,0,1,2026-09-16T18:00:00Z,0
fomc_sep_hike,2026-09-16T18:00:00Z,scheduled_macro,KXFED-26OCT-T4.00,macro_bucket,0,0,2026-09-16T18:00:00Z,0
fomc_sep_hike,2026-09-16T18:00:00Z,scheduled_macro,KXFED-26OCT-T3.75,macro_bucket,0,1,2026-09-16T18:00:00Z,0
fomc_sep_hike,2026-09-16T18:00:00Z,scheduled_macro,KXFED-26OCT-T3.50,macro_bucket,0,2,2026-09-16T18:00:00Z,0
fomc_sep_hike,2026-09-16T18:00:00Z,scheduled_macro,KXFED-26OCT-T3.25,macro_bucket,0,3,2026-09-16T18:00:00Z,0
fomc_sep_hike,2026-09-16T18:00:00Z,scheduled_macro,KXFED-26OCT-T3.00,macro_bucket,0,4,2026-09-16T18:00:00Z,0
fomc_sep_hike,2026-09-16T18:00:00Z,scheduled_macro,KXFED-26OCT-T2.75,macro_bucket,0,5,2026-09-16T18:00:00Z,0
fomc_sep_hike,2026-09-16T18:00:00Z,scheduled_macro,KXFED-26SEP-T5.25,macro_bucket,0,5,2026-09-16T18:00:00Z,0
fomc_sep_hike,2026-09-16T18:00:00Z,scheduled_macro,KXFED-26SEP-T5.00,macro_bucket,0,4,2026-09-16T18:00:00Z,0
fomc_sep_hike,2026-09-16T18:00:00Z,scheduled_macro,KXFED-26SEP-T4.75,macro_bucket,0,3,2026-09-16T18:00:00Z,0
fomc_sep_hike,2026-09-16T18:00:00Z,scheduled_macro,KXFED-26SEP-T4.50,macro_bucket,0,2,2026-09-16T18:00:00Z,0
fomc_sep_hike,2026-09-16T18:00:00Z,scheduled_macro,KXFED-26SEP-T4.25,macro_bucket,0,1,2026-09-16T18:00:00Z,0
fomc_sep_hike,2026-09-16T18:00:00Z,scheduled_macro,KXFED-26SEP-T4.00,macro_bucket,0,0,2026-09-16T18:00:00Z,0
fomc_sep_hike,2026-09-16T18:00:00Z,scheduled_macro,KXFED-26SEP-T3.75,macro_bucket,0,1,2026-09-16T18:00:00Z,0
fomc_sep_hike,2026-09-16T18:00:00Z,scheduled_macro,KXFED-26SEP-T3.50,macro_bucket,0,2,2026-09-16T18:00:00Z,0
fomc_sep_hike,2026-09-16T18:00:00Z,scheduled_macro,KXFED-26SEP-T3.25,macro_bucket,0,3,2026-09-16T18:00:00Z,0
fomc_sep_hike,2026-09-16T18:00:00Z,scheduled_macro,KXFED-26SEP-T3.00,macro_bucket,0,4,2026-09-16T18:00:00Z,0
fomc_sep_hike,2026-09-16T18:00:00Z,scheduled_macro,KXFED-26SEP-T2.75,macro_bucket,0,5,2026-09-16T18:00:00Z,0
hormuz_retaliation_threat_xd,2026-09-07T13:53:00Z,unscheduled_macro,KXNBA-27-PHI,sports_future,,,2026-09-07T13:53:00Z,0
hormuz_retaliation_threat_xd,2026-09-07T13:53:00Z,unscheduled_macro,KXNBA-27-MIA,sports_future,,,2026-09-07T13:53:00Z,0
hormuz_retaliation_threat_xd,2026-09-07T13:53:00Z,unscheduled_macro,KXNBA-27-ORL,sports_future,,,2026-09-07T13:53:00Z,0
hormuz_retaliation_threat_xd,2026-09-07T13:53:00Z,unscheduled_macro,KXNBA-27-MEM,sports_future,,,2026-09-07T13:53:00Z,0
hormuz_retaliation_threat_xd,2026-09-07T13:53:00Z,unscheduled_macro,KXNBA-27-MIN,sports_future,,,2026-09-07T13:53:00Z,0
hormuz_retaliation_threat_xd,2026-09-07T13:53:00Z,unscheduled_macro,KXNBA-27-LAL,sports_future,,,2026-09-07T13:53:00Z,0
hormuz_retaliation_threat_xd,2026-09-07T13:53:00Z,unscheduled_macro,KXNBA-27-NYK,sports_future,,,2026-09-07T13:53:00Z,0
hormuz_retaliation_threat_xd,2026-09-07T13:53:00Z,unscheduled_macro,KXNBA-27-GSW,sports_future,,,2026-09-07T13:53:00Z,0
hormuz_retaliation_threat_xd,2026-09-07T13:53:00Z,unscheduled_macro,KXSB-27-DAL,sports_future,,,2026-09-07T13:53:00Z,0
hormuz_retaliation_threat_xd,2026-09-07T13:53:00Z,unscheduled_macro,KXSB-27-SF,sports_future,,,2026-09-07T13:53:00Z,0
hormuz_retaliation_threat_xd,2026-09-07T13:53:00Z,unscheduled_macro,KXSB-27-LAR,sports_future,,,2026-09-07T13:53:00Z,0
hormuz_retaliation_threat_xd,2026-09-07T13:53:00Z,unscheduled_macro,KXSB-27-CIN,sports_future,,,2026-09-07T13:53:00Z,0
hormuz_retaliation_threat_xd,2026-09-07T13:53:00Z,unscheduled_macro,KXSB-27-BUF,sports_future,,,2026-09-07T13:53:00Z,0
hormuz_retaliation_threat_xd,2026-09-07T13:53:00Z,unscheduled_macro,KXSB-27-CHI,sports_future,,,2026-09-07T13:53:00Z,0
hormuz_retaliation_threat_xd,2026-09-07T13:53:00Z,unscheduled_macro,KXSB-27-NYG,sports_future,,,2026-09-07T13:53:00Z,0
hormuz_retaliation_threat_xd,2026-09-07T13:53:00Z,unscheduled_macro,KXSB-27-HOU,sports_future,,,2026-09-07T13:53:00Z,0
canada_proclamations_xd,2026-09-08,unscheduled_macro,KXNBA-27-PHI,sports_future,,,2026-09-08,0
canada_proclamations_xd,2026-09-08,unscheduled_macro,KXNBA-27-MIA,sports_future,,,2026-09-08,0
canada_proclamations_xd,2026-09-08,unscheduled_macro,KXNBA-27-ORL,sports_future,,,2026-09-08,0
canada_proclamations_xd,2026-09-08,unscheduled_macro,KXNBA-27-MEM,sports_future,,,2026-09-08,0
canada_proclamations_xd,2026-09-08,unscheduled_macro,KXNBA-27-MIN,sports_future,,,2026-09-08,0
canada_proclamations_xd,2026-09-08,unscheduled_macro,KXNBA-27-LAL,sports_future,,,2026-09-08,0
canada_proclamations_xd,2026-09-08,unscheduled_macro,KXNBA-27-NYK,sports_future,,,2026-09-08,0
canada_proclamations_xd,2026-09-08,unscheduled_macro,KXNBA-27-GSW,sports_future,,,2026-09-08,0
canada_proclamations_xd,2026-09-08,unscheduled_macro,KXSB-27-DAL,sports_future,,,2026-09-08,0
canada_proclamations_xd,2026-09-08,unscheduled_macro,KXSB-27-SF,sports_future,,,2026-09-08,0
canada_proclamations_xd,2026-09-08,unscheduled_macro,KXSB-27-LAR,sports_future,,,2026-09-08,0
canada_proclamations_xd,2026-09-08,unscheduled_macro,KXSB-27-CIN,sports_future,,,2026-09-08,0
canada_proclamations_xd,2026-09-08,unscheduled_macro,KXSB-27-BUF,sports_future,,,2026-09-08,0
canada_proclamations_xd,2026-09-08,unscheduled_macro,KXSB-27-CHI,sports_future,,,2026-09-08,0
canada_proclamations_xd,2026-09-08,unscheduled_macro,KXSB-27-NYG,sports_future,,,2026-09-08,0
canada_proclamations_xd,2026-09-08,unscheduled_macro,KXSB-27-HOU,sports_future,,,2026-09-08,0
hormuz_strike_pipeline_shutdown_xd,2026-09-10,unscheduled_macro,KXNBA-27-PHI,sports_future,,,2026-09-10,0
hormuz_strike_pipeline_shutdown_xd,2026-09-10,unscheduled_macro,KXNBA-27-MIA,sports_future,,,2026-09-10,0
hormuz_strike_pipeline_shutdown_xd,2026-09-10,unscheduled_macro,KXNBA-27-MEM,sports_future,,,2026-09-10,0
hormuz_strike_pipeline_shutdown_xd,2026-09-10,unscheduled_macro,KXNBA-27-MIN,sports_future,,,2026-09-10,0
hormuz_strike_pipeline_shutdown_xd,2026-09-10,unscheduled_macro,KXNBA-27-ORL,sports_future,,,2026-09-10,0
hormuz_strike_pipeline_shutdown_xd,2026-09-10,unscheduled_macro,KXNBA-27-LAL,sports_future,,,2026-09-10,0
hormuz_strike_pipeline_shutdown_xd,2026-09-10,unscheduled_macro,KXNBA-27-GSW,sports_future,,,2026-09-10,0
hormuz_strike_pipeline_shutdown_xd,2026-09-10,unscheduled_macro,KXNBA-27-SAS,sports_future,,,2026-09-10,0
hormuz_strike_pipeline_shutdown_xd,2026-09-10,unscheduled_macro,KXSB-27-DAL,sports_future,,,2026-09-10,0
hormuz_strike_pipeline_shutdown_xd,2026-09-10,unscheduled_macro,KXSB-27-SF,sports_future,,,2026-09-10,0
hormuz_strike_pipeline_shutdown_xd,2026-09-10,unscheduled_macro,KXSB-27-LAR,sports_future,,,2026-09-10,0
hormuz_strike_pipeline_shutdown_xd,2026-09-10,unscheduled_macro,KXSB-27-BUF,sports_future,,,2026-09-10,0
hormuz_strike_pipeline_shutdown_xd,2026-09-10,unscheduled_macro,KXSB-27-CIN,sports_future,,,2026-09-10,0
hormuz_strike_pipeline_shutdown_xd,2026-09-10,unscheduled_macro,KXSB-27-CHI,sports_future,,,2026-09-10,0
hormuz_strike_pipeline_shutdown_xd,2026-09-10,unscheduled_macro,KXSB-27-NYG,sports_future,,,2026-09-10,0
hormuz_strike_pipeline_shutdown_xd,2026-09-10,unscheduled_macro,KXSB-27-HOU,sports_future,,,2026-09-10,0
perim_island_seized_xd,2026-09-11,unscheduled_macro,KXNBA-27-PHI,sports_future,,,2026-09-11,0
perim_island_seized_xd,2026-09-11,unscheduled_macro,KXNBA-27-MEM,sports_future,,,2026-09-11,0
perim_island_seized_xd,2026-09-11,unscheduled_macro,KXNBA-27-MIA,sports_future,,,2026-09-11,0
perim_island_seized_xd,2026-09-11,unscheduled_macro,KXNBA-27-MIN,sports_future,,,2026-09-11,0
perim_island_seized_xd,2026-09-11,unscheduled_macro,KXNBA-27-ORL,sports_future,,,2026-09-11,0
perim_island_seized_xd,2026-09-11,unscheduled_macro,KXNBA-27-LAL,sports_future,,,2026-09-11,0
perim_island_seized_xd,2026-09-11,unscheduled_macro,KXNBA-27-GSW,sports_future,,,2026-09-11,0
perim_island_seized_xd,2026-09-11,unscheduled_macro,KXNBA-27-SAS,sports_future,,,2026-09-11,0
perim_island_seized_xd,2026-09-11,unscheduled_macro,KXSB-27-DAL,sports_future,,,2026-09-11,0
perim_island_seized_xd,2026-09-11,unscheduled_macro,KXSB-27-SF,sports_future,,,2026-09-11,0
perim_island_seized_xd,2026-09-11,unscheduled_macro,KXSB-27-BUF,sports_future,,,2026-09-11,0
perim_island_seized_xd,2026-09-11,unscheduled_macro,KXSB-27-LAR,sports_future,,,2026-09-11,0
perim_island_seized_xd,2026-09-11,unscheduled_macro,KXSB-27-CIN,sports_future,,,2026-09-11,0
perim_island_seized_xd,2026-09-11,unscheduled_macro,KXSB-27-CHI,sports_future,,,2026-09-11,0
perim_island_seized_xd,2026-09-11,unscheduled_macro,KXSB-27-NYG,sports_future,,,2026-09-11,0
perim_island_seized_xd,2026-09-11,unscheduled_macro,KXSB-27-HOU,sports_future,,,2026-09-11,0
tariff_eu_threat_xd,2026-09-16,unscheduled_macro,KXNBA-27-PHI,sports_future,,,2026-09-16,0
tariff_eu_threat_xd,2026-09-16,unscheduled_macro,KXNBA-27-MEM,sports_future,,,2026-09-16,0
tariff_eu_threat_xd,2026-09-16,unscheduled_macro,KXNBA-27-MIN,sports_future,,,2026-09-16,0
tariff_eu_threat_xd,2026-09-16,unscheduled_macro,KXNBA-27-ORL,sports_future,,,2026-09-16,0
tariff_eu_threat_xd,2026-09-16,unscheduled_macro,KXNBA-27-LAL,sports_future,,,2026-09-16,0
tariff_eu_threat_xd,2026-09-16,unscheduled_macro,KXNBA-27-MIA,sports_future,,,2026-09-16,0
tariff_eu_threat_xd,2026-09-16,unscheduled_macro,KXNBA-27-GSW,sports_future,,,2026-09-16,0
tariff_eu_threat_xd,2026-09-16,unscheduled_macro,KXNBA-27-SAS,sports_future,,,2026-09-16,0
tariff_eu_threat_xd,2026-09-16,unscheduled_macro,KXSB-27-DAL,sports_future,,,2026-09-16,0
tariff_eu_threat_xd,2026-09-16,unscheduled_macro,KXSB-27-CIN,sports_future,,,2026-09-16,0
tariff_eu_threat_xd,2026-09-16,unscheduled_macro,KXSB-27-CHI,sports_future,,,2026-09-16,0
tariff_eu_threat_xd,2026-09-16,unscheduled_macro,KXSB-27-SF,sports_future,,,2026-09-16,0
tariff_eu_threat_xd,2026-09-16,unscheduled_macro,KXSB-27-BUF,sports_future,,,2026-09-16,0
tariff_eu_threat_xd,2026-09-16,unscheduled_macro,KXSB-27-NYG,sports_future,,,2026-09-16,0
tariff_eu_threat_xd,2026-09-16,unscheduled_macro,KXSB-27-LAR,sports_future,,,2026-09-16,0
tariff_eu_threat_xd,2026-09-16,unscheduled_macro,KXSB-27-HOU,sports_future,,,2026-09-16,0
russia_sanctions_bill_xd,2026-09-16,unscheduled_macro,KXNBA-27-PHI,sports_future,,,2026-09-16,0
russia_sanctions_bill_xd,2026-09-16,unscheduled_macro,KXNBA-27-MEM,sports_future,,,2026-09-16,0
russia_sanctions_bill_xd,2026-09-16,unscheduled_macro,KXNBA-27-MIN,sports_future,,,2026-09-16,0
russia_sanctions_bill_xd,2026-09-16,unscheduled_macro,KXNBA-27-ORL,sports_future,,,2026-09-16,0
russia_sanctions_bill_xd,2026-09-16,unscheduled_macro,KXNBA-27-LAL,sports_future,,,2026-09-16,0
russia_sanctions_bill_xd,2026-09-16,unscheduled_macro,KXNBA-27-MIA,sports_future,,,2026-09-16,0
russia_sanctions_bill_xd,2026-09-16,unscheduled_macro,KXNBA-27-GSW,sports_future,,,2026-09-16,0
russia_sanctions_bill_xd,2026-09-16,unscheduled_macro,KXNBA-27-SAS,sports_future,,,2026-09-16,0
russia_sanctions_bill_xd,2026-09-16,unscheduled_macro,KXSB-27-DAL,sports_future,,,2026-09-16,0
russia_sanctions_bill_xd,2026-09-16,unscheduled_macro,KXSB-27-CIN,sports_future,,,2026-09-16,0
russia_sanctions_bill_xd,2026-09-16,unscheduled_macro,KXSB-27-CHI,sports_future,,,2026-09-16,0
russia_sanctions_bill_xd,2026-09-16,unscheduled_macro,KXSB-27-SF,sports_future,,,2026-09-16,0
russia_sanctions_bill_xd,2026-09-16,unscheduled_macro,KXSB-27-BUF,sports_future,,,2026-09-16,0
russia_sanctions_bill_xd,2026-09-16,unscheduled_macro,KXSB-27-NYG,sports_future,,,2026-09-16,0
russia_sanctions_bill_xd,2026-09-16,unscheduled_macro,KXSB-27-LAR,sports_future,,,2026-09-16,0
russia_sanctions_bill_xd,2026-09-16,unscheduled_macro,KXSB-27-HOU,sports_future,,,2026-09-16,0
trump_truth_fed_xd,2026-09-16,unscheduled_macro,KXNBA-27-PHI,sports_future,,,2026-09-16,0
trump_truth_fed_xd,2026-09-16,unscheduled_macro,KXNBA-27-MEM,sports_future,,,2026-09-16,0
trump_truth_fed_xd,2026-09-16,unscheduled_macro,KXNBA-27-MIN,sports_future,,,2026-09-16,0
trump_truth_fed_xd,2026-09-16,unscheduled_macro,KXNBA-27-ORL,sports_future,,,2026-09-16,0
trump_truth_fed_xd,2026-09-16,unscheduled_macro,KXNBA-27-LAL,sports_future,,,2026-09-16,0
trump_truth_fed_xd,2026-09-16,unscheduled_macro,KXNBA-27-MIA,sports_future,,,2026-09-16,0
trump_truth_fed_xd,2026-09-16,unscheduled_macro,KXNBA-27-GSW,sports_future,,,2026-09-16,0
trump_truth_fed_xd,2026-09-16,unscheduled_macro,KXNBA-27-SAS,sports_future,,,2026-09-16,0
trump_truth_fed_xd,2026-09-16,unscheduled_macro,KXSB-27-DAL,sports_future,,,2026-09-16,0
trump_truth_fed_xd,2026-09-16,unscheduled_macro,KXSB-27-CIN,sports_future,,,2026-09-16,0
trump_truth_fed_xd,2026-09-16,unscheduled_macro,KXSB-27-CHI,sports_future,,,2026-09-16,0
trump_truth_fed_xd,2026-09-16,unscheduled_macro,KXSB-27-SF,sports_future,,,2026-09-16,0
trump_truth_fed_xd,2026-09-16,unscheduled_macro,KXSB-27-BUF,sports_future,,,2026-09-16,0
trump_truth_fed_xd,2026-09-16,unscheduled_macro,KXSB-27-NYG,sports_future,,,2026-09-16,0
trump_truth_fed_xd,2026-09-16,unscheduled_macro,KXSB-27-LAR,sports_future,,,2026-09-16,0
trump_truth_fed_xd,2026-09-16,unscheduled_macro,KXSB-27-HOU,sports_future,,,2026-09-16,0
nvda_earnings_xd,2026-08-26,unscheduled_macro,KXNBA-27-PHI,sports_future,,,2026-08-26,0
nvda_earnings_xd,2026-08-26,unscheduled_macro,KXNBA-27-MIA,sports_future,,,2026-08-26,0
nvda_earnings_xd,2026-08-26,unscheduled_macro,KXNBA-27-ORL,sports_future,,,2026-08-26,0
nvda_earnings_xd,2026-08-26,unscheduled_macro,KXNBA-27-MEM,sports_future,,,2026-08-26,0
nvda_earnings_xd,2026-08-26,unscheduled_macro,KXNBA-27-LAL,sports_future,,,2026-08-26,0
nvda_earnings_xd,2026-08-26,unscheduled_macro,KXNBA-27-MIN,sports_future,,,2026-08-26,0
nvda_earnings_xd,2026-08-26,unscheduled_macro,KXNBA-27-GSW,sports_future,,,2026-08-26,0
nvda_earnings_xd,2026-08-26,unscheduled_macro,KXNBA-27-NYK,sports_future,,,2026-08-26,0
nvda_earnings_xd,2026-08-26,unscheduled_macro,KXSB-27-DAL,sports_future,,,2026-08-26,0
nvda_earnings_xd,2026-08-26,unscheduled_macro,KXSB-27-LAR,sports_future,,,2026-08-26,0
nvda_earnings_xd,2026-08-26,unscheduled_macro,KXSB-27-HOU,sports_future,,,2026-08-26,0
nvda_earnings_xd,2026-08-26,unscheduled_macro,KXSB-27-BUF,sports_future,,,2026-08-26,0
nvda_earnings_xd,2026-08-26,unscheduled_macro,KXSB-27-DEN,sports_future,,,2026-08-26,0
nvda_earnings_xd,2026-08-26,unscheduled_macro,KXSB-27-SF,sports_future,,,2026-08-26,0
nvda_earnings_xd,2026-08-26,unscheduled_macro,KXSB-27-MIN,sports_future,,,2026-08-26,0
nvda_earnings_xd,2026-08-26,unscheduled_macro,KXSB-27-CIN,sports_future,,,2026-08-26,0
myles_garrett_to_rams_xd,2026-06-01T17:19:00Z,unscheduled_sports,KXFED-26JUN-T5.25,macro_bucket,,,2026-06-01T17:19:00Z,0
myles_garrett_to_rams_xd,2026-06-01T17:19:00Z,unscheduled_sports,KXFED-26JUN-T5.00,macro_bucket,,,2026-06-01T17:19:00Z,0
myles_garrett_to_rams_xd,2026-06-01T17:19:00Z,unscheduled_sports,KXCPI-26MAY-T-0.3,macro_bucket,,,2026-06-01T17:19:00Z,0
myles_garrett_to_rams_xd,2026-06-01T17:19:00Z,unscheduled_sports,KXCPI-26MAY-T-0.2,macro_bucket,,,2026-06-01T17:19:00Z,0
aj_brown_to_patriots_xd,2026-06-01T20:20:00Z,unscheduled_sports,KXFED-26JUN-T5.25,macro_bucket,,,2026-06-01T20:20:00Z,0
aj_brown_to_patriots_xd,2026-06-01T20:20:00Z,unscheduled_sports,KXFED-26JUN-T5.00,macro_bucket,,,2026-06-01T20:20:00Z,0
aj_brown_to_patriots_xd,2026-06-01T20:20:00Z,unscheduled_sports,KXCPI-26MAY-T-0.3,macro_bucket,,,2026-06-01T20:20:00Z,0
aj_brown_to_patriots_xd,2026-06-01T20:20:00Z,unscheduled_sports,KXCPI-26MAY-T-0.2,macro_bucket,,,2026-06-01T20:20:00Z,0
giannis_to_heat_xd,2026-06-23T03:50:00Z,unscheduled_sports,KXFED-26JUL-T5.25,macro_bucket,,,2026-06-23T03:50:00Z,0
giannis_to_heat_xd,2026-06-23T03:50:00Z,unscheduled_sports,KXFED-26JUL-T5.00,macro_bucket,,,2026-06-23T03:50:00Z,0
giannis_to_heat_xd,2026-06-23T03:50:00Z,unscheduled_sports,KXCPI-26JUN-T-0.3,macro_bucket,,,2026-06-23T03:50:00Z,0
giannis_to_heat_xd,2026-06-23T03:50:00Z,unscheduled_sports,KXCPI-26JUN-T-0.2,macro_bucket,,,2026-06-23T03:50:00Z,0
jaylen_brown_to_76ers_xd,2026-07-01T22:20:00Z,unscheduled_sports,KXFED-26JUL-T5.25,macro_bucket,,,2026-07-01T22:20:00Z,0
jaylen_brown_to_76ers_xd,2026-07-01T22:20:00Z,unscheduled_sports,KXFED-26JUL-T5.00,macro_bucket,,,2026-07-01T22:20:00Z,0
jaylen_brown_to_76ers_xd,2026-07-01T22:20:00Z,unscheduled_sports,KXCPI-26JUN-T-0.3,macro_bucket,,,2026-07-01T22:20:00Z,0
jaylen_brown_to_76ers_xd,2026-07-01T22:20:00Z,unscheduled_sports,KXCPI-26JUN-T-0.2,macro_bucket,,,2026-07-01T22:20:00Z,0
mike_conley_to_celtics_xd,2026-07-01T14:58:00Z,unscheduled_sports,KXFED-26JUL-T5.25,macro_bucket,,,2026-07-01T14:58:00Z,0
mike_conley_to_celtics_xd,2026-07-01T14:58:00Z,unscheduled_sports,KXFED-26JUL-T5.00,macro_bucket,,,2026-07-01T14:58:00Z,0
mike_conley_to_celtics_xd,2026-07-01T14:58:00Z,unscheduled_sports,KXCPI-26JUN-T-0.3,macro_bucket,,,2026-07-01T14:58:00Z,0
mike_conley_to_celtics_xd,2026-07-01T14:58:00Z,unscheduled_sports,KXCPI-26JUN-T-0.2,macro_bucket,,,2026-07-01T14:58:00Z,0
mitchell_robinson_to_celtics_xd,2026-07-01T15:39:00Z,unscheduled_sports,KXFED-26JUL-T5.25,macro_bucket,,,2026-07-01T15:39:00Z,0
mitchell_robinson_to_celtics_xd,2026-07-01T15:39:00Z,unscheduled_sports,KXFED-26JUL-T5.00,macro_bucket,,,2026-07-01T15:39:00Z,0
mitchell_robinson_to_celtics_xd,2026-07-01T15:39:00Z,unscheduled_sports,KXCPI-26JUN-T-0.3,macro_bucket,,,2026-07-01T15:39:00Z,0
mitchell_robinson_to_celtics_xd,2026-07-01T15:39:00Z,unscheduled_sports,KXCPI-26JUN-T-0.2,macro_bucket,,,2026-07-01T15:39:00Z,0
neemias_queta_extension_xd,2026-07-03T13:53:00Z,unscheduled_sports,KXFED-26JUL-T5.25,macro_bucket,,,2026-07-03T13:53:00Z,0
neemias_queta_extension_xd,2026-07-03T13:53:00Z,unscheduled_sports,KXFED-26JUL-T5.00,macro_bucket,,,2026-07-03T13:53:00Z,0
neemias_queta_extension_xd,2026-07-03T13:53:00Z,unscheduled_sports,KXCPI-26JUN-T-0.3,macro_bucket,,,2026-07-03T13:53:00Z,0
neemias_queta_extension_xd,2026-07-03T13:53:00Z,unscheduled_sports,KXCPI-26JUN-T-0.2,macro_bucket,,,2026-07-03T13:53:00Z,0
donovan_mitchell_extension_xd,2026-07-07T10:01:00Z,unscheduled_sports,KXFED-26JUL-T5.25,macro_bucket,,,2026-07-07T10:01:00Z,0
donovan_mitchell_extension_xd,2026-07-07T10:01:00Z,unscheduled_sports,KXFED-26JUL-T5.00,macro_bucket,,,2026-07-07T10:01:00Z,0
donovan_mitchell_extension_xd,2026-07-07T10:01:00Z,unscheduled_sports,KXCPI-26JUN-T-0.3,macro_bucket,,,2026-07-07T10:01:00Z,0
donovan_mitchell_extension_xd,2026-07-07T10:01:00Z,unscheduled_sports,KXCPI-26JUN-T-0.2,macro_bucket,,,2026-07-07T10:01:00Z,0
dlo_six_team_trade_xd,2026-07-08T00:53:00Z,unscheduled_sports,KXFED-26JUL-T5.25,macro_bucket,,,2026-07-08T00:53:00Z,0
dlo_six_team_trade_xd,2026-07-08T00:53:00Z,unscheduled_sports,KXFED-26JUL-T5.00,macro_bucket,,,2026-07-08T00:53:00Z,0
dlo_six_team_trade_xd,2026-07-08T00:53:00Z,unscheduled_sports,KXCPI-26JUN-T-0.3,macro_bucket,,,2026-07-08T00:53:00Z,0
dlo_six_team_trade_xd,2026-07-08T00:53:00Z,unscheduled_sports,KXCPI-26JUN-T-0.2,macro_bucket,,,2026-07-08T00:53:00Z,0
jordan_walsh_extension_xd,2026-07-23T12:27:00Z,unscheduled_sports,KXFED-26JUL-T5.25,macro_bucket,,,2026-07-23T12:27:00Z,0
jordan_walsh_extension_xd,2026-07-23T12:27:00Z,unscheduled_sports,KXFED-26JUL-T5.00,macro_bucket,,,2026-07-23T12:27:00Z,0
jordan_walsh_extension_xd,2026-07-23T12:27:00Z,unscheduled_sports,KXCPI-26JUL-T-0.4,macro_bucket,,,2026-07-23T12:27:00Z,0
jordan_walsh_extension_xd,2026-07-23T12:27:00Z,unscheduled_sports,KXCPI-26JUL-T-0.3,macro_bucket,,,2026-07-23T12:27:00Z,0
lebron_to_76ers_xd,2026-07-24T20:34:00Z,unscheduled_sports,KXFED-26JUL-T5.25,macro_bucket,,,2026-07-24T20:34:00Z,0
lebron_to_76ers_xd,2026-07-24T20:34:00Z,unscheduled_sports,KXFED-26JUL-T5.00,macro_bucket,,,2026-07-24T20:34:00Z,0
lebron_to_76ers_xd,2026-07-24T20:34:00Z,unscheduled_sports,KXCPI-26JUL-T-0.4,macro_bucket,,,2026-07-24T20:34:00Z,0
lebron_to_76ers_xd,2026-07-24T20:34:00Z,unscheduled_sports,KXCPI-26JUL-T-0.3,macro_bucket,,,2026-07-24T20:34:00Z,0
brian_oneill_extension_xd,2026-07-28T14:24:00Z,unscheduled_sports,KXFED-26JUL-T5.25,macro_bucket,,,2026-07-28T14:24:00Z,0
brian_oneill_extension_xd,2026-07-28T14:24:00Z,unscheduled_sports,KXFED-26JUL-T5.00,macro_bucket,,,2026-07-28T14:24:00Z,0
brian_oneill_extension_xd,2026-07-28T14:24:00Z,unscheduled_sports,KXCPI-26JUL-T-0.4,macro_bucket,,,2026-07-28T14:24:00Z,0
brian_oneill_extension_xd,2026-07-28T14:24:00Z,unscheduled_sports,KXCPI-26JUL-T-0.3,macro_bucket,,,2026-07-28T14:24:00Z,0
von_miller_to_cowboys_xd,2026-08-17T01:10:00Z,unscheduled_sports,KXFED-26SEP-T5.25,macro_bucket,,,2026-08-17T01:10:00Z,0
von_miller_to_cowboys_xd,2026-08-17T01:10:00Z,unscheduled_sports,KXFED-26SEP-T5.00,macro_bucket,,,2026-08-17T01:10:00Z,0
von_miller_to_cowboys_xd,2026-08-17T01:10:00Z,unscheduled_sports,KXCPI-26AUG-T1.0,macro_bucket,,,2026-08-17T01:10:00Z,0
von_miller_to_cowboys_xd,2026-08-17T01:10:00Z,unscheduled_sports,KXCPI-26AUG-T0.9,macro_bucket,,,2026-08-17T01:10:00Z,0
aaron_donald_comeback_xd,2026-08-30T17:00:00Z,unscheduled_sports,KXFED-26SEP-T5.25,macro_bucket,,,2026-08-30T17:00:00Z,0
aaron_donald_comeback_xd,2026-08-30T17:00:00Z,unscheduled_sports,KXFED-26SEP-T5.00,macro_bucket,,,2026-08-30T17:00:00Z,0
aaron_donald_comeback_xd,2026-08-30T17:00:00Z,unscheduled_sports,KXCPI-26AUG-T1.0,macro_bucket,,,2026-08-30T17:00:00Z,0
aaron_donald_comeback_xd,2026-08-30T17:00:00Z,unscheduled_sports,KXCPI-26AUG-T0.9,macro_bucket,,,2026-08-30T17:00:00Z,0
kawhi_to_raptors_xd,2026-09-14T18:56:00Z,unscheduled_sports,KXFED-26SEP-T5.25,macro_bucket,,,2026-09-14T18:56:00Z,0
kawhi_to_raptors_xd,2026-09-14T18:56:00Z,unscheduled_sports,KXFED-26SEP-T5.00,macro_bucket,,,2026-09-14T18:56:00Z,0
cpi_aug_release,2026-09-11T12:30:00Z,scheduled_macro,KXCPI-26AUG-T1.0,macro_bucket,,,2026-09-11T12:30:00Z,0
cpi_aug_release,2026-09-11T12:30:00Z,scheduled_macro,KXCPI-26AUG-T0.9,macro_bucket,,,2026-09-11T12:30:00Z,0
cpi_aug_release,2026-09-11T12:30:00Z,scheduled_macro,KXCPI-26AUG-T0.8,macro_bucket,,,2026-09-11T12:30:00Z,0
cpi_aug_release,2026-09-11T12:30:00Z,scheduled_macro,KXCPI-26AUG-T0.7,macro_bucket,,,2026-09-11T12:30:00Z,0
cpi_aug_release,2026-09-11T12:30:00Z,scheduled_macro,KXCPI-26AUG-T0.6,macro_bucket,,,2026-09-11T12:30:00Z,0
cpi_aug_release,2026-09-11T12:30:00Z,scheduled_macro,KXCPI-26AUG-T-0.4,macro_bucket,,,2026-09-11T12:30:00Z,0
cpi_aug_release,2026-09-11T12:30:00Z,scheduled_macro,KXCPI-26AUG-T-0.3,macro_bucket,,,2026-09-11T12:30:00Z,0
cpi_aug_release,2026-09-11T12:30:00Z,scheduled_macro,KXCPI-26AUG-T-0.2,macro_bucket,,,2026-09-11T12:30:00Z,0
cpi_aug_release,2026-09-11T12:30:00Z,scheduled_macro,KXCPI-26AUG-T0.5,macro_bucket,,,2026-09-11T12:30:00Z,0
cpi_aug_release,2026-09-11T12:30:00Z,scheduled_macro,KXCPI-26AUG-T0.4,macro_bucket,,,2026-09-11T12:30:00Z,0
cpi_aug_release,2026-09-11T12:30:00Z,scheduled_macro,KXCPI-26AUG-T0.3,macro_bucket,,,2026-09-11T12:30:00Z,0
cpi_aug_release,2026-09-11T12:30:00Z,scheduled_macro,KXCPI-26AUG-T0.2,macro_bucket,,,2026-09-11T12:30:00Z,0
cpi_aug_release,2026-09-11T12:30:00Z,scheduled_macro,KXCPI-26AUG-T0.1,macro_bucket,,,2026-09-11T12:30:00Z,0
cpi_aug_release,2026-09-11T12:30:00Z,scheduled_macro,KXCPI-26AUG-T-0.1,macro_bucket,,,2026-09-11T12:30:00Z,0
cpi_aug_release,2026-09-11T12:30:00Z,scheduled_macro,KXCPI-26AUG-T0.0,macro_bucket,,,2026-09-11T12:30:00Z,0
cpi_aug_release,2026-09-11T12:30:00Z,scheduled_macro,KXCPICORE-26AUG-T1.0,macro_bucket,,,2026-09-11T12:30:00Z,0
cpi_aug_release,2026-09-11T12:30:00Z,scheduled_macro,KXCPICORE-26AUG-T0.9,macro_bucket,,,2026-09-11T12:30:00Z,0
cpi_aug_release,2026-09-11T12:30:00Z,scheduled_macro,KXCPICORE-26AUG-T0.8,macro_bucket,,,2026-09-11T12:30:00Z,0
cpi_aug_release,2026-09-11T12:30:00Z,scheduled_macro,KXCPICORE-26AUG-T0.7,macro_bucket,,,2026-09-11T12:30:00Z,0
cpi_aug_release,2026-09-11T12:30:00Z,scheduled_macro,KXCPICORE-26AUG-T0.6,macro_bucket,,,2026-09-11T12:30:00Z,0
cpi_aug_release,2026-09-11T12:30:00Z,scheduled_macro,KXCPICORE-26AUG-T0.5,macro_bucket,,,2026-09-11T12:30:00Z,0
cpi_aug_release,2026-09-11T12:30:00Z,scheduled_macro,KXCPICORE-26AUG-T0.4,macro_bucket,,,2026-09-11T12:30:00Z,0
cpi_aug_release,2026-09-11T12:30:00Z,scheduled_macro,KXCPICORE-26AUG-T0.3,macro_bucket,,,2026-09-11T12:30:00Z,0
cpi_aug_release,2026-09-11T12:30:00Z,scheduled_macro,KXCPICORE-26AUG-T0.2,macro_bucket,,,2026-09-11T12:30:00Z,0
cpi_aug_release,2026-09-11T12:30:00Z,scheduled_macro,KXCPICORE-26AUG-T0.1,macro_bucket,,,2026-09-11T12:30:00Z,0
cpi_aug_release,2026-09-11T12:30:00Z,scheduled_macro,KXCPICORE-26AUG-T0.0,macro_bucket,,,2026-09-11T12:30:00Z,0
nba_draft_lottery_2026,2026-05-11,scheduled_sports,KXNBA-26-WAS,sports_future,,,2026-05-11,0
nba_draft_lottery_2026,2026-05-11,scheduled_sports,KXNBA-26-UTA,sports_future,,,2026-05-11,0
nba_draft_lottery_2026,2026-05-11,scheduled_sports,KXNBA-26-TOR,sports_future,,,2026-05-11,0
nba_draft_lottery_2026,2026-05-11,scheduled_sports,KXNBA-26-SAS,sports_future,,,2026-05-11,0
nba_draft_lottery_2026,2026-05-11,scheduled_sports,KXNBA-26-SAC,sports_future,,,2026-05-11,0
nba_draft_lottery_2026,2026-05-11,scheduled_sports,KXNBA-26-POR,sports_future,,,2026-05-11,0
nba_draft_lottery_2026,2026-05-11,scheduled_sports,KXNBA-26-PHX,sports_future,,,2026-05-11,0
nba_draft_lottery_2026,2026-05-11,scheduled_sports,KXNBA-26-PHI,sports_future,,,2026-05-11,0
nba_draft_lottery_2026,2026-05-11,scheduled_sports,KXNBA-26-ORL,sports_future,,,2026-05-11,0
nba_draft_lottery_2026,2026-05-11,scheduled_sports,KXNBA-26-OKC,sports_future,,,2026-05-11,0
nba_draft_lottery_2026,2026-05-11,scheduled_sports,KXNBA-26-NYK,sports_future,,,2026-05-11,0
nba_draft_lottery_2026,2026-05-11,scheduled_sports,KXNBA-26-NOP,sports_future,,,2026-05-11,0
nba_draft_lottery_2026,2026-05-11,scheduled_sports,KXNBA-26-MIN,sports_future,,,2026-05-11,0
nba_draft_lottery_2026,2026-05-11,scheduled_sports,KXNBA-26-MIL,sports_future,,,2026-05-11,0
nba_draft_lottery_2026,2026-05-11,scheduled_sports,KXNBA-26-MIA,sports_future,,,2026-05-11,0
nba_draft_lottery_2026,2026-05-11,scheduled_sports,KXNBA-26-MEM,sports_future,,,2026-05-11,0
nba_draft_lottery_2026,2026-05-11,scheduled_sports,KXNBA-26-LAL,sports_future,,,2026-05-11,0
nba_draft_lottery_2026,2026-05-11,scheduled_sports,KXNBA-26-LAC,sports_future,,,2026-05-11,0
nba_draft_lottery_2026,2026-05-11,scheduled_sports,KXNBA-26-IND,sports_future,,,2026-05-11,0
nba_draft_lottery_2026,2026-05-11,scheduled_sports,KXNBA-26-HOU,sports_future,,,2026-05-11,0
nba_draft_lottery_2026,2026-05-11,scheduled_sports,KXNBA-26-GSW,sports_future,,,2026-05-11,0
nba_draft_lottery_2026,2026-05-11,scheduled_sports,KXNBA-26-DET,sports_future,,,2026-05-11,0
nba_draft_lottery_2026,2026-05-11,scheduled_sports,KXNBA-26-DEN,sports_future,,,2026-05-11,0
nba_draft_lottery_2026,2026-05-11,scheduled_sports,KXNBA-26-DAL,sports_future,,,2026-05-11,0
nba_draft_lottery_2026,2026-05-11,scheduled_sports,KXNBA-26-CLE,sports_future,,,2026-05-11,0
nba_draft_lottery_2026,2026-05-11,scheduled_sports,KXNBA-26-CHI,sports_future,,,2026-05-11,0
nba_draft_lottery_2026,2026-05-11,scheduled_sports,KXNBA-26-CHA,sports_future,,,2026-05-11,0
nba_draft_lottery_2026,2026-05-11,scheduled_sports,KXNBA-26-BOS,sports_future,,,2026-05-11,0
nba_draft_lottery_2026,2026-05-11,scheduled_sports,KXNBA-26-BKN,sports_future,,,2026-05-11,0
nba_draft_lottery_2026,2026-05-11,scheduled_sports,KXNBA-26-ATL,sports_future,,,2026-05-11,0
nba_draft_2026,2026-06-24,scheduled_sports,KXNBA-27-WAS,sports_future,,,2026-06-24,0
nba_draft_2026,2026-06-24,scheduled_sports,KXNBA-27-UTA,sports_future,,,2026-06-24,0
nba_draft_2026,2026-06-24,scheduled_sports,KXNBA-27-TOR,sports_future,,,2026-06-24,0
nba_draft_2026,2026-06-24,scheduled_sports,KXNBA-27-SAS,sports_future,,,2026-06-24,0
nba_draft_2026,2026-06-24,scheduled_sports,KXNBA-27-SAC,sports_future,,,2026-06-24,0
nba_draft_2026,2026-06-24,scheduled_sports,KXNBA-27-POR,sports_future,,,2026-06-24,0
nba_draft_2026,2026-06-24,scheduled_sports,KXNBA-27-PHX,sports_future,,,2026-06-24,0
nba_draft_2026,2026-06-24,scheduled_sports,KXNBA-27-PHI,sports_future,,,2026-06-24,0
nba_draft_2026,2026-06-24,scheduled_sports,KXNBA-27-ORL,sports_future,,,2026-06-24,0
nba_draft_2026,2026-06-24,scheduled_sports,KXNBA-27-OKC,sports_future,,,2026-06-24,0
nba_draft_2026,2026-06-24,scheduled_sports,KXNBA-27-NYK,sports_future,,,2026-06-24,0
nba_draft_2026,2026-06-24,scheduled_sports,KXNBA-27-NOP,sports_future,,,2026-06-24,0
nba_draft_2026,2026-06-24,scheduled_sports,KXNBA-27-MIN,sports_future,,,2026-06-24,0
nba_draft_2026,2026-06-24,scheduled_sports,KXNBA-27-MIL,sports_future,,,2026-06-24,0
nba_draft_2026,2026-06-24,scheduled_sports,KXNBA-27-MIA,sports_future,,,2026-06-24,0
nba_draft_2026,2026-06-24,scheduled_sports,KXNBA-27-MEM,sports_future,,,2026-06-24,0
nba_draft_2026,2026-06-24,scheduled_sports,KXNBA-27-LAL,sports_future,,,2026-06-24,0
nba_draft_2026,2026-06-24,scheduled_sports,KXNBA-27-LAC,sports_future,,,2026-06-24,0
nba_draft_2026,2026-06-24,scheduled_sports,KXNBA-27-IND,sports_future,,,2026-06-24,0
nba_draft_2026,2026-06-24,scheduled_sports,KXNBA-27-HOU,sports_future,,,2026-06-24,0
nba_draft_2026,2026-06-24,scheduled_sports,KXNBA-27-GSW,sports_future,,,2026-06-24,0
nba_draft_2026,2026-06-24,scheduled_sports,KXNBA-27-DET,sports_future,,,2026-06-24,0
nba_draft_2026,2026-06-24,scheduled_sports,KXNBA-27-DEN,sports_future,,,2026-06-24,0
nba_draft_2026,2026-06-24,scheduled_sports,KXNBA-27-DAL,sports_future,,,2026-06-24,0
nba_draft_2026,2026-06-24,scheduled_sports,KXNBA-27-CLE,sports_future,,,2026-06-24,0
nba_draft_2026,2026-06-24,scheduled_sports,KXNBA-27-CHI,sports_future,,,2026-06-24,0
nba_draft_2026,2026-06-24,scheduled_sports,KXNBA-27-CHA,sports_future,,,2026-06-24,0
nba_draft_2026,2026-06-24,scheduled_sports,KXNBA-27-BOS,sports_future,,,2026-06-24,0
nba_draft_2026,2026-06-24,scheduled_sports,KXNBA-27-BKN,sports_future,,,2026-06-24,0
nba_draft_2026,2026-06-24,scheduled_sports,KXNBA-27-ATL,sports_future,,,2026-06-24,0
nba_draft_2026,2026-06-24,scheduled_sports,KXNBA-26-SAS,sports_future,,,2026-06-24,0
nba_draft_2026,2026-06-24,scheduled_sports,KXNBA-26-PHI,sports_future,,,2026-06-24,0
nba_draft_2026,2026-06-24,scheduled_sports,KXNBA-26-OKC,sports_future,,,2026-06-24,0
nba_draft_2026,2026-06-24,scheduled_sports,KXNBA-26-NYK,sports_future,,,2026-06-24,0
nba_draft_2026,2026-06-24,scheduled_sports,KXNBA-26-MIN,sports_future,,,2026-06-24,0
nba_draft_2026,2026-06-24,scheduled_sports,KXNBA-26-LAL,sports_future,,,2026-06-24,0
nba_draft_2026,2026-06-24,scheduled_sports,KXNBA-26-DET,sports_future,,,2026-06-24,0
nba_draft_2026,2026-06-24,scheduled_sports,KXNBA-26-CLE,sports_future,,,2026-06-24,0
mlb_allstar_2026,2026-07-14,scheduled_sports,KXMLB-26-WSH,sports_future,,,2026-07-14,0
mlb_allstar_2026,2026-07-14,scheduled_sports,KXMLB-26-TOR,sports_future,,,2026-07-14,0
mlb_allstar_2026,2026-07-14,scheduled_sports,KXMLB-26-TEX,sports_future,,,2026-07-14,0
mlb_allstar_2026,2026-07-14,scheduled_sports,KXMLB-26-TB,sports_future,,,2026-07-14,0
mlb_allstar_2026,2026-07-14,scheduled_sports,KXMLB-26-STL,sports_future,,,2026-07-14,0
mlb_allstar_2026,2026-07-14,scheduled_sports,KXMLB-26-SF,sports_future,,,2026-07-14,0
mlb_allstar_2026,2026-07-14,scheduled_sports,KXMLB-26-SEA,sports_future,,,2026-07-14,0
mlb_allstar_2026,2026-07-14,scheduled_sports,KXMLB-26-SD,sports_future,,,2026-07-14,0
mlb_allstar_2026,2026-07-14,scheduled_sports,KXMLB-26-PIT,sports_future,,,2026-07-14,0
mlb_allstar_2026,2026-07-14,scheduled_sports,KXMLB-26-PHI,sports_future,,,2026-07-14,0
mlb_allstar_2026,2026-07-14,scheduled_sports,KXMLB-26-NYY,sports_future,,,2026-07-14,0
mlb_allstar_2026,2026-07-14,scheduled_sports,KXMLB-26-NYM,sports_future,,,2026-07-14,0
mlb_allstar_2026,2026-07-14,scheduled_sports,KXMLB-26-MIN,sports_future,,,2026-07-14,0
mlb_allstar_2026,2026-07-14,scheduled_sports,KXMLB-26-MIL,sports_future,,,2026-07-14,0
mlb_allstar_2026,2026-07-14,scheduled_sports,KXMLB-26-MIA,sports_future,,,2026-07-14,0
mlb_allstar_2026,2026-07-14,scheduled_sports,KXMLB-26-LAD,sports_future,,,2026-07-14,0
mlb_allstar_2026,2026-07-14,scheduled_sports,KXMLB-26-LAA,sports_future,,,2026-07-14,0
mlb_allstar_2026,2026-07-14,scheduled_sports,KXMLB-26-KC,sports_future,,,2026-07-14,0
mlb_allstar_2026,2026-07-14,scheduled_sports,KXMLB-26-HOU,sports_future,,,2026-07-14,0
mlb_allstar_2026,2026-07-14,scheduled_sports,KXMLB-26-DET,sports_future,,,2026-07-14,0
mlb_allstar_2026,2026-07-14,scheduled_sports,KXMLB-26-CWS,sports_future,,,2026-07-14,0
mlb_allstar_2026,2026-07-14,scheduled_sports,KXMLB-26-COL,sports_future,,,2026-07-14,0
mlb_allstar_2026,2026-07-14,scheduled_sports,KXMLB-26-CLE,sports_future,,,2026-07-14,0
mlb_allstar_2026,2026-07-14,scheduled_sports,KXMLB-26-CIN,sports_future,,,2026-07-14,0
mlb_allstar_2026,2026-07-14,scheduled_sports,KXMLB-26-CHC,sports_future,,,2026-07-14,0
mlb_allstar_2026,2026-07-14,scheduled_sports,KXMLB-26-BOS,sports_future,,,2026-07-14,0
mlb_allstar_2026,2026-07-14,scheduled_sports,KXMLB-26-BAL,sports_future,,,2026-07-14,0
mlb_allstar_2026,2026-07-14,scheduled_sports,KXMLB-26-AZ,sports_future,,,2026-07-14,0
mlb_allstar_2026,2026-07-14,scheduled_sports,KXMLB-26-ATL,sports_future,,,2026-07-14,0
mlb_allstar_2026,2026-07-14,scheduled_sports,KXMLB-26-ATH,sports_future,,,2026-07-14,0
fomc_2026_01_supp,2026-01-28T18:00:00Z,scheduled_macro,KXFED-26JAN-T5.25,macro_bucket,,,2026-01-28T18:00:00Z,0
fomc_2026_01_supp,2026-01-28T18:00:00Z,scheduled_macro,KXFED-26JAN-T5.00,macro_bucket,,,2026-01-28T18:00:00Z,0
fomc_2026_01_supp,2026-01-28T18:00:00Z,scheduled_macro,KXFED-26JAN-T4.75,macro_bucket,,,2026-01-28T18:00:00Z,0
fomc_2026_01_supp,2026-01-28T18:00:00Z,scheduled_macro,KXFED-26JAN-T4.50,macro_bucket,,,2026-01-28T18:00:00Z,0
fomc_2026_01_supp,2026-01-28T18:00:00Z,scheduled_macro,KXFED-26JAN-T4.25,macro_bucket,,,2026-01-28T18:00:00Z,0
fomc_2026_01_supp,2026-01-28T18:00:00Z,scheduled_macro,KXFED-26JAN-T4.00,macro_bucket,,,2026-01-28T18:00:00Z,0
fomc_2026_01_supp,2026-01-28T18:00:00Z,scheduled_macro,KXFED-26JAN-T3.75,macro_bucket,,,2026-01-28T18:00:00Z,0
fomc_2026_01_supp,2026-01-28T18:00:00Z,scheduled_macro,KXFED-26JAN-T3.50,macro_bucket,,,2026-01-28T18:00:00Z,0
fomc_2026_01_supp,2026-01-28T18:00:00Z,scheduled_macro,KXFED-26JAN-T3.25,macro_bucket,,,2026-01-28T18:00:00Z,0
fomc_2026_01_supp,2026-01-28T18:00:00Z,scheduled_macro,KXFED-26JAN-T3.00,macro_bucket,,,2026-01-28T18:00:00Z,0
fomc_2026_01_supp,2026-01-28T18:00:00Z,scheduled_macro,KXFED-26JAN-T2.75,macro_bucket,,,2026-01-28T18:00:00Z,0
fomc_2026_03_supp,2026-03-18T18:00:00Z,scheduled_macro,KXFED-26MAR-T5.25,macro_bucket,,,2026-03-18T18:00:00Z,0
fomc_2026_03_supp,2026-03-18T18:00:00Z,scheduled_macro,KXFED-26MAR-T5.00,macro_bucket,,,2026-03-18T18:00:00Z,0
fomc_2026_03_supp,2026-03-18T18:00:00Z,scheduled_macro,KXFED-26MAR-T4.75,macro_bucket,,,2026-03-18T18:00:00Z,0
fomc_2026_03_supp,2026-03-18T18:00:00Z,scheduled_macro,KXFED-26MAR-T4.50,macro_bucket,,,2026-03-18T18:00:00Z,0
fomc_2026_03_supp,2026-03-18T18:00:00Z,scheduled_macro,KXFED-26MAR-T4.25,macro_bucket,,,2026-03-18T18:00:00Z,0
fomc_2026_03_supp,2026-03-18T18:00:00Z,scheduled_macro,KXFED-26MAR-T4.00,macro_bucket,,,2026-03-18T18:00:00Z,0
fomc_2026_03_supp,2026-03-18T18:00:00Z,scheduled_macro,KXFED-26MAR-T3.75,macro_bucket,,,2026-03-18T18:00:00Z,0
fomc_2026_03_supp,2026-03-18T18:00:00Z,scheduled_macro,KXFED-26MAR-T3.50,macro_bucket,,,2026-03-18T18:00:00Z,0
fomc_2026_03_supp,2026-03-18T18:00:00Z,scheduled_macro,KXFED-26MAR-T3.25,macro_bucket,,,2026-03-18T18:00:00Z,0
fomc_2026_03_supp,2026-03-18T18:00:00Z,scheduled_macro,KXFED-26MAR-T3.00,macro_bucket,,,2026-03-18T18:00:00Z,0
fomc_2026_03_supp,2026-03-18T18:00:00Z,scheduled_macro,KXFED-26MAR-T2.75,macro_bucket,,,2026-03-18T18:00:00Z,0
fomc_2026_04_supp,2026-04-29T18:00:00Z,scheduled_macro,KXFED-26APR-T5.25,macro_bucket,,,2026-04-29T18:00:00Z,0
fomc_2026_04_supp,2026-04-29T18:00:00Z,scheduled_macro,KXFED-26APR-T5.00,macro_bucket,,,2026-04-29T18:00:00Z,0
fomc_2026_04_supp,2026-04-29T18:00:00Z,scheduled_macro,KXFED-26APR-T4.75,macro_bucket,,,2026-04-29T18:00:00Z,0
fomc_2026_04_supp,2026-04-29T18:00:00Z,scheduled_macro,KXFED-26APR-T4.50,macro_bucket,,,2026-04-29T18:00:00Z,0
fomc_2026_04_supp,2026-04-29T18:00:00Z,scheduled_macro,KXFED-26APR-T4.25,macro_bucket,,,2026-04-29T18:00:00Z,0
fomc_2026_04_supp,2026-04-29T18:00:00Z,scheduled_macro,KXFED-26APR-T4.00,macro_bucket,,,2026-04-29T18:00:00Z,0
fomc_2026_04_supp,2026-04-29T18:00:00Z,scheduled_macro,KXFED-26APR-T3.75,macro_bucket,,,2026-04-29T18:00:00Z,0
fomc_2026_04_supp,2026-04-29T18:00:00Z,scheduled_macro,KXFED-26APR-T3.50,macro_bucket,,,2026-04-29T18:00:00Z,0
fomc_2026_04_supp,2026-04-29T18:00:00Z,scheduled_macro,KXFED-26APR-T3.25,macro_bucket,,,2026-04-29T18:00:00Z,0
fomc_2026_04_supp,2026-04-29T18:00:00Z,scheduled_macro,KXFED-26APR-T3.00,macro_bucket,,,2026-04-29T18:00:00Z,0
fomc_2026_04_supp,2026-04-29T18:00:00Z,scheduled_macro,KXFED-26APR-T2.75,macro_bucket,,,2026-04-29T18:00:00Z,0
fomc_2026_06_supp,2026-06-17T18:00:00Z,scheduled_macro,KXFED-26JUN-T5.25,macro_bucket,,,2026-06-17T18:00:00Z,0
fomc_2026_06_supp,2026-06-17T18:00:00Z,scheduled_macro,KXFED-26JUN-T5.00,macro_bucket,,,2026-06-17T18:00:00Z,0
fomc_2026_06_supp,2026-06-17T18:00:00Z,scheduled_macro,KXFED-26JUN-T4.75,macro_bucket,,,2026-06-17T18:00:00Z,0
fomc_2026_06_supp,2026-06-17T18:00:00Z,scheduled_macro,KXFED-26JUN-T4.50,macro_bucket,,,2026-06-17T18:00:00Z,0
fomc_2026_06_supp,2026-06-17T18:00:00Z,scheduled_macro,KXFED-26JUN-T4.25,macro_bucket,,,2026-06-17T18:00:00Z,0
fomc_2026_06_supp,2026-06-17T18:00:00Z,scheduled_macro,KXFED-26JUN-T4.00,macro_bucket,,,2026-06-17T18:00:00Z,0
fomc_2026_06_supp,2026-06-17T18:00:00Z,scheduled_macro,KXFED-26JUN-T3.75,macro_bucket,,,2026-06-17T18:00:00Z,0
fomc_2026_06_supp,2026-06-17T18:00:00Z,scheduled_macro,KXFED-26JUN-T3.50,macro_bucket,,,2026-06-17T18:00:00Z,0
fomc_2026_06_supp,2026-06-17T18:00:00Z,scheduled_macro,KXFED-26JUN-T3.25,macro_bucket,,,2026-06-17T18:00:00Z,0
fomc_2026_06_supp,2026-06-17T18:00:00Z,scheduled_macro,KXFED-26JUN-T3.00,macro_bucket,,,2026-06-17T18:00:00Z,0
fomc_2026_06_supp,2026-06-17T18:00:00Z,scheduled_macro,KXFED-26JUN-T2.75,macro_bucket,,,2026-06-17T18:00:00Z,0
fomc_2026_07_supp,2026-07-29T18:00:00Z,scheduled_macro,KXFED-26JUL-T5.25,macro_bucket,,,2026-07-29T18:00:00Z,0
fomc_2026_07_supp,2026-07-29T18:00:00Z,scheduled_macro,KXFED-26JUL-T5.00,macro_bucket,,,2026-07-29T18:00:00Z,0
fomc_2026_07_supp,2026-07-29T18:00:00Z,scheduled_macro,KXFED-26JUL-T4.75,macro_bucket,,,2026-07-29T18:00:00Z,0
fomc_2026_07_supp,2026-07-29T18:00:00Z,scheduled_macro,KXFED-26JUL-T4.50,macro_bucket,,,2026-07-29T18:00:00Z,0
fomc_2026_07_supp,2026-07-29T18:00:00Z,scheduled_macro,KXFED-26JUL-T4.25,macro_bucket,,,2026-07-29T18:00:00Z,0
fomc_2026_07_supp,2026-07-29T18:00:00Z,scheduled_macro,KXFED-26JUL-T4.00,macro_bucket,,,2026-07-29T18:00:00Z,0
fomc_2026_07_supp,2026-07-29T18:00:00Z,scheduled_macro,KXFED-26JUL-T3.75,macro_bucket,,,2026-07-29T18:00:00Z,0
fomc_2026_07_supp,2026-07-29T18:00:00Z,scheduled_macro,KXFED-26JUL-T3.50,macro_bucket,,,2026-07-29T18:00:00Z,0
fomc_2026_07_supp,2026-07-29T18:00:00Z,scheduled_macro,KXFED-26JUL-T3.25,macro_bucket,,,2026-07-29T18:00:00Z,0
fomc_2026_07_supp,2026-07-29T18:00:00Z,scheduled_macro,KXFED-26JUL-T3.00,macro_bucket,,,2026-07-29T18:00:00Z,0
fomc_2026_07_supp,2026-07-29T18:00:00Z,scheduled_macro,KXFED-26JUL-T2.75,macro_bucket,,,2026-07-29T18:00:00Z,0
cpi_2026_01_supp,2026-01-13T12:30:00Z,scheduled_macro,KXCPI-25DEC-T0.4,macro_bucket,,,2026-01-13T12:30:00Z,0
cpi_2026_01_supp,2026-01-13T12:30:00Z,scheduled_macro,KXCPI-25DEC-T0.3,macro_bucket,,,2026-01-13T12:30:00Z,0
cpi_2026_01_supp,2026-01-13T12:30:00Z,scheduled_macro,KXCPI-25DEC-T0.2,macro_bucket,,,2026-01-13T12:30:00Z,0
cpi_2026_01_supp,2026-01-13T12:30:00Z,scheduled_macro,KXCPI-25DEC-T0.1,macro_bucket,,,2026-01-13T12:30:00Z,0
cpi_2026_01_supp,2026-01-13T12:30:00Z,scheduled_macro,KXCPI-25DEC-T-0.1,macro_bucket,,,2026-01-13T12:30:00Z,0
cpi_2026_01_supp,2026-01-13T12:30:00Z,scheduled_macro,KXCPI-25DEC-T0.0,macro_bucket,,,2026-01-13T12:30:00Z,0
cpi_2026_01_supp,2026-01-13T12:30:00Z,scheduled_macro,KXCPICORE-25DECT-T0.5,macro_bucket,,,2026-01-13T12:30:00Z,0
cpi_2026_01_supp,2026-01-13T12:30:00Z,scheduled_macro,KXCPICORE-25DECT-T0.4,macro_bucket,,,2026-01-13T12:30:00Z,0
cpi_2026_01_supp,2026-01-13T12:30:00Z,scheduled_macro,KXCPICORE-25DECT-T0.3,macro_bucket,,,2026-01-13T12:30:00Z,0
cpi_2026_01_supp,2026-01-13T12:30:00Z,scheduled_macro,KXCPICORE-25DECT-T0.2,macro_bucket,,,2026-01-13T12:30:00Z,0
cpi_2026_01_supp,2026-01-13T12:30:00Z,scheduled_macro,KXCPICORE-25DECT-T0.1,macro_bucket,,,2026-01-13T12:30:00Z,0
cpi_2026_01_supp,2026-01-13T12:30:00Z,scheduled_macro,KXCPICORE-25DECT-T0.0,macro_bucket,,,2026-01-13T12:30:00Z,0
cpi_2026_01_supp,2026-01-13T12:30:00Z,scheduled_macro,KXCPICORE-25DEC-T0.3,macro_bucket,,,2026-01-13T12:30:00Z,0
cpi_2026_01_supp,2026-01-13T12:30:00Z,scheduled_macro,KXCPICORE-25DEC-T0.2,macro_bucket,,,2026-01-13T12:30:00Z,0
cpi_2026_01_supp,2026-01-13T12:30:00Z,scheduled_macro,KXCPICORE-25DEC-T0.1,macro_bucket,,,2026-01-13T12:30:00Z,0
cpi_2026_01_supp,2026-01-13T12:30:00Z,scheduled_macro,KXCPICORE-25DEC-T0.0,macro_bucket,,,2026-01-13T12:30:00Z,0
cpi_2026_02_supp,2026-02-13T12:30:00Z,scheduled_macro,KXCPI-26JAN-T0.4,macro_bucket,,,2026-02-13T12:30:00Z,0
cpi_2026_02_supp,2026-02-13T12:30:00Z,scheduled_macro,KXCPI-26JAN-T0.3,macro_bucket,,,2026-02-13T12:30:00Z,0
cpi_2026_02_supp,2026-02-13T12:30:00Z,scheduled_macro,KXCPI-26JAN-T0.2,macro_bucket,,,2026-02-13T12:30:00Z,0
cpi_2026_02_supp,2026-02-13T12:30:00Z,scheduled_macro,KXCPI-26JAN-T0.1,macro_bucket,,,2026-02-13T12:30:00Z,0
cpi_2026_02_supp,2026-02-13T12:30:00Z,scheduled_macro,KXCPI-26JAN-T-0.1,macro_bucket,,,2026-02-13T12:30:00Z,0
cpi_2026_02_supp,2026-02-13T12:30:00Z,scheduled_macro,KXCPI-26JAN-T0.0,macro_bucket,,,2026-02-13T12:30:00Z,0
cpi_2026_02_supp,2026-02-13T12:30:00Z,scheduled_macro,KXCPICORE-26JAN-T0.5,macro_bucket,,,2026-02-13T12:30:00Z,0
cpi_2026_02_supp,2026-02-13T12:30:00Z,scheduled_macro,KXCPICORE-26JAN-T0.4,macro_bucket,,,2026-02-13T12:30:00Z,0
cpi_2026_02_supp,2026-02-13T12:30:00Z,scheduled_macro,KXCPICORE-26JAN-T0.3,macro_bucket,,,2026-02-13T12:30:00Z,0
cpi_2026_02_supp,2026-02-13T12:30:00Z,scheduled_macro,KXCPICORE-26JAN-T0.2,macro_bucket,,,2026-02-13T12:30:00Z,0
cpi_2026_02_supp,2026-02-13T12:30:00Z,scheduled_macro,KXCPICORE-26JAN-T0.1,macro_bucket,,,2026-02-13T12:30:00Z,0
cpi_2026_02_supp,2026-02-13T12:30:00Z,scheduled_macro,KXCPICORE-26JAN-T0.0,macro_bucket,,,2026-02-13T12:30:00Z,0
cpi_2026_03_supp,2026-03-11T12:30:00Z,scheduled_macro,KXCPI-26FEB-T0.4,macro_bucket,,,2026-03-11T12:30:00Z,0
cpi_2026_03_supp,2026-03-11T12:30:00Z,scheduled_macro,KXCPI-26FEB-T0.3,macro_bucket,,,2026-03-11T12:30:00Z,0
cpi_2026_03_supp,2026-03-11T12:30:00Z,scheduled_macro,KXCPI-26FEB-T0.2,macro_bucket,,,2026-03-11T12:30:00Z,0
cpi_2026_03_supp,2026-03-11T12:30:00Z,scheduled_macro,KXCPI-26FEB-T0.1,macro_bucket,,,2026-03-11T12:30:00Z,0
cpi_2026_03_supp,2026-03-11T12:30:00Z,scheduled_macro,KXCPI-26FEB-T-0.1,macro_bucket,,,2026-03-11T12:30:00Z,0
cpi_2026_03_supp,2026-03-11T12:30:00Z,scheduled_macro,KXCPI-26FEB-T0.0,macro_bucket,,,2026-03-11T12:30:00Z,0
cpi_2026_03_supp,2026-03-11T12:30:00Z,scheduled_macro,KXCPICORE-26FEB-T0.5,macro_bucket,,,2026-03-11T12:30:00Z,0
cpi_2026_03_supp,2026-03-11T12:30:00Z,scheduled_macro,KXCPICORE-26FEB-T0.4,macro_bucket,,,2026-03-11T12:30:00Z,0
cpi_2026_03_supp,2026-03-11T12:30:00Z,scheduled_macro,KXCPICORE-26FEB-T0.3,macro_bucket,,,2026-03-11T12:30:00Z,0
cpi_2026_03_supp,2026-03-11T12:30:00Z,scheduled_macro,KXCPICORE-26FEB-T0.2,macro_bucket,,,2026-03-11T12:30:00Z,0
cpi_2026_03_supp,2026-03-11T12:30:00Z,scheduled_macro,KXCPICORE-26FEB-T0.1,macro_bucket,,,2026-03-11T12:30:00Z,0
cpi_2026_03_supp,2026-03-11T12:30:00Z,scheduled_macro,KXCPICORE-26FEB-T0.0,macro_bucket,,,2026-03-11T12:30:00Z,0
cpi_2026_04_supp,2026-04-10T12:30:00Z,scheduled_macro,KXCPI-26MAR-T1.3,macro_bucket,,,2026-04-10T12:30:00Z,0
cpi_2026_04_supp,2026-04-10T12:30:00Z,scheduled_macro,KXCPI-26MAR-T1.2,macro_bucket,,,2026-04-10T12:30:00Z,0
cpi_2026_04_supp,2026-04-10T12:30:00Z,scheduled_macro,KXCPI-26MAR-T1.1,macro_bucket,,,2026-04-10T12:30:00Z,0
cpi_2026_04_supp,2026-04-10T12:30:00Z,scheduled_macro,KXCPI-26MAR-T1.0,macro_bucket,,,2026-04-10T12:30:00Z,0
cpi_2026_04_supp,2026-04-10T12:30:00Z,scheduled_macro,KXCPI-26MAR-T0.9,macro_bucket,,,2026-04-10T12:30:00Z,0
cpi_2026_04_supp,2026-04-10T12:30:00Z,scheduled_macro,KXCPI-26MAR-T0.8,macro_bucket,,,2026-04-10T12:30:00Z,0
cpi_2026_04_supp,2026-04-10T12:30:00Z,scheduled_macro,KXCPI-26MAR-T0.7,macro_bucket,,,2026-04-10T12:30:00Z,0
cpi_2026_04_supp,2026-04-10T12:30:00Z,scheduled_macro,KXCPI-26MAR-T0.6,macro_bucket,,,2026-04-10T12:30:00Z,0
cpi_2026_04_supp,2026-04-10T12:30:00Z,scheduled_macro,KXCPI-26MAR-T0.5,macro_bucket,,,2026-04-10T12:30:00Z,0
cpi_2026_04_supp,2026-04-10T12:30:00Z,scheduled_macro,KXCPI-26MAR-T0.4,macro_bucket,,,2026-04-10T12:30:00Z,0
cpi_2026_04_supp,2026-04-10T12:30:00Z,scheduled_macro,KXCPI-26MAR-T0.3,macro_bucket,,,2026-04-10T12:30:00Z,0
cpi_2026_04_supp,2026-04-10T12:30:00Z,scheduled_macro,KXCPI-26MAR-T0.2,macro_bucket,,,2026-04-10T12:30:00Z,0
cpi_2026_04_supp,2026-04-10T12:30:00Z,scheduled_macro,KXCPI-26MAR-T0.1,macro_bucket,,,2026-04-10T12:30:00Z,0
cpi_2026_04_supp,2026-04-10T12:30:00Z,scheduled_macro,KXCPI-26MAR-T-0.1,macro_bucket,,,2026-04-10T12:30:00Z,0
cpi_2026_04_supp,2026-04-10T12:30:00Z,scheduled_macro,KXCPI-26MAR-T0.0,macro_bucket,,,2026-04-10T12:30:00Z,0
cpi_2026_04_supp,2026-04-10T12:30:00Z,scheduled_macro,KXCPICORE-26MAR-T0.7,macro_bucket,,,2026-04-10T12:30:00Z,0
cpi_2026_04_supp,2026-04-10T12:30:00Z,scheduled_macro,KXCPICORE-26MAR-T0.6,macro_bucket,,,2026-04-10T12:30:00Z,0
cpi_2026_04_supp,2026-04-10T12:30:00Z,scheduled_macro,KXCPICORE-26MAR-T0.5,macro_bucket,,,2026-04-10T12:30:00Z,0
cpi_2026_04_supp,2026-04-10T12:30:00Z,scheduled_macro,KXCPICORE-26MAR-T0.4,macro_bucket,,,2026-04-10T12:30:00Z,0
cpi_2026_04_supp,2026-04-10T12:30:00Z,scheduled_macro,KXCPICORE-26MAR-T0.3,macro_bucket,,,2026-04-10T12:30:00Z,0
cpi_2026_04_supp,2026-04-10T12:30:00Z,scheduled_macro,KXCPICORE-26MAR-T0.2,macro_bucket,,,2026-04-10T12:30:00Z,0
cpi_2026_04_supp,2026-04-10T12:30:00Z,scheduled_macro,KXCPICORE-26MAR-T0.1,macro_bucket,,,2026-04-10T12:30:00Z,0
cpi_2026_04_supp,2026-04-10T12:30:00Z,scheduled_macro,KXCPICORE-26MAR-T0.0,macro_bucket,,,2026-04-10T12:30:00Z,0
cpi_2026_05_supp,2026-05-12T12:30:00Z,scheduled_macro,KXCPI-26APR-T1.0,macro_bucket,,,2026-05-12T12:30:00Z,0
cpi_2026_05_supp,2026-05-12T12:30:00Z,scheduled_macro,KXCPI-26APR-T0.9,macro_bucket,,,2026-05-12T12:30:00Z,0
cpi_2026_05_supp,2026-05-12T12:30:00Z,scheduled_macro,KXCPI-26APR-T0.8,macro_bucket,,,2026-05-12T12:30:00Z,0
cpi_2026_05_supp,2026-05-12T12:30:00Z,scheduled_macro,KXCPI-26APR-T0.7,macro_bucket,,,2026-05-12T12:30:00Z,0
cpi_2026_05_supp,2026-05-12T12:30:00Z,scheduled_macro,KXCPI-26APR-T0.6,macro_bucket,,,2026-05-12T12:30:00Z,0
cpi_2026_05_supp,2026-05-12T12:30:00Z,scheduled_macro,KXCPI-26APR-T0.5,macro_bucket,,,2026-05-12T12:30:00Z,0
cpi_2026_05_supp,2026-05-12T12:30:00Z,scheduled_macro,KXCPI-26APR-T0.4,macro_bucket,,,2026-05-12T12:30:00Z,0
cpi_2026_05_supp,2026-05-12T12:30:00Z,scheduled_macro,KXCPI-26APR-T0.3,macro_bucket,,,2026-05-12T12:30:00Z,0
cpi_2026_05_supp,2026-05-12T12:30:00Z,scheduled_macro,KXCPI-26APR-T0.2,macro_bucket,,,2026-05-12T12:30:00Z,0
cpi_2026_05_supp,2026-05-12T12:30:00Z,scheduled_macro,KXCPI-26APR-T0.1,macro_bucket,,,2026-05-12T12:30:00Z,0
cpi_2026_05_supp,2026-05-12T12:30:00Z,scheduled_macro,KXCPI-26APR-T-0.1,macro_bucket,,,2026-05-12T12:30:00Z,0
cpi_2026_05_supp,2026-05-12T12:30:00Z,scheduled_macro,KXCPI-26APR-T0.0,macro_bucket,,,2026-05-12T12:30:00Z,0
cpi_2026_05_supp,2026-05-12T12:30:00Z,scheduled_macro,KXCPICORE-26APR-T1.5,macro_bucket,,,2026-05-12T12:30:00Z,0
cpi_2026_05_supp,2026-05-12T12:30:00Z,scheduled_macro,KXCPICORE-26APR-T1.4,macro_bucket,,,2026-05-12T12:30:00Z,0
cpi_2026_05_supp,2026-05-12T12:30:00Z,scheduled_macro,KXCPICORE-26APR-T1.3,macro_bucket,,,2026-05-12T12:30:00Z,0
cpi_2026_05_supp,2026-05-12T12:30:00Z,scheduled_macro,KXCPICORE-26APR-T1.2,macro_bucket,,,2026-05-12T12:30:00Z,0
cpi_2026_05_supp,2026-05-12T12:30:00Z,scheduled_macro,KXCPICORE-26APR-T1.1,macro_bucket,,,2026-05-12T12:30:00Z,0
cpi_2026_05_supp,2026-05-12T12:30:00Z,scheduled_macro,KXCPICORE-26APR-T1.0,macro_bucket,,,2026-05-12T12:30:00Z,0
cpi_2026_05_supp,2026-05-12T12:30:00Z,scheduled_macro,KXCPICORE-26APR-T0.9,macro_bucket,,,2026-05-12T12:30:00Z,0
cpi_2026_05_supp,2026-05-12T12:30:00Z,scheduled_macro,KXCPICORE-26APR-T0.8,macro_bucket,,,2026-05-12T12:30:00Z,0
cpi_2026_05_supp,2026-05-12T12:30:00Z,scheduled_macro,KXCPICORE-26APR-T0.7,macro_bucket,,,2026-05-12T12:30:00Z,0
cpi_2026_05_supp,2026-05-12T12:30:00Z,scheduled_macro,KXCPICORE-26APR-T0.6,macro_bucket,,,2026-05-12T12:30:00Z,0
cpi_2026_05_supp,2026-05-12T12:30:00Z,scheduled_macro,KXCPICORE-26APR-T0.5,macro_bucket,,,2026-05-12T12:30:00Z,0
cpi_2026_05_supp,2026-05-12T12:30:00Z,scheduled_macro,KXCPICORE-26APR-T0.4,macro_bucket,,,2026-05-12T12:30:00Z,0
cpi_2026_05_supp,2026-05-12T12:30:00Z,scheduled_macro,KXCPICORE-26APR-T0.3,macro_bucket,,,2026-05-12T12:30:00Z,0
cpi_2026_05_supp,2026-05-12T12:30:00Z,scheduled_macro,KXCPICORE-26APR-T0.2,macro_bucket,,,2026-05-12T12:30:00Z,0
cpi_2026_05_supp,2026-05-12T12:30:00Z,scheduled_macro,KXCPICORE-26APR-T0.1,macro_bucket,,,2026-05-12T12:30:00Z,0
cpi_2026_05_supp,2026-05-12T12:30:00Z,scheduled_macro,KXCPICORE-26APR-T0.0,macro_bucket,,,2026-05-12T12:30:00Z,0
cpi_2026_06_supp,2026-06-10T12:30:00Z,scheduled_macro,KXCPI-26MAY-T-0.3,macro_bucket,,,2026-06-10T12:30:00Z,0
cpi_2026_06_supp,2026-06-10T12:30:00Z,scheduled_macro,KXCPI-26MAY-T-0.2,macro_bucket,,,2026-06-10T12:30:00Z,0
cpi_2026_06_supp,2026-06-10T12:30:00Z,scheduled_macro,KXCPI-26MAY-T1.0,macro_bucket,,,2026-06-10T12:30:00Z,0
cpi_2026_06_supp,2026-06-10T12:30:00Z,scheduled_macro,KXCPI-26MAY-T0.9,macro_bucket,,,2026-06-10T12:30:00Z,0
cpi_2026_06_supp,2026-06-10T12:30:00Z,scheduled_macro,KXCPI-26MAY-T0.8,macro_bucket,,,2026-06-10T12:30:00Z,0
cpi_2026_06_supp,2026-06-10T12:30:00Z,scheduled_macro,KXCPI-26MAY-T0.7,macro_bucket,,,2026-06-10T12:30:00Z,0
cpi_2026_06_supp,2026-06-10T12:30:00Z,scheduled_macro,KXCPI-26MAY-T0.6,macro_bucket,,,2026-06-10T12:30:00Z,0
cpi_2026_06_supp,2026-06-10T12:30:00Z,scheduled_macro,KXCPI-26MAY-T0.5,macro_bucket,,,2026-06-10T12:30:00Z,0
cpi_2026_06_supp,2026-06-10T12:30:00Z,scheduled_macro,KXCPI-26MAY-T0.4,macro_bucket,,,2026-06-10T12:30:00Z,0
cpi_2026_06_supp,2026-06-10T12:30:00Z,scheduled_macro,KXCPI-26MAY-T0.3,macro_bucket,,,2026-06-10T12:30:00Z,0
cpi_2026_06_supp,2026-06-10T12:30:00Z,scheduled_macro,KXCPI-26MAY-T0.2,macro_bucket,,,2026-06-10T12:30:00Z,0
cpi_2026_06_supp,2026-06-10T12:30:00Z,scheduled_macro,KXCPI-26MAY-T0.1,macro_bucket,,,2026-06-10T12:30:00Z,0
cpi_2026_06_supp,2026-06-10T12:30:00Z,scheduled_macro,KXCPI-26MAY-T-0.1,macro_bucket,,,2026-06-10T12:30:00Z,0
cpi_2026_06_supp,2026-06-10T12:30:00Z,scheduled_macro,KXCPI-26MAY-T0.0,macro_bucket,,,2026-06-10T12:30:00Z,0
cpi_2026_06_supp,2026-06-10T12:30:00Z,scheduled_macro,KXCPICORE-26MAY-T1.0,macro_bucket,,,2026-06-10T12:30:00Z,0
cpi_2026_06_supp,2026-06-10T12:30:00Z,scheduled_macro,KXCPICORE-26MAY-T0.9,macro_bucket,,,2026-06-10T12:30:00Z,0
cpi_2026_06_supp,2026-06-10T12:30:00Z,scheduled_macro,KXCPICORE-26MAY-T0.8,macro_bucket,,,2026-06-10T12:30:00Z,0
cpi_2026_06_supp,2026-06-10T12:30:00Z,scheduled_macro,KXCPICORE-26MAY-T0.7,macro_bucket,,,2026-06-10T12:30:00Z,0
cpi_2026_06_supp,2026-06-10T12:30:00Z,scheduled_macro,KXCPICORE-26MAY-T0.6,macro_bucket,,,2026-06-10T12:30:00Z,0
cpi_2026_06_supp,2026-06-10T12:30:00Z,scheduled_macro,KXCPICORE-26MAY-T0.5,macro_bucket,,,2026-06-10T12:30:00Z,0
cpi_2026_06_supp,2026-06-10T12:30:00Z,scheduled_macro,KXCPICORE-26MAY-T0.4,macro_bucket,,,2026-06-10T12:30:00Z,0
cpi_2026_06_supp,2026-06-10T12:30:00Z,scheduled_macro,KXCPICORE-26MAY-T0.3,macro_bucket,,,2026-06-10T12:30:00Z,0
cpi_2026_06_supp,2026-06-10T12:30:00Z,scheduled_macro,KXCPICORE-26MAY-T0.2,macro_bucket,,,2026-06-10T12:30:00Z,0
cpi_2026_06_supp,2026-06-10T12:30:00Z,scheduled_macro,KXCPICORE-26MAY-T0.1,macro_bucket,,,2026-06-10T12:30:00Z,0
cpi_2026_06_supp,2026-06-10T12:30:00Z,scheduled_macro,KXCPICORE-26MAY-T0.0,macro_bucket,,,2026-06-10T12:30:00Z,0
cpi_2026_07_supp,2026-07-14T12:30:00Z,scheduled_macro,KXCPI-26JUN-T-0.3,macro_bucket,,,2026-07-14T12:30:00Z,0
cpi_2026_07_supp,2026-07-14T12:30:00Z,scheduled_macro,KXCPI-26JUN-T-0.2,macro_bucket,,,2026-07-14T12:30:00Z,0
cpi_2026_07_supp,2026-07-14T12:30:00Z,scheduled_macro,KXCPI-26JUN-T0.5,macro_bucket,,,2026-07-14T12:30:00Z,0
cpi_2026_07_supp,2026-07-14T12:30:00Z,scheduled_macro,KXCPI-26JUN-T0.4,macro_bucket,,,2026-07-14T12:30:00Z,0
cpi_2026_07_supp,2026-07-14T12:30:00Z,scheduled_macro,KXCPI-26JUN-T0.3,macro_bucket,,,2026-07-14T12:30:00Z,0
cpi_2026_07_supp,2026-07-14T12:30:00Z,scheduled_macro,KXCPI-26JUN-T0.2,macro_bucket,,,2026-07-14T12:30:00Z,0
cpi_2026_07_supp,2026-07-14T12:30:00Z,scheduled_macro,KXCPI-26JUN-T0.1,macro_bucket,,,2026-07-14T12:30:00Z,0
cpi_2026_07_supp,2026-07-14T12:30:00Z,scheduled_macro,KXCPI-26JUN-T-0.1,macro_bucket,,,2026-07-14T12:30:00Z,0
cpi_2026_07_supp,2026-07-14T12:30:00Z,scheduled_macro,KXCPI-26JUN-T0.0,macro_bucket,,,2026-07-14T12:30:00Z,0
cpi_2026_07_supp,2026-07-14T12:30:00Z,scheduled_macro,KXCPICORE-26JUN-T1.0,macro_bucket,,,2026-07-14T12:30:00Z,0
cpi_2026_07_supp,2026-07-14T12:30:00Z,scheduled_macro,KXCPICORE-26JUN-T0.9,macro_bucket,,,2026-07-14T12:30:00Z,0
cpi_2026_07_supp,2026-07-14T12:30:00Z,scheduled_macro,KXCPICORE-26JUN-T0.8,macro_bucket,,,2026-07-14T12:30:00Z,0
cpi_2026_07_supp,2026-07-14T12:30:00Z,scheduled_macro,KXCPICORE-26JUN-T0.7,macro_bucket,,,2026-07-14T12:30:00Z,0
cpi_2026_07_supp,2026-07-14T12:30:00Z,scheduled_macro,KXCPICORE-26JUN-T0.6,macro_bucket,,,2026-07-14T12:30:00Z,0
cpi_2026_07_supp,2026-07-14T12:30:00Z,scheduled_macro,KXCPICORE-26JUN-T0.5,macro_bucket,,,2026-07-14T12:30:00Z,0
cpi_2026_07_supp,2026-07-14T12:30:00Z,scheduled_macro,KXCPICORE-26JUN-T0.4,macro_bucket,,,2026-07-14T12:30:00Z,0
cpi_2026_07_supp,2026-07-14T12:30:00Z,scheduled_macro,KXCPICORE-26JUN-T0.3,macro_bucket,,,2026-07-14T12:30:00Z,0
cpi_2026_07_supp,2026-07-14T12:30:00Z,scheduled_macro,KXCPICORE-26JUN-T0.2,macro_bucket,,,2026-07-14T12:30:00Z,0
cpi_2026_07_supp,2026-07-14T12:30:00Z,scheduled_macro,KXCPICORE-26JUN-T0.1,macro_bucket,,,2026-07-14T12:30:00Z,0
cpi_2026_07_supp,2026-07-14T12:30:00Z,scheduled_macro,KXCPICORE-26JUN-T0.0,macro_bucket,,,2026-07-14T12:30:00Z,0
cpi_2026_08_supp,2026-08-12T12:30:00Z,scheduled_macro,KXCPI-26JUL-T-0.4,macro_bucket,,,2026-08-12T12:30:00Z,0
cpi_2026_08_supp,2026-08-12T12:30:00Z,scheduled_macro,KXCPI-26JUL-T-0.3,macro_bucket,,,2026-08-12T12:30:00Z,0
cpi_2026_08_supp,2026-08-12T12:30:00Z,scheduled_macro,KXCPI-26JUL-T-0.2,macro_bucket,,,2026-08-12T12:30:00Z,0
cpi_2026_08_supp,2026-08-12T12:30:00Z,scheduled_macro,KXCPI-26JUL-T0.5,macro_bucket,,,2026-08-12T12:30:00Z,0
cpi_2026_08_supp,2026-08-12T12:30:00Z,scheduled_macro,KXCPI-26JUL-T0.4,macro_bucket,,,2026-08-12T12:30:00Z,0
cpi_2026_08_supp,2026-08-12T12:30:00Z,scheduled_macro,KXCPI-26JUL-T0.3,macro_bucket,,,2026-08-12T12:30:00Z,0
cpi_2026_08_supp,2026-08-12T12:30:00Z,scheduled_macro,KXCPI-26JUL-T0.2,macro_bucket,,,2026-08-12T12:30:00Z,0
cpi_2026_08_supp,2026-08-12T12:30:00Z,scheduled_macro,KXCPI-26JUL-T0.1,macro_bucket,,,2026-08-12T12:30:00Z,0
cpi_2026_08_supp,2026-08-12T12:30:00Z,scheduled_macro,KXCPI-26JUL-T-0.1,macro_bucket,,,2026-08-12T12:30:00Z,0
cpi_2026_08_supp,2026-08-12T12:30:00Z,scheduled_macro,KXCPI-26JUL-T0.0,macro_bucket,,,2026-08-12T12:30:00Z,0
cpi_2026_08_supp,2026-08-12T12:30:00Z,scheduled_macro,KXCPICORE-26JUL-T1.0,macro_bucket,,,2026-08-12T12:30:00Z,0
cpi_2026_08_supp,2026-08-12T12:30:00Z,scheduled_macro,KXCPICORE-26JUL-T0.9,macro_bucket,,,2026-08-12T12:30:00Z,0
cpi_2026_08_supp,2026-08-12T12:30:00Z,scheduled_macro,KXCPICORE-26JUL-T0.8,macro_bucket,,,2026-08-12T12:30:00Z,0
cpi_2026_08_supp,2026-08-12T12:30:00Z,scheduled_macro,KXCPICORE-26JUL-T0.7,macro_bucket,,,2026-08-12T12:30:00Z,0
cpi_2026_08_supp,2026-08-12T12:30:00Z,scheduled_macro,KXCPICORE-26JUL-T0.6,macro_bucket,,,2026-08-12T12:30:00Z,0
cpi_2026_08_supp,2026-08-12T12:30:00Z,scheduled_macro,KXCPICORE-26JUL-T0.5,macro_bucket,,,2026-08-12T12:30:00Z,0
cpi_2026_08_supp,2026-08-12T12:30:00Z,scheduled_macro,KXCPICORE-26JUL-T0.4,macro_bucket,,,2026-08-12T12:30:00Z,0
cpi_2026_08_supp,2026-08-12T12:30:00Z,scheduled_macro,KXCPICORE-26JUL-T0.3,macro_bucket,,,2026-08-12T12:30:00Z,0
cpi_2026_08_supp,2026-08-12T12:30:00Z,scheduled_macro,KXCPICORE-26JUL-T0.2,macro_bucket,,,2026-08-12T12:30:00Z,0
cpi_2026_08_supp,2026-08-12T12:30:00Z,scheduled_macro,KXCPICORE-26JUL-T0.1,macro_bucket,,,2026-08-12T12:30:00Z,0
cpi_2026_08_supp,2026-08-12T12:30:00Z,scheduled_macro,KXCPICORE-26JUL-T0.0,macro_bucket,,,2026-08-12T12:30:00Z,0
