event_id,ticker,event_type,market_kind,window_days,n_base,baseline_fallback,abnormal_move,abn_logodds,abn_scaled,time_to_50h,avg_spread,n_trades,vol_window,vol_base_daily,d_oi,pre_mid,surprise,moneyness_steps,tier,tier_label,liquid,cell
myles_garrett_to_rams,KXSB-27-WAS,unscheduled_sports,sports_future,1,25,False,-3.469446951953614e-18,0.0,-1.3877787807814454e-16,,0.009999999999999998,,308.38,1017.0388,0.0,0.025,,,S1,Deep longshot,True,unsched_sports
myles_garrett_to_rams,KXSB-27-WAS,unscheduled_sports,sports_future,3,25,False,-3.469446951953614e-18,0.0,-1.3877787807814454e-16,,0.009999999999999998,,3179.2,1017.0388,2824.8199999998324,0.025,,,S1,Deep longshot,True,unsched_sports
myles_garrett_to_rams,KXSB-27-WAS,unscheduled_sports,sports_future,5,25,False,-3.469446951953614e-18,0.0,-1.3877787807814454e-16,,0.009999999999999998,,4453.16,1017.0388,4083.179999999935,0.025,,,S1,Deep longshot,True,unsched_sports
myles_garrett_to_rams,KXSB-27-TEN,unscheduled_sports,sports_future,1,12,False,1.734723475976807e-18,0.0,1.7347234759768073e-16,,0.01,,3176.96,258.0168,0.0,0.01,,,S1,Deep longshot,True,unsched_sports
myles_garrett_to_rams,KXSB-27-TEN,unscheduled_sports,sports_future,3,12,False,1.734723475976807e-18,0.0,1.7347234759768073e-16,,0.01,,8839.01,258.0168,5662.0500000000175,0.01,,,S1,Deep longshot,True,unsched_sports
myles_garrett_to_rams,KXSB-27-TEN,unscheduled_sports,sports_future,5,12,False,1.734723475976807e-18,0.0,1.7347234759768073e-16,,0.01,,10759.380000000001,258.0168,7582.420000000013,0.01,,,S1,Deep longshot,True,unsched_sports
myles_garrett_to_rams,KXSB-27-TB,unscheduled_sports,sports_future,1,25,False,0.0,0.0,0.0,,0.01,,3601.76,767.9676000000001,0.0,0.015,,,S1,Deep longshot,True,unsched_sports
myles_garrett_to_rams,KXSB-27-TB,unscheduled_sports,sports_future,3,25,False,0.0,0.0,0.0,,0.01,,11369.86,767.9676000000001,7737.099999999977,0.015,,,S1,Deep longshot,True,unsched_sports
myles_garrett_to_rams,KXSB-27-TB,unscheduled_sports,sports_future,5,25,False,0.0,0.0,0.0,,0.01,,12148.67,767.9676000000001,8515.910000000033,0.015,,,S1,Deep longshot,True,unsched_sports
myles_garrett_to_rams,KXSB-27-SF,unscheduled_sports,sports_future,1,25,False,0.0,0.0,0.0,,0.009999999999999995,,9463.9,6246.8968,0.0,0.055,,,S2,Longshot,True,unsched_sports
myles_garrett_to_rams,KXSB-27-SF,unscheduled_sports,sports_future,3,25,False,0.0,0.0,0.0,,0.009999999999999995,,20941.35,6246.8968,10527.209999999963,0.055,,,S2,Longshot,True,unsched_sports
myles_garrett_to_rams,KXSB-27-SF,unscheduled_sports,sports_future,5,25,False,0.0,0.0,0.0,,0.009999999999999995,,29295.429999999997,6246.8968,16348.729999999981,0.055,,,S2,Longshot,True,unsched_sports
myles_garrett_to_rams,KXSB-27-SEA,unscheduled_sports,sports_future,1,25,False,0.0015999999999999903,0.02075005392511775,0.019184652278177342,10.683333333333334,0.009999999999999995,,24202.55,9991.8584,0.0,0.08499999999999999,,,S2,Longshot,True,unsched_sports
myles_garrett_to_rams,KXSB-27-SEA,unscheduled_sports,sports_future,3,25,False,0.0015999999999999903,0.02075005392511775,0.019184652278177342,10.683333333333334,0.009999999999999995,,50181.68000000001,9991.8584,21791.280000000028,0.08499999999999999,,,S2,Longshot,True,unsched_sports
myles_garrett_to_rams,KXSB-27-SEA,unscheduled_sports,sports_future,5,25,False,0.0015999999999999903,0.02075005392511775,0.019184652278177342,10.683333333333334,0.009999999999999995,,139338.89,9991.8584,109631.04000000004,0.08499999999999999,,,S2,Longshot,True,unsched_sports
myles_garrett_to_rams,KXSB-27-PIT,unscheduled_sports,sports_future,1,25,False,0.0,0.0,0.0,,0.01,,9097.44,4012.7339999999995,0.0,0.015,,,S1,Deep longshot,True,unsched_sports
myles_garrett_to_rams,KXSB-27-PIT,unscheduled_sports,sports_future,3,25,False,0.0,0.0,0.0,,0.01,,25044.97,4012.7339999999995,15433.630000000005,0.015,,,S1,Deep longshot,True,unsched_sports
myles_garrett_to_rams,KXSB-27-PIT,unscheduled_sports,sports_future,5,25,False,0.0,0.0,0.0,,0.01,,44568.39,4012.7339999999995,34957.04999999999,0.015,,,S1,Deep longshot,True,unsched_sports
myles_garrett_to_rams,KXSB-27-PHI,unscheduled_sports,sports_future,1,25,False,-0.008,-0.17204167107645407,-0.1509433962264151,10.683333333333334,0.010000000000000002,,18935.17,2781.427600000001,0.0,0.045,,,S1,Deep longshot,True,unsched_sports
myles_garrett_to_rams,KXSB-27-PHI,unscheduled_sports,sports_future,3,25,False,-0.008,-0.17204167107645407,-0.1509433962264151,10.683333333333334,0.010000000000000002,,33402.1,2781.427600000001,14375.929999999993,0.045,,,S1,Deep longshot,True,unsched_sports
myles_garrett_to_rams,KXSB-27-PHI,unscheduled_sports,sports_future,5,25,False,-0.008,-0.17204167107645407,-0.1509433962264151,10.683333333333334,0.010000000000000002,,45557.06,2781.427600000001,26049.369999999995,0.045,,,S1,Deep longshot,True,unsched_sports
myles_garrett_to_rams,KXSB-27-NYJ,unscheduled_sports,sports_future,1,16,False,0.0,0.0,0.0,,0.01,,4046.05,553.2875,0.0,0.01,,,S1,Deep longshot,True,unsched_sports
myles_garrett_to_rams,KXSB-27-NYJ,unscheduled_sports,sports_future,3,16,False,0.0,0.0,0.0,,0.01,,4981.24,553.2875,935.1900000000023,0.01,,,S1,Deep longshot,True,unsched_sports
myles_garrett_to_rams,KXSB-27-NYJ,unscheduled_sports,sports_future,5,16,False,0.0,0.0,0.0,,0.01,,5851.63,553.2875,1805.5799999999872,0.01,,,S1,Deep longshot,True,unsched_sports
myles_garrett_to_rams,KXSB-27-NYG,unscheduled_sports,sports_future,1,25,False,0.0,0.0,0.0,,0.01,,95775.1,10649.431999999999,0.0,0.015,,,S1,Deep longshot,True,unsched_sports
myles_garrett_to_rams,KXSB-27-NYG,unscheduled_sports,sports_future,3,25,False,0.0,0.0,0.0,,0.01,,141028.58000000002,10649.431999999999,41705.87000000011,0.015,,,S1,Deep longshot,True,unsched_sports
myles_garrett_to_rams,KXSB-27-NYG,unscheduled_sports,sports_future,5,25,False,0.0,0.0,0.0,,0.01,,151045.34000000003,10649.431999999999,49267.38000000012,0.015,,,S1,Deep longshot,True,unsched_sports
myles_garrett_to_rams,KXSB-27-NO,unscheduled_sports,sports_future,1,25,False,0.0,0.0,0.0,,0.01,,5330.57,13224.5704,0.0,0.01,,,S1,Deep longshot,True,unsched_sports
myles_garrett_to_rams,KXSB-27-NO,unscheduled_sports,sports_future,3,25,False,0.0,0.0,0.0,,0.01,,30159.48,13224.5704,24828.91000000015,0.01,,,S1,Deep longshot,True,unsched_sports
myles_garrett_to_rams,KXSB-27-NO,unscheduled_sports,sports_future,5,25,False,0.0,0.0,0.0,,0.01,,33852.18,13224.5704,28521.610000000102,0.01,,,S1,Deep longshot,True,unsched_sports
myles_garrett_to_rams,KXSB-27-NE,unscheduled_sports,sports_future,1,25,False,0.009999999999999995,0.2617311891391618,0.28571428571428553,10.683333333333334,0.010000000000000002,,517341.94,6928.1016,0.0,0.035,,,S1,Deep longshot,True,unsched_sports
myles_garrett_to_rams,KXSB-27-NE,unscheduled_sports,sports_future,3,25,False,0.009999999999999995,0.2617311891391618,0.28571428571428553,10.683333333333334,0.010000000000000002,,588191.6,6928.1016,70291.54000000015,0.035,,,S1,Deep longshot,True,unsched_sports
myles_garrett_to_rams,KXSB-27-NE,unscheduled_sports,sports_future,5,25,False,0.009999999999999995,0.2617311891391618,0.28571428571428553,10.683333333333334,0.010000000000000002,,599710.14,6928.1016,81144.7300000001,0.035,,,S1,Deep longshot,True,unsched_sports
myles_garrett_to_rams,KXSB-27-MIN,unscheduled_sports,sports_future,1,25,False,-0.008400000000000005,-0.45325031080597444,-0.3589743589743591,10.683333333333334,0.01,,18568.53,6464.2576,0.0,0.015,,,S1,Deep longshot,True,unsched_sports
myles_garrett_to_rams,KXSB-27-MIN,unscheduled_sports,sports_future,3,25,False,-0.008400000000000005,-0.45325031080597444,-0.3589743589743591,10.683333333333334,0.01,,33686.95,6464.2576,13910.420000000158,0.015,,,S1,Deep longshot,True,unsched_sports
myles_garrett_to_rams,KXSB-27-MIN,unscheduled_sports,sports_future,5,25,False,-0.008400000000000005,-0.45325031080597444,-0.3589743589743591,10.683333333333334,0.01,,63844.56,6464.2576,43600.13000000012,0.015,,,S1,Deep longshot,True,unsched_sports
myles_garrett_to_rams,KXSB-27-MIA,unscheduled_sports,sports_future,1,18,False,-1.734723475976807e-18,0.0,-1.7347234759768068e-16,,0.01,,5281.75,910.7923999999999,0.0,0.01,,,S1,Deep longshot,True,unsched_sports
myles_garrett_to_rams,KXSB-27-MIA,unscheduled_sports,sports_future,3,18,False,-1.734723475976807e-18,0.0,-1.7347234759768068e-16,,0.01,,6029.89,910.7923999999999,748.140000000014,0.01,,,S1,Deep longshot,True,unsched_sports
myles_garrett_to_rams,KXSB-27-MIA,unscheduled_sports,sports_future,5,18,False,-1.734723475976807e-18,0.0,-1.7347234759768068e-16,,0.01,,6969.4800000000005,910.7923999999999,1687.7299999999814,0.01,,,S1,Deep longshot,True,unsched_sports
myles_garrett_to_rams,KXSB-27-LV,unscheduled_sports,sports_future,1,25,False,-0.0012000000000000014,-0.11454154173221198,-0.10714285714285725,10.683333333333334,0.01,,9859.19,11145.898000000001,0.0,0.01,,,S1,Deep longshot,True,unsched_sports
myles_garrett_to_rams,KXSB-27-LV,unscheduled_sports,sports_future,3,25,False,-0.0012000000000000014,-0.11454154173221198,-0.10714285714285725,10.683333333333334,0.01,,28049.14,11145.898000000001,18189.949999999953,0.01,,,S1,Deep longshot,True,unsched_sports
myles_garrett_to_rams,KXSB-27-LV,unscheduled_sports,sports_future,5,25,False,-0.0012000000000000014,-0.11454154173221198,-0.10714285714285725,10.683333333333334,0.01,,61735.899999999994,11145.898000000001,51876.70999999996,0.01,,,S1,Deep longshot,True,unsched_sports
myles_garrett_to_rams,KXSB-27-LAR,unscheduled_sports,sports_future,1,25,False,0.0572,0.49192641326899267,0.5306122448979591,10.683333333333334,0.010000000000000009,,1087041.78,7618.901599999999,0.0,0.10500000000000001,,,S2,Longshot,True,unsched_sports
myles_garrett_to_rams,KXSB-27-LAR,unscheduled_sports,sports_future,3,25,False,0.04719999999999999,0.41750115378134023,0.4378478664192949,10.683333333333334,0.010000000000000009,,1298906.26,7618.901599999999,150423.2799999998,0.10500000000000001,,,S2,Longshot,True,unsched_sports
myles_garrett_to_rams,KXSB-27-LAR,unscheduled_sports,sports_future,5,25,False,0.04719999999999999,0.41750115378134023,0.4378478664192949,10.683333333333334,0.010000000000000009,,1373164.88,7618.901599999999,181992.29000000004,0.10500000000000001,,,S2,Longshot,True,unsched_sports
myles_garrett_to_rams,KXSB-27-LAC,unscheduled_sports,sports_future,1,25,False,-0.007199999999999998,-0.15598783606551514,-0.1379310344827586,10.683333333333334,0.010000000000000002,,19497.18,6096.896,0.0,0.045,,,S1,Deep longshot,True,unsched_sports
myles_garrett_to_rams,KXSB-27-LAC,unscheduled_sports,sports_future,3,25,False,-0.007199999999999998,-0.15598783606551514,-0.1379310344827586,10.683333333333334,0.010000000000000002,,31269.309999999998,6096.896,11325.80999999994,0.045,,,S1,Deep longshot,True,unsched_sports
myles_garrett_to_rams,KXSB-27-LAC,unscheduled_sports,sports_future,5,25,False,-0.007199999999999998,-0.15598783606551514,-0.1379310344827586,10.683333333333334,0.010000000000000002,,38334.81,6096.896,17476.30999999994,0.045,,,S1,Deep longshot,True,unsched_sports
myles_garrett_to_rams,KXSB-27-KC,unscheduled_sports,sports_future,1,25,False,0.0,0.0,0.0,,0.010000000000000009,,4536.73,2997.4388,0.0,0.065,,,S2,Longshot,True,unsched_sports
myles_garrett_to_rams,KXSB-27-KC,unscheduled_sports,sports_future,3,25,False,0.0,0.0,0.0,,0.010000000000000009,,12047.060000000001,2997.4388,6992.89000000013,0.065,,,S2,Longshot,True,unsched_sports
myles_garrett_to_rams,KXSB-27-KC,unscheduled_sports,sports_future,5,25,False,0.0,0.0,0.0,,0.010000000000000009,,28823.980000000003,2997.4388,23585.689999999944,0.065,,,S2,Longshot,True,unsched_sports
myles_garrett_to_rams,KXSB-27-JAC,unscheduled_sports,sports_future,1,25,False,-0.010000000000000002,-0.34678160628007415,-0.28571428571428575,10.683333333333334,0.009999999999999998,,1517.98,1230.5559999999998,0.0,0.025,,,S1,Deep longshot,True,unsched_sports
myles_garrett_to_rams,KXSB-27-JAC,unscheduled_sports,sports_future,3,25,False,-0.010000000000000002,-0.34678160628007415,-0.28571428571428575,10.683333333333334,0.009999999999999998,,31835.75,1230.5559999999998,28694.97,0.025,,,S1,Deep longshot,True,unsched_sports
myles_garrett_to_rams,KXSB-27-JAC,unscheduled_sports,sports_future,5,25,False,-0.010000000000000002,-0.34678160628007415,-0.28571428571428575,10.683333333333334,0.009999999999999998,,32850.45,1230.5559999999998,29709.670000000013,0.025,,,S1,Deep longshot,True,unsched_sports
myles_garrett_to_rams,KXSB-27-IND,unscheduled_sports,sports_future,1,25,False,0.0,0.0,0.0,,0.01,,4.67,783.8552000000001,0.0,0.015,,,S1,Deep longshot,True,unsched_sports
myles_garrett_to_rams,KXSB-27-IND,unscheduled_sports,sports_future,3,25,False,0.0,0.0,0.0,,0.01,,5760.83,783.8552000000001,4540.4100000000035,0.015,,,S1,Deep longshot,True,unsched_sports
myles_garrett_to_rams,KXSB-27-IND,unscheduled_sports,sports_future,5,25,False,0.0,0.0,0.0,,0.01,,6930.58,783.8552000000001,5710.1600000000035,0.015,,,S1,Deep longshot,True,unsched_sports
myles_garrett_to_rams,KXSB-27-HOU,unscheduled_sports,sports_future,1,25,False,0.0,0.0,0.0,,0.010000000000000002,,32709.5,8968.722399999999,0.0,0.035,,,S1,Deep longshot,True,unsched_sports
myles_garrett_to_rams,KXSB-27-HOU,unscheduled_sports,sports_future,3,25,False,0.0,0.0,0.0,,0.010000000000000002,,66332.66,8968.722399999999,29882.600000000093,0.035,,,S1,Deep longshot,True,unsched_sports
myles_garrett_to_rams,KXSB-27-HOU,unscheduled_sports,sports_future,5,25,False,0.0,0.0,0.0,,0.010000000000000002,,75390.95000000001,8968.722399999999,38202.15000000002,0.035,,,S1,Deep longshot,True,unsched_sports
myles_garrett_to_rams,KXSB-27-GB,unscheduled_sports,sports_future,1,25,False,-0.009999999999999995,-0.2617311891391618,-0.22222222222222213,10.683333333333334,0.010000000000000002,,214616.81,4753.0944,0.0,0.045,,,S1,Deep longshot,True,unsched_sports
myles_garrett_to_rams,KXSB-27-GB,unscheduled_sports,sports_future,3,25,False,-0.009999999999999995,-0.2617311891391618,-0.22222222222222213,10.683333333333334,0.010000000000000002,,226668.13,4753.0944,0.0,0.045,,,S1,Deep longshot,True,unsched_sports
myles_garrett_to_rams,KXSB-27-GB,unscheduled_sports,sports_future,5,25,False,-0.009999999999999995,-0.2617311891391618,-0.22222222222222213,10.683333333333334,0.010000000000000002,,238274.89,4753.0944,0.0,0.045,,,S1,Deep longshot,True,unsched_sports
myles_garrett_to_rams,KXSB-27-DET,unscheduled_sports,sports_future,1,25,False,-0.007199999999999998,-0.15598783606551514,-0.1379310344827586,10.683333333333334,0.010000000000000002,,9011.55,2630.2340000000004,0.0,0.045,,,S1,Deep longshot,True,unsched_sports
myles_garrett_to_rams,KXSB-27-DET,unscheduled_sports,sports_future,3,25,False,-0.007199999999999998,-0.15598783606551514,-0.1379310344827586,10.683333333333334,0.010000000000000002,,24307.3,2630.2340000000004,11288.850000000006,0.045,,,S1,Deep longshot,True,unsched_sports
myles_garrett_to_rams,KXSB-27-DET,unscheduled_sports,sports_future,5,25,False,-0.007199999999999998,-0.15598783606551514,-0.1379310344827586,10.683333333333334,0.010000000000000002,,32556.44,2630.2340000000004,19287.869999999995,0.045,,,S1,Deep longshot,True,unsched_sports
myles_garrett_to_rams,KXSB-27-DEN,unscheduled_sports,sports_future,1,25,False,0.003600000000000006,0.07149729872109001,0.0700389105058367,10.683333333333334,0.009999999999999995,,6191.22,33691.380000000005,0.0,0.055,,,S2,Longshot,True,unsched_sports
myles_garrett_to_rams,KXSB-27-DEN,unscheduled_sports,sports_future,3,25,False,0.003600000000000006,0.07149729872109001,0.0700389105058367,10.683333333333334,0.009999999999999995,,45405.85,33691.380000000005,20919.52000000002,0.055,,,S2,Longshot,True,unsched_sports
myles_garrett_to_rams,KXSB-27-DEN,unscheduled_sports,sports_future,5,25,False,0.003600000000000006,0.07149729872109001,0.0700389105058367,10.683333333333334,0.009999999999999995,,53262.79,33691.380000000005,27143.01000000001,0.055,,,S2,Longshot,True,unsched_sports
myles_garrett_to_rams,KXSB-27-DAL,unscheduled_sports,sports_future,1,25,False,-0.003599999999999992,-0.1016417608604967,-0.09326424870466302,10.683333333333334,0.010000000000000002,,24986.96,8799.800799999999,0.0,0.035,,,S1,Deep longshot,True,unsched_sports
myles_garrett_to_rams,KXSB-27-DAL,unscheduled_sports,sports_future,3,25,False,-0.003599999999999992,-0.1016417608604967,-0.09326424870466302,10.683333333333334,0.010000000000000002,,56345.79,8799.800799999999,30918.12000000011,0.035,,,S1,Deep longshot,True,unsched_sports
myles_garrett_to_rams,KXSB-27-DAL,unscheduled_sports,sports_future,5,25,False,-0.003599999999999992,-0.1016417608604967,-0.09326424870466302,10.683333333333334,0.010000000000000002,,67152.23,8799.800799999999,40965.919999999925,0.035,,,S1,Deep longshot,True,unsched_sports
myles_garrett_to_rams,KXSB-27-CLE,unscheduled_sports,sports_future,1,20,False,-1.734723475976807e-18,0.0,-1.7347234759768068e-16,,0.01,,2618.5,2874.0548000000003,0.0,0.01,,,S1,Deep longshot,True,unsched_sports
myles_garrett_to_rams,KXSB-27-CLE,unscheduled_sports,sports_future,3,20,False,-1.734723475976807e-18,0.0,-1.7347234759768068e-16,,0.01,,5064.09,2874.0548000000003,2445.5900000000256,0.01,,,S1,Deep longshot,True,unsched_sports
myles_garrett_to_rams,KXSB-27-CLE,unscheduled_sports,sports_future,5,20,False,-1.734723475976807e-18,0.0,-1.7347234759768068e-16,,0.01,,6632.62,2874.0548000000003,4014.1199999999953,0.01,,,S1,Deep longshot,True,unsched_sports
myles_garrett_to_rams,KXSB-27-CIN,unscheduled_sports,sports_future,1,25,False,0.00959999999999999,0.24995283678473212,0.27118644067796577,10.683333333333334,0.010000000000000002,,112887.42,21427.9656,0.0,0.045,,,S1,Deep longshot,True,unsched_sports
myles_garrett_to_rams,KXSB-27-CIN,unscheduled_sports,sports_future,3,25,False,0.00959999999999999,0.24995283678473212,0.27118644067796577,10.683333333333334,0.010000000000000002,,262297.3,21427.9656,142346.28000000003,0.045,,,S1,Deep longshot,True,unsched_sports
myles_garrett_to_rams,KXSB-27-CIN,unscheduled_sports,sports_future,5,25,False,0.00959999999999999,0.24995283678473212,0.27118644067796577,10.683333333333334,0.010000000000000002,,267190.36,21427.9656,142891.28000000003,0.045,,,S1,Deep longshot,True,unsched_sports
myles_garrett_to_rams,KXSB-27-CHI,unscheduled_sports,sports_future,1,25,False,-0.0067999999999999935,-0.18461985493126098,-0.16267942583732042,10.683333333333334,0.010000000000000002,,16421.14,10601.1288,0.0,0.035,,,S1,Deep longshot,True,unsched_sports
myles_garrett_to_rams,KXSB-27-CHI,unscheduled_sports,sports_future,3,25,False,-0.0067999999999999935,-0.18461985493126098,-0.16267942583732042,10.683333333333334,0.010000000000000002,,57773.11,10601.1288,34413.51000000001,0.035,,,S1,Deep longshot,True,unsched_sports
myles_garrett_to_rams,KXSB-27-CHI,unscheduled_sports,sports_future,5,25,False,-0.0067999999999999935,-0.18461985493126098,-0.16267942583732042,10.683333333333334,0.010000000000000002,,80616.57,10601.1288,43491.86999999988,0.035,,,S1,Deep longshot,True,unsched_sports
myles_garrett_to_rams,KXSB-27-CAR,unscheduled_sports,sports_future,1,23,False,-3.469446951953614e-18,0.0,-3.4694469519536127e-16,,0.01,,3712.98,2366.0592,0.0,0.01,,,S1,Deep longshot,True,unsched_sports
myles_garrett_to_rams,KXSB-27-CAR,unscheduled_sports,sports_future,3,23,False,-3.469446951953614e-18,0.0,-3.4694469519536127e-16,,0.01,,13757.8,2366.0592,10044.820000000065,0.01,,,S1,Deep longshot,True,unsched_sports
myles_garrett_to_rams,KXSB-27-CAR,unscheduled_sports,sports_future,5,23,False,-3.469446951953614e-18,0.0,-3.4694469519536127e-16,,0.01,,20545.559999999998,2366.0592,16832.580000000075,0.01,,,S1,Deep longshot,True,unsched_sports
myles_garrett_to_rams,KXSB-27-BUF,unscheduled_sports,sports_future,1,25,False,0.0,0.0,0.0,,0.010000000000000009,,26455.86,6790.2083999999995,0.0,0.065,,,S2,Longshot,True,unsched_sports
myles_garrett_to_rams,KXSB-27-BUF,unscheduled_sports,sports_future,3,25,False,0.0,0.0,0.0,,0.010000000000000009,,173446.19,6790.2083999999995,84472.78000000003,0.065,,,S2,Longshot,True,unsched_sports
myles_garrett_to_rams,KXSB-27-BUF,unscheduled_sports,sports_future,5,25,False,0.0,0.0,0.0,,0.010000000000000009,,181224.35,6790.2083999999995,90486.31999999983,0.065,,,S2,Longshot,True,unsched_sports
myles_garrett_to_rams,KXSB-27-BAL,unscheduled_sports,sports_future,1,25,False,0.0,0.0,0.0,,0.009999999999999995,,8122.34,4232.8548,0.0,0.055,,,S2,Longshot,True,unsched_sports
myles_garrett_to_rams,KXSB-27-BAL,unscheduled_sports,sports_future,3,25,False,0.0,0.0,0.0,,0.009999999999999995,,27391.55,4232.8548,16475.469999999972,0.055,,,S2,Longshot,True,unsched_sports
myles_garrett_to_rams,KXSB-27-BAL,unscheduled_sports,sports_future,5,25,False,0.0,0.0,0.0,,0.009999999999999995,,38038.740000000005,4232.8548,27085.540000000037,0.055,,,S2,Longshot,True,unsched_sports
myles_garrett_to_rams,KXSB-27-ATL,unscheduled_sports,sports_future,1,25,False,0.0,0.0,0.0,,0.01,,233.95,931.0211999999999,0.0,0.015,,,S1,Deep longshot,True,unsched_sports
myles_garrett_to_rams,KXSB-27-ATL,unscheduled_sports,sports_future,3,25,False,0.0,0.0,0.0,,0.01,,3056.0999999999995,931.0211999999999,2776.149999999994,0.015,,,S1,Deep longshot,True,unsched_sports
myles_garrett_to_rams,KXSB-27-ATL,unscheduled_sports,sports_future,5,25,False,0.0,0.0,0.0,,0.01,,3778.9499999999994,931.0211999999999,3265.050000000003,0.015,,,S1,Deep longshot,True,unsched_sports
myles_garrett_to_rams,KXSB-27-ARI,unscheduled_sports,sports_future,1,18,False,-1.734723475976807e-18,0.0,-1.7347234759768068e-16,,0.01,,374.06,1037.1968,0.0,0.01,,,S1,Deep longshot,True,unsched_sports
myles_garrett_to_rams,KXSB-27-ARI,unscheduled_sports,sports_future,3,18,False,-1.734723475976807e-18,0.0,-1.7347234759768068e-16,,0.01,,1756.2,1037.1968,1382.1399999999849,0.01,,,S1,Deep longshot,True,unsched_sports
myles_garrett_to_rams,KXSB-27-ARI,unscheduled_sports,sports_future,5,18,False,-1.734723475976807e-18,0.0,-1.7347234759768068e-16,,0.01,,1880.2,1037.1968,1506.1399999999849,0.01,,,S1,Deep longshot,True,unsched_sports
aj_brown_to_patriots,KXSB-27-WAS,unscheduled_sports,sports_future,1,25,False,-3.469446951953614e-18,0.0,-1.3877787807814454e-16,,0.009999999999999998,,308.38,1017.0388,0.0,0.025,,,S1,Deep longshot,True,unsched_sports
aj_brown_to_patriots,KXSB-27-WAS,unscheduled_sports,sports_future,3,25,False,-3.469446951953614e-18,0.0,-1.3877787807814454e-16,,0.009999999999999998,,3179.2,1017.0388,2824.8199999998324,0.025,,,S1,Deep longshot,True,unsched_sports
aj_brown_to_patriots,KXSB-27-WAS,unscheduled_sports,sports_future,5,25,False,-3.469446951953614e-18,0.0,-1.3877787807814454e-16,,0.009999999999999998,,4453.16,1017.0388,4083.179999999935,0.025,,,S1,Deep longshot,True,unsched_sports
aj_brown_to_patriots,KXSB-27-TEN,unscheduled_sports,sports_future,1,12,False,1.734723475976807e-18,0.0,1.7347234759768073e-16,,0.01,,3176.96,258.0168,0.0,0.01,,,S1,Deep longshot,True,unsched_sports
aj_brown_to_patriots,KXSB-27-TEN,unscheduled_sports,sports_future,3,12,False,1.734723475976807e-18,0.0,1.7347234759768073e-16,,0.01,,8839.01,258.0168,5662.0500000000175,0.01,,,S1,Deep longshot,True,unsched_sports
aj_brown_to_patriots,KXSB-27-TEN,unscheduled_sports,sports_future,5,12,False,1.734723475976807e-18,0.0,1.7347234759768073e-16,,0.01,,10759.380000000001,258.0168,7582.420000000013,0.01,,,S1,Deep longshot,True,unsched_sports
aj_brown_to_patriots,KXSB-27-TB,unscheduled_sports,sports_future,1,25,False,0.0,0.0,0.0,,0.01,,3601.76,767.9676000000001,0.0,0.015,,,S1,Deep longshot,True,unsched_sports
aj_brown_to_patriots,KXSB-27-TB,unscheduled_sports,sports_future,3,25,False,0.0,0.0,0.0,,0.01,,11369.86,767.9676000000001,7737.099999999977,0.015,,,S1,Deep longshot,True,unsched_sports
aj_brown_to_patriots,KXSB-27-TB,unscheduled_sports,sports_future,5,25,False,0.0,0.0,0.0,,0.01,,12148.67,767.9676000000001,8515.910000000033,0.015,,,S1,Deep longshot,True,unsched_sports
aj_brown_to_patriots,KXSB-27-SF,unscheduled_sports,sports_future,1,25,False,0.0,0.0,0.0,,0.009999999999999995,,9463.9,6246.8968,0.0,0.055,,,S2,Longshot,True,unsched_sports
aj_brown_to_patriots,KXSB-27-SF,unscheduled_sports,sports_future,3,25,False,0.0,0.0,0.0,,0.009999999999999995,,20941.35,6246.8968,10527.209999999963,0.055,,,S2,Longshot,True,unsched_sports
aj_brown_to_patriots,KXSB-27-SF,unscheduled_sports,sports_future,5,25,False,0.0,0.0,0.0,,0.009999999999999995,,29295.429999999997,6246.8968,16348.729999999981,0.055,,,S2,Longshot,True,unsched_sports
aj_brown_to_patriots,KXSB-27-SEA,unscheduled_sports,sports_future,1,25,False,0.0015999999999999903,0.02075005392511775,0.019184652278177342,7.666666666666667,0.009999999999999995,,24202.55,9991.8584,0.0,0.08499999999999999,,,S2,Longshot,True,unsched_sports
aj_brown_to_patriots,KXSB-27-SEA,unscheduled_sports,sports_future,3,25,False,0.0015999999999999903,0.02075005392511775,0.019184652278177342,7.666666666666667,0.009999999999999995,,50181.68000000001,9991.8584,21791.280000000028,0.08499999999999999,,,S2,Longshot,True,unsched_sports
aj_brown_to_patriots,KXSB-27-SEA,unscheduled_sports,sports_future,5,25,False,0.0015999999999999903,0.02075005392511775,0.019184652278177342,7.666666666666667,0.009999999999999995,,139338.89,9991.8584,109631.04000000004,0.08499999999999999,,,S2,Longshot,True,unsched_sports
aj_brown_to_patriots,KXSB-27-PIT,unscheduled_sports,sports_future,1,25,False,0.0,0.0,0.0,,0.01,,9097.44,4012.7339999999995,0.0,0.015,,,S1,Deep longshot,True,unsched_sports
aj_brown_to_patriots,KXSB-27-PIT,unscheduled_sports,sports_future,3,25,False,0.0,0.0,0.0,,0.01,,25044.97,4012.7339999999995,15433.630000000005,0.015,,,S1,Deep longshot,True,unsched_sports
aj_brown_to_patriots,KXSB-27-PIT,unscheduled_sports,sports_future,5,25,False,0.0,0.0,0.0,,0.01,,44568.39,4012.7339999999995,34957.04999999999,0.015,,,S1,Deep longshot,True,unsched_sports
aj_brown_to_patriots,KXSB-27-PHI,unscheduled_sports,sports_future,1,25,False,-0.008,-0.17204167107645407,-0.1509433962264151,7.666666666666667,0.010000000000000002,,18935.17,2781.427600000001,0.0,0.045,,,S1,Deep longshot,True,unsched_sports
aj_brown_to_patriots,KXSB-27-PHI,unscheduled_sports,sports_future,3,25,False,-0.008,-0.17204167107645407,-0.1509433962264151,7.666666666666667,0.010000000000000002,,33402.1,2781.427600000001,14375.929999999993,0.045,,,S1,Deep longshot,True,unsched_sports
aj_brown_to_patriots,KXSB-27-PHI,unscheduled_sports,sports_future,5,25,False,-0.008,-0.17204167107645407,-0.1509433962264151,7.666666666666667,0.010000000000000002,,45557.06,2781.427600000001,26049.369999999995,0.045,,,S1,Deep longshot,True,unsched_sports
aj_brown_to_patriots,KXSB-27-NYJ,unscheduled_sports,sports_future,1,16,False,0.0,0.0,0.0,,0.01,,4046.05,553.2875,0.0,0.01,,,S1,Deep longshot,True,unsched_sports
aj_brown_to_patriots,KXSB-27-NYJ,unscheduled_sports,sports_future,3,16,False,0.0,0.0,0.0,,0.01,,4981.24,553.2875,935.1900000000023,0.01,,,S1,Deep longshot,True,unsched_sports
aj_brown_to_patriots,KXSB-27-NYJ,unscheduled_sports,sports_future,5,16,False,0.0,0.0,0.0,,0.01,,5851.63,553.2875,1805.5799999999872,0.01,,,S1,Deep longshot,True,unsched_sports
aj_brown_to_patriots,KXSB-27-NYG,unscheduled_sports,sports_future,1,25,False,0.0,0.0,0.0,,0.01,,95775.1,10649.431999999999,0.0,0.015,,,S1,Deep longshot,True,unsched_sports
aj_brown_to_patriots,KXSB-27-NYG,unscheduled_sports,sports_future,3,25,False,0.0,0.0,0.0,,0.01,,141028.58000000002,10649.431999999999,41705.87000000011,0.015,,,S1,Deep longshot,True,unsched_sports
aj_brown_to_patriots,KXSB-27-NYG,unscheduled_sports,sports_future,5,25,False,0.0,0.0,0.0,,0.01,,151045.34000000003,10649.431999999999,49267.38000000012,0.015,,,S1,Deep longshot,True,unsched_sports
aj_brown_to_patriots,KXSB-27-NO,unscheduled_sports,sports_future,1,25,False,0.0,0.0,0.0,,0.01,,5330.57,13224.5704,0.0,0.01,,,S1,Deep longshot,True,unsched_sports
aj_brown_to_patriots,KXSB-27-NO,unscheduled_sports,sports_future,3,25,False,0.0,0.0,0.0,,0.01,,30159.48,13224.5704,24828.91000000015,0.01,,,S1,Deep longshot,True,unsched_sports
aj_brown_to_patriots,KXSB-27-NO,unscheduled_sports,sports_future,5,25,False,0.0,0.0,0.0,,0.01,,33852.18,13224.5704,28521.610000000102,0.01,,,S1,Deep longshot,True,unsched_sports
aj_brown_to_patriots,KXSB-27-NE,unscheduled_sports,sports_future,1,25,False,0.009999999999999995,0.2617311891391618,0.28571428571428553,7.666666666666667,0.010000000000000002,,517341.94,6928.1016,0.0,0.035,,,S1,Deep longshot,True,unsched_sports
aj_brown_to_patriots,KXSB-27-NE,unscheduled_sports,sports_future,3,25,False,0.009999999999999995,0.2617311891391618,0.28571428571428553,7.666666666666667,0.010000000000000002,,588191.6,6928.1016,70291.54000000015,0.035,,,S1,Deep longshot,True,unsched_sports
aj_brown_to_patriots,KXSB-27-NE,unscheduled_sports,sports_future,5,25,False,0.009999999999999995,0.2617311891391618,0.28571428571428553,7.666666666666667,0.010000000000000002,,599710.14,6928.1016,81144.7300000001,0.035,,,S1,Deep longshot,True,unsched_sports
aj_brown_to_patriots,KXSB-27-MIN,unscheduled_sports,sports_future,1,25,False,-0.008400000000000005,-0.45325031080597444,-0.3589743589743591,7.666666666666667,0.01,,18568.53,6464.2576,0.0,0.015,,,S1,Deep longshot,True,unsched_sports
aj_brown_to_patriots,KXSB-27-MIN,unscheduled_sports,sports_future,3,25,False,-0.008400000000000005,-0.45325031080597444,-0.3589743589743591,7.666666666666667,0.01,,33686.95,6464.2576,13910.420000000158,0.015,,,S1,Deep longshot,True,unsched_sports
aj_brown_to_patriots,KXSB-27-MIN,unscheduled_sports,sports_future,5,25,False,-0.008400000000000005,-0.45325031080597444,-0.3589743589743591,7.666666666666667,0.01,,63844.56,6464.2576,43600.13000000012,0.015,,,S1,Deep longshot,True,unsched_sports
aj_brown_to_patriots,KXSB-27-MIA,unscheduled_sports,sports_future,1,18,False,-1.734723475976807e-18,0.0,-1.7347234759768068e-16,,0.01,,5281.75,910.7923999999999,0.0,0.01,,,S1,Deep longshot,True,unsched_sports
aj_brown_to_patriots,KXSB-27-MIA,unscheduled_sports,sports_future,3,18,False,-1.734723475976807e-18,0.0,-1.7347234759768068e-16,,0.01,,6029.89,910.7923999999999,748.140000000014,0.01,,,S1,Deep longshot,True,unsched_sports
aj_brown_to_patriots,KXSB-27-MIA,unscheduled_sports,sports_future,5,18,False,-1.734723475976807e-18,0.0,-1.7347234759768068e-16,,0.01,,6969.4800000000005,910.7923999999999,1687.7299999999814,0.01,,,S1,Deep longshot,True,unsched_sports
aj_brown_to_patriots,KXSB-27-LV,unscheduled_sports,sports_future,1,25,False,-0.0012000000000000014,-0.11454154173221198,-0.10714285714285725,7.666666666666667,0.01,,9859.19,11145.898000000001,0.0,0.01,,,S1,Deep longshot,True,unsched_sports
aj_brown_to_patriots,KXSB-27-LV,unscheduled_sports,sports_future,3,25,False,-0.0012000000000000014,-0.11454154173221198,-0.10714285714285725,7.666666666666667,0.01,,28049.14,11145.898000000001,18189.949999999953,0.01,,,S1,Deep longshot,True,unsched_sports
aj_brown_to_patriots,KXSB-27-LV,unscheduled_sports,sports_future,5,25,False,-0.0012000000000000014,-0.11454154173221198,-0.10714285714285725,7.666666666666667,0.01,,61735.899999999994,11145.898000000001,51876.70999999996,0.01,,,S1,Deep longshot,True,unsched_sports
aj_brown_to_patriots,KXSB-27-LAR,unscheduled_sports,sports_future,1,25,False,0.0572,0.49192641326899267,0.5306122448979591,7.666666666666667,0.010000000000000009,,1087041.78,7618.901599999999,0.0,0.10500000000000001,,,S2,Longshot,True,unsched_sports
aj_brown_to_patriots,KXSB-27-LAR,unscheduled_sports,sports_future,3,25,False,0.04719999999999999,0.41750115378134023,0.4378478664192949,7.666666666666667,0.010000000000000009,,1298906.26,7618.901599999999,150423.2799999998,0.10500000000000001,,,S2,Longshot,True,unsched_sports
aj_brown_to_patriots,KXSB-27-LAR,unscheduled_sports,sports_future,5,25,False,0.04719999999999999,0.41750115378134023,0.4378478664192949,7.666666666666667,0.010000000000000009,,1373164.88,7618.901599999999,181992.29000000004,0.10500000000000001,,,S2,Longshot,True,unsched_sports
aj_brown_to_patriots,KXSB-27-LAC,unscheduled_sports,sports_future,1,25,False,-0.007199999999999998,-0.15598783606551514,-0.1379310344827586,7.666666666666667,0.010000000000000002,,19497.18,6096.896,0.0,0.045,,,S1,Deep longshot,True,unsched_sports
aj_brown_to_patriots,KXSB-27-LAC,unscheduled_sports,sports_future,3,25,False,-0.007199999999999998,-0.15598783606551514,-0.1379310344827586,7.666666666666667,0.010000000000000002,,31269.309999999998,6096.896,11325.80999999994,0.045,,,S1,Deep longshot,True,unsched_sports
aj_brown_to_patriots,KXSB-27-LAC,unscheduled_sports,sports_future,5,25,False,-0.007199999999999998,-0.15598783606551514,-0.1379310344827586,7.666666666666667,0.010000000000000002,,38334.81,6096.896,17476.30999999994,0.045,,,S1,Deep longshot,True,unsched_sports
aj_brown_to_patriots,KXSB-27-KC,unscheduled_sports,sports_future,1,25,False,0.0,0.0,0.0,,0.010000000000000009,,4536.73,2997.4388,0.0,0.065,,,S2,Longshot,True,unsched_sports
aj_brown_to_patriots,KXSB-27-KC,unscheduled_sports,sports_future,3,25,False,0.0,0.0,0.0,,0.010000000000000009,,12047.060000000001,2997.4388,6992.89000000013,0.065,,,S2,Longshot,True,unsched_sports
aj_brown_to_patriots,KXSB-27-KC,unscheduled_sports,sports_future,5,25,False,0.0,0.0,0.0,,0.010000000000000009,,28823.980000000003,2997.4388,23585.689999999944,0.065,,,S2,Longshot,True,unsched_sports
aj_brown_to_patriots,KXSB-27-JAC,unscheduled_sports,sports_future,1,25,False,-0.010000000000000002,-0.34678160628007415,-0.28571428571428575,7.666666666666667,0.009999999999999998,,1517.98,1230.5559999999998,0.0,0.025,,,S1,Deep longshot,True,unsched_sports
aj_brown_to_patriots,KXSB-27-JAC,unscheduled_sports,sports_future,3,25,False,-0.010000000000000002,-0.34678160628007415,-0.28571428571428575,7.666666666666667,0.009999999999999998,,31835.75,1230.5559999999998,28694.97,0.025,,,S1,Deep longshot,True,unsched_sports
aj_brown_to_patriots,KXSB-27-JAC,unscheduled_sports,sports_future,5,25,False,-0.010000000000000002,-0.34678160628007415,-0.28571428571428575,7.666666666666667,0.009999999999999998,,32850.45,1230.5559999999998,29709.670000000013,0.025,,,S1,Deep longshot,True,unsched_sports
aj_brown_to_patriots,KXSB-27-IND,unscheduled_sports,sports_future,1,25,False,0.0,0.0,0.0,,0.01,,4.67,783.8552000000001,0.0,0.015,,,S1,Deep longshot,True,unsched_sports
aj_brown_to_patriots,KXSB-27-IND,unscheduled_sports,sports_future,3,25,False,0.0,0.0,0.0,,0.01,,5760.83,783.8552000000001,4540.4100000000035,0.015,,,S1,Deep longshot,True,unsched_sports
aj_brown_to_patriots,KXSB-27-IND,unscheduled_sports,sports_future,5,25,False,0.0,0.0,0.0,,0.01,,6930.58,783.8552000000001,5710.1600000000035,0.015,,,S1,Deep longshot,True,unsched_sports
aj_brown_to_patriots,KXSB-27-HOU,unscheduled_sports,sports_future,1,25,False,0.0,0.0,0.0,,0.010000000000000002,,32709.5,8968.722399999999,0.0,0.035,,,S1,Deep longshot,True,unsched_sports
aj_brown_to_patriots,KXSB-27-HOU,unscheduled_sports,sports_future,3,25,False,0.0,0.0,0.0,,0.010000000000000002,,66332.66,8968.722399999999,29882.600000000093,0.035,,,S1,Deep longshot,True,unsched_sports
aj_brown_to_patriots,KXSB-27-HOU,unscheduled_sports,sports_future,5,25,False,0.0,0.0,0.0,,0.010000000000000002,,75390.95000000001,8968.722399999999,38202.15000000002,0.035,,,S1,Deep longshot,True,unsched_sports
aj_brown_to_patriots,KXSB-27-GB,unscheduled_sports,sports_future,1,25,False,-0.009999999999999995,-0.2617311891391618,-0.22222222222222213,7.666666666666667,0.010000000000000002,,214616.81,4753.0944,0.0,0.045,,,S1,Deep longshot,True,unsched_sports
aj_brown_to_patriots,KXSB-27-GB,unscheduled_sports,sports_future,3,25,False,-0.009999999999999995,-0.2617311891391618,-0.22222222222222213,7.666666666666667,0.010000000000000002,,226668.13,4753.0944,0.0,0.045,,,S1,Deep longshot,True,unsched_sports
aj_brown_to_patriots,KXSB-27-GB,unscheduled_sports,sports_future,5,25,False,-0.009999999999999995,-0.2617311891391618,-0.22222222222222213,7.666666666666667,0.010000000000000002,,238274.89,4753.0944,0.0,0.045,,,S1,Deep longshot,True,unsched_sports
aj_brown_to_patriots,KXSB-27-DET,unscheduled_sports,sports_future,1,25,False,-0.007199999999999998,-0.15598783606551514,-0.1379310344827586,7.666666666666667,0.010000000000000002,,9011.55,2630.2340000000004,0.0,0.045,,,S1,Deep longshot,True,unsched_sports
aj_brown_to_patriots,KXSB-27-DET,unscheduled_sports,sports_future,3,25,False,-0.007199999999999998,-0.15598783606551514,-0.1379310344827586,7.666666666666667,0.010000000000000002,,24307.3,2630.2340000000004,11288.850000000006,0.045,,,S1,Deep longshot,True,unsched_sports
aj_brown_to_patriots,KXSB-27-DET,unscheduled_sports,sports_future,5,25,False,-0.007199999999999998,-0.15598783606551514,-0.1379310344827586,7.666666666666667,0.010000000000000002,,32556.44,2630.2340000000004,19287.869999999995,0.045,,,S1,Deep longshot,True,unsched_sports
aj_brown_to_patriots,KXSB-27-DEN,unscheduled_sports,sports_future,1,25,False,0.003600000000000006,0.07149729872109001,0.0700389105058367,7.666666666666667,0.009999999999999995,,6191.22,33691.380000000005,0.0,0.055,,,S2,Longshot,True,unsched_sports
aj_brown_to_patriots,KXSB-27-DEN,unscheduled_sports,sports_future,3,25,False,0.003600000000000006,0.07149729872109001,0.0700389105058367,7.666666666666667,0.009999999999999995,,45405.85,33691.380000000005,20919.52000000002,0.055,,,S2,Longshot,True,unsched_sports
aj_brown_to_patriots,KXSB-27-DEN,unscheduled_sports,sports_future,5,25,False,0.003600000000000006,0.07149729872109001,0.0700389105058367,7.666666666666667,0.009999999999999995,,53262.79,33691.380000000005,27143.01000000001,0.055,,,S2,Longshot,True,unsched_sports
aj_brown_to_patriots,KXSB-27-DAL,unscheduled_sports,sports_future,1,25,False,-0.003599999999999992,-0.1016417608604967,-0.09326424870466302,7.666666666666667,0.010000000000000002,,24986.96,8799.800799999999,0.0,0.035,,,S1,Deep longshot,True,unsched_sports
aj_brown_to_patriots,KXSB-27-DAL,unscheduled_sports,sports_future,3,25,False,-0.003599999999999992,-0.1016417608604967,-0.09326424870466302,7.666666666666667,0.010000000000000002,,56345.79,8799.800799999999,30918.12000000011,0.035,,,S1,Deep longshot,True,unsched_sports
aj_brown_to_patriots,KXSB-27-DAL,unscheduled_sports,sports_future,5,25,False,-0.003599999999999992,-0.1016417608604967,-0.09326424870466302,7.666666666666667,0.010000000000000002,,67152.23,8799.800799999999,40965.919999999925,0.035,,,S1,Deep longshot,True,unsched_sports
aj_brown_to_patriots,KXSB-27-CLE,unscheduled_sports,sports_future,1,20,False,-1.734723475976807e-18,0.0,-1.7347234759768068e-16,,0.01,,2618.5,2874.0548000000003,0.0,0.01,,,S1,Deep longshot,True,unsched_sports
aj_brown_to_patriots,KXSB-27-CLE,unscheduled_sports,sports_future,3,20,False,-1.734723475976807e-18,0.0,-1.7347234759768068e-16,,0.01,,5064.09,2874.0548000000003,2445.5900000000256,0.01,,,S1,Deep longshot,True,unsched_sports
aj_brown_to_patriots,KXSB-27-CLE,unscheduled_sports,sports_future,5,20,False,-1.734723475976807e-18,0.0,-1.7347234759768068e-16,,0.01,,6632.62,2874.0548000000003,4014.1199999999953,0.01,,,S1,Deep longshot,True,unsched_sports
aj_brown_to_patriots,KXSB-27-CIN,unscheduled_sports,sports_future,1,25,False,0.00959999999999999,0.24995283678473212,0.27118644067796577,7.666666666666667,0.010000000000000002,,112887.42,21427.9656,0.0,0.045,,,S1,Deep longshot,True,unsched_sports
aj_brown_to_patriots,KXSB-27-CIN,unscheduled_sports,sports_future,3,25,False,0.00959999999999999,0.24995283678473212,0.27118644067796577,7.666666666666667,0.010000000000000002,,262297.3,21427.9656,142346.28000000003,0.045,,,S1,Deep longshot,True,unsched_sports
aj_brown_to_patriots,KXSB-27-CIN,unscheduled_sports,sports_future,5,25,False,0.00959999999999999,0.24995283678473212,0.27118644067796577,7.666666666666667,0.010000000000000002,,267190.36,21427.9656,142891.28000000003,0.045,,,S1,Deep longshot,True,unsched_sports
aj_brown_to_patriots,KXSB-27-CHI,unscheduled_sports,sports_future,1,25,False,-0.0067999999999999935,-0.18461985493126098,-0.16267942583732042,7.666666666666667,0.010000000000000002,,16421.14,10601.1288,0.0,0.035,,,S1,Deep longshot,True,unsched_sports
aj_brown_to_patriots,KXSB-27-CHI,unscheduled_sports,sports_future,3,25,False,-0.0067999999999999935,-0.18461985493126098,-0.16267942583732042,7.666666666666667,0.010000000000000002,,57773.11,10601.1288,34413.51000000001,0.035,,,S1,Deep longshot,True,unsched_sports
aj_brown_to_patriots,KXSB-27-CHI,unscheduled_sports,sports_future,5,25,False,-0.0067999999999999935,-0.18461985493126098,-0.16267942583732042,7.666666666666667,0.010000000000000002,,80616.57,10601.1288,43491.86999999988,0.035,,,S1,Deep longshot,True,unsched_sports
aj_brown_to_patriots,KXSB-27-CAR,unscheduled_sports,sports_future,1,23,False,-3.469446951953614e-18,0.0,-3.4694469519536127e-16,,0.01,,3712.98,2366.0592,0.0,0.01,,,S1,Deep longshot,True,unsched_sports
aj_brown_to_patriots,KXSB-27-CAR,unscheduled_sports,sports_future,3,23,False,-3.469446951953614e-18,0.0,-3.4694469519536127e-16,,0.01,,13757.8,2366.0592,10044.820000000065,0.01,,,S1,Deep longshot,True,unsched_sports
aj_brown_to_patriots,KXSB-27-CAR,unscheduled_sports,sports_future,5,23,False,-3.469446951953614e-18,0.0,-3.4694469519536127e-16,,0.01,,20545.559999999998,2366.0592,16832.580000000075,0.01,,,S1,Deep longshot,True,unsched_sports
aj_brown_to_patriots,KXSB-27-BUF,unscheduled_sports,sports_future,1,25,False,0.0,0.0,0.0,,0.010000000000000009,,26455.86,6790.2083999999995,0.0,0.065,,,S2,Longshot,True,unsched_sports
aj_brown_to_patriots,KXSB-27-BUF,unscheduled_sports,sports_future,3,25,False,0.0,0.0,0.0,,0.010000000000000009,,173446.19,6790.2083999999995,84472.78000000003,0.065,,,S2,Longshot,True,unsched_sports
aj_brown_to_patriots,KXSB-27-BUF,unscheduled_sports,sports_future,5,25,False,0.0,0.0,0.0,,0.010000000000000009,,181224.35,6790.2083999999995,90486.31999999983,0.065,,,S2,Longshot,True,unsched_sports
aj_brown_to_patriots,KXSB-27-BAL,unscheduled_sports,sports_future,1,25,False,0.0,0.0,0.0,,0.009999999999999995,,8122.34,4232.8548,0.0,0.055,,,S2,Longshot,True,unsched_sports
aj_brown_to_patriots,KXSB-27-BAL,unscheduled_sports,sports_future,3,25,False,0.0,0.0,0.0,,0.009999999999999995,,27391.55,4232.8548,16475.469999999972,0.055,,,S2,Longshot,True,unsched_sports
aj_brown_to_patriots,KXSB-27-BAL,unscheduled_sports,sports_future,5,25,False,0.0,0.0,0.0,,0.009999999999999995,,38038.740000000005,4232.8548,27085.540000000037,0.055,,,S2,Longshot,True,unsched_sports
aj_brown_to_patriots,KXSB-27-ATL,unscheduled_sports,sports_future,1,25,False,0.0,0.0,0.0,,0.01,,233.95,931.0211999999999,0.0,0.015,,,S1,Deep longshot,True,unsched_sports
aj_brown_to_patriots,KXSB-27-ATL,unscheduled_sports,sports_future,3,25,False,0.0,0.0,0.0,,0.01,,3056.0999999999995,931.0211999999999,2776.149999999994,0.015,,,S1,Deep longshot,True,unsched_sports
aj_brown_to_patriots,KXSB-27-ATL,unscheduled_sports,sports_future,5,25,False,0.0,0.0,0.0,,0.01,,3778.9499999999994,931.0211999999999,3265.050000000003,0.015,,,S1,Deep longshot,True,unsched_sports
aj_brown_to_patriots,KXSB-27-ARI,unscheduled_sports,sports_future,1,18,False,-1.734723475976807e-18,0.0,-1.7347234759768068e-16,,0.01,,374.06,1037.1968,0.0,0.01,,,S1,Deep longshot,True,unsched_sports
aj_brown_to_patriots,KXSB-27-ARI,unscheduled_sports,sports_future,3,18,False,-1.734723475976807e-18,0.0,-1.7347234759768068e-16,,0.01,,1756.2,1037.1968,1382.1399999999849,0.01,,,S1,Deep longshot,True,unsched_sports
aj_brown_to_patriots,KXSB-27-ARI,unscheduled_sports,sports_future,5,18,False,-1.734723475976807e-18,0.0,-1.7347234759768068e-16,,0.01,,1880.2,1037.1968,1506.1399999999849,0.01,,,S1,Deep longshot,True,unsched_sports
jaylen_brown_to_76ers,KXNBA-27-WAS,unscheduled_sports,sports_future,1,12,False,1.734723475976807e-18,0.0,1.7347234759768073e-16,,0.01,,18036.64,19545.721666666665,0.0,0.01,,,S1,Deep longshot,True,unsched_sports
jaylen_brown_to_76ers,KXNBA-27-WAS,unscheduled_sports,sports_future,3,12,False,1.734723475976807e-18,0.0,1.7347234759768073e-16,,0.01,,45427.9,19545.721666666665,27391.26000000001,0.01,,,S1,Deep longshot,True,unsched_sports
jaylen_brown_to_76ers,KXNBA-27-WAS,unscheduled_sports,sports_future,5,12,False,1.734723475976807e-18,0.0,1.7347234759768073e-16,,0.01,,110545.7,19545.721666666665,92468.13,0.01,,,S1,Deep longshot,True,unsched_sports
jaylen_brown_to_76ers,KXNBA-27-UTA,unscheduled_sports,sports_future,1,12,False,1.734723475976807e-18,0.0,1.7347234759768073e-16,,0.01,,2355.38,12460.901666666667,0.0,0.01,,,S1,Deep longshot,True,unsched_sports
jaylen_brown_to_76ers,KXNBA-27-UTA,unscheduled_sports,sports_future,3,12,False,1.734723475976807e-18,0.0,1.7347234759768073e-16,,0.01,,5831.41,12460.901666666667,3476.029999999999,0.01,,,S1,Deep longshot,True,unsched_sports
jaylen_brown_to_76ers,KXNBA-27-UTA,unscheduled_sports,sports_future,5,12,False,1.734723475976807e-18,0.0,1.7347234759768073e-16,,0.01,,17932.800000000003,12460.901666666667,15577.420000000013,0.01,,,S1,Deep longshot,True,unsched_sports
jaylen_brown_to_76ers,KXNBA-27-TOR,unscheduled_sports,sports_future,1,9,False,0.03333333333333333,1.384235399232002,2.857142857142857,5.666666666666667,0.010000000000000002,,7600.6,3619.5108333333337,0.0,0.055,,,S2,Longshot,True,unsched_sports
jaylen_brown_to_76ers,KXNBA-27-TOR,unscheduled_sports,sports_future,3,9,False,0.03333333333333333,1.384235399232002,2.857142857142857,5.666666666666667,0.010000000000000002,,64256.14,3619.5108333333337,-8930.270000000019,0.055,,,S2,Longshot,True,unsched_sports
jaylen_brown_to_76ers,KXNBA-27-TOR,unscheduled_sports,sports_future,5,9,False,0.03333333333333333,1.384235399232002,2.857142857142857,5.666666666666667,0.010000000000000002,,67711.66,3619.5108333333337,-8930.270000000019,0.055,,,S2,Longshot,True,unsched_sports
jaylen_brown_to_76ers,KXNBA-27-SAS,unscheduled_sports,sports_future,1,12,False,-0.03624999999999998,-0.2094935333613106,-0.15025906735751285,5.666666666666667,0.009999999999999981,,20311.98,6341.0216666666665,0.0,0.20500000000000002,,,S3,Contender,True,unsched_sports
jaylen_brown_to_76ers,KXNBA-27-SAS,unscheduled_sports,sports_future,3,12,False,-0.03624999999999998,-0.2094935333613106,-0.15025906735751285,5.666666666666667,0.009999999999999981,,26394.82,6341.0216666666665,5100.369999999995,0.20500000000000002,,,S3,Contender,True,unsched_sports
jaylen_brown_to_76ers,KXNBA-27-SAS,unscheduled_sports,sports_future,5,12,False,-0.04124999999999998,-0.2404557589652776,-0.17098445595854914,5.666666666666667,0.011999999999999983,,31634.25,6341.0216666666665,8919.830000000002,0.20500000000000002,,,S3,Contender,True,unsched_sports
jaylen_brown_to_76ers,KXNBA-27-SAC,unscheduled_sports,sports_future,1,12,False,1.734723475976807e-18,0.0,1.7347234759768073e-16,,0.01,,287.03,1615.1758333333335,0.0,0.01,,,S1,Deep longshot,True,unsched_sports
jaylen_brown_to_76ers,KXNBA-27-SAC,unscheduled_sports,sports_future,3,12,False,1.734723475976807e-18,0.0,1.7347234759768073e-16,,0.01,,760.22,1615.1758333333335,473.1900000000023,0.01,,,S1,Deep longshot,True,unsched_sports
jaylen_brown_to_76ers,KXNBA-27-SAC,unscheduled_sports,sports_future,5,12,False,1.734723475976807e-18,0.0,1.7347234759768073e-16,,0.01,,949.25,1615.1758333333335,662.2200000000012,0.01,,,S1,Deep longshot,True,unsched_sports
jaylen_brown_to_76ers,KXNBA-27-POR,unscheduled_sports,sports_future,1,12,False,0.0033333333333333322,0.25469280987253384,0.2857142857142856,5.666666666666667,0.01,,8635.35,5670.693333333334,0.0,0.015,,,S1,Deep longshot,True,unsched_sports
jaylen_brown_to_76ers,KXNBA-27-POR,unscheduled_sports,sports_future,3,12,False,0.0033333333333333322,0.25469280987253384,0.2857142857142856,5.666666666666667,0.01,,19039.16,5670.693333333334,8544.899999999965,0.015,,,S1,Deep longshot,True,unsched_sports
jaylen_brown_to_76ers,KXNBA-27-POR,unscheduled_sports,sports_future,5,12,False,0.0033333333333333322,0.25469280987253384,0.2857142857142856,5.666666666666667,0.01,,24572.399999999998,5670.693333333334,13326.0,0.015,,,S1,Deep longshot,True,unsched_sports
jaylen_brown_to_76ers,KXNBA-27-PHX,unscheduled_sports,sports_future,1,11,False,1.734723475976807e-18,0.0,1.7347234759768073e-16,,0.01,,677.06,1215.8,0.0,0.01,,,S1,Deep longshot,True,unsched_sports
jaylen_brown_to_76ers,KXNBA-27-PHX,unscheduled_sports,sports_future,3,11,False,1.734723475976807e-18,0.0,1.7347234759768073e-16,,0.01,,4298.07,1215.8,3621.0099999999984,0.01,,,S1,Deep longshot,True,unsched_sports
jaylen_brown_to_76ers,KXNBA-27-PHX,unscheduled_sports,sports_future,5,11,False,1.734723475976807e-18,0.0,1.7347234759768073e-16,,0.01,,4570.1900000000005,1215.8,3893.1299999999974,0.01,,,S1,Deep longshot,True,unsched_sports
jaylen_brown_to_76ers,KXNBA-27-PHI,unscheduled_sports,sports_future,1,12,False,0.03874999999999999,1.259427148694594,2.3846153846153837,5.666666666666667,0.009999999999999995,,758350.49,1249.195,0.0,0.015,,,S1,Deep longshot,True,unsched_sports
jaylen_brown_to_76ers,KXNBA-27-PHI,unscheduled_sports,sports_future,3,12,False,0.06375,1.6609318555866617,3.923076923076922,5.666666666666667,0.013333333333333327,,1033100.88,1249.195,147011.91000000003,0.015,,,S1,Deep longshot,True,unsched_sports
jaylen_brown_to_76ers,KXNBA-27-PHI,unscheduled_sports,sports_future,5,12,False,0.06874999999999999,1.7270060821706612,4.230769230769229,5.666666666666667,0.011999999999999993,,1075262.99,1249.195,158644.96000000008,0.015,,,S1,Deep longshot,True,unsched_sports
jaylen_brown_to_76ers,KXNBA-27-ORL,unscheduled_sports,sports_future,1,12,False,-5.204170427930421e-18,0.0,-3.469446951953613e-16,,0.01,,1308.37,3540.4183333333335,0.0,0.015,,,S1,Deep longshot,True,unsched_sports
jaylen_brown_to_76ers,KXNBA-27-ORL,unscheduled_sports,sports_future,3,12,False,-5.204170427930421e-18,0.0,-3.469446951953613e-16,,0.01,,3415.64,3540.4183333333335,2016.0299999999988,0.015,,,S1,Deep longshot,True,unsched_sports
jaylen_brown_to_76ers,KXNBA-27-ORL,unscheduled_sports,sports_future,5,12,False,-5.204170427930421e-18,0.0,-3.469446951953613e-16,,0.01,,4810.139999999999,3540.4183333333335,2015.0299999999988,0.015,,,S1,Deep longshot,True,unsched_sports
jaylen_brown_to_76ers,KXNBA-27-OKC,unscheduled_sports,sports_future,1,12,False,-0.013749999999999984,-0.0729839329719415,-0.05314009661835743,5.666666666666667,0.010000000000000009,,3012.32,4039.4474999999998,0.0,0.245,,,S3,Contender,True,unsched_sports
jaylen_brown_to_76ers,KXNBA-27-OKC,unscheduled_sports,sports_future,3,12,False,-0.013749999999999984,-0.0729839329719415,-0.05314009661835743,5.666666666666667,0.010000000000000009,,8503.84,4039.4474999999998,4256.610000000001,0.245,,,S3,Contender,True,unsched_sports
jaylen_brown_to_76ers,KXNBA-27-OKC,unscheduled_sports,sports_future,5,12,False,-0.013749999999999984,-0.0729839329719415,-0.05314009661835743,5.666666666666667,0.010000000000000009,,12238.43,4039.4474999999998,6769.059999999998,0.245,,,S3,Contender,True,unsched_sports
jaylen_brown_to_76ers,KXNBA-27-NYK,unscheduled_sports,sports_future,1,12,False,-0.037500000000000006,-0.37502518570464805,-0.28301886792452835,5.666666666666667,0.010000000000000009,,7268.38,17576.051666666666,0.0,0.10500000000000001,,,S2,Longshot,True,unsched_sports
jaylen_brown_to_76ers,KXNBA-27-NYK,unscheduled_sports,sports_future,3,12,False,-0.037500000000000006,-0.37502518570464805,-0.28301886792452835,5.666666666666667,0.010000000000000009,,24755.82,17576.051666666666,15943.649999999994,0.10500000000000001,,,S2,Longshot,True,unsched_sports
jaylen_brown_to_76ers,KXNBA-27-NYK,unscheduled_sports,sports_future,5,12,False,-0.047500000000000014,-0.4972399423904674,-0.35849056603773594,5.666666666666667,0.010000000000000004,,37362.3,17576.051666666666,25359.709999999992,0.10500000000000001,,,S2,Longshot,True,unsched_sports
jaylen_brown_to_76ers,KXNBA-27-NOP,unscheduled_sports,sports_future,1,7,False,,,,,0.01,,0.0,360.9116666666667,0.0,,,,S?,No quote,True,unsched_sports
jaylen_brown_to_76ers,KXNBA-27-NOP,unscheduled_sports,sports_future,3,7,False,,,,,0.01,,46.75,360.9116666666667,46.75,,,,S?,No quote,True,unsched_sports
jaylen_brown_to_76ers,KXNBA-27-NOP,unscheduled_sports,sports_future,5,7,False,,,,,0.01,,46.75,360.9116666666667,46.75,,,,S?,No quote,True,unsched_sports
jaylen_brown_to_76ers,KXNBA-27-MIN,unscheduled_sports,sports_future,1,12,False,0.017083333333333325,0.38985856057637314,0.4505494505494502,5.666666666666667,0.009999999999999995,,48611.24,28336.132500000003,0.0,0.055,,,S2,Longshot,True,unsched_sports
jaylen_brown_to_76ers,KXNBA-27-MIN,unscheduled_sports,sports_future,3,12,False,0.0070833333333333234,0.17866145212723472,0.1868131868131865,5.666666666666667,0.01,,89582.29000000001,28336.132500000003,7613.409999999974,0.055,,,S2,Longshot,True,unsched_sports
jaylen_brown_to_76ers,KXNBA-27-MIN,unscheduled_sports,sports_future,5,12,False,0.017083333333333325,0.38985856057637314,0.4505494505494502,5.666666666666667,0.009999999999999998,,141633.69,28336.132500000003,36479.57999999996,0.055,,,S2,Longshot,True,unsched_sports
jaylen_brown_to_76ers,KXNBA-27-MIL,unscheduled_sports,sports_future,1,10,False,,,,,0.01,,0.0,1575.8766666666668,0.0,0.01,,,S1,Deep longshot,True,unsched_sports
jaylen_brown_to_76ers,KXNBA-27-MIL,unscheduled_sports,sports_future,3,10,False,1.734723475976807e-18,0.0,1.7347234759768073e-16,,0.01,,93.51,1575.8766666666668,93.51000000000204,0.01,,,S1,Deep longshot,True,unsched_sports
jaylen_brown_to_76ers,KXNBA-27-MIL,unscheduled_sports,sports_future,5,10,False,,,,,0.01,,93.51,1575.8766666666668,93.51000000000204,0.01,,,S1,Deep longshot,True,unsched_sports
jaylen_brown_to_76ers,KXNBA-27-MIA,unscheduled_sports,sports_future,1,12,False,0.01416666666666666,0.312714368349984,0.3469387755102039,5.666666666666667,0.009999999999999995,,23720.2,53142.159999999996,0.0,0.065,,,S2,Longshot,True,unsched_sports
jaylen_brown_to_76ers,KXNBA-27-MIA,unscheduled_sports,sports_future,3,12,False,0.01416666666666666,0.312714368349984,0.3469387755102039,5.666666666666667,0.009999999999999995,,40652.97,53142.159999999996,15276.849999999977,0.065,,,S2,Longshot,True,unsched_sports
jaylen_brown_to_76ers,KXNBA-27-MIA,unscheduled_sports,sports_future,5,12,False,0.01416666666666666,0.312714368349984,0.3469387755102039,5.666666666666667,0.009999999999999995,,51116.04,53142.159999999996,19754.550000000047,0.065,,,S2,Longshot,True,unsched_sports
jaylen_brown_to_76ers,KXNBA-27-MEM,unscheduled_sports,sports_future,1,7,False,,,,,0.01,,0.0,981.2175000000001,0.0,0.01,,,S1,Deep longshot,True,unsched_sports
jaylen_brown_to_76ers,KXNBA-27-MEM,unscheduled_sports,sports_future,3,7,False,,,,,0.01,,0.0,981.2175000000001,0.0,0.01,,,S1,Deep longshot,True,unsched_sports
jaylen_brown_to_76ers,KXNBA-27-MEM,unscheduled_sports,sports_future,5,7,False,0.0,0.0,0.0,,0.01,,467.59,981.2175000000001,467.59000000000015,0.01,,,S1,Deep longshot,True,unsched_sports
jaylen_brown_to_76ers,KXNBA-27-LAL,unscheduled_sports,sports_future,1,12,False,0.0037499999999999964,0.1023387132289102,0.10344827586206885,5.666666666666667,0.020000000000000004,,201556.81,22669.587499999998,0.0,0.035,,,S1,Deep longshot,True,unsched_sports
jaylen_brown_to_76ers,KXNBA-27-LAL,unscheduled_sports,sports_future,3,12,False,-0.0012500000000000011,-0.036387496272716646,-0.03448275862068968,29.666666666666668,0.013333333333333336,,247116.93999999997,22669.587499999998,40887.06,0.035,,,S1,Deep longshot,True,unsched_sports
jaylen_brown_to_76ers,KXNBA-27-LAL,unscheduled_sports,sports_future,5,12,False,-0.0012500000000000011,-0.036387496272716646,-0.03448275862068968,29.666666666666668,0.012000000000000002,,272718.1,22669.587499999998,65348.50999999995,0.035,,,S1,Deep longshot,True,unsched_sports
jaylen_brown_to_76ers,KXNBA-27-LAC,unscheduled_sports,sports_future,1,12,False,,,,,0.01,,0.0,3341.209166666666,0.0,,,,S?,No quote,True,unsched_sports
jaylen_brown_to_76ers,KXNBA-27-LAC,unscheduled_sports,sports_future,3,12,False,1.734723475976807e-18,0.0,1.7347234759768073e-16,,0.01,,187.02,3341.209166666666,187.02000000000407,,,,S?,No quote,True,unsched_sports
jaylen_brown_to_76ers,KXNBA-27-LAC,unscheduled_sports,sports_future,5,12,False,1.734723475976807e-18,0.0,1.7347234759768073e-16,,0.01,,654.61,3341.209166666666,654.6100000000006,,,,S?,No quote,True,unsched_sports
jaylen_brown_to_76ers,KXNBA-27-IND,unscheduled_sports,sports_future,1,12,False,-0.008750000000000008,-0.30911946354655395,-0.2592592592592594,5.666666666666667,0.009999999999999998,,5183.89,3663.224166666667,0.0,0.025,,,S1,Deep longshot,True,unsched_sports
jaylen_brown_to_76ers,KXNBA-27-IND,unscheduled_sports,sports_future,3,12,False,-0.008750000000000008,-0.30911946354655395,-0.2592592592592594,5.666666666666667,0.009999999999999998,,12035.84,3663.224166666667,5980.050000000003,0.025,,,S1,Deep longshot,True,unsched_sports
jaylen_brown_to_76ers,KXNBA-27-IND,unscheduled_sports,sports_future,5,12,False,-0.008750000000000008,-0.30911946354655395,-0.2592592592592594,5.666666666666667,0.009999999999999998,,91160.86,3663.224166666667,85105.07,0.025,,,S1,Deep longshot,True,unsched_sports
jaylen_brown_to_76ers,KXNBA-27-HOU,unscheduled_sports,sports_future,1,12,False,-0.0012500000000000046,-0.0500730379823211,-0.04761904761904778,5.666666666666667,0.009999999999999998,,3960.41,1668.0808333333334,0.0,0.025,,,S1,Deep longshot,True,unsched_sports
jaylen_brown_to_76ers,KXNBA-27-HOU,unscheduled_sports,sports_future,3,12,False,-0.0012500000000000046,-0.0500730379823211,-0.04761904761904778,5.666666666666667,0.009999999999999998,,6865.919999999999,1668.0808333333334,2593.380000000001,0.025,,,S1,Deep longshot,True,unsched_sports
jaylen_brown_to_76ers,KXNBA-27-HOU,unscheduled_sports,sports_future,5,12,False,-0.0012500000000000046,-0.0500730379823211,-0.04761904761904778,5.666666666666667,0.009999999999999998,,6990.909999999999,1668.0808333333334,2718.369999999999,0.025,,,S1,Deep longshot,True,unsched_sports
jaylen_brown_to_76ers,KXNBA-27-GSW,unscheduled_sports,sports_future,1,12,False,0.031249999999999997,0.8722844284119735,1.3157894736842102,5.666666666666667,0.009999999999999995,,85896.29,15142.792499999998,0.0,0.060000000000000005,,,S2,Longshot,True,unsched_sports
jaylen_brown_to_76ers,KXNBA-27-GSW,unscheduled_sports,sports_future,3,12,False,0.021249999999999995,0.6610873199628351,0.8947368421052628,5.666666666666667,0.01,,175581.73,15142.792499999998,-3490.0,0.060000000000000005,,,S2,Longshot,True,unsched_sports
jaylen_brown_to_76ers,KXNBA-27-GSW,unscheduled_sports,sports_future,5,12,False,0.01125,0.39935613082367327,0.4736842105263157,5.666666666666667,0.01,,224149.37000000002,15142.792499999998,20747.150000000023,0.060000000000000005,,,S2,Longshot,True,unsched_sports
jaylen_brown_to_76ers,KXNBA-27-DET,unscheduled_sports,sports_future,1,12,False,0.0024999999999999953,0.07669529571867262,0.07692307692307676,5.666666666666667,0.010000000000000002,,3142.42,3551.883333333333,0.0,0.035,,,S1,Deep longshot,True,unsched_sports
jaylen_brown_to_76ers,KXNBA-27-DET,unscheduled_sports,sports_future,3,12,False,0.0024999999999999953,0.07669529571867262,0.07692307692307676,5.666666666666667,0.010000000000000002,,8788.24,3551.883333333333,3371.75,0.035,,,S1,Deep longshot,True,unsched_sports
jaylen_brown_to_76ers,KXNBA-27-DET,unscheduled_sports,sports_future,5,12,False,0.0024999999999999953,0.07669529571867262,0.07692307692307676,5.666666666666667,0.010000000000000002,,14009.23,3551.883333333333,8592.73999999999,0.035,,,S1,Deep longshot,True,unsched_sports
jaylen_brown_to_76ers,KXNBA-27-DEN,unscheduled_sports,sports_future,1,12,False,0.0004166666666666624,0.009738597685588157,0.009345794392523268,5.666666666666667,0.010000000000000002,,193431.06,11107.871666666666,0.0,0.035,,,S1,Deep longshot,True,unsched_sports
jaylen_brown_to_76ers,KXNBA-27-DEN,unscheduled_sports,sports_future,3,12,False,0.0004166666666666624,0.009738597685588157,0.009345794392523268,5.666666666666667,0.010000000000000002,,197163.74,11107.871666666666,3573.2600000000093,0.035,,,S1,Deep longshot,True,unsched_sports
jaylen_brown_to_76ers,KXNBA-27-DEN,unscheduled_sports,sports_future,5,12,False,-0.004583333333333335,-0.11326638195194683,-0.10280373831775705,101.66666666666667,0.012000000000000002,,197580.15,11107.871666666666,3828.679999999993,0.035,,,S1,Deep longshot,True,unsched_sports
jaylen_brown_to_76ers,KXNBA-27-DAL,unscheduled_sports,sports_future,1,12,False,-0.00666666666666667,-0.517582406228871,-0.4000000000000001,5.666666666666667,0.01,,1490.67,7557.065833333334,0.0,0.01,,,S1,Deep longshot,True,unsched_sports
jaylen_brown_to_76ers,KXNBA-27-DAL,unscheduled_sports,sports_future,3,12,False,-0.00666666666666667,-0.517582406228871,-0.4000000000000001,5.666666666666667,0.01,,9133.86,7557.065833333334,7643.190000000002,0.01,,,S1,Deep longshot,True,unsched_sports
jaylen_brown_to_76ers,KXNBA-27-DAL,unscheduled_sports,sports_future,5,12,False,-0.00666666666666667,-0.517582406228871,-0.4000000000000001,5.666666666666667,0.01,,29440.46,7557.065833333334,27949.790000000008,0.01,,,S1,Deep longshot,True,unsched_sports
jaylen_brown_to_76ers,KXNBA-27-CLE,unscheduled_sports,sports_future,1,12,False,0.01916666666666666,0.5748679062765119,0.7419354838709674,5.666666666666667,0.010000000000000002,,40850.39,1984.16,0.0,0.055,,,S2,Longshot,True,unsched_sports
jaylen_brown_to_76ers,KXNBA-27-CLE,unscheduled_sports,sports_future,3,12,False,0.024166666666666666,0.6854777778204819,0.9354838709677418,5.666666666666667,0.01333333333333333,,125233.65000000001,1984.16,83290.95000000001,0.055,,,S2,Longshot,True,unsched_sports
jaylen_brown_to_76ers,KXNBA-27-CLE,unscheduled_sports,sports_future,5,12,False,0.044166666666666674,1.0432274128889798,1.7096774193548387,29.666666666666668,0.013999999999999999,,158234.03000000003,1984.16,103418.48000000004,0.055,,,S2,Longshot,True,unsched_sports
jaylen_brown_to_76ers,KXNBA-27-CHI,unscheduled_sports,sports_future,1,8,False,0.0,0.0,0.0,,0.01,,93.51,660.6841666666667,0.0,,,,S?,No quote,True,unsched_sports
jaylen_brown_to_76ers,KXNBA-27-CHI,unscheduled_sports,sports_future,3,8,False,0.0,0.0,0.0,,0.01,,393.51,660.6841666666667,300.0,,,,S?,No quote,True,unsched_sports
jaylen_brown_to_76ers,KXNBA-27-CHI,unscheduled_sports,sports_future,5,8,False,0.0,0.0,0.0,,0.01,,967.5699999999999,660.6841666666667,874.0599999999995,,,,S?,No quote,True,unsched_sports
jaylen_brown_to_76ers,KXNBA-27-CHA,unscheduled_sports,sports_future,1,12,False,-0.00041666666666666935,-0.027822075527194734,-0.0270270270270272,5.666666666666667,0.01,,308.0,7803.435833333334,0.0,0.015,,,S1,Deep longshot,True,unsched_sports
jaylen_brown_to_76ers,KXNBA-27-CHA,unscheduled_sports,sports_future,3,12,False,-0.005416666666666669,-0.43835048559190604,-0.3513513513513514,29.666666666666668,0.01,,1554.96,7803.435833333334,1246.9600000000064,0.015,,,S1,Deep longshot,True,unsched_sports
jaylen_brown_to_76ers,KXNBA-27-CHA,unscheduled_sports,sports_future,5,12,False,-0.005416666666666669,-0.43835048559190604,-0.3513513513513514,29.666666666666668,0.01,,51220.079999999994,7803.435833333334,50912.08,0.015,,,S1,Deep longshot,True,unsched_sports
jaylen_brown_to_76ers,KXNBA-27-BOS,unscheduled_sports,sports_future,1,12,False,-0.04375000000000001,-0.4642163862543167,-0.3398058252427185,5.666666666666667,0.009999999999999995,,13241.5,19291.358333333334,0.0,0.095,,,S2,Longshot,True,unsched_sports
jaylen_brown_to_76ers,KXNBA-27-BOS,unscheduled_sports,sports_future,3,12,False,-0.05374999999999999,-0.6002492014452268,-0.41747572815533973,5.666666666666667,0.013333333333333327,,30812.96,19291.358333333334,2979.75999999998,0.095,,,S2,Longshot,True,unsched_sports
jaylen_brown_to_76ers,KXNBA-27-BOS,unscheduled_sports,sports_future,5,12,False,-0.05374999999999999,-0.6002492014452268,-0.41747572815533973,5.666666666666667,0.011999999999999993,,34152.43,19291.358333333334,5468.859999999986,0.095,,,S2,Longshot,True,unsched_sports
jaylen_brown_to_76ers,KXNBA-27-BKN,unscheduled_sports,sports_future,1,7,False,0.0,0.0,0.0,,0.01,,2057.41,300.1608333333334,0.0,0.01,,,S1,Deep longshot,True,unsched_sports
jaylen_brown_to_76ers,KXNBA-27-BKN,unscheduled_sports,sports_future,3,7,False,0.0,0.0,0.0,,0.01,,2650.92,300.1608333333334,593.5100000000002,0.01,,,S1,Deep longshot,True,unsched_sports
jaylen_brown_to_76ers,KXNBA-27-BKN,unscheduled_sports,sports_future,5,7,False,0.0,0.0,0.0,,0.01,,2750.92,300.1608333333334,693.5100000000002,0.01,,,S1,Deep longshot,True,unsched_sports
jaylen_brown_to_76ers,KXNBA-27-ATL,unscheduled_sports,sports_future,1,12,False,0.0004166666666666624,0.02859379936674067,0.028571428571428272,5.666666666666667,0.01,,869.08,4726.7908333333335,0.0,0.015,,,S1,Deep longshot,True,unsched_sports
jaylen_brown_to_76ers,KXNBA-27-ATL,unscheduled_sports,sports_future,3,12,False,0.0004166666666666624,0.02859379936674067,0.028571428571428272,5.666666666666667,0.01,,5011.5,4726.7908333333335,3880.4100000000035,0.015,,,S1,Deep longshot,True,unsched_sports
jaylen_brown_to_76ers,KXNBA-27-ATL,unscheduled_sports,sports_future,5,12,False,0.0004166666666666624,0.02859379936674067,0.028571428571428272,5.666666666666667,0.01,,6000.349999999999,4726.7908333333335,4682.260000000002,0.015,,,S1,Deep longshot,True,unsched_sports
dlo_six_team_trade,KXNBA-27-WAS,unscheduled_sports,sports_future,1,18,False,-1.734723475976807e-18,0.0,-1.7347234759768068e-16,,0.01,,6019.53,17234.469444444447,0.0,0.01,,,S1,Deep longshot,True,unsched_sports
dlo_six_team_trade,KXNBA-27-WAS,unscheduled_sports,sports_future,3,18,False,-1.734723475976807e-18,0.0,-1.7347234759768068e-16,,0.01,,46538.33,17234.469444444447,40331.80000000005,0.01,,,S1,Deep longshot,True,unsched_sports
dlo_six_team_trade,KXNBA-27-WAS,unscheduled_sports,sports_future,5,18,False,-1.734723475976807e-18,0.0,-1.7347234759768068e-16,,0.01,,57413.31,17234.469444444447,51206.78000000003,0.01,,,S1,Deep longshot,True,unsched_sports
dlo_six_team_trade,KXNBA-27-UTA,unscheduled_sports,sports_future,1,18,False,-1.734723475976807e-18,0.0,-1.7347234759768068e-16,,0.01,,11375.06,10503.746111111112,0.0,0.01,,,S1,Deep longshot,True,unsched_sports
dlo_six_team_trade,KXNBA-27-UTA,unscheduled_sports,sports_future,3,18,False,-1.734723475976807e-18,0.0,-1.7347234759768068e-16,,0.01,,26443.9,10503.746111111112,15068.839999999997,0.01,,,S1,Deep longshot,True,unsched_sports
dlo_six_team_trade,KXNBA-27-UTA,unscheduled_sports,sports_future,5,18,False,-1.734723475976807e-18,0.0,-1.7347234759768068e-16,,0.01,,313228.94,10503.746111111112,301751.01,0.01,,,S1,Deep longshot,True,unsched_sports
dlo_six_team_trade,KXNBA-27-TOR,unscheduled_sports,sports_future,1,15,False,0.017666666666666674,0.720858494878228,1.0192307692307698,3.1166666666666667,0.010000000000000002,,8048.17,32910.03,0.0,0.035,,,S1,Deep longshot,True,unsched_sports
dlo_six_team_trade,KXNBA-27-TOR,unscheduled_sports,sports_future,3,15,False,0.017666666666666674,0.720858494878228,1.0192307692307698,3.1166666666666667,0.013333333333333336,,8598.93,32910.03,400.75,0.035,,,S1,Deep longshot,True,unsched_sports
dlo_six_team_trade,KXNBA-27-TOR,unscheduled_sports,sports_future,5,15,False,0.017666666666666674,0.720858494878228,1.0192307692307698,3.1166666666666667,0.012000000000000002,,10203.48,32910.03,1405.219999999972,0.035,,,S1,Deep longshot,True,unsched_sports
dlo_six_team_trade,KXNBA-27-SAS,unscheduled_sports,sports_future,1,18,False,-0.03638888888888889,-0.21735738123473314,-0.15726290516206481,3.1166666666666667,0.010000000000000009,,7247.44,7717.707777777778,0.0,0.195,,,S3,Contender,True,unsched_sports
dlo_six_team_trade,KXNBA-27-SAS,unscheduled_sports,sports_future,3,18,False,-0.03638888888888889,-0.21735738123473314,-0.15726290516206481,3.1166666666666667,0.010000000000000009,,10395.369999999999,7717.707777777778,867.7799999999988,0.195,,,S3,Contender,True,unsched_sports
dlo_six_team_trade,KXNBA-27-SAS,unscheduled_sports,sports_future,5,18,False,-0.03638888888888889,-0.21735738123473314,-0.15726290516206481,3.1166666666666667,0.010000000000000009,,16318.9,7717.707777777778,5700.4100000000035,0.195,,,S3,Contender,True,unsched_sports
dlo_six_team_trade,KXNBA-27-SAC,unscheduled_sports,sports_future,1,17,False,0.0,0.0,0.0,,0.01,,4488.91,2344.1317647058827,0.0,,,,S?,No quote,True,unsched_sports
dlo_six_team_trade,KXNBA-27-SAC,unscheduled_sports,sports_future,3,17,False,,,,,0.01,,4488.91,2344.1317647058827,0.0,,,,S?,No quote,True,unsched_sports
dlo_six_team_trade,KXNBA-27-SAC,unscheduled_sports,sports_future,5,17,False,0.0,0.0,0.0,,0.01,,6359.290000000001,2344.1317647058827,1870.3799999999974,,,,S?,No quote,True,unsched_sports
dlo_six_team_trade,KXNBA-27-POR,unscheduled_sports,sports_future,1,18,False,0.002777777777777775,0.2076105226456555,0.227272727272727,3.1166666666666667,0.01,,661.99,24713.260555555556,0.0,0.015,,,S1,Deep longshot,True,unsched_sports
dlo_six_team_trade,KXNBA-27-POR,unscheduled_sports,sports_future,3,18,False,0.002777777777777775,0.2076105226456555,0.227272727272727,3.1166666666666667,0.01,,12967.86,24713.260555555556,11939.130000000005,0.015,,,S1,Deep longshot,True,unsched_sports
dlo_six_team_trade,KXNBA-27-POR,unscheduled_sports,sports_future,5,18,False,0.002777777777777775,0.2076105226456555,0.227272727272727,3.1166666666666667,0.01,,15043.04,24713.260555555556,13825.190000000002,0.015,,,S1,Deep longshot,True,unsched_sports
dlo_six_team_trade,KXNBA-27-PHX,unscheduled_sports,sports_future,1,16,False,,,,,0.01,,0.0,1068.5329411764706,0.0,0.01,,,S1,Deep longshot,True,unsched_sports
dlo_six_team_trade,KXNBA-27-PHX,unscheduled_sports,sports_future,3,16,False,,,,,0.01,,2711.45,1068.5329411764706,2711.4500000000007,0.01,,,S1,Deep longshot,True,unsched_sports
dlo_six_team_trade,KXNBA-27-PHX,unscheduled_sports,sports_future,5,16,False,0.0,0.0,0.0,,0.01,,4675.34,1068.5329411764706,4675.34,0.01,,,S1,Deep longshot,True,unsched_sports
dlo_six_team_trade,KXNBA-27-PHI,unscheduled_sports,sports_future,1,18,False,0.051944444444444446,1.4093919643370936,2.876923076923077,3.1166666666666667,0.020000000000000004,,14685.38,43271.26944444444,0.0,0.065,,,S2,Longshot,True,unsched_sports
dlo_six_team_trade,KXNBA-27-PHI,unscheduled_sports,sports_future,3,18,False,0.05694444444444445,1.4837756844589212,3.1538461538461537,3.1166666666666667,0.01333333333333333,,34182.64,43271.26944444444,14262.95000000007,0.065,,,S2,Longshot,True,unsched_sports
dlo_six_team_trade,KXNBA-27-PHI,unscheduled_sports,sports_future,5,18,False,0.051944444444444446,1.4093919643370936,2.876923076923077,3.1166666666666667,0.013999999999999999,,64940.49999999999,43271.26944444444,32237.910000000033,0.065,,,S2,Longshot,True,unsched_sports
dlo_six_team_trade,KXNBA-27-ORL,unscheduled_sports,sports_future,1,18,False,-1.734723475976807e-18,0.0,-1.1564823173178712e-16,,0.01,,0.0,2856.003333333333,0.0,0.015,,,S1,Deep longshot,True,unsched_sports
dlo_six_team_trade,KXNBA-27-ORL,unscheduled_sports,sports_future,3,18,False,-1.734723475976807e-18,0.0,-1.1564823173178712e-16,,0.01,,280.74,2856.003333333333,280.73999999999796,0.015,,,S1,Deep longshot,True,unsched_sports
dlo_six_team_trade,KXNBA-27-ORL,unscheduled_sports,sports_future,5,18,False,-1.734723475976807e-18,0.0,-1.1564823173178712e-16,,0.01,,1918.39,2856.003333333333,1404.8099999999977,0.015,,,S1,Deep longshot,True,unsched_sports
dlo_six_team_trade,KXNBA-27-OKC,unscheduled_sports,sports_future,1,18,False,-0.029166666666666646,-0.1602506854814829,-0.11475409836065567,3.1166666666666667,0.010000000000000009,,4665.54,3710.804444444444,0.0,0.235,,,S3,Contender,True,unsched_sports
dlo_six_team_trade,KXNBA-27-OKC,unscheduled_sports,sports_future,3,18,False,-0.039166666666666655,-0.21853374798730196,-0.15409836065573768,3.1166666666666667,0.010000000000000009,,10750.06,3710.804444444444,4468.49000000002,0.235,,,S3,Contender,True,unsched_sports
dlo_six_team_trade,KXNBA-27-OKC,unscheduled_sports,sports_future,5,18,False,-0.039166666666666655,-0.21853374798730196,-0.15409836065573768,3.1166666666666667,0.010000000000000009,,15529.31,3710.804444444444,7693.040000000008,0.235,,,S3,Contender,True,unsched_sports
dlo_six_team_trade,KXNBA-27-NYK,unscheduled_sports,sports_future,1,18,False,-0.04999999999999999,-0.5663954749208013,-0.3999999999999999,3.1166666666666667,0.009999999999999995,,4749.51,14611.551666666666,0.0,0.07500000000000001,,,S2,Longshot,True,unsched_sports
dlo_six_team_trade,KXNBA-27-NYK,unscheduled_sports,sports_future,3,18,False,-0.04999999999999999,-0.5663954749208013,-0.3999999999999999,3.1166666666666667,0.009999999999999995,,61262.630000000005,14611.551666666666,56317.21000000002,0.07500000000000001,,,S2,Longshot,True,unsched_sports
dlo_six_team_trade,KXNBA-27-NYK,unscheduled_sports,sports_future,5,18,False,-0.05499999999999999,-0.6407791950426289,-0.43999999999999995,3.1166666666666667,0.011999999999999997,,76420.02,14611.551666666666,63989.67999999999,0.07500000000000001,,,S2,Longshot,True,unsched_sports
dlo_six_team_trade,KXNBA-27-NOP,unscheduled_sports,sports_future,1,8,False,,,,,0.01,,0.0,294.96333333333337,0.0,,,,S?,No quote,True,unsched_sports
dlo_six_team_trade,KXNBA-27-NOP,unscheduled_sports,sports_future,3,8,False,,,,,0.01,,0.0,294.96333333333337,0.0,,,,S?,No quote,True,unsched_sports
dlo_six_team_trade,KXNBA-27-NOP,unscheduled_sports,sports_future,5,8,False,,,,,0.01,,0.0,294.96333333333337,0.0,,,,S?,No quote,True,unsched_sports
dlo_six_team_trade,KXNBA-27-MIN,unscheduled_sports,sports_future,1,18,False,-0.0002777777777777865,-0.006444774667338837,-0.006134969325153566,3.1166666666666667,0.010000000000000002,,15444.53,26510.902777777777,0.0,0.045,,,S1,Deep longshot,True,unsched_sports
dlo_six_team_trade,KXNBA-27-MIN,unscheduled_sports,sports_future,3,18,False,-0.020277777777777783,-0.6149575700865748,-0.4478527607361964,51.11666666666667,0.009999999999999998,,54518.840000000004,26510.902777777777,-5740.170000000042,0.045,,,S1,Deep longshot,True,unsched_sports
dlo_six_team_trade,KXNBA-27-MIN,unscheduled_sports,sports_future,5,18,False,-0.0002777777777777865,-0.006444774667338837,-0.006134969325153566,3.1166666666666667,0.009999999999999998,,91006.81,26510.902777777777,17095.599999999977,0.045,,,S1,Deep longshot,True,unsched_sports
dlo_six_team_trade,KXNBA-27-MIL,unscheduled_sports,sports_future,1,14,False,,,,,0.01,,0.0,1161.2917647058823,0.0,0.01,,,S1,Deep longshot,True,unsched_sports
dlo_six_team_trade,KXNBA-27-MIL,unscheduled_sports,sports_future,3,14,False,1.734723475976807e-18,0.0,1.7347234759768073e-16,,0.01,,170.2,1161.2917647058823,170.20000000000073,0.01,,,S1,Deep longshot,True,unsched_sports
dlo_six_team_trade,KXNBA-27-MIL,unscheduled_sports,sports_future,5,14,False,,,,,0.01,,170.2,1161.2917647058823,170.20000000000073,0.01,,,S1,Deep longshot,True,unsched_sports
dlo_six_team_trade,KXNBA-27-MIA,unscheduled_sports,sports_future,1,18,False,0.0063888888888888815,0.13021903451153927,0.13142857142857126,3.1166666666666667,0.009999999999999995,,4041.75,41436.45055555555,0.0,0.045,,,S1,Deep longshot,True,unsched_sports
dlo_six_team_trade,KXNBA-27-MIA,unscheduled_sports,sports_future,3,18,False,-0.0036111111111111205,-0.08097807393759915,-0.07428571428571447,51.11666666666667,0.010000000000000002,,17893.86,41436.45055555555,11031.69000000006,0.045,,,S1,Deep longshot,True,unsched_sports
dlo_six_team_trade,KXNBA-27-MIA,unscheduled_sports,sports_future,5,18,False,0.011388888888888886,0.2225354637308623,0.23428571428571418,3.1166666666666667,0.012,,43107.2,41436.45055555555,33208.30000000005,0.045,,,S1,Deep longshot,True,unsched_sports
dlo_six_team_trade,KXNBA-27-MEM,unscheduled_sports,sports_future,1,9,False,,,,,0.01,,0.0,826.088125,0.0,0.01,,,S1,Deep longshot,True,unsched_sports
dlo_six_team_trade,KXNBA-27-MEM,unscheduled_sports,sports_future,3,9,False,,,,,0.01,,0.0,826.088125,0.0,0.01,,,S1,Deep longshot,True,unsched_sports
dlo_six_team_trade,KXNBA-27-MEM,unscheduled_sports,sports_future,5,9,False,,,,,0.01,,0.0,826.088125,0.0,0.01,,,S1,Deep longshot,True,unsched_sports
dlo_six_team_trade,KXNBA-27-LAL,unscheduled_sports,sports_future,1,18,False,-0.001388888888888891,-0.04035571608097399,-0.03816793893129776,3.1166666666666667,0.010000000000000002,,13455.3,28796.81777777778,0.0,0.035,,,S1,Deep longshot,True,unsched_sports
dlo_six_team_trade,KXNBA-27-LAL,unscheduled_sports,sports_future,3,18,False,-0.001388888888888891,-0.04035571608097399,-0.03816793893129776,3.1166666666666667,0.010000000000000002,,35587.83,28796.81777777778,13206.140000000014,0.035,,,S1,Deep longshot,True,unsched_sports
dlo_six_team_trade,KXNBA-27-LAL,unscheduled_sports,sports_future,5,18,False,-0.001388888888888891,-0.04035571608097399,-0.03816793893129776,3.1166666666666667,0.010000000000000002,,39089.32,28796.81777777778,15020.98999999999,0.035,,,S1,Deep longshot,True,unsched_sports
dlo_six_team_trade,KXNBA-27-LAC,unscheduled_sports,sports_future,1,16,False,,,,,0.01,,0.0,3878.717777777778,0.0,0.01,,,S1,Deep longshot,True,unsched_sports
dlo_six_team_trade,KXNBA-27-LAC,unscheduled_sports,sports_future,3,16,False,0.0,0.0,0.0,,0.01,,4301.87,3878.717777777778,4301.869999999995,0.01,,,S1,Deep longshot,True,unsched_sports
dlo_six_team_trade,KXNBA-27-LAC,unscheduled_sports,sports_future,5,16,False,0.0,0.0,0.0,,0.01,,4816.21,3878.717777777778,4816.210000000006,0.01,,,S1,Deep longshot,True,unsched_sports
dlo_six_team_trade,KXNBA-27-IND,unscheduled_sports,sports_future,1,18,False,-0.005833333333333336,-0.21572140625520664,-0.18918918918918926,3.1166666666666667,0.009999999999999998,,78691.5,3329.5727777777774,0.0,0.025,,,S1,Deep longshot,True,unsched_sports
dlo_six_team_trade,KXNBA-27-IND,unscheduled_sports,sports_future,3,18,False,-0.005833333333333336,-0.21572140625520664,-0.18918918918918926,3.1166666666666667,0.009999999999999998,,83075.38,3329.5727777777774,4383.880000000005,0.025,,,S1,Deep longshot,True,unsched_sports
dlo_six_team_trade,KXNBA-27-IND,unscheduled_sports,sports_future,5,18,False,-0.005833333333333336,-0.21572140625520664,-0.18918918918918926,3.1166666666666667,0.009999999999999998,,84327.75000000001,3329.5727777777774,5636.25,0.025,,,S1,Deep longshot,True,unsched_sports
dlo_six_team_trade,KXNBA-27-HOU,unscheduled_sports,sports_future,1,18,False,-0.0008333333333333352,-0.03364488914272412,-0.0322580645161291,3.1166666666666667,0.009999999999999998,,480.99,1620.6994444444445,0.0,0.025,,,S1,Deep longshot,True,unsched_sports
dlo_six_team_trade,KXNBA-27-HOU,unscheduled_sports,sports_future,3,18,False,-0.0008333333333333352,-0.03364488914272412,-0.0322580645161291,3.1166666666666667,0.009999999999999998,,1171.26,1620.6994444444445,690.2700000000004,0.025,,,S1,Deep longshot,True,unsched_sports
dlo_six_team_trade,KXNBA-27-HOU,unscheduled_sports,sports_future,5,18,False,-0.0008333333333333352,-0.03364488914272412,-0.0322580645161291,3.1166666666666667,0.009999999999999998,,1455.74,1620.6994444444445,974.75,0.025,,,S1,Deep longshot,True,unsched_sports
dlo_six_team_trade,KXNBA-27-GSW,unscheduled_sports,sports_future,1,18,False,0.003055555555555551,0.11056535485883057,0.11340206185566992,3.1166666666666667,0.02,,11825.91,43467.76277777778,0.0,0.025,,,S1,Deep longshot,True,unsched_sports
dlo_six_team_trade,KXNBA-27-GSW,unscheduled_sports,sports_future,3,18,False,0.008055555555555555,0.2698840048445317,0.2989690721649484,51.11666666666667,0.013333333333333334,,43910.61,43467.76277777778,21295.369999999995,0.025,,,S1,Deep longshot,True,unsched_sports
dlo_six_team_trade,KXNBA-27-GSW,unscheduled_sports,sports_future,5,18,False,-0.0019444444444444466,-0.07689760143554247,-0.07216494845360831,27.116666666666667,0.012,,62255.24,43467.76277777778,28882.410000000033,0.025,,,S1,Deep longshot,True,unsched_sports
dlo_six_team_trade,KXNBA-27-DET,unscheduled_sports,sports_future,1,18,False,0.002777777777777775,0.08556610701645662,0.08620689655172403,3.1166666666666667,0.010000000000000002,,1319.13,6517.348888888889,0.0,0.035,,,S1,Deep longshot,True,unsched_sports
dlo_six_team_trade,KXNBA-27-DET,unscheduled_sports,sports_future,3,18,False,0.002777777777777775,0.08556610701645662,0.08620689655172403,3.1166666666666667,0.010000000000000002,,3113.8900000000003,6517.348888888889,1738.9599999999919,0.035,,,S1,Deep longshot,True,unsched_sports
dlo_six_team_trade,KXNBA-27-DET,unscheduled_sports,sports_future,5,18,False,0.002777777777777775,0.08556610701645662,0.08620689655172403,3.1166666666666667,0.010000000000000002,,3819.7900000000004,6517.348888888889,2444.8600000000006,0.035,,,S1,Deep longshot,True,unsched_sports
dlo_six_team_trade,KXNBA-27-DEN,unscheduled_sports,sports_future,1,18,False,-0.0069444444444444475,-0.18822026372765555,-0.1655629139072848,3.1166666666666667,0.010000000000000002,,320.51,19156.68,0.0,0.035,,,S1,Deep longshot,True,unsched_sports
dlo_six_team_trade,KXNBA-27-DEN,unscheduled_sports,sports_future,3,18,False,-0.0069444444444444475,-0.18822026372765555,-0.1655629139072848,3.1166666666666667,0.010000000000000002,,3174.2200000000003,19156.68,1448.179999999993,0.035,,,S1,Deep longshot,True,unsched_sports
dlo_six_team_trade,KXNBA-27-DEN,unscheduled_sports,sports_future,5,18,False,-0.0069444444444444475,-0.18822026372765555,-0.1655629139072848,3.1166666666666667,0.010000000000000002,,4907.48,19156.68,3180.4400000000023,0.035,,,S1,Deep longshot,True,unsched_sports
dlo_six_team_trade,KXNBA-27-DAL,unscheduled_sports,sports_future,1,18,False,-0.004444444444444445,-0.37222422528654686,-0.3076923076923077,3.1166666666666667,0.01,,935.18,8509.997222222224,0.0,0.01,,,S1,Deep longshot,True,unsched_sports
dlo_six_team_trade,KXNBA-27-DAL,unscheduled_sports,sports_future,3,18,False,-0.004444444444444445,-0.37222422528654686,-0.3076923076923077,3.1166666666666667,0.01,,4851.8,8509.997222222224,3916.6199999999953,0.01,,,S1,Deep longshot,True,unsched_sports
dlo_six_team_trade,KXNBA-27-DAL,unscheduled_sports,sports_future,5,18,False,-0.004444444444444445,-0.37222422528654686,-0.3076923076923077,3.1166666666666667,0.01,,17881.43,8509.997222222224,16946.25,0.01,,,S1,Deep longshot,True,unsched_sports
dlo_six_team_trade,KXNBA-27-CLE,unscheduled_sports,sports_future,1,18,False,0.011666666666666665,0.3569200119463307,0.41176470588235287,3.1166666666666667,0.020000000000000004,,53015.68,16186.734999999999,0.0,0.065,,,S2,Longshot,True,unsched_sports
dlo_six_team_trade,KXNBA-27-CLE,unscheduled_sports,sports_future,3,18,False,0.03666666666666667,0.8688145829012259,1.2941176470588234,27.116666666666667,0.013333333333333341,,80300.76,16186.734999999999,17295.78999999998,0.065,,,S2,Longshot,True,unsched_sports
dlo_six_team_trade,KXNBA-27-CLE,unscheduled_sports,sports_future,5,18,False,0.016666666666666663,0.4799249915838657,0.5882352941176469,3.1166666666666667,0.012000000000000005,,111715.06999999999,16186.734999999999,32475.909999999974,0.065,,,S2,Longshot,True,unsched_sports
dlo_six_team_trade,KXNBA-27-CHI,unscheduled_sports,sports_future,1,13,False,,,,,0.01,,0.0,514.2405555555556,0.0,,,,S?,No quote,True,unsched_sports
dlo_six_team_trade,KXNBA-27-CHI,unscheduled_sports,sports_future,3,13,False,1.734723475976807e-18,0.0,1.7347234759768073e-16,,0.01,,761.1,514.2405555555556,761.1000000000004,,,,S?,No quote,True,unsched_sports
dlo_six_team_trade,KXNBA-27-CHI,unscheduled_sports,sports_future,5,13,False,,,,,0.01,,861.1,514.2405555555556,861.1000000000004,,,,S?,No quote,True,unsched_sports
dlo_six_team_trade,KXNBA-27-CHA,unscheduled_sports,sports_future,1,18,False,,,,,0.01,,0.0,5809.311666666667,0.0,0.01,,,S1,Deep longshot,True,unsched_sports
dlo_six_team_trade,KXNBA-27-CHA,unscheduled_sports,sports_future,3,18,False,-0.005277777777777779,-0.429159596400833,-0.3454545454545455,27.116666666666667,0.01,,3373.16,5809.311666666667,3373.1600000000035,0.01,,,S1,Deep longshot,True,unsched_sports
dlo_six_team_trade,KXNBA-27-CHA,unscheduled_sports,sports_future,5,18,False,-0.005277777777777779,-0.429159596400833,-0.3454545454545455,27.116666666666667,0.01,,4794.57,5809.311666666667,4794.570000000007,0.01,,,S1,Deep longshot,True,unsched_sports
dlo_six_team_trade,KXNBA-27-BOS,unscheduled_sports,sports_future,1,18,False,-0.05416666666666667,-0.6658139037827198,-0.45454545454545453,3.1166666666666667,0.010000000000000009,,832.23,13869.964444444448,0.0,0.065,,,S2,Longshot,True,unsched_sports
dlo_six_team_trade,KXNBA-27-BOS,unscheduled_sports,sports_future,3,18,False,-0.05416666666666667,-0.6658139037827198,-0.45454545454545453,3.1166666666666667,0.010000000000000009,,4340.780000000001,13869.964444444448,3353.0899999999965,0.065,,,S2,Longshot,True,unsched_sports
dlo_six_team_trade,KXNBA-27-BOS,unscheduled_sports,sports_future,5,18,False,-0.05416666666666667,-0.6658139037827198,-0.45454545454545453,3.1166666666666667,0.010000000000000009,,7431.41,13869.964444444448,6272.529999999999,0.065,,,S2,Longshot,True,unsched_sports
dlo_six_team_trade,KXNBA-27-BKN,unscheduled_sports,sports_future,1,12,False,,,,,0.01,,0.0,356.6670588235294,0.0,,,,S?,No quote,True,unsched_sports
dlo_six_team_trade,KXNBA-27-BKN,unscheduled_sports,sports_future,3,12,False,1.734723475976807e-18,0.0,1.7347234759768073e-16,,0.01,,200.0,356.6670588235294,200.0,,,,S?,No quote,True,unsched_sports
dlo_six_team_trade,KXNBA-27-BKN,unscheduled_sports,sports_future,5,12,False,1.734723475976807e-18,0.0,1.7347234759768073e-16,,0.01,,487.03,356.6670588235294,487.02999999999975,,,,S?,No quote,True,unsched_sports
dlo_six_team_trade,KXNBA-27-ATL,unscheduled_sports,sports_future,1,18,False,0.0002777777777777761,0.018974101151621348,0.01886792452830177,3.1166666666666667,0.01,,140.0,3652.277777777778,0.0,0.015,,,S1,Deep longshot,True,unsched_sports
dlo_six_team_trade,KXNBA-27-ATL,unscheduled_sports,sports_future,3,18,False,0.0002777777777777761,0.018974101151621348,0.01886792452830177,3.1166666666666667,0.01,,240.0,3652.277777777778,100.0,0.015,,,S1,Deep longshot,True,unsched_sports
dlo_six_team_trade,KXNBA-27-ATL,unscheduled_sports,sports_future,5,18,False,0.0002777777777777761,0.018974101151621348,0.01886792452830177,3.1166666666666667,0.01,,349.35,3652.277777777778,200.0,0.015,,,S1,Deep longshot,True,unsched_sports
kawhi_to_raptors,KXNBA-27-WAS,unscheduled_sports,sports_future,1,19,False,,,,,0.01,,0.0,1475.4256000000003,0.0,0.01,,,S1,Deep longshot,True,unsched_sports
kawhi_to_raptors,KXNBA-27-WAS,unscheduled_sports,sports_future,3,19,False,-1.734723475976807e-18,0.0,-1.7347234759768068e-16,,0.01,,8180.25,1475.4256000000003,8180.25,0.01,,,S1,Deep longshot,True,unsched_sports
kawhi_to_raptors,KXNBA-27-WAS,unscheduled_sports,sports_future,5,19,False,-1.734723475976807e-18,0.0,-1.7347234759768068e-16,,0.01,,8273.76,1475.4256000000003,8273.76000000001,0.01,,,S1,Deep longshot,True,unsched_sports
kawhi_to_raptors,KXNBA-27-UTA,unscheduled_sports,sports_future,1,18,False,,,,,0.01,,0.0,1799.8284000000003,0.0,0.01,,,S1,Deep longshot,True,unsched_sports
kawhi_to_raptors,KXNBA-27-UTA,unscheduled_sports,sports_future,3,18,False,-1.734723475976807e-18,0.0,-1.7347234759768068e-16,,0.01,,2492.0,1799.8284000000003,2492.0,0.01,,,S1,Deep longshot,True,unsched_sports
kawhi_to_raptors,KXNBA-27-UTA,unscheduled_sports,sports_future,5,18,False,-1.734723475976807e-18,0.0,-1.7347234759768068e-16,,0.01,,3688.96,1799.8284000000003,3688.960000000079,0.01,,,S1,Deep longshot,True,unsched_sports
kawhi_to_raptors,KXNBA-27-TOR,unscheduled_sports,sports_future,1,25,False,-3.469446951953614e-18,0.0,-1.3877787807814454e-16,,0.009999999999999998,,2030.05,4230.186000000001,0.0,0.025,,,S1,Deep longshot,True,unsched_sports
kawhi_to_raptors,KXNBA-27-TOR,unscheduled_sports,sports_future,3,25,False,-3.469446951953614e-18,0.0,-1.3877787807814454e-16,,0.009999999999999998,,79840.01,4230.186000000001,76066.76000000001,0.025,,,S1,Deep longshot,True,unsched_sports
kawhi_to_raptors,KXNBA-27-TOR,unscheduled_sports,sports_future,5,25,False,-3.469446951953614e-18,0.0,-1.3877787807814454e-16,,0.009999999999999998,,83591.95,4230.186000000001,77818.70000000007,0.025,,,S1,Deep longshot,True,unsched_sports
kawhi_to_raptors,KXNBA-27-SAS,unscheduled_sports,sports_future,1,25,False,-0.012999999999999984,-0.07540676858441042,-0.05701754385964906,9.066666666666666,0.010000000000000009,,3718.65,3204.4668,0.0,0.215,,,S3,Contender,True,unsched_sports
kawhi_to_raptors,KXNBA-27-SAS,unscheduled_sports,sports_future,3,25,False,-0.012999999999999984,-0.07540676858441042,-0.05701754385964906,9.066666666666666,0.010000000000000009,,6264.639999999999,3204.4668,-118.14999999996508,0.215,,,S3,Contender,True,unsched_sports
kawhi_to_raptors,KXNBA-27-SAS,unscheduled_sports,sports_future,5,25,False,-0.012999999999999984,-0.07540676858441042,-0.05701754385964906,9.066666666666666,0.010000000000000009,,7434.709999999999,3204.4668,733.7800000000279,0.215,,,S3,Contender,True,unsched_sports
kawhi_to_raptors,KXNBA-27-SAC,unscheduled_sports,sports_future,1,8,False,,,,,0.01,,0.0,514.4749999999999,0.0,0.01,,,S1,Deep longshot,True,unsched_sports
kawhi_to_raptors,KXNBA-27-SAC,unscheduled_sports,sports_future,3,8,False,,,,,0.01,,0.0,514.4749999999999,0.0,0.01,,,S1,Deep longshot,True,unsched_sports
kawhi_to_raptors,KXNBA-27-SAC,unscheduled_sports,sports_future,5,8,False,,,,,0.01,,0.0,514.4749999999999,0.0,0.01,,,S1,Deep longshot,True,unsched_sports
kawhi_to_raptors,KXNBA-27-POR,unscheduled_sports,sports_future,1,20,False,,,,,0.01,,0.0,2486.5872,0.0,,,,S?,No quote,True,unsched_sports
kawhi_to_raptors,KXNBA-27-POR,unscheduled_sports,sports_future,3,20,False,-1.734723475976807e-18,0.0,-1.7347234759768068e-16,,0.01,,2319.26,2486.5872,2319.2600000000093,,,,S?,No quote,True,unsched_sports
kawhi_to_raptors,KXNBA-27-POR,unscheduled_sports,sports_future,5,20,False,-1.734723475976807e-18,0.0,-1.7347234759768068e-16,,0.01,,4657.23,2486.5872,4657.230000000098,,,,S?,No quote,True,unsched_sports
kawhi_to_raptors,KXNBA-27-PHX,unscheduled_sports,sports_future,1,6,False,,,,,0.01,,0.0,174.11375,0.0,0.01,,,S1,Deep longshot,True,unsched_sports
kawhi_to_raptors,KXNBA-27-PHX,unscheduled_sports,sports_future,3,6,False,0.0,0.0,0.0,,0.01,,1.0,174.11375,1.0,0.01,,,S1,Deep longshot,True,unsched_sports
kawhi_to_raptors,KXNBA-27-PHX,unscheduled_sports,sports_future,5,6,False,,,,,0.01,,1.0,174.11375,1.0,0.01,,,S1,Deep longshot,True,unsched_sports
kawhi_to_raptors,KXNBA-27-PHI,unscheduled_sports,sports_future,1,25,False,-0.004600000000000021,-0.052381107657360815,-0.04618473895582349,9.066666666666666,0.010000000000000009,,8567.26,41037.0596,0.0,0.095,,,S2,Longshot,True,unsched_sports
kawhi_to_raptors,KXNBA-27-PHI,unscheduled_sports,sports_future,3,25,False,-0.004600000000000021,-0.052381107657360815,-0.04618473895582349,9.066666666666666,0.010000000000000009,,28564.94,41037.0596,-7268.25,0.095,,,S2,Longshot,True,unsched_sports
kawhi_to_raptors,KXNBA-27-PHI,unscheduled_sports,sports_future,5,25,False,-0.004600000000000021,-0.052381107657360815,-0.04618473895582349,9.066666666666666,0.010000000000000009,,67292.16,41037.0596,-23828.330000000075,0.095,,,S2,Longshot,True,unsched_sports
kawhi_to_raptors,KXNBA-27-ORL,unscheduled_sports,sports_future,1,23,False,0.00021739130434782206,0.014819476901911877,0.0147058823529409,9.066666666666666,0.01,,93.51,18754.2392,0.0,0.015,,,S1,Deep longshot,True,unsched_sports
kawhi_to_raptors,KXNBA-27-ORL,unscheduled_sports,sports_future,3,23,False,0.00021739130434782206,0.014819476901911877,0.0147058823529409,9.066666666666666,0.01,,93.51,18754.2392,0.0,0.015,,,S1,Deep longshot,True,unsched_sports
kawhi_to_raptors,KXNBA-27-ORL,unscheduled_sports,sports_future,5,23,False,0.00021739130434782206,0.014819476901911877,0.0147058823529409,9.066666666666666,0.01,,93.51,18754.2392,0.0,0.015,,,S1,Deep longshot,True,unsched_sports
kawhi_to_raptors,KXNBA-27-OKC,unscheduled_sports,sports_future,1,25,False,-0.008000000000000007,-0.04677711074721724,-0.03587443946188344,9.066666666666666,0.010000000000000009,,2582.64,1549.8656,0.0,0.215,,,S3,Contender,True,unsched_sports
kawhi_to_raptors,KXNBA-27-OKC,unscheduled_sports,sports_future,3,25,False,-0.017999999999999988,-0.10706355660839506,-0.08071748878923761,57.06666666666667,0.01,,11572.989999999998,1549.8656,8293.73999999999,0.215,,,S3,Contender,True,unsched_sports
kawhi_to_raptors,KXNBA-27-OKC,unscheduled_sports,sports_future,5,25,False,-0.008000000000000007,-0.04677711074721724,-0.03587443946188344,9.066666666666666,0.010000000000000004,,136513.06,1549.8656,132017.55,0.215,,,S3,Contender,True,unsched_sports
kawhi_to_raptors,KXNBA-27-NYK,unscheduled_sports,sports_future,1,25,False,-0.009999999999999995,-0.13603281519091004,-0.11764705882352934,9.066666666666666,0.009999999999999995,,7829.88,5077.554399999999,0.0,0.07500000000000001,,,S2,Longshot,True,unsched_sports
kawhi_to_raptors,KXNBA-27-NYK,unscheduled_sports,sports_future,3,25,False,-0.009999999999999995,-0.13603281519091004,-0.11764705882352934,9.066666666666666,0.009999999999999995,,19076.56,5077.554399999999,8027.679999999935,0.07500000000000001,,,S2,Longshot,True,unsched_sports
kawhi_to_raptors,KXNBA-27-NYK,unscheduled_sports,sports_future,5,25,False,-0.0050000000000000044,-0.06607422658399953,-0.058823529411764754,9.066666666666666,0.011999999999999993,,22637.36,5077.554399999999,8763.109999999986,0.07500000000000001,,,S2,Longshot,True,unsched_sports
kawhi_to_raptors,KXNBA-27-NOP,unscheduled_sports,sports_future,1,7,True,,,,,0.01,,0.0,23.587500000000002,0.0,0.01,,,S1,Deep longshot,True,unsched_sports
kawhi_to_raptors,KXNBA-27-NOP,unscheduled_sports,sports_future,3,7,True,,,,,0.01,,0.0,23.587500000000002,0.0,0.01,,,S1,Deep longshot,True,unsched_sports
kawhi_to_raptors,KXNBA-27-NOP,unscheduled_sports,sports_future,5,7,True,,,,,0.01,,0.0,23.587500000000002,0.0,0.01,,,S1,Deep longshot,True,unsched_sports
kawhi_to_raptors,KXNBA-27-MIN,unscheduled_sports,sports_future,1,25,False,0.011199999999999995,0.29786119892092255,0.33136094674556194,9.066666666666666,0.010000000000000002,,6669.52,27794.3884,0.0,0.045,,,S1,Deep longshot,True,unsched_sports
kawhi_to_raptors,KXNBA-27-MIN,unscheduled_sports,sports_future,3,25,False,0.011199999999999995,0.29786119892092255,0.33136094674556194,9.066666666666666,0.010000000000000002,,24321.399999999998,27794.3884,15187.219999999972,0.045,,,S1,Deep longshot,True,unsched_sports
kawhi_to_raptors,KXNBA-27-MIN,unscheduled_sports,sports_future,5,25,False,0.011199999999999995,0.29786119892092255,0.33136094674556194,9.066666666666666,0.010000000000000002,,57795.67,27794.3884,46040.96999999997,0.045,,,S1,Deep longshot,True,unsched_sports
kawhi_to_raptors,KXNBA-27-MIL,unscheduled_sports,sports_future,1,8,False,0.0,0.0,0.0,,0.01,,1028.7,64.46391304347826,0.0,0.01,,,S1,Deep longshot,True,unsched_sports
kawhi_to_raptors,KXNBA-27-MIL,unscheduled_sports,sports_future,3,8,False,0.0,0.0,0.0,,0.01,,1215.72,64.46391304347826,187.02000000000407,0.01,,,S1,Deep longshot,True,unsched_sports
kawhi_to_raptors,KXNBA-27-MIL,unscheduled_sports,sports_future,5,8,False,,,,,0.01,,1683.31,64.46391304347826,654.6100000000006,0.01,,,S1,Deep longshot,True,unsched_sports
kawhi_to_raptors,KXNBA-27-MIA,unscheduled_sports,sports_future,1,25,False,0.008199999999999992,0.2097143786692608,0.22282608695652148,9.066666666666666,0.010000000000000002,,4568.29,12238.443200000002,0.0,0.045,,,S1,Deep longshot,True,unsched_sports
kawhi_to_raptors,KXNBA-27-MIA,unscheduled_sports,sports_future,3,25,False,0.008199999999999992,0.2097143786692608,0.22282608695652148,9.066666666666666,0.010000000000000002,,7861.41,12238.443200000002,1815.7299999999814,0.045,,,S1,Deep longshot,True,unsched_sports
kawhi_to_raptors,KXNBA-27-MIA,unscheduled_sports,sports_future,5,25,False,0.008199999999999992,0.2097143786692608,0.22282608695652148,9.066666666666666,0.010000000000000002,,17370.85,12238.443200000002,8786.030000000028,0.045,,,S1,Deep longshot,True,unsched_sports
kawhi_to_raptors,KXNBA-27-MEM,unscheduled_sports,sports_future,1,6,True,,,,,0.01,,0.0,49027.216363636355,0.0,0.01,,,S1,Deep longshot,True,unsched_sports
kawhi_to_raptors,KXNBA-27-MEM,unscheduled_sports,sports_future,3,6,True,,,,,0.01,,0.0,49027.216363636355,0.0,0.01,,,S1,Deep longshot,True,unsched_sports
kawhi_to_raptors,KXNBA-27-MEM,unscheduled_sports,sports_future,5,6,True,,,,,0.01,,0.0,49027.216363636355,0.0,0.01,,,S1,Deep longshot,True,unsched_sports
kawhi_to_raptors,KXNBA-27-LAL,unscheduled_sports,sports_future,1,25,False,0.0017999999999999995,0.07656799799458414,0.0775862068965517,9.066666666666666,0.009999999999999998,,7288.04,11284.124,0.0,0.025,,,S1,Deep longshot,True,unsched_sports
kawhi_to_raptors,KXNBA-27-LAL,unscheduled_sports,sports_future,3,25,False,0.0017999999999999995,0.07656799799458414,0.0775862068965517,9.066666666666666,0.009999999999999998,,84260.1,11284.124,76702.90999999992,0.025,,,S1,Deep longshot,True,unsched_sports
kawhi_to_raptors,KXNBA-27-LAL,unscheduled_sports,sports_future,5,25,False,0.0017999999999999995,0.07656799799458414,0.0775862068965517,9.066666666666666,0.009999999999999998,,99605.03,11284.124,92047.83999999985,0.025,,,S1,Deep longshot,True,unsched_sports
kawhi_to_raptors,KXNBA-27-LAC,unscheduled_sports,sports_future,1,8,False,,,,,0.01,,0.0,360.28130434782616,0.0,0.01,,,S1,Deep longshot,True,unsched_sports
kawhi_to_raptors,KXNBA-27-LAC,unscheduled_sports,sports_future,3,8,False,0.0,0.0,0.0,,0.01,,109.84,360.28130434782616,109.84000000001106,0.01,,,S1,Deep longshot,True,unsched_sports
kawhi_to_raptors,KXNBA-27-LAC,unscheduled_sports,sports_future,5,8,False,,,,,0.01,,109.84,360.28130434782616,109.84000000001106,0.01,,,S1,Deep longshot,True,unsched_sports
kawhi_to_raptors,KXNBA-27-IND,unscheduled_sports,sports_future,1,25,False,0.0,0.0,0.0,,0.01,,4587.45,3854.072,0.0,0.015,,,S1,Deep longshot,True,unsched_sports
kawhi_to_raptors,KXNBA-27-IND,unscheduled_sports,sports_future,3,25,False,0.0,0.0,0.0,,0.01,,35360.94,3854.072,30757.31999999995,0.015,,,S1,Deep longshot,True,unsched_sports
kawhi_to_raptors,KXNBA-27-IND,unscheduled_sports,sports_future,5,25,False,0.0,0.0,0.0,,0.01,,37924.630000000005,3854.072,32151.26000000001,0.015,,,S1,Deep longshot,True,unsched_sports
kawhi_to_raptors,KXNBA-27-HOU,unscheduled_sports,sports_future,1,25,False,0.0,0.0,0.0,,0.01,,0.0,1880.7028,0.0,0.015,,,S1,Deep longshot,True,unsched_sports
kawhi_to_raptors,KXNBA-27-HOU,unscheduled_sports,sports_future,3,25,False,0.0,0.0,0.0,,0.01,,70280.0,1880.7028,70279.99999999997,0.015,,,S1,Deep longshot,True,unsched_sports
kawhi_to_raptors,KXNBA-27-HOU,unscheduled_sports,sports_future,5,25,False,0.0,0.0,0.0,,0.01,,70513.95,1880.7028,70513.94999999998,0.015,,,S1,Deep longshot,True,unsched_sports
kawhi_to_raptors,KXNBA-27-GSW,unscheduled_sports,sports_future,1,25,False,0.0,0.0,0.0,,0.01,,5271.88,7659.093999999999,0.0,0.015,,,S1,Deep longshot,True,unsched_sports
kawhi_to_raptors,KXNBA-27-GSW,unscheduled_sports,sports_future,3,25,False,0.0,0.0,0.0,,0.01,,30505.68,7659.093999999999,3785.1199999999953,0.015,,,S1,Deep longshot,True,unsched_sports
kawhi_to_raptors,KXNBA-27-GSW,unscheduled_sports,sports_future,5,25,False,0.0,0.0,0.0,,0.01,,44248.17,7659.093999999999,10053.969999999972,0.015,,,S1,Deep longshot,True,unsched_sports
kawhi_to_raptors,KXNBA-27-DET,unscheduled_sports,sports_future,1,25,False,-3.469446951953614e-18,0.0,-1.3877787807814454e-16,,0.009999999999999998,,50.0,2312.5796,0.0,0.025,,,S1,Deep longshot,True,unsched_sports
kawhi_to_raptors,KXNBA-27-DET,unscheduled_sports,sports_future,3,25,False,-0.010000000000000005,-0.5210297939402322,-0.40000000000000013,57.06666666666667,0.01,,34538.92,2312.5796,34371.79999999999,0.025,,,S1,Deep longshot,True,unsched_sports
kawhi_to_raptors,KXNBA-27-DET,unscheduled_sports,sports_future,5,25,False,-0.010000000000000005,-0.5210297939402322,-0.40000000000000013,57.06666666666667,0.01,,37294.63,2312.5796,37127.51000000001,0.025,,,S1,Deep longshot,True,unsched_sports
kawhi_to_raptors,KXNBA-27-DEN,unscheduled_sports,sports_future,1,25,False,0.0,0.0,0.0,,0.010000000000000002,,93.76,873.7507999999999,0.0,0.035,,,S1,Deep longshot,True,unsched_sports
kawhi_to_raptors,KXNBA-27-DEN,unscheduled_sports,sports_future,3,25,False,-0.010000000000000002,-0.34678160628007415,-0.28571428571428575,57.06666666666667,0.01,,70739.65000000001,873.7507999999999,65599.37,0.035,,,S1,Deep longshot,True,unsched_sports
kawhi_to_raptors,KXNBA-27-DEN,unscheduled_sports,sports_future,5,25,False,-0.010000000000000002,-0.34678160628007415,-0.28571428571428575,57.06666666666667,0.01,,71317.08,873.7507999999999,66176.79999999999,0.035,,,S1,Deep longshot,True,unsched_sports
kawhi_to_raptors,KXNBA-27-DAL,unscheduled_sports,sports_future,1,17,False,0.0,0.0,0.0,,0.01,,5653.22,1076.2056,0.0,0.01,,,S1,Deep longshot,True,unsched_sports
kawhi_to_raptors,KXNBA-27-DAL,unscheduled_sports,sports_future,3,17,False,,,,,0.01,,7307.84,1076.2056,1654.6199999999953,0.01,,,S1,Deep longshot,True,unsched_sports
kawhi_to_raptors,KXNBA-27-DAL,unscheduled_sports,sports_future,5,17,False,0.0,0.0,0.0,,0.01,,10258.349999999999,1076.2056,4605.130000000005,0.01,,,S1,Deep longshot,True,unsched_sports
kawhi_to_raptors,KXNBA-27-CLE,unscheduled_sports,sports_future,1,25,False,-3.469446951953614e-18,0.0,-1.3877787807814454e-16,,0.009999999999999998,,1092.47,1166.0716,0.0,0.025,,,S1,Deep longshot,True,unsched_sports
kawhi_to_raptors,KXNBA-27-CLE,unscheduled_sports,sports_future,3,25,False,-3.469446951953614e-18,0.0,-1.3877787807814454e-16,,0.009999999999999998,,42447.659999999996,1166.0716,41068.22999999998,0.025,,,S1,Deep longshot,True,unsched_sports
kawhi_to_raptors,KXNBA-27-CLE,unscheduled_sports,sports_future,5,25,False,-3.469446951953614e-18,0.0,-1.3877787807814454e-16,,0.009999999999999998,,48170.23,1166.0716,36909.609999999986,0.025,,,S1,Deep longshot,True,unsched_sports
kawhi_to_raptors,KXNBA-27-CHI,unscheduled_sports,sports_future,1,6,False,,,,,0.01,,0.0,27.635454545454547,0.0,0.01,,,S1,Deep longshot,True,unsched_sports
kawhi_to_raptors,KXNBA-27-CHI,unscheduled_sports,sports_future,3,6,False,,,,,0.01,,0.0,27.635454545454547,0.0,0.01,,,S1,Deep longshot,True,unsched_sports
kawhi_to_raptors,KXNBA-27-CHI,unscheduled_sports,sports_future,5,6,False,,,,,0.01,,0.0,27.635454545454547,0.0,0.01,,,S1,Deep longshot,True,unsched_sports
kawhi_to_raptors,KXNBA-27-CHA,unscheduled_sports,sports_future,1,15,False,,,,,0.01,,0.0,389.94559999999996,0.0,,,,S?,No quote,True,unsched_sports
kawhi_to_raptors,KXNBA-27-CHA,unscheduled_sports,sports_future,3,15,False,0.0,0.0,0.0,,0.01,,353.02,389.94559999999996,353.0200000000186,,,,S?,No quote,True,unsched_sports
kawhi_to_raptors,KXNBA-27-CHA,unscheduled_sports,sports_future,5,15,False,,,,,0.01,,1288.1999999999998,389.94559999999996,1288.2000000000116,,,,S?,No quote,True,unsched_sports
kawhi_to_raptors,KXNBA-27-BOS,unscheduled_sports,sports_future,1,25,False,0.0,0.0,0.0,,0.010000000000000002,,2050.32,1214.18,0.0,0.045,,,S1,Deep longshot,True,unsched_sports
kawhi_to_raptors,KXNBA-27-BOS,unscheduled_sports,sports_future,3,25,False,0.0,0.0,0.0,,0.010000000000000002,,69317.72,1214.18,66312.90000000002,0.045,,,S1,Deep longshot,True,unsched_sports
kawhi_to_raptors,KXNBA-27-BOS,unscheduled_sports,sports_future,5,25,False,0.0,0.0,0.0,,0.010000000000000002,,71429.3,1214.18,66361.66999999998,0.045,,,S1,Deep longshot,True,unsched_sports
kawhi_to_raptors,KXNBA-27-BKN,unscheduled_sports,sports_future,1,7,False,,,,,0.01,,0.0,119.73863636363639,0.0,,,,S?,No quote,True,unsched_sports
kawhi_to_raptors,KXNBA-27-BKN,unscheduled_sports,sports_future,3,7,False,,,,,0.01,,0.0,119.73863636363639,0.0,,,,S?,No quote,True,unsched_sports
kawhi_to_raptors,KXNBA-27-BKN,unscheduled_sports,sports_future,5,7,False,,,,,0.01,,0.0,119.73863636363639,0.0,,,,S?,No quote,True,unsched_sports
kawhi_to_raptors,KXNBA-27-ATL,unscheduled_sports,sports_future,1,25,False,,,,,0.01,,0.0,638.8376000000001,0.0,0.01,,,S1,Deep longshot,True,unsched_sports
kawhi_to_raptors,KXNBA-27-ATL,unscheduled_sports,sports_future,3,25,False,0.0,0.0,0.0,,0.01,,2433.35,638.8376000000001,2433.3499999999767,0.01,,,S1,Deep longshot,True,unsched_sports
kawhi_to_raptors,KXNBA-27-ATL,unscheduled_sports,sports_future,5,25,False,0.0,0.0,0.0,,0.01,,2442.7,638.8376000000001,2442.7000000000116,0.01,,,S1,Deep longshot,True,unsched_sports
mike_conley_to_celtics,KXNBA-27-WAS,unscheduled_sports,sports_future,1,12,False,1.734723475976807e-18,0.0,1.7347234759768073e-16,,0.01,,18036.64,19545.721666666665,0.0,0.01,,,S1,Deep longshot,True,unsched_sports
mike_conley_to_celtics,KXNBA-27-WAS,unscheduled_sports,sports_future,3,12,False,1.734723475976807e-18,0.0,1.7347234759768073e-16,,0.01,,45427.9,19545.721666666665,27391.26000000001,0.01,,,S1,Deep longshot,True,unsched_sports
mike_conley_to_celtics,KXNBA-27-WAS,unscheduled_sports,sports_future,5,12,False,1.734723475976807e-18,0.0,1.7347234759768073e-16,,0.01,,110545.7,19545.721666666665,92468.13,0.01,,,S1,Deep longshot,True,unsched_sports
mike_conley_to_celtics,KXNBA-27-UTA,unscheduled_sports,sports_future,1,12,False,1.734723475976807e-18,0.0,1.7347234759768073e-16,,0.01,,2355.38,12460.901666666667,0.0,0.01,,,S1,Deep longshot,True,unsched_sports
mike_conley_to_celtics,KXNBA-27-UTA,unscheduled_sports,sports_future,3,12,False,1.734723475976807e-18,0.0,1.7347234759768073e-16,,0.01,,5831.41,12460.901666666667,3476.029999999999,0.01,,,S1,Deep longshot,True,unsched_sports
mike_conley_to_celtics,KXNBA-27-UTA,unscheduled_sports,sports_future,5,12,False,1.734723475976807e-18,0.0,1.7347234759768073e-16,,0.01,,17932.800000000003,12460.901666666667,15577.420000000013,0.01,,,S1,Deep longshot,True,unsched_sports
mike_conley_to_celtics,KXNBA-27-TOR,unscheduled_sports,sports_future,1,9,False,0.03333333333333333,1.384235399232002,2.857142857142857,13.033333333333333,0.010000000000000002,,7600.6,3619.5108333333337,0.0,0.055,,,S2,Longshot,True,unsched_sports
mike_conley_to_celtics,KXNBA-27-TOR,unscheduled_sports,sports_future,3,9,False,0.03333333333333333,1.384235399232002,2.857142857142857,13.033333333333333,0.010000000000000002,,64256.14,3619.5108333333337,-8930.270000000019,0.055,,,S2,Longshot,True,unsched_sports
mike_conley_to_celtics,KXNBA-27-TOR,unscheduled_sports,sports_future,5,9,False,0.03333333333333333,1.384235399232002,2.857142857142857,13.033333333333333,0.010000000000000002,,67711.66,3619.5108333333337,-8930.270000000019,0.055,,,S2,Longshot,True,unsched_sports
mike_conley_to_celtics,KXNBA-27-SAS,unscheduled_sports,sports_future,1,12,False,-0.03624999999999998,-0.2094935333613106,-0.15025906735751285,13.033333333333333,0.009999999999999981,,20311.98,6341.0216666666665,0.0,0.20500000000000002,,,S3,Contender,True,unsched_sports
mike_conley_to_celtics,KXNBA-27-SAS,unscheduled_sports,sports_future,3,12,False,-0.03624999999999998,-0.2094935333613106,-0.15025906735751285,13.033333333333333,0.009999999999999981,,26394.82,6341.0216666666665,5100.369999999995,0.20500000000000002,,,S3,Contender,True,unsched_sports
mike_conley_to_celtics,KXNBA-27-SAS,unscheduled_sports,sports_future,5,12,False,-0.04124999999999998,-0.2404557589652776,-0.17098445595854914,13.033333333333333,0.011999999999999983,,31634.25,6341.0216666666665,8919.830000000002,0.20500000000000002,,,S3,Contender,True,unsched_sports
mike_conley_to_celtics,KXNBA-27-SAC,unscheduled_sports,sports_future,1,12,False,1.734723475976807e-18,0.0,1.7347234759768073e-16,,0.01,,287.03,1615.1758333333335,0.0,0.01,,,S1,Deep longshot,True,unsched_sports
mike_conley_to_celtics,KXNBA-27-SAC,unscheduled_sports,sports_future,3,12,False,1.734723475976807e-18,0.0,1.7347234759768073e-16,,0.01,,760.22,1615.1758333333335,473.1900000000023,0.01,,,S1,Deep longshot,True,unsched_sports
mike_conley_to_celtics,KXNBA-27-SAC,unscheduled_sports,sports_future,5,12,False,1.734723475976807e-18,0.0,1.7347234759768073e-16,,0.01,,949.25,1615.1758333333335,662.2200000000012,0.01,,,S1,Deep longshot,True,unsched_sports
mike_conley_to_celtics,KXNBA-27-POR,unscheduled_sports,sports_future,1,12,False,0.0033333333333333322,0.25469280987253384,0.2857142857142856,13.033333333333333,0.01,,8635.35,5670.693333333334,0.0,0.015,,,S1,Deep longshot,True,unsched_sports
mike_conley_to_celtics,KXNBA-27-POR,unscheduled_sports,sports_future,3,12,False,0.0033333333333333322,0.25469280987253384,0.2857142857142856,13.033333333333333,0.01,,19039.16,5670.693333333334,8544.899999999965,0.015,,,S1,Deep longshot,True,unsched_sports
mike_conley_to_celtics,KXNBA-27-POR,unscheduled_sports,sports_future,5,12,False,0.0033333333333333322,0.25469280987253384,0.2857142857142856,13.033333333333333,0.01,,24572.399999999998,5670.693333333334,13326.0,0.015,,,S1,Deep longshot,True,unsched_sports
mike_conley_to_celtics,KXNBA-27-PHX,unscheduled_sports,sports_future,1,11,False,1.734723475976807e-18,0.0,1.7347234759768073e-16,,0.01,,677.06,1215.8,0.0,0.01,,,S1,Deep longshot,True,unsched_sports
mike_conley_to_celtics,KXNBA-27-PHX,unscheduled_sports,sports_future,3,11,False,1.734723475976807e-18,0.0,1.7347234759768073e-16,,0.01,,4298.07,1215.8,3621.0099999999984,0.01,,,S1,Deep longshot,True,unsched_sports
mike_conley_to_celtics,KXNBA-27-PHX,unscheduled_sports,sports_future,5,11,False,1.734723475976807e-18,0.0,1.7347234759768073e-16,,0.01,,4570.1900000000005,1215.8,3893.1299999999974,0.01,,,S1,Deep longshot,True,unsched_sports
mike_conley_to_celtics,KXNBA-27-PHI,unscheduled_sports,sports_future,1,12,False,0.03874999999999999,1.259427148694594,2.3846153846153837,13.033333333333333,0.009999999999999995,,758350.49,1249.195,0.0,0.015,,,S1,Deep longshot,True,unsched_sports
mike_conley_to_celtics,KXNBA-27-PHI,unscheduled_sports,sports_future,3,12,False,0.06375,1.6609318555866617,3.923076923076922,13.033333333333333,0.013333333333333327,,1033100.88,1249.195,147011.91000000003,0.015,,,S1,Deep longshot,True,unsched_sports
mike_conley_to_celtics,KXNBA-27-PHI,unscheduled_sports,sports_future,5,12,False,0.06874999999999999,1.7270060821706612,4.230769230769229,13.033333333333333,0.011999999999999993,,1075262.99,1249.195,158644.96000000008,0.015,,,S1,Deep longshot,True,unsched_sports
mike_conley_to_celtics,KXNBA-27-ORL,unscheduled_sports,sports_future,1,12,False,-5.204170427930421e-18,0.0,-3.469446951953613e-16,,0.01,,1308.37,3540.4183333333335,0.0,0.015,,,S1,Deep longshot,True,unsched_sports
mike_conley_to_celtics,KXNBA-27-ORL,unscheduled_sports,sports_future,3,12,False,-5.204170427930421e-18,0.0,-3.469446951953613e-16,,0.01,,3415.64,3540.4183333333335,2016.0299999999988,0.015,,,S1,Deep longshot,True,unsched_sports
mike_conley_to_celtics,KXNBA-27-ORL,unscheduled_sports,sports_future,5,12,False,-5.204170427930421e-18,0.0,-3.469446951953613e-16,,0.01,,4810.139999999999,3540.4183333333335,2015.0299999999988,0.015,,,S1,Deep longshot,True,unsched_sports
mike_conley_to_celtics,KXNBA-27-OKC,unscheduled_sports,sports_future,1,12,False,-0.013749999999999984,-0.0729839329719415,-0.05314009661835743,13.033333333333333,0.010000000000000009,,3012.32,4039.4474999999998,0.0,0.245,,,S3,Contender,True,unsched_sports
mike_conley_to_celtics,KXNBA-27-OKC,unscheduled_sports,sports_future,3,12,False,-0.013749999999999984,-0.0729839329719415,-0.05314009661835743,13.033333333333333,0.010000000000000009,,8503.84,4039.4474999999998,4256.610000000001,0.245,,,S3,Contender,True,unsched_sports
mike_conley_to_celtics,KXNBA-27-OKC,unscheduled_sports,sports_future,5,12,False,-0.013749999999999984,-0.0729839329719415,-0.05314009661835743,13.033333333333333,0.010000000000000009,,12238.43,4039.4474999999998,6769.059999999998,0.245,,,S3,Contender,True,unsched_sports
mike_conley_to_celtics,KXNBA-27-NYK,unscheduled_sports,sports_future,1,12,False,-0.037500000000000006,-0.37502518570464805,-0.28301886792452835,13.033333333333333,0.010000000000000009,,7268.38,17576.051666666666,0.0,0.10500000000000001,,,S2,Longshot,True,unsched_sports
mike_conley_to_celtics,KXNBA-27-NYK,unscheduled_sports,sports_future,3,12,False,-0.037500000000000006,-0.37502518570464805,-0.28301886792452835,13.033333333333333,0.010000000000000009,,24755.82,17576.051666666666,15943.649999999994,0.10500000000000001,,,S2,Longshot,True,unsched_sports
mike_conley_to_celtics,KXNBA-27-NYK,unscheduled_sports,sports_future,5,12,False,-0.047500000000000014,-0.4972399423904674,-0.35849056603773594,13.033333333333333,0.010000000000000004,,37362.3,17576.051666666666,25359.709999999992,0.10500000000000001,,,S2,Longshot,True,unsched_sports
mike_conley_to_celtics,KXNBA-27-NOP,unscheduled_sports,sports_future,1,7,False,,,,,0.01,,0.0,360.9116666666667,0.0,,,,S?,No quote,True,unsched_sports
mike_conley_to_celtics,KXNBA-27-NOP,unscheduled_sports,sports_future,3,7,False,,,,,0.01,,46.75,360.9116666666667,46.75,,,,S?,No quote,True,unsched_sports
mike_conley_to_celtics,KXNBA-27-NOP,unscheduled_sports,sports_future,5,7,False,,,,,0.01,,46.75,360.9116666666667,46.75,,,,S?,No quote,True,unsched_sports
mike_conley_to_celtics,KXNBA-27-MIN,unscheduled_sports,sports_future,1,12,False,0.017083333333333325,0.38985856057637314,0.4505494505494502,13.033333333333333,0.009999999999999995,,48611.24,28336.132500000003,0.0,0.055,,,S2,Longshot,True,unsched_sports
mike_conley_to_celtics,KXNBA-27-MIN,unscheduled_sports,sports_future,3,12,False,0.0070833333333333234,0.17866145212723472,0.1868131868131865,13.033333333333333,0.01,,89582.29000000001,28336.132500000003,7613.409999999974,0.055,,,S2,Longshot,True,unsched_sports
mike_conley_to_celtics,KXNBA-27-MIN,unscheduled_sports,sports_future,5,12,False,0.017083333333333325,0.38985856057637314,0.4505494505494502,13.033333333333333,0.009999999999999998,,141633.69,28336.132500000003,36479.57999999996,0.055,,,S2,Longshot,True,unsched_sports
mike_conley_to_celtics,KXNBA-27-MIL,unscheduled_sports,sports_future,1,10,False,,,,,0.01,,0.0,1575.8766666666668,0.0,0.01,,,S1,Deep longshot,True,unsched_sports
mike_conley_to_celtics,KXNBA-27-MIL,unscheduled_sports,sports_future,3,10,False,1.734723475976807e-18,0.0,1.7347234759768073e-16,,0.01,,93.51,1575.8766666666668,93.51000000000204,0.01,,,S1,Deep longshot,True,unsched_sports
mike_conley_to_celtics,KXNBA-27-MIL,unscheduled_sports,sports_future,5,10,False,,,,,0.01,,93.51,1575.8766666666668,93.51000000000204,0.01,,,S1,Deep longshot,True,unsched_sports
mike_conley_to_celtics,KXNBA-27-MIA,unscheduled_sports,sports_future,1,12,False,0.01416666666666666,0.312714368349984,0.3469387755102039,13.033333333333333,0.009999999999999995,,23720.2,53142.159999999996,0.0,0.065,,,S2,Longshot,True,unsched_sports
mike_conley_to_celtics,KXNBA-27-MIA,unscheduled_sports,sports_future,3,12,False,0.01416666666666666,0.312714368349984,0.3469387755102039,13.033333333333333,0.009999999999999995,,40652.97,53142.159999999996,15276.849999999977,0.065,,,S2,Longshot,True,unsched_sports
mike_conley_to_celtics,KXNBA-27-MIA,unscheduled_sports,sports_future,5,12,False,0.01416666666666666,0.312714368349984,0.3469387755102039,13.033333333333333,0.009999999999999995,,51116.04,53142.159999999996,19754.550000000047,0.065,,,S2,Longshot,True,unsched_sports
mike_conley_to_celtics,KXNBA-27-MEM,unscheduled_sports,sports_future,1,7,False,,,,,0.01,,0.0,981.2175000000001,0.0,0.01,,,S1,Deep longshot,True,unsched_sports
mike_conley_to_celtics,KXNBA-27-MEM,unscheduled_sports,sports_future,3,7,False,,,,,0.01,,0.0,981.2175000000001,0.0,0.01,,,S1,Deep longshot,True,unsched_sports
mike_conley_to_celtics,KXNBA-27-MEM,unscheduled_sports,sports_future,5,7,False,0.0,0.0,0.0,,0.01,,467.59,981.2175000000001,467.59000000000015,0.01,,,S1,Deep longshot,True,unsched_sports
mike_conley_to_celtics,KXNBA-27-LAL,unscheduled_sports,sports_future,1,12,False,0.0037499999999999964,0.1023387132289102,0.10344827586206885,13.033333333333333,0.020000000000000004,,201556.81,22669.587499999998,0.0,0.035,,,S1,Deep longshot,True,unsched_sports
mike_conley_to_celtics,KXNBA-27-LAL,unscheduled_sports,sports_future,3,12,False,-0.0012500000000000011,-0.036387496272716646,-0.03448275862068968,37.03333333333333,0.013333333333333336,,247116.93999999997,22669.587499999998,40887.06,0.035,,,S1,Deep longshot,True,unsched_sports
mike_conley_to_celtics,KXNBA-27-LAL,unscheduled_sports,sports_future,5,12,False,-0.0012500000000000011,-0.036387496272716646,-0.03448275862068968,37.03333333333333,0.012000000000000002,,272718.1,22669.587499999998,65348.50999999995,0.035,,,S1,Deep longshot,True,unsched_sports
mike_conley_to_celtics,KXNBA-27-LAC,unscheduled_sports,sports_future,1,12,False,,,,,0.01,,0.0,3341.209166666666,0.0,,,,S?,No quote,True,unsched_sports
mike_conley_to_celtics,KXNBA-27-LAC,unscheduled_sports,sports_future,3,12,False,1.734723475976807e-18,0.0,1.7347234759768073e-16,,0.01,,187.02,3341.209166666666,187.02000000000407,,,,S?,No quote,True,unsched_sports
mike_conley_to_celtics,KXNBA-27-LAC,unscheduled_sports,sports_future,5,12,False,1.734723475976807e-18,0.0,1.7347234759768073e-16,,0.01,,654.61,3341.209166666666,654.6100000000006,,,,S?,No quote,True,unsched_sports
mike_conley_to_celtics,KXNBA-27-IND,unscheduled_sports,sports_future,1,12,False,-0.008750000000000008,-0.30911946354655395,-0.2592592592592594,13.033333333333333,0.009999999999999998,,5183.89,3663.224166666667,0.0,0.025,,,S1,Deep longshot,True,unsched_sports
mike_conley_to_celtics,KXNBA-27-IND,unscheduled_sports,sports_future,3,12,False,-0.008750000000000008,-0.30911946354655395,-0.2592592592592594,13.033333333333333,0.009999999999999998,,12035.84,3663.224166666667,5980.050000000003,0.025,,,S1,Deep longshot,True,unsched_sports
mike_conley_to_celtics,KXNBA-27-IND,unscheduled_sports,sports_future,5,12,False,-0.008750000000000008,-0.30911946354655395,-0.2592592592592594,13.033333333333333,0.009999999999999998,,91160.86,3663.224166666667,85105.07,0.025,,,S1,Deep longshot,True,unsched_sports
mike_conley_to_celtics,KXNBA-27-HOU,unscheduled_sports,sports_future,1,12,False,-0.0012500000000000046,-0.0500730379823211,-0.04761904761904778,13.033333333333333,0.009999999999999998,,3960.41,1668.0808333333334,0.0,0.025,,,S1,Deep longshot,True,unsched_sports
mike_conley_to_celtics,KXNBA-27-HOU,unscheduled_sports,sports_future,3,12,False,-0.0012500000000000046,-0.0500730379823211,-0.04761904761904778,13.033333333333333,0.009999999999999998,,6865.919999999999,1668.0808333333334,2593.380000000001,0.025,,,S1,Deep longshot,True,unsched_sports
mike_conley_to_celtics,KXNBA-27-HOU,unscheduled_sports,sports_future,5,12,False,-0.0012500000000000046,-0.0500730379823211,-0.04761904761904778,13.033333333333333,0.009999999999999998,,6990.909999999999,1668.0808333333334,2718.369999999999,0.025,,,S1,Deep longshot,True,unsched_sports
mike_conley_to_celtics,KXNBA-27-GSW,unscheduled_sports,sports_future,1,12,False,0.031249999999999997,0.8722844284119735,1.3157894736842102,13.033333333333333,0.009999999999999995,,85896.29,15142.792499999998,0.0,0.060000000000000005,,,S2,Longshot,True,unsched_sports
mike_conley_to_celtics,KXNBA-27-GSW,unscheduled_sports,sports_future,3,12,False,0.021249999999999995,0.6610873199628351,0.8947368421052628,13.033333333333333,0.01,,175581.73,15142.792499999998,-3490.0,0.060000000000000005,,,S2,Longshot,True,unsched_sports
mike_conley_to_celtics,KXNBA-27-GSW,unscheduled_sports,sports_future,5,12,False,0.01125,0.39935613082367327,0.4736842105263157,13.033333333333333,0.01,,224149.37000000002,15142.792499999998,20747.150000000023,0.060000000000000005,,,S2,Longshot,True,unsched_sports
mike_conley_to_celtics,KXNBA-27-DET,unscheduled_sports,sports_future,1,12,False,0.0024999999999999953,0.07669529571867262,0.07692307692307676,13.033333333333333,0.010000000000000002,,3142.42,3551.883333333333,0.0,0.035,,,S1,Deep longshot,True,unsched_sports
mike_conley_to_celtics,KXNBA-27-DET,unscheduled_sports,sports_future,3,12,False,0.0024999999999999953,0.07669529571867262,0.07692307692307676,13.033333333333333,0.010000000000000002,,8788.24,3551.883333333333,3371.75,0.035,,,S1,Deep longshot,True,unsched_sports
mike_conley_to_celtics,KXNBA-27-DET,unscheduled_sports,sports_future,5,12,False,0.0024999999999999953,0.07669529571867262,0.07692307692307676,13.033333333333333,0.010000000000000002,,14009.23,3551.883333333333,8592.73999999999,0.035,,,S1,Deep longshot,True,unsched_sports
mike_conley_to_celtics,KXNBA-27-DEN,unscheduled_sports,sports_future,1,12,False,0.0004166666666666624,0.009738597685588157,0.009345794392523268,13.033333333333333,0.010000000000000002,,193431.06,11107.871666666666,0.0,0.035,,,S1,Deep longshot,True,unsched_sports
mike_conley_to_celtics,KXNBA-27-DEN,unscheduled_sports,sports_future,3,12,False,0.0004166666666666624,0.009738597685588157,0.009345794392523268,13.033333333333333,0.010000000000000002,,197163.74,11107.871666666666,3573.2600000000093,0.035,,,S1,Deep longshot,True,unsched_sports
mike_conley_to_celtics,KXNBA-27-DEN,unscheduled_sports,sports_future,5,12,False,-0.004583333333333335,-0.11326638195194683,-0.10280373831775705,109.03333333333333,0.012000000000000002,,197580.15,11107.871666666666,3828.679999999993,0.035,,,S1,Deep longshot,True,unsched_sports
mike_conley_to_celtics,KXNBA-27-DAL,unscheduled_sports,sports_future,1,12,False,-0.00666666666666667,-0.517582406228871,-0.4000000000000001,13.033333333333333,0.01,,1490.67,7557.065833333334,0.0,0.01,,,S1,Deep longshot,True,unsched_sports
mike_conley_to_celtics,KXNBA-27-DAL,unscheduled_sports,sports_future,3,12,False,-0.00666666666666667,-0.517582406228871,-0.4000000000000001,13.033333333333333,0.01,,9133.86,7557.065833333334,7643.190000000002,0.01,,,S1,Deep longshot,True,unsched_sports
mike_conley_to_celtics,KXNBA-27-DAL,unscheduled_sports,sports_future,5,12,False,-0.00666666666666667,-0.517582406228871,-0.4000000000000001,13.033333333333333,0.01,,29440.46,7557.065833333334,27949.790000000008,0.01,,,S1,Deep longshot,True,unsched_sports
mike_conley_to_celtics,KXNBA-27-CLE,unscheduled_sports,sports_future,1,12,False,0.01916666666666666,0.5748679062765119,0.7419354838709674,13.033333333333333,0.010000000000000002,,40850.39,1984.16,0.0,0.055,,,S2,Longshot,True,unsched_sports
mike_conley_to_celtics,KXNBA-27-CLE,unscheduled_sports,sports_future,3,12,False,0.024166666666666666,0.6854777778204819,0.9354838709677418,13.033333333333333,0.01333333333333333,,125233.65000000001,1984.16,83290.95000000001,0.055,,,S2,Longshot,True,unsched_sports
mike_conley_to_celtics,KXNBA-27-CLE,unscheduled_sports,sports_future,5,12,False,0.044166666666666674,1.0432274128889798,1.7096774193548387,37.03333333333333,0.013999999999999999,,158234.03000000003,1984.16,103418.48000000004,0.055,,,S2,Longshot,True,unsched_sports
mike_conley_to_celtics,KXNBA-27-CHI,unscheduled_sports,sports_future,1,8,False,0.0,0.0,0.0,,0.01,,93.51,660.6841666666667,0.0,,,,S?,No quote,True,unsched_sports
mike_conley_to_celtics,KXNBA-27-CHI,unscheduled_sports,sports_future,3,8,False,0.0,0.0,0.0,,0.01,,393.51,660.6841666666667,300.0,,,,S?,No quote,True,unsched_sports
mike_conley_to_celtics,KXNBA-27-CHI,unscheduled_sports,sports_future,5,8,False,0.0,0.0,0.0,,0.01,,967.5699999999999,660.6841666666667,874.0599999999995,,,,S?,No quote,True,unsched_sports
mike_conley_to_celtics,KXNBA-27-CHA,unscheduled_sports,sports_future,1,12,False,-0.00041666666666666935,-0.027822075527194734,-0.0270270270270272,13.033333333333333,0.01,,308.0,7803.435833333334,0.0,0.015,,,S1,Deep longshot,True,unsched_sports
mike_conley_to_celtics,KXNBA-27-CHA,unscheduled_sports,sports_future,3,12,False,-0.005416666666666669,-0.43835048559190604,-0.3513513513513514,37.03333333333333,0.01,,1554.96,7803.435833333334,1246.9600000000064,0.015,,,S1,Deep longshot,True,unsched_sports
mike_conley_to_celtics,KXNBA-27-CHA,unscheduled_sports,sports_future,5,12,False,-0.005416666666666669,-0.43835048559190604,-0.3513513513513514,37.03333333333333,0.01,,51220.079999999994,7803.435833333334,50912.08,0.015,,,S1,Deep longshot,True,unsched_sports
mike_conley_to_celtics,KXNBA-27-BOS,unscheduled_sports,sports_future,1,12,False,-0.04375000000000001,-0.4642163862543167,-0.3398058252427185,13.033333333333333,0.009999999999999995,,13241.5,19291.358333333334,0.0,0.095,,,S2,Longshot,True,unsched_sports
mike_conley_to_celtics,KXNBA-27-BOS,unscheduled_sports,sports_future,3,12,False,-0.05374999999999999,-0.6002492014452268,-0.41747572815533973,13.033333333333333,0.013333333333333327,,30812.96,19291.358333333334,2979.75999999998,0.095,,,S2,Longshot,True,unsched_sports
mike_conley_to_celtics,KXNBA-27-BOS,unscheduled_sports,sports_future,5,12,False,-0.05374999999999999,-0.6002492014452268,-0.41747572815533973,13.033333333333333,0.011999999999999993,,34152.43,19291.358333333334,5468.859999999986,0.095,,,S2,Longshot,True,unsched_sports
mike_conley_to_celtics,KXNBA-27-BKN,unscheduled_sports,sports_future,1,7,False,0.0,0.0,0.0,,0.01,,2057.41,300.1608333333334,0.0,0.01,,,S1,Deep longshot,True,unsched_sports
mike_conley_to_celtics,KXNBA-27-BKN,unscheduled_sports,sports_future,3,7,False,0.0,0.0,0.0,,0.01,,2650.92,300.1608333333334,593.5100000000002,0.01,,,S1,Deep longshot,True,unsched_sports
mike_conley_to_celtics,KXNBA-27-BKN,unscheduled_sports,sports_future,5,7,False,0.0,0.0,0.0,,0.01,,2750.92,300.1608333333334,693.5100000000002,0.01,,,S1,Deep longshot,True,unsched_sports
mike_conley_to_celtics,KXNBA-27-ATL,unscheduled_sports,sports_future,1,12,False,0.0004166666666666624,0.02859379936674067,0.028571428571428272,13.033333333333333,0.01,,869.08,4726.7908333333335,0.0,0.015,,,S1,Deep longshot,True,unsched_sports
mike_conley_to_celtics,KXNBA-27-ATL,unscheduled_sports,sports_future,3,12,False,0.0004166666666666624,0.02859379936674067,0.028571428571428272,13.033333333333333,0.01,,5011.5,4726.7908333333335,3880.4100000000035,0.015,,,S1,Deep longshot,True,unsched_sports
mike_conley_to_celtics,KXNBA-27-ATL,unscheduled_sports,sports_future,5,12,False,0.0004166666666666624,0.02859379936674067,0.028571428571428272,13.033333333333333,0.01,,6000.349999999999,4726.7908333333335,4682.260000000002,0.015,,,S1,Deep longshot,True,unsched_sports
mitchell_robinson_to_celtics,KXNBA-27-WAS,unscheduled_sports,sports_future,1,12,False,1.734723475976807e-18,0.0,1.7347234759768073e-16,,0.01,,18036.64,19545.721666666665,0.0,0.01,,,S1,Deep longshot,True,unsched_sports
mitchell_robinson_to_celtics,KXNBA-27-WAS,unscheduled_sports,sports_future,3,12,False,1.734723475976807e-18,0.0,1.7347234759768073e-16,,0.01,,45427.9,19545.721666666665,27391.26000000001,0.01,,,S1,Deep longshot,True,unsched_sports
mitchell_robinson_to_celtics,KXNBA-27-WAS,unscheduled_sports,sports_future,5,12,False,1.734723475976807e-18,0.0,1.7347234759768073e-16,,0.01,,110545.7,19545.721666666665,92468.13,0.01,,,S1,Deep longshot,True,unsched_sports
mitchell_robinson_to_celtics,KXNBA-27-UTA,unscheduled_sports,sports_future,1,12,False,1.734723475976807e-18,0.0,1.7347234759768073e-16,,0.01,,2355.38,12460.901666666667,0.0,0.01,,,S1,Deep longshot,True,unsched_sports
mitchell_robinson_to_celtics,KXNBA-27-UTA,unscheduled_sports,sports_future,3,12,False,1.734723475976807e-18,0.0,1.7347234759768073e-16,,0.01,,5831.41,12460.901666666667,3476.029999999999,0.01,,,S1,Deep longshot,True,unsched_sports
mitchell_robinson_to_celtics,KXNBA-27-UTA,unscheduled_sports,sports_future,5,12,False,1.734723475976807e-18,0.0,1.7347234759768073e-16,,0.01,,17932.800000000003,12460.901666666667,15577.420000000013,0.01,,,S1,Deep longshot,True,unsched_sports
mitchell_robinson_to_celtics,KXNBA-27-TOR,unscheduled_sports,sports_future,1,9,False,0.03333333333333333,1.384235399232002,2.857142857142857,12.35,0.010000000000000002,,7600.6,3619.5108333333337,0.0,0.055,,,S2,Longshot,True,unsched_sports
mitchell_robinson_to_celtics,KXNBA-27-TOR,unscheduled_sports,sports_future,3,9,False,0.03333333333333333,1.384235399232002,2.857142857142857,12.35,0.010000000000000002,,64256.14,3619.5108333333337,-8930.270000000019,0.055,,,S2,Longshot,True,unsched_sports
mitchell_robinson_to_celtics,KXNBA-27-TOR,unscheduled_sports,sports_future,5,9,False,0.03333333333333333,1.384235399232002,2.857142857142857,12.35,0.010000000000000002,,67711.66,3619.5108333333337,-8930.270000000019,0.055,,,S2,Longshot,True,unsched_sports
mitchell_robinson_to_celtics,KXNBA-27-SAS,unscheduled_sports,sports_future,1,12,False,-0.03624999999999998,-0.2094935333613106,-0.15025906735751285,12.35,0.009999999999999981,,20311.98,6341.0216666666665,0.0,0.20500000000000002,,,S3,Contender,True,unsched_sports
mitchell_robinson_to_celtics,KXNBA-27-SAS,unscheduled_sports,sports_future,3,12,False,-0.03624999999999998,-0.2094935333613106,-0.15025906735751285,12.35,0.009999999999999981,,26394.82,6341.0216666666665,5100.369999999995,0.20500000000000002,,,S3,Contender,True,unsched_sports
mitchell_robinson_to_celtics,KXNBA-27-SAS,unscheduled_sports,sports_future,5,12,False,-0.04124999999999998,-0.2404557589652776,-0.17098445595854914,12.35,0.011999999999999983,,31634.25,6341.0216666666665,8919.830000000002,0.20500000000000002,,,S3,Contender,True,unsched_sports
mitchell_robinson_to_celtics,KXNBA-27-SAC,unscheduled_sports,sports_future,1,12,False,1.734723475976807e-18,0.0,1.7347234759768073e-16,,0.01,,287.03,1615.1758333333335,0.0,0.01,,,S1,Deep longshot,True,unsched_sports
mitchell_robinson_to_celtics,KXNBA-27-SAC,unscheduled_sports,sports_future,3,12,False,1.734723475976807e-18,0.0,1.7347234759768073e-16,,0.01,,760.22,1615.1758333333335,473.1900000000023,0.01,,,S1,Deep longshot,True,unsched_sports
mitchell_robinson_to_celtics,KXNBA-27-SAC,unscheduled_sports,sports_future,5,12,False,1.734723475976807e-18,0.0,1.7347234759768073e-16,,0.01,,949.25,1615.1758333333335,662.2200000000012,0.01,,,S1,Deep longshot,True,unsched_sports
mitchell_robinson_to_celtics,KXNBA-27-POR,unscheduled_sports,sports_future,1,12,False,0.0033333333333333322,0.25469280987253384,0.2857142857142856,12.35,0.01,,8635.35,5670.693333333334,0.0,0.015,,,S1,Deep longshot,True,unsched_sports
mitchell_robinson_to_celtics,KXNBA-27-POR,unscheduled_sports,sports_future,3,12,False,0.0033333333333333322,0.25469280987253384,0.2857142857142856,12.35,0.01,,19039.16,5670.693333333334,8544.899999999965,0.015,,,S1,Deep longshot,True,unsched_sports
mitchell_robinson_to_celtics,KXNBA-27-POR,unscheduled_sports,sports_future,5,12,False,0.0033333333333333322,0.25469280987253384,0.2857142857142856,12.35,0.01,,24572.399999999998,5670.693333333334,13326.0,0.015,,,S1,Deep longshot,True,unsched_sports
mitchell_robinson_to_celtics,KXNBA-27-PHX,unscheduled_sports,sports_future,1,11,False,1.734723475976807e-18,0.0,1.7347234759768073e-16,,0.01,,677.06,1215.8,0.0,0.01,,,S1,Deep longshot,True,unsched_sports
mitchell_robinson_to_celtics,KXNBA-27-PHX,unscheduled_sports,sports_future,3,11,False,1.734723475976807e-18,0.0,1.7347234759768073e-16,,0.01,,4298.07,1215.8,3621.0099999999984,0.01,,,S1,Deep longshot,True,unsched_sports
mitchell_robinson_to_celtics,KXNBA-27-PHX,unscheduled_sports,sports_future,5,11,False,1.734723475976807e-18,0.0,1.7347234759768073e-16,,0.01,,4570.1900000000005,1215.8,3893.1299999999974,0.01,,,S1,Deep longshot,True,unsched_sports
mitchell_robinson_to_celtics,KXNBA-27-PHI,unscheduled_sports,sports_future,1,12,False,0.03874999999999999,1.259427148694594,2.3846153846153837,12.35,0.009999999999999995,,758350.49,1249.195,0.0,0.015,,,S1,Deep longshot,True,unsched_sports
mitchell_robinson_to_celtics,KXNBA-27-PHI,unscheduled_sports,sports_future,3,12,False,0.06375,1.6609318555866617,3.923076923076922,12.35,0.013333333333333327,,1033100.88,1249.195,147011.91000000003,0.015,,,S1,Deep longshot,True,unsched_sports
mitchell_robinson_to_celtics,KXNBA-27-PHI,unscheduled_sports,sports_future,5,12,False,0.06874999999999999,1.7270060821706612,4.230769230769229,12.35,0.011999999999999993,,1075262.99,1249.195,158644.96000000008,0.015,,,S1,Deep longshot,True,unsched_sports
mitchell_robinson_to_celtics,KXNBA-27-ORL,unscheduled_sports,sports_future,1,12,False,-5.204170427930421e-18,0.0,-3.469446951953613e-16,,0.01,,1308.37,3540.4183333333335,0.0,0.015,,,S1,Deep longshot,True,unsched_sports
mitchell_robinson_to_celtics,KXNBA-27-ORL,unscheduled_sports,sports_future,3,12,False,-5.204170427930421e-18,0.0,-3.469446951953613e-16,,0.01,,3415.64,3540.4183333333335,2016.0299999999988,0.015,,,S1,Deep longshot,True,unsched_sports
mitchell_robinson_to_celtics,KXNBA-27-ORL,unscheduled_sports,sports_future,5,12,False,-5.204170427930421e-18,0.0,-3.469446951953613e-16,,0.01,,4810.139999999999,3540.4183333333335,2015.0299999999988,0.015,,,S1,Deep longshot,True,unsched_sports
mitchell_robinson_to_celtics,KXNBA-27-OKC,unscheduled_sports,sports_future,1,12,False,-0.013749999999999984,-0.0729839329719415,-0.05314009661835743,12.35,0.010000000000000009,,3012.32,4039.4474999999998,0.0,0.245,,,S3,Contender,True,unsched_sports
mitchell_robinson_to_celtics,KXNBA-27-OKC,unscheduled_sports,sports_future,3,12,False,-0.013749999999999984,-0.0729839329719415,-0.05314009661835743,12.35,0.010000000000000009,,8503.84,4039.4474999999998,4256.610000000001,0.245,,,S3,Contender,True,unsched_sports
mitchell_robinson_to_celtics,KXNBA-27-OKC,unscheduled_sports,sports_future,5,12,False,-0.013749999999999984,-0.0729839329719415,-0.05314009661835743,12.35,0.010000000000000009,,12238.43,4039.4474999999998,6769.059999999998,0.245,,,S3,Contender,True,unsched_sports
mitchell_robinson_to_celtics,KXNBA-27-NYK,unscheduled_sports,sports_future,1,12,False,-0.037500000000000006,-0.37502518570464805,-0.28301886792452835,12.35,0.010000000000000009,,7268.38,17576.051666666666,0.0,0.10500000000000001,,,S2,Longshot,True,unsched_sports
mitchell_robinson_to_celtics,KXNBA-27-NYK,unscheduled_sports,sports_future,3,12,False,-0.037500000000000006,-0.37502518570464805,-0.28301886792452835,12.35,0.010000000000000009,,24755.82,17576.051666666666,15943.649999999994,0.10500000000000001,,,S2,Longshot,True,unsched_sports
mitchell_robinson_to_celtics,KXNBA-27-NYK,unscheduled_sports,sports_future,5,12,False,-0.047500000000000014,-0.4972399423904674,-0.35849056603773594,12.35,0.010000000000000004,,37362.3,17576.051666666666,25359.709999999992,0.10500000000000001,,,S2,Longshot,True,unsched_sports
mitchell_robinson_to_celtics,KXNBA-27-NOP,unscheduled_sports,sports_future,1,7,False,,,,,0.01,,0.0,360.9116666666667,0.0,,,,S?,No quote,True,unsched_sports
mitchell_robinson_to_celtics,KXNBA-27-NOP,unscheduled_sports,sports_future,3,7,False,,,,,0.01,,46.75,360.9116666666667,46.75,,,,S?,No quote,True,unsched_sports
mitchell_robinson_to_celtics,KXNBA-27-NOP,unscheduled_sports,sports_future,5,7,False,,,,,0.01,,46.75,360.9116666666667,46.75,,,,S?,No quote,True,unsched_sports
mitchell_robinson_to_celtics,KXNBA-27-MIN,unscheduled_sports,sports_future,1,12,False,0.017083333333333325,0.38985856057637314,0.4505494505494502,12.35,0.009999999999999995,,48611.24,28336.132500000003,0.0,0.055,,,S2,Longshot,True,unsched_sports
mitchell_robinson_to_celtics,KXNBA-27-MIN,unscheduled_sports,sports_future,3,12,False,0.0070833333333333234,0.17866145212723472,0.1868131868131865,12.35,0.01,,89582.29000000001,28336.132500000003,7613.409999999974,0.055,,,S2,Longshot,True,unsched_sports
mitchell_robinson_to_celtics,KXNBA-27-MIN,unscheduled_sports,sports_future,5,12,False,0.017083333333333325,0.38985856057637314,0.4505494505494502,12.35,0.009999999999999998,,141633.69,28336.132500000003,36479.57999999996,0.055,,,S2,Longshot,True,unsched_sports
mitchell_robinson_to_celtics,KXNBA-27-MIL,unscheduled_sports,sports_future,1,10,False,,,,,0.01,,0.0,1575.8766666666668,0.0,0.01,,,S1,Deep longshot,True,unsched_sports
mitchell_robinson_to_celtics,KXNBA-27-MIL,unscheduled_sports,sports_future,3,10,False,1.734723475976807e-18,0.0,1.7347234759768073e-16,,0.01,,93.51,1575.8766666666668,93.51000000000204,0.01,,,S1,Deep longshot,True,unsched_sports
mitchell_robinson_to_celtics,KXNBA-27-MIL,unscheduled_sports,sports_future,5,10,False,,,,,0.01,,93.51,1575.8766666666668,93.51000000000204,0.01,,,S1,Deep longshot,True,unsched_sports
mitchell_robinson_to_celtics,KXNBA-27-MIA,unscheduled_sports,sports_future,1,12,False,0.01416666666666666,0.312714368349984,0.3469387755102039,12.35,0.009999999999999995,,23720.2,53142.159999999996,0.0,0.065,,,S2,Longshot,True,unsched_sports
mitchell_robinson_to_celtics,KXNBA-27-MIA,unscheduled_sports,sports_future,3,12,False,0.01416666666666666,0.312714368349984,0.3469387755102039,12.35,0.009999999999999995,,40652.97,53142.159999999996,15276.849999999977,0.065,,,S2,Longshot,True,unsched_sports
mitchell_robinson_to_celtics,KXNBA-27-MIA,unscheduled_sports,sports_future,5,12,False,0.01416666666666666,0.312714368349984,0.3469387755102039,12.35,0.009999999999999995,,51116.04,53142.159999999996,19754.550000000047,0.065,,,S2,Longshot,True,unsched_sports
mitchell_robinson_to_celtics,KXNBA-27-MEM,unscheduled_sports,sports_future,1,7,False,,,,,0.01,,0.0,981.2175000000001,0.0,0.01,,,S1,Deep longshot,True,unsched_sports
mitchell_robinson_to_celtics,KXNBA-27-MEM,unscheduled_sports,sports_future,3,7,False,,,,,0.01,,0.0,981.2175000000001,0.0,0.01,,,S1,Deep longshot,True,unsched_sports
mitchell_robinson_to_celtics,KXNBA-27-MEM,unscheduled_sports,sports_future,5,7,False,0.0,0.0,0.0,,0.01,,467.59,981.2175000000001,467.59000000000015,0.01,,,S1,Deep longshot,True,unsched_sports
mitchell_robinson_to_celtics,KXNBA-27-LAL,unscheduled_sports,sports_future,1,12,False,0.0037499999999999964,0.1023387132289102,0.10344827586206885,12.35,0.020000000000000004,,201556.81,22669.587499999998,0.0,0.035,,,S1,Deep longshot,True,unsched_sports
mitchell_robinson_to_celtics,KXNBA-27-LAL,unscheduled_sports,sports_future,3,12,False,-0.0012500000000000011,-0.036387496272716646,-0.03448275862068968,36.35,0.013333333333333336,,247116.93999999997,22669.587499999998,40887.06,0.035,,,S1,Deep longshot,True,unsched_sports
mitchell_robinson_to_celtics,KXNBA-27-LAL,unscheduled_sports,sports_future,5,12,False,-0.0012500000000000011,-0.036387496272716646,-0.03448275862068968,36.35,0.012000000000000002,,272718.1,22669.587499999998,65348.50999999995,0.035,,,S1,Deep longshot,True,unsched_sports
mitchell_robinson_to_celtics,KXNBA-27-LAC,unscheduled_sports,sports_future,1,12,False,,,,,0.01,,0.0,3341.209166666666,0.0,,,,S?,No quote,True,unsched_sports
mitchell_robinson_to_celtics,KXNBA-27-LAC,unscheduled_sports,sports_future,3,12,False,1.734723475976807e-18,0.0,1.7347234759768073e-16,,0.01,,187.02,3341.209166666666,187.02000000000407,,,,S?,No quote,True,unsched_sports
mitchell_robinson_to_celtics,KXNBA-27-LAC,unscheduled_sports,sports_future,5,12,False,1.734723475976807e-18,0.0,1.7347234759768073e-16,,0.01,,654.61,3341.209166666666,654.6100000000006,,,,S?,No quote,True,unsched_sports
mitchell_robinson_to_celtics,KXNBA-27-IND,unscheduled_sports,sports_future,1,12,False,-0.008750000000000008,-0.30911946354655395,-0.2592592592592594,12.35,0.009999999999999998,,5183.89,3663.224166666667,0.0,0.025,,,S1,Deep longshot,True,unsched_sports
mitchell_robinson_to_celtics,KXNBA-27-IND,unscheduled_sports,sports_future,3,12,False,-0.008750000000000008,-0.30911946354655395,-0.2592592592592594,12.35,0.009999999999999998,,12035.84,3663.224166666667,5980.050000000003,0.025,,,S1,Deep longshot,True,unsched_sports
mitchell_robinson_to_celtics,KXNBA-27-IND,unscheduled_sports,sports_future,5,12,False,-0.008750000000000008,-0.30911946354655395,-0.2592592592592594,12.35,0.009999999999999998,,91160.86,3663.224166666667,85105.07,0.025,,,S1,Deep longshot,True,unsched_sports
mitchell_robinson_to_celtics,KXNBA-27-HOU,unscheduled_sports,sports_future,1,12,False,-0.0012500000000000046,-0.0500730379823211,-0.04761904761904778,12.35,0.009999999999999998,,3960.41,1668.0808333333334,0.0,0.025,,,S1,Deep longshot,True,unsched_sports
mitchell_robinson_to_celtics,KXNBA-27-HOU,unscheduled_sports,sports_future,3,12,False,-0.0012500000000000046,-0.0500730379823211,-0.04761904761904778,12.35,0.009999999999999998,,6865.919999999999,1668.0808333333334,2593.380000000001,0.025,,,S1,Deep longshot,True,unsched_sports
mitchell_robinson_to_celtics,KXNBA-27-HOU,unscheduled_sports,sports_future,5,12,False,-0.0012500000000000046,-0.0500730379823211,-0.04761904761904778,12.35,0.009999999999999998,,6990.909999999999,1668.0808333333334,2718.369999999999,0.025,,,S1,Deep longshot,True,unsched_sports
mitchell_robinson_to_celtics,KXNBA-27-GSW,unscheduled_sports,sports_future,1,12,False,0.031249999999999997,0.8722844284119735,1.3157894736842102,12.35,0.009999999999999995,,85896.29,15142.792499999998,0.0,0.060000000000000005,,,S2,Longshot,True,unsched_sports
mitchell_robinson_to_celtics,KXNBA-27-GSW,unscheduled_sports,sports_future,3,12,False,0.021249999999999995,0.6610873199628351,0.8947368421052628,12.35,0.01,,175581.73,15142.792499999998,-3490.0,0.060000000000000005,,,S2,Longshot,True,unsched_sports
mitchell_robinson_to_celtics,KXNBA-27-GSW,unscheduled_sports,sports_future,5,12,False,0.01125,0.39935613082367327,0.4736842105263157,12.35,0.01,,224149.37000000002,15142.792499999998,20747.150000000023,0.060000000000000005,,,S2,Longshot,True,unsched_sports
mitchell_robinson_to_celtics,KXNBA-27-DET,unscheduled_sports,sports_future,1,12,False,0.0024999999999999953,0.07669529571867262,0.07692307692307676,12.35,0.010000000000000002,,3142.42,3551.883333333333,0.0,0.035,,,S1,Deep longshot,True,unsched_sports
mitchell_robinson_to_celtics,KXNBA-27-DET,unscheduled_sports,sports_future,3,12,False,0.0024999999999999953,0.07669529571867262,0.07692307692307676,12.35,0.010000000000000002,,8788.24,3551.883333333333,3371.75,0.035,,,S1,Deep longshot,True,unsched_sports
mitchell_robinson_to_celtics,KXNBA-27-DET,unscheduled_sports,sports_future,5,12,False,0.0024999999999999953,0.07669529571867262,0.07692307692307676,12.35,0.010000000000000002,,14009.23,3551.883333333333,8592.73999999999,0.035,,,S1,Deep longshot,True,unsched_sports
mitchell_robinson_to_celtics,KXNBA-27-DEN,unscheduled_sports,sports_future,1,12,False,0.0004166666666666624,0.009738597685588157,0.009345794392523268,12.35,0.010000000000000002,,193431.06,11107.871666666666,0.0,0.035,,,S1,Deep longshot,True,unsched_sports
mitchell_robinson_to_celtics,KXNBA-27-DEN,unscheduled_sports,sports_future,3,12,False,0.0004166666666666624,0.009738597685588157,0.009345794392523268,12.35,0.010000000000000002,,197163.74,11107.871666666666,3573.2600000000093,0.035,,,S1,Deep longshot,True,unsched_sports
mitchell_robinson_to_celtics,KXNBA-27-DEN,unscheduled_sports,sports_future,5,12,False,-0.004583333333333335,-0.11326638195194683,-0.10280373831775705,108.35,0.012000000000000002,,197580.15,11107.871666666666,3828.679999999993,0.035,,,S1,Deep longshot,True,unsched_sports
mitchell_robinson_to_celtics,KXNBA-27-DAL,unscheduled_sports,sports_future,1,12,False,-0.00666666666666667,-0.517582406228871,-0.4000000000000001,12.35,0.01,,1490.67,7557.065833333334,0.0,0.01,,,S1,Deep longshot,True,unsched_sports
mitchell_robinson_to_celtics,KXNBA-27-DAL,unscheduled_sports,sports_future,3,12,False,-0.00666666666666667,-0.517582406228871,-0.4000000000000001,12.35,0.01,,9133.86,7557.065833333334,7643.190000000002,0.01,,,S1,Deep longshot,True,unsched_sports
mitchell_robinson_to_celtics,KXNBA-27-DAL,unscheduled_sports,sports_future,5,12,False,-0.00666666666666667,-0.517582406228871,-0.4000000000000001,12.35,0.01,,29440.46,7557.065833333334,27949.790000000008,0.01,,,S1,Deep longshot,True,unsched_sports
mitchell_robinson_to_celtics,KXNBA-27-CLE,unscheduled_sports,sports_future,1,12,False,0.01916666666666666,0.5748679062765119,0.7419354838709674,12.35,0.010000000000000002,,40850.39,1984.16,0.0,0.055,,,S2,Longshot,True,unsched_sports
mitchell_robinson_to_celtics,KXNBA-27-CLE,unscheduled_sports,sports_future,3,12,False,0.024166666666666666,0.6854777778204819,0.9354838709677418,12.35,0.01333333333333333,,125233.65000000001,1984.16,83290.95000000001,0.055,,,S2,Longshot,True,unsched_sports
mitchell_robinson_to_celtics,KXNBA-27-CLE,unscheduled_sports,sports_future,5,12,False,0.044166666666666674,1.0432274128889798,1.7096774193548387,36.35,0.013999999999999999,,158234.03000000003,1984.16,103418.48000000004,0.055,,,S2,Longshot,True,unsched_sports
mitchell_robinson_to_celtics,KXNBA-27-CHI,unscheduled_sports,sports_future,1,8,False,0.0,0.0,0.0,,0.01,,93.51,660.6841666666667,0.0,,,,S?,No quote,True,unsched_sports
mitchell_robinson_to_celtics,KXNBA-27-CHI,unscheduled_sports,sports_future,3,8,False,0.0,0.0,0.0,,0.01,,393.51,660.6841666666667,300.0,,,,S?,No quote,True,unsched_sports
mitchell_robinson_to_celtics,KXNBA-27-CHI,unscheduled_sports,sports_future,5,8,False,0.0,0.0,0.0,,0.01,,967.5699999999999,660.6841666666667,874.0599999999995,,,,S?,No quote,True,unsched_sports
mitchell_robinson_to_celtics,KXNBA-27-CHA,unscheduled_sports,sports_future,1,12,False,-0.00041666666666666935,-0.027822075527194734,-0.0270270270270272,12.35,0.01,,308.0,7803.435833333334,0.0,0.015,,,S1,Deep longshot,True,unsched_sports
mitchell_robinson_to_celtics,KXNBA-27-CHA,unscheduled_sports,sports_future,3,12,False,-0.005416666666666669,-0.43835048559190604,-0.3513513513513514,36.35,0.01,,1554.96,7803.435833333334,1246.9600000000064,0.015,,,S1,Deep longshot,True,unsched_sports
mitchell_robinson_to_celtics,KXNBA-27-CHA,unscheduled_sports,sports_future,5,12,False,-0.005416666666666669,-0.43835048559190604,-0.3513513513513514,36.35,0.01,,51220.079999999994,7803.435833333334,50912.08,0.015,,,S1,Deep longshot,True,unsched_sports
mitchell_robinson_to_celtics,KXNBA-27-BOS,unscheduled_sports,sports_future,1,12,False,-0.04375000000000001,-0.4642163862543167,-0.3398058252427185,12.35,0.009999999999999995,,13241.5,19291.358333333334,0.0,0.095,,,S2,Longshot,True,unsched_sports
mitchell_robinson_to_celtics,KXNBA-27-BOS,unscheduled_sports,sports_future,3,12,False,-0.05374999999999999,-0.6002492014452268,-0.41747572815533973,12.35,0.013333333333333327,,30812.96,19291.358333333334,2979.75999999998,0.095,,,S2,Longshot,True,unsched_sports
mitchell_robinson_to_celtics,KXNBA-27-BOS,unscheduled_sports,sports_future,5,12,False,-0.05374999999999999,-0.6002492014452268,-0.41747572815533973,12.35,0.011999999999999993,,34152.43,19291.358333333334,5468.859999999986,0.095,,,S2,Longshot,True,unsched_sports
mitchell_robinson_to_celtics,KXNBA-27-BKN,unscheduled_sports,sports_future,1,7,False,0.0,0.0,0.0,,0.01,,2057.41,300.1608333333334,0.0,0.01,,,S1,Deep longshot,True,unsched_sports
mitchell_robinson_to_celtics,KXNBA-27-BKN,unscheduled_sports,sports_future,3,7,False,0.0,0.0,0.0,,0.01,,2650.92,300.1608333333334,593.5100000000002,0.01,,,S1,Deep longshot,True,unsched_sports
mitchell_robinson_to_celtics,KXNBA-27-BKN,unscheduled_sports,sports_future,5,7,False,0.0,0.0,0.0,,0.01,,2750.92,300.1608333333334,693.5100000000002,0.01,,,S1,Deep longshot,True,unsched_sports
mitchell_robinson_to_celtics,KXNBA-27-ATL,unscheduled_sports,sports_future,1,12,False,0.0004166666666666624,0.02859379936674067,0.028571428571428272,12.35,0.01,,869.08,4726.7908333333335,0.0,0.015,,,S1,Deep longshot,True,unsched_sports
mitchell_robinson_to_celtics,KXNBA-27-ATL,unscheduled_sports,sports_future,3,12,False,0.0004166666666666624,0.02859379936674067,0.028571428571428272,12.35,0.01,,5011.5,4726.7908333333335,3880.4100000000035,0.015,,,S1,Deep longshot,True,unsched_sports
mitchell_robinson_to_celtics,KXNBA-27-ATL,unscheduled_sports,sports_future,5,12,False,0.0004166666666666624,0.02859379936674067,0.028571428571428272,12.35,0.01,,6000.349999999999,4726.7908333333335,4682.260000000002,0.015,,,S1,Deep longshot,True,unsched_sports
lebron_to_76ers,KXNBA-27-WAS,unscheduled_sports,sports_future,1,25,False,0.0,0.0,0.0,,0.01,,59835.32,17979.8836,0.0,0.015,,,S1,Deep longshot,True,unsched_sports
lebron_to_76ers,KXNBA-27-WAS,unscheduled_sports,sports_future,3,25,False,0.0,0.0,0.0,,0.01,,76907.99,17979.8836,17072.669999999925,0.015,,,S1,Deep longshot,True,unsched_sports
lebron_to_76ers,KXNBA-27-WAS,unscheduled_sports,sports_future,5,25,False,0.0,0.0,0.0,,0.01,,93267.63,17979.8836,33432.30999999994,0.015,,,S1,Deep longshot,True,unsched_sports
lebron_to_76ers,KXNBA-27-UTA,unscheduled_sports,sports_future,1,25,False,0.0,0.0,0.0,,0.01,,10399.84,17382.4948,0.0,0.01,,,S1,Deep longshot,True,unsched_sports
lebron_to_76ers,KXNBA-27-UTA,unscheduled_sports,sports_future,3,25,False,0.0,0.0,0.0,,0.01,,16360.83,17382.4948,5960.990000000107,0.01,,,S1,Deep longshot,True,unsched_sports
lebron_to_76ers,KXNBA-27-UTA,unscheduled_sports,sports_future,5,25,False,0.0,0.0,0.0,,0.01,,24237.23,17382.4948,13837.390000000014,0.01,,,S1,Deep longshot,True,unsched_sports
lebron_to_76ers,KXNBA-27-TOR,unscheduled_sports,sports_future,1,25,False,0.0023999999999999994,0.07351973216664875,0.07361963190184047,7.433333333333334,0.010000000000000002,,4447.9,25174.469600000004,0.0,0.035,,,S1,Deep longshot,True,unsched_sports
lebron_to_76ers,KXNBA-27-TOR,unscheduled_sports,sports_future,3,25,False,0.0023999999999999994,0.07351973216664875,0.07361963190184047,7.433333333333334,0.010000000000000002,,5986.5199999999995,25174.469600000004,0.0,0.035,,,S1,Deep longshot,True,unsched_sports
lebron_to_76ers,KXNBA-27-TOR,unscheduled_sports,sports_future,5,25,False,0.0023999999999999994,0.07351973216664875,0.07361963190184047,7.433333333333334,0.010000000000000002,,13489.489999999998,25174.469600000004,0.0,0.035,,,S1,Deep longshot,True,unsched_sports
lebron_to_76ers,KXNBA-27-SAS,unscheduled_sports,sports_future,1,25,False,-0.0069999999999999785,-0.044001818806212345,-0.03465346534653455,7.433333333333334,0.010000000000000009,,33313.56,5022.8228,0.0,0.19,,,S3,Contender,True,unsched_sports
lebron_to_76ers,KXNBA-27-SAS,unscheduled_sports,sports_future,3,25,False,0.013000000000000012,0.07879521039385828,0.06435643564356441,31.433333333333334,0.010000000000000009,,61483.59999999999,5022.8228,15562.76999999999,0.19,,,S3,Contender,True,unsched_sports
lebron_to_76ers,KXNBA-27-SAS,unscheduled_sports,sports_future,5,25,False,0.0030000000000000304,0.018508764532680466,0.014851485148515003,31.433333333333334,0.009999999999999998,,78706.12,5022.8228,28013.410000000003,0.19,,,S3,Contender,True,unsched_sports
lebron_to_76ers,KXNBA-27-SAC,unscheduled_sports,sports_future,1,18,False,-1.734723475976807e-18,0.0,-1.7347234759768068e-16,,0.01,,2530.63,1879.3166666666668,0.0,0.01,,,S1,Deep longshot,True,unsched_sports
lebron_to_76ers,KXNBA-27-SAC,unscheduled_sports,sports_future,3,18,False,-1.734723475976807e-18,0.0,-1.7347234759768068e-16,,0.01,,3680.89,1879.3166666666668,1150.2600000000093,0.01,,,S1,Deep longshot,True,unsched_sports
lebron_to_76ers,KXNBA-27-SAC,unscheduled_sports,sports_future,5,18,False,-1.734723475976807e-18,0.0,-1.7347234759768068e-16,,0.01,,5831.82,1879.3166666666668,3301.1900000000023,0.01,,,S1,Deep longshot,True,unsched_sports
lebron_to_76ers,KXNBA-27-POR,unscheduled_sports,sports_future,1,25,False,-0.004199999999999999,-0.35490832047052745,-0.2957746478873239,7.433333333333334,0.01,,9430.32,18106.125200000002,0.0,0.015,,,S1,Deep longshot,True,unsched_sports
lebron_to_76ers,KXNBA-27-POR,unscheduled_sports,sports_future,3,25,False,-0.004199999999999999,-0.35490832047052745,-0.2957746478873239,7.433333333333334,0.01,,18348.23,18106.125200000002,8917.910000000033,0.015,,,S1,Deep longshot,True,unsched_sports
lebron_to_76ers,KXNBA-27-POR,unscheduled_sports,sports_future,5,25,False,-0.004199999999999999,-0.35490832047052745,-0.2957746478873239,7.433333333333334,0.01,,23227.16,18106.125200000002,13796.840000000026,0.015,,,S1,Deep longshot,True,unsched_sports
lebron_to_76ers,KXNBA-27-PHX,unscheduled_sports,sports_future,1,19,False,-1.734723475976807e-18,0.0,-1.7347234759768068e-16,,0.01,,6827.72,735.1866666666666,0.0,0.01,,,S1,Deep longshot,True,unsched_sports
lebron_to_76ers,KXNBA-27-PHX,unscheduled_sports,sports_future,3,19,False,-1.734723475976807e-18,0.0,-1.7347234759768068e-16,,0.01,,9905.72,735.1866666666666,3078.0,0.01,,,S1,Deep longshot,True,unsched_sports
lebron_to_76ers,KXNBA-27-PHX,unscheduled_sports,sports_future,5,19,False,-1.734723475976807e-18,0.0,-1.7347234759768068e-16,,0.01,,11452.019999999999,735.1866666666666,4624.300000000003,0.01,,,S1,Deep longshot,True,unsched_sports
lebron_to_76ers,KXNBA-27-PHI,unscheduled_sports,sports_future,1,25,False,0.05779999999999998,0.761644756031544,1.01048951048951,7.433333333333334,0.009999999999999995,,2778784.38,50303.9112,0.0,0.055,,,S2,Longshot,True,unsched_sports
lebron_to_76ers,KXNBA-27-PHI,unscheduled_sports,sports_future,3,25,False,0.05779999999999998,0.761644756031544,1.01048951048951,7.433333333333334,0.009999999999999995,,3371769.93,50303.9112,426702.3700000001,0.055,,,S2,Longshot,True,unsched_sports
lebron_to_76ers,KXNBA-27-PHI,unscheduled_sports,sports_future,5,25,False,0.05779999999999998,0.761644756031544,1.01048951048951,7.433333333333334,0.009999999999999995,,3644128.5700000003,50303.9112,630608.3599999999,0.055,,,S2,Longshot,True,unsched_sports
lebron_to_76ers,KXNBA-27-ORL,unscheduled_sports,sports_future,1,25,False,-0.004999999999999999,-0.4105284100647113,-0.3333333333333333,7.433333333333334,0.01,,141310.38,1559.4476000000002,0.0,0.01,,,S1,Deep longshot,True,unsched_sports
lebron_to_76ers,KXNBA-27-ORL,unscheduled_sports,sports_future,3,25,False,-0.004999999999999999,-0.4105284100647113,-0.3333333333333333,7.433333333333334,0.01,,260860.97,1559.4476000000002,119550.59,0.01,,,S1,Deep longshot,True,unsched_sports
lebron_to_76ers,KXNBA-27-ORL,unscheduled_sports,sports_future,5,25,False,-0.004999999999999999,-0.4105284100647113,-0.3333333333333333,7.433333333333334,0.01,,317889.1,1559.4476000000002,176578.72,0.01,,,S1,Deep longshot,True,unsched_sports
lebron_to_76ers,KXNBA-27-OKC,unscheduled_sports,sports_future,1,25,False,-0.015999999999999986,-0.09237243067089507,-0.06926406926406921,7.433333333333334,0.010000000000000009,,65742.03,6807.416799999999,0.0,0.215,,,S3,Contender,True,unsched_sports
lebron_to_76ers,KXNBA-27-OKC,unscheduled_sports,sports_future,3,25,False,-0.025999999999999968,-0.15265887653207288,-0.11255411255411242,7.433333333333334,0.00999999999999999,,111650.26000000001,6807.416799999999,5040.129999999976,0.215,,,S3,Contender,True,unsched_sports
lebron_to_76ers,KXNBA-27-OKC,unscheduled_sports,sports_future,5,25,False,-0.025999999999999968,-0.15265887653207288,-0.11255411255411242,7.433333333333334,0.009999999999999986,,120537.95000000001,6807.416799999999,11745.649999999994,0.215,,,S3,Contender,True,unsched_sports
lebron_to_76ers,KXNBA-27-NYK,unscheduled_sports,sports_future,1,25,False,-0.013600000000000001,-0.18145560275736816,-0.15349887133182843,7.433333333333334,0.009999999999999995,,169922.94,10001.668,0.0,0.07,,,S2,Longshot,True,unsched_sports
lebron_to_76ers,KXNBA-27-NYK,unscheduled_sports,sports_future,3,25,False,-0.00360000000000002,-0.04542278756645812,-0.040632054176072456,7.433333333333334,0.009999999999999995,,231736.71,10001.668,41697.90000000002,0.07,,,S2,Longshot,True,unsched_sports
lebron_to_76ers,KXNBA-27-NYK,unscheduled_sports,sports_future,5,25,False,-0.00360000000000002,-0.04542278756645812,-0.040632054176072456,7.433333333333334,0.009999999999999995,,258105.68,10001.668,65680.80000000005,0.07,,,S2,Longshot,True,unsched_sports
lebron_to_76ers,KXNBA-27-NOP,unscheduled_sports,sports_future,1,9,True,0.0,0.0,0.0,,0.01,,107.92,145.96611111111113,0.0,0.01,,,S1,Deep longshot,True,unsched_sports
lebron_to_76ers,KXNBA-27-NOP,unscheduled_sports,sports_future,3,9,True,0.0,0.0,0.0,,0.01,,1236.1100000000001,145.96611111111113,1128.1900000000005,0.01,,,S1,Deep longshot,True,unsched_sports
lebron_to_76ers,KXNBA-27-NOP,unscheduled_sports,sports_future,5,9,True,0.0,0.0,0.0,,0.01,,1354.8700000000001,145.96611111111113,1246.9499999999998,0.01,,,S1,Deep longshot,True,unsched_sports
lebron_to_76ers,KXNBA-27-MIN,unscheduled_sports,sports_future,1,25,False,-0.012599999999999993,-0.3206276864742388,-0.26470588235294107,7.433333333333334,0.010000000000000002,,49559.06,27260.2264,0.0,0.035,,,S1,Deep longshot,True,unsched_sports
lebron_to_76ers,KXNBA-27-MIN,unscheduled_sports,sports_future,3,25,False,-0.012599999999999993,-0.3206276864742388,-0.26470588235294107,7.433333333333334,0.013333333333333336,,96777.36,27260.2264,26452.179999999935,0.035,,,S1,Deep longshot,True,unsched_sports
lebron_to_76ers,KXNBA-27-MIN,unscheduled_sports,sports_future,5,25,False,-0.022599999999999995,-0.6674092927543129,-0.4747899159663865,7.433333333333334,0.012000000000000002,,110676.03,27260.2264,34924.02999999991,0.035,,,S1,Deep longshot,True,unsched_sports
lebron_to_76ers,KXNBA-27-MIL,unscheduled_sports,sports_future,1,11,False,1.734723475976807e-18,0.0,1.7347234759768073e-16,,0.01,,631.51,288.97136363636366,0.0,0.01,,,S1,Deep longshot,True,unsched_sports
lebron_to_76ers,KXNBA-27-MIL,unscheduled_sports,sports_future,3,11,False,1.734723475976807e-18,0.0,1.7347234759768073e-16,,0.01,,4130.51,288.97136363636366,3499.0,0.01,,,S1,Deep longshot,True,unsched_sports
lebron_to_76ers,KXNBA-27-MIL,unscheduled_sports,sports_future,5,11,False,1.734723475976807e-18,0.0,1.7347234759768073e-16,,0.01,,5065.700000000001,288.97136363636366,4434.189999999999,0.01,,,S1,Deep longshot,True,unsched_sports
lebron_to_76ers,KXNBA-27-MIA,unscheduled_sports,sports_future,1,25,False,-0.0252,-0.5687853054956324,-0.41860465116279066,7.433333333333334,0.010000000000000002,,181539.45,14073.546,0.0,0.095,,,S2,Longshot,True,unsched_sports
lebron_to_76ers,KXNBA-27-MIA,unscheduled_sports,sports_future,3,25,False,-0.0352,-0.9155669117757066,-0.584717607973422,7.433333333333334,0.01,,244996.41000000003,14073.546,27080.590000000084,0.095,,,S2,Longshot,True,unsched_sports
lebron_to_76ers,KXNBA-27-MIA,unscheduled_sports,sports_future,5,25,False,-0.0252,-0.5687853054956324,-0.41860465116279066,7.433333333333334,0.01,,296245.8400000001,14073.546,60718.34999999998,0.095,,,S2,Longshot,True,unsched_sports
lebron_to_76ers,KXNBA-27-MEM,unscheduled_sports,sports_future,1,9,False,0.0,0.0,0.0,,0.01,,427.81,457.3009090909091,0.0,0.01,,,S1,Deep longshot,True,unsched_sports
lebron_to_76ers,KXNBA-27-MEM,unscheduled_sports,sports_future,3,9,False,,,,,0.01,,895.4,457.3009090909091,467.59000000000015,0.01,,,S1,Deep longshot,True,unsched_sports
lebron_to_76ers,KXNBA-27-MEM,unscheduled_sports,sports_future,5,9,False,0.0,0.0,0.0,,0.01,,1161.73,457.3009090909091,733.9199999999983,0.01,,,S1,Deep longshot,True,unsched_sports
lebron_to_76ers,KXNBA-27-LAL,unscheduled_sports,sports_future,1,25,False,-0.010400000000000006,-0.35855995863450385,-0.2937853107344634,7.433333333333334,0.009999999999999998,,74949.22,17249.7256,0.0,0.025,,,S1,Deep longshot,True,unsched_sports
lebron_to_76ers,KXNBA-27-LAL,unscheduled_sports,sports_future,3,25,False,-0.010400000000000006,-0.35855995863450385,-0.2937853107344634,7.433333333333334,0.009999999999999998,,200742.2,17249.7256,122153.23999999999,0.025,,,S1,Deep longshot,True,unsched_sports
lebron_to_76ers,KXNBA-27-LAL,unscheduled_sports,sports_future,5,25,False,-0.010400000000000006,-0.35855995863450385,-0.2937853107344634,7.433333333333334,0.009999999999999998,,313641.21,17249.7256,234722.17000000004,0.025,,,S1,Deep longshot,True,unsched_sports
lebron_to_76ers,KXNBA-27-LAC,unscheduled_sports,sports_future,1,14,False,1.734723475976807e-18,0.0,1.7347234759768073e-16,,0.01,,6232.14,1965.435,0.0,0.01,,,S1,Deep longshot,True,unsched_sports
lebron_to_76ers,KXNBA-27-LAC,unscheduled_sports,sports_future,3,14,False,1.734723475976807e-18,0.0,1.7347234759768073e-16,,0.01,,7039.39,1965.435,807.25,0.01,,,S1,Deep longshot,True,unsched_sports
lebron_to_76ers,KXNBA-27-LAC,unscheduled_sports,sports_future,5,14,False,1.734723475976807e-18,0.0,1.7347234759768073e-16,,0.01,,7964.08,1965.435,1731.9400000000023,0.01,,,S1,Deep longshot,True,unsched_sports
lebron_to_76ers,KXNBA-27-IND,unscheduled_sports,sports_future,1,25,False,-0.010000000000000005,-0.5210297939402322,-0.40000000000000013,7.433333333333334,0.01,,41189.45,9032.2596,0.0,0.015,,,S1,Deep longshot,True,unsched_sports
lebron_to_76ers,KXNBA-27-IND,unscheduled_sports,sports_future,3,25,False,-0.010000000000000005,-0.5210297939402322,-0.40000000000000013,7.433333333333334,0.01,,79472.40999999999,9032.2596,37627.95999999999,0.015,,,S1,Deep longshot,True,unsched_sports
lebron_to_76ers,KXNBA-27-IND,unscheduled_sports,sports_future,5,25,False,-0.010000000000000005,-0.5210297939402322,-0.40000000000000013,7.433333333333334,0.01,,112056.18,9032.2596,70100.98000000001,0.015,,,S1,Deep longshot,True,unsched_sports
lebron_to_76ers,KXNBA-27-HOU,unscheduled_sports,sports_future,1,25,False,-0.0072000000000000015,-0.39937857880356686,-0.3243243243243244,7.433333333333334,0.01,,6844.08,1803.118,0.0,0.015,,,S1,Deep longshot,True,unsched_sports
lebron_to_76ers,KXNBA-27-HOU,unscheduled_sports,sports_future,3,25,False,-0.0072000000000000015,-0.39937857880356686,-0.3243243243243244,7.433333333333334,0.01,,21350.84,1803.118,14506.759999999995,0.015,,,S1,Deep longshot,True,unsched_sports
lebron_to_76ers,KXNBA-27-HOU,unscheduled_sports,sports_future,5,25,False,-0.0072000000000000015,-0.39937857880356686,-0.3243243243243244,7.433333333333334,0.01,,33776.75,1803.118,26885.880000000005,0.015,,,S1,Deep longshot,True,unsched_sports
lebron_to_76ers,KXNBA-27-GSW,unscheduled_sports,sports_future,1,25,False,-0.020000000000000004,-0.8678114002203063,-0.5714285714285715,7.433333333333334,0.01,,116940.59,39491.6832,0.0,0.035,,,S1,Deep longshot,True,unsched_sports
lebron_to_76ers,KXNBA-27-GSW,unscheduled_sports,sports_future,3,25,False,-0.020000000000000004,-0.8678114002203063,-0.5714285714285715,7.433333333333334,0.01,,145200.24,39491.6832,3589.4000000000233,0.035,,,S1,Deep longshot,True,unsched_sports
lebron_to_76ers,KXNBA-27-GSW,unscheduled_sports,sports_future,5,25,False,-0.020000000000000004,-0.8678114002203063,-0.5714285714285715,7.433333333333334,0.01,,209973.66999999998,39491.6832,13264.730000000098,0.035,,,S1,Deep longshot,True,unsched_sports
lebron_to_76ers,KXNBA-27-DET,unscheduled_sports,sports_future,1,25,False,0.0015999999999999973,0.048448819578756463,0.04790419161676637,7.433333333333334,0.010000000000000002,,3101.04,4403.104,0.0,0.035,,,S1,Deep longshot,True,unsched_sports
lebron_to_76ers,KXNBA-27-DET,unscheduled_sports,sports_future,3,25,False,0.0015999999999999973,0.048448819578756463,0.04790419161676637,7.433333333333334,0.010000000000000002,,5762.73,4403.104,2614.8399999999965,0.035,,,S1,Deep longshot,True,unsched_sports
lebron_to_76ers,KXNBA-27-DET,unscheduled_sports,sports_future,5,25,False,0.0015999999999999973,0.048448819578756463,0.04790419161676637,7.433333333333334,0.010000000000000002,,24352.53,4403.104,21194.449999999983,0.035,,,S1,Deep longshot,True,unsched_sports
lebron_to_76ers,KXNBA-27-DEN,unscheduled_sports,sports_future,1,25,False,-0.001800000000000003,-0.05201681046990103,-0.04891304347826094,7.433333333333334,0.010000000000000002,,11862.43,9543.823199999999,0.0,0.035,,,S1,Deep longshot,True,unsched_sports
lebron_to_76ers,KXNBA-27-DEN,unscheduled_sports,sports_future,3,25,False,-0.001800000000000003,-0.05201681046990103,-0.04891304347826094,7.433333333333334,0.010000000000000002,,22632.21,9543.823199999999,10535.52999999997,0.035,,,S1,Deep longshot,True,unsched_sports
lebron_to_76ers,KXNBA-27-DEN,unscheduled_sports,sports_future,5,25,False,-0.001800000000000003,-0.05201681046990103,-0.04891304347826094,7.433333333333334,0.010000000000000002,,27235.68,9543.823199999999,15090.190000000002,0.035,,,S1,Deep longshot,True,unsched_sports
lebron_to_76ers,KXNBA-27-DAL,unscheduled_sports,sports_future,1,25,False,0.0,0.0,0.0,,0.01,,18693.34,4923.4348,0.0,0.01,,,S1,Deep longshot,True,unsched_sports
lebron_to_76ers,KXNBA-27-DAL,unscheduled_sports,sports_future,3,25,False,0.0,0.0,0.0,,0.01,,41625.310000000005,4923.4348,22931.97000000003,0.01,,,S1,Deep longshot,True,unsched_sports
lebron_to_76ers,KXNBA-27-DAL,unscheduled_sports,sports_future,5,25,False,0.0,0.0,0.0,,0.01,,51305.06,4923.4348,32611.72000000003,0.01,,,S1,Deep longshot,True,unsched_sports
lebron_to_76ers,KXNBA-27-CLE,unscheduled_sports,sports_future,1,25,False,-0.0314,-1.1616466029910026,-0.6767241379310345,7.433333333333334,0.01,,55362.83,23618.3292,0.0,0.035,,,S1,Deep longshot,True,unsched_sports
lebron_to_76ers,KXNBA-27-CLE,unscheduled_sports,sports_future,3,25,False,-0.021399999999999995,-0.6406168090507705,-0.4612068965517241,7.433333333333334,0.01,,119889.26,23618.3292,56504.58999999997,0.035,,,S1,Deep longshot,True,unsched_sports
lebron_to_76ers,KXNBA-27-CLE,unscheduled_sports,sports_future,5,25,False,-0.021399999999999995,-0.6406168090507705,-0.4612068965517241,7.433333333333334,0.009999999999999998,,127724.83,23618.3292,59523.09999999998,0.035,,,S1,Deep longshot,True,unsched_sports
lebron_to_76ers,KXNBA-27-CHI,unscheduled_sports,sports_future,1,21,False,-1.734723475976807e-18,0.0,-1.7347234759768068e-16,,0.01,,1467.78,963.8315999999999,0.0,0.01,,,S1,Deep longshot,True,unsched_sports
lebron_to_76ers,KXNBA-27-CHI,unscheduled_sports,sports_future,3,21,False,,,,,0.01,,6597.53,963.8315999999999,5129.75,0.01,,,S1,Deep longshot,True,unsched_sports
lebron_to_76ers,KXNBA-27-CHI,unscheduled_sports,sports_future,5,21,False,-1.734723475976807e-18,0.0,-1.7347234759768068e-16,,0.01,,10057.72,963.8315999999999,8589.940000000002,0.01,,,S1,Deep longshot,True,unsched_sports
lebron_to_76ers,KXNBA-27-CHA,unscheduled_sports,sports_future,1,24,False,-0.0018750000000000017,-0.1737459920915585,-0.15789473684210537,7.433333333333334,0.01,,10561.1,5553.3696,0.0,0.01,,,S1,Deep longshot,True,unsched_sports
lebron_to_76ers,KXNBA-27-CHA,unscheduled_sports,sports_future,3,24,False,-0.0018750000000000017,-0.1737459920915585,-0.15789473684210537,7.433333333333334,0.01,,11268.150000000001,5553.3696,707.0499999999884,0.01,,,S1,Deep longshot,True,unsched_sports
lebron_to_76ers,KXNBA-27-CHA,unscheduled_sports,sports_future,5,24,False,-0.0018750000000000017,-0.1737459920915585,-0.15789473684210537,7.433333333333334,0.01,,13627.45,5553.3696,3066.3499999999767,0.01,,,S1,Deep longshot,True,unsched_sports
lebron_to_76ers,KXNBA-27-BOS,unscheduled_sports,sports_future,1,25,False,-0.02380000000000001,-0.38508757117857506,-0.30203045685279195,7.433333333333334,0.009999999999999995,,13550.41,2384.7616,0.0,0.055,,,S2,Longshot,True,unsched_sports
lebron_to_76ers,KXNBA-27-BOS,unscheduled_sports,sports_future,3,25,False,-0.02380000000000001,-0.38508757117857506,-0.30203045685279195,7.433333333333334,0.009999999999999995,,22150.64,2384.7616,8443.859999999986,0.055,,,S2,Longshot,True,unsched_sports
lebron_to_76ers,KXNBA-27-BOS,unscheduled_sports,sports_future,5,25,False,-0.03380000000000001,-0.5962846796277135,-0.42893401015228433,7.433333333333334,0.009999999999999998,,41601.19,2384.7616,27112.349999999977,0.055,,,S2,Longshot,True,unsched_sports
lebron_to_76ers,KXNBA-27-BKN,unscheduled_sports,sports_future,1,19,False,-1.734723475976807e-18,0.0,-1.7347234759768068e-16,,0.01,,93.51,221.87173913043475,0.0,0.01,,,S1,Deep longshot,True,unsched_sports
lebron_to_76ers,KXNBA-27-BKN,unscheduled_sports,sports_future,3,19,False,,,,,0.01,,187.02,221.87173913043475,93.5099999999984,0.01,,,S1,Deep longshot,True,unsched_sports
lebron_to_76ers,KXNBA-27-BKN,unscheduled_sports,sports_future,5,19,False,,,,,0.01,,1622.8,221.87173913043475,1529.289999999999,0.01,,,S1,Deep longshot,True,unsched_sports
lebron_to_76ers,KXNBA-27-ATL,unscheduled_sports,sports_future,1,25,False,-0.004999999999999999,-0.4105284100647113,-0.3333333333333333,7.433333333333334,0.01,,73505.8,1476.1447999999998,0.0,0.015,,,S1,Deep longshot,True,unsched_sports
lebron_to_76ers,KXNBA-27-ATL,unscheduled_sports,sports_future,3,25,False,-0.004999999999999999,-0.4105284100647113,-0.3333333333333333,7.433333333333334,0.01,,96181.03,1476.1447999999998,22675.23000000001,0.015,,,S1,Deep longshot,True,unsched_sports
lebron_to_76ers,KXNBA-27-ATL,unscheduled_sports,sports_future,5,25,False,-0.004999999999999999,-0.4105284100647113,-0.3333333333333333,7.433333333333334,0.01,,132575.75,1476.1447999999998,59069.95000000001,0.015,,,S1,Deep longshot,True,unsched_sports
von_miller_to_cowboys,KXSB-27-WAS,unscheduled_sports,sports_future,1,25,False,-0.007600000000000003,-0.4176453615120641,-0.33628318584070804,2.8333333333333335,0.01,,8022.44,20288.974799999996,0.0,0.015,,,S1,Deep longshot,True,unsched_sports
von_miller_to_cowboys,KXSB-27-WAS,unscheduled_sports,sports_future,3,25,False,-0.007600000000000003,-0.4176453615120641,-0.33628318584070804,2.8333333333333335,0.01,,13028.97,20288.974799999996,4972.050000000047,0.015,,,S1,Deep longshot,True,unsched_sports
von_miller_to_cowboys,KXSB-27-WAS,unscheduled_sports,sports_future,5,25,False,-0.007600000000000003,-0.4176453615120641,-0.33628318584070804,2.8333333333333335,0.01,,19344.16,20288.974799999996,10959.709999999963,0.015,,,S1,Deep longshot,True,unsched_sports
von_miller_to_cowboys,KXSB-27-TEN,unscheduled_sports,sports_future,1,24,False,0.0,0.0,0.0,,0.01,,3539.93,2486.2344,0.0,0.01,,,S1,Deep longshot,True,unsched_sports
von_miller_to_cowboys,KXSB-27-TEN,unscheduled_sports,sports_future,3,24,False,0.0,0.0,0.0,,0.01,,5897.07,2486.2344,2357.140000000014,0.01,,,S1,Deep longshot,True,unsched_sports
von_miller_to_cowboys,KXSB-27-TEN,unscheduled_sports,sports_future,5,24,False,0.0,0.0,0.0,,0.01,,7416.74,2486.2344,3876.8099999999977,0.01,,,S1,Deep longshot,True,unsched_sports
von_miller_to_cowboys,KXSB-27-TB,unscheduled_sports,sports_future,1,25,False,0.0,0.0,0.0,,0.01,,1937.32,2238.33,0.0,0.015,,,S1,Deep longshot,True,unsched_sports
von_miller_to_cowboys,KXSB-27-TB,unscheduled_sports,sports_future,3,25,False,0.0,0.0,0.0,,0.01,,26200.16,2238.33,24262.840000000084,0.015,,,S1,Deep longshot,True,unsched_sports
von_miller_to_cowboys,KXSB-27-TB,unscheduled_sports,sports_future,5,25,False,0.0,0.0,0.0,,0.01,,39586.72,2238.33,37414.99000000022,0.015,,,S1,Deep longshot,True,unsched_sports
von_miller_to_cowboys,KXSB-27-SF,unscheduled_sports,sports_future,1,25,False,0.0,0.0,0.0,,0.010000000000000002,,16903.8,42877.27159999999,0.0,0.045,,,S1,Deep longshot,True,unsched_sports
von_miller_to_cowboys,KXSB-27-SF,unscheduled_sports,sports_future,3,25,False,0.0,0.0,0.0,,0.010000000000000002,,51182.55,42877.27159999999,33772.51000000024,0.045,,,S1,Deep longshot,True,unsched_sports
von_miller_to_cowboys,KXSB-27-SF,unscheduled_sports,sports_future,5,25,False,0.0,0.0,0.0,,0.010000000000000002,,97165.48,42877.27159999999,77835.66000000015,0.045,,,S1,Deep longshot,True,unsched_sports
von_miller_to_cowboys,KXSB-27-SEA,unscheduled_sports,sports_future,1,25,False,0.0,0.0,0.0,,0.009999999999999995,,41453.52,26755.479200000005,0.0,0.07500000000000001,,,S2,Longshot,True,unsched_sports
von_miller_to_cowboys,KXSB-27-SEA,unscheduled_sports,sports_future,3,25,False,0.0,0.0,0.0,,0.009999999999999995,,87692.69,26755.479200000005,35299.39999999991,0.07500000000000001,,,S2,Longshot,True,unsched_sports
von_miller_to_cowboys,KXSB-27-SEA,unscheduled_sports,sports_future,5,25,False,0.0,0.0,0.0,,0.009999999999999995,,171990.36000000002,26755.479200000005,78636.98999999976,0.07500000000000001,,,S2,Longshot,True,unsched_sports
von_miller_to_cowboys,KXSB-27-PIT,unscheduled_sports,sports_future,1,25,False,0.0,0.0,0.0,,0.01,,13525.88,12938.6372,0.0,0.015,,,S1,Deep longshot,True,unsched_sports
von_miller_to_cowboys,KXSB-27-PIT,unscheduled_sports,sports_future,3,25,False,0.0,0.0,0.0,,0.01,,32018.789999999997,12938.6372,15346.73999999999,0.015,,,S1,Deep longshot,True,unsched_sports
von_miller_to_cowboys,KXSB-27-PIT,unscheduled_sports,sports_future,5,25,False,0.0,0.0,0.0,,0.01,,45306.31999999999,12938.6372,28631.0,0.015,,,S1,Deep longshot,True,unsched_sports
von_miller_to_cowboys,KXSB-27-PHI,unscheduled_sports,sports_future,1,25,False,0.0,0.0,0.0,,0.010000000000000002,,18560.6,29659.709599999995,0.0,0.045,,,S1,Deep longshot,True,unsched_sports
von_miller_to_cowboys,KXSB-27-PHI,unscheduled_sports,sports_future,3,25,False,0.0,0.0,0.0,,0.010000000000000002,,107186.25,29659.709599999995,74131.5,0.045,,,S1,Deep longshot,True,unsched_sports
von_miller_to_cowboys,KXSB-27-PHI,unscheduled_sports,sports_future,5,25,False,0.0,0.0,0.0,,0.010000000000000002,,153320.66999999998,29659.709599999995,103340.81999999983,0.045,,,S1,Deep longshot,True,unsched_sports
von_miller_to_cowboys,KXSB-27-NYJ,unscheduled_sports,sports_future,1,24,False,0.0,0.0,0.0,,0.01,,187.02,2406.9575999999997,0.0,0.01,,,S1,Deep longshot,True,unsched_sports
von_miller_to_cowboys,KXSB-27-NYJ,unscheduled_sports,sports_future,3,24,False,0.0,0.0,0.0,,0.01,,13607.880000000001,2406.9575999999997,13420.859999999986,0.01,,,S1,Deep longshot,True,unsched_sports
von_miller_to_cowboys,KXSB-27-NYJ,unscheduled_sports,sports_future,5,24,False,,,,,0.01,,15104.18,2406.9575999999997,14917.160000000033,0.01,,,S1,Deep longshot,True,unsched_sports
von_miller_to_cowboys,KXSB-27-NYG,unscheduled_sports,sports_future,1,25,False,0.0,0.0,0.0,,0.01,,24306.79,16255.3776,0.0,0.015,,,S1,Deep longshot,True,unsched_sports
von_miller_to_cowboys,KXSB-27-NYG,unscheduled_sports,sports_future,3,25,False,0.0,0.0,0.0,,0.01,,38841.48,16255.3776,11943.740000000224,0.015,,,S1,Deep longshot,True,unsched_sports
von_miller_to_cowboys,KXSB-27-NYG,unscheduled_sports,sports_future,5,25,False,0.0,0.0,0.0,,0.01,,56050.50000000001,16255.3776,25926.400000000373,0.015,,,S1,Deep longshot,True,unsched_sports
von_miller_to_cowboys,KXSB-27-NO,unscheduled_sports,sports_future,1,25,False,0.0,0.0,0.0,,0.01,,13165.72,12907.348399999999,0.0,0.01,,,S1,Deep longshot,True,unsched_sports
von_miller_to_cowboys,KXSB-27-NO,unscheduled_sports,sports_future,3,25,False,0.0,0.0,0.0,,0.01,,85810.56,12907.348399999999,65958.5299999998,0.01,,,S1,Deep longshot,True,unsched_sports
von_miller_to_cowboys,KXSB-27-NO,unscheduled_sports,sports_future,5,25,False,0.0,0.0,0.0,,0.01,,108157.85,12907.348399999999,88305.81999999983,0.01,,,S1,Deep longshot,True,unsched_sports
von_miller_to_cowboys,KXSB-27-NE,unscheduled_sports,sports_future,1,25,False,0.0,0.0,0.0,,0.010000000000000002,,13623.3,15035.660800000001,0.0,0.045,,,S1,Deep longshot,True,unsched_sports
von_miller_to_cowboys,KXSB-27-NE,unscheduled_sports,sports_future,3,25,False,0.0,0.0,0.0,,0.010000000000000002,,27818.31,15035.660800000001,0.0,0.045,,,S1,Deep longshot,True,unsched_sports
von_miller_to_cowboys,KXSB-27-NE,unscheduled_sports,sports_future,5,25,False,0.0,0.0,0.0,,0.010000000000000002,,65929.22,15035.660800000001,0.0,0.045,,,S1,Deep longshot,True,unsched_sports
von_miller_to_cowboys,KXSB-27-MIN,unscheduled_sports,sports_future,1,25,False,0.0,0.0,0.0,,0.01,,51604.97,23917.9864,0.0,0.015,,,S1,Deep longshot,True,unsched_sports
von_miller_to_cowboys,KXSB-27-MIN,unscheduled_sports,sports_future,3,25,False,0.0,0.0,0.0,,0.01,,109106.31,23917.9864,57501.33999999985,0.015,,,S1,Deep longshot,True,unsched_sports
von_miller_to_cowboys,KXSB-27-MIN,unscheduled_sports,sports_future,5,25,False,0.0,0.0,0.0,,0.01,,141644.09,23917.9864,89851.04000000004,0.015,,,S1,Deep longshot,True,unsched_sports
von_miller_to_cowboys,KXSB-27-MIA,unscheduled_sports,sports_future,1,25,False,0.0,0.0,0.0,,0.01,,20035.05,3894.5535999999997,0.0,0.01,,,S1,Deep longshot,True,unsched_sports
von_miller_to_cowboys,KXSB-27-MIA,unscheduled_sports,sports_future,3,25,False,0.0,0.0,0.0,,0.01,,28264.68,3894.5535999999997,8229.629999999888,0.01,,,S1,Deep longshot,True,unsched_sports
von_miller_to_cowboys,KXSB-27-MIA,unscheduled_sports,sports_future,5,25,False,0.0,0.0,0.0,,0.01,,41075.14,3894.5535999999997,21040.08999999985,0.01,,,S1,Deep longshot,True,unsched_sports
von_miller_to_cowboys,KXSB-27-LV,unscheduled_sports,sports_future,1,25,False,0.0,0.0,0.0,,0.01,,10586.0,25182.6792,0.0,0.01,,,S1,Deep longshot,True,unsched_sports
von_miller_to_cowboys,KXSB-27-LV,unscheduled_sports,sports_future,3,25,False,0.0,0.0,0.0,,0.01,,127855.26000000001,25182.6792,117269.26000000024,0.01,,,S1,Deep longshot,True,unsched_sports
von_miller_to_cowboys,KXSB-27-LV,unscheduled_sports,sports_future,5,25,False,0.0,0.0,0.0,,0.01,,139554.43,25182.6792,128968.43000000017,0.01,,,S1,Deep longshot,True,unsched_sports
von_miller_to_cowboys,KXSB-27-LAR,unscheduled_sports,sports_future,1,25,False,0.0,0.0,0.0,,0.010000000000000009,,117508.32,44909.807199999996,0.0,0.14500000000000002,,,S2,Longshot,True,unsched_sports
von_miller_to_cowboys,KXSB-27-LAR,unscheduled_sports,sports_future,3,25,False,-0.004999999999999977,-0.038689544950178956,-0.03225806451612888,26.833333333333332,0.013333333333333327,,229236.54,44909.807199999996,92087.58999999985,0.14500000000000002,,,S2,Longshot,True,unsched_sports
von_miller_to_cowboys,KXSB-27-LAR,unscheduled_sports,sports_future,5,25,False,0.0,0.0,0.0,,0.012,,325162.64,44909.807199999996,178472.56000000006,0.14500000000000002,,,S2,Longshot,True,unsched_sports
von_miller_to_cowboys,KXSB-27-LAC,unscheduled_sports,sports_future,1,25,False,0.0,0.0,0.0,,0.010000000000000002,,28066.48,18346.2756,0.0,0.045,,,S1,Deep longshot,True,unsched_sports
von_miller_to_cowboys,KXSB-27-LAC,unscheduled_sports,sports_future,3,25,False,0.0,0.0,0.0,,0.010000000000000002,,62571.2,18346.2756,4296.620000000112,0.045,,,S1,Deep longshot,True,unsched_sports
von_miller_to_cowboys,KXSB-27-LAC,unscheduled_sports,sports_future,5,25,False,0.0,0.0,0.0,,0.010000000000000002,,85249.57,18346.2756,22272.110000000102,0.045,,,S1,Deep longshot,True,unsched_sports
von_miller_to_cowboys,KXSB-27-KC,unscheduled_sports,sports_future,1,25,False,-0.00279999999999999,-0.05262295167366293,-0.0484429065743943,2.8333333333333335,0.009999999999999995,,11831.83,17075.408,0.0,0.055,,,S2,Longshot,True,unsched_sports
von_miller_to_cowboys,KXSB-27-KC,unscheduled_sports,sports_future,3,25,False,-0.00279999999999999,-0.05262295167366293,-0.0484429065743943,2.8333333333333335,0.009999999999999995,,38981.06,17075.408,25448.080000000075,0.055,,,S2,Longshot,True,unsched_sports
von_miller_to_cowboys,KXSB-27-KC,unscheduled_sports,sports_future,5,25,False,-0.00279999999999999,-0.05262295167366293,-0.0484429065743943,2.8333333333333335,0.009999999999999995,,65699.91,17075.408,50668.20999999996,0.055,,,S2,Longshot,True,unsched_sports
von_miller_to_cowboys,KXSB-27-JAC,unscheduled_sports,sports_future,1,25,False,-3.469446951953614e-18,0.0,-1.3877787807814454e-16,,0.009999999999999998,,20693.88,7649.168,0.0,0.025,,,S1,Deep longshot,True,unsched_sports
von_miller_to_cowboys,KXSB-27-JAC,unscheduled_sports,sports_future,3,25,False,-3.469446951953614e-18,0.0,-1.3877787807814454e-16,,0.009999999999999998,,55843.25,7649.168,35147.369999999995,0.025,,,S1,Deep longshot,True,unsched_sports
von_miller_to_cowboys,KXSB-27-JAC,unscheduled_sports,sports_future,5,25,False,-3.469446951953614e-18,0.0,-1.3877787807814454e-16,,0.009999999999999998,,69000.34000000001,7649.168,42112.79999999993,0.025,,,S1,Deep longshot,True,unsched_sports
von_miller_to_cowboys,KXSB-27-IND,unscheduled_sports,sports_future,1,25,False,0.0,0.0,0.0,,0.01,,935.8,3085.1208,0.0,0.015,,,S1,Deep longshot,True,unsched_sports
von_miller_to_cowboys,KXSB-27-IND,unscheduled_sports,sports_future,3,25,False,0.0,0.0,0.0,,0.01,,5767.33,3085.1208,4597.580000000016,0.015,,,S1,Deep longshot,True,unsched_sports
von_miller_to_cowboys,KXSB-27-IND,unscheduled_sports,sports_future,5,25,False,0.0,0.0,0.0,,0.01,,13265.939999999999,3085.1208,12096.190000000002,0.015,,,S1,Deep longshot,True,unsched_sports
von_miller_to_cowboys,KXSB-27-HOU,unscheduled_sports,sports_future,1,25,False,0.009999999999999995,0.2617311891391618,0.28571428571428553,2.8333333333333335,0.010000000000000002,,52253.91,36178.562399999995,0.0,0.045,,,S1,Deep longshot,True,unsched_sports
von_miller_to_cowboys,KXSB-27-HOU,unscheduled_sports,sports_future,3,25,False,0.009999999999999995,0.2617311891391618,0.28571428571428553,2.8333333333333335,0.010000000000000002,,96053.43,36178.562399999995,42529.15000000037,0.045,,,S1,Deep longshot,True,unsched_sports
von_miller_to_cowboys,KXSB-27-HOU,unscheduled_sports,sports_future,5,25,False,0.009999999999999995,0.2617311891391618,0.28571428571428553,2.8333333333333335,0.010000000000000002,,206338.21,36178.562399999995,49116.90000000037,0.045,,,S1,Deep longshot,True,unsched_sports
von_miller_to_cowboys,KXSB-27-GB,unscheduled_sports,sports_future,1,25,False,0.0,0.0,0.0,,0.010000000000000002,,24631.75,16776.1564,0.0,0.035,,,S1,Deep longshot,True,unsched_sports
von_miller_to_cowboys,KXSB-27-GB,unscheduled_sports,sports_future,3,25,False,0.0,0.0,0.0,,0.010000000000000002,,42882.26,16776.1564,16995.98999999999,0.035,,,S1,Deep longshot,True,unsched_sports
von_miller_to_cowboys,KXSB-27-GB,unscheduled_sports,sports_future,5,25,False,0.0,0.0,0.0,,0.010000000000000002,,64872.72,16776.1564,32188.669999999925,0.035,,,S1,Deep longshot,True,unsched_sports
von_miller_to_cowboys,KXSB-27-DET,unscheduled_sports,sports_future,1,25,False,0.0,0.0,0.0,,0.010000000000000002,,22580.23,27362.4216,0.0,0.035,,,S1,Deep longshot,True,unsched_sports
von_miller_to_cowboys,KXSB-27-DET,unscheduled_sports,sports_future,3,25,False,0.0,0.0,0.0,,0.010000000000000002,,85905.47,27362.4216,63155.69999999995,0.035,,,S1,Deep longshot,True,unsched_sports
von_miller_to_cowboys,KXSB-27-DET,unscheduled_sports,sports_future,5,25,False,0.0,0.0,0.0,,0.010000000000000002,,119550.22,27362.4216,96032.20999999996,0.035,,,S1,Deep longshot,True,unsched_sports
von_miller_to_cowboys,KXSB-27-DEN,unscheduled_sports,sports_future,1,25,False,0.0,0.0,0.0,,0.010000000000000002,,54187.89,27049.212000000003,0.0,0.045,,,S1,Deep longshot,True,unsched_sports
von_miller_to_cowboys,KXSB-27-DEN,unscheduled_sports,sports_future,3,25,False,0.0,0.0,0.0,,0.010000000000000002,,302925.76,27049.212000000003,246440.5299999998,0.045,,,S1,Deep longshot,True,unsched_sports
von_miller_to_cowboys,KXSB-27-DEN,unscheduled_sports,sports_future,5,25,False,0.0,0.0,0.0,,0.010000000000000002,,386947.16,27049.212000000003,328590.8299999996,0.045,,,S1,Deep longshot,True,unsched_sports
von_miller_to_cowboys,KXSB-27-DAL,unscheduled_sports,sports_future,1,25,False,0.009999999999999995,0.2617311891391618,0.28571428571428553,2.8333333333333335,0.010000000000000002,,169310.4,50045.4152,0.0,0.045,,,S1,Deep longshot,True,unsched_sports
von_miller_to_cowboys,KXSB-27-DAL,unscheduled_sports,sports_future,3,25,False,0.009999999999999995,0.2617311891391618,0.28571428571428553,2.8333333333333335,0.010000000000000002,,391377.42,50045.4152,216019.15999999968,0.045,,,S1,Deep longshot,True,unsched_sports
von_miller_to_cowboys,KXSB-27-DAL,unscheduled_sports,sports_future,5,25,False,0.009999999999999995,0.2617311891391618,0.28571428571428553,2.8333333333333335,0.010000000000000002,,531949.16,50045.4152,338149.98,0.045,,,S1,Deep longshot,True,unsched_sports
von_miller_to_cowboys,KXSB-27-CLE,unscheduled_sports,sports_future,1,25,False,0.0,0.0,0.0,,0.01,,5237.05,2599.2739999999994,0.0,0.01,,,S1,Deep longshot,True,unsched_sports
von_miller_to_cowboys,KXSB-27-CLE,unscheduled_sports,sports_future,3,25,False,0.0,0.0,0.0,,0.01,,11880.220000000001,2599.2739999999994,6643.169999999984,0.01,,,S1,Deep longshot,True,unsched_sports
von_miller_to_cowboys,KXSB-27-CLE,unscheduled_sports,sports_future,5,25,False,0.0,0.0,0.0,,0.01,,15051.19,2599.2739999999994,9814.140000000014,0.01,,,S1,Deep longshot,True,unsched_sports
von_miller_to_cowboys,KXSB-27-CIN,unscheduled_sports,sports_future,1,25,False,0.0,0.0,0.0,,0.010000000000000002,,8385.37,18767.300399999996,0.0,0.045,,,S1,Deep longshot,True,unsched_sports
von_miller_to_cowboys,KXSB-27-CIN,unscheduled_sports,sports_future,3,25,False,0.0,0.0,0.0,,0.010000000000000002,,28458.99,18767.300399999996,18309.87000000011,0.045,,,S1,Deep longshot,True,unsched_sports
von_miller_to_cowboys,KXSB-27-CIN,unscheduled_sports,sports_future,5,25,False,0.0,0.0,0.0,,0.010000000000000002,,69257.02,18767.300399999996,55348.04000000004,0.045,,,S1,Deep longshot,True,unsched_sports
von_miller_to_cowboys,KXSB-27-CHI,unscheduled_sports,sports_future,1,25,False,0.0,0.0,0.0,,0.010000000000000002,,42806.21,16487.7656,0.0,0.035,,,S1,Deep longshot,True,unsched_sports
von_miller_to_cowboys,KXSB-27-CHI,unscheduled_sports,sports_future,3,25,False,0.0,0.0,0.0,,0.010000000000000002,,146366.75,16487.7656,102564.48000000045,0.035,,,S1,Deep longshot,True,unsched_sports
von_miller_to_cowboys,KXSB-27-CHI,unscheduled_sports,sports_future,5,25,False,0.0,0.0,0.0,,0.010000000000000002,,220481.21000000002,16487.7656,173230.89000000013,0.035,,,S1,Deep longshot,True,unsched_sports
von_miller_to_cowboys,KXSB-27-CAR,unscheduled_sports,sports_future,1,25,False,0.0,0.0,0.0,,0.01,,1191.44,6701.6912,0.0,0.01,,,S1,Deep longshot,True,unsched_sports
von_miller_to_cowboys,KXSB-27-CAR,unscheduled_sports,sports_future,3,25,False,0.0,0.0,0.0,,0.01,,34396.49,6701.6912,33205.049999999814,0.01,,,S1,Deep longshot,True,unsched_sports
von_miller_to_cowboys,KXSB-27-CAR,unscheduled_sports,sports_future,5,25,False,0.0,0.0,0.0,,0.01,,35076.299999999996,6701.6912,33884.85999999987,0.01,,,S1,Deep longshot,True,unsched_sports
von_miller_to_cowboys,KXSB-27-BUF,unscheduled_sports,sports_future,1,25,False,0.0016000000000000042,0.02329241338596333,0.02179836512261586,2.8333333333333335,0.009999999999999995,,63797.56,28013.582400000003,0.0,0.07500000000000001,,,S2,Longshot,True,unsched_sports
von_miller_to_cowboys,KXSB-27-BUF,unscheduled_sports,sports_future,3,25,False,-0.008400000000000005,-0.13056122203097198,-0.11444141689373302,50.833333333333336,0.01,,605880.8,28013.582400000003,94535.6000000001,0.07500000000000001,,,S2,Longshot,True,unsched_sports
von_miller_to_cowboys,KXSB-27-BUF,unscheduled_sports,sports_future,5,25,False,0.0016000000000000042,0.02329241338596333,0.02179836512261586,2.8333333333333335,0.009999999999999998,,940380.9600000001,28013.582400000003,100255.73000000045,0.07500000000000001,,,S2,Longshot,True,unsched_sports
von_miller_to_cowboys,KXSB-27-BAL,unscheduled_sports,sports_future,1,25,False,0.0016000000000000042,0.026633175913211016,0.025236593059936977,2.8333333333333335,0.010000000000000009,,39729.99,29554.672400000003,0.0,0.065,,,S2,Longshot,True,unsched_sports
von_miller_to_cowboys,KXSB-27-BAL,unscheduled_sports,sports_future,3,25,False,0.0016000000000000042,0.026633175913211016,0.025236593059936977,2.8333333333333335,0.010000000000000009,,180446.63,29554.672400000003,138930.1200000001,0.065,,,S2,Longshot,True,unsched_sports
von_miller_to_cowboys,KXSB-27-BAL,unscheduled_sports,sports_future,5,25,False,0.0016000000000000042,0.026633175913211016,0.025236593059936977,2.8333333333333335,0.010000000000000009,,224408.34000000003,29554.672400000003,179829.30000000005,0.065,,,S2,Longshot,True,unsched_sports
von_miller_to_cowboys,KXSB-27-ATL,unscheduled_sports,sports_future,1,25,False,0.0,0.0,0.0,,0.01,,1965.89,4194.5076,0.0,0.01,,,S1,Deep longshot,True,unsched_sports
von_miller_to_cowboys,KXSB-27-ATL,unscheduled_sports,sports_future,3,25,False,0.0,0.0,0.0,,0.01,,36113.89,4194.5076,34148.0,0.01,,,S1,Deep longshot,True,unsched_sports
von_miller_to_cowboys,KXSB-27-ATL,unscheduled_sports,sports_future,5,25,False,0.0,0.0,0.0,,0.01,,38741.229999999996,4194.5076,36775.340000000026,0.01,,,S1,Deep longshot,True,unsched_sports
von_miller_to_cowboys,KXSB-27-ARI,unscheduled_sports,sports_future,1,23,False,-3.469446951953614e-18,0.0,-3.4694469519536127e-16,,0.01,,5237.05,1786.4033333333334,0.0,0.01,,,S1,Deep longshot,True,unsched_sports
von_miller_to_cowboys,KXSB-27-ARI,unscheduled_sports,sports_future,3,23,False,-3.469446951953614e-18,0.0,-3.4694469519536127e-16,,0.01,,6093.6900000000005,1786.4033333333334,856.6399999999558,0.01,,,S1,Deep longshot,True,unsched_sports
von_miller_to_cowboys,KXSB-27-ARI,unscheduled_sports,sports_future,5,23,False,-3.469446951953614e-18,0.0,-3.4694469519536127e-16,,0.01,,6934.76,1786.4033333333334,1697.7099999999627,0.01,,,S1,Deep longshot,True,unsched_sports
neemias_queta_extension,KXNBA-27-WAS,unscheduled_sports,sports_future,1,14,False,1.734723475976807e-18,0.0,1.7347234759768073e-16,,0.01,,19947.18,17461.17,0.0,0.01,,,S1,Deep longshot,True,unsched_sports
neemias_queta_extension,KXNBA-27-WAS,unscheduled_sports,sports_future,3,14,False,1.734723475976807e-18,0.0,1.7347234759768073e-16,,0.01,,85064.98,17461.17,65076.869999999995,0.01,,,S1,Deep longshot,True,unsched_sports
neemias_queta_extension,KXNBA-27-WAS,unscheduled_sports,sports_future,5,14,False,1.734723475976807e-18,0.0,1.7347234759768073e-16,,0.01,,91462.31,17461.17,71474.19999999995,0.01,,,S1,Deep longshot,True,unsched_sports
neemias_queta_extension,KXNBA-27-UTA,unscheduled_sports,sports_future,1,14,False,1.734723475976807e-18,0.0,1.7347234759768073e-16,,0.01,,3373.16,11716.16142857143,0.0,0.01,,,S1,Deep longshot,True,unsched_sports
neemias_queta_extension,KXNBA-27-UTA,unscheduled_sports,sports_future,3,14,False,1.734723475976807e-18,0.0,1.7347234759768073e-16,,0.01,,15474.550000000001,11716.16142857143,12101.390000000014,0.01,,,S1,Deep longshot,True,unsched_sports
neemias_queta_extension,KXNBA-27-UTA,unscheduled_sports,sports_future,5,14,False,1.734723475976807e-18,0.0,1.7347234759768073e-16,,0.01,,30870.92,11716.16142857143,27497.76000000001,0.01,,,S1,Deep longshot,True,unsched_sports
neemias_queta_extension,KXNBA-27-TOR,unscheduled_sports,sports_future,1,11,False,0.03363636363636364,1.4108592679441734,2.9600000000000004,14.116666666666667,0.010000000000000002,,41377.87,6883.276428571428,0.0,0.045,,,S1,Deep longshot,True,unsched_sports
neemias_queta_extension,KXNBA-27-TOR,unscheduled_sports,sports_future,3,11,False,0.03363636363636364,1.4108592679441734,2.9600000000000004,14.116666666666667,0.010000000000000002,,44833.39000000001,6883.276428571428,0.0,0.045,,,S1,Deep longshot,True,unsched_sports
neemias_queta_extension,KXNBA-27-TOR,unscheduled_sports,sports_future,5,11,False,0.023636363636363643,1.1491280788050116,2.080000000000001,14.116666666666667,0.010000000000000002,,57093.44,6883.276428571428,4137.98000000004,0.045,,,S1,Deep longshot,True,unsched_sports
neemias_queta_extension,KXNBA-27-SAS,unscheduled_sports,sports_future,1,14,False,-0.03249999999999997,-0.18889725050905293,-0.1368421052631578,14.116666666666667,0.009999999999999981,,3645.33,6417.863571428571,0.0,0.20500000000000002,,,S3,Contender,True,unsched_sports
neemias_queta_extension,KXNBA-27-SAS,unscheduled_sports,sports_future,3,14,False,-0.03749999999999998,-0.21985947611301992,-0.15789473684210517,14.116666666666667,0.013333333333333317,,8884.76,6417.863571428571,3819.4600000000064,0.20500000000000002,,,S3,Contender,True,unsched_sports
neemias_queta_extension,KXNBA-27-SAS,unscheduled_sports,sports_future,5,14,False,-0.04249999999999998,-0.25140783384794574,-0.17894736842105258,14.116666666666667,0.011999999999999993,,17896.38,6417.863571428571,11718.160000000003,0.20500000000000002,,,S3,Contender,True,unsched_sports
neemias_queta_extension,KXNBA-27-SAC,unscheduled_sports,sports_future,1,13,False,1.734723475976807e-18,0.0,1.7347234759768073e-16,,0.01,,187.03,1503.7007692307693,0.0,0.01,,,S1,Deep longshot,True,unsched_sports
neemias_queta_extension,KXNBA-27-SAC,unscheduled_sports,sports_future,3,13,False,1.734723475976807e-18,0.0,1.7347234759768073e-16,,0.01,,376.06,1503.7007692307693,189.02999999999884,0.01,,,S1,Deep longshot,True,unsched_sports
neemias_queta_extension,KXNBA-27-SAC,unscheduled_sports,sports_future,5,13,False,1.734723475976807e-18,0.0,1.7347234759768073e-16,,0.01,,4864.97,1503.7007692307693,4677.940000000002,0.01,,,S1,Deep longshot,True,unsched_sports
neemias_queta_extension,KXNBA-27-POR,unscheduled_sports,sports_future,1,14,False,0.003571428571428569,0.2755529738679545,0.3124999999999998,14.116666666666667,0.01,,4724.96,5623.613571428572,0.0,0.015,,,S1,Deep longshot,True,unsched_sports
neemias_queta_extension,KXNBA-27-POR,unscheduled_sports,sports_future,3,14,False,0.003571428571428569,0.2755529738679545,0.3124999999999998,14.116666666666667,0.01,,10258.2,5623.613571428572,4781.100000000035,0.015,,,S1,Deep longshot,True,unsched_sports
neemias_queta_extension,KXNBA-27-POR,unscheduled_sports,sports_future,5,14,False,0.003571428571428569,0.2755529738679545,0.3124999999999998,14.116666666666667,0.01,,27942.99,5623.613571428572,-6451.469999999972,0.015,,,S1,Deep longshot,True,unsched_sports
neemias_queta_extension,KXNBA-27-PHX,unscheduled_sports,sports_future,1,13,False,1.734723475976807e-18,0.0,1.7347234759768073e-16,,0.01,,2805.54,1212.8528571428574,0.0,0.01,,,S1,Deep longshot,True,unsched_sports
neemias_queta_extension,KXNBA-27-PHX,unscheduled_sports,sports_future,3,13,False,1.734723475976807e-18,0.0,1.7347234759768073e-16,,0.01,,3077.66,1212.8528571428574,272.119999999999,0.01,,,S1,Deep longshot,True,unsched_sports
neemias_queta_extension,KXNBA-27-PHX,unscheduled_sports,sports_future,5,13,False,,,,,0.01,,3171.17,1212.8528571428574,365.630000000001,0.01,,,S1,Deep longshot,True,unsched_sports
neemias_queta_extension,KXNBA-27-PHI,unscheduled_sports,sports_future,1,14,False,0.06392857142857142,1.6721631964474906,3.9777777777777756,14.116666666666667,0.01999999999999999,,83224.53,1070.81,0.0,0.07500000000000001,,,S2,Longshot,True,unsched_sports
neemias_queta_extension,KXNBA-27-PHI,unscheduled_sports,sports_future,3,14,False,0.06892857142857142,1.73823742303149,4.288888888888887,14.116666666666667,0.013333333333333327,,125386.64000000001,1070.81,11633.050000000047,0.07500000000000001,,,S2,Longshot,True,unsched_sports
neemias_queta_extension,KXNBA-27-PHI,unscheduled_sports,sports_future,5,14,False,0.05392857142857143,1.5278208877187525,3.3555555555555547,14.116666666666667,0.013999999999999999,,154830.29,1070.81,7298.189999999944,0.07500000000000001,,,S2,Longshot,True,unsched_sports
neemias_queta_extension,KXNBA-27-ORL,unscheduled_sports,sports_future,1,14,False,-5.204170427930421e-18,0.0,-3.469446951953613e-16,,0.01,,1824.03,3041.440714285715,0.0,0.015,,,S1,Deep longshot,True,unsched_sports
neemias_queta_extension,KXNBA-27-ORL,unscheduled_sports,sports_future,3,14,False,-5.204170427930421e-18,0.0,-3.469446951953613e-16,,0.01,,3218.5299999999997,3041.440714285715,-1.0,0.015,,,S1,Deep longshot,True,unsched_sports
neemias_queta_extension,KXNBA-27-ORL,unscheduled_sports,sports_future,5,14,False,-5.204170427930421e-18,0.0,-3.469446951953613e-16,,0.01,,3295.58,3041.440714285715,29.260000000002037,0.015,,,S1,Deep longshot,True,unsched_sports
neemias_queta_extension,KXNBA-27-OKC,unscheduled_sports,sports_future,1,14,False,-0.011785714285714288,-0.06271707003171012,-0.045897079276773306,14.116666666666667,0.010000000000000009,,2423.52,3642.5999999999995,0.0,0.245,,,S3,Contender,True,unsched_sports
neemias_queta_extension,KXNBA-27-OKC,unscheduled_sports,sports_future,3,14,False,-0.011785714285714288,-0.06271707003171012,-0.045897079276773306,14.116666666666667,0.010000000000000009,,6158.11,3642.5999999999995,2512.449999999997,0.245,,,S3,Contender,True,unsched_sports
neemias_queta_extension,KXNBA-27-OKC,unscheduled_sports,sports_future,5,14,False,-0.03178571428571428,-0.174020158476339,-0.1237830319888734,86.11666666666666,0.010000000000000004,,108540.79,3642.5999999999995,102591.74999999999,0.245,,,S3,Contender,True,unsched_sports
neemias_queta_extension,KXNBA-27-NYK,unscheduled_sports,sports_future,1,14,False,-0.035,-0.3530992909063384,-0.2692307692307693,14.116666666666667,0.010000000000000009,,6261.14,15915.598571428573,0.0,0.095,,,S2,Longshot,True,unsched_sports
neemias_queta_extension,KXNBA-27-NYK,unscheduled_sports,sports_future,3,14,False,-0.04500000000000001,-0.4753140475921578,-0.34615384615384626,14.116666666666667,0.01,,18867.62,15915.598571428573,9416.059999999998,0.095,,,S2,Longshot,True,unsched_sports
neemias_queta_extension,KXNBA-27-NYK,unscheduled_sports,sports_future,5,14,False,-0.05499999999999999,-0.6113468627830678,-0.423076923076923,14.116666666666667,0.009999999999999998,,34471.68,15915.598571428573,22626.839999999997,0.095,,,S2,Longshot,True,unsched_sports
neemias_queta_extension,KXNBA-27-NOP,unscheduled_sports,sports_future,1,8,False,,,,,0.01,,0.0,340.34230769230777,0.0,0.01,,,S1,Deep longshot,True,unsched_sports
neemias_queta_extension,KXNBA-27-NOP,unscheduled_sports,sports_future,3,8,False,,,,,0.01,,0.0,340.34230769230777,0.0,0.01,,,S1,Deep longshot,True,unsched_sports
neemias_queta_extension,KXNBA-27-NOP,unscheduled_sports,sports_future,5,8,False,,,,,0.01,,0.0,340.34230769230777,0.0,0.01,,,S1,Deep longshot,True,unsched_sports
neemias_queta_extension,KXNBA-27-MIN,unscheduled_sports,sports_future,1,14,False,0.0032142857142856973,0.07746806491745728,0.07692307692307648,14.116666666666667,0.010000000000000002,,30134.15,26348.856428571427,0.0,0.045,,,S1,Deep longshot,True,unsched_sports
neemias_queta_extension,KXNBA-27-MIN,unscheduled_sports,sports_future,3,14,False,0.0132142857142857,0.2886651733665957,0.3162393162393158,62.11666666666667,0.01,,82185.55,26348.856428571427,28866.169999999984,0.045,,,S1,Deep longshot,True,unsched_sports
neemias_queta_extension,KXNBA-27-MIN,unscheduled_sports,sports_future,5,14,False,0.0032142857142856973,0.07746806491745728,0.07692307692307648,14.116666666666667,0.01,,105564.96,26348.856428571427,23606.21000000002,0.045,,,S1,Deep longshot,True,unsched_sports
neemias_queta_extension,KXNBA-27-MIL,unscheduled_sports,sports_future,1,12,False,1.734723475976807e-18,0.0,1.7347234759768073e-16,,0.01,,93.51,1385.387142857143,0.0,,,,S?,No quote,True,unsched_sports
neemias_queta_extension,KXNBA-27-MIL,unscheduled_sports,sports_future,3,12,False,,,,,0.01,,93.51,1385.387142857143,0.0,,,,S?,No quote,True,unsched_sports
neemias_queta_extension,KXNBA-27-MIL,unscheduled_sports,sports_future,5,12,False,,,,,0.01,,2150.9300000000003,1385.387142857143,2057.4199999999983,,,,S?,No quote,True,unsched_sports
neemias_queta_extension,KXNBA-27-MIA,unscheduled_sports,sports_future,1,14,False,0.009999999999999995,0.21119710844913842,0.2222222222222221,14.116666666666667,0.009999999999999995,,11721.9,46105.79214285714,0.0,0.055,,,S2,Longshot,True,unsched_sports
neemias_queta_extension,KXNBA-27-MIA,unscheduled_sports,sports_future,3,14,False,0.009999999999999995,0.21119710844913842,0.2222222222222221,14.116666666666667,0.009999999999999995,,22184.97,46105.79214285714,4477.70000000007,0.055,,,S2,Longshot,True,unsched_sports
neemias_queta_extension,KXNBA-27-MIA,unscheduled_sports,sports_future,5,14,False,0.009999999999999995,0.21119710844913842,0.2222222222222221,14.116666666666667,0.009999999999999997,,40757.0,46105.79214285714,16006.369999999995,0.055,,,S2,Longshot,True,unsched_sports
neemias_queta_extension,KXNBA-27-MEM,unscheduled_sports,sports_future,1,8,False,,,,,0.01,,0.0,910.7014285714286,0.0,,,,S?,No quote,True,unsched_sports
neemias_queta_extension,KXNBA-27-MEM,unscheduled_sports,sports_future,3,8,False,0.0,0.0,0.0,,0.01,,467.59,910.7014285714286,467.59000000000015,,,,S?,No quote,True,unsched_sports
neemias_queta_extension,KXNBA-27-MEM,unscheduled_sports,sports_future,5,8,False,,,,,0.01,,935.18,910.7014285714286,935.1800000000003,,,,S?,No quote,True,unsched_sports
neemias_queta_extension,KXNBA-27-LAL,unscheduled_sports,sports_future,1,14,False,-0.0010714285714285773,-0.03126394367282703,-0.029702970297029858,14.116666666666667,0.010000000000000002,,19737.46,19885.46,0.0,0.035,,,S1,Deep longshot,True,unsched_sports
neemias_queta_extension,KXNBA-27-LAL,unscheduled_sports,sports_future,3,14,False,-0.0010714285714285773,-0.03126394367282703,-0.029702970297029858,14.116666666666667,0.010000000000000002,,45338.619999999995,19885.46,24461.449999999953,0.035,,,S1,Deep longshot,True,unsched_sports
neemias_queta_extension,KXNBA-27-LAL,unscheduled_sports,sports_future,5,14,False,-0.0010714285714285773,-0.03126394367282703,-0.029702970297029858,14.116666666666667,0.010000000000000002,,63257.509999999995,19885.46,36981.83999999997,0.035,,,S1,Deep longshot,True,unsched_sports
neemias_queta_extension,KXNBA-27-LAC,unscheduled_sports,sports_future,1,14,False,1.734723475976807e-18,0.0,1.7347234759768073e-16,,0.01,,187.02,4946.844285714285,0.0,,,,S?,No quote,True,unsched_sports
neemias_queta_extension,KXNBA-27-LAC,unscheduled_sports,sports_future,3,14,False,1.734723475976807e-18,0.0,1.7347234759768073e-16,,0.01,,654.61,4946.844285714285,467.5899999999965,,,,S?,No quote,True,unsched_sports
neemias_queta_extension,KXNBA-27-LAC,unscheduled_sports,sports_future,5,14,False,,,,,0.01,,1032.41,4946.844285714285,845.3899999999994,,,,S?,No quote,True,unsched_sports
neemias_queta_extension,KXNBA-27-IND,unscheduled_sports,sports_future,1,14,False,-0.007500000000000014,-0.27008631056140153,-0.2307692307692311,14.116666666666667,0.009999999999999998,,4580.71,3214.0992857142855,0.0,0.025,,,S1,Deep longshot,True,unsched_sports
neemias_queta_extension,KXNBA-27-IND,unscheduled_sports,sports_future,3,14,False,-0.007500000000000014,-0.27008631056140153,-0.2307692307692311,14.116666666666667,0.009999999999999998,,83705.73000000001,3214.0992857142855,79125.01999999999,0.025,,,S1,Deep longshot,True,unsched_sports
neemias_queta_extension,KXNBA-27-IND,unscheduled_sports,sports_future,5,14,False,-0.007500000000000014,-0.27008631056140153,-0.2307692307692311,14.116666666666667,0.009999999999999998,,163053.2,3214.0992857142855,80433.35999999999,0.025,,,S1,Deep longshot,True,unsched_sports
neemias_queta_extension,KXNBA-27-HOU,unscheduled_sports,sports_future,1,14,False,-0.0010714285714285773,-0.04306370443244889,-0.04109589041095912,14.116666666666667,0.009999999999999998,,1233.53,1511.64,0.0,0.025,,,S1,Deep longshot,True,unsched_sports
neemias_queta_extension,KXNBA-27-HOU,unscheduled_sports,sports_future,3,14,False,-0.0010714285714285773,-0.04306370443244889,-0.04109589041095912,14.116666666666667,0.009999999999999998,,1358.52,1511.64,124.98999999999796,0.025,,,S1,Deep longshot,True,unsched_sports
neemias_queta_extension,KXNBA-27-HOU,unscheduled_sports,sports_future,5,14,False,-0.0010714285714285773,-0.04306370443244889,-0.04109589041095912,14.116666666666667,0.009999999999999998,,2384.7799999999997,1511.64,982.3899999999994,0.025,,,S1,Deep longshot,True,unsched_sports
neemias_queta_extension,KXNBA-27-GSW,unscheduled_sports,sports_future,1,14,False,0.022499999999999996,0.716434131938736,0.9999999999999997,14.116666666666667,0.010000000000000002,,61185.04,13767.008571428569,0.0,0.045,,,S1,Deep longshot,True,unsched_sports
neemias_queta_extension,KXNBA-27-GSW,unscheduled_sports,sports_future,3,14,False,0.0125,0.45470294279957413,0.5555555555555555,14.116666666666667,0.010000000000000002,,109752.68000000001,13767.008571428569,24237.150000000023,0.045,,,S1,Deep longshot,True,unsched_sports
neemias_queta_extension,KXNBA-27-GSW,unscheduled_sports,sports_future,5,14,False,0.007499999999999996,0.295384292813873,0.33333333333333315,14.116666666666667,0.012000000000000002,,135272.99,13767.008571428569,24583.109999999986,0.045,,,S1,Deep longshot,True,unsched_sports
neemias_queta_extension,KXNBA-27-DET,unscheduled_sports,sports_future,1,14,False,0.0028571428571428498,0.08811420369390932,0.08888888888888863,14.116666666666667,0.010000000000000002,,1490.99,6294.642857142857,0.0,0.035,,,S1,Deep longshot,True,unsched_sports
neemias_queta_extension,KXNBA-27-DET,unscheduled_sports,sports_future,3,14,False,0.0028571428571428498,0.08811420369390932,0.08888888888888863,14.116666666666667,0.010000000000000002,,6711.98,6294.642857142857,5220.989999999991,0.035,,,S1,Deep longshot,True,unsched_sports
neemias_queta_extension,KXNBA-27-DET,unscheduled_sports,sports_future,5,14,False,0.0028571428571428498,0.08811420369390932,0.08888888888888863,14.116666666666667,0.010000000000000002,,8497.29,6294.642857142857,6132.139999999999,0.035,,,S1,Deep longshot,True,unsched_sports
neemias_queta_extension,KXNBA-27-DEN,unscheduled_sports,sports_future,1,14,False,0.0017857142857142794,0.042359473237457035,0.041322314049586625,14.116666666666667,0.010000000000000002,,2614.0,9750.867142857143,0.0,0.045,,,S1,Deep longshot,True,unsched_sports
neemias_queta_extension,KXNBA-27-DEN,unscheduled_sports,sports_future,3,14,False,-0.003214285714285718,-0.08064550640007795,-0.07438016528925628,62.11666666666667,0.013333333333333336,,3030.41,9750.867142857143,255.4199999999837,0.045,,,S1,Deep longshot,True,unsched_sports
neemias_queta_extension,KXNBA-27-DEN,unscheduled_sports,sports_future,5,14,False,-0.008214285714285716,-0.2193717159017048,-0.19008264462809918,86.11666666666666,0.012000000000000002,,4351.75,9750.867142857143,909.1900000000023,0.045,,,S1,Deep longshot,True,unsched_sports
neemias_queta_extension,KXNBA-27-DAL,unscheduled_sports,sports_future,1,14,False,-0.005714285714285719,-0.45777385191930176,-0.3636363636363638,14.116666666666667,0.01,,4508.0,6702.650000000001,0.0,0.01,,,S1,Deep longshot,True,unsched_sports
neemias_queta_extension,KXNBA-27-DAL,unscheduled_sports,sports_future,3,14,False,-0.005714285714285719,-0.45777385191930176,-0.3636363636363638,14.116666666666667,0.01,,24814.6,6702.650000000001,20306.600000000006,0.01,,,S1,Deep longshot,True,unsched_sports
neemias_queta_extension,KXNBA-27-DAL,unscheduled_sports,sports_future,5,14,False,-0.005714285714285719,-0.45777385191930176,-0.3636363636363638,14.116666666666667,0.01,,30425.73,6702.650000000001,25917.73000000001,0.01,,,S1,Deep longshot,True,unsched_sports
neemias_queta_extension,KXNBA-27-CLE,unscheduled_sports,sports_future,1,14,False,0.024285714285714282,0.6902189207808571,0.9444444444444441,14.116666666666667,0.019999999999999997,,7119.85,1811.1735714285714,0.0,0.055,,,S2,Longshot,True,unsched_sports
neemias_queta_extension,KXNBA-27-CLE,unscheduled_sports,sports_future,3,14,False,0.04428571428571429,1.047968555849355,1.7222222222222219,14.116666666666667,0.016666666666666666,,40120.229999999996,1811.1735714285714,20127.530000000028,0.055,,,S2,Longshot,True,unsched_sports
neemias_queta_extension,KXNBA-27-CLE,unscheduled_sports,sports_future,5,14,False,0.01428571428571428,0.45660406959935207,0.5555555555555552,14.116666666666667,0.016000000000000004,,133932.88999999998,1811.1735714285714,71382.22000000003,0.055,,,S2,Longshot,True,unsched_sports
neemias_queta_extension,KXNBA-27-CHI,unscheduled_sports,sports_future,1,10,False,1.734723475976807e-18,0.0,1.7347234759768073e-16,,0.01,,100.0,599.5864285714285,0.0,0.01,,,S1,Deep longshot,True,unsched_sports
neemias_queta_extension,KXNBA-27-CHI,unscheduled_sports,sports_future,3,10,False,1.734723475976807e-18,0.0,1.7347234759768073e-16,,0.01,,674.06,599.5864285714285,574.0599999999995,0.01,,,S1,Deep longshot,True,unsched_sports
neemias_queta_extension,KXNBA-27-CHI,unscheduled_sports,sports_future,5,10,False,,,,,0.01,,674.06,599.5864285714285,574.0599999999995,0.01,,,S1,Deep longshot,True,unsched_sports
neemias_queta_extension,KXNBA-27-CHA,unscheduled_sports,sports_future,1,14,False,-0.005357142857142859,-0.43442155480435574,-0.34883720930232565,14.116666666666667,0.01,,872.96,6996.339285714287,0.0,0.01,,,S1,Deep longshot,True,unsched_sports
neemias_queta_extension,KXNBA-27-CHA,unscheduled_sports,sports_future,3,14,False,-0.005357142857142859,-0.43442155480435574,-0.34883720930232565,14.116666666666667,0.01,,50538.079999999994,6996.339285714287,49665.119999999995,0.01,,,S1,Deep longshot,True,unsched_sports
neemias_queta_extension,KXNBA-27-CHA,unscheduled_sports,sports_future,5,14,False,,,,,0.01,,50561.45,6996.339285714287,49688.48999999999,0.01,,,S1,Deep longshot,True,unsched_sports
neemias_queta_extension,KXNBA-27-BOS,unscheduled_sports,sports_future,1,14,False,-0.05035714285714285,-0.5696567904898129,-0.4017094017094016,14.116666666666667,0.009999999999999995,,1999.22,16601.95285714286,0.0,0.08,,,S2,Longshot,True,unsched_sports
neemias_queta_extension,KXNBA-27-BOS,unscheduled_sports,sports_future,3,14,False,-0.05035714285714285,-0.5696567904898129,-0.4017094017094016,14.116666666666667,0.009999999999999995,,5338.6900000000005,16601.95285714286,2489.100000000006,0.08,,,S2,Longshot,True,unsched_sports
neemias_queta_extension,KXNBA-27-BOS,unscheduled_sports,sports_future,5,14,False,-0.06035714285714286,-0.7235104259067482,-0.48148148148148145,14.116666666666667,0.01,,12297.77,16601.95285714286,7549.9100000000035,0.08,,,S2,Longshot,True,unsched_sports
neemias_queta_extension,KXNBA-27-BKN,unscheduled_sports,sports_future,1,9,False,0.0,0.0,0.0,,0.01,,293.51,278.7092857142858,0.0,0.01,,,S1,Deep longshot,True,unsched_sports
neemias_queta_extension,KXNBA-27-BKN,unscheduled_sports,sports_future,3,9,False,0.0,0.0,0.0,,0.01,,393.51,278.7092857142858,100.0,0.01,,,S1,Deep longshot,True,unsched_sports
neemias_queta_extension,KXNBA-27-BKN,unscheduled_sports,sports_future,5,9,False,,,,,0.01,,393.51,278.7092857142858,100.0,0.01,,,S1,Deep longshot,True,unsched_sports
neemias_queta_extension,KXNBA-27-ATL,unscheduled_sports,sports_future,1,14,False,0.000357142857142851,0.024460067443099476,0.024390243902438595,14.116666666666667,0.01,,3345.1,4336.172142857143,0.0,0.015,,,S1,Deep longshot,True,unsched_sports
neemias_queta_extension,KXNBA-27-ATL,unscheduled_sports,sports_future,3,14,False,0.000357142857142851,0.024460067443099476,0.024390243902438595,14.116666666666667,0.01,,4333.95,4336.172142857143,801.8499999999985,0.015,,,S1,Deep longshot,True,unsched_sports
neemias_queta_extension,KXNBA-27-ATL,unscheduled_sports,sports_future,5,14,False,0.000357142857142851,0.024460067443099476,0.024390243902438595,14.116666666666667,0.01,,7808.99,4336.172142857143,1440.0099999999948,0.015,,,S1,Deep longshot,True,unsched_sports
donovan_mitchell_extension,KXNBA-27-WAS,unscheduled_sports,sports_future,1,18,False,-1.734723475976807e-18,0.0,-1.7347234759768068e-16,,0.01,,6019.53,17234.469444444447,0.0,0.01,,,S1,Deep longshot,True,unsched_sports
donovan_mitchell_extension,KXNBA-27-WAS,unscheduled_sports,sports_future,3,18,False,-1.734723475976807e-18,0.0,-1.7347234759768068e-16,,0.01,,46538.33,17234.469444444447,40331.80000000005,0.01,,,S1,Deep longshot,True,unsched_sports
donovan_mitchell_extension,KXNBA-27-WAS,unscheduled_sports,sports_future,5,18,False,-1.734723475976807e-18,0.0,-1.7347234759768068e-16,,0.01,,57413.31,17234.469444444447,51206.78000000003,0.01,,,S1,Deep longshot,True,unsched_sports
donovan_mitchell_extension,KXNBA-27-UTA,unscheduled_sports,sports_future,1,18,False,-1.734723475976807e-18,0.0,-1.7347234759768068e-16,,0.01,,11375.06,10503.746111111112,0.0,0.01,,,S1,Deep longshot,True,unsched_sports
donovan_mitchell_extension,KXNBA-27-UTA,unscheduled_sports,sports_future,3,18,False,-1.734723475976807e-18,0.0,-1.7347234759768068e-16,,0.01,,26443.9,10503.746111111112,15068.839999999997,0.01,,,S1,Deep longshot,True,unsched_sports
donovan_mitchell_extension,KXNBA-27-UTA,unscheduled_sports,sports_future,5,18,False,-1.734723475976807e-18,0.0,-1.7347234759768068e-16,,0.01,,313228.94,10503.746111111112,301751.01,0.01,,,S1,Deep longshot,True,unsched_sports
donovan_mitchell_extension,KXNBA-27-TOR,unscheduled_sports,sports_future,1,15,False,0.017666666666666674,0.720858494878228,1.0192307692307698,17.983333333333334,0.010000000000000002,,8048.17,32910.03,0.0,0.035,,,S1,Deep longshot,True,unsched_sports
donovan_mitchell_extension,KXNBA-27-TOR,unscheduled_sports,sports_future,3,15,False,0.017666666666666674,0.720858494878228,1.0192307692307698,17.983333333333334,0.013333333333333336,,8598.93,32910.03,400.75,0.035,,,S1,Deep longshot,True,unsched_sports
donovan_mitchell_extension,KXNBA-27-TOR,unscheduled_sports,sports_future,5,15,False,0.017666666666666674,0.720858494878228,1.0192307692307698,17.983333333333334,0.012000000000000002,,10203.48,32910.03,1405.219999999972,0.035,,,S1,Deep longshot,True,unsched_sports
donovan_mitchell_extension,KXNBA-27-SAS,unscheduled_sports,sports_future,1,18,False,-0.03638888888888889,-0.21735738123473314,-0.15726290516206481,17.983333333333334,0.010000000000000009,,7247.44,7717.707777777778,0.0,0.195,,,S3,Contender,True,unsched_sports
donovan_mitchell_extension,KXNBA-27-SAS,unscheduled_sports,sports_future,3,18,False,-0.03638888888888889,-0.21735738123473314,-0.15726290516206481,17.983333333333334,0.010000000000000009,,10395.369999999999,7717.707777777778,867.7799999999988,0.195,,,S3,Contender,True,unsched_sports
donovan_mitchell_extension,KXNBA-27-SAS,unscheduled_sports,sports_future,5,18,False,-0.03638888888888889,-0.21735738123473314,-0.15726290516206481,17.983333333333334,0.010000000000000009,,16318.9,7717.707777777778,5700.4100000000035,0.195,,,S3,Contender,True,unsched_sports
donovan_mitchell_extension,KXNBA-27-SAC,unscheduled_sports,sports_future,1,17,False,0.0,0.0,0.0,,0.01,,4488.91,2344.1317647058827,0.0,,,,S?,No quote,True,unsched_sports
donovan_mitchell_extension,KXNBA-27-SAC,unscheduled_sports,sports_future,3,17,False,,,,,0.01,,4488.91,2344.1317647058827,0.0,,,,S?,No quote,True,unsched_sports
donovan_mitchell_extension,KXNBA-27-SAC,unscheduled_sports,sports_future,5,17,False,0.0,0.0,0.0,,0.01,,6359.290000000001,2344.1317647058827,1870.3799999999974,,,,S?,No quote,True,unsched_sports
donovan_mitchell_extension,KXNBA-27-POR,unscheduled_sports,sports_future,1,18,False,0.002777777777777775,0.2076105226456555,0.227272727272727,17.983333333333334,0.01,,661.99,24713.260555555556,0.0,0.015,,,S1,Deep longshot,True,unsched_sports
donovan_mitchell_extension,KXNBA-27-POR,unscheduled_sports,sports_future,3,18,False,0.002777777777777775,0.2076105226456555,0.227272727272727,17.983333333333334,0.01,,12967.86,24713.260555555556,11939.130000000005,0.015,,,S1,Deep longshot,True,unsched_sports
donovan_mitchell_extension,KXNBA-27-POR,unscheduled_sports,sports_future,5,18,False,0.002777777777777775,0.2076105226456555,0.227272727272727,17.983333333333334,0.01,,15043.04,24713.260555555556,13825.190000000002,0.015,,,S1,Deep longshot,True,unsched_sports
donovan_mitchell_extension,KXNBA-27-PHX,unscheduled_sports,sports_future,1,16,False,,,,,0.01,,0.0,1068.5329411764706,0.0,0.01,,,S1,Deep longshot,True,unsched_sports
donovan_mitchell_extension,KXNBA-27-PHX,unscheduled_sports,sports_future,3,16,False,,,,,0.01,,2711.45,1068.5329411764706,2711.4500000000007,0.01,,,S1,Deep longshot,True,unsched_sports
donovan_mitchell_extension,KXNBA-27-PHX,unscheduled_sports,sports_future,5,16,False,0.0,0.0,0.0,,0.01,,4675.34,1068.5329411764706,4675.34,0.01,,,S1,Deep longshot,True,unsched_sports
donovan_mitchell_extension,KXNBA-27-PHI,unscheduled_sports,sports_future,1,18,False,0.051944444444444446,1.4093919643370936,2.876923076923077,17.983333333333334,0.020000000000000004,,14685.38,43271.26944444444,0.0,0.065,,,S2,Longshot,True,unsched_sports
donovan_mitchell_extension,KXNBA-27-PHI,unscheduled_sports,sports_future,3,18,False,0.05694444444444445,1.4837756844589212,3.1538461538461537,17.983333333333334,0.01333333333333333,,34182.64,43271.26944444444,14262.95000000007,0.065,,,S2,Longshot,True,unsched_sports
donovan_mitchell_extension,KXNBA-27-PHI,unscheduled_sports,sports_future,5,18,False,0.051944444444444446,1.4093919643370936,2.876923076923077,17.983333333333334,0.013999999999999999,,64940.49999999999,43271.26944444444,32237.910000000033,0.065,,,S2,Longshot,True,unsched_sports
donovan_mitchell_extension,KXNBA-27-ORL,unscheduled_sports,sports_future,1,18,False,-1.734723475976807e-18,0.0,-1.1564823173178712e-16,,0.01,,0.0,2856.003333333333,0.0,0.015,,,S1,Deep longshot,True,unsched_sports
donovan_mitchell_extension,KXNBA-27-ORL,unscheduled_sports,sports_future,3,18,False,-1.734723475976807e-18,0.0,-1.1564823173178712e-16,,0.01,,280.74,2856.003333333333,280.73999999999796,0.015,,,S1,Deep longshot,True,unsched_sports
donovan_mitchell_extension,KXNBA-27-ORL,unscheduled_sports,sports_future,5,18,False,-1.734723475976807e-18,0.0,-1.1564823173178712e-16,,0.01,,1918.39,2856.003333333333,1404.8099999999977,0.015,,,S1,Deep longshot,True,unsched_sports
donovan_mitchell_extension,KXNBA-27-OKC,unscheduled_sports,sports_future,1,18,False,-0.029166666666666646,-0.1602506854814829,-0.11475409836065567,17.983333333333334,0.010000000000000009,,4665.54,3710.804444444444,0.0,0.235,,,S3,Contender,True,unsched_sports
donovan_mitchell_extension,KXNBA-27-OKC,unscheduled_sports,sports_future,3,18,False,-0.039166666666666655,-0.21853374798730196,-0.15409836065573768,17.983333333333334,0.010000000000000009,,10750.06,3710.804444444444,4468.49000000002,0.235,,,S3,Contender,True,unsched_sports
donovan_mitchell_extension,KXNBA-27-OKC,unscheduled_sports,sports_future,5,18,False,-0.039166666666666655,-0.21853374798730196,-0.15409836065573768,17.983333333333334,0.010000000000000009,,15529.31,3710.804444444444,7693.040000000008,0.235,,,S3,Contender,True,unsched_sports
donovan_mitchell_extension,KXNBA-27-NYK,unscheduled_sports,sports_future,1,18,False,-0.04999999999999999,-0.5663954749208013,-0.3999999999999999,17.983333333333334,0.009999999999999995,,4749.51,14611.551666666666,0.0,0.07500000000000001,,,S2,Longshot,True,unsched_sports
donovan_mitchell_extension,KXNBA-27-NYK,unscheduled_sports,sports_future,3,18,False,-0.04999999999999999,-0.5663954749208013,-0.3999999999999999,17.983333333333334,0.009999999999999995,,61262.630000000005,14611.551666666666,56317.21000000002,0.07500000000000001,,,S2,Longshot,True,unsched_sports
donovan_mitchell_extension,KXNBA-27-NYK,unscheduled_sports,sports_future,5,18,False,-0.05499999999999999,-0.6407791950426289,-0.43999999999999995,17.983333333333334,0.011999999999999997,,76420.02,14611.551666666666,63989.67999999999,0.07500000000000001,,,S2,Longshot,True,unsched_sports
donovan_mitchell_extension,KXNBA-27-NOP,unscheduled_sports,sports_future,1,8,False,,,,,0.01,,0.0,294.96333333333337,0.0,,,,S?,No quote,True,unsched_sports
donovan_mitchell_extension,KXNBA-27-NOP,unscheduled_sports,sports_future,3,8,False,,,,,0.01,,0.0,294.96333333333337,0.0,,,,S?,No quote,True,unsched_sports
donovan_mitchell_extension,KXNBA-27-NOP,unscheduled_sports,sports_future,5,8,False,,,,,0.01,,0.0,294.96333333333337,0.0,,,,S?,No quote,True,unsched_sports
donovan_mitchell_extension,KXNBA-27-MIN,unscheduled_sports,sports_future,1,18,False,-0.0002777777777777865,-0.006444774667338837,-0.006134969325153566,17.983333333333334,0.010000000000000002,,15444.53,26510.902777777777,0.0,0.045,,,S1,Deep longshot,True,unsched_sports
donovan_mitchell_extension,KXNBA-27-MIN,unscheduled_sports,sports_future,3,18,False,-0.020277777777777783,-0.6149575700865748,-0.4478527607361964,65.98333333333333,0.009999999999999998,,54518.840000000004,26510.902777777777,-5740.170000000042,0.045,,,S1,Deep longshot,True,unsched_sports
donovan_mitchell_extension,KXNBA-27-MIN,unscheduled_sports,sports_future,5,18,False,-0.0002777777777777865,-0.006444774667338837,-0.006134969325153566,17.983333333333334,0.009999999999999998,,91006.81,26510.902777777777,17095.599999999977,0.045,,,S1,Deep longshot,True,unsched_sports
donovan_mitchell_extension,KXNBA-27-MIL,unscheduled_sports,sports_future,1,14,False,,,,,0.01,,0.0,1161.2917647058823,0.0,0.01,,,S1,Deep longshot,True,unsched_sports
donovan_mitchell_extension,KXNBA-27-MIL,unscheduled_sports,sports_future,3,14,False,1.734723475976807e-18,0.0,1.7347234759768073e-16,,0.01,,170.2,1161.2917647058823,170.20000000000073,0.01,,,S1,Deep longshot,True,unsched_sports
donovan_mitchell_extension,KXNBA-27-MIL,unscheduled_sports,sports_future,5,14,False,,,,,0.01,,170.2,1161.2917647058823,170.20000000000073,0.01,,,S1,Deep longshot,True,unsched_sports
donovan_mitchell_extension,KXNBA-27-MIA,unscheduled_sports,sports_future,1,18,False,0.0063888888888888815,0.13021903451153927,0.13142857142857126,17.983333333333334,0.009999999999999995,,4041.75,41436.45055555555,0.0,0.045,,,S1,Deep longshot,True,unsched_sports
donovan_mitchell_extension,KXNBA-27-MIA,unscheduled_sports,sports_future,3,18,False,-0.0036111111111111205,-0.08097807393759915,-0.07428571428571447,65.98333333333333,0.010000000000000002,,17893.86,41436.45055555555,11031.69000000006,0.045,,,S1,Deep longshot,True,unsched_sports
donovan_mitchell_extension,KXNBA-27-MIA,unscheduled_sports,sports_future,5,18,False,0.011388888888888886,0.2225354637308623,0.23428571428571418,17.983333333333334,0.012,,43107.2,41436.45055555555,33208.30000000005,0.045,,,S1,Deep longshot,True,unsched_sports
donovan_mitchell_extension,KXNBA-27-MEM,unscheduled_sports,sports_future,1,9,False,,,,,0.01,,0.0,826.088125,0.0,0.01,,,S1,Deep longshot,True,unsched_sports
donovan_mitchell_extension,KXNBA-27-MEM,unscheduled_sports,sports_future,3,9,False,,,,,0.01,,0.0,826.088125,0.0,0.01,,,S1,Deep longshot,True,unsched_sports
donovan_mitchell_extension,KXNBA-27-MEM,unscheduled_sports,sports_future,5,9,False,,,,,0.01,,0.0,826.088125,0.0,0.01,,,S1,Deep longshot,True,unsched_sports
donovan_mitchell_extension,KXNBA-27-LAL,unscheduled_sports,sports_future,1,18,False,-0.001388888888888891,-0.04035571608097399,-0.03816793893129776,17.983333333333334,0.010000000000000002,,13455.3,28796.81777777778,0.0,0.035,,,S1,Deep longshot,True,unsched_sports
donovan_mitchell_extension,KXNBA-27-LAL,unscheduled_sports,sports_future,3,18,False,-0.001388888888888891,-0.04035571608097399,-0.03816793893129776,17.983333333333334,0.010000000000000002,,35587.83,28796.81777777778,13206.140000000014,0.035,,,S1,Deep longshot,True,unsched_sports
donovan_mitchell_extension,KXNBA-27-LAL,unscheduled_sports,sports_future,5,18,False,-0.001388888888888891,-0.04035571608097399,-0.03816793893129776,17.983333333333334,0.010000000000000002,,39089.32,28796.81777777778,15020.98999999999,0.035,,,S1,Deep longshot,True,unsched_sports
donovan_mitchell_extension,KXNBA-27-LAC,unscheduled_sports,sports_future,1,16,False,,,,,0.01,,0.0,3878.717777777778,0.0,0.01,,,S1,Deep longshot,True,unsched_sports
donovan_mitchell_extension,KXNBA-27-LAC,unscheduled_sports,sports_future,3,16,False,0.0,0.0,0.0,,0.01,,4301.87,3878.717777777778,4301.869999999995,0.01,,,S1,Deep longshot,True,unsched_sports
donovan_mitchell_extension,KXNBA-27-LAC,unscheduled_sports,sports_future,5,16,False,0.0,0.0,0.0,,0.01,,4816.21,3878.717777777778,4816.210000000006,0.01,,,S1,Deep longshot,True,unsched_sports
donovan_mitchell_extension,KXNBA-27-IND,unscheduled_sports,sports_future,1,18,False,-0.005833333333333336,-0.21572140625520664,-0.18918918918918926,17.983333333333334,0.009999999999999998,,78691.5,3329.5727777777774,0.0,0.025,,,S1,Deep longshot,True,unsched_sports
donovan_mitchell_extension,KXNBA-27-IND,unscheduled_sports,sports_future,3,18,False,-0.005833333333333336,-0.21572140625520664,-0.18918918918918926,17.983333333333334,0.009999999999999998,,83075.38,3329.5727777777774,4383.880000000005,0.025,,,S1,Deep longshot,True,unsched_sports
donovan_mitchell_extension,KXNBA-27-IND,unscheduled_sports,sports_future,5,18,False,-0.005833333333333336,-0.21572140625520664,-0.18918918918918926,17.983333333333334,0.009999999999999998,,84327.75000000001,3329.5727777777774,5636.25,0.025,,,S1,Deep longshot,True,unsched_sports
donovan_mitchell_extension,KXNBA-27-HOU,unscheduled_sports,sports_future,1,18,False,-0.0008333333333333352,-0.03364488914272412,-0.0322580645161291,17.983333333333334,0.009999999999999998,,480.99,1620.6994444444445,0.0,0.025,,,S1,Deep longshot,True,unsched_sports
donovan_mitchell_extension,KXNBA-27-HOU,unscheduled_sports,sports_future,3,18,False,-0.0008333333333333352,-0.03364488914272412,-0.0322580645161291,17.983333333333334,0.009999999999999998,,1171.26,1620.6994444444445,690.2700000000004,0.025,,,S1,Deep longshot,True,unsched_sports
donovan_mitchell_extension,KXNBA-27-HOU,unscheduled_sports,sports_future,5,18,False,-0.0008333333333333352,-0.03364488914272412,-0.0322580645161291,17.983333333333334,0.009999999999999998,,1455.74,1620.6994444444445,974.75,0.025,,,S1,Deep longshot,True,unsched_sports
donovan_mitchell_extension,KXNBA-27-GSW,unscheduled_sports,sports_future,1,18,False,0.003055555555555551,0.11056535485883057,0.11340206185566992,17.983333333333334,0.02,,11825.91,43467.76277777778,0.0,0.025,,,S1,Deep longshot,True,unsched_sports
donovan_mitchell_extension,KXNBA-27-GSW,unscheduled_sports,sports_future,3,18,False,0.008055555555555555,0.2698840048445317,0.2989690721649484,65.98333333333333,0.013333333333333334,,43910.61,43467.76277777778,21295.369999999995,0.025,,,S1,Deep longshot,True,unsched_sports
donovan_mitchell_extension,KXNBA-27-GSW,unscheduled_sports,sports_future,5,18,False,-0.0019444444444444466,-0.07689760143554247,-0.07216494845360831,41.983333333333334,0.012,,62255.24,43467.76277777778,28882.410000000033,0.025,,,S1,Deep longshot,True,unsched_sports
donovan_mitchell_extension,KXNBA-27-DET,unscheduled_sports,sports_future,1,18,False,0.002777777777777775,0.08556610701645662,0.08620689655172403,17.983333333333334,0.010000000000000002,,1319.13,6517.348888888889,0.0,0.035,,,S1,Deep longshot,True,unsched_sports
donovan_mitchell_extension,KXNBA-27-DET,unscheduled_sports,sports_future,3,18,False,0.002777777777777775,0.08556610701645662,0.08620689655172403,17.983333333333334,0.010000000000000002,,3113.8900000000003,6517.348888888889,1738.9599999999919,0.035,,,S1,Deep longshot,True,unsched_sports
donovan_mitchell_extension,KXNBA-27-DET,unscheduled_sports,sports_future,5,18,False,0.002777777777777775,0.08556610701645662,0.08620689655172403,17.983333333333334,0.010000000000000002,,3819.7900000000004,6517.348888888889,2444.8600000000006,0.035,,,S1,Deep longshot,True,unsched_sports
donovan_mitchell_extension,KXNBA-27-DEN,unscheduled_sports,sports_future,1,18,False,-0.0069444444444444475,-0.18822026372765555,-0.1655629139072848,17.983333333333334,0.010000000000000002,,320.51,19156.68,0.0,0.035,,,S1,Deep longshot,True,unsched_sports
donovan_mitchell_extension,KXNBA-27-DEN,unscheduled_sports,sports_future,3,18,False,-0.0069444444444444475,-0.18822026372765555,-0.1655629139072848,17.983333333333334,0.010000000000000002,,3174.2200000000003,19156.68,1448.179999999993,0.035,,,S1,Deep longshot,True,unsched_sports
donovan_mitchell_extension,KXNBA-27-DEN,unscheduled_sports,sports_future,5,18,False,-0.0069444444444444475,-0.18822026372765555,-0.1655629139072848,17.983333333333334,0.010000000000000002,,4907.48,19156.68,3180.4400000000023,0.035,,,S1,Deep longshot,True,unsched_sports
donovan_mitchell_extension,KXNBA-27-DAL,unscheduled_sports,sports_future,1,18,False,-0.004444444444444445,-0.37222422528654686,-0.3076923076923077,17.983333333333334,0.01,,935.18,8509.997222222224,0.0,0.01,,,S1,Deep longshot,True,unsched_sports
donovan_mitchell_extension,KXNBA-27-DAL,unscheduled_sports,sports_future,3,18,False,-0.004444444444444445,-0.37222422528654686,-0.3076923076923077,17.983333333333334,0.01,,4851.8,8509.997222222224,3916.6199999999953,0.01,,,S1,Deep longshot,True,unsched_sports
donovan_mitchell_extension,KXNBA-27-DAL,unscheduled_sports,sports_future,5,18,False,-0.004444444444444445,-0.37222422528654686,-0.3076923076923077,17.983333333333334,0.01,,17881.43,8509.997222222224,16946.25,0.01,,,S1,Deep longshot,True,unsched_sports
donovan_mitchell_extension,KXNBA-27-CLE,unscheduled_sports,sports_future,1,18,False,0.011666666666666665,0.3569200119463307,0.41176470588235287,17.983333333333334,0.020000000000000004,,53015.68,16186.734999999999,0.0,0.065,,,S2,Longshot,True,unsched_sports
donovan_mitchell_extension,KXNBA-27-CLE,unscheduled_sports,sports_future,3,18,False,0.03666666666666667,0.8688145829012259,1.2941176470588234,41.983333333333334,0.013333333333333341,,80300.76,16186.734999999999,17295.78999999998,0.065,,,S2,Longshot,True,unsched_sports
donovan_mitchell_extension,KXNBA-27-CLE,unscheduled_sports,sports_future,5,18,False,0.016666666666666663,0.4799249915838657,0.5882352941176469,17.983333333333334,0.012000000000000005,,111715.06999999999,16186.734999999999,32475.909999999974,0.065,,,S2,Longshot,True,unsched_sports
donovan_mitchell_extension,KXNBA-27-CHI,unscheduled_sports,sports_future,1,13,False,,,,,0.01,,0.0,514.2405555555556,0.0,,,,S?,No quote,True,unsched_sports
donovan_mitchell_extension,KXNBA-27-CHI,unscheduled_sports,sports_future,3,13,False,1.734723475976807e-18,0.0,1.7347234759768073e-16,,0.01,,761.1,514.2405555555556,761.1000000000004,,,,S?,No quote,True,unsched_sports
donovan_mitchell_extension,KXNBA-27-CHI,unscheduled_sports,sports_future,5,13,False,,,,,0.01,,861.1,514.2405555555556,861.1000000000004,,,,S?,No quote,True,unsched_sports
donovan_mitchell_extension,KXNBA-27-CHA,unscheduled_sports,sports_future,1,18,False,,,,,0.01,,0.0,5809.311666666667,0.0,0.01,,,S1,Deep longshot,True,unsched_sports
donovan_mitchell_extension,KXNBA-27-CHA,unscheduled_sports,sports_future,3,18,False,-0.005277777777777779,-0.429159596400833,-0.3454545454545455,41.983333333333334,0.01,,3373.16,5809.311666666667,3373.1600000000035,0.01,,,S1,Deep longshot,True,unsched_sports
donovan_mitchell_extension,KXNBA-27-CHA,unscheduled_sports,sports_future,5,18,False,-0.005277777777777779,-0.429159596400833,-0.3454545454545455,41.983333333333334,0.01,,4794.57,5809.311666666667,4794.570000000007,0.01,,,S1,Deep longshot,True,unsched_sports
donovan_mitchell_extension,KXNBA-27-BOS,unscheduled_sports,sports_future,1,18,False,-0.05416666666666667,-0.6658139037827198,-0.45454545454545453,17.983333333333334,0.010000000000000009,,832.23,13869.964444444448,0.0,0.065,,,S2,Longshot,True,unsched_sports
donovan_mitchell_extension,KXNBA-27-BOS,unscheduled_sports,sports_future,3,18,False,-0.05416666666666667,-0.6658139037827198,-0.45454545454545453,17.983333333333334,0.010000000000000009,,4340.780000000001,13869.964444444448,3353.0899999999965,0.065,,,S2,Longshot,True,unsched_sports
donovan_mitchell_extension,KXNBA-27-BOS,unscheduled_sports,sports_future,5,18,False,-0.05416666666666667,-0.6658139037827198,-0.45454545454545453,17.983333333333334,0.010000000000000009,,7431.41,13869.964444444448,6272.529999999999,0.065,,,S2,Longshot,True,unsched_sports
donovan_mitchell_extension,KXNBA-27-BKN,unscheduled_sports,sports_future,1,12,False,,,,,0.01,,0.0,356.6670588235294,0.0,,,,S?,No quote,True,unsched_sports
donovan_mitchell_extension,KXNBA-27-BKN,unscheduled_sports,sports_future,3,12,False,1.734723475976807e-18,0.0,1.7347234759768073e-16,,0.01,,200.0,356.6670588235294,200.0,,,,S?,No quote,True,unsched_sports
donovan_mitchell_extension,KXNBA-27-BKN,unscheduled_sports,sports_future,5,12,False,1.734723475976807e-18,0.0,1.7347234759768073e-16,,0.01,,487.03,356.6670588235294,487.02999999999975,,,,S?,No quote,True,unsched_sports
donovan_mitchell_extension,KXNBA-27-ATL,unscheduled_sports,sports_future,1,18,False,0.0002777777777777761,0.018974101151621348,0.01886792452830177,17.983333333333334,0.01,,140.0,3652.277777777778,0.0,0.015,,,S1,Deep longshot,True,unsched_sports
donovan_mitchell_extension,KXNBA-27-ATL,unscheduled_sports,sports_future,3,18,False,0.0002777777777777761,0.018974101151621348,0.01886792452830177,17.983333333333334,0.01,,240.0,3652.277777777778,100.0,0.015,,,S1,Deep longshot,True,unsched_sports
donovan_mitchell_extension,KXNBA-27-ATL,unscheduled_sports,sports_future,5,18,False,0.0002777777777777761,0.018974101151621348,0.01886792452830177,17.983333333333334,0.01,,349.35,3652.277777777778,200.0,0.015,,,S1,Deep longshot,True,unsched_sports
jordan_walsh_extension,KXNBA-27-WAS,unscheduled_sports,sports_future,1,25,False,0.004999999999999999,0.4105284100647113,0.4999999999999999,15.55,0.01,,3092.38,18863.86,0.0,0.015,,,S1,Deep longshot,True,unsched_sports
jordan_walsh_extension,KXNBA-27-WAS,unscheduled_sports,sports_future,3,25,False,0.0,0.0,0.0,,0.01,,79425.54,18863.86,72328.63,0.015,,,S1,Deep longshot,True,unsched_sports
jordan_walsh_extension,KXNBA-27-WAS,unscheduled_sports,sports_future,5,25,False,0.0,0.0,0.0,,0.01,,88507.7,18863.86,81410.79000000004,0.015,,,S1,Deep longshot,True,unsched_sports
jordan_walsh_extension,KXNBA-27-UTA,unscheduled_sports,sports_future,1,25,False,0.0,0.0,0.0,,0.01,,2902.06,18609.6088,0.0,,,,S?,No quote,True,unsched_sports
jordan_walsh_extension,KXNBA-27-UTA,unscheduled_sports,sports_future,3,25,False,0.0,0.0,0.0,,0.01,,18965.77,18609.6088,16063.71000000008,,,,S?,No quote,True,unsched_sports
jordan_walsh_extension,KXNBA-27-UTA,unscheduled_sports,sports_future,5,25,False,0.0,0.0,0.0,,0.01,,22439.97,18609.6088,19537.910000000033,,,,S?,No quote,True,unsched_sports
jordan_walsh_extension,KXNBA-27-TOR,unscheduled_sports,sports_future,1,25,False,0.0034000000000000002,0.10570806462146498,0.10759493670886075,15.55,0.010000000000000002,,1549.85,25351.288800000002,0.0,0.035,,,S1,Deep longshot,True,unsched_sports
jordan_walsh_extension,KXNBA-27-TOR,unscheduled_sports,sports_future,3,25,False,0.0034000000000000002,0.10570806462146498,0.10759493670886075,15.55,0.010000000000000002,,6255.24,25351.288800000002,-20.209999999962747,0.035,,,S1,Deep longshot,True,unsched_sports
jordan_walsh_extension,KXNBA-27-TOR,unscheduled_sports,sports_future,5,25,False,0.0034000000000000002,0.10570806462146498,0.10759493670886075,15.55,0.010000000000000002,,10252.45,25351.288800000002,-20.209999999962747,0.035,,,S1,Deep longshot,True,unsched_sports
jordan_walsh_extension,KXNBA-27-SAS,unscheduled_sports,sports_future,1,25,False,-0.013199999999999962,-0.08359718493993662,-0.06496062992125967,15.55,0.020000000000000018,,21035.4,5072.7676,0.0,0.19,,,S3,Contender,True,unsched_sports
jordan_walsh_extension,KXNBA-27-SAS,unscheduled_sports,sports_future,3,25,False,0.011800000000000033,0.07136730091131605,0.05807086614173246,63.55,0.013333333333333345,,75642.08,5072.7676,42527.850000000006,0.19,,,S3,Contender,True,unsched_sports
jordan_walsh_extension,KXNBA-27-SAS,unscheduled_sports,sports_future,5,25,False,0.0018000000000000516,0.011080855050138227,0.008858267716535688,63.55,0.012000000000000005,,94039.63,5072.7676,54658.51000000001,0.19,,,S3,Contender,True,unsched_sports
jordan_walsh_extension,KXNBA-27-SAC,unscheduled_sports,sports_future,1,19,False,-1.734723475976807e-18,0.0,-1.7347234759768068e-16,,0.01,,18764.1,1912.1337500000002,0.0,,,,S?,No quote,True,unsched_sports
jordan_walsh_extension,KXNBA-27-SAC,unscheduled_sports,sports_future,3,19,False,-1.734723475976807e-18,0.0,-1.7347234759768068e-16,,0.01,,22435.64,1912.1337500000002,3671.5399999999936,,,,S?,No quote,True,unsched_sports
jordan_walsh_extension,KXNBA-27-SAC,unscheduled_sports,sports_future,5,19,False,-1.734723475976807e-18,0.0,-1.7347234759768068e-16,,0.01,,22725.539999999997,1912.1337500000002,3961.4400000000023,,,,S?,No quote,True,unsched_sports
jordan_walsh_extension,KXNBA-27-POR,unscheduled_sports,sports_future,1,25,False,0.0010000000000000009,0.07000758491749881,0.0714285714285715,15.55,0.01,,511.76,18431.19,0.0,0.015,,,S1,Deep longshot,True,unsched_sports
jordan_walsh_extension,KXNBA-27-POR,unscheduled_sports,sports_future,3,25,False,-0.003999999999999998,-0.3405208251472125,-0.28571428571428564,39.55,0.01,,15188.42,18431.19,14676.660000000033,0.015,,,S1,Deep longshot,True,unsched_sports
jordan_walsh_extension,KXNBA-27-POR,unscheduled_sports,sports_future,5,25,False,-0.003999999999999998,-0.3405208251472125,-0.28571428571428564,39.55,0.01,,21400.95,18431.19,20889.190000000002,0.015,,,S1,Deep longshot,True,unsched_sports
jordan_walsh_extension,KXNBA-27-PHX,unscheduled_sports,sports_future,1,20,False,-1.734723475976807e-18,0.0,-1.7347234759768068e-16,,0.01,,376.06,819.3995833333335,0.0,0.01,,,S1,Deep longshot,True,unsched_sports
jordan_walsh_extension,KXNBA-27-PHX,unscheduled_sports,sports_future,3,20,False,-1.734723475976807e-18,0.0,-1.7347234759768068e-16,,0.01,,8057.14,819.3995833333335,7681.079999999998,0.01,,,S1,Deep longshot,True,unsched_sports
jordan_walsh_extension,KXNBA-27-PHX,unscheduled_sports,sports_future,5,20,False,,,,,0.01,,10281.78,819.3995833333335,9905.719999999998,0.01,,,S1,Deep longshot,True,unsched_sports
jordan_walsh_extension,KXNBA-27-PHI,unscheduled_sports,sports_future,1,25,False,0.0007999999999999952,0.015498479502902729,0.014760147601475924,15.55,0.009999999999999995,,7184.39,49056.74079999999,0.0,0.055,,,S2,Longshot,True,unsched_sports
jordan_walsh_extension,KXNBA-27-PHI,unscheduled_sports,sports_future,3,25,False,0.060799999999999986,0.818694705119495,1.1217712177121768,39.55,0.009999999999999995,,3177741.39,49056.74079999999,2744629.3099999996,0.055,,,S2,Longshot,True,unsched_sports
jordan_walsh_extension,KXNBA-27-PHI,unscheduled_sports,sports_future,5,25,False,0.060799999999999986,0.818694705119495,1.1217712177121768,39.55,0.009999999999999995,,3583950.1700000004,49056.74079999999,3049754.9000000004,0.055,,,S2,Longshot,True,unsched_sports
jordan_walsh_extension,KXNBA-27-ORL,unscheduled_sports,sports_future,1,25,False,-0.004999999999999999,-0.4105284100647113,-0.3333333333333333,15.55,0.01,,1286.7,1572.6288,0.0,0.01,,,S1,Deep longshot,True,unsched_sports
jordan_walsh_extension,KXNBA-27-ORL,unscheduled_sports,sports_future,3,25,False,-0.004999999999999999,-0.4105284100647113,-0.3333333333333333,15.55,0.01,,260648.11000000002,1572.6288,259361.41,0.01,,,S1,Deep longshot,True,unsched_sports
jordan_walsh_extension,KXNBA-27-ORL,unscheduled_sports,sports_future,5,25,False,-0.004999999999999999,-0.4105284100647113,-0.3333333333333333,15.55,0.01,,310010.93000000005,1572.6288,308724.23,0.01,,,S1,Deep longshot,True,unsched_sports
jordan_walsh_extension,KXNBA-27-OKC,unscheduled_sports,sports_future,1,25,False,-0.017599999999999977,-0.10135775192645768,-0.07566638005159063,15.55,0.010000000000000009,,3472.3,6868.758799999999,0.0,0.215,,,S3,Contender,True,unsched_sports
jordan_walsh_extension,KXNBA-27-OKC,unscheduled_sports,sports_future,3,25,False,-0.027599999999999958,-0.1616441977876355,-0.11865864144453982,15.55,0.01,,107831.62,6868.758799999999,64544.69,0.215,,,S3,Contender,True,unsched_sports
jordan_walsh_extension,KXNBA-27-OKC,unscheduled_sports,sports_future,5,25,False,-0.027599999999999958,-0.1616441977876355,-0.11865864144453982,15.55,0.009999999999999992,,120716.83,6868.758799999999,73920.85999999999,0.215,,,S3,Contender,True,unsched_sports
jordan_walsh_extension,KXNBA-27-NYK,unscheduled_sports,sports_future,1,25,False,-0.02060000000000002,-0.28035851575596604,-0.22737306843267124,15.55,0.020000000000000004,,4647.16,8603.659599999999,0.0,0.07500000000000001,,,S2,Longshot,True,unsched_sports
jordan_walsh_extension,KXNBA-27-NYK,unscheduled_sports,sports_future,3,25,False,-0.015600000000000017,-0.20597479563413845,-0.1721854304635763,15.55,0.01333333333333333,,198418.75,8603.659599999999,189070.81999999995,0.07500000000000001,,,S2,Longshot,True,unsched_sports
jordan_walsh_extension,KXNBA-27-NYK,unscheduled_sports,sports_future,5,25,False,-0.0056000000000000355,-0.06994198044322841,-0.061810154525386685,15.55,0.011999999999999997,,252926.55,8603.659599999999,224673.79000000004,0.07500000000000001,,,S2,Longshot,True,unsched_sports
jordan_walsh_extension,KXNBA-27-NOP,unscheduled_sports,sports_future,1,5,False,0.0,0.0,0.0,,0.01,,95.51,151.32777777777778,0.0,,,,S?,No quote,True,unsched_sports
jordan_walsh_extension,KXNBA-27-NOP,unscheduled_sports,sports_future,3,5,False,,,,,0.01,,203.43,151.32777777777778,107.92000000000007,,,,S?,No quote,True,unsched_sports
jordan_walsh_extension,KXNBA-27-NOP,unscheduled_sports,sports_future,5,5,False,,,,,0.01,,1331.6200000000001,151.32777777777778,1236.1100000000006,,,,S?,No quote,True,unsched_sports
jordan_walsh_extension,KXNBA-27-MIN,unscheduled_sports,sports_future,1,25,False,-0.012400000000000001,-0.31620718018384286,-0.2616033755274262,15.55,0.010000000000000002,,16603.38,27142.153199999997,0.0,0.035,,,S1,Deep longshot,True,unsched_sports
jordan_walsh_extension,KXNBA-27-MIN,unscheduled_sports,sports_future,3,25,False,-0.017400000000000006,-0.475525830169544,-0.3670886075949368,15.55,0.013333333333333336,,94456.18000000001,27142.153199999997,66194.89000000001,0.035,,,S1,Deep longshot,True,unsched_sports
jordan_walsh_extension,KXNBA-27-MIN,unscheduled_sports,sports_future,5,25,False,-0.012400000000000001,-0.31620718018384286,-0.2616033755274262,15.55,0.012000000000000002,,121395.77,27142.153199999997,73749.8999999999,0.035,,,S1,Deep longshot,True,unsched_sports
jordan_walsh_extension,KXNBA-27-MIL,unscheduled_sports,sports_future,1,12,False,1.734723475976807e-18,0.0,1.7347234759768073e-16,,0.01,,937.19,440.04090909090905,0.0,,,,S?,No quote,True,unsched_sports
jordan_walsh_extension,KXNBA-27-MIL,unscheduled_sports,sports_future,3,12,False,1.734723475976807e-18,0.0,1.7347234759768073e-16,,0.01,,1734.7,440.04090909090905,797.510000000002,,,,S?,No quote,True,unsched_sports
jordan_walsh_extension,KXNBA-27-MIL,unscheduled_sports,sports_future,5,12,False,,,,,0.01,,5067.7,440.04090909090905,4130.510000000002,,,,S?,No quote,True,unsched_sports
jordan_walsh_extension,KXNBA-27-MIA,unscheduled_sports,sports_future,1,25,False,0.0354,0.504591690495225,0.5939597315436241,15.55,0.010000000000000009,,83981.73,21897.269199999995,0.0,0.095,,,S2,Longshot,True,unsched_sports
jordan_walsh_extension,KXNBA-27-MIA,unscheduled_sports,sports_future,3,25,False,-0.0346,-0.9049119035350359,-0.5805369127516778,39.55,0.010000000000000004,,302355.26,21897.269199999995,-9176.320000000065,0.095,,,S2,Longshot,True,unsched_sports
jordan_walsh_extension,KXNBA-27-MIA,unscheduled_sports,sports_future,5,25,False,-0.024599999999999997,-0.5581302972549618,-0.41275167785234895,39.55,0.010000000000000002,,349808.04000000004,21897.269199999995,21580.75,0.095,,,S2,Longshot,True,unsched_sports
jordan_walsh_extension,KXNBA-27-MEM,unscheduled_sports,sports_future,1,10,False,1.734723475976807e-18,0.0,1.7347234759768073e-16,,0.01,,1.0,482.94181818181823,0.0,,,,S?,No quote,True,unsched_sports
jordan_walsh_extension,KXNBA-27-MEM,unscheduled_sports,sports_future,3,10,False,1.734723475976807e-18,0.0,1.7347234759768073e-16,,0.01,,896.4,482.94181818181823,895.4000000000015,,,,S?,No quote,True,unsched_sports
jordan_walsh_extension,KXNBA-27-MEM,unscheduled_sports,sports_future,5,10,False,,,,,0.01,,896.4,482.94181818181823,895.4000000000015,,,,S?,No quote,True,unsched_sports
jordan_walsh_extension,KXNBA-27-LAL,unscheduled_sports,sports_future,1,25,False,-0.010400000000000006,-0.35855995863450385,-0.2937853107344634,15.55,0.009999999999999998,,24292.0,16563.2348,0.0,0.025,,,S1,Deep longshot,True,unsched_sports
jordan_walsh_extension,KXNBA-27-LAL,unscheduled_sports,sports_future,3,25,False,-0.010400000000000006,-0.35855995863450385,-0.2937853107344634,15.55,0.009999999999999998,,182545.54,16563.2348,156874.93000000005,0.025,,,S1,Deep longshot,True,unsched_sports
jordan_walsh_extension,KXNBA-27-LAL,unscheduled_sports,sports_future,5,25,False,-0.010400000000000006,-0.35855995863450385,-0.2937853107344634,15.55,0.009999999999999998,,283363.82,16563.2348,254273.64,0.025,,,S1,Deep longshot,True,unsched_sports
jordan_walsh_extension,KXNBA-27-LAC,unscheduled_sports,sports_future,1,15,False,0.0,0.0,0.0,,0.01,,3.0,2128.659090909091,0.0,0.01,,,S1,Deep longshot,True,unsched_sports
jordan_walsh_extension,KXNBA-27-LAC,unscheduled_sports,sports_future,3,15,False,0.0,0.0,0.0,,0.01,,6689.360000000001,2128.659090909091,6686.360000000001,0.01,,,S1,Deep longshot,True,unsched_sports
jordan_walsh_extension,KXNBA-27-LAC,unscheduled_sports,sports_future,5,15,False,0.0,0.0,0.0,,0.01,,7667.08,2128.659090909091,7664.080000000002,0.01,,,S1,Deep longshot,True,unsched_sports
jordan_walsh_extension,KXNBA-27-IND,unscheduled_sports,sports_future,1,25,False,-0.010000000000000005,-0.5210297939402322,-0.40000000000000013,15.55,0.01,,3432.02,9275.5408,0.0,0.015,,,S1,Deep longshot,True,unsched_sports
jordan_walsh_extension,KXNBA-27-IND,unscheduled_sports,sports_future,3,25,False,-0.010000000000000005,-0.5210297939402322,-0.40000000000000013,15.55,0.01,,70338.34,9275.5408,66845.13000000003,0.015,,,S1,Deep longshot,True,unsched_sports
jordan_walsh_extension,KXNBA-27-IND,unscheduled_sports,sports_future,5,25,False,-0.010000000000000005,-0.5210297939402322,-0.40000000000000013,15.55,0.01,,95766.43,9275.5408,91587.00999999998,0.015,,,S1,Deep longshot,True,unsched_sports
jordan_walsh_extension,KXNBA-27-HOU,unscheduled_sports,sports_future,1,25,False,-0.007600000000000003,-0.4176453615120641,-0.33628318584070804,15.55,0.01,,3644.01,1750.6316,0.0,0.015,,,S1,Deep longshot,True,unsched_sports
jordan_walsh_extension,KXNBA-27-HOU,unscheduled_sports,sports_future,3,25,False,-0.007600000000000003,-0.4176453615120641,-0.33628318584070804,15.55,0.01,,23152.84,1750.6316,19508.83,0.015,,,S1,Deep longshot,True,unsched_sports
jordan_walsh_extension,KXNBA-27-HOU,unscheduled_sports,sports_future,5,25,False,-0.007600000000000003,-0.4176453615120641,-0.33628318584070804,15.55,0.01,,34794.1,1750.6316,31103.300000000003,0.015,,,S1,Deep longshot,True,unsched_sports
jordan_walsh_extension,KXNBA-27-GSW,unscheduled_sports,sports_future,1,25,False,0.0010000000000000009,0.030023269746784376,0.029411764705882377,15.55,0.010000000000000002,,28482.36,42652.288,0.0,0.03,,,S1,Deep longshot,True,unsched_sports
jordan_walsh_extension,KXNBA-27-GSW,unscheduled_sports,sports_future,3,25,False,-0.019000000000000003,-0.837788130473522,-0.5588235294117647,39.55,0.010000000000000002,,157495.90000000002,42652.288,26808.51000000001,0.03,,,S1,Deep longshot,True,unsched_sports
jordan_walsh_extension,KXNBA-27-GSW,unscheduled_sports,sports_future,5,25,False,-0.019000000000000003,-0.837788130473522,-0.5588235294117647,39.55,0.010000000000000002,,212902.89000000004,42652.288,21215.19000000006,0.03,,,S1,Deep longshot,True,unsched_sports
jordan_walsh_extension,KXNBA-27-DET,unscheduled_sports,sports_future,1,25,False,0.0020000000000000018,0.06091089413724182,0.060606060606060656,15.55,0.010000000000000002,,963.0,4634.3336,0.0,0.035,,,S1,Deep longshot,True,unsched_sports
jordan_walsh_extension,KXNBA-27-DET,unscheduled_sports,sports_future,3,25,False,0.0020000000000000018,0.06091089413724182,0.060606060606060656,15.55,0.010000000000000002,,6368.98,4634.3336,5338.930000000008,0.035,,,S1,Deep longshot,True,unsched_sports
jordan_walsh_extension,KXNBA-27-DET,unscheduled_sports,sports_future,5,25,False,0.0020000000000000018,0.06091089413724182,0.060606060606060656,15.55,0.010000000000000002,,25071.09,4634.3336,24041.039999999994,0.035,,,S1,Deep longshot,True,unsched_sports
jordan_walsh_extension,KXNBA-27-DEN,unscheduled_sports,sports_future,1,25,False,-0.001799999999999996,-0.05201681046990103,-0.04891304347826076,15.55,0.010000000000000002,,165.0,13885.5716,0.0,0.035,,,S1,Deep longshot,True,unsched_sports
jordan_walsh_extension,KXNBA-27-DEN,unscheduled_sports,sports_future,3,25,False,-0.001799999999999996,-0.05201681046990103,-0.04891304347826076,15.55,0.010000000000000002,,20495.68,13885.5716,18653.410000000033,0.035,,,S1,Deep longshot,True,unsched_sports
jordan_walsh_extension,KXNBA-27-DEN,unscheduled_sports,sports_future,5,25,False,-0.001799999999999996,-0.05201681046990103,-0.04891304347826076,15.55,0.010000000000000002,,25946.28,13885.5716,24055.20000000001,0.035,,,S1,Deep longshot,True,unsched_sports
jordan_walsh_extension,KXNBA-27-DAL,unscheduled_sports,sports_future,1,25,False,0.0,0.0,0.0,,0.01,,1770.82,5233.274799999999,0.0,0.01,,,S1,Deep longshot,True,unsched_sports
jordan_walsh_extension,KXNBA-27-DAL,unscheduled_sports,sports_future,3,25,False,0.0,0.0,0.0,,0.01,,39597.45,5233.274799999999,37826.630000000005,0.01,,,S1,Deep longshot,True,unsched_sports
jordan_walsh_extension,KXNBA-27-DAL,unscheduled_sports,sports_future,5,25,False,0.0,0.0,0.0,,0.01,,51967.42999999999,5233.274799999999,50196.609999999986,0.01,,,S1,Deep longshot,True,unsched_sports
jordan_walsh_extension,KXNBA-27-CLE,unscheduled_sports,sports_future,1,25,False,-0.010599999999999991,-0.2756048855862061,-0.23245614035087703,15.55,0.010000000000000002,,15685.48,23240.686,0.0,0.035,,,S1,Deep longshot,True,unsched_sports
jordan_walsh_extension,KXNBA-27-CLE,unscheduled_sports,sports_future,3,25,False,-0.030599999999999995,-1.1434162858065124,-0.6710526315789473,39.55,0.010000000000000002,,85713.54,23240.686,35596.869999999995,0.035,,,S1,Deep longshot,True,unsched_sports
jordan_walsh_extension,KXNBA-27-CLE,unscheduled_sports,sports_future,5,25,False,-0.020599999999999993,-0.6223864918662803,-0.4517543859649122,15.55,0.01,,142176.93,23240.686,80281.76000000001,0.035,,,S1,Deep longshot,True,unsched_sports
jordan_walsh_extension,KXNBA-27-CHI,unscheduled_sports,sports_future,1,21,False,-1.734723475976807e-18,0.0,-1.7347234759768068e-16,,0.01,,1035.19,1166.068,0.0,0.01,,,S1,Deep longshot,True,unsched_sports
jordan_walsh_extension,KXNBA-27-CHI,unscheduled_sports,sports_future,3,21,False,-1.734723475976807e-18,0.0,-1.7347234759768068e-16,,0.01,,7632.72,1166.068,6597.529999999999,0.01,,,S1,Deep longshot,True,unsched_sports
jordan_walsh_extension,KXNBA-27-CHI,unscheduled_sports,sports_future,5,21,False,-1.734723475976807e-18,0.0,-1.7347234759768068e-16,,0.01,,9970.69,1166.068,8935.5,0.01,,,S1,Deep longshot,True,unsched_sports
jordan_walsh_extension,KXNBA-27-CHA,unscheduled_sports,sports_future,1,24,False,-0.0020833333333333346,-0.19134859405565852,-0.17241379310344837,15.55,0.01,,233.51,5566.2364,0.0,0.01,,,S1,Deep longshot,True,unsched_sports
jordan_walsh_extension,KXNBA-27-CHA,unscheduled_sports,sports_future,3,24,False,-0.0020833333333333346,-0.19134859405565852,-0.17241379310344837,15.55,0.01,,10888.12,5566.2364,10654.609999999986,0.01,,,S1,Deep longshot,True,unsched_sports
jordan_walsh_extension,KXNBA-27-CHA,unscheduled_sports,sports_future,5,24,False,-0.0020833333333333346,-0.19134859405565852,-0.17241379310344837,15.55,0.01,,11990.58,5566.2364,11757.070000000007,0.01,,,S1,Deep longshot,True,unsched_sports
jordan_walsh_extension,KXNBA-27-BOS,unscheduled_sports,sports_future,1,25,False,-0.025400000000000013,-0.4069271255571665,-0.31592039800995037,15.55,0.009999999999999995,,121.37,2721.6204,0.0,0.055,,,S2,Longshot,True,unsched_sports
jordan_walsh_extension,KXNBA-27-BOS,unscheduled_sports,sports_future,3,25,False,-0.025400000000000013,-0.4069271255571665,-0.31592039800995037,15.55,0.009999999999999995,,16767.43,2721.6204,16362.040000000037,0.055,,,S2,Longshot,True,unsched_sports
jordan_walsh_extension,KXNBA-27-BOS,unscheduled_sports,sports_future,5,25,False,-0.035400000000000015,-0.6181242340063049,-0.4402985074626867,15.55,0.009999999999999997,,38437.41,2721.6204,37674.29000000004,0.055,,,S2,Longshot,True,unsched_sports
jordan_walsh_extension,KXNBA-27-BKN,unscheduled_sports,sports_future,1,19,False,-1.734723475976807e-18,0.0,-1.7347234759768068e-16,,0.01,,100.0,254.81130434782608,0.0,0.01,,,S1,Deep longshot,True,unsched_sports
jordan_walsh_extension,KXNBA-27-BKN,unscheduled_sports,sports_future,3,19,False,-1.734723475976807e-18,0.0,-1.7347234759768068e-16,,0.01,,287.02,254.81130434782608,187.01999999999862,0.01,,,S1,Deep longshot,True,unsched_sports
jordan_walsh_extension,KXNBA-27-BKN,unscheduled_sports,sports_future,5,19,False,-1.734723475976807e-18,0.0,-1.7347234759768068e-16,,0.01,,1722.8,254.81130434782608,1622.7999999999993,0.01,,,S1,Deep longshot,True,unsched_sports
jordan_walsh_extension,KXNBA-27-ATL,unscheduled_sports,sports_future,1,25,False,0.0,0.0,0.0,,0.01,,237.95,1653.2207999999998,0.0,0.015,,,S1,Deep longshot,True,unsched_sports
jordan_walsh_extension,KXNBA-27-ATL,unscheduled_sports,sports_future,3,25,False,-0.004999999999999999,-0.4105284100647113,-0.3333333333333333,39.55,0.01,,86035.26,1653.2207999999998,85797.31,0.015,,,S1,Deep longshot,True,unsched_sports
jordan_walsh_extension,KXNBA-27-ATL,unscheduled_sports,sports_future,5,25,False,-0.004999999999999999,-0.4105284100647113,-0.3333333333333333,39.55,0.01,,123266.4,1653.2207999999998,123028.44999999998,0.015,,,S1,Deep longshot,True,unsched_sports
brian_oneill_extension,KXSB-27-WAS,unscheduled_sports,sports_future,1,25,False,-3.469446951953614e-18,0.0,-1.3877787807814454e-16,,0.009999999999999998,,1584.62,1579.0224000000003,0.0,0.025,,,S1,Deep longshot,True,unsched_sports
brian_oneill_extension,KXSB-27-WAS,unscheduled_sports,sports_future,3,25,False,-3.469446951953614e-18,0.0,-1.3877787807814454e-16,,0.009999999999999998,,7845.12,1579.0224000000003,2986.5,0.025,,,S1,Deep longshot,True,unsched_sports
brian_oneill_extension,KXSB-27-WAS,unscheduled_sports,sports_future,5,25,False,-3.469446951953614e-18,0.0,-1.3877787807814454e-16,,0.009999999999999998,,11134.37,1579.0224000000003,6241.4199999999255,0.025,,,S1,Deep longshot,True,unsched_sports
brian_oneill_extension,KXSB-27-TEN,unscheduled_sports,sports_future,1,21,False,-1.734723475976807e-18,0.0,-1.7347234759768068e-16,,0.01,,375.55,1053.2227999999998,0.0,0.01,,,S1,Deep longshot,True,unsched_sports
brian_oneill_extension,KXSB-27-TEN,unscheduled_sports,sports_future,3,21,False,-1.734723475976807e-18,0.0,-1.7347234759768068e-16,,0.01,,5280.58,1053.2227999999998,4905.02999999997,0.01,,,S1,Deep longshot,True,unsched_sports
brian_oneill_extension,KXSB-27-TEN,unscheduled_sports,sports_future,5,21,False,-1.734723475976807e-18,0.0,-1.7347234759768068e-16,,0.01,,23507.489999999998,1053.2227999999998,23131.940000000002,0.01,,,S1,Deep longshot,True,unsched_sports
brian_oneill_extension,KXSB-27-TB,unscheduled_sports,sports_future,1,25,False,0.0,0.0,0.0,,0.01,,277.0,1295.5904,0.0,0.015,,,S1,Deep longshot,True,unsched_sports
brian_oneill_extension,KXSB-27-TB,unscheduled_sports,sports_future,3,25,False,0.0,0.0,0.0,,0.01,,4696.99,1295.5904,4419.989999999991,0.015,,,S1,Deep longshot,True,unsched_sports
brian_oneill_extension,KXSB-27-TB,unscheduled_sports,sports_future,5,25,False,0.0,0.0,0.0,,0.01,,9447.15,1295.5904,7415.060000000056,0.015,,,S1,Deep longshot,True,unsched_sports
brian_oneill_extension,KXSB-27-SF,unscheduled_sports,sports_future,1,25,False,0.0003999999999999976,0.009347391219432843,0.008968609865470798,13.6,0.010000000000000002,,62795.52,11010.961599999999,0.0,0.045,,,S1,Deep longshot,True,unsched_sports
brian_oneill_extension,KXSB-27-SF,unscheduled_sports,sports_future,3,25,False,0.0003999999999999976,0.009347391219432843,0.008968609865470798,13.6,0.010000000000000002,,194757.97,11010.961599999999,126775.10999999987,0.045,,,S1,Deep longshot,True,unsched_sports
brian_oneill_extension,KXSB-27-SF,unscheduled_sports,sports_future,5,25,False,0.0003999999999999976,0.009347391219432843,0.008968609865470798,13.6,0.010000000000000002,,352791.67,11010.961599999999,276699.75,0.045,,,S1,Deep longshot,True,unsched_sports
brian_oneill_extension,KXSB-27-SEA,unscheduled_sports,sports_future,1,25,False,0.0,0.0,0.0,,0.009999999999999995,,19979.71,18358.1828,0.0,0.07500000000000001,,,S2,Longshot,True,unsched_sports
brian_oneill_extension,KXSB-27-SEA,unscheduled_sports,sports_future,3,25,False,0.0,0.0,0.0,,0.009999999999999995,,60152.8,18358.1828,38039.14000000013,0.07500000000000001,,,S2,Longshot,True,unsched_sports
brian_oneill_extension,KXSB-27-SEA,unscheduled_sports,sports_future,5,25,False,0.0,0.0,0.0,,0.009999999999999995,,110540.66,18358.1828,70126.33000000007,0.07500000000000001,,,S2,Longshot,True,unsched_sports
brian_oneill_extension,KXSB-27-PIT,unscheduled_sports,sports_future,1,25,False,0.0,0.0,0.0,,0.01,,27656.21,4144.4668,0.0,0.015,,,S1,Deep longshot,True,unsched_sports
brian_oneill_extension,KXSB-27-PIT,unscheduled_sports,sports_future,3,25,False,0.0,0.0,0.0,,0.01,,70468.44,4144.4668,41829.640000000014,0.015,,,S1,Deep longshot,True,unsched_sports
brian_oneill_extension,KXSB-27-PIT,unscheduled_sports,sports_future,5,25,False,0.0,0.0,0.0,,0.01,,84213.48000000001,4144.4668,55336.060000000056,0.015,,,S1,Deep longshot,True,unsched_sports
brian_oneill_extension,KXSB-27-PHI,unscheduled_sports,sports_future,1,25,False,0.0,0.0,0.0,,0.010000000000000002,,20358.05,13781.082,0.0,0.045,,,S1,Deep longshot,True,unsched_sports
brian_oneill_extension,KXSB-27-PHI,unscheduled_sports,sports_future,3,25,False,0.0,0.0,0.0,,0.010000000000000002,,77131.94,13781.082,55473.13000000012,0.045,,,S1,Deep longshot,True,unsched_sports
brian_oneill_extension,KXSB-27-PHI,unscheduled_sports,sports_future,5,25,False,0.0,0.0,0.0,,0.010000000000000002,,149271.97,13781.082,126650.54000000004,0.045,,,S1,Deep longshot,True,unsched_sports
brian_oneill_extension,KXSB-27-NYJ,unscheduled_sports,sports_future,1,21,False,-1.734723475976807e-18,0.0,-1.7347234759768068e-16,,0.01,,1072.19,2975.242,0.0,0.01,,,S1,Deep longshot,True,unsched_sports
brian_oneill_extension,KXSB-27-NYJ,unscheduled_sports,sports_future,3,21,False,-1.734723475976807e-18,0.0,-1.7347234759768068e-16,,0.01,,3653.26,2975.242,2581.069999999978,0.01,,,S1,Deep longshot,True,unsched_sports
brian_oneill_extension,KXSB-27-NYJ,unscheduled_sports,sports_future,5,21,False,-1.734723475976807e-18,0.0,-1.7347234759768068e-16,,0.01,,6901.02,2975.242,5828.829999999987,0.01,,,S1,Deep longshot,True,unsched_sports
brian_oneill_extension,KXSB-27-NYG,unscheduled_sports,sports_future,1,25,False,0.0,0.0,0.0,,0.01,,9827.66,7030.424,0.0,0.015,,,S1,Deep longshot,True,unsched_sports
brian_oneill_extension,KXSB-27-NYG,unscheduled_sports,sports_future,3,25,False,0.0,0.0,0.0,,0.01,,39447.740000000005,7030.424,27182.830000000075,0.015,,,S1,Deep longshot,True,unsched_sports
brian_oneill_extension,KXSB-27-NYG,unscheduled_sports,sports_future,5,25,False,0.0,0.0,0.0,,0.01,,70046.48000000001,7030.424,51649.87000000011,0.015,,,S1,Deep longshot,True,unsched_sports
brian_oneill_extension,KXSB-27-NO,unscheduled_sports,sports_future,1,25,False,0.0,0.0,0.0,,0.01,,5760.02,10827.09,0.0,0.01,,,S1,Deep longshot,True,unsched_sports
brian_oneill_extension,KXSB-27-NO,unscheduled_sports,sports_future,3,25,False,0.0,0.0,0.0,,0.01,,28836.68,10827.09,23076.659999999916,0.01,,,S1,Deep longshot,True,unsched_sports
brian_oneill_extension,KXSB-27-NO,unscheduled_sports,sports_future,5,25,False,0.0,0.0,0.0,,0.01,,47992.97,10827.09,42232.94999999995,0.01,,,S1,Deep longshot,True,unsched_sports
brian_oneill_extension,KXSB-27-NE,unscheduled_sports,sports_future,1,25,False,0.0,0.0,0.0,,0.010000000000000002,,7393.68,5119.343599999999,0.0,0.045,,,S1,Deep longshot,True,unsched_sports
brian_oneill_extension,KXSB-27-NE,unscheduled_sports,sports_future,3,25,False,0.0,0.0,0.0,,0.010000000000000002,,32512.54,5119.343599999999,24678.01000000001,0.045,,,S1,Deep longshot,True,unsched_sports
brian_oneill_extension,KXSB-27-NE,unscheduled_sports,sports_future,5,25,False,0.0,0.0,0.0,,0.010000000000000002,,75830.06,5119.343599999999,67805.02000000002,0.045,,,S1,Deep longshot,True,unsched_sports
brian_oneill_extension,KXSB-27-MIN,unscheduled_sports,sports_future,1,25,False,0.0,0.0,0.0,,0.01,,72575.72,8931.6172,0.0,0.015,,,S1,Deep longshot,True,unsched_sports
brian_oneill_extension,KXSB-27-MIN,unscheduled_sports,sports_future,3,25,False,0.0,0.0,0.0,,0.01,,100874.97,8931.6172,27871.590000000317,0.015,,,S1,Deep longshot,True,unsched_sports
brian_oneill_extension,KXSB-27-MIN,unscheduled_sports,sports_future,5,25,False,0.0,0.0,0.0,,0.01,,118954.59,8931.6172,45931.51000000024,0.015,,,S1,Deep longshot,True,unsched_sports
brian_oneill_extension,KXSB-27-MIA,unscheduled_sports,sports_future,1,20,False,-1.734723475976807e-18,0.0,-1.7347234759768068e-16,,0.01,,1130.85,794.3124,0.0,0.01,,,S1,Deep longshot,True,unsched_sports
brian_oneill_extension,KXSB-27-MIA,unscheduled_sports,sports_future,3,20,False,-1.734723475976807e-18,0.0,-1.7347234759768068e-16,,0.01,,20241.06,794.3124,19110.209999999963,0.01,,,S1,Deep longshot,True,unsched_sports
brian_oneill_extension,KXSB-27-MIA,unscheduled_sports,sports_future,5,20,False,-1.734723475976807e-18,0.0,-1.7347234759768068e-16,,0.01,,20810.760000000002,794.3124,19679.909999999916,0.01,,,S1,Deep longshot,True,unsched_sports
brian_oneill_extension,KXSB-27-LV,unscheduled_sports,sports_future,1,25,False,0.0,0.0,0.0,,0.01,,114785.14,9974.4704,0.0,0.01,,,S1,Deep longshot,True,unsched_sports
brian_oneill_extension,KXSB-27-LV,unscheduled_sports,sports_future,3,25,False,0.0,0.0,0.0,,0.01,,171514.46,9974.4704,56729.3200000003,0.01,,,S1,Deep longshot,True,unsched_sports
brian_oneill_extension,KXSB-27-LV,unscheduled_sports,sports_future,5,25,False,0.0,0.0,0.0,,0.01,,254507.71,9974.4704,139722.5700000003,0.01,,,S1,Deep longshot,True,unsched_sports
brian_oneill_extension,KXSB-27-LAR,unscheduled_sports,sports_future,1,25,False,-0.0020000000000000018,-0.015190357784379938,-0.012738853503184724,13.6,0.010000000000000009,,48977.06,23633.502800000002,0.0,0.155,,,S3,Contender,True,unsched_sports
brian_oneill_extension,KXSB-27-LAR,unscheduled_sports,sports_future,3,25,False,-0.0020000000000000018,-0.015190357784379938,-0.012738853503184724,13.6,0.010000000000000009,,132604.03999999998,23633.502800000002,71801.62000000011,0.155,,,S3,Contender,True,unsched_sports
brian_oneill_extension,KXSB-27-LAR,unscheduled_sports,sports_future,5,25,False,-0.0020000000000000018,-0.015190357784379938,-0.012738853503184724,13.6,0.010000000000000009,,197538.89999999997,23633.502800000002,131298.7200000002,0.155,,,S3,Contender,True,unsched_sports
brian_oneill_extension,KXSB-27-LAC,unscheduled_sports,sports_future,1,25,False,0.0,0.0,0.0,,0.010000000000000002,,16628.41,6277.4388,0.0,0.045,,,S1,Deep longshot,True,unsched_sports
brian_oneill_extension,KXSB-27-LAC,unscheduled_sports,sports_future,3,25,False,0.0,0.0,0.0,,0.010000000000000002,,47155.61,6277.4388,30252.400000000023,0.045,,,S1,Deep longshot,True,unsched_sports
brian_oneill_extension,KXSB-27-LAC,unscheduled_sports,sports_future,5,25,False,0.0,0.0,0.0,,0.010000000000000002,,106158.01000000001,6277.4388,83493.40000000002,0.045,,,S1,Deep longshot,True,unsched_sports
brian_oneill_extension,KXSB-27-KC,unscheduled_sports,sports_future,1,25,False,-0.010000000000000002,-0.1776924828682218,-0.15384615384615388,13.6,0.009999999999999995,,7960.45,5316.797200000001,0.0,0.055,,,S2,Longshot,True,unsched_sports
brian_oneill_extension,KXSB-27-KC,unscheduled_sports,sports_future,3,25,False,-0.010000000000000002,-0.1776924828682218,-0.15384615384615388,13.6,0.009999999999999995,,27636.989999999998,5316.797200000001,19336.14000000013,0.055,,,S2,Longshot,True,unsched_sports
brian_oneill_extension,KXSB-27-KC,unscheduled_sports,sports_future,5,25,False,-0.010000000000000002,-0.1776924828682218,-0.15384615384615388,13.6,0.009999999999999995,,90498.92,5316.797200000001,81571.0,0.055,,,S2,Longshot,True,unsched_sports
brian_oneill_extension,KXSB-27-JAC,unscheduled_sports,sports_future,1,25,False,-3.469446951953614e-18,0.0,-1.3877787807814454e-16,,0.009999999999999998,,9381.39,4652.7376,0.0,0.025,,,S1,Deep longshot,True,unsched_sports
brian_oneill_extension,KXSB-27-JAC,unscheduled_sports,sports_future,3,25,False,-3.469446951953614e-18,0.0,-1.3877787807814454e-16,,0.009999999999999998,,17973.18,4652.7376,8434.789999999979,0.025,,,S1,Deep longshot,True,unsched_sports
brian_oneill_extension,KXSB-27-JAC,unscheduled_sports,sports_future,5,25,False,-3.469446951953614e-18,0.0,-1.3877787807814454e-16,,0.009999999999999998,,58593.25,4652.7376,47494.44,0.025,,,S1,Deep longshot,True,unsched_sports
brian_oneill_extension,KXSB-27-IND,unscheduled_sports,sports_future,1,25,False,0.0,0.0,0.0,,0.01,,1640.99,1640.4728000000002,0.0,0.015,,,S1,Deep longshot,True,unsched_sports
brian_oneill_extension,KXSB-27-IND,unscheduled_sports,sports_future,3,25,False,0.0,0.0,0.0,,0.01,,4440.73,1640.4728000000002,1699.7399999999907,0.015,,,S1,Deep longshot,True,unsched_sports
brian_oneill_extension,KXSB-27-IND,unscheduled_sports,sports_future,5,25,False,0.0,0.0,0.0,,0.01,,9600.08,1640.4728000000002,6004.419999999984,0.015,,,S1,Deep longshot,True,unsched_sports
brian_oneill_extension,KXSB-27-HOU,unscheduled_sports,sports_future,1,25,False,0.0,0.0,0.0,,0.010000000000000002,,24701.92,19189.3348,0.0,0.035,,,S1,Deep longshot,True,unsched_sports
brian_oneill_extension,KXSB-27-HOU,unscheduled_sports,sports_future,3,25,False,0.0,0.0,0.0,,0.010000000000000002,,94480.98,19189.3348,67978.97999999998,0.035,,,S1,Deep longshot,True,unsched_sports
brian_oneill_extension,KXSB-27-HOU,unscheduled_sports,sports_future,5,25,False,0.0,0.0,0.0,,0.010000000000000002,,188151.99,19189.3348,161626.57000000007,0.035,,,S1,Deep longshot,True,unsched_sports
brian_oneill_extension,KXSB-27-GB,unscheduled_sports,sports_future,1,25,False,0.0,0.0,0.0,,0.010000000000000002,,14495.51,8323.5024,0.0,0.035,,,S1,Deep longshot,True,unsched_sports
brian_oneill_extension,KXSB-27-GB,unscheduled_sports,sports_future,3,25,False,0.0,0.0,0.0,,0.010000000000000002,,56034.759999999995,8323.5024,41539.25,0.035,,,S1,Deep longshot,True,unsched_sports
brian_oneill_extension,KXSB-27-GB,unscheduled_sports,sports_future,5,25,False,0.0,0.0,0.0,,0.010000000000000002,,76810.01,8323.5024,58894.40000000002,0.035,,,S1,Deep longshot,True,unsched_sports
brian_oneill_extension,KXSB-27-DET,unscheduled_sports,sports_future,1,25,False,-0.0016000000000000042,-0.04635958606077217,-0.04371584699453562,13.6,0.010000000000000002,,15431.98,11728.8328,0.0,0.035,,,S1,Deep longshot,True,unsched_sports
brian_oneill_extension,KXSB-27-DET,unscheduled_sports,sports_future,3,25,False,-0.0016000000000000042,-0.04635958606077217,-0.04371584699453562,13.6,0.010000000000000002,,103637.03,11728.8328,87498.81000000006,0.035,,,S1,Deep longshot,True,unsched_sports
brian_oneill_extension,KXSB-27-DET,unscheduled_sports,sports_future,5,25,False,-0.0016000000000000042,-0.04635958606077217,-0.04371584699453562,13.6,0.010000000000000002,,137473.25,11728.8328,117341.03000000003,0.035,,,S1,Deep longshot,True,unsched_sports
brian_oneill_extension,KXSB-27-DEN,unscheduled_sports,sports_future,1,25,False,-0.002800000000000004,-0.06329939344740199,-0.05857740585774066,13.6,0.010000000000000002,,23446.57,13717.810800000001,0.0,0.045,,,S1,Deep longshot,True,unsched_sports
brian_oneill_extension,KXSB-27-DEN,unscheduled_sports,sports_future,3,25,False,-0.002800000000000004,-0.06329939344740199,-0.05857740585774066,13.6,0.010000000000000002,,93164.35999999999,13717.810800000001,69632.46999999974,0.045,,,S1,Deep longshot,True,unsched_sports
brian_oneill_extension,KXSB-27-DEN,unscheduled_sports,sports_future,5,25,False,-0.002800000000000004,-0.06329939344740199,-0.05857740585774066,13.6,0.010000000000000002,,168763.52999999997,13717.810800000001,144940.31999999983,0.045,,,S1,Deep longshot,True,unsched_sports
brian_oneill_extension,KXSB-27-DAL,unscheduled_sports,sports_future,1,25,False,0.0,0.0,0.0,,0.010000000000000002,,33705.94,19652.547599999998,0.0,0.035,,,S1,Deep longshot,True,unsched_sports
brian_oneill_extension,KXSB-27-DAL,unscheduled_sports,sports_future,3,25,False,0.0,0.0,0.0,,0.010000000000000002,,144351.41999999998,19652.547599999998,104711.9700000002,0.035,,,S1,Deep longshot,True,unsched_sports
brian_oneill_extension,KXSB-27-DAL,unscheduled_sports,sports_future,5,25,False,0.0,0.0,0.0,,0.010000000000000002,,246301.16999999998,19652.547599999998,204295.26000000024,0.035,,,S1,Deep longshot,True,unsched_sports
brian_oneill_extension,KXSB-27-CLE,unscheduled_sports,sports_future,1,21,False,-1.734723475976807e-18,0.0,-1.7347234759768068e-16,,0.01,,6524.95,2149.2192,0.0,0.01,,,S1,Deep longshot,True,unsched_sports
brian_oneill_extension,KXSB-27-CLE,unscheduled_sports,sports_future,3,21,False,-1.734723475976807e-18,0.0,-1.7347234759768068e-16,,0.01,,8278.66,2149.2192,1753.710000000021,0.01,,,S1,Deep longshot,True,unsched_sports
brian_oneill_extension,KXSB-27-CLE,unscheduled_sports,sports_future,5,21,False,-1.734723475976807e-18,0.0,-1.7347234759768068e-16,,0.01,,10242.54,2149.2192,3717.5900000000256,0.01,,,S1,Deep longshot,True,unsched_sports
brian_oneill_extension,KXSB-27-CIN,unscheduled_sports,sports_future,1,25,False,0.0,0.0,0.0,,0.010000000000000002,,16425.73,6044.5676,0.0,0.045,,,S1,Deep longshot,True,unsched_sports
brian_oneill_extension,KXSB-27-CIN,unscheduled_sports,sports_future,3,25,False,0.0,0.0,0.0,,0.010000000000000002,,44107.44,6044.5676,24077.22999999998,0.045,,,S1,Deep longshot,True,unsched_sports
brian_oneill_extension,KXSB-27-CIN,unscheduled_sports,sports_future,5,25,False,0.0,0.0,0.0,,0.010000000000000002,,70529.12,6044.5676,50370.909999999916,0.045,,,S1,Deep longshot,True,unsched_sports
brian_oneill_extension,KXSB-27-CHI,unscheduled_sports,sports_future,1,25,False,0.0,0.0,0.0,,0.010000000000000002,,14071.61,7762.224,0.0,0.035,,,S1,Deep longshot,True,unsched_sports
brian_oneill_extension,KXSB-27-CHI,unscheduled_sports,sports_future,3,25,False,0.0,0.0,0.0,,0.010000000000000002,,32551.450000000004,7762.224,16117.639999999898,0.035,,,S1,Deep longshot,True,unsched_sports
brian_oneill_extension,KXSB-27-CHI,unscheduled_sports,sports_future,5,25,False,0.0,0.0,0.0,,0.010000000000000002,,65740.31,7762.224,48749.919999999925,0.035,,,S1,Deep longshot,True,unsched_sports
brian_oneill_extension,KXSB-27-CAR,unscheduled_sports,sports_future,1,25,False,0.0,0.0,0.0,,0.01,,2444.61,6212.624,0.0,0.01,,,S1,Deep longshot,True,unsched_sports
brian_oneill_extension,KXSB-27-CAR,unscheduled_sports,sports_future,3,25,False,0.0,0.0,0.0,,0.01,,9666.08,6212.624,7221.469999999972,0.01,,,S1,Deep longshot,True,unsched_sports
brian_oneill_extension,KXSB-27-CAR,unscheduled_sports,sports_future,5,25,False,0.0,0.0,0.0,,0.01,,11857.91,6212.624,9413.300000000047,0.01,,,S1,Deep longshot,True,unsched_sports
brian_oneill_extension,KXSB-27-BUF,unscheduled_sports,sports_future,1,25,False,0.009200000000000014,0.1407650857606213,0.13981762917933152,13.6,0.009999999999999995,,23630.87,17583.824399999998,0.0,0.07500000000000001,,,S2,Longshot,True,unsched_sports
brian_oneill_extension,KXSB-27-BUF,unscheduled_sports,sports_future,3,25,False,0.009200000000000014,0.1407650857606213,0.13981762917933152,13.6,0.009999999999999995,,74640.12999999999,17583.824399999998,48003.289999999804,0.07500000000000001,,,S2,Longshot,True,unsched_sports
brian_oneill_extension,KXSB-27-BUF,unscheduled_sports,sports_future,5,25,False,0.009200000000000014,0.1407650857606213,0.13981762917933152,13.6,0.009999999999999995,,136128.66999999998,17583.824399999998,105634.21999999997,0.07500000000000001,,,S2,Longshot,True,unsched_sports
brian_oneill_extension,KXSB-27-BAL,unscheduled_sports,sports_future,1,25,False,0.0092,0.16240487933187087,0.16487455197132617,13.6,0.010000000000000009,,4808.33,29495.923199999997,0.0,0.065,,,S2,Longshot,True,unsched_sports
brian_oneill_extension,KXSB-27-BAL,unscheduled_sports,sports_future,3,25,False,0.0092,0.16240487933187087,0.16487455197132617,13.6,0.010000000000000009,,35249.229999999996,29495.923199999997,30113.350000000093,0.065,,,S2,Longshot,True,unsched_sports
brian_oneill_extension,KXSB-27-BAL,unscheduled_sports,sports_future,5,25,False,0.0092,0.16240487933187087,0.16487455197132617,13.6,0.010000000000000009,,55249.77999999999,29495.923199999997,46483.77000000002,0.065,,,S2,Longshot,True,unsched_sports
brian_oneill_extension,KXSB-27-ATL,unscheduled_sports,sports_future,1,25,False,-0.0016000000000000007,-0.1500374741324535,-0.13793103448275867,13.6,0.01,,145.0,3233.6075999999994,0.0,0.01,,,S1,Deep longshot,True,unsched_sports
brian_oneill_extension,KXSB-27-ATL,unscheduled_sports,sports_future,3,25,False,-0.0016000000000000007,-0.1500374741324535,-0.13793103448275867,13.6,0.01,,28488.51,3233.6075999999994,28343.51000000001,0.01,,,S1,Deep longshot,True,unsched_sports
brian_oneill_extension,KXSB-27-ATL,unscheduled_sports,sports_future,5,25,False,-0.0016000000000000007,-0.1500374741324535,-0.13793103448275867,13.6,0.01,,29376.909999999996,3233.6075999999994,29231.910000000003,0.01,,,S1,Deep longshot,True,unsched_sports
brian_oneill_extension,KXSB-27-ARI,unscheduled_sports,sports_future,1,16,False,0.0,0.0,0.0,,0.01,,311.0,366.87166666666667,0.0,0.01,,,S1,Deep longshot,True,unsched_sports
brian_oneill_extension,KXSB-27-ARI,unscheduled_sports,sports_future,3,16,False,0.0,0.0,0.0,,0.01,,3252.1499999999996,366.87166666666667,2941.149999999994,0.01,,,S1,Deep longshot,True,unsched_sports
brian_oneill_extension,KXSB-27-ARI,unscheduled_sports,sports_future,5,16,False,0.0,0.0,0.0,,0.01,,3439.17,366.87166666666667,3128.170000000013,0.01,,,S1,Deep longshot,True,unsched_sports
aaron_donald_comeback,KXSB-27-WAS,unscheduled_sports,sports_future,1,25,False,-0.0020000000000000018,-0.12719566397892823,-0.11764705882352951,11.0,0.01,,18521.64,21459.2904,0.0,0.015,,,S1,Deep longshot,True,unsched_sports
aaron_donald_comeback,KXSB-27-WAS,unscheduled_sports,sports_future,3,25,False,-0.0020000000000000018,-0.12719566397892823,-0.11764705882352951,11.0,0.01,,19603.48,21459.2904,613.9399999999441,0.015,,,S1,Deep longshot,True,unsched_sports
aaron_donald_comeback,KXSB-27-WAS,unscheduled_sports,sports_future,5,25,False,-0.0020000000000000018,-0.12719566397892823,-0.11764705882352951,11.0,0.01,,34128.100000000006,21459.2904,15126.229999999981,0.015,,,S1,Deep longshot,True,unsched_sports
aaron_donald_comeback,KXSB-27-TEN,unscheduled_sports,sports_future,1,25,False,0.0,0.0,0.0,,0.01,,10851.33,4139.3352,0.0,0.01,,,S1,Deep longshot,True,unsched_sports
aaron_donald_comeback,KXSB-27-TEN,unscheduled_sports,sports_future,3,25,False,0.0,0.0,0.0,,0.01,,13000.38,4139.3352,2149.0499999999884,0.01,,,S1,Deep longshot,True,unsched_sports
aaron_donald_comeback,KXSB-27-TEN,unscheduled_sports,sports_future,5,25,False,0.0,0.0,0.0,,0.01,,15255.61,4139.3352,4404.280000000028,0.01,,,S1,Deep longshot,True,unsched_sports
aaron_donald_comeback,KXSB-27-TB,unscheduled_sports,sports_future,1,25,False,0.0,0.0,0.0,,0.01,,59891.3,3829.7752,0.0,0.015,,,S1,Deep longshot,True,unsched_sports
aaron_donald_comeback,KXSB-27-TB,unscheduled_sports,sports_future,3,25,False,0.0,0.0,0.0,,0.01,,81698.36000000002,3829.7752,21807.060000000056,0.015,,,S1,Deep longshot,True,unsched_sports
aaron_donald_comeback,KXSB-27-TB,unscheduled_sports,sports_future,5,25,False,0.0,0.0,0.0,,0.01,,103048.85,3829.7752,43152.87999999989,0.015,,,S1,Deep longshot,True,unsched_sports
aaron_donald_comeback,KXSB-27-SF,unscheduled_sports,sports_future,1,25,False,0.0,0.0,0.0,,0.010000000000000002,,52979.54,38172.176400000004,0.0,0.045,,,S1,Deep longshot,True,unsched_sports
aaron_donald_comeback,KXSB-27-SF,unscheduled_sports,sports_future,3,25,False,0.0,0.0,0.0,,0.010000000000000002,,145449.57,38172.176400000004,-62.110000000335276,0.045,,,S1,Deep longshot,True,unsched_sports
aaron_donald_comeback,KXSB-27-SF,unscheduled_sports,sports_future,5,25,False,0.0,0.0,0.0,,0.010000000000000002,,229163.35,38172.176400000004,-62.110000000335276,0.045,,,S1,Deep longshot,True,unsched_sports
aaron_donald_comeback,KXSB-27-SEA,unscheduled_sports,sports_future,1,25,False,0.0,0.0,0.0,,0.009999999999999995,,19532.18,34362.5864,0.0,0.07500000000000001,,,S2,Longshot,True,unsched_sports
aaron_donald_comeback,KXSB-27-SEA,unscheduled_sports,sports_future,3,25,False,0.0,0.0,0.0,,0.009999999999999995,,68805.81,34362.5864,21853.62999999989,0.07500000000000001,,,S2,Longshot,True,unsched_sports
aaron_donald_comeback,KXSB-27-SEA,unscheduled_sports,sports_future,5,25,False,0.0,0.0,0.0,,0.009999999999999995,,169194.22999999998,34362.5864,116148.59000000032,0.07500000000000001,,,S2,Longshot,True,unsched_sports
aaron_donald_comeback,KXSB-27-PIT,unscheduled_sports,sports_future,1,25,False,0.0,0.0,0.0,,0.01,,11404.06,15343.375600000001,0.0,0.015,,,S1,Deep longshot,True,unsched_sports
aaron_donald_comeback,KXSB-27-PIT,unscheduled_sports,sports_future,3,25,False,-0.004999999999999999,-0.4105284100647113,-0.3333333333333333,59.0,0.01,,40218.509999999995,15343.375600000001,26839.47000000009,0.015,,,S1,Deep longshot,True,unsched_sports
aaron_donald_comeback,KXSB-27-PIT,unscheduled_sports,sports_future,5,25,False,-0.004999999999999999,-0.4105284100647113,-0.3333333333333333,59.0,0.01,,126879.34999999999,15343.375600000001,113500.30999999994,0.015,,,S1,Deep longshot,True,unsched_sports
aaron_donald_comeback,KXSB-27-PHI,unscheduled_sports,sports_future,1,25,False,0.0,0.0,0.0,,0.010000000000000002,,15751.66,26892.441199999997,0.0,0.045,,,S1,Deep longshot,True,unsched_sports
aaron_donald_comeback,KXSB-27-PHI,unscheduled_sports,sports_future,3,25,False,0.0,0.0,0.0,,0.010000000000000002,,57462.99,26892.441199999997,38978.80000000005,0.045,,,S1,Deep longshot,True,unsched_sports
aaron_donald_comeback,KXSB-27-PHI,unscheduled_sports,sports_future,5,25,False,0.0,0.0,0.0,,0.010000000000000002,,115626.84,26892.441199999997,93063.37000000011,0.045,,,S1,Deep longshot,True,unsched_sports
aaron_donald_comeback,KXSB-27-NYJ,unscheduled_sports,sports_future,1,23,False,-3.469446951953614e-18,0.0,-3.4694469519536127e-16,,0.01,,4641.08,2974.3876,0.0,0.01,,,S1,Deep longshot,True,unsched_sports
aaron_donald_comeback,KXSB-27-NYJ,unscheduled_sports,sports_future,3,23,False,-3.469446951953614e-18,0.0,-3.4694469519536127e-16,,0.01,,7633.65,2974.3876,2992.570000000007,0.01,,,S1,Deep longshot,True,unsched_sports
aaron_donald_comeback,KXSB-27-NYJ,unscheduled_sports,sports_future,5,23,False,-3.469446951953614e-18,0.0,-3.4694469519536127e-16,,0.01,,33219.18,2974.3876,28578.100000000035,0.01,,,S1,Deep longshot,True,unsched_sports
aaron_donald_comeback,KXSB-27-NYG,unscheduled_sports,sports_future,1,25,False,0.0,0.0,0.0,,0.01,,10589.61,21369.9952,0.0,0.015,,,S1,Deep longshot,True,unsched_sports
aaron_donald_comeback,KXSB-27-NYG,unscheduled_sports,sports_future,3,25,False,0.0,0.0,0.0,,0.01,,67974.57,21369.9952,49571.0,0.015,,,S1,Deep longshot,True,unsched_sports
aaron_donald_comeback,KXSB-27-NYG,unscheduled_sports,sports_future,5,25,False,0.0,0.0,0.0,,0.01,,199379.44000000003,21369.9952,179663.28999999957,0.015,,,S1,Deep longshot,True,unsched_sports
aaron_donald_comeback,KXSB-27-NO,unscheduled_sports,sports_future,1,25,False,0.0,0.0,0.0,,0.01,,9074.38,14727.9276,0.0,0.01,,,S1,Deep longshot,True,unsched_sports
aaron_donald_comeback,KXSB-27-NO,unscheduled_sports,sports_future,3,25,False,0.0,0.0,0.0,,0.01,,81030.28000000001,14727.9276,71955.8999999999,0.01,,,S1,Deep longshot,True,unsched_sports
aaron_donald_comeback,KXSB-27-NO,unscheduled_sports,sports_future,5,25,False,0.0,0.0,0.0,,0.01,,149900.55000000002,14727.9276,140826.16999999993,0.01,,,S1,Deep longshot,True,unsched_sports
aaron_donald_comeback,KXSB-27-NE,unscheduled_sports,sports_future,1,25,False,0.0,0.0,0.0,,0.010000000000000002,,12856.95,21229.8596,0.0,0.045,,,S1,Deep longshot,True,unsched_sports
aaron_donald_comeback,KXSB-27-NE,unscheduled_sports,sports_future,3,25,False,0.0,0.0,0.0,,0.010000000000000002,,51995.85,21229.8596,34348.580000000075,0.045,,,S1,Deep longshot,True,unsched_sports
aaron_donald_comeback,KXSB-27-NE,unscheduled_sports,sports_future,5,25,False,0.0,0.0,0.0,,0.010000000000000002,,76262.51,21229.8596,57880.93000000017,0.045,,,S1,Deep longshot,True,unsched_sports
aaron_donald_comeback,KXSB-27-MIN,unscheduled_sports,sports_future,1,25,False,0.010000000000000002,0.5210297939402322,0.6666666666666669,11.0,0.009999999999999998,,31639.72,46372.359599999996,0.0,0.025,,,S1,Deep longshot,True,unsched_sports
aaron_donald_comeback,KXSB-27-MIN,unscheduled_sports,sports_future,3,25,False,0.010000000000000002,0.5210297939402322,0.6666666666666669,11.0,0.009999999999999998,,51284.100000000006,46372.359599999996,8362.560000000056,0.025,,,S1,Deep longshot,True,unsched_sports
aaron_donald_comeback,KXSB-27-MIN,unscheduled_sports,sports_future,5,25,False,0.010000000000000002,0.5210297939402322,0.6666666666666669,11.0,0.009999999999999998,,91280.63,46372.359599999996,8362.560000000056,0.025,,,S1,Deep longshot,True,unsched_sports
aaron_donald_comeback,KXSB-27-MIA,unscheduled_sports,sports_future,1,24,False,0.0,0.0,0.0,,0.01,,11667.34,6662.322399999999,0.0,0.01,,,S1,Deep longshot,True,unsched_sports
aaron_donald_comeback,KXSB-27-MIA,unscheduled_sports,sports_future,3,24,False,0.0,0.0,0.0,,0.01,,14201.68,6662.322399999999,2534.339999999851,0.01,,,S1,Deep longshot,True,unsched_sports
aaron_donald_comeback,KXSB-27-MIA,unscheduled_sports,sports_future,5,24,False,0.0,0.0,0.0,,0.01,,48509.44,6662.322399999999,36842.09999999986,0.01,,,S1,Deep longshot,True,unsched_sports
aaron_donald_comeback,KXSB-27-LV,unscheduled_sports,sports_future,1,25,False,0.0,0.0,0.0,,0.01,,8278.46,24168.818400000004,0.0,0.01,,,S1,Deep longshot,True,unsched_sports
aaron_donald_comeback,KXSB-27-LV,unscheduled_sports,sports_future,3,25,False,0.0,0.0,0.0,,0.01,,30072.36,24168.818400000004,21793.899999999907,0.01,,,S1,Deep longshot,True,unsched_sports
aaron_donald_comeback,KXSB-27-LV,unscheduled_sports,sports_future,5,25,False,0.0,0.0,0.0,,0.01,,59795.65,24168.818400000004,51517.189999999944,0.01,,,S1,Deep longshot,True,unsched_sports
aaron_donald_comeback,KXSB-27-LAR,unscheduled_sports,sports_future,1,25,False,0.0015999999999999903,0.01226792871574034,0.010430247718383247,11.0,0.010000000000000009,,758085.51,47820.846399999995,0.0,0.155,,,S3,Contender,True,unsched_sports
aaron_donald_comeback,KXSB-27-LAR,unscheduled_sports,sports_future,3,25,False,0.0015999999999999903,0.01226792871574034,0.010430247718383247,11.0,0.010000000000000009,,1125987.9500000002,47820.846399999995,337748.0900000008,0.155,,,S3,Contender,True,unsched_sports
aaron_donald_comeback,KXSB-27-LAR,unscheduled_sports,sports_future,5,25,False,0.006599999999999995,0.049951362550135325,0.04302477183833112,35.0,0.01200000000000001,,1257845.81,47820.846399999995,400809.23000000045,0.155,,,S3,Contender,True,unsched_sports
aaron_donald_comeback,KXSB-27-LAC,unscheduled_sports,sports_future,1,25,False,0.0,0.0,0.0,,0.010000000000000002,,32714.27,19850.7784,0.0,0.045,,,S1,Deep longshot,True,unsched_sports
aaron_donald_comeback,KXSB-27-LAC,unscheduled_sports,sports_future,3,25,False,0.0,0.0,0.0,,0.010000000000000002,,76065.73999999999,19850.7784,31825.27000000002,0.045,,,S1,Deep longshot,True,unsched_sports
aaron_donald_comeback,KXSB-27-LAC,unscheduled_sports,sports_future,5,25,False,0.0,0.0,0.0,,0.010000000000000002,,147421.25,19850.7784,94286.04000000004,0.045,,,S1,Deep longshot,True,unsched_sports
aaron_donald_comeback,KXSB-27-KC,unscheduled_sports,sports_future,1,25,False,0.0,0.0,0.0,,0.009999999999999995,,30212.56,21495.431599999996,0.0,0.055,,,S2,Longshot,True,unsched_sports
aaron_donald_comeback,KXSB-27-KC,unscheduled_sports,sports_future,3,25,False,0.0,0.0,0.0,,0.009999999999999995,,75893.34,21495.431599999996,42351.689999999944,0.055,,,S2,Longshot,True,unsched_sports
aaron_donald_comeback,KXSB-27-KC,unscheduled_sports,sports_future,5,25,False,0.0,0.0,0.0,,0.009999999999999995,,107714.59999999999,21495.431599999996,70675.53000000026,0.055,,,S2,Longshot,True,unsched_sports
aaron_donald_comeback,KXSB-27-JAC,unscheduled_sports,sports_future,1,25,False,-3.469446951953614e-18,0.0,-1.3877787807814454e-16,,0.009999999999999998,,7926.11,10639.781200000001,0.0,0.025,,,S1,Deep longshot,True,unsched_sports
aaron_donald_comeback,KXSB-27-JAC,unscheduled_sports,sports_future,3,25,False,-3.469446951953614e-18,0.0,-1.3877787807814454e-16,,0.009999999999999998,,65231.94,10639.781200000001,-5438.090000000084,0.025,,,S1,Deep longshot,True,unsched_sports
aaron_donald_comeback,KXSB-27-JAC,unscheduled_sports,sports_future,5,25,False,-3.469446951953614e-18,0.0,-1.3877787807814454e-16,,0.009999999999999998,,145097.74,10639.781200000001,74417.70999999996,0.025,,,S1,Deep longshot,True,unsched_sports
aaron_donald_comeback,KXSB-27-IND,unscheduled_sports,sports_future,1,25,False,0.0,0.0,0.0,,0.01,,5964.39,4294.1112,0.0,0.015,,,S1,Deep longshot,True,unsched_sports
aaron_donald_comeback,KXSB-27-IND,unscheduled_sports,sports_future,3,25,False,0.0,0.0,0.0,,0.01,,17107.78,4294.1112,11095.599999999977,0.015,,,S1,Deep longshot,True,unsched_sports
aaron_donald_comeback,KXSB-27-IND,unscheduled_sports,sports_future,5,25,False,0.0,0.0,0.0,,0.01,,25487.77,4294.1112,19429.089999999967,0.015,,,S1,Deep longshot,True,unsched_sports
aaron_donald_comeback,KXSB-27-HOU,unscheduled_sports,sports_future,1,25,False,0.004800000000000006,0.1178090830887597,0.11940298507462703,11.0,0.010000000000000002,,38482.72,67599.3288,0.0,0.045,,,S1,Deep longshot,True,unsched_sports
aaron_donald_comeback,KXSB-27-HOU,unscheduled_sports,sports_future,3,25,False,0.004800000000000006,0.1178090830887597,0.11940298507462703,11.0,0.010000000000000002,,112362.25,67599.3288,12129.339999999851,0.045,,,S1,Deep longshot,True,unsched_sports
aaron_donald_comeback,KXSB-27-HOU,unscheduled_sports,sports_future,5,25,False,0.004800000000000006,0.1178090830887597,0.11940298507462703,11.0,0.010000000000000002,,200532.68,67599.3288,72817.25,0.045,,,S1,Deep longshot,True,unsched_sports
aaron_donald_comeback,KXSB-27-GB,unscheduled_sports,sports_future,1,25,False,0.0,0.0,0.0,,0.010000000000000002,,37528.48,29034.4196,0.0,0.035,,,S1,Deep longshot,True,unsched_sports
aaron_donald_comeback,KXSB-27-GB,unscheduled_sports,sports_future,3,25,False,0.0,0.0,0.0,,0.010000000000000002,,86663.48,29034.4196,47797.299999999814,0.035,,,S1,Deep longshot,True,unsched_sports
aaron_donald_comeback,KXSB-27-GB,unscheduled_sports,sports_future,5,25,False,0.0,0.0,0.0,,0.010000000000000002,,140095.66999999998,29034.4196,90062.48999999999,0.035,,,S1,Deep longshot,True,unsched_sports
aaron_donald_comeback,KXSB-27-DET,unscheduled_sports,sports_future,1,25,False,0.0,0.0,0.0,,0.010000000000000002,,43329.45,25432.11,0.0,0.035,,,S1,Deep longshot,True,unsched_sports
aaron_donald_comeback,KXSB-27-DET,unscheduled_sports,sports_future,3,25,False,0.0,0.0,0.0,,0.010000000000000002,,111682.87,25432.11,5069.180000000168,0.035,,,S1,Deep longshot,True,unsched_sports
aaron_donald_comeback,KXSB-27-DET,unscheduled_sports,sports_future,5,25,False,0.0,0.0,0.0,,0.010000000000000002,,179448.75,25432.11,72389.45999999996,0.035,,,S1,Deep longshot,True,unsched_sports
aaron_donald_comeback,KXSB-27-DEN,unscheduled_sports,sports_future,1,25,False,0.0,0.0,0.0,,0.010000000000000002,,64715.72,43361.98999999999,0.0,0.045,,,S1,Deep longshot,True,unsched_sports
aaron_donald_comeback,KXSB-27-DEN,unscheduled_sports,sports_future,3,25,False,0.0,0.0,0.0,,0.010000000000000002,,280545.64,43361.98999999999,197201.52000000002,0.045,,,S1,Deep longshot,True,unsched_sports
aaron_donald_comeback,KXSB-27-DEN,unscheduled_sports,sports_future,5,25,False,0.0050000000000000044,0.11060987154397006,0.11111111111111122,107.0,0.012,,447817.24,43361.98999999999,340768.2999999998,0.045,,,S1,Deep longshot,True,unsched_sports
aaron_donald_comeback,KXSB-27-DAL,unscheduled_sports,sports_future,1,25,False,0.005600000000000001,0.13874342221642566,0.1421319796954315,11.0,0.010000000000000002,,177433.47,90278.52560000002,0.0,0.045,,,S1,Deep longshot,True,unsched_sports
aaron_donald_comeback,KXSB-27-DAL,unscheduled_sports,sports_future,3,25,False,0.005600000000000001,0.13874342221642566,0.1421319796954315,11.0,0.010000000000000002,,268471.83,90278.52560000002,73814.49000000022,0.045,,,S1,Deep longshot,True,unsched_sports
aaron_donald_comeback,KXSB-27-DAL,unscheduled_sports,sports_future,5,25,False,0.005600000000000001,0.13874342221642566,0.1421319796954315,11.0,0.010000000000000002,,530404.25,90278.52560000002,312638.1299999999,0.045,,,S1,Deep longshot,True,unsched_sports
aaron_donald_comeback,KXSB-27-CLE,unscheduled_sports,sports_future,1,24,False,0.0,0.0,0.0,,0.01,,3270.72,2071.5476000000003,0.0,0.01,,,S1,Deep longshot,True,unsched_sports
aaron_donald_comeback,KXSB-27-CLE,unscheduled_sports,sports_future,3,24,False,0.0,0.0,0.0,,0.01,,7731.82,2071.5476000000003,4461.099999999977,0.01,,,S1,Deep longshot,True,unsched_sports
aaron_donald_comeback,KXSB-27-CLE,unscheduled_sports,sports_future,5,24,False,0.0,0.0,0.0,,0.01,,12354.2,2071.5476000000003,9083.479999999981,0.01,,,S1,Deep longshot,True,unsched_sports
aaron_donald_comeback,KXSB-27-CIN,unscheduled_sports,sports_future,1,25,False,0.0,0.0,0.0,,0.010000000000000002,,22800.14,45238.7704,0.0,0.045,,,S1,Deep longshot,True,unsched_sports
aaron_donald_comeback,KXSB-27-CIN,unscheduled_sports,sports_future,3,25,False,0.0,0.0,0.0,,0.010000000000000002,,60023.88,45238.7704,31627.419999999925,0.045,,,S1,Deep longshot,True,unsched_sports
aaron_donald_comeback,KXSB-27-CIN,unscheduled_sports,sports_future,5,25,False,0.0,0.0,0.0,,0.010000000000000002,,186662.78,45238.7704,71021.78000000026,0.045,,,S1,Deep longshot,True,unsched_sports
aaron_donald_comeback,KXSB-27-CHI,unscheduled_sports,sports_future,1,25,False,0.0,0.0,0.0,,0.010000000000000002,,17880.08,32388.7252,0.0,0.035,,,S1,Deep longshot,True,unsched_sports
aaron_donald_comeback,KXSB-27-CHI,unscheduled_sports,sports_future,3,25,False,0.0,0.0,0.0,,0.010000000000000002,,78159.8,32388.7252,54059.99000000022,0.035,,,S1,Deep longshot,True,unsched_sports
aaron_donald_comeback,KXSB-27-CHI,unscheduled_sports,sports_future,5,25,False,0.0,0.0,0.0,,0.010000000000000002,,160310.06,32388.7252,134661.27000000002,0.035,,,S1,Deep longshot,True,unsched_sports
aaron_donald_comeback,KXSB-27-CAR,unscheduled_sports,sports_future,1,25,False,0.0,0.0,0.0,,0.01,,12386.82,5689.29,0.0,0.01,,,S1,Deep longshot,True,unsched_sports
aaron_donald_comeback,KXSB-27-CAR,unscheduled_sports,sports_future,3,25,False,0.0,0.0,0.0,,0.01,,25281.22,5689.29,12894.40000000014,0.01,,,S1,Deep longshot,True,unsched_sports
aaron_donald_comeback,KXSB-27-CAR,unscheduled_sports,sports_future,5,25,False,0.0,0.0,0.0,,0.01,,88687.72,5689.29,76300.90000000014,0.01,,,S1,Deep longshot,True,unsched_sports
aaron_donald_comeback,KXSB-27-BUF,unscheduled_sports,sports_future,1,25,False,0.0003999999999999976,0.005779945287069044,0.0053619302949061325,11.0,0.009999999999999995,,89560.33,62833.4084,0.0,0.07500000000000001,,,S2,Longshot,True,unsched_sports
aaron_donald_comeback,KXSB-27-BUF,unscheduled_sports,sports_future,3,25,False,0.0003999999999999976,0.005779945287069044,0.0053619302949061325,11.0,0.009999999999999995,,178772.77000000002,62833.4084,79166.95999999996,0.07500000000000001,,,S2,Longshot,True,unsched_sports
aaron_donald_comeback,KXSB-27-BUF,unscheduled_sports,sports_future,5,25,False,0.0003999999999999976,0.005779945287069044,0.0053619302949061325,11.0,0.009999999999999995,,289211.56000000006,62833.4084,157631.0299999998,0.07500000000000001,,,S2,Longshot,True,unsched_sports
aaron_donald_comeback,KXSB-27-BAL,unscheduled_sports,sports_future,1,25,False,0.0,0.0,0.0,,0.010000000000000009,,25570.17,19400.4832,0.0,0.065,,,S2,Longshot,True,unsched_sports
aaron_donald_comeback,KXSB-27-BAL,unscheduled_sports,sports_future,3,25,False,0.0,0.0,0.0,,0.010000000000000009,,175444.47999999998,19400.4832,140590.25,0.065,,,S2,Longshot,True,unsched_sports
aaron_donald_comeback,KXSB-27-BAL,unscheduled_sports,sports_future,5,25,False,0.0,0.0,0.0,,0.010000000000000009,,235569.15,19400.4832,138912.56000000006,0.065,,,S2,Longshot,True,unsched_sports
aaron_donald_comeback,KXSB-27-ATL,unscheduled_sports,sports_future,1,25,False,0.0,0.0,0.0,,0.01,,5391.1,4686.8388,0.0,0.01,,,S1,Deep longshot,True,unsched_sports
aaron_donald_comeback,KXSB-27-ATL,unscheduled_sports,sports_future,3,25,False,0.0,0.0,0.0,,0.01,,9486.12,4686.8388,4095.0200000000186,0.01,,,S1,Deep longshot,True,unsched_sports
aaron_donald_comeback,KXSB-27-ATL,unscheduled_sports,sports_future,5,25,False,0.0,0.0,0.0,,0.01,,20704.36,4686.8388,15313.26000000001,0.01,,,S1,Deep longshot,True,unsched_sports
aaron_donald_comeback,KXSB-27-ARI,unscheduled_sports,sports_future,1,25,False,0.0,0.0,0.0,,0.01,,3102.97,6788.158799999999,0.0,0.01,,,S1,Deep longshot,True,unsched_sports
aaron_donald_comeback,KXSB-27-ARI,unscheduled_sports,sports_future,3,25,False,0.0,0.0,0.0,,0.01,,8687.95,6788.158799999999,5584.98000000004,0.01,,,S1,Deep longshot,True,unsched_sports
aaron_donald_comeback,KXSB-27-ARI,unscheduled_sports,sports_future,5,25,False,0.0,0.0,0.0,,0.01,,11868.640000000001,6788.158799999999,8765.670000000042,0.01,,,S1,Deep longshot,True,unsched_sports
nba_schedule_release,KXNBA-27-WAS,scheduled_sports,sports_future,1,25,False,-0.0010000000000000009,-0.09632079131024796,-0.09090909090909098,8.866666666666667,0.01,,1393.84,13694.9804,0.0,0.01,,,S1,Deep longshot,True,sched_sports
nba_schedule_release,KXNBA-27-WAS,scheduled_sports,sports_future,3,25,False,-0.0010000000000000009,-0.09632079131024796,-0.09090909090909098,8.866666666666667,0.01,,4458.6,13694.9804,3064.7600000000093,0.01,,,S1,Deep longshot,True,sched_sports
nba_schedule_release,KXNBA-27-WAS,scheduled_sports,sports_future,5,25,False,-0.0010000000000000009,-0.09632079131024796,-0.09090909090909098,8.866666666666667,0.01,,4926.1900000000005,13694.9804,3532.3499999999767,0.01,,,S1,Deep longshot,True,sched_sports
nba_schedule_release,KXNBA-27-UTA,scheduled_sports,sports_future,1,21,False,-1.734723475976807e-18,0.0,-1.7347234759768068e-16,,0.01,,166.0,3025.6112,0.0,0.01,,,S1,Deep longshot,True,sched_sports
nba_schedule_release,KXNBA-27-UTA,scheduled_sports,sports_future,3,21,False,,,,,0.01,,259.51,3025.6112,93.51000000000931,0.01,,,S1,Deep longshot,True,sched_sports
nba_schedule_release,KXNBA-27-UTA,scheduled_sports,sports_future,5,21,False,-1.734723475976807e-18,0.0,-1.7347234759768068e-16,,0.01,,7750.37,3025.6112,7584.369999999995,0.01,,,S1,Deep longshot,True,sched_sports
nba_schedule_release,KXNBA-27-TOR,scheduled_sports,sports_future,1,25,False,0.0,0.0,0.0,,0.010000000000000002,,11.71,1481.1036,0.0,0.035,,,S1,Deep longshot,True,sched_sports
nba_schedule_release,KXNBA-27-TOR,scheduled_sports,sports_future,3,25,False,-0.010000000000000002,-0.34678160628007415,-0.28571428571428575,56.86666666666667,0.01,,55843.979999999996,1481.1036,29901.95000000007,0.035,,,S1,Deep longshot,True,sched_sports
nba_schedule_release,KXNBA-27-TOR,scheduled_sports,sports_future,5,25,False,-0.010000000000000002,-0.34678160628007415,-0.28571428571428575,56.86666666666667,0.01,,76187.31999999999,1481.1036,50245.29000000004,0.035,,,S1,Deep longshot,True,sched_sports
nba_schedule_release,KXNBA-27-SAS,scheduled_sports,sports_future,1,25,False,0.019199999999999995,0.11366786814827523,0.09329446064139939,8.866666666666667,0.010000000000000009,,909.33,15812.239599999999,0.0,0.235,,,S3,Contender,True,sched_sports
nba_schedule_release,KXNBA-27-SAS,scheduled_sports,sports_future,3,25,False,0.019199999999999995,0.11366786814827523,0.09329446064139939,8.866666666666667,0.010000000000000009,,4607.4,15812.239599999999,2143.5200000000186,0.235,,,S3,Contender,True,sched_sports
nba_schedule_release,KXNBA-27-SAS,scheduled_sports,sports_future,5,25,False,0.019199999999999995,0.11366786814827523,0.09329446064139939,8.866666666666667,0.010000000000000009,,25670.21,15812.239599999999,-10783.399999999965,0.235,,,S3,Contender,True,sched_sports
nba_schedule_release,KXNBA-27-SAC,scheduled_sports,sports_future,1,15,False,,,,,0.01,,0.0,1477.0095999999999,0.0,,,,S?,No quote,True,sched_sports
nba_schedule_release,KXNBA-27-SAC,scheduled_sports,sports_future,3,15,False,,,,,0.01,,0.0,1477.0095999999999,0.0,,,,S?,No quote,True,sched_sports
nba_schedule_release,KXNBA-27-SAC,scheduled_sports,sports_future,5,15,False,,,,,0.01,,0.0,1477.0095999999999,0.0,,,,S?,No quote,True,sched_sports
nba_schedule_release,KXNBA-27-POR,scheduled_sports,sports_future,1,24,False,-0.0018750000000000017,-0.1737459920915585,-0.15789473684210537,8.866666666666667,0.01,,93.0,12149.8424,0.0,0.01,,,S1,Deep longshot,True,sched_sports
nba_schedule_release,KXNBA-27-POR,scheduled_sports,sports_future,3,24,False,-0.0018750000000000017,-0.1737459920915585,-0.15789473684210537,8.866666666666667,0.01,,8363.68,12149.8424,8270.679999999935,0.01,,,S1,Deep longshot,True,sched_sports
nba_schedule_release,KXNBA-27-POR,scheduled_sports,sports_future,5,24,False,-0.0018750000000000017,-0.1737459920915585,-0.15789473684210537,8.866666666666667,0.01,,8858.39,12149.8424,8765.389999999898,0.01,,,S1,Deep longshot,True,sched_sports
nba_schedule_release,KXNBA-27-PHX,scheduled_sports,sports_future,1,16,False,,,,,0.01,,0.0,1604.1848,0.0,0.01,,,S1,Deep longshot,True,sched_sports
nba_schedule_release,KXNBA-27-PHX,scheduled_sports,sports_future,3,16,False,,,,,0.01,,0.0,1604.1848,0.0,0.01,,,S1,Deep longshot,True,sched_sports
nba_schedule_release,KXNBA-27-PHX,scheduled_sports,sports_future,5,16,False,,,,,0.01,,0.0,1604.1848,0.0,0.01,,,S1,Deep longshot,True,sched_sports
nba_schedule_release,KXNBA-27-PHI,scheduled_sports,sports_future,1,25,False,0.010400000000000006,0.11585599082669384,0.10993657505285419,8.866666666666667,0.009999999999999995,,42502.35,206092.96079999997,0.0,0.10500000000000001,,,S2,Longshot,True,sched_sports
nba_schedule_release,KXNBA-27-PHI,scheduled_sports,sports_future,3,25,False,0.010400000000000006,0.11585599082669384,0.10993657505285419,8.866666666666667,0.009999999999999995,,106832.78,206092.96079999997,36792.23999999929,0.10500000000000001,,,S2,Longshot,True,sched_sports
nba_schedule_release,KXNBA-27-PHI,scheduled_sports,sports_future,5,25,False,0.0003999999999999976,0.004661306844640389,0.004228329809725133,8.866666666666667,0.009999999999999998,,219105.53000000003,206092.96079999997,75926.26999999955,0.10500000000000001,,,S2,Longshot,True,sched_sports
nba_schedule_release,KXNBA-27-ORL,scheduled_sports,sports_future,1,23,False,,,,,0.01,,0.0,25695.036000000007,0.0,0.01,,,S1,Deep longshot,True,sched_sports
nba_schedule_release,KXNBA-27-ORL,scheduled_sports,sports_future,3,23,False,-0.0013043478260869584,-0.12392071384559067,-0.11538461538461553,56.86666666666667,0.01,,385118.0,25695.036000000007,0.0,0.01,,,S1,Deep longshot,True,sched_sports
nba_schedule_release,KXNBA-27-ORL,scheduled_sports,sports_future,5,23,False,,,,,0.01,,385118.0,25695.036000000007,0.0,0.01,,,S1,Deep longshot,True,sched_sports
nba_schedule_release,KXNBA-27-OKC,scheduled_sports,sports_future,1,25,False,0.012400000000000022,0.072561285452863,0.05832549388523059,8.866666666666667,0.010000000000000009,,905.36,10892.456,0.0,0.225,,,S3,Contender,True,sched_sports
nba_schedule_release,KXNBA-27-OKC,scheduled_sports,sports_future,3,25,False,0.012400000000000022,0.072561285452863,0.05832549388523059,8.866666666666667,0.010000000000000009,,3667.12,10892.456,-121.88000000000466,0.225,,,S3,Contender,True,sched_sports
nba_schedule_release,KXNBA-27-OKC,scheduled_sports,sports_future,5,25,False,0.012400000000000022,0.072561285452863,0.05832549388523059,8.866666666666667,0.010000000000000009,,8213.99,10892.456,-123.98999999999069,0.225,,,S3,Contender,True,sched_sports
nba_schedule_release,KXNBA-27-NYK,scheduled_sports,sports_future,1,25,False,0.0049999999999999906,0.06607422658399953,0.06249999999999988,8.866666666666667,0.009999999999999995,,2931.9,18250.044400000002,0.0,0.08499999999999999,,,S2,Longshot,True,sched_sports
nba_schedule_release,KXNBA-27-NYK,scheduled_sports,sports_future,3,25,False,0.0049999999999999906,0.06607422658399953,0.06249999999999988,8.866666666666667,0.009999999999999995,,21737.17,18250.044400000002,15250.730000000098,0.08499999999999999,,,S2,Longshot,True,sched_sports
nba_schedule_release,KXNBA-27-NYK,scheduled_sports,sports_future,5,25,False,0.0049999999999999906,0.06607422658399953,0.06249999999999988,8.866666666666667,0.009999999999999995,,43124.21000000001,18250.044400000002,18922.040000000037,0.08499999999999999,,,S2,Longshot,True,sched_sports
nba_schedule_release,KXNBA-27-NOP,scheduled_sports,sports_future,1,10,False,1.734723475976807e-18,0.0,1.7347234759768073e-16,,0.01,,1309.26,86.42083333333333,0.0,,,,S?,No quote,True,sched_sports
nba_schedule_release,KXNBA-27-NOP,scheduled_sports,sports_future,3,10,False,,,,,0.01,,1309.26,86.42083333333333,0.0,,,,S?,No quote,True,sched_sports
nba_schedule_release,KXNBA-27-NOP,scheduled_sports,sports_future,5,10,False,,,,,0.01,,1309.26,86.42083333333333,0.0,,,,S?,No quote,True,sched_sports
nba_schedule_release,KXNBA-27-MIN,scheduled_sports,sports_future,1,25,False,-0.0102,-0.35268690276077663,-0.2897727272727273,8.866666666666667,0.009999999999999998,,17307.29,12490.714,0.0,0.035,,,S1,Deep longshot,True,sched_sports
nba_schedule_release,KXNBA-27-MIN,scheduled_sports,sports_future,3,25,False,-0.0102,-0.35268690276077663,-0.2897727272727273,8.866666666666667,0.01333333333333333,,28406.270000000004,12490.714,10052.130000000005,0.035,,,S1,Deep longshot,True,sched_sports
nba_schedule_release,KXNBA-27-MIN,scheduled_sports,sports_future,5,25,False,-0.0102,-0.35268690276077663,-0.2897727272727273,8.866666666666667,0.011999999999999997,,48632.600000000006,12490.714,29739.959999999963,0.035,,,S1,Deep longshot,True,sched_sports
nba_schedule_release,KXNBA-27-MIL,scheduled_sports,sports_future,1,15,False,,,,,0.01,,0.0,449.2864,0.0,0.01,,,S1,Deep longshot,True,sched_sports
nba_schedule_release,KXNBA-27-MIL,scheduled_sports,sports_future,3,15,False,0.0,0.0,0.0,,0.01,,93.51,449.2864,93.51000000000204,0.01,,,S1,Deep longshot,True,sched_sports
nba_schedule_release,KXNBA-27-MIL,scheduled_sports,sports_future,5,15,False,,,,,0.01,,93.51,449.2864,93.51000000000204,0.01,,,S1,Deep longshot,True,sched_sports
nba_schedule_release,KXNBA-27-MIA,scheduled_sports,sports_future,1,25,False,-0.015799999999999995,-0.38905686987239996,-0.311023622047244,8.866666666666667,0.010000000000000002,,23838.05,52022.844,0.0,0.035,,,S1,Deep longshot,True,sched_sports
nba_schedule_release,KXNBA-27-MIA,scheduled_sports,sports_future,3,25,False,-0.015799999999999995,-0.38905686987239996,-0.311023622047244,8.866666666666667,0.010000000000000002,,31805.39,52022.844,2377.6500000001397,0.035,,,S1,Deep longshot,True,sched_sports
nba_schedule_release,KXNBA-27-MIA,scheduled_sports,sports_future,5,25,False,-0.015799999999999995,-0.38905686987239996,-0.311023622047244,8.866666666666667,0.010000000000000002,,32655.64,52022.844,2993.6500000001397,0.035,,,S1,Deep longshot,True,sched_sports
nba_schedule_release,KXNBA-27-MEM,scheduled_sports,sports_future,1,10,False,1.734723475976807e-18,0.0,1.7347234759768073e-16,,0.01,,748.15,223.51319999999998,0.0,,,,S?,No quote,True,sched_sports
nba_schedule_release,KXNBA-27-MEM,scheduled_sports,sports_future,3,10,False,1.734723475976807e-18,0.0,1.7347234759768073e-16,,0.01,,1075606.15,223.51319999999998,1074344.98,,,,S?,No quote,True,sched_sports
nba_schedule_release,KXNBA-27-MEM,scheduled_sports,sports_future,5,10,False,,,,,0.01,,1075606.15,223.51319999999998,1074344.98,,,,S?,No quote,True,sched_sports
nba_schedule_release,KXNBA-27-LAL,scheduled_sports,sports_future,1,25,False,-0.0032000000000000015,-0.12373360210191153,-0.11347517730496458,8.866666666666667,0.009999999999999998,,46382.49,23795.313200000004,0.0,0.025,,,S1,Deep longshot,True,sched_sports
nba_schedule_release,KXNBA-27-LAL,scheduled_sports,sports_future,3,25,False,-0.0032000000000000015,-0.12373360210191153,-0.11347517730496458,8.866666666666667,0.009999999999999998,,57682.59999999999,23795.313200000004,11021.550000000047,0.025,,,S1,Deep longshot,True,sched_sports
nba_schedule_release,KXNBA-27-LAL,scheduled_sports,sports_future,5,25,False,-0.0032000000000000015,-0.12373360210191153,-0.11347517730496458,8.866666666666667,0.009999999999999998,,95989.52999999998,23795.313200000004,49318.679999999935,0.025,,,S1,Deep longshot,True,sched_sports
nba_schedule_release,KXNBA-27-LAC,scheduled_sports,sports_future,1,16,False,,,,,0.01,,0.0,592.2056,0.0,0.01,,,S1,Deep longshot,True,sched_sports
nba_schedule_release,KXNBA-27-LAC,scheduled_sports,sports_future,3,16,False,,,,,0.01,,0.0,592.2056,0.0,0.01,,,S1,Deep longshot,True,sched_sports
nba_schedule_release,KXNBA-27-LAC,scheduled_sports,sports_future,5,16,False,0.0,0.0,0.0,,0.01,,333.0,592.2056,333.0,0.01,,,S1,Deep longshot,True,sched_sports
nba_schedule_release,KXNBA-27-IND,scheduled_sports,sports_future,1,25,False,-0.0032000000000000015,-0.19662541252867616,-0.1758241758241759,8.866666666666667,0.01,,9862.91,10660.8444,0.0,0.015,,,S1,Deep longshot,True,sched_sports
nba_schedule_release,KXNBA-27-IND,scheduled_sports,sports_future,3,25,False,-0.0032000000000000015,-0.19662541252867616,-0.1758241758241759,8.866666666666667,0.01,,32059.3,10660.8444,21452.75,0.015,,,S1,Deep longshot,True,sched_sports
nba_schedule_release,KXNBA-27-IND,scheduled_sports,sports_future,5,25,False,-0.0032000000000000015,-0.19662541252867616,-0.1758241758241759,8.866666666666667,0.01,,40519.689999999995,10660.8444,29708.380000000005,0.015,,,S1,Deep longshot,True,sched_sports
nba_schedule_release,KXNBA-27-HOU,scheduled_sports,sports_future,1,25,False,0.0,0.0,0.0,,0.01,,90.28,2104.2624,0.0,0.015,,,S1,Deep longshot,True,sched_sports
nba_schedule_release,KXNBA-27-HOU,scheduled_sports,sports_future,3,25,False,0.0,0.0,0.0,,0.01,,22090.28,2104.2624,21999.999999999985,0.015,,,S1,Deep longshot,True,sched_sports
nba_schedule_release,KXNBA-27-HOU,scheduled_sports,sports_future,5,25,False,0.0,0.0,0.0,,0.01,,22277.44,2104.2624,22187.15999999999,0.015,,,S1,Deep longshot,True,sched_sports
nba_schedule_release,KXNBA-27-GSW,scheduled_sports,sports_future,1,25,False,-0.010000000000000002,-0.5210297939402322,-0.4000000000000001,8.866666666666667,0.01,,5350.11,20805.324,0.0,0.015,,,S1,Deep longshot,True,sched_sports
nba_schedule_release,KXNBA-27-GSW,scheduled_sports,sports_future,3,25,False,-0.010000000000000002,-0.5210297939402322,-0.4000000000000001,8.866666666666667,0.01,,8328.43,20805.324,1107.5600000000559,0.015,,,S1,Deep longshot,True,sched_sports
nba_schedule_release,KXNBA-27-GSW,scheduled_sports,sports_future,5,25,False,-0.010000000000000002,-0.5210297939402322,-0.4000000000000001,8.866666666666667,0.01,,12868.460000000001,20805.324,2108.430000000051,0.015,,,S1,Deep longshot,True,sched_sports
nba_schedule_release,KXNBA-27-DET,scheduled_sports,sports_future,1,25,False,-0.008800000000000002,-0.3106515964983134,-0.26035502958579887,8.866666666666667,0.009999999999999998,,431.01,1484.7288,0.0,0.025,,,S1,Deep longshot,True,sched_sports
nba_schedule_release,KXNBA-27-DET,scheduled_sports,sports_future,3,25,False,-0.008800000000000002,-0.3106515964983134,-0.26035502958579887,8.866666666666667,0.009999999999999998,,14086.789999999999,1484.7288,13187.270000000019,0.025,,,S1,Deep longshot,True,sched_sports
nba_schedule_release,KXNBA-27-DET,scheduled_sports,sports_future,5,25,False,-0.008800000000000002,-0.3106515964983134,-0.26035502958579887,8.866666666666667,0.009999999999999998,,23320.649999999998,1484.7288,22421.130000000005,0.025,,,S1,Deep longshot,True,sched_sports
nba_schedule_release,KXNBA-27-DEN,scheduled_sports,sports_future,1,25,False,0.0,0.0,0.0,,0.010000000000000002,,0.0,2304.02,0.0,0.035,,,S1,Deep longshot,True,sched_sports
nba_schedule_release,KXNBA-27-DEN,scheduled_sports,sports_future,3,25,False,0.0,0.0,0.0,,0.010000000000000002,,601.6,2304.02,343.929999999993,0.035,,,S1,Deep longshot,True,sched_sports
nba_schedule_release,KXNBA-27-DEN,scheduled_sports,sports_future,5,25,False,0.0,0.0,0.0,,0.010000000000000002,,768.1,2304.02,510.429999999993,0.035,,,S1,Deep longshot,True,sched_sports
nba_schedule_release,KXNBA-27-DAL,scheduled_sports,sports_future,1,25,False,0.0,0.0,0.0,,0.01,,935.19,5962.6068,0.0,0.01,,,S1,Deep longshot,True,sched_sports
nba_schedule_release,KXNBA-27-DAL,scheduled_sports,sports_future,3,25,False,,,,,0.01,,17821.219999999998,5962.6068,16886.02999999997,0.01,,,S1,Deep longshot,True,sched_sports
nba_schedule_release,KXNBA-27-DAL,scheduled_sports,sports_future,5,25,False,0.0,0.0,0.0,,0.01,,29043.499999999996,5962.6068,28108.309999999998,0.01,,,S1,Deep longshot,True,sched_sports
nba_schedule_release,KXNBA-27-CLE,scheduled_sports,sports_future,1,25,False,-0.007600000000000003,-0.2732618741134254,-0.23312883435582826,8.866666666666667,0.009999999999999998,,819.08,11441.5412,0.0,0.025,,,S1,Deep longshot,True,sched_sports
nba_schedule_release,KXNBA-27-CLE,scheduled_sports,sports_future,3,25,False,-0.007600000000000003,-0.2732618741134254,-0.23312883435582826,8.866666666666667,0.009999999999999998,,4683.54,11441.5412,3464.5999999999767,0.025,,,S1,Deep longshot,True,sched_sports
nba_schedule_release,KXNBA-27-CLE,scheduled_sports,sports_future,5,25,False,-0.007600000000000003,-0.2732618741134254,-0.23312883435582826,8.866666666666667,0.009999999999999998,,4941.04,11441.5412,3687.7700000000186,0.025,,,S1,Deep longshot,True,sched_sports
nba_schedule_release,KXNBA-27-CHI,scheduled_sports,sports_future,1,14,False,,,,,0.01,,0.0,1294.8583999999998,0.0,0.01,,,S1,Deep longshot,True,sched_sports
nba_schedule_release,KXNBA-27-CHI,scheduled_sports,sports_future,3,14,False,,,,,0.01,,0.0,1294.8583999999998,0.0,0.01,,,S1,Deep longshot,True,sched_sports
nba_schedule_release,KXNBA-27-CHI,scheduled_sports,sports_future,5,14,False,,,,,0.01,,0.0,1294.8583999999998,0.0,0.01,,,S1,Deep longshot,True,sched_sports
nba_schedule_release,KXNBA-27-CHA,scheduled_sports,sports_future,1,18,False,,,,,0.01,,0.0,781.1732,0.0,,,,S?,No quote,True,sched_sports
nba_schedule_release,KXNBA-27-CHA,scheduled_sports,sports_future,3,18,False,,,,,0.01,,0.0,781.1732,0.0,,,,S?,No quote,True,sched_sports
nba_schedule_release,KXNBA-27-CHA,scheduled_sports,sports_future,5,18,False,-1.734723475976807e-18,0.0,-1.7347234759768068e-16,,0.01,,467.59,781.1732,467.5899999999965,,,,S?,No quote,True,sched_sports
nba_schedule_release,KXNBA-27-BOS,scheduled_sports,sports_future,1,25,False,-0.00839999999999999,-0.17998297920441164,-0.1573033707865167,8.866666666666667,0.010000000000000002,,1443.94,4175.4348,0.0,0.045,,,S1,Deep longshot,True,sched_sports
nba_schedule_release,KXNBA-27-BOS,scheduled_sports,sports_future,3,25,False,-0.00839999999999999,-0.17998297920441164,-0.1573033707865167,8.866666666666667,0.010000000000000002,,6650.09,4175.4348,2404.0599999999977,0.045,,,S1,Deep longshot,True,sched_sports
nba_schedule_release,KXNBA-27-BOS,scheduled_sports,sports_future,5,25,False,-0.00839999999999999,-0.17998297920441164,-0.1573033707865167,8.866666666666667,0.010000000000000002,,10837.68,4175.4348,5248.01999999996,0.045,,,S1,Deep longshot,True,sched_sports
nba_schedule_release,KXNBA-27-BKN,scheduled_sports,sports_future,1,13,False,,,,,0.01,,0.0,173.8236,0.0,,,,S?,No quote,True,sched_sports
nba_schedule_release,KXNBA-27-BKN,scheduled_sports,sports_future,3,13,False,,,,,0.01,,0.0,173.8236,0.0,,,,S?,No quote,True,sched_sports
nba_schedule_release,KXNBA-27-BKN,scheduled_sports,sports_future,5,13,False,,,,,0.01,,0.0,173.8236,0.0,,,,S?,No quote,True,sched_sports
nba_schedule_release,KXNBA-27-ATL,scheduled_sports,sports_future,1,24,False,-0.0020833333333333346,-0.19134859405565852,-0.17241379310344837,8.866666666666667,0.01,,2598.87,7361.500399999999,0.0,0.01,,,S1,Deep longshot,True,sched_sports
nba_schedule_release,KXNBA-27-ATL,scheduled_sports,sports_future,3,24,False,-0.0020833333333333346,-0.19134859405565852,-0.17241379310344837,8.866666666666667,0.01,,3543.92,7361.500399999999,945.0499999999884,0.01,,,S1,Deep longshot,True,sched_sports
nba_schedule_release,KXNBA-27-ATL,scheduled_sports,sports_future,5,24,False,-0.0020833333333333346,-0.19134859405565852,-0.17241379310344837,8.866666666666667,0.01,,5331.030000000001,7361.500399999999,2732.1600000000035,0.01,,,S1,Deep longshot,True,sched_sports
nfl_kickoff,KXSB-27-WAS,scheduled_sports,sports_future,1,25,False,0.0,0.0,0.0,,0.01,,10238.61,4265.3692,0.0,0.015,,,S1,Deep longshot,True,sched_sports
nfl_kickoff,KXSB-27-WAS,scheduled_sports,sports_future,3,25,False,0.0,0.0,0.0,,0.01,,19351.98,4265.3692,8551.889999999665,0.015,,,S1,Deep longshot,True,sched_sports
nfl_kickoff,KXSB-27-WAS,scheduled_sports,sports_future,5,25,False,0.0,0.0,0.0,,0.01,,271375.24000000005,4265.3692,258629.31000000006,0.015,,,S1,Deep longshot,True,sched_sports
nfl_kickoff,KXSB-27-TEN,scheduled_sports,sports_future,1,25,False,0.0,0.0,0.0,,0.01,,23933.08,3366.5368,0.0,0.01,,,S1,Deep longshot,True,sched_sports
nfl_kickoff,KXSB-27-TEN,scheduled_sports,sports_future,3,25,False,0.0,0.0,0.0,,0.01,,29942.540000000005,3366.5368,6009.460000000021,0.01,,,S1,Deep longshot,True,sched_sports
nfl_kickoff,KXSB-27-TEN,scheduled_sports,sports_future,5,25,False,0.0,0.0,0.0,,0.01,,43350.47,3366.5368,19417.390000000014,0.01,,,S1,Deep longshot,True,sched_sports
nfl_kickoff,KXSB-27-TB,scheduled_sports,sports_future,1,25,False,0.0,0.0,0.0,,0.01,,35274.34,7437.234800000001,0.0,0.015,,,S1,Deep longshot,True,sched_sports
nfl_kickoff,KXSB-27-TB,scheduled_sports,sports_future,3,25,False,0.0,0.0,0.0,,0.01,,60732.64,7437.234800000001,20778.360000000102,0.015,,,S1,Deep longshot,True,sched_sports
nfl_kickoff,KXSB-27-TB,scheduled_sports,sports_future,5,25,False,0.0,0.0,0.0,,0.01,,120073.47,7437.234800000001,75065.8600000001,0.015,,,S1,Deep longshot,True,sched_sports
nfl_kickoff,KXSB-27-SF,scheduled_sports,sports_future,1,25,False,0.0,0.0,0.0,,0.010000000000000002,,134484.6,34474.1316,0.0,0.045,,,S1,Deep longshot,True,sched_sports
nfl_kickoff,KXSB-27-SF,scheduled_sports,sports_future,3,25,False,0.020000000000000004,0.38888959131736023,0.44444444444444453,27.666666666666668,0.010000000000000002,,2008835.76,34474.1316,1668446.2600000002,0.045,,,S1,Deep longshot,True,sched_sports
nfl_kickoff,KXSB-27-SF,scheduled_sports,sports_future,5,25,False,0.030000000000000013,0.5427432267342955,0.666666666666667,27.666666666666668,0.010000000000000002,,2431643.75,34474.1316,1930414.0800000005,0.045,,,S1,Deep longshot,True,sched_sports
nfl_kickoff,KXSB-27-SEA,scheduled_sports,sports_future,1,25,False,-0.02000000000000001,-0.3315461182851571,-0.2666666666666668,3.6666666666666665,0.009999999999999995,,306886.91,33744.7216,0.0,0.07500000000000001,,,S2,Longshot,True,sched_sports
nfl_kickoff,KXSB-27-SEA,scheduled_sports,sports_future,3,25,False,-0.010000000000000009,-0.1538536354169353,-0.13333333333333344,3.6666666666666665,0.010000000000000004,,576040.99,33744.7216,246253.29000000004,0.07500000000000001,,,S2,Longshot,True,sched_sports
nfl_kickoff,KXSB-27-SEA,scheduled_sports,sports_future,5,25,False,0.0,0.0,0.0,,0.010000000000000004,,668510.36,33744.7216,325064.25,0.07500000000000001,,,S2,Longshot,True,sched_sports
nfl_kickoff,KXSB-27-PIT,scheduled_sports,sports_future,1,25,False,-0.004399999999999999,-0.3690974639372895,-0.3055555555555555,3.6666666666666665,0.01,,174313.14,16262.1928,0.0,0.01,,,S1,Deep longshot,True,sched_sports
nfl_kickoff,KXSB-27-PIT,scheduled_sports,sports_future,3,25,False,0.005600000000000001,0.33420208808667384,0.38888888888888895,51.666666666666664,0.013333333333333334,,507298.66000000003,16262.1928,82876.08999999985,0.01,,,S1,Deep longshot,True,sched_sports
nfl_kickoff,KXSB-27-PIT,scheduled_sports,sports_future,5,25,False,0.0005999999999999998,0.04143094612742182,0.04166666666666666,51.666666666666664,0.013999999999999999,,703077.91,16262.1928,268835.2599999998,0.01,,,S1,Deep longshot,True,sched_sports
nfl_kickoff,KXSB-27-PHI,scheduled_sports,sports_future,1,25,False,0.0,0.0,0.0,,0.010000000000000002,,110489.17,23332.577199999996,0.0,0.045,,,S1,Deep longshot,True,sched_sports
nfl_kickoff,KXSB-27-PHI,scheduled_sports,sports_future,3,25,False,0.0,0.0,0.0,,0.010000000000000002,,235962.48,23332.577199999996,121574.70999999996,0.045,,,S1,Deep longshot,True,sched_sports
nfl_kickoff,KXSB-27-PHI,scheduled_sports,sports_future,5,25,False,0.0,0.0,0.0,,0.010000000000000002,,473032.82,23332.577199999996,283505.2599999998,0.045,,,S1,Deep longshot,True,sched_sports
nfl_kickoff,KXSB-27-NYJ,scheduled_sports,sports_future,1,23,False,-3.469446951953614e-18,0.0,-3.4694469519536127e-16,,0.01,,5687.0,4838.5928,0.0,0.01,,,S1,Deep longshot,True,sched_sports
nfl_kickoff,KXSB-27-NYJ,scheduled_sports,sports_future,3,23,False,-3.469446951953614e-18,0.0,-3.4694469519536127e-16,,0.01,,22652.39,4838.5928,16965.390000000014,0.01,,,S1,Deep longshot,True,sched_sports
nfl_kickoff,KXSB-27-NYJ,scheduled_sports,sports_future,5,23,False,-3.469446951953614e-18,0.0,-3.4694469519536127e-16,,0.01,,93593.07,4838.5928,87906.07,0.01,,,S1,Deep longshot,True,sched_sports
nfl_kickoff,KXSB-27-NYG,scheduled_sports,sports_future,1,25,False,0.0,0.0,0.0,,0.01,,72182.67,22102.526400000002,0.0,0.015,,,S1,Deep longshot,True,sched_sports
nfl_kickoff,KXSB-27-NYG,scheduled_sports,sports_future,3,25,False,0.0,0.0,0.0,,0.01,,122098.65,22102.526400000002,47381.380000000354,0.015,,,S1,Deep longshot,True,sched_sports
nfl_kickoff,KXSB-27-NYG,scheduled_sports,sports_future,5,25,False,0.010000000000000002,0.5210297939402322,0.6666666666666669,99.66666666666667,0.01,,1006435.1000000001,22102.526400000002,755564.0300000003,0.015,,,S1,Deep longshot,True,sched_sports
nfl_kickoff,KXSB-27-NO,scheduled_sports,sports_future,1,25,False,0.0,0.0,0.0,,0.01,,20800.6,24029.5552,0.0,0.01,,,S1,Deep longshot,True,sched_sports
nfl_kickoff,KXSB-27-NO,scheduled_sports,sports_future,3,25,False,0.0,0.0,0.0,,0.01,,58068.09,24029.5552,37267.49000000022,0.01,,,S1,Deep longshot,True,sched_sports
nfl_kickoff,KXSB-27-NO,scheduled_sports,sports_future,5,25,False,0.0,0.0,0.0,,0.01,,173658.03,24029.5552,152857.43000000017,0.01,,,S1,Deep longshot,True,sched_sports
nfl_kickoff,KXSB-27-NE,scheduled_sports,sports_future,1,25,False,0.0,0.0,0.0,,0.010000000000000002,,156755.52,19140.2324,0.0,0.045,,,S1,Deep longshot,True,sched_sports
nfl_kickoff,KXSB-27-NE,scheduled_sports,sports_future,3,25,False,-0.009999999999999995,-0.2617311891391618,-0.22222222222222213,27.666666666666668,0.010000000000000002,,211930.06999999998,19140.2324,32702.820000000065,0.045,,,S1,Deep longshot,True,sched_sports
nfl_kickoff,KXSB-27-NE,scheduled_sports,sports_future,5,25,False,-0.009999999999999995,-0.2617311891391618,-0.22222222222222213,27.666666666666668,0.010000000000000002,,253787.4,19140.2324,66019.15000000014,0.045,,,S1,Deep longshot,True,sched_sports
nfl_kickoff,KXSB-27-MIN,scheduled_sports,sports_future,1,25,False,0.007599999999999999,0.3701702673844176,0.4367816091954022,3.6666666666666665,0.009999999999999998,,170509.1,43095.07399999999,0.0,0.025,,,S1,Deep longshot,True,sched_sports
nfl_kickoff,KXSB-27-MIN,scheduled_sports,sports_future,3,25,False,0.007599999999999999,0.3701702673844176,0.4367816091954022,3.6666666666666665,0.009999999999999998,,231033.71000000002,43095.07399999999,10.180000000167638,0.025,,,S1,Deep longshot,True,sched_sports
nfl_kickoff,KXSB-27-MIN,scheduled_sports,sports_future,5,25,False,0.007599999999999999,0.3701702673844176,0.4367816091954022,3.6666666666666665,0.009999999999999998,,392425.73,43095.07399999999,31006.790000000037,0.025,,,S1,Deep longshot,True,sched_sports
nfl_kickoff,KXSB-27-MIA,scheduled_sports,sports_future,1,24,False,0.0,0.0,0.0,,0.01,,87306.99,7350.254800000001,0.0,0.01,,,S1,Deep longshot,True,sched_sports
nfl_kickoff,KXSB-27-MIA,scheduled_sports,sports_future,3,24,False,0.0,0.0,0.0,,0.01,,156603.74000000002,7350.254800000001,69296.75,0.01,,,S1,Deep longshot,True,sched_sports
nfl_kickoff,KXSB-27-MIA,scheduled_sports,sports_future,5,24,False,0.0,0.0,0.0,,0.01,,207961.38,7350.254800000001,120654.3899999999,0.01,,,S1,Deep longshot,True,sched_sports
nfl_kickoff,KXSB-27-LV,scheduled_sports,sports_future,1,25,False,0.0,0.0,0.0,,0.01,,33664.22,18855.2352,0.0,0.01,,,S1,Deep longshot,True,sched_sports
nfl_kickoff,KXSB-27-LV,scheduled_sports,sports_future,3,25,False,0.0,0.0,0.0,,0.01,,63909.7,18855.2352,30245.47999999998,0.01,,,S1,Deep longshot,True,sched_sports
nfl_kickoff,KXSB-27-LV,scheduled_sports,sports_future,5,25,False,0.0,0.0,0.0,,0.01,,348535.74,18855.2352,314778.01000000024,0.01,,,S1,Deep longshot,True,sched_sports
nfl_kickoff,KXSB-27-LAR,scheduled_sports,sports_future,1,25,False,0.011399999999999966,0.08515398944018804,0.07421874999999975,3.6666666666666665,0.010000000000000009,,171867.88,85514.3432,0.0,0.16,,,S3,Contender,True,sched_sports
nfl_kickoff,KXSB-27-LAR,scheduled_sports,sports_future,3,25,False,-0.018600000000000033,-0.15081448810298714,-0.12109375000000018,51.666666666666664,0.01,,600741.6900000001,85514.3432,228286.75999999978,0.16,,,S3,Contender,True,sched_sports
nfl_kickoff,KXSB-27-LAR,scheduled_sports,sports_future,5,25,False,-0.03860000000000005,-0.3340152762542168,-0.2513020833333336,99.66666666666667,0.01,,828349.1900000001,85514.3432,221491.51999999955,0.16,,,S3,Contender,True,sched_sports
nfl_kickoff,KXSB-27-LAC,scheduled_sports,sports_future,1,25,False,0.0,0.0,0.0,,0.010000000000000002,,272041.33,18543.1976,0.0,0.045,,,S1,Deep longshot,True,sched_sports
nfl_kickoff,KXSB-27-LAC,scheduled_sports,sports_future,3,25,False,0.0,0.0,0.0,,0.010000000000000002,,364925.21,18543.1976,86255.37999999989,0.045,,,S1,Deep longshot,True,sched_sports
nfl_kickoff,KXSB-27-LAC,scheduled_sports,sports_future,5,25,False,-0.009999999999999995,-0.2617311891391618,-0.22222222222222213,99.66666666666667,0.010000000000000002,,792292.0800000001,18543.1976,498957.2999999998,0.045,,,S1,Deep longshot,True,sched_sports
nfl_kickoff,KXSB-27-KC,scheduled_sports,sports_future,1,25,False,0.0,0.0,0.0,,0.009999999999999995,,78087.02,20754.7572,0.0,0.055,,,S2,Longshot,True,sched_sports
nfl_kickoff,KXSB-27-KC,scheduled_sports,sports_future,3,25,False,0.0,0.0,0.0,,0.009999999999999995,,152559.47,20754.7572,65869.9700000002,0.055,,,S2,Longshot,True,sched_sports
nfl_kickoff,KXSB-27-KC,scheduled_sports,sports_future,5,25,False,0.0,0.0,0.0,,0.009999999999999995,,219393.61,20754.7572,110074.3999999999,0.055,,,S2,Longshot,True,sched_sports
nfl_kickoff,KXSB-27-JAC,scheduled_sports,sports_future,1,25,False,-3.469446951953614e-18,0.0,-1.3877787807814454e-16,,0.009999999999999998,,171516.96,16227.561599999999,0.0,0.025,,,S1,Deep longshot,True,sched_sports
nfl_kickoff,KXSB-27-JAC,scheduled_sports,sports_future,3,25,False,-3.469446951953614e-18,0.0,-1.3877787807814454e-16,,0.009999999999999998,,313871.4,16227.561599999999,98571.81000000006,0.025,,,S1,Deep longshot,True,sched_sports
nfl_kickoff,KXSB-27-JAC,scheduled_sports,sports_future,5,25,False,0.009999999999999998,0.34678160628007415,0.39999999999999986,99.66666666666667,0.009999999999999998,,1646427.1500000001,16227.561599999999,1416830.6500000001,0.025,,,S1,Deep longshot,True,sched_sports
nfl_kickoff,KXSB-27-IND,scheduled_sports,sports_future,1,25,False,0.0,0.0,0.0,,0.01,,78438.81,7094.549999999999,0.0,0.015,,,S1,Deep longshot,True,sched_sports
nfl_kickoff,KXSB-27-IND,scheduled_sports,sports_future,3,25,False,0.0,0.0,0.0,,0.01,,98274.10999999999,7094.549999999999,19253.23999999999,0.015,,,S1,Deep longshot,True,sched_sports
nfl_kickoff,KXSB-27-IND,scheduled_sports,sports_future,5,25,False,-0.004999999999999999,-0.4105284100647113,-0.3333333333333333,99.66666666666667,0.01,,175354.33,7094.549999999999,92869.5,0.015,,,S1,Deep longshot,True,sched_sports
nfl_kickoff,KXSB-27-HOU,scheduled_sports,sports_future,1,25,False,0.0008000000000000021,0.01877504634999516,0.018099547511312267,3.6666666666666665,0.010000000000000002,,183271.03,65752.5536,0.0,0.045,,,S1,Deep longshot,True,sched_sports
nfl_kickoff,KXSB-27-HOU,scheduled_sports,sports_future,3,25,False,0.0008000000000000021,0.01877504634999516,0.018099547511312267,3.6666666666666665,0.010000000000000002,,293622.3,65752.5536,99750.5,0.045,,,S1,Deep longshot,True,sched_sports
nfl_kickoff,KXSB-27-HOU,scheduled_sports,sports_future,5,25,False,-0.009199999999999993,-0.24295614278916666,-0.20814479638009034,99.66666666666667,0.010000000000000002,,596412.84,65752.5536,354772.23999999976,0.045,,,S1,Deep longshot,True,sched_sports
nfl_kickoff,KXSB-27-GB,scheduled_sports,sports_future,1,25,False,0.0,0.0,0.0,,0.010000000000000002,,98486.12,33121.1792,0.0,0.035,,,S1,Deep longshot,True,sched_sports
nfl_kickoff,KXSB-27-GB,scheduled_sports,sports_future,3,25,False,0.0,0.0,0.0,,0.010000000000000002,,198845.13,33121.1792,95024.6100000001,0.035,,,S1,Deep longshot,True,sched_sports
nfl_kickoff,KXSB-27-GB,scheduled_sports,sports_future,5,25,False,0.0,0.0,0.0,,0.010000000000000002,,399151.12,33121.1792,271215.55000000005,0.035,,,S1,Deep longshot,True,sched_sports
nfl_kickoff,KXSB-27-DET,scheduled_sports,sports_future,1,25,False,0.0,0.0,0.0,,0.010000000000000002,,130612.01,26033.9828,0.0,0.035,,,S1,Deep longshot,True,sched_sports
nfl_kickoff,KXSB-27-DET,scheduled_sports,sports_future,3,25,False,0.0,0.0,0.0,,0.010000000000000002,,337678.95,26033.9828,204550.19999999995,0.035,,,S1,Deep longshot,True,sched_sports
nfl_kickoff,KXSB-27-DET,scheduled_sports,sports_future,5,25,False,0.0,0.0,0.0,,0.010000000000000002,,563054.02,26033.9828,389049.92999999993,0.035,,,S1,Deep longshot,True,sched_sports
nfl_kickoff,KXSB-27-DEN,scheduled_sports,sports_future,1,25,False,0.009799999999999996,0.20655306536521767,0.2168141592920353,3.6666666666666665,0.009999999999999995,,200250.84,55677.07959999999,0.0,0.055,,,S2,Longshot,True,sched_sports
nfl_kickoff,KXSB-27-DEN,scheduled_sports,sports_future,3,25,False,0.009799999999999996,0.20655306536521767,0.2168141592920353,3.6666666666666665,0.009999999999999995,,386631.17,55677.07959999999,179750.41000000015,0.055,,,S2,Longshot,True,sched_sports
nfl_kickoff,KXSB-27-DEN,scheduled_sports,sports_future,5,25,False,0.009799999999999996,0.20655306536521767,0.2168141592920353,3.6666666666666665,0.009999999999999995,,591498.38,55677.07959999999,362827.0200000005,0.055,,,S2,Longshot,True,sched_sports
nfl_kickoff,KXSB-27-DAL,scheduled_sports,sports_future,1,25,False,0.0015999999999999973,0.03787703942942677,0.036866359447004546,3.6666666666666665,0.010000000000000002,,256848.45,98605.08880000001,0.0,0.045,,,S1,Deep longshot,True,sched_sports
nfl_kickoff,KXSB-27-DAL,scheduled_sports,sports_future,3,25,False,0.0015999999999999973,0.03787703942942677,0.036866359447004546,3.6666666666666665,0.010000000000000002,,709068.58,98605.08880000001,393102.43000000063,0.045,,,S1,Deep longshot,True,sched_sports
nfl_kickoff,KXSB-27-DAL,scheduled_sports,sports_future,5,25,False,-0.0184,-0.5706357559898092,-0.423963133640553,99.66666666666667,0.01,,1484380.68,98605.08880000001,954811.29,0.045,,,S1,Deep longshot,True,sched_sports
nfl_kickoff,KXSB-27-CLE,scheduled_sports,sports_future,1,24,False,0.0,0.0,0.0,,0.01,,4659.97,2776.0796,0.0,0.01,,,S1,Deep longshot,True,sched_sports
nfl_kickoff,KXSB-27-CLE,scheduled_sports,sports_future,3,24,False,0.0,0.0,0.0,,0.01,,9845.470000000001,2776.0796,5185.5,0.01,,,S1,Deep longshot,True,sched_sports
nfl_kickoff,KXSB-27-CLE,scheduled_sports,sports_future,5,24,False,0.0,0.0,0.0,,0.01,,14822.150000000001,2776.0796,10162.180000000051,0.01,,,S1,Deep longshot,True,sched_sports
nfl_kickoff,KXSB-27-CIN,scheduled_sports,sports_future,1,25,False,0.0,0.0,0.0,,0.010000000000000002,,198212.32,49610.1024,0.0,0.045,,,S1,Deep longshot,True,sched_sports
nfl_kickoff,KXSB-27-CIN,scheduled_sports,sports_future,3,25,False,0.0,0.0,0.0,,0.010000000000000002,,285656.31,49610.1024,72757.6000000001,0.045,,,S1,Deep longshot,True,sched_sports
nfl_kickoff,KXSB-27-CIN,scheduled_sports,sports_future,5,25,False,0.0,0.0,0.0,,0.010000000000000002,,2088853.34,49610.1024,1679234.9100000001,0.045,,,S1,Deep longshot,True,sched_sports
nfl_kickoff,KXSB-27-CHI,scheduled_sports,sports_future,1,25,False,0.0,0.0,0.0,,0.010000000000000002,,105846.44,33989.9752,0.0,0.035,,,S1,Deep longshot,True,sched_sports
nfl_kickoff,KXSB-27-CHI,scheduled_sports,sports_future,3,25,False,0.0,0.0,0.0,,0.010000000000000002,,273933.85,33989.9752,155862.9500000002,0.035,,,S1,Deep longshot,True,sched_sports
nfl_kickoff,KXSB-27-CHI,scheduled_sports,sports_future,5,25,False,0.009999999999999995,0.2617311891391618,0.28571428571428553,99.66666666666667,0.010000000000000002,,1189303.6099999999,33989.9752,1014081.8500000001,0.035,,,S1,Deep longshot,True,sched_sports
nfl_kickoff,KXSB-27-CAR,scheduled_sports,sports_future,1,25,False,0.0,0.0,0.0,,0.01,,31497.79,9025.974,0.0,0.01,,,S1,Deep longshot,True,sched_sports
nfl_kickoff,KXSB-27-CAR,scheduled_sports,sports_future,3,25,False,0.0,0.0,0.0,,0.01,,107735.56000000001,9025.974,76237.77000000002,0.01,,,S1,Deep longshot,True,sched_sports
nfl_kickoff,KXSB-27-CAR,scheduled_sports,sports_future,5,25,False,0.0,0.0,0.0,,0.01,,148095.61000000002,9025.974,116597.82000000007,0.01,,,S1,Deep longshot,True,sched_sports
nfl_kickoff,KXSB-27-BUF,scheduled_sports,sports_future,1,25,False,0.010399999999999979,0.14181276047797908,0.13941018766756,3.6666666666666665,0.009999999999999995,,312925.25,68283.80679999999,0.0,0.07500000000000001,,,S2,Longshot,True,sched_sports
nfl_kickoff,KXSB-27-BUF,scheduled_sports,sports_future,3,25,False,0.0003999999999999976,0.005779945287069044,0.0053619302949061325,3.6666666666666665,0.009999999999999995,,554950.95,68283.80679999999,145404.8999999999,0.07500000000000001,,,S2,Longshot,True,sched_sports
nfl_kickoff,KXSB-27-BUF,scheduled_sports,sports_future,5,25,False,0.010399999999999979,0.14181276047797908,0.13941018766756,3.6666666666666665,0.009999999999999995,,928385.01,68283.80679999999,315279.3700000001,0.07500000000000001,,,S2,Longshot,True,sched_sports
nfl_kickoff,KXSB-27-BAL,scheduled_sports,sports_future,1,25,False,0.0,0.0,0.0,,0.010000000000000009,,132590.41,27652.25,0.0,0.065,,,S2,Longshot,True,sched_sports
nfl_kickoff,KXSB-27-BAL,scheduled_sports,sports_future,3,25,False,0.0,0.0,0.0,,0.010000000000000009,,268956.77,27652.25,104545.54000000004,0.065,,,S2,Longshot,True,sched_sports
nfl_kickoff,KXSB-27-BAL,scheduled_sports,sports_future,5,25,False,0.010000000000000009,0.1538536354169353,0.15384615384615397,99.66666666666667,0.010000000000000005,,1194003.8599999999,27652.25,924464.25,0.065,,,S2,Longshot,True,sched_sports
nfl_kickoff,KXSB-27-ATL,scheduled_sports,sports_future,1,25,False,0.0,0.0,0.0,,0.01,,65826.73,5120.9952,0.0,0.01,,,S1,Deep longshot,True,sched_sports
nfl_kickoff,KXSB-27-ATL,scheduled_sports,sports_future,3,25,False,0.0,0.0,0.0,,0.01,,91967.11,5120.9952,26140.380000000005,0.01,,,S1,Deep longshot,True,sched_sports
nfl_kickoff,KXSB-27-ATL,scheduled_sports,sports_future,5,25,False,0.0,0.0,0.0,,0.01,,105733.07999999999,5120.9952,39906.34999999998,0.01,,,S1,Deep longshot,True,sched_sports
nfl_kickoff,KXSB-27-ARI,scheduled_sports,sports_future,1,24,False,0.0,0.0,0.0,,0.01,,3437.86,6493.721600000001,0.0,0.01,,,S1,Deep longshot,True,sched_sports
nfl_kickoff,KXSB-27-ARI,scheduled_sports,sports_future,3,24,False,0.0,0.0,0.0,,0.01,,10537.84,6493.721600000001,7099.979999999981,0.01,,,S1,Deep longshot,True,sched_sports
nfl_kickoff,KXSB-27-ARI,scheduled_sports,sports_future,5,24,False,0.0,0.0,0.0,,0.01,,38208.17,6493.721600000001,34770.31,0.01,,,S1,Deep longshot,True,sched_sports
hormuz_retaliation_threat,KXCPI-26AUG-T1.0,unscheduled_macro,macro_bucket,1,6,False,-0.011666666666666664,-0.7850443877680298,-0.5384615384615384,4.0,0.01,,605.99,19.347826086956523,0.0,0.01,,,M?,Unknown,True,unsched_macro
hormuz_retaliation_threat,KXCPI-26AUG-T1.0,unscheduled_macro,macro_bucket,3,6,False,-0.011666666666666664,-0.7850443877680298,-0.5384615384615384,4.0,0.01,,1931.54,19.347826086956523,1325.5500000000002,0.01,,,M?,Unknown,True,unsched_macro
hormuz_retaliation_threat,KXCPI-26AUG-T1.0,unscheduled_macro,macro_bucket,5,6,False,,,,,0.2575,,2665.05,19.347826086956523,2059.06,0.01,,,M?,Unknown,False,unsched_macro
hormuz_retaliation_threat,KXCPI-26AUG-T0.9,unscheduled_macro,macro_bucket,3,13,False,-0.038076923076923085,-1.6094379124341005,-0.792,52.0,0.01,,1361.0,95.97217391304348,0.0,0.01,,,M?,Unknown,True,unsched_macro
hormuz_retaliation_threat,KXCPI-26AUG-T0.9,unscheduled_macro,macro_bucket,5,13,False,,,,,0.34,,1508.0,95.97217391304348,147.0,0.01,,,M?,Unknown,False,unsched_macro
hormuz_retaliation_threat,KXCPI-26AUG-T0.8,unscheduled_macro,macro_bucket,1,13,False,-0.11,-1.9908615369175795,-0.8461538461538461,4.0,0.02,,14177.0,260.678,0.0,0.02,,,M?,Unknown,True,unsched_macro
hormuz_retaliation_threat,KXCPI-26AUG-T0.8,unscheduled_macro,macro_bucket,3,13,False,-0.12000000000000001,-2.694161088941543,-0.9230769230769231,4.0,0.013333333333333334,,15564.0,260.678,1342.0,0.02,,,M?,Unknown,True,unsched_macro
hormuz_retaliation_threat,KXCPI-26AUG-T0.8,unscheduled_macro,macro_bucket,5,13,False,,,,,0.21000000000000002,,15761.0,260.678,1539.0,0.02,,,M?,Unknown,False,unsched_macro
hormuz_retaliation_threat,KXCPI-26AUG-T0.7,unscheduled_macro,macro_bucket,1,10,False,-0.068,-1.5535171225145015,-0.7727272727272727,4.0,0.01,,4196.0,174.6068181818182,0.0,,,,M?,Unknown,True,unsched_macro
hormuz_retaliation_threat,KXCPI-26AUG-T0.7,unscheduled_macro,macro_bucket,3,10,False,-0.07800000000000001,-2.256816674538465,-0.8863636363636365,4.0,0.01,,5223.93,174.6068181818182,1027.9300000000012,,,,M?,Unknown,True,unsched_macro
hormuz_retaliation_threat,KXCPI-26AUG-T0.7,unscheduled_macro,macro_bucket,5,10,False,,,,,0.20800000000000002,,5781.71,174.6068181818182,1585.71,,,,M?,Unknown,False,unsched_macro
hormuz_retaliation_threat,KXCPI-26AUG-T0.6,unscheduled_macro,macro_bucket,1,19,False,-0.053157894736842126,-1.0759045654497923,-0.639240506329114,4.0,0.03,,4880.0,607.0623999999999,0.0,0.03,,,M?,Unknown,True,unsched_macro
hormuz_retaliation_threat,KXCPI-26AUG-T0.6,unscheduled_macro,macro_bucket,3,19,False,-0.06315789473684212,-1.4916261737251455,-0.759493670886076,4.0,0.025,,6248.0,607.0623999999999,1368.0,0.03,,,M?,Unknown,True,unsched_macro
hormuz_retaliation_threat,KXCPI-26AUG-T0.6,unscheduled_macro,macro_bucket,5,19,False,-0.06315789473684212,-1.4916261737251455,-0.759493670886076,4.0,0.2675,,8892.25,607.0623999999999,4012.25,0.03,,,M?,Unknown,False,unsched_macro
hormuz_retaliation_threat,KXCPI-26SEP-T0.6,unscheduled_macro,macro_bucket,1,25,False,-0.006000000000000005,-0.03408936816507624,-0.025974025974025997,4.0,0.35000000000000003,,99.0,2148.6952,0.0,0.275,,,M?,Unknown,False,unsched_macro
hormuz_retaliation_threat,KXCPI-26SEP-T0.6,unscheduled_macro,macro_bucket,3,25,False,-0.0010000000000000009,-0.005637946940683758,-0.0043290043290043325,4.0,0.3833333333333333,,130.0,2148.6952,28.0,0.275,,,M?,Unknown,False,unsched_macro
hormuz_retaliation_threat,KXCPI-26SEP-T0.6,unscheduled_macro,macro_bucket,5,25,False,-0.02100000000000002,-0.12225215575974824,-0.09090909090909098,100.0,0.34199999999999997,,193.14,2148.6952,69.16999999999996,0.275,,,M?,Unknown,False,unsched_macro
hormuz_retaliation_threat,KXCPI-26SEP-T-0.4,unscheduled_macro,macro_bucket,1,17,False,0.08176470588235296,1.202229826074124,0.09310113864701945,4.0,0.020000000000000018,,269.0,4.117647058823529,0.0,0.825,,,M?,Unknown,True,unsched_macro
hormuz_retaliation_threat,KXCPI-26SEP-T-0.4,unscheduled_macro,macro_bucket,3,17,False,-0.003235294117647003,-0.029913855218507646,-0.0036838580040186907,52.0,0.09666666666666668,,486.0,4.117647058823529,184.0,0.825,,,M?,Unknown,False,unsched_macro
hormuz_retaliation_threat,KXCPI-26SEP-T-0.4,unscheduled_macro,macro_bucket,5,17,False,0.07176470588235295,0.9686149748926185,0.08171466845277965,4.0,0.11199999999999999,,505.0,4.117647058823529,203.0,0.825,,,M?,Unknown,False,unsched_macro
hormuz_retaliation_threat,KXCPI-26SEP-T-0.3,unscheduled_macro,macro_bucket,1,21,False,0.07166666666666677,0.8229032643978214,0.08301158301158314,4.0,0.04999999999999993,,19.0,0.951904761904762,0.0,0.875,,,M?,Unknown,True,unsched_macro
hormuz_retaliation_threat,KXCPI-26SEP-T-0.3,unscheduled_macro,macro_bucket,3,21,False,0.011666666666666714,0.1026541540600836,0.01351351351351357,4.0,0.09666666666666664,,1047.0,0.951904761904762,1003.0,0.875,,,M?,Unknown,False,unsched_macro
hormuz_retaliation_threat,KXCPI-26SEP-T-0.3,unscheduled_macro,macro_bucket,5,21,False,0.08166666666666678,1.0005957472660432,0.09459459459459472,4.0,0.11399999999999996,,1047.0,0.951904761904762,1003.0,0.875,,,M?,Unknown,False,unsched_macro
hormuz_retaliation_threat,KXCPI-26SEP-T-0.2,unscheduled_macro,macro_bucket,1,19,False,0.01684210526315799,0.1372291131861123,0.019857275829972192,4.0,0.1499999999999999,,42.0,8.368421052631579,0.0,0.78,,,M?,Unknown,False,unsched_macro
hormuz_retaliation_threat,KXCPI-26SEP-T-0.2,unscheduled_macro,macro_bucket,3,19,False,-0.00815789473684203,-0.0619975387038052,-0.009618367980142638,52.0,0.17999999999999997,,841.0,8.368421052631579,793.0,0.78,,,M?,Unknown,False,unsched_macro
hormuz_retaliation_threat,KXCPI-26SEP-T-0.2,unscheduled_macro,macro_bucket,5,19,False,0.07184210526315793,0.722121420061866,0.0847036922122247,28.0,0.178,,1077.09,8.368421052631579,1017.0899999999999,0.78,,,M?,Unknown,False,unsched_macro
hormuz_retaliation_threat,KXCPI-26AUG-T-0.4,unscheduled_macro,macro_bucket,1,23,False,0.0371739130434785,2.170440456425537,0.0388107126645486,4.0,0.010000000000000009,,0.0,1036.1021739130433,0.0,0.995,,,M?,Unknown,True,unsched_macro
hormuz_retaliation_threat,KXCPI-26AUG-T-0.4,unscheduled_macro,macro_bucket,3,23,False,0.0371739130434785,2.170440456425537,0.0388107126645486,4.0,0.010000000000000009,,598.03,1036.1021739130433,598.0299999999988,0.995,,,M?,Unknown,True,unsched_macro
hormuz_retaliation_threat,KXCPI-26AUG-T-0.4,unscheduled_macro,macro_bucket,5,23,False,,,,,0.20800000000000002,,916.0699999999999,1036.1021739130433,916.0699999999997,0.995,,,M?,Unknown,False,unsched_macro
hormuz_retaliation_threat,KXCPI-26AUG-T-0.3,unscheduled_macro,macro_bucket,3,25,False,0.03179999999999994,2.0285415953448185,0.03301495016611289,52.0,0.010000000000000009,,591.51,835.7804,0.0,0.995,,,M?,Unknown,True,unsched_macro
hormuz_retaliation_threat,KXCPI-26AUG-T-0.3,unscheduled_macro,macro_bucket,5,25,False,,,,,0.34,,643.51,835.7804,52.0,0.995,,,M?,Unknown,False,unsched_macro
hormuz_retaliation_threat,KXCPI-26AUG-T-0.2,unscheduled_macro,macro_bucket,3,24,False,0.046666666666666745,2.3834115950833086,0.04920913884007039,52.0,0.010000000000000009,,675.0,145.41666666666666,0.0,0.985,,,M?,Unknown,True,unsched_macro
hormuz_retaliation_threat,KXCPI-26AUG-T-0.2,unscheduled_macro,macro_bucket,5,24,False,,,,,0.34,,778.0,145.41666666666666,103.0,0.985,,,M?,Unknown,False,unsched_macro
hormuz_retaliation_threat,KXCPI-26NOV-T0.3,unscheduled_macro,macro_bucket,3,21,False,-0.017619047619047756,-0.07239333040845924,-0.041202672605790955,52.0,0.6,,0.0,10.87095238095238,0.0,0.41,,,M?,Unknown,False,unsched_macro
hormuz_retaliation_threat,KXCPI-26NOV-T0.3,unscheduled_macro,macro_bucket,5,21,False,0.01238095238095227,0.05040998997606458,0.02895322939866343,100.0,0.6,,126.0,10.87095238095238,0.0,0.41,,,M?,Unknown,False,unsched_macro
hormuz_retaliation_threat,KXCPI-26NOV-T0.2,unscheduled_macro,macro_bucket,3,18,False,-0.012500000000000067,-0.05236798551731636,-0.02040816326530623,52.0,0.56,,0.0,4.380952380952381,0.0,0.6,,,M?,Unknown,False,unsched_macro
hormuz_retaliation_threat,KXCPI-26NOV-T0.2,unscheduled_macro,macro_bucket,5,18,False,0.02749999999999997,0.11753105127808133,0.04489795918367342,100.0,0.5866666666666667,,7.0,4.380952380952381,0.0,0.6,,,M?,Unknown,False,unsched_macro
hormuz_retaliation_threat,KXCPI-26NOV-T0.1,unscheduled_macro,macro_bucket,1,19,False,0.008421052631578885,0.04627610396335102,0.011130434782608611,4.0,0.47,,0.0,4.725714285714286,0.0,0.765,,,M?,Unknown,False,unsched_macro
hormuz_retaliation_threat,KXCPI-26NOV-T0.1,unscheduled_macro,macro_bucket,3,19,False,0.008421052631578885,0.04627610396335102,0.011130434782608611,4.0,0.47,,0.0,4.725714285714286,0.0,0.765,,,M?,Unknown,False,unsched_macro
hormuz_retaliation_threat,KXCPI-26NOV-T0.1,unscheduled_macro,macro_bucket,5,19,False,0.008421052631578885,0.04627610396335102,0.011130434782608611,4.0,0.4699999999999999,,0.0,4.725714285714286,0.0,0.765,,,M?,Unknown,False,unsched_macro
hormuz_retaliation_threat,KXCPI-26NOV-T-0.1,unscheduled_macro,macro_bucket,1,7,False,-0.004285714285714337,-0.03977326220606714,-0.004874086108854648,4.0,0.25,,0.0,3.142857142857143,0.0,0.875,,,M?,Unknown,False,unsched_macro
hormuz_retaliation_threat,KXCPI-26NOV-T-0.1,unscheduled_macro,macro_bucket,3,7,False,-0.01928571428571435,-0.17039344462313144,-0.021933387489845725,52.0,0.24,,0.0,3.142857142857143,0.0,0.875,,,M?,Unknown,False,unsched_macro
hormuz_retaliation_threat,KXCPI-26NOV-T-0.1,unscheduled_macro,macro_bucket,5,7,False,-0.004285714285714337,-0.03977326220606714,-0.004874086108854648,4.0,0.244,,0.0,3.142857142857143,0.0,0.875,,,M?,Unknown,False,unsched_macro
hormuz_retaliation_threat,KXCPI-26NOV-T0.0,unscheduled_macro,macro_bucket,3,19,False,0.0418421052631579,0.26138392751746675,0.0537707135610416,52.0,0.33999999999999997,,0.0,3.8421052631578947,0.0,0.8200000000000001,,,M?,Unknown,False,unsched_macro
hormuz_retaliation_threat,KXCPI-26NOV-T0.0,unscheduled_macro,macro_bucket,5,19,False,0.0418421052631579,0.26138392751746675,0.0537707135610416,52.0,0.34,,0.0,3.8421052631578947,0.0,0.8200000000000001,,,M?,Unknown,False,unsched_macro
hormuz_retaliation_threat,KXCPI-26OCT-T0.4,unscheduled_macro,macro_bucket,3,6,True,,,,,0.46,,0.0,103.58823529411765,0.0,0.46,,,M?,Unknown,False,unsched_macro
hormuz_retaliation_threat,KXCPI-26OCT-T0.4,unscheduled_macro,macro_bucket,5,6,True,,,,,0.48333333333333334,,73.31,103.58823529411765,73.30999999999995,0.46,,,M?,Unknown,False,unsched_macro
hormuz_retaliation_threat,KXCPI-26OCT-T0.3,unscheduled_macro,macro_bucket,1,24,False,0.018750000000000044,0.07995946105538237,0.05119453924914688,4.0,0.55,,0.0,141.40458333333333,0.0,0.375,,,M?,Unknown,False,unsched_macro
hormuz_retaliation_threat,KXCPI-26OCT-T0.3,unscheduled_macro,macro_bucket,3,24,False,0.01375000000000004,0.05879016925541014,0.03754266211604107,4.0,0.545,,0.0,141.40458333333333,0.0,0.375,,,M?,Unknown,False,unsched_macro
hormuz_retaliation_threat,KXCPI-26OCT-T0.3,unscheduled_macro,macro_bucket,5,24,False,0.05375000000000002,0.22556500231106474,0.14675767918088745,76.0,0.52,,14.79,141.40458333333333,14.789999999999964,0.375,,,M?,Unknown,False,unsched_macro
hormuz_retaliation_threat,KXCPI-26OCT-T0.2,unscheduled_macro,macro_bucket,3,24,False,0.016874999999999973,0.07012308804684719,0.028692879914984013,52.0,0.5900000000000001,,0.0,4.875,0.0,0.605,,,M?,Unknown,False,unsched_macro
hormuz_retaliation_threat,KXCPI-26OCT-T0.2,unscheduled_macro,macro_bucket,5,24,False,0.0068749999999999645,0.028454733356218176,0.011689691817215667,52.0,0.5566666666666668,,0.0,4.875,0.0,0.605,,,M?,Unknown,False,unsched_macro
hormuz_retaliation_threat,KXCPI-26OCT-T0.1,unscheduled_macro,macro_bucket,1,17,False,0.0017647058823528905,0.00904103981819282,0.0024067388688326623,4.0,0.44999999999999996,,0.0,3.161764705882353,0.0,0.75,,,M?,Unknown,False,unsched_macro
hormuz_retaliation_threat,KXCPI-26OCT-T0.1,unscheduled_macro,macro_bucket,3,17,False,0.0017647058823528905,0.00904103981819282,0.0024067388688326623,4.0,0.44999999999999996,,0.0,3.161764705882353,0.0,0.75,,,M?,Unknown,False,unsched_macro
hormuz_retaliation_threat,KXCPI-26OCT-T0.1,unscheduled_macro,macro_bucket,5,17,False,-0.04823529411764704,-0.23425343397182896,-0.06578419574809465,100.0,0.44499999999999995,,0.0,3.161764705882353,0.0,0.75,,,M?,Unknown,False,unsched_macro
hormuz_retaliation_threat,KXCPI-26OCT-T-0.1,unscheduled_macro,macro_bucket,5,22,False,-0.04227272727272713,-0.282742094898627,-0.050488599348534044,100.0,0.355,,138.0,1.7363636363636366,138.00000000000006,0.8300000000000001,,,M?,Unknown,False,unsched_macro
hormuz_retaliation_threat,KXCPI-26OCT-T0.0,unscheduled_macro,macro_bucket,3,16,False,0.006562500000000027,0.04128553301278437,0.008219178082191815,52.0,0.39,,0.0,1.25,0.0,0.8049999999999999,,,M?,Unknown,False,unsched_macro
hormuz_retaliation_threat,KXCPI-26OCT-T0.0,unscheduled_macro,macro_bucket,5,16,False,-0.018437499999999885,-0.11089081251075572,-0.02309197651663391,100.0,0.3633333333333333,,0.0,1.25,0.0,0.8049999999999999,,,M?,Unknown,False,unsched_macro
hormuz_retaliation_threat,KXCPI-26SEP-T0.5,unscheduled_macro,macro_bucket,1,15,False,-0.04166666666666663,-0.2002674696502359,-0.13157894736842093,4.0,0.16999999999999998,,42.0,74.31818181818181,0.0,0.45,,,M?,Unknown,False,unsched_macro
hormuz_retaliation_threat,KXCPI-26SEP-T0.5,unscheduled_macro,macro_bucket,3,15,False,0.10333333333333333,0.4463596952748163,0.3263157894736842,52.0,0.2866666666666666,,42.0,74.31818181818181,0.0,0.45,,,M?,Unknown,False,unsched_macro
hormuz_retaliation_threat,KXCPI-26SEP-T0.5,unscheduled_macro,macro_bucket,5,15,False,0.10333333333333339,0.4463596952748166,0.3263157894736844,52.0,0.30199999999999994,,181.98,74.31818181818181,35.0,0.45,,,M?,Unknown,False,unsched_macro
hormuz_retaliation_threat,KXCPI-26SEP-T0.4,unscheduled_macro,macro_bucket,1,24,False,-0.020416666666666694,-0.09305946163621082,-0.06086956521739138,4.0,0.050000000000000044,,83.42,96.24,0.0,0.525,,,M?,Unknown,True,unsched_macro
hormuz_retaliation_threat,KXCPI-26SEP-T0.4,unscheduled_macro,macro_bucket,3,24,False,0.22458333333333336,0.9249487946172696,0.6695652173913044,28.0,0.31666666666666665,,515.4200000000001,96.24,395.0,0.525,,,M?,Unknown,False,unsched_macro
hormuz_retaliation_threat,KXCPI-26SEP-T0.4,unscheduled_macro,macro_bucket,5,24,False,0.18958333333333333,0.7838701963573641,0.5652173913043478,28.0,0.296,,1338.65,96.24,938.4099999999999,0.525,,,M?,Unknown,False,unsched_macro
hormuz_retaliation_threat,KXCPI-26SEP-T0.3,unscheduled_macro,macro_bucket,1,25,False,0.23859999999999998,0.973295771480674,0.6174948240165631,4.0,0.55,,1.0,34.711999999999996,0.0,0.615,,,M?,Unknown,False,unsched_macro
hormuz_retaliation_threat,KXCPI-26SEP-T0.3,unscheduled_macro,macro_bucket,3,25,False,0.2735999999999999,1.1257643651249472,0.7080745341614904,4.0,0.5299999999999999,,37.0,34.711999999999996,32.0,0.615,,,M?,Unknown,False,unsched_macro
hormuz_retaliation_threat,KXCPI-26SEP-T0.3,unscheduled_macro,macro_bucket,5,25,False,0.31359999999999993,1.3097680081018868,0.8115942028985506,4.0,0.40800000000000003,,555.91,34.711999999999996,483.97,0.615,,,M?,Unknown,False,unsched_macro
hormuz_retaliation_threat,KXCPI-26SEP-T0.2,unscheduled_macro,macro_bucket,1,25,False,0.12380000000000002,0.5141431315247165,0.2352717597871532,4.0,0.32000000000000006,,8.0,42.415600000000005,0.0,0.685,,,M?,Unknown,False,unsched_macro
hormuz_retaliation_threat,KXCPI-26SEP-T0.2,unscheduled_macro,macro_bucket,3,25,False,0.24880000000000002,1.13186655026742,0.47282402128468265,28.0,0.3466666666666667,,375.0,42.415600000000005,365.0,0.685,,,M?,Unknown,False,unsched_macro
hormuz_retaliation_threat,KXCPI-26SEP-T0.2,unscheduled_macro,macro_bucket,5,25,False,0.3837999999999999,2.2087388522991227,0.7293804637020143,28.0,0.292,,505.0,42.415600000000005,389.0,0.685,,,M?,Unknown,False,unsched_macro
hormuz_retaliation_threat,KXCPI-26SEP-T0.1,unscheduled_macro,macro_bucket,1,24,False,0.07729166666666676,0.4003538072389108,0.11077933711555703,4.0,0.010000000000000009,,12.17,53.166666666666664,0.0,0.845,,,M?,Unknown,True,unsched_macro
hormuz_retaliation_threat,KXCPI-26SEP-T0.1,unscheduled_macro,macro_bucket,3,24,False,0.1472916666666667,0.8595026905279106,0.21110779337115565,4.0,0.16000000000000003,,550.17,53.166666666666664,534.1899999999999,0.845,,,M?,Unknown,False,unsched_macro
hormuz_retaliation_threat,KXCPI-26SEP-T0.1,unscheduled_macro,macro_bucket,5,24,False,0.20229166666666676,1.3608157574262032,0.2899372947148404,28.0,0.192,,555.17,53.166666666666664,539.1899999999999,0.845,,,M?,Unknown,False,unsched_macro
hormuz_retaliation_threat,KXCPI-26SEP-T-0.1,unscheduled_macro,macro_bucket,1,23,False,-0.10478260869565215,-0.6482841124151131,-0.12403499742665977,4.0,0.3400000000000001,,0.0,11.39695652173913,0.0,0.755,,,M?,Unknown,False,unsched_macro
hormuz_retaliation_threat,KXCPI-26SEP-T-0.1,unscheduled_macro,macro_bucket,3,23,False,-0.02978260869565219,-0.21142037943526315,-0.035254760679361834,4.0,0.3566666666666667,,389.0,11.39695652173913,174.0,0.755,,,M?,Unknown,False,unsched_macro
hormuz_retaliation_threat,KXCPI-26SEP-T-0.1,unscheduled_macro,macro_bucket,5,23,False,0.08021739130434791,0.8180529563783145,0.09495625321667535,100.0,0.29800000000000004,,389.0,11.39695652173913,174.0,0.755,,,M?,Unknown,False,unsched_macro
hormuz_retaliation_threat,KXCPI-26SEP-T0.0,unscheduled_macro,macro_bucket,1,19,False,0.05447368421052634,0.33931196123894436,0.07069672131147545,4.0,0.21000000000000008,,47.0,32.34157894736842,0.0,0.825,,,M?,Unknown,False,unsched_macro
hormuz_retaliation_threat,KXCPI-26SEP-T0.0,unscheduled_macro,macro_bucket,3,19,False,0.08447368421052637,0.5630822753439635,0.10963114754098369,4.0,0.17666666666666667,,1838.51,32.34157894736842,1309.82,0.825,,,M?,Unknown,False,unsched_macro
hormuz_retaliation_threat,KXCPI-26SEP-T0.0,unscheduled_macro,macro_bucket,5,19,False,0.16947368421052633,1.5402498618697258,0.21994535519125688,28.0,0.184,,1838.51,32.34157894736842,1309.82,0.825,,,M?,Unknown,False,unsched_macro
hormuz_retaliation_threat,KXCPI-26AUG-T0.5,unscheduled_macro,macro_bucket,1,19,False,0.022631578947368433,0.20230002372484113,0.19282511210762343,4.0,0.13,,14.0,1891.944347826087,0.0,0.1,,,M?,Unknown,False,unsched_macro
hormuz_retaliation_threat,KXCPI-26AUG-T0.5,unscheduled_macro,macro_bucket,3,19,False,-0.06736842105263158,-0.92684898880335,-0.5739910313901345,52.0,0.09333333333333334,,4947.37,1891.944347826087,2598.4200000000055,0.1,,,M?,Unknown,False,unsched_macro
hormuz_retaliation_threat,KXCPI-26AUG-T0.5,unscheduled_macro,macro_bucket,5,19,False,-0.06736842105263158,-0.92684898880335,-0.5739910313901345,52.0,0.266,,6470.41,1891.944347826087,4121.459999999999,0.1,,,M?,Unknown,False,unsched_macro
hormuz_retaliation_threat,KXCPI-26AUG-T0.4,unscheduled_macro,macro_bucket,1,25,False,-0.05400000000000002,-0.42277284544364035,-0.30167597765363136,4.0,0.010000000000000009,,391.62,1760.5676,0.0,0.135,,,M?,Unknown,True,unsched_macro
hormuz_retaliation_threat,KXCPI-26AUG-T0.4,unscheduled_macro,macro_bucket,3,25,False,-0.034,-0.2512304229045126,-0.18994413407821228,4.0,0.019999999999999993,,11891.48,1760.5676,2880.859999999997,0.135,,,M?,Unknown,True,unsched_macro
hormuz_retaliation_threat,KXCPI-26AUG-T0.4,unscheduled_macro,macro_bucket,5,25,False,-0.029000000000000026,-0.21146375177643328,-0.16201117318435768,4.0,0.21800000000000003,,26737.780000000002,1760.5676,13470.82,0.135,,,M?,Unknown,False,unsched_macro
hormuz_retaliation_threat,KXCPI-26AUG-T0.3,unscheduled_macro,macro_bucket,1,25,False,0.0534,0.2162728422807256,0.10140524116976832,4.0,0.09999999999999998,,896.38,1946.026,0.0,0.575,,,M?,Unknown,False,unsched_macro
hormuz_retaliation_threat,KXCPI-26AUG-T0.3,unscheduled_macro,macro_bucket,3,25,False,0.0683999999999999,0.27817378845676477,0.12988985947588283,4.0,0.05666666666666664,,4814.67,1946.026,494.4500000000007,0.575,,,M?,Unknown,True,unsched_macro
hormuz_retaliation_threat,KXCPI-26AUG-T0.3,unscheduled_macro,macro_bucket,5,25,False,-0.07660000000000006,-0.307171245444477,-0.14546145081655915,100.0,0.246,,32939.26,1946.026,18805.350000000002,0.575,,,M?,Unknown,False,unsched_macro
hormuz_retaliation_threat,KXCPI-26AUG-T0.2,unscheduled_macro,macro_bucket,1,25,False,0.10499999999999987,0.8957922103258129,0.13043478260869548,4.0,0.09999999999999998,,4343.05,1382.8892,0.0,0.9099999999999999,,,M?,Unknown,False,unsched_macro
hormuz_retaliation_threat,KXCPI-26AUG-T0.2,unscheduled_macro,macro_bucket,3,25,False,0.04500000000000004,0.3167583365332902,0.055900621118012465,4.0,0.11333333333333333,,7336.98,1382.8892,1058.760000000002,0.9099999999999999,,,M?,Unknown,False,unsched_macro
hormuz_retaliation_threat,KXCPI-26AUG-T0.2,unscheduled_macro,macro_bucket,5,25,False,0.1349999999999999,1.3336925941871312,0.16770186335403714,4.0,0.27,,36733.83,1382.8892,22660.980000000003,0.9099999999999999,,,M?,Unknown,False,unsched_macro
hormuz_retaliation_threat,KXCPI-26AUG-T0.1,unscheduled_macro,macro_bucket,3,25,False,0.10560000000000003,2.1978308676162532,0.12008187400500345,52.0,0.09500000000000003,,30840.170000000002,977.8292000000001,712.010000000002,0.985,,,M?,Unknown,False,unsched_macro
hormuz_retaliation_threat,KXCPI-26AUG-T0.1,unscheduled_macro,macro_bucket,5,25,False,0.09060000000000001,1.4893381173816482,0.10302478962929272,52.0,0.3025,,31766.100000000002,977.8292000000001,1375.5,0.985,,,M?,Unknown,False,unsched_macro
hormuz_retaliation_threat,KXCPI-26AUG-T-0.1,unscheduled_macro,macro_bucket,3,17,False,0.04911764705882338,2.4323469520346173,0.051927860696517246,28.0,0.015000000000000013,,773.0,244.35294117647058,773.0,0.985,,,M?,Unknown,True,unsched_macro
hormuz_retaliation_threat,KXCPI-26AUG-T-0.1,unscheduled_macro,macro_bucket,5,17,False,,,,,0.26,,949.0,244.35294117647058,949.0,0.985,,,M?,Unknown,False,unsched_macro
hormuz_retaliation_threat,KXCPI-26AUG-T0.0,unscheduled_macro,macro_bucket,1,19,False,0.058947368421052526,1.9921474791759537,0.06331260599208581,4.0,0.020000000000000018,,0.0,578.4252631578947,0.0,0.985,,,M?,Unknown,True,unsched_macro
hormuz_retaliation_threat,KXCPI-26AUG-T0.0,unscheduled_macro,macro_bucket,3,19,False,0.06394736842105253,2.690332453765856,0.06868287167891453,4.0,0.01666666666666668,,75.0,578.4252631578947,75.0,0.985,,,M?,Unknown,True,unsched_macro
hormuz_retaliation_threat,KXCPI-26AUG-T0.0,unscheduled_macro,macro_bucket,5,19,False,,,,,0.21200000000000002,,75.0,578.4252631578947,75.0,0.985,,,M?,Unknown,False,unsched_macro
hormuz_retaliation_threat,KXCPICORE-26NOV-T0.2,unscheduled_macro,macro_bucket,3,25,False,0.007199999999999984,0.03238799849977836,0.010863005431502691,52.0,0.52,,0.0,0.0,0.0,0.63,,,M?,Unknown,False,unsched_macro
hormuz_retaliation_threat,KXCPICORE-26NOV-T0.2,unscheduled_macro,macro_bucket,5,25,False,0.0021999999999999797,0.00985944940608019,0.003319251659625799,52.0,0.5266666666666667,,0.0,0.0,0.0,0.63,,,M?,Unknown,False,unsched_macro
hormuz_retaliation_threat,KXCPICORE-26NOV-T0.1,unscheduled_macro,macro_bucket,5,23,False,-0.006521739130434745,-0.04482643623047711,-0.007890583903208792,76.0,0.31999999999999995,,0.0,0.13,0.0,0.825,,,M?,Unknown,False,unsched_macro
hormuz_retaliation_threat,KXCPICORE-26NOV-T0.0,unscheduled_macro,macro_bucket,3,15,False,-0.004999999999999893,-0.03868954495017829,-0.0058823529411763465,52.0,0.31000000000000005,,0.0,0.0,0.0,0.845,,,M?,Unknown,False,unsched_macro
hormuz_retaliation_threat,KXCPICORE-26NOV-T0.0,unscheduled_macro,macro_bucket,5,15,False,-0.004999999999999893,-0.03868954495017829,-0.0058823529411763465,52.0,0.31000000000000005,,0.0,0.0,0.0,0.845,,,M?,Unknown,False,unsched_macro
hormuz_retaliation_threat,KXCPICORE-26OCT-T0.3,unscheduled_macro,macro_bucket,3,5,False,-0.16999999999999993,-0.7586609731688575,-0.39080459770114934,28.0,0.48,,1.02,0.18,0.0,0.275,,,M?,Unknown,False,unsched_macro
hormuz_retaliation_threat,KXCPICORE-26OCT-T0.3,unscheduled_macro,macro_bucket,5,5,False,-0.06499999999999995,-0.2707371136895512,-0.14942528735632174,28.0,0.475,,18.419999999999998,0.18,16.380000000000003,0.275,,,M?,Unknown,False,unsched_macro
hormuz_retaliation_threat,KXCPICORE-26OCT-T0.2,unscheduled_macro,macro_bucket,3,18,False,0.06194444444444447,0.27246861787671145,0.10022471910112365,52.0,0.5599999999999999,,0.0,0.0,0.0,0.6799999999999999,,,M?,Unknown,False,unsched_macro
hormuz_retaliation_threat,KXCPICORE-26OCT-T0.2,unscheduled_macro,macro_bucket,5,18,False,0.01694444444444454,0.07242446081053161,0.02741573033707881,52.0,0.5033333333333333,,0.0,0.0,0.0,0.6799999999999999,,,M?,Unknown,False,unsched_macro
hormuz_retaliation_threat,KXCPICORE-26OCT-T0.1,unscheduled_macro,macro_bucket,3,18,False,0.06972222222222224,0.4236355937148757,0.0923133504965061,52.0,0.2899999999999999,,0.0,0.0,0.0,0.825,,,M?,Unknown,False,unsched_macro
hormuz_retaliation_threat,KXCPICORE-26OCT-T0.1,unscheduled_macro,macro_bucket,5,18,False,0.04472222222222233,0.25933254242359993,0.05921294593600603,52.0,0.2933333333333333,,0.0,0.0,0.0,0.825,,,M?,Unknown,False,unsched_macro
hormuz_retaliation_threat,KXCPICORE-26OCT-T0.0,unscheduled_macro,macro_bucket,5,23,False,0.004347826086956497,0.030505980234664998,0.00526592943654552,76.0,0.28,,0.0,0.0004347826086956522,0.0,0.83,,,M?,Unknown,False,unsched_macro
hormuz_retaliation_threat,KXCPICORE-26SEP-T0.2,unscheduled_macro,macro_bucket,3,19,False,-0.15157894736842104,-0.6190392084062233,-0.24,28.0,0.6000000000000001,,0.0,0.0,0.0,0.48,,,M?,Unknown,False,unsched_macro
hormuz_retaliation_threat,KXCPICORE-26SEP-T0.2,unscheduled_macro,macro_bucket,5,19,False,-0.266578947368421,-1.092724146042887,-0.4220833333333333,28.0,0.5075000000000001,,0.0,0.0,0.0,0.48,,,M?,Unknown,False,unsched_macro
hormuz_retaliation_threat,KXCPICORE-26SEP-T0.1,unscheduled_macro,macro_bucket,3,19,False,-0.10473684210526324,-0.5770787066908286,-0.12934676633084183,52.0,0.47,,0.0,0.0,0.0,0.705,,,M?,Unknown,False,unsched_macro
hormuz_retaliation_threat,KXCPICORE-26SEP-T0.1,unscheduled_macro,macro_bucket,5,19,False,-0.03473684210526318,-0.21153852601435008,-0.042898927526811854,52.0,0.4066666666666667,,0.0,0.0,0.0,0.705,,,M?,Unknown,False,unsched_macro
hormuz_retaliation_threat,KXCPICORE-26SEP-T0.0,unscheduled_macro,macro_bucket,3,15,False,-0.020000000000000018,-0.13561708823438368,-0.024096385542168693,52.0,0.38,,0.0,0.0,0.0,0.81,,,M?,Unknown,False,unsched_macro
hormuz_retaliation_threat,KXCPICORE-26SEP-T0.0,unscheduled_macro,macro_bucket,5,15,False,0.07499999999999996,0.668430788359003,0.09036144578313247,100.0,0.32,,20.0,0.0,20.0,0.81,,,M?,Unknown,False,unsched_macro
hormuz_retaliation_threat,KXCPICORE-26AUG-T0.4,unscheduled_macro,macro_bucket,3,5,False,,,,,0.05,,0.0,96.36363636363636,0.0,,,,M?,Unknown,True,unsched_macro
hormuz_retaliation_threat,KXCPICORE-26AUG-T0.4,unscheduled_macro,macro_bucket,5,5,False,,,,,0.28,,0.0,96.36363636363636,0.0,,,,M?,Unknown,False,unsched_macro
hormuz_retaliation_threat,KXCPICORE-26AUG-T0.3,unscheduled_macro,macro_bucket,3,20,False,-0.036749999999999984,-0.6907071630825792,-0.4788273615635178,28.0,0.04,,66.66,14.68909090909091,16.659999999999968,,,,M?,Unknown,True,unsched_macro
hormuz_retaliation_threat,KXCPICORE-26AUG-T0.3,unscheduled_macro,macro_bucket,5,20,False,-0.06674999999999999,-2.1077731828692237,-0.8697068403908795,52.0,0.2725,,8569.18,14.68909090909091,7315.73,,,,M?,Unknown,False,unsched_macro
hormuz_retaliation_threat,KXCPICORE-26AUG-T0.2,unscheduled_macro,macro_bucket,1,24,False,-0.07312500000000005,-0.3106156014550538,-0.17488789237668173,4.0,0.04999999999999999,,160.0,33.278333333333336,0.0,0.35,,,M?,Unknown,True,unsched_macro
hormuz_retaliation_threat,KXCPICORE-26AUG-T0.2,unscheduled_macro,macro_bucket,3,24,False,-0.243125,-1.2201221952623285,-0.5814648729446935,52.0,0.09666666666666666,,14859.46,33.278333333333336,13911.529999999999,0.35,,,M?,Unknown,False,unsched_macro
hormuz_retaliation_threat,KXCPICORE-26AUG-T0.2,unscheduled_macro,macro_bucket,5,24,False,-0.30812500000000004,-1.760265879784931,-0.7369207772795218,52.0,0.26,,27432.11,33.278333333333336,23462.45,0.35,,,M?,Unknown,False,unsched_macro
hormuz_retaliation_threat,KXCPICORE-26AUG-T0.1,unscheduled_macro,macro_bucket,1,21,False,0.13023809523809526,0.7281203208090513,0.18745716244002747,4.0,0.04999999999999993,,19.0,23.755238095238095,0.0,0.8500000000000001,,,M?,Unknown,True,unsched_macro
hormuz_retaliation_threat,KXCPICORE-26AUG-T0.1,unscheduled_macro,macro_bucket,3,21,False,0.1702380952380953,1.0349776368913344,0.24503084304318037,4.0,0.05666666666666664,,4745.01,23.755238095238095,2861.629999999999,0.8500000000000001,,,M?,Unknown,True,unsched_macro
hormuz_retaliation_threat,KXCPICORE-26AUG-T0.1,unscheduled_macro,macro_bucket,5,21,False,0.14523809523809528,0.835750985001417,0.2090472926662098,4.0,0.236,,25034.840000000004,23.755238095238095,18003.72,0.8500000000000001,,,M?,Unknown,False,unsched_macro
hormuz_retaliation_threat,KXCPICORE-26AUG-T0.0,unscheduled_macro,macro_bucket,1,22,False,0.10431818181818198,1.0756921055887325,0.12558139534883742,4.0,0.10999999999999999,,0.0,0.0,0.0,0.9299999999999999,,,M?,Unknown,False,unsched_macro
hormuz_retaliation_threat,KXCPICORE-26AUG-T0.0,unscheduled_macro,macro_bucket,3,22,False,0.11931818181818188,1.353971825362121,0.14363885088919298,4.0,0.10333333333333332,,0.0,0.0,0.0,0.9299999999999999,,,M?,Unknown,False,unsched_macro
hormuz_retaliation_threat,KXCPICORE-26AUG-T0.0,unscheduled_macro,macro_bucket,5,22,False,,,,,0.27799999999999997,,0.0,0.0,0.0,0.9299999999999999,,,M?,Unknown,False,unsched_macro
hormuz_retaliation_threat,KXFED-27APR-T4.25,unscheduled_macro,macro_bucket,1,23,False,-0.0613043478260869,-0.3369105020709977,-0.2259615384615383,4.0,0.07999999999999999,,0.0,0.5652173913043478,0.0,0.275,,,M?,Unknown,True,unsched_macro
hormuz_retaliation_threat,KXFED-27APR-T4.25,unscheduled_macro,macro_bucket,3,23,False,0.013695652173913053,0.06822155024724352,0.050480769230769273,28.0,0.16666666666666666,,25.17,0.5652173913043478,-25.000000000000227,0.275,,,M?,Unknown,False,unsched_macro
hormuz_retaliation_threat,KXFED-27APR-T4.25,unscheduled_macro,macro_bucket,5,23,False,0.1236956521739131,0.5616722195428813,0.45592948717948745,76.0,0.13799999999999998,,53.2,0.5652173913043478,-25.000000000000227,0.275,,,M?,Unknown,False,unsched_macro
hormuz_retaliation_threat,KXFED-27APR-T4.00,unscheduled_macro,macro_bucket,1,25,False,0.05819999999999992,0.23415871370646746,0.13324175824175802,4.0,0.27,,0.0,6.469600000000001,0.0,0.495,,,M?,Unknown,False,unsched_macro
hormuz_retaliation_threat,KXFED-27APR-T4.00,unscheduled_macro,macro_bucket,3,25,False,0.08319999999999994,0.33420208808667357,0.1904761904761903,4.0,0.24,,0.0,6.469600000000001,0.0,0.495,,,M?,Unknown,False,unsched_macro
hormuz_retaliation_threat,KXFED-27APR-T4.00,unscheduled_macro,macro_bucket,5,25,False,0.13319999999999999,0.536010532554125,0.30494505494505486,28.0,0.20599999999999996,,0.0,6.469600000000001,0.0,0.495,,,M?,Unknown,False,unsched_macro
hormuz_retaliation_threat,KXFED-27APR-T3.75,unscheduled_macro,macro_bucket,1,25,False,0.09899999999999998,0.4054987809762539,0.1900191938579654,4.0,0.040000000000000036,,6.0,4.6392,0.0,0.61,,,M?,Unknown,True,unsched_macro
hormuz_retaliation_threat,KXFED-27APR-T3.75,unscheduled_macro,macro_bucket,3,25,False,0.04899999999999993,0.19780170779853562,0.09404990403071004,4.0,0.15,,11.0,4.6392,2.0,0.61,,,M?,Unknown,False,unsched_macro
hormuz_retaliation_threat,KXFED-27APR-T3.75,unscheduled_macro,macro_bucket,5,25,False,0.08900000000000008,0.36326277370121335,0.17082533589251453,4.0,0.14400000000000002,,12.0,4.6392,2.0,0.61,,,M?,Unknown,False,unsched_macro
hormuz_retaliation_threat,KXFED-27APR-T3.50,unscheduled_macro,macro_bucket,1,25,False,0.12320000000000009,0.5344011652247518,0.21545995103182947,4.0,0.06999999999999995,,4.0,7.340799999999999,0.0,0.685,,,M?,Unknown,True,unsched_macro
hormuz_retaliation_threat,KXFED-27APR-T3.50,unscheduled_macro,macro_bucket,3,25,False,0.043200000000000016,0.17918002978610476,0.07555089192025187,4.0,0.09666666666666661,,34.0,7.340799999999999,5.489999999999782,0.685,,,M?,Unknown,False,unsched_macro
hormuz_retaliation_threat,KXFED-27APR-T3.50,unscheduled_macro,macro_bucket,5,25,False,0.09320000000000006,0.396457605098159,0.16299405386498786,4.0,0.11199999999999995,,34.0,7.340799999999999,5.489999999999782,0.685,,,M?,Unknown,False,unsched_macro
hormuz_retaliation_threat,KXFED-27APR-T3.25,unscheduled_macro,macro_bucket,1,25,False,-0.05659999999999987,-0.2455349775132803,-0.08490849084908472,4.0,0.12,,7.0,12.2356,0.0,0.62,,,M?,Unknown,False,unsched_macro
hormuz_retaliation_threat,KXFED-27APR-T3.25,unscheduled_macro,macro_bucket,3,25,False,-0.026600000000000068,-0.11748305065338405,-0.03990399039904001,4.0,0.10666666666666669,,11.0,12.2356,2.0,0.62,,,M?,Unknown,False,unsched_macro
hormuz_retaliation_threat,KXFED-27APR-T3.25,unscheduled_macro,macro_bucket,5,25,False,-0.016599999999999948,-0.0738079871507219,-0.024902490249024824,4.0,0.084,,11.0,12.2356,2.0,0.62,,,M?,Unknown,False,unsched_macro
hormuz_retaliation_threat,KXFED-27APR-T3.00,unscheduled_macro,macro_bucket,1,24,False,-0.0797916666666667,-0.37798051307475344,-0.10859087042812593,4.0,0.31000000000000005,,13.0,3.0708333333333333,0.0,0.745,,,M?,Unknown,False,unsched_macro
hormuz_retaliation_threat,KXFED-27APR-T3.00,unscheduled_macro,macro_bucket,3,24,False,0.03020833333333328,0.16121898800373136,0.04111142614119641,52.0,0.27666666666666667,,14.0,3.0708333333333333,-1.0,0.745,,,M?,Unknown,False,unsched_macro
hormuz_retaliation_threat,KXFED-27APR-T3.00,unscheduled_macro,macro_bucket,5,24,False,0.03020833333333328,0.16121898800373136,0.04111142614119641,52.0,0.246,,14.0,3.0708333333333333,-1.0,0.745,,,M?,Unknown,False,unsched_macro
hormuz_retaliation_threat,KXFED-27APR-T2.75,unscheduled_macro,macro_bucket,1,25,False,0.0036000000000001586,0.023224453031371883,0.004464285714285912,4.0,0.09999999999999998,,0.0,12.726399999999998,0.0,0.705,,,M?,Unknown,False,unsched_macro
hormuz_retaliation_threat,KXFED-27APR-T2.75,unscheduled_macro,macro_bucket,3,25,False,-0.046399999999999886,-0.27410621253624123,-0.057539682539682405,28.0,0.15666666666666662,,0.0,12.726399999999998,0.0,0.705,,,M?,Unknown,False,unsched_macro
hormuz_retaliation_threat,KXFED-27APR-T2.75,unscheduled_macro,macro_bucket,5,25,False,0.0036000000000001586,0.023224453031371883,0.004464285714285912,4.0,0.18199999999999994,,0.0,12.726399999999998,0.0,0.705,,,M?,Unknown,False,unsched_macro
hormuz_retaliation_threat,KXFED-27APR-T2.50,unscheduled_macro,macro_bucket,1,25,False,-0.017200000000000104,-0.11348163252915788,-0.020919484310386892,4.0,0.06999999999999995,,0.0,5.0652,0.0,0.76,,,M?,Unknown,True,unsched_macro
hormuz_retaliation_threat,KXFED-27APR-T2.50,unscheduled_macro,macro_bucket,3,25,False,-0.08719999999999994,-0.5111836781573591,-0.10605692045730958,28.0,0.1333333333333333,,5.0,5.0652,-1.0,0.76,,,M?,Unknown,False,unsched_macro
hormuz_retaliation_threat,KXFED-27APR-T2.50,unscheduled_macro,macro_bucket,5,25,False,-0.052200000000000024,-0.3230131454594398,-0.06348820238384824,28.0,0.21000000000000002,,5.0,5.0652,-1.0,0.76,,,M?,Unknown,False,unsched_macro
hormuz_retaliation_threat,KXFED-27APR-T2.25,unscheduled_macro,macro_bucket,1,25,False,0.08820000000000006,0.5967869549627065,0.11427831044312005,4.0,0.14,,12.0,4.44,0.0,0.7749999999999999,,,M?,Unknown,False,unsched_macro
hormuz_retaliation_threat,KXFED-27APR-T2.25,unscheduled_macro,macro_bucket,3,25,False,-0.05180000000000007,-0.274041402834692,-0.06711583311738802,52.0,0.31,,12.0,4.44,0.0,0.7749999999999999,,,M?,Unknown,False,unsched_macro
hormuz_retaliation_threat,KXFED-27APR-T2.25,unscheduled_macro,macro_bucket,5,25,False,-0.006800000000000028,-0.03821269199316624,-0.008810572687224705,52.0,0.306,,12.0,4.44,0.0,0.7749999999999999,,,M?,Unknown,False,unsched_macro
hormuz_retaliation_threat,KXFED-27APR-T2.00,unscheduled_macro,macro_bucket,1,25,False,0.025399999999999978,0.14685878830746235,0.033219984305519194,4.0,0.24,,0.0,2.2,0.0,0.785,,,M?,Unknown,False,unsched_macro
hormuz_retaliation_threat,KXFED-27APR-T2.00,unscheduled_macro,macro_bucket,3,25,False,0.020399999999999974,0.1169790632186094,0.02668061731624375,4.0,0.265,,0.0,2.2,0.0,0.785,,,M?,Unknown,False,unsched_macro
hormuz_retaliation_threat,KXFED-27APR-T2.00,unscheduled_macro,macro_bucket,5,25,False,0.04039999999999999,0.23977609241868048,0.05283808527334553,4.0,0.2575,,0.0,2.2,0.0,0.785,,,M?,Unknown,False,unsched_macro
hormuz_retaliation_threat,KXFED-27APR-T1.75,unscheduled_macro,macro_bucket,1,25,False,0.036599999999999966,0.2562643904452213,0.045274616526472,4.0,0.10999999999999999,,0.0,0.48,0.0,0.77,,,M?,Unknown,False,unsched_macro
hormuz_retaliation_threat,KXFED-27APR-T1.75,unscheduled_macro,macro_bucket,3,25,False,-0.13339999999999996,-0.7087596114499131,-0.16501731815932702,52.0,0.3033333333333333,,0.0,0.48,0.0,0.77,,,M?,Unknown,False,unsched_macro
hormuz_retaliation_threat,KXFED-27APR-T1.75,unscheduled_macro,macro_bucket,5,25,False,-0.13840000000000008,-0.7314620620682201,-0.17120237506185065,52.0,0.39799999999999996,,0.0,0.48,0.0,0.77,,,M?,Unknown,False,unsched_macro
hormuz_retaliation_threat,KXFED-27APR-T1.50,unscheduled_macro,macro_bucket,1,24,False,-0.04208333333333325,-0.25994778597224744,-0.05150433452320235,4.0,0.20999999999999996,,0.0,0.0,0.0,0.7749999999999999,,,M?,Unknown,False,unsched_macro
hormuz_retaliation_threat,KXFED-27APR-T1.50,unscheduled_macro,macro_bucket,3,24,False,-0.007083333333333219,-0.046700237615175944,-0.008669046404895322,4.0,0.22666666666666668,,8.06,0.0,-7.0,0.7749999999999999,,,M?,Unknown,False,unsched_macro
hormuz_retaliation_threat,KXFED-27APR-T1.50,unscheduled_macro,macro_bucket,5,24,False,-0.007083333333333219,-0.046700237615175944,-0.008669046404895322,4.0,0.23200000000000004,,8.06,0.0,-7.0,0.7749999999999999,,,M?,Unknown,False,unsched_macro
hormuz_retaliation_threat,KXFED-27APR-T1.25,unscheduled_macro,macro_bucket,1,24,False,-0.017916666666666692,-0.11839178955598895,-0.02177215189873421,4.0,0.10999999999999999,,0.0,1.7916666666666667,0.0,0.8049999999999999,,,M?,Unknown,False,unsched_macro
hormuz_retaliation_threat,KXFED-27APR-T1.25,unscheduled_macro,macro_bucket,3,24,False,-0.06791666666666663,-0.4107749697065073,-0.08253164556962021,52.0,0.17,,2.14,1.7916666666666667,1.0799999999999272,0.8049999999999999,,,M?,Unknown,False,unsched_macro
hormuz_retaliation_threat,KXFED-27APR-T1.25,unscheduled_macro,macro_bucket,5,24,False,-0.0029166666666666785,-0.019887019042716947,-0.003544303797468369,4.0,0.20600000000000002,,3.14,1.7916666666666667,2.0799999999999272,0.8049999999999999,,,M?,Unknown,False,unsched_macro
hormuz_retaliation_threat,KXFED-27APR-T1.00,unscheduled_macro,macro_bucket,1,25,False,-0.010400000000000076,-0.1273688095079799,-0.011361153594057325,4.0,0.08999999999999997,,0.0,0.32,0.0,0.905,,,M?,Unknown,False,unsched_macro
hormuz_retaliation_threat,KXFED-27APR-T1.00,unscheduled_macro,macro_bucket,3,25,False,-0.010400000000000076,-0.1273688095079799,-0.011361153594057325,4.0,0.08999999999999997,,0.0,0.32,0.0,0.905,,,M?,Unknown,False,unsched_macro
hormuz_retaliation_threat,KXFED-27APR-T1.00,unscheduled_macro,macro_bucket,5,25,False,-0.020400000000000085,-0.23856349349003292,-0.022285339742189297,4.0,0.09399999999999997,,0.0,0.32,0.0,0.905,,,M?,Unknown,False,unsched_macro
hormuz_retaliation_threat,KXFED-27APR-T0.75,unscheduled_macro,macro_bucket,1,23,False,0.04847826086956508,0.4673618848278758,0.056598984771573435,4.0,0.13,,0.0,13.869565217391305,0.0,0.915,,,M?,Unknown,False,unsched_macro
hormuz_retaliation_threat,KXFED-27APR-T0.75,unscheduled_macro,macro_bucket,3,23,False,0.053478260869564975,0.5269387619091201,0.06243654822334996,4.0,0.12,,0.0,13.869565217391305,0.0,0.915,,,M?,Unknown,False,unsched_macro
hormuz_retaliation_threat,KXFED-27APR-T0.75,unscheduled_macro,macro_bucket,5,23,False,0.053478260869564975,0.5269387619091201,0.06243654822334996,4.0,0.12,,0.0,13.869565217391305,0.0,0.915,,,M?,Unknown,False,unsched_macro
hormuz_retaliation_threat,KXFED-27APR-T0.50,unscheduled_macro,macro_bucket,1,24,False,0.0010416666666667185,0.01331950058002418,0.0011397310234785157,4.0,0.17000000000000004,,0.0,2.0470833333333336,0.0,0.935,,,M?,Unknown,False,unsched_macro
hormuz_retaliation_threat,KXFED-27APR-T0.50,unscheduled_macro,macro_bucket,3,24,False,-0.00895833333333329,-0.10889525610579565,-0.009801686801914702,52.0,0.18,,0.0,2.0470833333333336,0.0,0.935,,,M?,Unknown,False,unsched_macro
hormuz_retaliation_threat,KXFED-27APR-T0.50,unscheduled_macro,macro_bucket,5,24,False,-0.00895833333333329,-0.10889525610579565,-0.009801686801914702,52.0,0.18499999999999997,,0.0,2.0470833333333336,0.0,0.935,,,M?,Unknown,False,unsched_macro
hormuz_retaliation_threat,KXFED-27APR-T0.25,unscheduled_macro,macro_bucket,1,21,False,0.008571428571428563,0.13307906330624197,0.0092521202775636,4.0,0.13,,0.0,23.00047619047619,0.0,0.9450000000000001,,,M?,Unknown,False,unsched_macro
hormuz_retaliation_threat,KXFED-27APR-T0.25,unscheduled_macro,macro_bucket,3,21,False,0.013571428571428457,0.21845511695513897,0.014649190439475589,4.0,0.125,,0.0,23.00047619047619,0.0,0.9450000000000001,,,M?,Unknown,False,unsched_macro
hormuz_retaliation_threat,KXFED-27APR-T0.25,unscheduled_macro,macro_bucket,5,21,False,0.013571428571428457,0.21845511695513897,0.014649190439475589,4.0,0.1225,,0.0,23.00047619047619,0.0,0.9450000000000001,,,M?,Unknown,False,unsched_macro
hormuz_retaliation_threat,KXFED-27APR-T0.00,unscheduled_macro,macro_bucket,1,20,False,0.03149999999999986,0.40602143635616894,0.03505843071786295,4.0,0.12,,0.0,0.0,0.0,0.94,,,M?,Unknown,False,unsched_macro
hormuz_retaliation_threat,KXFED-27APR-T0.00,unscheduled_macro,macro_bucket,3,20,False,0.026499999999999968,0.3316377162343427,0.029493600445186383,4.0,0.125,,0.0,0.0,0.0,0.94,,,M?,Unknown,False,unsched_macro
hormuz_retaliation_threat,KXFED-27APR-T0.00,unscheduled_macro,macro_bucket,5,20,False,0.021499999999999853,0.26167912762743084,0.02392877017250957,4.0,0.13,,0.0,0.0,0.0,0.94,,,M?,Unknown,False,unsched_macro
hormuz_retaliation_threat,KXFED-27MAR-T4.25,unscheduled_macro,macro_bucket,1,23,False,-0.016956521739130447,-0.31003065838942634,-0.2532467532467534,4.0,0.08,,0.0,0.043478260869565216,0.0,0.049999999999999996,,,M?,Unknown,True,unsched_macro
hormuz_retaliation_threat,KXFED-27MAR-T4.25,unscheduled_macro,macro_bucket,3,23,False,0.04804347826086955,0.5937528041323348,0.7175324675324672,28.0,0.06666666666666667,,0.0,0.043478260869565216,0.0,0.049999999999999996,,,M?,Unknown,True,unsched_macro
hormuz_retaliation_threat,KXFED-27MAR-T4.25,unscheduled_macro,macro_bucket,5,23,False,0.05804347826086956,0.6884981717217009,0.8668831168831167,28.0,0.07600000000000001,,29.61,0.043478260869565216,28.610000000000014,0.049999999999999996,,,M?,Unknown,True,unsched_macro
hormuz_retaliation_threat,KXFED-27MAR-T4.00,unscheduled_macro,macro_bucket,1,25,False,-0.07999999999999996,-0.37904985462272234,-0.23188405797101438,4.0,0.18999999999999997,,0.0,0.12,0.0,0.375,,,M?,Unknown,False,unsched_macro
hormuz_retaliation_threat,KXFED-27MAR-T4.00,unscheduled_macro,macro_bucket,3,25,False,0.030000000000000027,0.13026519483790144,0.08695652173913052,28.0,0.20666666666666664,,1.0,0.12,1.0,0.375,,,M?,Unknown,False,unsched_macro
hormuz_retaliation_threat,KXFED-27MAR-T4.00,unscheduled_macro,macro_bucket,5,25,False,0.06500000000000006,0.2771254414024806,0.18840579710144945,28.0,0.20599999999999996,,15.2,0.12,-1.0,0.375,,,M?,Unknown,False,unsched_macro
hormuz_retaliation_threat,KXFED-27MAR-T3.75,unscheduled_macro,macro_bucket,3,21,False,-0.007380952380952321,-0.03153712355966565,-0.01955835962145095,52.0,0.36000000000000004,,10.0,7.761904761904762,0.0,0.54,,,M?,Unknown,False,unsched_macro
hormuz_retaliation_threat,KXFED-27MAR-T3.75,unscheduled_macro,macro_bucket,5,21,False,0.06761904761904763,0.27978585860744803,0.1791798107255521,100.0,0.42,,10.0,7.761904761904762,0.0,0.54,,,M?,Unknown,False,unsched_macro
hormuz_retaliation_threat,KXFED-27MAR-T3.50,unscheduled_macro,macro_bucket,3,22,False,0.04295454545454552,0.17216096944946127,0.0864197530864199,28.0,0.43000000000000005,,5.0,1.3586363636363636,-5.0,0.5900000000000001,,,M?,Unknown,False,unsched_macro
hormuz_retaliation_threat,KXFED-27MAR-T3.50,unscheduled_macro,macro_bucket,5,22,False,0.10295454545454547,0.417283427482446,0.20713305898491088,28.0,0.41750000000000004,,5.0,1.3586363636363636,-5.0,0.5900000000000001,,,M?,Unknown,False,unsched_macro
hormuz_retaliation_threat,KXFED-27MAR-T3.25,unscheduled_macro,macro_bucket,1,25,False,0.15339999999999987,1.037900005225495,0.2096774193548385,4.0,0.10999999999999999,,0.0,0.4984,0.0,0.875,,,M?,Unknown,False,unsched_macro
hormuz_retaliation_threat,KXFED-27MAR-T3.25,unscheduled_macro,macro_bucket,3,25,False,0.0733999999999998,0.41508720743563154,0.10032804811372305,4.0,0.20999999999999996,,0.0,0.4984,0.0,0.875,,,M?,Unknown,False,unsched_macro
hormuz_retaliation_threat,KXFED-27MAR-T3.25,unscheduled_macro,macro_bucket,5,25,False,0.14339999999999986,0.9431546376361286,0.19600874794969905,4.0,0.184,,0.0,0.4984,0.0,0.875,,,M?,Unknown,False,unsched_macro
hormuz_retaliation_threat,KXFED-27MAR-T3.00,unscheduled_macro,macro_bucket,3,24,False,-0.0189583333333333,-0.11833044273160387,-0.02343548802472311,52.0,0.26,,0.0,0.2916666666666667,0.0,0.77,,,M?,Unknown,False,unsched_macro
hormuz_retaliation_threat,KXFED-27MAR-T3.00,unscheduled_macro,macro_bucket,5,24,False,-0.0189583333333333,-0.11833044273160387,-0.02343548802472311,52.0,0.3,,0.0,0.2916666666666667,0.0,0.77,,,M?,Unknown,False,unsched_macro
hormuz_retaliation_threat,KXFED-27MAR-T2.75,unscheduled_macro,macro_bucket,3,25,False,-0.02079999999999993,-0.1328149675463277,-0.025496445207158536,52.0,0.22499999999999998,,0.0,0.2,0.0,0.78,,,M?,Unknown,False,unsched_macro
hormuz_retaliation_threat,KXFED-27MAR-T2.75,unscheduled_macro,macro_bucket,5,25,False,-0.005799999999999805,-0.0381369275562522,-0.007109585682765146,52.0,0.2925,,0.0,0.2,0.0,0.78,,,M?,Unknown,False,unsched_macro
hormuz_retaliation_threat,KXFED-27MAR-T2.50,unscheduled_macro,macro_bucket,3,22,False,-0.07795454545454528,-0.5869069070375246,-0.0887910950038828,52.0,0.20500000000000002,,3.0,0.0,-3.0,0.865,,,M?,Unknown,False,unsched_macro
hormuz_retaliation_threat,KXFED-27MAR-T2.50,unscheduled_macro,macro_bucket,5,22,False,0.0020454545454546835,0.019228896532790918,0.002329795495728866,76.0,0.2075,,3.0,0.0,-3.0,0.865,,,M?,Unknown,False,unsched_macro
hormuz_retaliation_threat,KXFED-27MAR-T2.25,unscheduled_macro,macro_bucket,3,25,False,0.007600000000000051,0.09397858320747554,0.008375578576151699,52.0,0.09000000000000002,,0.0,0.0,0.0,0.915,,,M?,Unknown,False,unsched_macro
hormuz_retaliation_threat,KXFED-27MAR-T2.25,unscheduled_macro,macro_bucket,5,25,False,0.007600000000000051,0.09397858320747554,0.008375578576151699,52.0,0.1,,0.0,0.0,0.0,0.915,,,M?,Unknown,False,unsched_macro
hormuz_retaliation_threat,KXFED-27MAR-T2.00,unscheduled_macro,macro_bucket,1,17,False,-0.0050000000000001155,-0.0794699152951095,-0.005347593582887823,4.0,0.039999999999999925,,0.0,0.058823529411764705,0.0,0.9299999999999999,,,M?,Unknown,True,unsched_macro
hormuz_retaliation_threat,KXFED-27MAR-T2.00,unscheduled_macro,macro_bucket,3,17,False,-0.0050000000000001155,-0.0794699152951095,-0.005347593582887823,4.0,0.03666666666666659,,0.0,0.058823529411764705,0.0,0.9299999999999999,,,M?,Unknown,True,unsched_macro
hormuz_retaliation_threat,KXFED-27MAR-T2.00,unscheduled_macro,macro_bucket,5,17,False,-0.0050000000000001155,-0.0794699152951095,-0.005347593582887823,4.0,0.03799999999999992,,0.0,0.058823529411764705,0.0,0.9299999999999999,,,M?,Unknown,True,unsched_macro
hormuz_retaliation_threat,KXFED-27MAR-T1.75,unscheduled_macro,macro_bucket,1,20,False,-0.008499999999999952,-0.14919646726315872,-0.009009009009008959,4.0,0.029999999999999916,,0.0,1.1,0.0,0.935,,,M?,Unknown,True,unsched_macro
hormuz_retaliation_threat,KXFED-27MAR-T1.75,unscheduled_macro,macro_bucket,3,20,False,-0.008499999999999952,-0.14919646726315872,-0.009009009009008959,4.0,0.026666666666666578,,0.0,1.1,0.0,0.935,,,M?,Unknown,True,unsched_macro
hormuz_retaliation_threat,KXFED-27MAR-T1.75,unscheduled_macro,macro_bucket,5,20,False,-0.008499999999999952,-0.14919646726315872,-0.009009009009008959,4.0,0.027999999999999914,,0.0,1.1,0.0,0.935,,,M?,Unknown,True,unsched_macro
hormuz_retaliation_threat,KXFED-27MAR-T1.50,unscheduled_macro,macro_bucket,1,19,False,0.03368421052631576,0.7880825477661784,0.03597526700393477,4.0,0.040000000000000036,,0.0,0.4884210526315789,0.0,0.965,,,M?,Unknown,True,unsched_macro
hormuz_retaliation_threat,KXFED-27MAR-T1.50,unscheduled_macro,macro_bucket,3,19,False,0.028684210526315757,0.6287638977804773,0.03063518830803819,4.0,0.02666666666666669,,0.0,0.4884210526315789,0.0,0.965,,,M?,Unknown,True,unsched_macro
hormuz_retaliation_threat,KXFED-27MAR-T1.50,unscheduled_macro,macro_bucket,5,19,False,0.028684210526315757,0.6287638977804773,0.03063518830803819,4.0,0.028000000000000025,,0.0,0.4884210526315789,0.0,0.965,,,M?,Unknown,True,unsched_macro
hormuz_retaliation_threat,KXFED-27MAR-T1.25,unscheduled_macro,macro_bucket,3,19,False,-0.0028947368421052833,-0.052523050722545594,-0.00307005302818869,28.0,0.039999999999999925,,0.0,0.05263157894736842,0.0,0.94,,,M?,Unknown,True,unsched_macro
hormuz_retaliation_threat,KXFED-27MAR-T1.25,unscheduled_macro,macro_bucket,5,19,False,-0.0028947368421052833,-0.052523050722545594,-0.00307005302818869,28.0,0.039999999999999925,,0.0,0.05263157894736842,0.0,0.94,,,M?,Unknown,True,unsched_macro
hormuz_retaliation_threat,KXFED-27MAR-T1.00,unscheduled_macro,macro_bucket,1,19,False,-0.013947368421052486,-0.2792882803233083,-0.014620689655172265,4.0,0.019999999999999907,,0.0,0.05263157894736842,0.0,0.945,,,M?,Unknown,True,unsched_macro
hormuz_retaliation_threat,KXFED-27MAR-T1.00,unscheduled_macro,macro_bucket,3,19,False,-0.013947368421052486,-0.2792882803233083,-0.014620689655172265,4.0,0.019999999999999945,,0.0,0.05263157894736842,0.0,0.945,,,M?,Unknown,True,unsched_macro
hormuz_retaliation_threat,KXFED-27MAR-T1.00,unscheduled_macro,macro_bucket,5,19,False,-0.013947368421052486,-0.2792882803233083,-0.014620689655172265,4.0,0.019999999999999928,,0.0,0.05263157894736842,0.0,0.945,,,M?,Unknown,True,unsched_macro
hormuz_retaliation_threat,KXFED-27MAR-T0.75,unscheduled_macro,macro_bucket,3,15,False,-0.003666666666666485,-0.08001358075297382,-0.003844809507165137,52.0,0.020000000000000018,,0.0,0.06666666666666667,0.0,0.95,,,M?,Unknown,True,unsched_macro
hormuz_retaliation_threat,KXFED-27MAR-T0.75,unscheduled_macro,macro_bucket,5,15,False,-0.003666666666666485,-0.08001358075297382,-0.003844809507165137,52.0,0.020000000000000018,,0.0,0.06666666666666667,0.0,0.95,,,M?,Unknown,True,unsched_macro
hormuz_retaliation_threat,KXFED-27MAR-T0.50,unscheduled_macro,macro_bucket,3,15,False,-0.006333333333333524,-0.14208251361377755,-0.006622516556291589,28.0,0.020000000000000018,,200.0,0.13333333333333333,0.0,0.95,,,M?,Unknown,True,unsched_macro
hormuz_retaliation_threat,KXFED-27MAR-T0.50,unscheduled_macro,macro_bucket,5,15,False,-0.006333333333333524,-0.14208251361377755,-0.006622516556291589,28.0,0.020000000000000018,,200.0,0.13333333333333333,0.0,0.95,,,M?,Unknown,True,unsched_macro
hormuz_retaliation_threat,KXFED-27MAR-T0.25,unscheduled_macro,macro_bucket,3,17,False,-0.010588235294117565,-0.27929013199342423,-0.010965580261955444,28.0,0.044999999999999984,,0.0,0.0,0.0,0.9550000000000001,,,M?,Unknown,True,unsched_macro
hormuz_retaliation_threat,KXFED-27MAR-T0.25,unscheduled_macro,macro_bucket,5,17,False,-0.010588235294117565,-0.27929013199342423,-0.010965580261955444,28.0,0.04749999999999996,,0.0,0.0,0.0,0.9550000000000001,,,M?,Unknown,True,unsched_macro
hormuz_retaliation_threat,KXFED-27MAR-T0.00,unscheduled_macro,macro_bucket,3,16,False,-0.012499999999999956,-0.338426484857834,-0.012919896640826828,28.0,0.044999999999999984,,1.0,0.0,0.0,0.9550000000000001,,,M?,Unknown,True,unsched_macro
hormuz_retaliation_threat,KXFED-27MAR-T0.00,unscheduled_macro,macro_bucket,5,16,False,-0.012499999999999956,-0.338426484857834,-0.012919896640826828,28.0,0.04749999999999996,,1.0,0.0,0.0,0.9550000000000001,,,M?,Unknown,True,unsched_macro
hormuz_retaliation_threat,KXFED-27JAN-T4.25,unscheduled_macro,macro_bucket,3,21,False,0.005476190476190482,0.05719964846139591,0.05239179954441919,52.0,0.035,,0.0,0.6666666666666666,0.0,0.105,,,M?,Unknown,True,unsched_macro
hormuz_retaliation_threat,KXFED-27JAN-T4.25,unscheduled_macro,macro_bucket,5,21,False,0.09047619047619049,0.7300980265403489,0.865603644646925,100.0,0.045000000000000005,,346.21,0.6666666666666666,345.21000000000004,0.105,,,M?,Unknown,True,unsched_macro
hormuz_retaliation_threat,KXFED-27JAN-T4.00,unscheduled_macro,macro_bucket,1,25,False,0.06879999999999997,0.3194777865666706,0.24466571834992878,4.0,0.23999999999999996,,0.0,3.6,0.0,0.34500000000000003,,,M?,Unknown,False,unsched_macro
hormuz_retaliation_threat,KXFED-27JAN-T4.00,unscheduled_macro,macro_bucket,3,25,False,0.06879999999999997,0.3194777865666706,0.24466571834992878,4.0,0.23999999999999996,,0.0,3.6,0.0,0.34500000000000003,,,M?,Unknown,False,unsched_macro
hormuz_retaliation_threat,KXFED-27JAN-T4.00,unscheduled_macro,macro_bucket,5,25,False,0.11380000000000001,0.5121743018431746,0.40469416785206264,4.0,0.23249999999999998,,211.0,3.6,200.0,0.34500000000000003,,,M?,Unknown,False,unsched_macro
hormuz_retaliation_threat,KXFED-27JAN-T3.75,unscheduled_macro,macro_bucket,3,24,False,0.130625,0.5289325757070377,0.2753623188405797,28.0,0.245,,0.0,1.3529166666666665,0.0,0.59,,,M?,Unknown,False,unsched_macro
hormuz_retaliation_threat,KXFED-27JAN-T3.75,unscheduled_macro,macro_bucket,5,24,False,0.16562500000000002,0.6779540274808801,0.3491436100131753,28.0,0.235,,202.0,1.3529166666666665,200.00000000000006,0.59,,,M?,Unknown,False,unsched_macro
hormuz_retaliation_threat,KXFED-27JAN-T3.50,unscheduled_macro,macro_bucket,3,22,False,0.06886363636363635,0.38022461462904356,0.0948356807511737,28.0,0.15000000000000002,,0.0,10.450454545454546,0.0,0.77,,,M?,Unknown,False,unsched_macro
hormuz_retaliation_threat,KXFED-27JAN-T3.50,unscheduled_macro,macro_bucket,5,22,False,0.04886363636363633,0.2616551062620469,0.06729264475743345,28.0,0.135,,337.65,10.450454545454546,280.48,0.77,,,M?,Unknown,False,unsched_macro
hormuz_retaliation_threat,KXFED-27JAN-T3.25,unscheduled_macro,macro_bucket,1,25,False,0.08920000000000017,0.630624281168026,0.11424180327868876,4.0,0.12,,0.0,3.5184,0.0,0.88,,,M?,Unknown,False,unsched_macro
hormuz_retaliation_threat,KXFED-27JAN-T3.25,unscheduled_macro,macro_bucket,3,25,False,0.09920000000000007,0.7220956846651845,0.12704918032786894,4.0,0.12666666666666662,,0.0,3.5184,0.0,0.88,,,M?,Unknown,False,unsched_macro
hormuz_retaliation_threat,KXFED-27JAN-T3.25,unscheduled_macro,macro_bucket,5,25,False,0.09920000000000007,0.7220956846651845,0.12704918032786894,4.0,0.11599999999999999,,16.0,3.5184,8.0,0.88,,,M?,Unknown,False,unsched_macro
hormuz_retaliation_threat,KXFED-27JAN-T3.00,unscheduled_macro,macro_bucket,1,23,False,0.003260869565217317,0.034233506509658174,0.003656752803510399,4.0,0.08999999999999997,,0.0,0.0508695652173913,0.0,0.895,,,M?,Unknown,False,unsched_macro
hormuz_retaliation_threat,KXFED-27JAN-T3.00,unscheduled_macro,macro_bucket,3,23,False,0.00826086956521721,0.08859471572854405,0.009263773768893018,28.0,0.0833333333333333,,0.0,0.0508695652173913,0.0,0.895,,,M?,Unknown,False,unsched_macro
hormuz_retaliation_threat,KXFED-27JAN-T3.00,unscheduled_macro,macro_bucket,5,23,False,0.03826086956521724,0.4780594824902673,0.04290589956118949,100.0,0.07199999999999998,,0.0,0.0508695652173913,0.0,0.895,,,M?,Unknown,True,unsched_macro
hormuz_retaliation_threat,KXFED-27JAN-T2.75,unscheduled_macro,macro_bucket,1,24,False,-0.0004166666666667318,-0.004441589393394896,-0.00046533271288978886,4.0,0.08999999999999997,,0.0,0.4708333333333334,0.0,0.895,,,M?,Unknown,False,unsched_macro
hormuz_retaliation_threat,KXFED-27JAN-T2.75,unscheduled_macro,macro_bucket,3,24,False,0.009583333333333277,0.10675309458865812,0.010702652396463407,28.0,0.07666666666666662,,0.0,0.4708333333333334,0.0,0.895,,,M?,Unknown,True,unsched_macro
hormuz_retaliation_threat,KXFED-27JAN-T2.75,unscheduled_macro,macro_bucket,5,24,False,0.039583333333333304,0.5188543018823237,0.044206607724523,100.0,0.06399999999999997,,0.0,0.4708333333333334,0.0,0.895,,,M?,Unknown,True,unsched_macro
hormuz_retaliation_threat,KXFED-27JAN-T2.50,unscheduled_macro,macro_bucket,1,23,False,0.004347826086956497,0.05765950173861123,0.004748338081671388,4.0,0.039999999999999925,,39.0,1.6956521739130435,0.0,0.925,,,M?,Unknown,True,unsched_macro
hormuz_retaliation_threat,KXFED-27JAN-T2.50,unscheduled_macro,macro_bucket,3,23,False,0.009347826086956612,0.12761809034552307,0.010208926875593641,28.0,0.03333333333333325,,39.0,1.6956521739130435,0.0,0.925,,,M?,Unknown,True,unsched_macro
hormuz_retaliation_threat,KXFED-27JAN-T2.50,unscheduled_macro,macro_bucket,5,23,False,0.02934782608695663,0.45916420863068064,0.03205128205128217,100.0,0.03199999999999992,,39.0,1.6956521739130435,0.0,0.925,,,M?,Unknown,True,unsched_macro
hormuz_retaliation_threat,KXFED-27JAN-T2.25,unscheduled_macro,macro_bucket,3,21,False,-0.0007142857142857784,-0.010341353794733887,-0.0007716049382716741,52.0,0.02499999999999991,,0.0,0.14285714285714285,0.0,0.925,,,M?,Unknown,True,unsched_macro
hormuz_retaliation_threat,KXFED-27JAN-T2.25,unscheduled_macro,macro_bucket,5,21,False,0.01928571428571424,0.3212047644904237,0.02083333333333328,100.0,0.02499999999999991,,433.0,0.14285714285714285,433.00000000000006,0.925,,,M?,Unknown,True,unsched_macro
hormuz_retaliation_threat,KXFED-27JAN-T2.00,unscheduled_macro,macro_bucket,1,23,False,0.012826086956521765,0.19390211066912322,0.013908533710513937,4.0,0.029999999999999916,,0.0,0.0,0.0,0.9199999999999999,,,M?,Unknown,True,unsched_macro
hormuz_retaliation_threat,KXFED-27JAN-T2.00,unscheduled_macro,macro_bucket,3,23,False,-0.0021739130434783593,-0.029910113354724377,-0.002357378595002464,52.0,0.05666666666666661,,0.0,0.0,0.0,0.9199999999999999,,,M?,Unknown,True,unsched_macro
hormuz_retaliation_threat,KXFED-27JAN-T2.00,unscheduled_macro,macro_bucket,5,23,False,0.01782608695652166,0.2792781643180202,0.019330504479019243,4.0,0.04999999999999993,,0.0,0.0,0.0,0.9199999999999999,,,M?,Unknown,True,unsched_macro
hormuz_retaliation_threat,KXFED-27JAN-T1.75,unscheduled_macro,macro_bucket,1,21,False,-0.0007142857142856673,-0.011024254523519073,-0.0007674597083652605,4.0,0.039999999999999925,,0.0,0.23809523809523808,0.0,0.9299999999999999,,,M?,Unknown,True,unsched_macro
hormuz_retaliation_threat,KXFED-27JAN-T1.75,unscheduled_macro,macro_bucket,3,21,False,-0.0007142857142856673,-0.011024254523519073,-0.0007674597083652605,4.0,0.04333333333333326,,0.0,0.23809523809523808,0.0,0.9299999999999999,,,M?,Unknown,True,unsched_macro
hormuz_retaliation_threat,KXFED-27JAN-T1.75,unscheduled_macro,macro_bucket,5,21,False,0.014285714285714457,0.24613814363981223,0.015349194167306401,100.0,0.041999999999999926,,421.0,0.23809523809523808,413.54999999999995,0.9299999999999999,,,M?,Unknown,True,unsched_macro
hormuz_retaliation_threat,KXFED-27JAN-T1.50,unscheduled_macro,macro_bucket,1,22,False,0.0013636363636363447,0.023924586085244837,0.001452784503631941,4.0,0.039999999999999925,,37.0,1.6818181818181819,0.0,0.94,,,M?,Unknown,True,unsched_macro
hormuz_retaliation_threat,KXFED-27JAN-T1.50,unscheduled_macro,macro_bucket,3,22,False,0.0013636363636363447,0.023924586085244837,0.001452784503631941,4.0,0.039999999999999925,,37.0,1.6818181818181819,0.0,0.94,,,M?,Unknown,True,unsched_macro
hormuz_retaliation_threat,KXFED-27JAN-T1.50,unscheduled_macro,macro_bucket,5,22,False,0.01636363636363647,0.32743812375370895,0.01743341404358365,100.0,0.04399999999999993,,37.0,1.6818181818181819,0.0,0.94,,,M?,Unknown,True,unsched_macro
hormuz_retaliation_threat,KXFED-27JAN-T1.25,unscheduled_macro,macro_bucket,1,22,False,0.0004545454545452632,0.008711615335351919,0.0004812319538015297,4.0,0.029999999999999916,,0.0,0.9545454545454546,0.0,0.9450000000000001,,,M?,Unknown,True,unsched_macro
hormuz_retaliation_threat,KXFED-27JAN-T1.25,unscheduled_macro,macro_bucket,3,22,False,0.010454545454545161,0.21990872378448856,0.011068334937439533,28.0,0.026666666666666655,,0.0,0.9545454545454546,0.0,0.9450000000000001,,,M?,Unknown,True,unsched_macro
hormuz_retaliation_threat,KXFED-27JAN-T1.25,unscheduled_macro,macro_bucket,5,22,False,0.010454545454545161,0.21990872378448856,0.011068334937439533,28.0,0.028000000000000004,,0.0,0.9545454545454546,0.0,0.9450000000000001,,,M?,Unknown,True,unsched_macro
hormuz_retaliation_threat,KXFED-27JAN-T1.00,unscheduled_macro,macro_bucket,1,19,False,-0.0015789473684211242,-0.02834656915443734,-0.0016769144773617305,4.0,0.039999999999999925,,0.0,0.05263157894736842,0.0,0.9450000000000001,,,M?,Unknown,True,unsched_macro
hormuz_retaliation_threat,KXFED-27JAN-T1.00,unscheduled_macro,macro_bucket,3,19,False,0.01342105263157889,0.2751669685140241,0.014253773057574002,28.0,0.033333333333333326,,0.0,0.05263157894736842,0.0,0.9450000000000001,,,M?,Unknown,True,unsched_macro
hormuz_retaliation_threat,KXFED-27JAN-T1.00,unscheduled_macro,macro_bucket,5,19,False,0.018421052631578894,0.39817194815155954,0.019564002235885912,28.0,0.03600000000000001,,0.0,0.05263157894736842,0.0,0.9450000000000001,,,M?,Unknown,True,unsched_macro
hormuz_retaliation_threat,KXFED-27JAN-T0.75,unscheduled_macro,macro_bucket,1,22,False,0.014090909090908932,0.28727941490657516,0.01497584541062785,4.0,0.010000000000000009,,102.0,4.863636363636363,0.0,0.95,,,M?,Unknown,True,unsched_macro
hormuz_retaliation_threat,KXFED-27JAN-T0.75,unscheduled_macro,macro_bucket,3,22,False,0.014090909090908932,0.28727941490657516,0.01497584541062785,4.0,0.023333333333333355,,102.0,4.863636363636363,0.0,0.95,,,M?,Unknown,True,unsched_macro
hormuz_retaliation_threat,KXFED-27JAN-T0.75,unscheduled_macro,macro_bucket,5,22,False,0.02409090909090894,0.549010604045737,0.025603864734299354,4.0,0.026000000000000023,,102.0,4.863636363636363,0.0,0.95,,,M?,Unknown,True,unsched_macro
hormuz_retaliation_threat,KXFED-27JAN-T0.50,unscheduled_macro,macro_bucket,1,23,False,0.013478260869565162,0.30453512448581455,0.014239779513091352,4.0,0.020000000000000018,,0.0,5.565217391304348,0.0,0.95,,,M?,Unknown,True,unsched_macro
hormuz_retaliation_threat,KXFED-27JAN-T0.50,unscheduled_macro,macro_bucket,3,23,False,0.018478260869565166,0.44326133398744094,0.01952227836472204,4.0,0.013333333333333345,,78.0,5.565217391304348,-8.0,0.95,,,M?,Unknown,True,unsched_macro
hormuz_retaliation_threat,KXFED-27JAN-T0.50,unscheduled_macro,macro_bucket,5,23,False,0.018478260869565166,0.44326133398744094,0.01952227836472204,4.0,0.016000000000000014,,78.0,5.565217391304348,-8.0,0.95,,,M?,Unknown,True,unsched_macro
hormuz_retaliation_threat,KXFED-27JAN-T0.25,unscheduled_macro,macro_bucket,1,21,False,0.004761904761904634,0.09599691440839697,0.005037783375314726,4.0,0.039999999999999925,,0.0,0.047619047619047616,0.0,0.9450000000000001,,,M?,Unknown,True,unsched_macro
hormuz_retaliation_threat,KXFED-27JAN-T0.25,unscheduled_macro,macro_bucket,3,21,False,0.004761904761904634,0.09599691440839697,0.005037783375314726,4.0,0.04333333333333326,,0.0,0.047619047619047616,0.0,0.9450000000000001,,,M?,Unknown,True,unsched_macro
hormuz_retaliation_threat,KXFED-27JAN-T0.25,unscheduled_macro,macro_bucket,5,21,False,0.019761904761904647,0.46833797509152886,0.020906801007556552,76.0,0.04399999999999997,,0.0,0.047619047619047616,0.0,0.9450000000000001,,,M?,Unknown,True,unsched_macro
hormuz_retaliation_threat,KXFED-27JAN-T0.00,unscheduled_macro,macro_bucket,1,20,False,-0.0002500000000001945,-0.010306713242428156,-0.000256344527044547,4.0,0.010000000000000009,,0.0,0.0,0.0,0.975,,,M?,Unknown,True,unsched_macro
hormuz_retaliation_threat,KXFED-27JAN-T0.00,unscheduled_macro,macro_bucket,3,20,False,-0.0002500000000001945,-0.010306713242428156,-0.000256344527044547,4.0,0.010000000000000009,,0.0,0.0,0.0,0.975,,,M?,Unknown,True,unsched_macro
hormuz_retaliation_threat,KXFED-27JAN-T0.00,unscheduled_macro,macro_bucket,5,20,False,0.009749999999999814,0.510723080697804,0.009997436554729365,28.0,0.010000000000000009,,0.0,0.0,0.0,0.975,,,M?,Unknown,True,unsched_macro
hormuz_retaliation_threat,KXFED-26DEC-T5.00,unscheduled_macro,macro_bucket,1,17,True,,,,,0.02,,0.0,16.11909090909091,0.0,,,,M?,Unknown,True,unsched_macro
hormuz_retaliation_threat,KXFED-26DEC-T5.00,unscheduled_macro,macro_bucket,3,17,True,,,,,0.02,,0.0,16.11909090909091,0.0,,,,M?,Unknown,True,unsched_macro
hormuz_retaliation_threat,KXFED-26DEC-T5.00,unscheduled_macro,macro_bucket,5,17,True,,,,,0.02,,0.0,16.11909090909091,0.0,,,,M?,Unknown,True,unsched_macro
hormuz_retaliation_threat,KXFED-26DEC-T4.75,unscheduled_macro,macro_bucket,5,11,False,,,,,0.02,,0.0,45.19238095238095,0.0,,,,M?,Unknown,True,unsched_macro
hormuz_retaliation_threat,KXFED-26DEC-T4.50,unscheduled_macro,macro_bucket,3,11,False,,,,,0.01,,0.0,40.6,0.0,,,,M?,Unknown,True,unsched_macro
hormuz_retaliation_threat,KXFED-26DEC-T4.50,unscheduled_macro,macro_bucket,5,11,False,-0.012727272727272728,-0.8339197344410274,-0.56,100.0,0.013333333333333334,,2.0,40.6,2.0,,,,M?,Unknown,True,unsched_macro
hormuz_retaliation_threat,KXFED-26DEC-T4.25,unscheduled_macro,macro_bucket,1,25,False,0.018800000000000004,0.36131494838338085,0.406926406926407,4.0,0.049999999999999996,,0.0,66.3988,0.0,0.065,,,M?,Unknown,True,unsched_macro
hormuz_retaliation_threat,KXFED-26DEC-T4.25,unscheduled_macro,macro_bucket,3,25,False,0.02380000000000001,0.44078486367848857,0.5151515151515154,4.0,0.049999999999999996,,178.0,66.3988,174.8100000000004,0.065,,,M?,Unknown,True,unsched_macro
hormuz_retaliation_threat,KXFED-26DEC-T4.25,unscheduled_macro,macro_bucket,5,25,False,0.08880000000000002,1.170019479282981,1.9220779220779225,100.0,0.044,,6328.06,66.3988,6255.87,0.065,,,M?,Unknown,True,unsched_macro
hormuz_retaliation_threat,KXFED-26DEC-T4.00,unscheduled_macro,macro_bucket,1,25,False,0.13999999999999999,0.6830349818387266,0.6222222222222221,4.0,0.010000000000000009,,53.34,18.282799999999998,0.0,0.365,,,M?,Unknown,True,unsched_macro
hormuz_retaliation_threat,KXFED-26DEC-T4.00,unscheduled_macro,macro_bucket,3,25,False,0.13999999999999999,0.6830349818387266,0.6222222222222221,4.0,0.010000000000000009,,245.54,18.282799999999998,192.20000000000073,0.365,,,M?,Unknown,True,unsched_macro
hormuz_retaliation_threat,KXFED-26DEC-T4.00,unscheduled_macro,macro_bucket,5,25,False,0.275,1.2367626271489267,1.2222222222222223,4.0,0.012500000000000011,,2822.92,18.282799999999998,2220.870000000001,0.365,,,M?,Unknown,True,unsched_macro
hormuz_retaliation_threat,KXFED-26DEC-T3.75,unscheduled_macro,macro_bucket,1,23,False,0.19608695652173913,0.9184497047419906,0.33871573413443484,4.0,0.050000000000000044,,6.0,411.1591304347827,0.0,0.78,,,M?,Unknown,True,unsched_macro
hormuz_retaliation_threat,KXFED-26DEC-T3.75,unscheduled_macro,macro_bucket,3,23,False,0.21108695652173914,1.0066124923366622,0.3646263612467142,4.0,0.03333333333333336,,91.96,411.1591304347827,0.0,0.78,,,M?,Unknown,True,unsched_macro
hormuz_retaliation_threat,KXFED-26DEC-T3.75,unscheduled_macro,macro_bucket,5,23,False,0.2960869565217391,1.6275972266483767,0.5114532482162973,4.0,0.028000000000000025,,4194.16,411.1591304347827,-901.7100000000028,0.78,,,M?,Unknown,True,unsched_macro
hormuz_retaliation_threat,KXFED-26DEC-T3.50,unscheduled_macro,macro_bucket,1,25,False,0.07619999999999993,0.7870855004217736,0.08977379830348718,4.0,0.010000000000000009,,100.9,258.4376,0.0,0.925,,,M?,Unknown,True,unsched_macro
hormuz_retaliation_threat,KXFED-26DEC-T3.50,unscheduled_macro,macro_bucket,3,25,False,0.07619999999999993,0.7870855004217736,0.08977379830348718,4.0,0.010000000000000009,,100.9,258.4376,0.0,0.925,,,M?,Unknown,True,unsched_macro
hormuz_retaliation_threat,KXFED-26DEC-T3.50,unscheduled_macro,macro_bucket,5,25,False,0.10619999999999985,1.3298287271560678,0.12511781338360017,4.0,0.015999999999999993,,2015.19,258.4376,142.45999999999913,0.925,,,M?,Unknown,True,unsched_macro
hormuz_retaliation_threat,KXFED-26DEC-T3.25,unscheduled_macro,macro_bucket,1,24,False,-0.006041666666666723,-0.1957313233924789,-0.0062218408066939,4.0,0.010000000000000009,,0.0,28.50708333333333,0.0,0.965,,,M?,Unknown,True,unsched_macro
hormuz_retaliation_threat,KXFED-26DEC-T3.25,unscheduled_macro,macro_bucket,3,24,False,0.003958333333333286,0.15105028288759526,0.004076378459557986,52.0,0.010000000000000009,,0.0,28.50708333333333,0.0,0.965,,,M?,Unknown,True,unsched_macro
hormuz_retaliation_threat,KXFED-26DEC-T3.25,unscheduled_macro,macro_bucket,5,24,False,0.003958333333333286,0.15105028288759526,0.004076378459557986,52.0,0.010000000000000009,,667.0,28.50708333333333,0.0,0.965,,,M?,Unknown,True,unsched_macro
hormuz_retaliation_threat,KXFED-26DEC-T3.00,unscheduled_macro,macro_bucket,3,22,False,0.0027272727272729114,0.169826729692649,0.0027764923646461854,52.0,0.010000000000000009,,0.0,0.13636363636363635,0.0,0.985,,,M?,Unknown,True,unsched_macro
hormuz_retaliation_threat,KXFED-26DEC-T3.00,unscheduled_macro,macro_bucket,5,22,False,0.0027272727272729114,0.169826729692649,0.0027764923646461854,52.0,0.010000000000000009,,0.0,0.13636363636363635,0.0,0.985,,,M?,Unknown,True,unsched_macro
hormuz_retaliation_threat,KXFED-26DEC-T2.75,unscheduled_macro,macro_bucket,3,25,False,0.0009999999999998899,0.06555426525739971,0.001016260162601514,52.0,0.010000000000000009,,0.0,44.84,0.0,0.985,,,M?,Unknown,True,unsched_macro
hormuz_retaliation_threat,KXFED-26DEC-T2.75,unscheduled_macro,macro_bucket,5,25,False,0.0009999999999998899,0.06555426525739971,0.001016260162601514,52.0,0.010000000000000009,,0.0,44.84,0.0,0.985,,,M?,Unknown,True,unsched_macro
hormuz_retaliation_threat,KXFED-26OCT-T4.75,unscheduled_macro,macro_bucket,3,6,False,,,,,0.01,,0.0,3.942,0.0,,,,M?,Unknown,True,unsched_macro
hormuz_retaliation_threat,KXFED-26OCT-T4.75,unscheduled_macro,macro_bucket,5,6,False,,,,,0.01,,0.0,3.942,0.0,,,,M?,Unknown,True,unsched_macro
hormuz_retaliation_threat,KXFED-26OCT-T4.50,unscheduled_macro,macro_bucket,3,12,False,,,,,0.01,,0.0,9.761904761904763,0.0,,,,M?,Unknown,True,unsched_macro
hormuz_retaliation_threat,KXFED-26OCT-T4.50,unscheduled_macro,macro_bucket,5,12,False,,,,,0.01,,0.0,9.761904761904763,0.0,,,,M?,Unknown,True,unsched_macro
hormuz_retaliation_threat,KXFED-26OCT-T4.25,unscheduled_macro,macro_bucket,3,13,False,,,,,0.01,,0.0,79.14200000000001,0.0,,,,M?,Unknown,True,unsched_macro
hormuz_retaliation_threat,KXFED-26OCT-T4.25,unscheduled_macro,macro_bucket,5,13,False,-0.013846153846153855,-0.6680832118967288,-0.48000000000000015,100.0,0.01,,46.0,79.14200000000001,0.0,,,,M?,Unknown,True,unsched_macro
hormuz_retaliation_threat,KXFED-26OCT-T4.00,unscheduled_macro,macro_bucket,1,25,False,-0.001799999999999996,-0.027326593345045502,-0.0250696378830083,4.0,0.020000000000000004,,22.0,164.2464,0.0,0.075,,,M?,Unknown,True,unsched_macro
hormuz_retaliation_threat,KXFED-26OCT-T4.00,unscheduled_macro,macro_bucket,3,25,False,0.0032000000000000084,0.04705712677678209,0.04456824512534831,28.0,0.016666666666666663,,518.37,164.2464,496.369999999999,0.075,,,M?,Unknown,True,unsched_macro
hormuz_retaliation_threat,KXFED-26OCT-T4.00,unscheduled_macro,macro_bucket,5,25,False,0.1232,1.1415200318980805,1.7158774373259054,100.0,0.022,,3356.99,164.2464,1989.3099999999995,0.075,,,M?,Unknown,True,unsched_macro
hormuz_retaliation_threat,KXFED-26OCT-T3.75,unscheduled_macro,macro_bucket,1,25,False,0.128,0.525725815761707,0.252465483234714,4.0,0.030000000000000027,,44.0,211.9796,0.0,0.63,,,M?,Unknown,True,unsched_macro
hormuz_retaliation_threat,KXFED-26OCT-T3.75,unscheduled_macro,macro_bucket,3,25,False,0.123,0.504214984198815,0.24260355029585798,4.0,0.020000000000000018,,49.04,211.9796,5.039999999999964,0.63,,,M?,Unknown,True,unsched_macro
hormuz_retaliation_threat,KXFED-26OCT-T3.75,unscheduled_macro,macro_bucket,5,25,False,0.378,2.0126536870961864,0.7455621301775148,76.0,0.028000000000000025,,2392.5600000000004,211.9796,1107.2199999999993,0.63,,,M?,Unknown,True,unsched_macro
hormuz_retaliation_threat,KXFED-26OCT-T3.50,unscheduled_macro,macro_bucket,1,23,False,0.02413043478260879,0.5497212856192535,0.025646950092421544,4.0,0.010000000000000009,,0.0,223.8426086956522,0.0,0.965,,,M?,Unknown,True,unsched_macro
hormuz_retaliation_threat,KXFED-26OCT-T3.50,unscheduled_macro,macro_bucket,3,23,False,0.02413043478260879,0.5497212856192535,0.025646950092421544,4.0,0.010000000000000009,,0.0,223.8426086956522,0.0,0.965,,,M?,Unknown,True,unsched_macro
hormuz_retaliation_threat,KXFED-26OCT-T3.50,unscheduled_macro,macro_bucket,5,23,False,0.04913043478260881,1.8280610959042711,0.052218114602587934,76.0,0.014000000000000012,,1481.3,223.8426086956522,447.3000000000002,0.965,,,M?,Unknown,True,unsched_macro
hormuz_retaliation_threat,KXFED-26OCT-T3.25,unscheduled_macro,macro_bucket,1,24,False,0.0029166666666666785,0.18064665282731074,0.002969876962240148,4.0,0.010000000000000009,,0.0,1.9420833333333334,0.0,0.985,,,M?,Unknown,True,unsched_macro
hormuz_retaliation_threat,KXFED-26OCT-T3.25,unscheduled_macro,macro_bucket,3,24,False,0.0029166666666666785,0.18064665282731074,0.002969876962240148,4.0,0.010000000000000009,,0.0,1.9420833333333334,0.0,0.985,,,M?,Unknown,True,unsched_macro
hormuz_retaliation_threat,KXFED-26OCT-T3.25,unscheduled_macro,macro_bucket,5,24,False,0.012916666666666687,1.2893600374819245,0.013152312261349193,76.0,0.010000000000000009,,872.32,1.9420833333333334,200.00000000000023,0.985,,,M?,Unknown,True,unsched_macro
hormuz_retaliation_threat,KXFED-26OCT-T3.00,unscheduled_macro,macro_bucket,1,20,False,0.010000000000000009,1.1087133846546138,0.0101522842639594,4.0,0.010000000000000009,,2.0,0.05,0.0,0.995,,,M?,Unknown,True,unsched_macro
hormuz_retaliation_threat,KXFED-26OCT-T3.00,unscheduled_macro,macro_bucket,3,20,False,0.010000000000000009,1.1087133846546138,0.0101522842639594,4.0,0.010000000000000009,,9.0,0.05,-7.0,0.995,,,M?,Unknown,True,unsched_macro
hormuz_retaliation_threat,KXFED-26OCT-T3.00,unscheduled_macro,macro_bucket,5,20,False,0.010000000000000009,1.1087133846546138,0.0101522842639594,4.0,0.010000000000000009,,9.0,0.05,-7.0,0.995,,,M?,Unknown,True,unsched_macro
hormuz_retaliation_threat,KXFED-26OCT-T2.75,unscheduled_macro,macro_bucket,3,25,False,0.010200000000000098,1.122161677706485,0.010357432981316105,28.0,0.010000000000000009,,0.0,8.04,0.0,0.995,,,M?,Unknown,True,unsched_macro
hormuz_retaliation_threat,KXFED-26OCT-T2.75,unscheduled_macro,macro_bucket,5,25,False,0.010200000000000098,1.122161677706485,0.010357432981316105,28.0,0.010000000000000009,,0.0,8.04,0.0,0.995,,,M?,Unknown,True,unsched_macro
hormuz_retaliation_threat,KXFED-26SEP-T5.00,unscheduled_macro,macro_bucket,3,6,True,,,,,0.01,,0.0,0.0,0.0,,,,M?,Unknown,True,unsched_macro
hormuz_retaliation_threat,KXFED-26SEP-T5.00,unscheduled_macro,macro_bucket,5,6,True,,,,,0.01,,3.0,0.0,3.0,,,,M?,Unknown,True,unsched_macro
hormuz_retaliation_threat,KXFED-26SEP-T4.75,unscheduled_macro,macro_bucket,3,5,True,,,,,0.01,,0.0,6.060454545454545,0.0,,,,M?,Unknown,True,unsched_macro
hormuz_retaliation_threat,KXFED-26SEP-T4.75,unscheduled_macro,macro_bucket,5,5,True,,,,,0.01,,3.0,6.060454545454545,3.0,,,,M?,Unknown,True,unsched_macro
hormuz_retaliation_threat,KXFED-26SEP-T4.50,unscheduled_macro,macro_bucket,3,6,True,-0.011666666666666667,-0.7850443877680302,-0.5384615384615384,52.0,0.01,,5000.0,3047.7943478260863,0.0,0.01,,,M?,Unknown,True,unsched_macro
hormuz_retaliation_threat,KXFED-26SEP-T4.50,unscheduled_macro,macro_bucket,5,6,True,,,,,0.01,,5003.0,3047.7943478260863,3.0,0.01,,,M?,Unknown,True,unsched_macro
hormuz_retaliation_threat,KXFED-26SEP-T4.25,unscheduled_macro,macro_bucket,1,10,False,1.734723475976807e-18,0.0,1.7347234759768073e-16,,0.01,,5611.12,257.6260869565217,0.0,0.01,,,M?,Unknown,True,unsched_macro
hormuz_retaliation_threat,KXFED-26SEP-T4.25,unscheduled_macro,macro_bucket,3,10,False,1.734723475976807e-18,0.0,1.7347234759768073e-16,,0.01,,9925.130000000001,257.6260869565217,2525.0,0.01,,,M?,Unknown,True,unsched_macro
hormuz_retaliation_threat,KXFED-26SEP-T4.25,unscheduled_macro,macro_bucket,5,10,False,1.734723475976807e-18,0.0,1.7347234759768073e-16,,0.01,,11724.970000000001,257.6260869565217,4324.84,0.01,,,M?,Unknown,True,unsched_macro
hormuz_retaliation_threat,KXFED-26SEP-T4.00,unscheduled_macro,macro_bucket,1,23,False,0.0036956521739130426,0.28660769621912063,0.3269230769230768,4.0,0.01,,1333.51,2950.8899999999994,0.0,0.02,,,M?,Unknown,True,unsched_macro
hormuz_retaliation_threat,KXFED-26SEP-T4.00,unscheduled_macro,macro_bucket,3,23,False,0.0036956521739130426,0.28660769621912063,0.3269230769230768,4.0,0.01,,16866.91,2950.8899999999994,4422.810000000012,0.02,,,M?,Unknown,True,unsched_macro
hormuz_retaliation_threat,KXFED-26SEP-T4.00,unscheduled_macro,macro_bucket,5,23,False,0.0036956521739130426,0.28660769621912063,0.3269230769230768,4.0,0.012,,40669.49,2950.8899999999994,13863.469999999987,0.02,,,M?,Unknown,True,unsched_macro
hormuz_retaliation_threat,KXFED-26SEP-T3.75,unscheduled_macro,macro_bucket,1,25,False,0.16159999999999997,0.660720817442904,0.44468904788112257,4.0,0.010000000000000009,,8036.71,14293.518800000002,0.0,0.505,,,M?,Unknown,True,unsched_macro
hormuz_retaliation_threat,KXFED-26SEP-T3.75,unscheduled_macro,macro_bucket,3,25,False,0.18159999999999998,0.7411257345982152,0.4997248211337368,4.0,0.010000000000000009,,72705.42,14293.518800000002,58764.48000000004,0.505,,,M?,Unknown,True,unsched_macro
hormuz_retaliation_threat,KXFED-26SEP-T3.75,unscheduled_macro,macro_bucket,5,25,False,0.4416,1.978480077740738,1.2151898734177213,76.0,0.010000000000000009,,258395.28999999998,14293.518800000002,144390.49000000005,0.505,,,M?,Unknown,True,unsched_macro
hormuz_retaliation_threat,KXFED-26SEP-T3.50,unscheduled_macro,macro_bucket,1,20,False,0.0024999999999999467,0.4079808327054044,0.002518891687657377,4.0,0.010000000000000009,,95.51,11222.935000000001,0.0,0.995,,,M?,Unknown,True,unsched_macro
hormuz_retaliation_threat,KXFED-26SEP-T3.50,unscheduled_macro,macro_bucket,3,20,False,0.0024999999999999467,0.4079808327054044,0.002518891687657377,4.0,0.010000000000000009,,1217.51,11222.935000000001,1122.0,0.995,,,M?,Unknown,True,unsched_macro
hormuz_retaliation_threat,KXFED-26SEP-T3.50,unscheduled_macro,macro_bucket,5,20,False,0.0024999999999999467,0.4079808327054044,0.002518891687657377,4.0,0.010000000000000009,,48510.939999999995,11222.935000000001,11069.430000000022,0.995,,,M?,Unknown,True,unsched_macro
hormuz_retaliation_threat,KXFED-26SEP-T3.25,unscheduled_macro,macro_bucket,3,10,False,0.002000000000000224,0.3384843097346648,0.002014098690836077,28.0,0.010000000000000009,,0.0,333.5,0.0,0.995,,,M?,Unknown,True,unsched_macro
hormuz_retaliation_threat,KXFED-26SEP-T3.25,unscheduled_macro,macro_bucket,5,10,False,0.002000000000000224,0.3384843097346648,0.002014098690836077,28.0,0.010000000000000009,,0.0,333.5,0.0,0.995,,,M?,Unknown,True,unsched_macro
hormuz_retaliation_threat,KXFED-26SEP-T3.00,unscheduled_macro,macro_bucket,3,22,False,-2.220446049250313e-16,-4.440892098500626e-14,-2.231604069598304e-16,,0.010000000000000009,,0.0,0.0,0.0,0.995,,,M?,Unknown,True,unsched_macro
hormuz_retaliation_threat,KXFED-26SEP-T3.00,unscheduled_macro,macro_bucket,5,22,False,-2.220446049250313e-16,-4.440892098500626e-14,-2.231604069598304e-16,,0.010000000000000009,,0.0,0.0,0.0,0.995,,,M?,Unknown,True,unsched_macro
hormuz_retaliation_threat,KXFED-26SEP-T2.75,unscheduled_macro,macro_bucket,1,22,False,-2.220446049250313e-16,-4.440892098500626e-14,-2.231604069598304e-16,,0.010000000000000009,,333.0,0.47045454545454546,0.0,0.995,,,M?,Unknown,True,unsched_macro
hormuz_retaliation_threat,KXFED-26SEP-T2.75,unscheduled_macro,macro_bucket,3,22,False,-2.220446049250313e-16,-4.440892098500626e-14,-2.231604069598304e-16,,0.010000000000000009,,338.0,0.47045454545454546,0.0,0.995,,,M?,Unknown,True,unsched_macro
hormuz_retaliation_threat,KXFED-26SEP-T2.75,unscheduled_macro,macro_bucket,5,22,False,-2.220446049250313e-16,-4.440892098500626e-14,-2.231604069598304e-16,,0.010000000000000009,,399.0,0.47045454545454546,61.0,0.995,,,M?,Unknown,True,unsched_macro
canada_proclamations,KXCPI-26AUG-T1.0,unscheduled_macro,macro_bucket,1,6,False,-0.011666666666666664,-0.7850443877680298,-0.5384615384615384,4.0,0.01,,605.99,19.347826086956523,0.0,0.01,,,M?,Unknown,True,unsched_macro
canada_proclamations,KXCPI-26AUG-T1.0,unscheduled_macro,macro_bucket,3,6,False,-0.011666666666666664,-0.7850443877680298,-0.5384615384615384,4.0,0.01,,1931.54,19.347826086956523,1325.5500000000002,0.01,,,M?,Unknown,True,unsched_macro
canada_proclamations,KXCPI-26AUG-T1.0,unscheduled_macro,macro_bucket,5,6,False,,,,,0.2575,,2665.05,19.347826086956523,2059.06,0.01,,,M?,Unknown,False,unsched_macro
canada_proclamations,KXCPI-26AUG-T0.9,unscheduled_macro,macro_bucket,3,13,False,-0.038076923076923085,-1.6094379124341005,-0.792,52.0,0.01,,1361.0,95.97217391304348,0.0,0.01,,,M?,Unknown,True,unsched_macro
canada_proclamations,KXCPI-26AUG-T0.9,unscheduled_macro,macro_bucket,5,13,False,,,,,0.34,,1508.0,95.97217391304348,147.0,0.01,,,M?,Unknown,False,unsched_macro
canada_proclamations,KXCPI-26AUG-T0.8,unscheduled_macro,macro_bucket,1,13,False,-0.11,-1.9908615369175795,-0.8461538461538461,4.0,0.02,,14177.0,260.678,0.0,0.02,,,M?,Unknown,True,unsched_macro
canada_proclamations,KXCPI-26AUG-T0.8,unscheduled_macro,macro_bucket,3,13,False,-0.12000000000000001,-2.694161088941543,-0.9230769230769231,4.0,0.013333333333333334,,15564.0,260.678,1342.0,0.02,,,M?,Unknown,True,unsched_macro
canada_proclamations,KXCPI-26AUG-T0.8,unscheduled_macro,macro_bucket,5,13,False,,,,,0.21000000000000002,,15761.0,260.678,1539.0,0.02,,,M?,Unknown,False,unsched_macro
canada_proclamations,KXCPI-26AUG-T0.7,unscheduled_macro,macro_bucket,1,10,False,-0.068,-1.5535171225145015,-0.7727272727272727,4.0,0.01,,4196.0,174.6068181818182,0.0,,,,M?,Unknown,True,unsched_macro
canada_proclamations,KXCPI-26AUG-T0.7,unscheduled_macro,macro_bucket,3,10,False,-0.07800000000000001,-2.256816674538465,-0.8863636363636365,4.0,0.01,,5223.93,174.6068181818182,1027.9300000000012,,,,M?,Unknown,True,unsched_macro
canada_proclamations,KXCPI-26AUG-T0.7,unscheduled_macro,macro_bucket,5,10,False,,,,,0.20800000000000002,,5781.71,174.6068181818182,1585.71,,,,M?,Unknown,False,unsched_macro
canada_proclamations,KXCPI-26AUG-T0.6,unscheduled_macro,macro_bucket,1,19,False,-0.053157894736842126,-1.0759045654497923,-0.639240506329114,4.0,0.03,,4880.0,607.0623999999999,0.0,0.03,,,M?,Unknown,True,unsched_macro
canada_proclamations,KXCPI-26AUG-T0.6,unscheduled_macro,macro_bucket,3,19,False,-0.06315789473684212,-1.4916261737251455,-0.759493670886076,4.0,0.025,,6248.0,607.0623999999999,1368.0,0.03,,,M?,Unknown,True,unsched_macro
canada_proclamations,KXCPI-26AUG-T0.6,unscheduled_macro,macro_bucket,5,19,False,-0.06315789473684212,-1.4916261737251455,-0.759493670886076,4.0,0.2675,,8892.25,607.0623999999999,4012.25,0.03,,,M?,Unknown,False,unsched_macro
canada_proclamations,KXCPI-26SEP-T0.6,unscheduled_macro,macro_bucket,1,25,False,-0.006000000000000005,-0.03408936816507624,-0.025974025974025997,4.0,0.35000000000000003,,99.0,2148.6952,0.0,0.275,,,M?,Unknown,False,unsched_macro
canada_proclamations,KXCPI-26SEP-T0.6,unscheduled_macro,macro_bucket,3,25,False,-0.0010000000000000009,-0.005637946940683758,-0.0043290043290043325,4.0,0.3833333333333333,,130.0,2148.6952,28.0,0.275,,,M?,Unknown,False,unsched_macro
canada_proclamations,KXCPI-26SEP-T0.6,unscheduled_macro,macro_bucket,5,25,False,-0.02100000000000002,-0.12225215575974824,-0.09090909090909098,100.0,0.34199999999999997,,193.14,2148.6952,69.16999999999996,0.275,,,M?,Unknown,False,unsched_macro
canada_proclamations,KXCPI-26SEP-T-0.4,unscheduled_macro,macro_bucket,1,17,False,0.08176470588235296,1.202229826074124,0.09310113864701945,4.0,0.020000000000000018,,269.0,4.117647058823529,0.0,0.825,,,M?,Unknown,True,unsched_macro
canada_proclamations,KXCPI-26SEP-T-0.4,unscheduled_macro,macro_bucket,3,17,False,-0.003235294117647003,-0.029913855218507646,-0.0036838580040186907,52.0,0.09666666666666668,,486.0,4.117647058823529,184.0,0.825,,,M?,Unknown,False,unsched_macro
canada_proclamations,KXCPI-26SEP-T-0.4,unscheduled_macro,macro_bucket,5,17,False,0.07176470588235295,0.9686149748926185,0.08171466845277965,4.0,0.11199999999999999,,505.0,4.117647058823529,203.0,0.825,,,M?,Unknown,False,unsched_macro
canada_proclamations,KXCPI-26SEP-T-0.3,unscheduled_macro,macro_bucket,1,21,False,0.07166666666666677,0.8229032643978214,0.08301158301158314,4.0,0.04999999999999993,,19.0,0.951904761904762,0.0,0.875,,,M?,Unknown,True,unsched_macro
canada_proclamations,KXCPI-26SEP-T-0.3,unscheduled_macro,macro_bucket,3,21,False,0.011666666666666714,0.1026541540600836,0.01351351351351357,4.0,0.09666666666666664,,1047.0,0.951904761904762,1003.0,0.875,,,M?,Unknown,False,unsched_macro
canada_proclamations,KXCPI-26SEP-T-0.3,unscheduled_macro,macro_bucket,5,21,False,0.08166666666666678,1.0005957472660432,0.09459459459459472,4.0,0.11399999999999996,,1047.0,0.951904761904762,1003.0,0.875,,,M?,Unknown,False,unsched_macro
canada_proclamations,KXCPI-26SEP-T-0.2,unscheduled_macro,macro_bucket,1,19,False,0.01684210526315799,0.1372291131861123,0.019857275829972192,4.0,0.1499999999999999,,42.0,8.368421052631579,0.0,0.78,,,M?,Unknown,False,unsched_macro
canada_proclamations,KXCPI-26SEP-T-0.2,unscheduled_macro,macro_bucket,3,19,False,-0.00815789473684203,-0.0619975387038052,-0.009618367980142638,52.0,0.17999999999999997,,841.0,8.368421052631579,793.0,0.78,,,M?,Unknown,False,unsched_macro
canada_proclamations,KXCPI-26SEP-T-0.2,unscheduled_macro,macro_bucket,5,19,False,0.07184210526315793,0.722121420061866,0.0847036922122247,28.0,0.178,,1077.09,8.368421052631579,1017.0899999999999,0.78,,,M?,Unknown,False,unsched_macro
canada_proclamations,KXCPI-26AUG-T-0.4,unscheduled_macro,macro_bucket,1,23,False,0.0371739130434785,2.170440456425537,0.0388107126645486,4.0,0.010000000000000009,,0.0,1036.1021739130433,0.0,0.995,,,M?,Unknown,True,unsched_macro
canada_proclamations,KXCPI-26AUG-T-0.4,unscheduled_macro,macro_bucket,3,23,False,0.0371739130434785,2.170440456425537,0.0388107126645486,4.0,0.010000000000000009,,598.03,1036.1021739130433,598.0299999999988,0.995,,,M?,Unknown,True,unsched_macro
canada_proclamations,KXCPI-26AUG-T-0.4,unscheduled_macro,macro_bucket,5,23,False,,,,,0.20800000000000002,,916.0699999999999,1036.1021739130433,916.0699999999997,0.995,,,M?,Unknown,False,unsched_macro
canada_proclamations,KXCPI-26AUG-T-0.3,unscheduled_macro,macro_bucket,3,25,False,0.03179999999999994,2.0285415953448185,0.03301495016611289,52.0,0.010000000000000009,,591.51,835.7804,0.0,0.995,,,M?,Unknown,True,unsched_macro
canada_proclamations,KXCPI-26AUG-T-0.3,unscheduled_macro,macro_bucket,5,25,False,,,,,0.34,,643.51,835.7804,52.0,0.995,,,M?,Unknown,False,unsched_macro
canada_proclamations,KXCPI-26AUG-T-0.2,unscheduled_macro,macro_bucket,3,24,False,0.046666666666666745,2.3834115950833086,0.04920913884007039,52.0,0.010000000000000009,,675.0,145.41666666666666,0.0,0.985,,,M?,Unknown,True,unsched_macro
canada_proclamations,KXCPI-26AUG-T-0.2,unscheduled_macro,macro_bucket,5,24,False,,,,,0.34,,778.0,145.41666666666666,103.0,0.985,,,M?,Unknown,False,unsched_macro
canada_proclamations,KXCPI-26NOV-T0.3,unscheduled_macro,macro_bucket,3,21,False,-0.017619047619047756,-0.07239333040845924,-0.041202672605790955,52.0,0.6,,0.0,10.87095238095238,0.0,0.41,,,M?,Unknown,False,unsched_macro
canada_proclamations,KXCPI-26NOV-T0.3,unscheduled_macro,macro_bucket,5,21,False,0.01238095238095227,0.05040998997606458,0.02895322939866343,100.0,0.6,,126.0,10.87095238095238,0.0,0.41,,,M?,Unknown,False,unsched_macro
canada_proclamations,KXCPI-26NOV-T0.2,unscheduled_macro,macro_bucket,3,18,False,-0.012500000000000067,-0.05236798551731636,-0.02040816326530623,52.0,0.56,,0.0,4.380952380952381,0.0,0.6,,,M?,Unknown,False,unsched_macro
canada_proclamations,KXCPI-26NOV-T0.2,unscheduled_macro,macro_bucket,5,18,False,0.02749999999999997,0.11753105127808133,0.04489795918367342,100.0,0.5866666666666667,,7.0,4.380952380952381,0.0,0.6,,,M?,Unknown,False,unsched_macro
canada_proclamations,KXCPI-26NOV-T0.1,unscheduled_macro,macro_bucket,1,19,False,0.008421052631578885,0.04627610396335102,0.011130434782608611,4.0,0.47,,0.0,4.725714285714286,0.0,0.765,,,M?,Unknown,False,unsched_macro
canada_proclamations,KXCPI-26NOV-T0.1,unscheduled_macro,macro_bucket,3,19,False,0.008421052631578885,0.04627610396335102,0.011130434782608611,4.0,0.47,,0.0,4.725714285714286,0.0,0.765,,,M?,Unknown,False,unsched_macro
canada_proclamations,KXCPI-26NOV-T0.1,unscheduled_macro,macro_bucket,5,19,False,0.008421052631578885,0.04627610396335102,0.011130434782608611,4.0,0.4699999999999999,,0.0,4.725714285714286,0.0,0.765,,,M?,Unknown,False,unsched_macro
canada_proclamations,KXCPI-26NOV-T-0.1,unscheduled_macro,macro_bucket,1,7,False,-0.004285714285714337,-0.03977326220606714,-0.004874086108854648,4.0,0.25,,0.0,3.142857142857143,0.0,0.875,,,M?,Unknown,False,unsched_macro
canada_proclamations,KXCPI-26NOV-T-0.1,unscheduled_macro,macro_bucket,3,7,False,-0.01928571428571435,-0.17039344462313144,-0.021933387489845725,52.0,0.24,,0.0,3.142857142857143,0.0,0.875,,,M?,Unknown,False,unsched_macro
canada_proclamations,KXCPI-26NOV-T-0.1,unscheduled_macro,macro_bucket,5,7,False,-0.004285714285714337,-0.03977326220606714,-0.004874086108854648,4.0,0.244,,0.0,3.142857142857143,0.0,0.875,,,M?,Unknown,False,unsched_macro
canada_proclamations,KXCPI-26NOV-T0.0,unscheduled_macro,macro_bucket,3,19,False,0.0418421052631579,0.26138392751746675,0.0537707135610416,52.0,0.33999999999999997,,0.0,3.8421052631578947,0.0,0.8200000000000001,,,M?,Unknown,False,unsched_macro
canada_proclamations,KXCPI-26NOV-T0.0,unscheduled_macro,macro_bucket,5,19,False,0.0418421052631579,0.26138392751746675,0.0537707135610416,52.0,0.34,,0.0,3.8421052631578947,0.0,0.8200000000000001,,,M?,Unknown,False,unsched_macro
canada_proclamations,KXCPI-26OCT-T0.4,unscheduled_macro,macro_bucket,3,6,True,,,,,0.46,,0.0,103.58823529411765,0.0,0.46,,,M?,Unknown,False,unsched_macro
canada_proclamations,KXCPI-26OCT-T0.4,unscheduled_macro,macro_bucket,5,6,True,,,,,0.48333333333333334,,73.31,103.58823529411765,73.30999999999995,0.46,,,M?,Unknown,False,unsched_macro
canada_proclamations,KXCPI-26OCT-T0.3,unscheduled_macro,macro_bucket,1,24,False,0.018750000000000044,0.07995946105538237,0.05119453924914688,4.0,0.55,,0.0,141.40458333333333,0.0,0.375,,,M?,Unknown,False,unsched_macro
canada_proclamations,KXCPI-26OCT-T0.3,unscheduled_macro,macro_bucket,3,24,False,0.01375000000000004,0.05879016925541014,0.03754266211604107,4.0,0.545,,0.0,141.40458333333333,0.0,0.375,,,M?,Unknown,False,unsched_macro
canada_proclamations,KXCPI-26OCT-T0.3,unscheduled_macro,macro_bucket,5,24,False,0.05375000000000002,0.22556500231106474,0.14675767918088745,76.0,0.52,,14.79,141.40458333333333,14.789999999999964,0.375,,,M?,Unknown,False,unsched_macro
canada_proclamations,KXCPI-26OCT-T0.2,unscheduled_macro,macro_bucket,3,24,False,0.016874999999999973,0.07012308804684719,0.028692879914984013,52.0,0.5900000000000001,,0.0,4.875,0.0,0.605,,,M?,Unknown,False,unsched_macro
canada_proclamations,KXCPI-26OCT-T0.2,unscheduled_macro,macro_bucket,5,24,False,0.0068749999999999645,0.028454733356218176,0.011689691817215667,52.0,0.5566666666666668,,0.0,4.875,0.0,0.605,,,M?,Unknown,False,unsched_macro
canada_proclamations,KXCPI-26OCT-T0.1,unscheduled_macro,macro_bucket,1,17,False,0.0017647058823528905,0.00904103981819282,0.0024067388688326623,4.0,0.44999999999999996,,0.0,3.161764705882353,0.0,0.75,,,M?,Unknown,False,unsched_macro
canada_proclamations,KXCPI-26OCT-T0.1,unscheduled_macro,macro_bucket,3,17,False,0.0017647058823528905,0.00904103981819282,0.0024067388688326623,4.0,0.44999999999999996,,0.0,3.161764705882353,0.0,0.75,,,M?,Unknown,False,unsched_macro
canada_proclamations,KXCPI-26OCT-T0.1,unscheduled_macro,macro_bucket,5,17,False,-0.04823529411764704,-0.23425343397182896,-0.06578419574809465,100.0,0.44499999999999995,,0.0,3.161764705882353,0.0,0.75,,,M?,Unknown,False,unsched_macro
canada_proclamations,KXCPI-26OCT-T-0.1,unscheduled_macro,macro_bucket,5,22,False,-0.04227272727272713,-0.282742094898627,-0.050488599348534044,100.0,0.355,,138.0,1.7363636363636366,138.00000000000006,0.8300000000000001,,,M?,Unknown,False,unsched_macro
canada_proclamations,KXCPI-26OCT-T0.0,unscheduled_macro,macro_bucket,3,16,False,0.006562500000000027,0.04128553301278437,0.008219178082191815,52.0,0.39,,0.0,1.25,0.0,0.8049999999999999,,,M?,Unknown,False,unsched_macro
canada_proclamations,KXCPI-26OCT-T0.0,unscheduled_macro,macro_bucket,5,16,False,-0.018437499999999885,-0.11089081251075572,-0.02309197651663391,100.0,0.3633333333333333,,0.0,1.25,0.0,0.8049999999999999,,,M?,Unknown,False,unsched_macro
canada_proclamations,KXCPI-26SEP-T0.5,unscheduled_macro,macro_bucket,1,15,False,-0.04166666666666663,-0.2002674696502359,-0.13157894736842093,4.0,0.16999999999999998,,42.0,74.31818181818181,0.0,0.45,,,M?,Unknown,False,unsched_macro
canada_proclamations,KXCPI-26SEP-T0.5,unscheduled_macro,macro_bucket,3,15,False,0.10333333333333333,0.4463596952748163,0.3263157894736842,52.0,0.2866666666666666,,42.0,74.31818181818181,0.0,0.45,,,M?,Unknown,False,unsched_macro
canada_proclamations,KXCPI-26SEP-T0.5,unscheduled_macro,macro_bucket,5,15,False,0.10333333333333339,0.4463596952748166,0.3263157894736844,52.0,0.30199999999999994,,181.98,74.31818181818181,35.0,0.45,,,M?,Unknown,False,unsched_macro
canada_proclamations,KXCPI-26SEP-T0.4,unscheduled_macro,macro_bucket,1,24,False,-0.020416666666666694,-0.09305946163621082,-0.06086956521739138,4.0,0.050000000000000044,,83.42,96.24,0.0,0.525,,,M?,Unknown,True,unsched_macro
canada_proclamations,KXCPI-26SEP-T0.4,unscheduled_macro,macro_bucket,3,24,False,0.22458333333333336,0.9249487946172696,0.6695652173913044,28.0,0.31666666666666665,,515.4200000000001,96.24,395.0,0.525,,,M?,Unknown,False,unsched_macro
canada_proclamations,KXCPI-26SEP-T0.4,unscheduled_macro,macro_bucket,5,24,False,0.18958333333333333,0.7838701963573641,0.5652173913043478,28.0,0.296,,1338.65,96.24,938.4099999999999,0.525,,,M?,Unknown,False,unsched_macro
canada_proclamations,KXCPI-26SEP-T0.3,unscheduled_macro,macro_bucket,1,25,False,0.23859999999999998,0.973295771480674,0.6174948240165631,4.0,0.55,,1.0,34.711999999999996,0.0,0.615,,,M?,Unknown,False,unsched_macro
canada_proclamations,KXCPI-26SEP-T0.3,unscheduled_macro,macro_bucket,3,25,False,0.2735999999999999,1.1257643651249472,0.7080745341614904,4.0,0.5299999999999999,,37.0,34.711999999999996,32.0,0.615,,,M?,Unknown,False,unsched_macro
canada_proclamations,KXCPI-26SEP-T0.3,unscheduled_macro,macro_bucket,5,25,False,0.31359999999999993,1.3097680081018868,0.8115942028985506,4.0,0.40800000000000003,,555.91,34.711999999999996,483.97,0.615,,,M?,Unknown,False,unsched_macro
canada_proclamations,KXCPI-26SEP-T0.2,unscheduled_macro,macro_bucket,1,25,False,0.12380000000000002,0.5141431315247165,0.2352717597871532,4.0,0.32000000000000006,,8.0,42.415600000000005,0.0,0.685,,,M?,Unknown,False,unsched_macro
canada_proclamations,KXCPI-26SEP-T0.2,unscheduled_macro,macro_bucket,3,25,False,0.24880000000000002,1.13186655026742,0.47282402128468265,28.0,0.3466666666666667,,375.0,42.415600000000005,365.0,0.685,,,M?,Unknown,False,unsched_macro
canada_proclamations,KXCPI-26SEP-T0.2,unscheduled_macro,macro_bucket,5,25,False,0.3837999999999999,2.2087388522991227,0.7293804637020143,28.0,0.292,,505.0,42.415600000000005,389.0,0.685,,,M?,Unknown,False,unsched_macro
canada_proclamations,KXCPI-26SEP-T0.1,unscheduled_macro,macro_bucket,1,24,False,0.07729166666666676,0.4003538072389108,0.11077933711555703,4.0,0.010000000000000009,,12.17,53.166666666666664,0.0,0.845,,,M?,Unknown,True,unsched_macro
canada_proclamations,KXCPI-26SEP-T0.1,unscheduled_macro,macro_bucket,3,24,False,0.1472916666666667,0.8595026905279106,0.21110779337115565,4.0,0.16000000000000003,,550.17,53.166666666666664,534.1899999999999,0.845,,,M?,Unknown,False,unsched_macro
canada_proclamations,KXCPI-26SEP-T0.1,unscheduled_macro,macro_bucket,5,24,False,0.20229166666666676,1.3608157574262032,0.2899372947148404,28.0,0.192,,555.17,53.166666666666664,539.1899999999999,0.845,,,M?,Unknown,False,unsched_macro
canada_proclamations,KXCPI-26SEP-T-0.1,unscheduled_macro,macro_bucket,1,23,False,-0.10478260869565215,-0.6482841124151131,-0.12403499742665977,4.0,0.3400000000000001,,0.0,11.39695652173913,0.0,0.755,,,M?,Unknown,False,unsched_macro
canada_proclamations,KXCPI-26SEP-T-0.1,unscheduled_macro,macro_bucket,3,23,False,-0.02978260869565219,-0.21142037943526315,-0.035254760679361834,4.0,0.3566666666666667,,389.0,11.39695652173913,174.0,0.755,,,M?,Unknown,False,unsched_macro
canada_proclamations,KXCPI-26SEP-T-0.1,unscheduled_macro,macro_bucket,5,23,False,0.08021739130434791,0.8180529563783145,0.09495625321667535,100.0,0.29800000000000004,,389.0,11.39695652173913,174.0,0.755,,,M?,Unknown,False,unsched_macro
canada_proclamations,KXCPI-26SEP-T0.0,unscheduled_macro,macro_bucket,1,19,False,0.05447368421052634,0.33931196123894436,0.07069672131147545,4.0,0.21000000000000008,,47.0,32.34157894736842,0.0,0.825,,,M?,Unknown,False,unsched_macro
canada_proclamations,KXCPI-26SEP-T0.0,unscheduled_macro,macro_bucket,3,19,False,0.08447368421052637,0.5630822753439635,0.10963114754098369,4.0,0.17666666666666667,,1838.51,32.34157894736842,1309.82,0.825,,,M?,Unknown,False,unsched_macro
canada_proclamations,KXCPI-26SEP-T0.0,unscheduled_macro,macro_bucket,5,19,False,0.16947368421052633,1.5402498618697258,0.21994535519125688,28.0,0.184,,1838.51,32.34157894736842,1309.82,0.825,,,M?,Unknown,False,unsched_macro
canada_proclamations,KXCPI-26AUG-T0.5,unscheduled_macro,macro_bucket,1,19,False,0.022631578947368433,0.20230002372484113,0.19282511210762343,4.0,0.13,,14.0,1891.944347826087,0.0,0.1,,,M?,Unknown,False,unsched_macro
canada_proclamations,KXCPI-26AUG-T0.5,unscheduled_macro,macro_bucket,3,19,False,-0.06736842105263158,-0.92684898880335,-0.5739910313901345,52.0,0.09333333333333334,,4947.37,1891.944347826087,2598.4200000000055,0.1,,,M?,Unknown,False,unsched_macro
canada_proclamations,KXCPI-26AUG-T0.5,unscheduled_macro,macro_bucket,5,19,False,-0.06736842105263158,-0.92684898880335,-0.5739910313901345,52.0,0.266,,6470.41,1891.944347826087,4121.459999999999,0.1,,,M?,Unknown,False,unsched_macro
canada_proclamations,KXCPI-26AUG-T0.4,unscheduled_macro,macro_bucket,1,25,False,-0.05400000000000002,-0.42277284544364035,-0.30167597765363136,4.0,0.010000000000000009,,391.62,1760.5676,0.0,0.135,,,M?,Unknown,True,unsched_macro
canada_proclamations,KXCPI-26AUG-T0.4,unscheduled_macro,macro_bucket,3,25,False,-0.034,-0.2512304229045126,-0.18994413407821228,4.0,0.019999999999999993,,11891.48,1760.5676,2880.859999999997,0.135,,,M?,Unknown,True,unsched_macro
canada_proclamations,KXCPI-26AUG-T0.4,unscheduled_macro,macro_bucket,5,25,False,-0.029000000000000026,-0.21146375177643328,-0.16201117318435768,4.0,0.21800000000000003,,26737.780000000002,1760.5676,13470.82,0.135,,,M?,Unknown,False,unsched_macro
canada_proclamations,KXCPI-26AUG-T0.3,unscheduled_macro,macro_bucket,1,25,False,0.0534,0.2162728422807256,0.10140524116976832,4.0,0.09999999999999998,,896.38,1946.026,0.0,0.575,,,M?,Unknown,False,unsched_macro
canada_proclamations,KXCPI-26AUG-T0.3,unscheduled_macro,macro_bucket,3,25,False,0.0683999999999999,0.27817378845676477,0.12988985947588283,4.0,0.05666666666666664,,4814.67,1946.026,494.4500000000007,0.575,,,M?,Unknown,True,unsched_macro
canada_proclamations,KXCPI-26AUG-T0.3,unscheduled_macro,macro_bucket,5,25,False,-0.07660000000000006,-0.307171245444477,-0.14546145081655915,100.0,0.246,,32939.26,1946.026,18805.350000000002,0.575,,,M?,Unknown,False,unsched_macro
canada_proclamations,KXCPI-26AUG-T0.2,unscheduled_macro,macro_bucket,1,25,False,0.10499999999999987,0.8957922103258129,0.13043478260869548,4.0,0.09999999999999998,,4343.05,1382.8892,0.0,0.9099999999999999,,,M?,Unknown,False,unsched_macro
canada_proclamations,KXCPI-26AUG-T0.2,unscheduled_macro,macro_bucket,3,25,False,0.04500000000000004,0.3167583365332902,0.055900621118012465,4.0,0.11333333333333333,,7336.98,1382.8892,1058.760000000002,0.9099999999999999,,,M?,Unknown,False,unsched_macro
canada_proclamations,KXCPI-26AUG-T0.2,unscheduled_macro,macro_bucket,5,25,False,0.1349999999999999,1.3336925941871312,0.16770186335403714,4.0,0.27,,36733.83,1382.8892,22660.980000000003,0.9099999999999999,,,M?,Unknown,False,unsched_macro
canada_proclamations,KXCPI-26AUG-T0.1,unscheduled_macro,macro_bucket,3,25,False,0.10560000000000003,2.1978308676162532,0.12008187400500345,52.0,0.09500000000000003,,30840.170000000002,977.8292000000001,712.010000000002,0.985,,,M?,Unknown,False,unsched_macro
canada_proclamations,KXCPI-26AUG-T0.1,unscheduled_macro,macro_bucket,5,25,False,0.09060000000000001,1.4893381173816482,0.10302478962929272,52.0,0.3025,,31766.100000000002,977.8292000000001,1375.5,0.985,,,M?,Unknown,False,unsched_macro
canada_proclamations,KXCPI-26AUG-T-0.1,unscheduled_macro,macro_bucket,3,17,False,0.04911764705882338,2.4323469520346173,0.051927860696517246,28.0,0.015000000000000013,,773.0,244.35294117647058,773.0,0.985,,,M?,Unknown,True,unsched_macro
canada_proclamations,KXCPI-26AUG-T-0.1,unscheduled_macro,macro_bucket,5,17,False,,,,,0.26,,949.0,244.35294117647058,949.0,0.985,,,M?,Unknown,False,unsched_macro
canada_proclamations,KXCPI-26AUG-T0.0,unscheduled_macro,macro_bucket,1,19,False,0.058947368421052526,1.9921474791759537,0.06331260599208581,4.0,0.020000000000000018,,0.0,578.4252631578947,0.0,0.985,,,M?,Unknown,True,unsched_macro
canada_proclamations,KXCPI-26AUG-T0.0,unscheduled_macro,macro_bucket,3,19,False,0.06394736842105253,2.690332453765856,0.06868287167891453,4.0,0.01666666666666668,,75.0,578.4252631578947,75.0,0.985,,,M?,Unknown,True,unsched_macro
canada_proclamations,KXCPI-26AUG-T0.0,unscheduled_macro,macro_bucket,5,19,False,,,,,0.21200000000000002,,75.0,578.4252631578947,75.0,0.985,,,M?,Unknown,False,unsched_macro
canada_proclamations,KXCPICORE-26NOV-T0.2,unscheduled_macro,macro_bucket,3,25,False,0.007199999999999984,0.03238799849977836,0.010863005431502691,52.0,0.52,,0.0,0.0,0.0,0.63,,,M?,Unknown,False,unsched_macro
canada_proclamations,KXCPICORE-26NOV-T0.2,unscheduled_macro,macro_bucket,5,25,False,0.0021999999999999797,0.00985944940608019,0.003319251659625799,52.0,0.5266666666666667,,0.0,0.0,0.0,0.63,,,M?,Unknown,False,unsched_macro
canada_proclamations,KXCPICORE-26NOV-T0.1,unscheduled_macro,macro_bucket,5,23,False,-0.006521739130434745,-0.04482643623047711,-0.007890583903208792,76.0,0.31999999999999995,,0.0,0.13,0.0,0.825,,,M?,Unknown,False,unsched_macro
canada_proclamations,KXCPICORE-26NOV-T0.0,unscheduled_macro,macro_bucket,3,15,False,-0.004999999999999893,-0.03868954495017829,-0.0058823529411763465,52.0,0.31000000000000005,,0.0,0.0,0.0,0.845,,,M?,Unknown,False,unsched_macro
canada_proclamations,KXCPICORE-26NOV-T0.0,unscheduled_macro,macro_bucket,5,15,False,-0.004999999999999893,-0.03868954495017829,-0.0058823529411763465,52.0,0.31000000000000005,,0.0,0.0,0.0,0.845,,,M?,Unknown,False,unsched_macro
canada_proclamations,KXCPICORE-26OCT-T0.3,unscheduled_macro,macro_bucket,3,5,False,-0.16999999999999993,-0.7586609731688575,-0.39080459770114934,28.0,0.48,,1.02,0.18,0.0,0.275,,,M?,Unknown,False,unsched_macro
canada_proclamations,KXCPICORE-26OCT-T0.3,unscheduled_macro,macro_bucket,5,5,False,-0.06499999999999995,-0.2707371136895512,-0.14942528735632174,28.0,0.475,,18.419999999999998,0.18,16.380000000000003,0.275,,,M?,Unknown,False,unsched_macro
canada_proclamations,KXCPICORE-26OCT-T0.2,unscheduled_macro,macro_bucket,3,18,False,0.06194444444444447,0.27246861787671145,0.10022471910112365,52.0,0.5599999999999999,,0.0,0.0,0.0,0.6799999999999999,,,M?,Unknown,False,unsched_macro
canada_proclamations,KXCPICORE-26OCT-T0.2,unscheduled_macro,macro_bucket,5,18,False,0.01694444444444454,0.07242446081053161,0.02741573033707881,52.0,0.5033333333333333,,0.0,0.0,0.0,0.6799999999999999,,,M?,Unknown,False,unsched_macro
canada_proclamations,KXCPICORE-26OCT-T0.1,unscheduled_macro,macro_bucket,3,18,False,0.06972222222222224,0.4236355937148757,0.0923133504965061,52.0,0.2899999999999999,,0.0,0.0,0.0,0.825,,,M?,Unknown,False,unsched_macro
canada_proclamations,KXCPICORE-26OCT-T0.1,unscheduled_macro,macro_bucket,5,18,False,0.04472222222222233,0.25933254242359993,0.05921294593600603,52.0,0.2933333333333333,,0.0,0.0,0.0,0.825,,,M?,Unknown,False,unsched_macro
canada_proclamations,KXCPICORE-26OCT-T0.0,unscheduled_macro,macro_bucket,5,23,False,0.004347826086956497,0.030505980234664998,0.00526592943654552,76.0,0.28,,0.0,0.0004347826086956522,0.0,0.83,,,M?,Unknown,False,unsched_macro
canada_proclamations,KXCPICORE-26SEP-T0.2,unscheduled_macro,macro_bucket,3,19,False,-0.15157894736842104,-0.6190392084062233,-0.24,28.0,0.6000000000000001,,0.0,0.0,0.0,0.48,,,M?,Unknown,False,unsched_macro
canada_proclamations,KXCPICORE-26SEP-T0.2,unscheduled_macro,macro_bucket,5,19,False,-0.266578947368421,-1.092724146042887,-0.4220833333333333,28.0,0.5075000000000001,,0.0,0.0,0.0,0.48,,,M?,Unknown,False,unsched_macro
canada_proclamations,KXCPICORE-26SEP-T0.1,unscheduled_macro,macro_bucket,3,19,False,-0.10473684210526324,-0.5770787066908286,-0.12934676633084183,52.0,0.47,,0.0,0.0,0.0,0.705,,,M?,Unknown,False,unsched_macro
canada_proclamations,KXCPICORE-26SEP-T0.1,unscheduled_macro,macro_bucket,5,19,False,-0.03473684210526318,-0.21153852601435008,-0.042898927526811854,52.0,0.4066666666666667,,0.0,0.0,0.0,0.705,,,M?,Unknown,False,unsched_macro
canada_proclamations,KXCPICORE-26SEP-T0.0,unscheduled_macro,macro_bucket,3,15,False,-0.020000000000000018,-0.13561708823438368,-0.024096385542168693,52.0,0.38,,0.0,0.0,0.0,0.81,,,M?,Unknown,False,unsched_macro
canada_proclamations,KXCPICORE-26SEP-T0.0,unscheduled_macro,macro_bucket,5,15,False,0.07499999999999996,0.668430788359003,0.09036144578313247,100.0,0.32,,20.0,0.0,20.0,0.81,,,M?,Unknown,False,unsched_macro
canada_proclamations,KXCPICORE-26AUG-T0.4,unscheduled_macro,macro_bucket,3,5,False,,,,,0.05,,0.0,96.36363636363636,0.0,,,,M?,Unknown,True,unsched_macro
canada_proclamations,KXCPICORE-26AUG-T0.4,unscheduled_macro,macro_bucket,5,5,False,,,,,0.28,,0.0,96.36363636363636,0.0,,,,M?,Unknown,False,unsched_macro
canada_proclamations,KXCPICORE-26AUG-T0.3,unscheduled_macro,macro_bucket,3,20,False,-0.036749999999999984,-0.6907071630825792,-0.4788273615635178,28.0,0.04,,66.66,14.68909090909091,16.659999999999968,,,,M?,Unknown,True,unsched_macro
canada_proclamations,KXCPICORE-26AUG-T0.3,unscheduled_macro,macro_bucket,5,20,False,-0.06674999999999999,-2.1077731828692237,-0.8697068403908795,52.0,0.2725,,8569.18,14.68909090909091,7315.73,,,,M?,Unknown,False,unsched_macro
canada_proclamations,KXCPICORE-26AUG-T0.2,unscheduled_macro,macro_bucket,1,24,False,-0.07312500000000005,-0.3106156014550538,-0.17488789237668173,4.0,0.04999999999999999,,160.0,33.278333333333336,0.0,0.35,,,M?,Unknown,True,unsched_macro
canada_proclamations,KXCPICORE-26AUG-T0.2,unscheduled_macro,macro_bucket,3,24,False,-0.243125,-1.2201221952623285,-0.5814648729446935,52.0,0.09666666666666666,,14859.46,33.278333333333336,13911.529999999999,0.35,,,M?,Unknown,False,unsched_macro
canada_proclamations,KXCPICORE-26AUG-T0.2,unscheduled_macro,macro_bucket,5,24,False,-0.30812500000000004,-1.760265879784931,-0.7369207772795218,52.0,0.26,,27432.11,33.278333333333336,23462.45,0.35,,,M?,Unknown,False,unsched_macro
canada_proclamations,KXCPICORE-26AUG-T0.1,unscheduled_macro,macro_bucket,1,21,False,0.13023809523809526,0.7281203208090513,0.18745716244002747,4.0,0.04999999999999993,,19.0,23.755238095238095,0.0,0.8500000000000001,,,M?,Unknown,True,unsched_macro
canada_proclamations,KXCPICORE-26AUG-T0.1,unscheduled_macro,macro_bucket,3,21,False,0.1702380952380953,1.0349776368913344,0.24503084304318037,4.0,0.05666666666666664,,4745.01,23.755238095238095,2861.629999999999,0.8500000000000001,,,M?,Unknown,True,unsched_macro
canada_proclamations,KXCPICORE-26AUG-T0.1,unscheduled_macro,macro_bucket,5,21,False,0.14523809523809528,0.835750985001417,0.2090472926662098,4.0,0.236,,25034.840000000004,23.755238095238095,18003.72,0.8500000000000001,,,M?,Unknown,False,unsched_macro
canada_proclamations,KXCPICORE-26AUG-T0.0,unscheduled_macro,macro_bucket,1,22,False,0.10431818181818198,1.0756921055887325,0.12558139534883742,4.0,0.10999999999999999,,0.0,0.0,0.0,0.9299999999999999,,,M?,Unknown,False,unsched_macro
canada_proclamations,KXCPICORE-26AUG-T0.0,unscheduled_macro,macro_bucket,3,22,False,0.11931818181818188,1.353971825362121,0.14363885088919298,4.0,0.10333333333333332,,0.0,0.0,0.0,0.9299999999999999,,,M?,Unknown,False,unsched_macro
canada_proclamations,KXCPICORE-26AUG-T0.0,unscheduled_macro,macro_bucket,5,22,False,,,,,0.27799999999999997,,0.0,0.0,0.0,0.9299999999999999,,,M?,Unknown,False,unsched_macro
perim_island_seized,KXCPI-26AUG-T1.0,unscheduled_macro,macro_bucket,1,6,False,-0.011666666666666664,-0.7850443877680298,-0.5384615384615384,4.0,0.01,,733.51,19.347826086956523,0.0,0.01,,,M?,Unknown,True,unsched_macro
perim_island_seized,KXCPI-26AUG-T1.0,unscheduled_macro,macro_bucket,3,6,False,,,,,0.505,,733.51,19.347826086956523,0.0,0.01,,,M?,Unknown,False,unsched_macro
perim_island_seized,KXCPI-26AUG-T1.0,unscheduled_macro,macro_bucket,5,6,False,,,,,0.505,,733.51,19.347826086956523,0.0,0.01,,,M?,Unknown,False,unsched_macro
perim_island_seized,KXCPI-26AUG-T0.9,unscheduled_macro,macro_bucket,1,13,False,-0.038076923076923085,-1.6094379124341005,-0.792,4.0,0.01,,147.0,91.97333333333334,0.0,0.01,,,M?,Unknown,True,unsched_macro
perim_island_seized,KXCPI-26AUG-T0.9,unscheduled_macro,macro_bucket,3,13,False,,,,,0.505,,147.0,91.97333333333334,0.0,0.01,,,M?,Unknown,False,unsched_macro
perim_island_seized,KXCPI-26AUG-T0.9,unscheduled_macro,macro_bucket,5,13,False,,,,,0.505,,147.0,91.97333333333334,0.0,0.01,,,M?,Unknown,False,unsched_macro
perim_island_seized,KXCPI-26AUG-T0.8,unscheduled_macro,macro_bucket,1,14,False,-0.11214285714285716,-2.6228272970712148,-0.9181286549707602,4.0,0.01,,197.0,258.34363636363634,0.0,0.01,,,M?,Unknown,True,unsched_macro
perim_island_seized,KXCPI-26AUG-T0.8,unscheduled_macro,macro_bucket,3,14,False,,,,,0.505,,197.0,258.34363636363634,0.0,0.01,,,M?,Unknown,False,unsched_macro
perim_island_seized,KXCPI-26AUG-T0.8,unscheduled_macro,macro_bucket,5,14,False,,,,,0.505,,197.0,258.34363636363634,0.0,0.01,,,M?,Unknown,False,unsched_macro
perim_island_seized,KXCPI-26AUG-T0.7,unscheduled_macro,macro_bucket,1,8,False,-0.030000000000000002,-0.9473813189441862,-0.6,4.0,0.01,,557.78,173.35954545454544,0.0,0.01,,,M?,Unknown,True,unsched_macro
perim_island_seized,KXCPI-26AUG-T0.7,unscheduled_macro,macro_bucket,3,8,False,,,,,0.505,,557.78,173.35954545454544,0.0,0.01,,,M?,Unknown,False,unsched_macro
perim_island_seized,KXCPI-26AUG-T0.7,unscheduled_macro,macro_bucket,5,8,False,,,,,0.505,,557.78,173.35954545454544,0.0,0.01,,,M?,Unknown,False,unsched_macro
perim_island_seized,KXCPI-26AUG-T0.6,unscheduled_macro,macro_bucket,1,18,False,-0.04055555555555555,-1.15009283144119,-0.6697247706422018,4.0,0.02,,2176.35,607.7275999999999,0.0,0.02,,,M?,Unknown,True,unsched_macro
perim_island_seized,KXCPI-26AUG-T0.6,unscheduled_macro,macro_bucket,3,18,False,-0.04055555555555555,-1.15009283144119,-0.6697247706422018,4.0,0.51,,2644.25,607.7275999999999,467.90000000000146,0.02,,,M?,Unknown,False,unsched_macro
perim_island_seized,KXCPI-26AUG-T0.6,unscheduled_macro,macro_bucket,5,18,False,-0.04055555555555555,-1.15009283144119,-0.6697247706422018,4.0,0.51,,2644.25,607.7275999999999,467.90000000000146,0.02,,,M?,Unknown,False,unsched_macro
perim_island_seized,KXCPI-26SEP-T0.6,unscheduled_macro,macro_bucket,1,25,False,-0.005400000000000016,-0.030244579488398315,-0.02293967714528469,4.0,0.38,,0.0,2161.4152,0.0,0.23,,,M?,Unknown,False,unsched_macro
perim_island_seized,KXCPI-26SEP-T0.6,unscheduled_macro,macro_bucket,3,25,False,-0.07040000000000002,-0.4434196245141391,-0.29906542056074775,52.0,0.2366666666666667,,71.14,2161.4152,41.440000000000055,0.23,,,M?,Unknown,False,unsched_macro
perim_island_seized,KXCPI-26SEP-T0.6,unscheduled_macro,macro_bucket,5,25,False,-0.0804,-0.5178448840017913,-0.3415463041631266,52.0,0.17600000000000002,,1698.17,2161.4152,1461.77,0.23,,,M?,Unknown,False,unsched_macro
perim_island_seized,KXCPI-26SEP-T-0.4,unscheduled_macro,macro_bucket,1,18,False,0.0005555555555554204,0.005447229941667686,0.000628140703517435,4.0,0.20999999999999996,,19.0,5.055555555555555,0.0,0.875,,,M?,Unknown,False,unsched_macro
perim_island_seized,KXCPI-26SEP-T-0.4,unscheduled_macro,macro_bucket,3,18,False,0.08555555555555538,1.4408904031322605,0.09673366834170834,28.0,0.09666666666666664,,78.0,5.055555555555555,6.0,0.875,,,M?,Unknown,False,unsched_macro
perim_island_seized,KXCPI-26SEP-T-0.4,unscheduled_macro,macro_bucket,5,18,False,0.11055555555555541,3.2580965380214795,0.1249999999999998,28.0,0.06599999999999999,,1777.9,5.055555555555555,1578.9,0.875,,,M?,Unknown,True,unsched_macro
perim_island_seized,KXCPI-26SEP-T-0.3,unscheduled_macro,macro_bucket,1,22,False,0.015227272727272867,0.14170474793371812,0.01750718578521051,4.0,0.20999999999999996,,0.0,0.6813636363636364,0.0,0.875,,,M?,Unknown,False,unsched_macro
perim_island_seized,KXCPI-26SEP-T-0.3,unscheduled_macro,macro_bucket,3,22,False,0.08022727272727281,1.045488210455478,0.09223935197282478,28.0,0.11333333333333329,,0.0,0.6813636363636364,0.0,0.875,,,M?,Unknown,False,unsched_macro
perim_island_seized,KXCPI-26SEP-T-0.3,unscheduled_macro,macro_bucket,5,22,False,0.12522727272727285,3.3943540560135297,0.14397700548732706,28.0,0.07999999999999999,,1536.76,0.6813636363636364,1533.76,0.875,,,M?,Unknown,True,unsched_macro
perim_island_seized,KXCPI-26SEP-T-0.2,unscheduled_macro,macro_bucket,1,20,False,-0.002749999999999919,-0.02115036397781389,-0.0032438808611028247,4.0,0.27,,226.0,14.5,0.0,0.84,,,M?,Unknown,False,unsched_macro
perim_island_seized,KXCPI-26SEP-T-0.2,unscheduled_macro,macro_bucket,3,20,False,0.10225000000000006,1.2273771047506985,0.12061338838100864,28.0,0.13666666666666663,,486.09000000000003,14.5,250.08999999999992,0.84,,,M?,Unknown,False,unsched_macro
perim_island_seized,KXCPI-26SEP-T-0.2,unscheduled_macro,macro_bucket,5,20,False,0.1472500000000001,3.5762429503087505,0.17369507519905647,52.0,0.092,,2178.95,14.5,1908.9499999999998,0.84,,,M?,Unknown,False,unsched_macro
perim_island_seized,KXCPI-26AUG-T-0.4,unscheduled_macro,macro_bucket,1,24,False,0.033958333333333424,2.08777975802126,0.03533492304357261,4.0,0.010000000000000009,,318.04,991.5854166666667,0.0,0.995,,,M?,Unknown,True,unsched_macro
perim_island_seized,KXCPI-26AUG-T-0.4,unscheduled_macro,macro_bucket,3,24,False,,,,,0.505,,318.04,991.5854166666667,0.0,0.995,,,M?,Unknown,False,unsched_macro
perim_island_seized,KXCPI-26AUG-T-0.4,unscheduled_macro,macro_bucket,5,24,False,,,,,0.505,,318.04,991.5854166666667,0.0,0.995,,,M?,Unknown,False,unsched_macro
perim_island_seized,KXCPI-26AUG-T-0.3,unscheduled_macro,macro_bucket,1,24,False,0.02270833333333333,1.7353822069964293,0.0233554746089565,4.0,0.010000000000000009,,52.0,867.8866666666667,0.0,0.995,,,M?,Unknown,True,unsched_macro
perim_island_seized,KXCPI-26AUG-T-0.3,unscheduled_macro,macro_bucket,3,24,False,,,,,0.505,,52.0,867.8866666666667,0.0,0.995,,,M?,Unknown,False,unsched_macro
perim_island_seized,KXCPI-26AUG-T-0.3,unscheduled_macro,macro_bucket,5,24,False,,,,,0.505,,52.0,867.8866666666667,0.0,0.995,,,M?,Unknown,False,unsched_macro
perim_island_seized,KXCPI-26AUG-T-0.2,unscheduled_macro,macro_bucket,1,24,False,0.03354166666666669,2.0765935028658644,0.03488624052004336,4.0,0.010000000000000009,,103.0,144.25208333333333,0.0,0.995,,,M?,Unknown,True,unsched_macro
perim_island_seized,KXCPI-26AUG-T-0.2,unscheduled_macro,macro_bucket,3,24,False,,,,,0.505,,103.0,144.25208333333333,0.0,0.995,,,M?,Unknown,False,unsched_macro
perim_island_seized,KXCPI-26AUG-T-0.2,unscheduled_macro,macro_bucket,5,24,False,,,,,0.505,,103.0,144.25208333333333,0.0,0.995,,,M?,Unknown,False,unsched_macro
perim_island_seized,KXCPI-26NOV-T0.5,unscheduled_macro,macro_bucket,5,9,False,-0.16444444444444445,-0.8504505214389317,-0.46394984326018807,100.0,0.12,,0.0,16.428571428571427,0.0,,,,M?,Unknown,False,unsched_macro
perim_island_seized,KXCPI-26NOV-T0.4,unscheduled_macro,macro_bucket,3,5,False,-0.08999999999999997,-0.4353180712578454,-0.2647058823529411,52.0,0.25,,1.0,68.94444444444444,0.0,0.25,,,M?,Unknown,False,unsched_macro
perim_island_seized,KXCPI-26NOV-T0.4,unscheduled_macro,macro_bucket,5,5,False,-0.05499999999999994,-0.25649914501509263,-0.16176470588235278,52.0,0.16,,40.0,68.94444444444444,39.0,0.25,,,M?,Unknown,False,unsched_macro
perim_island_seized,KXCPI-26NOV-T0.3,unscheduled_macro,macro_bucket,1,23,False,-0.005869565217391293,-0.024212738026173408,-0.014113957135389413,4.0,0.6,,0.0,10.577826086956522,0.0,0.41,,,M?,Unknown,False,unsched_macro
perim_island_seized,KXCPI-26NOV-T0.3,unscheduled_macro,macro_bucket,3,23,False,0.03413043478260874,0.13908194371308727,0.0820700470465239,28.0,0.5866666666666666,,138.0,10.577826086956522,12.0,0.41,,,M?,Unknown,False,unsched_macro
perim_island_seized,KXCPI-26NOV-T0.3,unscheduled_macro,macro_bucket,5,23,False,0.03913043478260875,0.15926426346294498,0.09409304756926307,28.0,0.4619999999999999,,138.0,10.577826086956522,12.0,0.41,,,M?,Unknown,False,unsched_macro
perim_island_seized,KXCPI-26NOV-T0.2,unscheduled_macro,macro_bucket,1,20,False,0.029999999999999916,0.12558284811729387,0.050847457627118495,4.0,0.6000000000000001,,0.0,5.043478260869565,0.0,0.6,,,M?,Unknown,False,unsched_macro
perim_island_seized,KXCPI-26NOV-T0.2,unscheduled_macro,macro_bucket,3,20,False,-0.025000000000000022,-0.10248567714365486,-0.042372881355932236,52.0,0.5499999999999999,,108.0,5.043478260869565,0.0,0.6,,,M?,Unknown,False,unsched_macro
perim_island_seized,KXCPI-26NOV-T0.2,unscheduled_macro,macro_bucket,5,20,False,0.04999999999999993,0.21139876770215,0.08474576271186428,4.0,0.418,,108.0,5.043478260869565,0.0,0.6,,,M?,Unknown,False,unsched_macro
perim_island_seized,KXCPI-26NOV-T0.1,unscheduled_macro,macro_bucket,1,19,False,0.004210526315789442,0.023277671843509484,0.005534417156693144,4.0,0.47,,0.0,4.678095238095238,0.0,0.765,,,M?,Unknown,False,unsched_macro
perim_island_seized,KXCPI-26NOV-T0.1,unscheduled_macro,macro_bucket,3,19,False,-0.06578947368421051,-0.3334125788814869,-0.086475268073331,52.0,0.42333333333333334,,8.0,4.678095238095238,4.0,0.765,,,M?,Unknown,False,unsched_macro
perim_island_seized,KXCPI-26NOV-T0.1,unscheduled_macro,macro_bucket,5,19,False,0.054210526315789376,0.32581964032366995,0.07125562089242464,100.0,0.30999999999999994,,8.0,4.678095238095238,4.0,0.765,,,M?,Unknown,False,unsched_macro
perim_island_seized,KXCPI-26NOV-T-0.1,unscheduled_macro,macro_bucket,1,7,False,-0.008571428571428563,-0.08078402253041239,-0.009700889248181074,4.0,0.25,,0.0,3.0,0.0,0.86,,,M?,Unknown,False,unsched_macro
perim_island_seized,KXCPI-26NOV-T-0.1,unscheduled_macro,macro_bucket,3,7,False,-0.013571428571428568,-0.12573541039267866,-0.015359741309620045,4.0,0.24666666666666667,,0.0,3.0,0.0,0.86,,,M?,Unknown,False,unsched_macro
perim_island_seized,KXCPI-26NOV-T-0.1,unscheduled_macro,macro_bucket,5,7,False,0.05142857142857149,0.6394650878073254,0.05820533548908657,100.0,0.21200000000000002,,0.0,3.0,0.0,0.86,,,M?,Unknown,False,unsched_macro
perim_island_seized,KXCPI-26NOV-T0.0,unscheduled_macro,macro_bucket,1,21,False,0.03857142857142859,0.24233660833854276,0.049360146252285214,4.0,0.33999999999999997,,0.0,3.7142857142857144,0.0,0.8200000000000001,,,M?,Unknown,False,unsched_macro
perim_island_seized,KXCPI-26NOV-T0.0,unscheduled_macro,macro_bucket,3,21,False,0.0485714285714286,0.31161638271083625,0.06215722120658138,4.0,0.3333333333333333,,0.0,3.7142857142857144,0.0,0.8200000000000001,,,M?,Unknown,False,unsched_macro
perim_island_seized,KXCPI-26NOV-T0.0,unscheduled_macro,macro_bucket,5,21,False,0.13357142857142856,1.1022619277556591,0.1709323583180987,100.0,0.26599999999999996,,0.0,3.7142857142857144,0.0,0.8200000000000001,,,M?,Unknown,False,unsched_macro
perim_island_seized,KXCPI-26OCT-T0.5,unscheduled_macro,macro_bucket,5,6,False,-0.07166666666666666,-0.4126862108091709,-0.27388535031847133,100.0,0.12,,0.0,99.84210526315789,0.0,,,,M?,Unknown,False,unsched_macro
perim_island_seized,KXCPI-26OCT-T0.4,unscheduled_macro,macro_bucket,1,6,True,0.09833333333333338,0.4077949855650074,0.27188940092165914,4.0,0.5,,73.31,92.6842105263158,0.0,,,,M?,Unknown,False,unsched_macro
perim_island_seized,KXCPI-26OCT-T0.4,unscheduled_macro,macro_bucket,3,6,True,0.12833333333333335,0.5281323010264874,0.35483870967741943,4.0,0.49333333333333335,,76.31,92.6842105263158,3.0,,,,M?,Unknown,False,unsched_macro
perim_island_seized,KXCPI-26OCT-T0.4,unscheduled_macro,macro_bucket,5,6,True,-0.016666666666666663,-0.07295318296370545,-0.046082949308755755,100.0,0.45199999999999996,,76.31,92.6842105263158,3.0,,,,M?,Unknown,False,unsched_macro
perim_island_seized,KXCPI-26OCT-T0.3,unscheduled_macro,macro_bucket,1,24,False,0.0527083333333333,0.22209809758997123,0.14548591144335815,4.0,0.57,,0.0,141.98791666666668,0.0,0.38,,,M?,Unknown,False,unsched_macro
perim_island_seized,KXCPI-26OCT-T0.3,unscheduled_macro,macro_bucket,3,24,False,0.057708333333333306,0.2426580323280782,0.159286946520989,4.0,0.4566666666666667,,14.79,141.98791666666668,14.789999999999964,0.38,,,M?,Unknown,False,unsched_macro
perim_island_seized,KXCPI-26OCT-T0.3,unscheduled_macro,macro_bucket,5,24,False,0.08270833333333327,0.34453759301093484,0.228292121909143,4.0,0.36,,14.79,141.98791666666668,14.789999999999964,0.38,,,M?,Unknown,False,unsched_macro
perim_island_seized,KXCPI-26OCT-T0.2,unscheduled_macro,macro_bucket,1,24,False,0.05791666666666673,0.2477638862290149,0.0969993021632939,4.0,0.59,,0.0,6.0,0.0,0.605,,,M?,Unknown,False,unsched_macro
perim_island_seized,KXCPI-26OCT-T0.2,unscheduled_macro,macro_bucket,3,24,False,0.0029166666666666785,0.012138175733286849,0.004884856943475247,4.0,0.5133333333333333,,0.0,6.0,0.0,0.605,,,M?,Unknown,False,unsched_macro
perim_island_seized,KXCPI-26OCT-T0.2,unscheduled_macro,macro_bucket,5,24,False,-0.017083333333333228,-0.07055354011182602,-0.02861130495464044,76.0,0.406,,1.0,6.0,0.0,0.605,,,M?,Unknown,False,unsched_macro
perim_island_seized,KXCPI-26OCT-T0.1,unscheduled_macro,macro_bucket,1,19,False,0.025000000000000022,0.13083696356023589,0.034246575342465786,4.0,0.49,,0.0,3.9342105263157894,0.0,0.735,,,M?,Unknown,False,unsched_macro
perim_island_seized,KXCPI-26OCT-T0.1,unscheduled_macro,macro_bucket,3,19,False,-0.05499999999999994,-0.26373506660126933,-0.07534246575342457,28.0,0.4166666666666667,,0.0,3.9342105263157894,0.0,0.735,,,M?,Unknown,False,unsched_macro
perim_island_seized,KXCPI-26OCT-T0.1,unscheduled_macro,macro_bucket,5,19,False,-0.09999999999999998,-0.4624057613967537,-0.13698630136986298,52.0,0.33599999999999997,,0.0,3.9342105263157894,0.0,0.735,,,M?,Unknown,False,unsched_macro
perim_island_seized,KXCPI-26OCT-T-0.1,unscheduled_macro,macro_bucket,1,22,False,0.0027272727272730224,0.019206736389974388,0.0032967032967036545,4.0,0.33999999999999997,,0.0,1.7363636363636366,0.0,0.8300000000000001,,,M?,Unknown,False,unsched_macro
perim_island_seized,KXCPI-26OCT-T-0.1,unscheduled_macro,macro_bucket,3,22,False,-0.07727272727272705,-0.46780823868229815,-0.09340659340659316,52.0,0.33,,290.0,1.7363636363636366,136.00000000000006,0.8300000000000001,,,M?,Unknown,False,unsched_macro
perim_island_seized,KXCPI-26OCT-T-0.1,unscheduled_macro,macro_bucket,5,22,False,-0.03727272727272701,-0.24149511260680923,-0.045054945054944756,28.0,0.24800000000000005,,399.0,1.7363636363636366,117.00000000000006,0.8300000000000001,,,M?,Unknown,False,unsched_macro
perim_island_seized,KXCPI-26OCT-T0.0,unscheduled_macro,macro_bucket,1,18,False,0.01027777777777783,0.06545102217877186,0.012851684612712813,4.0,0.38,,0.0,1.1111111111111112,0.0,0.8049999999999999,,,M?,Unknown,False,unsched_macro
perim_island_seized,KXCPI-26OCT-T0.0,unscheduled_macro,macro_bucket,3,18,False,-0.019722222222222197,-0.11889277999595071,-0.02466134074331362,28.0,0.3333333333333333,,0.0,1.1111111111111112,0.0,0.8049999999999999,,,M?,Unknown,False,unsched_macro
perim_island_seized,KXCPI-26OCT-T0.0,unscheduled_macro,macro_bucket,5,18,False,-0.039722222222222214,-0.23187964338884126,-0.049670024313997904,100.0,0.262,,0.0,1.1111111111111112,0.0,0.8049999999999999,,,M?,Unknown,False,unsched_macro
perim_island_seized,KXCPI-26SEP-T0.5,unscheduled_macro,macro_bucket,1,17,False,0.12558823529411772,0.5413910875925756,0.4058935361216733,4.0,0.47000000000000003,,0.0,72.79166666666667,0.0,0.42,,,M?,Unknown,False,unsched_macro
perim_island_seized,KXCPI-26SEP-T0.5,unscheduled_macro,macro_bucket,3,17,False,0.060588235294117665,0.2706539739030239,0.19581749049429664,4.0,0.23,,513.98,72.79166666666667,344.66999999999996,0.42,,,M?,Unknown,False,unsched_macro
perim_island_seized,KXCPI-26SEP-T0.5,unscheduled_macro,macro_bucket,5,17,False,0.1005882352941177,0.43890541044892056,0.3250950570342207,4.0,0.148,,3903.98,72.79166666666667,2749.1400000000003,0.42,,,M?,Unknown,False,unsched_macro
perim_island_seized,KXCPI-26SEP-T0.4,unscheduled_macro,macro_bucket,1,24,False,0.16687499999999994,0.6819705882128765,0.45955249569707374,4.0,0.46,,0.0,98.52,0.0,0.56,,,M?,Unknown,False,unsched_macro
perim_island_seized,KXCPI-26SEP-T0.4,unscheduled_macro,macro_bucket,3,24,False,0.2318749999999999,0.9465006148099036,0.6385542168674694,4.0,0.18666666666666668,,2036.59,98.52,1593.8600000000001,0.56,,,M?,Unknown,False,unsched_macro
perim_island_seized,KXCPI-26SEP-T0.4,unscheduled_macro,macro_bucket,5,24,False,0.30187499999999995,1.2474827852016008,0.831325301204819,4.0,0.122,,4235.46,98.52,2631.6400000000003,0.56,,,M?,Unknown,False,unsched_macro
perim_island_seized,KXCPI-26SEP-T0.3,unscheduled_macro,macro_bucket,1,25,False,0.28300000000000014,1.193489192902399,0.655092592592593,4.0,0.37,,0.0,34.751999999999995,0.0,0.6599999999999999,,,M?,Unknown,False,unsched_macro
perim_island_seized,KXCPI-26SEP-T0.3,unscheduled_macro,macro_bucket,3,25,False,0.43300000000000005,2.131150558970491,1.002314814814815,4.0,0.16666666666666666,,828.73,34.751999999999995,458.97,0.6599999999999999,,,M?,Unknown,False,unsched_macro
perim_island_seized,KXCPI-26SEP-T0.3,unscheduled_macro,macro_bucket,5,25,False,0.4930000000000001,2.7860014544531566,1.1412037037037042,4.0,0.11599999999999996,,1982.54,34.751999999999995,1268.46,0.6599999999999999,,,M?,Unknown,False,unsched_macro
perim_island_seized,KXCPI-26SEP-T0.2,unscheduled_macro,macro_bucket,1,25,False,0.2859999999999999,1.4771890472390816,0.5070921985815601,4.0,0.28,,0.0,42.575599999999994,0.0,0.775,,,M?,Unknown,False,unsched_macro
perim_island_seized,KXCPI-26SEP-T0.2,unscheduled_macro,macro_bucket,3,25,False,0.35599999999999987,2.1849350272201784,0.6312056737588649,4.0,0.18666666666666668,,130.0,42.575599999999994,24.0,0.775,,,M?,Unknown,False,unsched_macro
perim_island_seized,KXCPI-26SEP-T0.2,unscheduled_macro,macro_bucket,5,25,False,0.3909999999999999,2.797636842561385,0.6932624113475175,4.0,0.14400000000000002,,326.03999999999996,42.575599999999994,-49.960000000000036,0.775,,,M?,Unknown,False,unsched_macro
perim_island_seized,KXCPI-26SEP-T0.1,unscheduled_macro,macro_bucket,1,25,False,0.1332000000000001,0.805957555546951,0.18582589285714302,4.0,0.30000000000000004,,0.0,51.12,0.0,0.845,,,M?,Unknown,False,unsched_macro
perim_island_seized,KXCPI-26SEP-T0.1,unscheduled_macro,macro_bucket,3,25,False,0.18320000000000014,1.2685810774950643,0.2555803571428574,4.0,0.21999999999999997,,26.0,51.12,26.0,0.845,,,M?,Unknown,False,unsched_macro
perim_island_seized,KXCPI-26SEP-T0.1,unscheduled_macro,macro_bucket,5,25,False,0.2582000000000001,2.73491814628849,0.36021205357142877,4.0,0.16599999999999998,,350.47,51.12,318.30000000000007,0.845,,,M?,Unknown,False,unsched_macro
perim_island_seized,KXCPI-26SEP-T-0.1,unscheduled_macro,macro_bucket,1,24,False,0.011249999999999982,0.08796877294595684,0.013333333333333312,4.0,0.29000000000000004,,0.0,11.58875,0.0,0.815,,,M?,Unknown,False,unsched_macro
perim_island_seized,KXCPI-26SEP-T-0.1,unscheduled_macro,macro_bucket,3,24,False,0.08125000000000004,0.8259066704058864,0.09629629629629635,28.0,0.18333333333333335,,0.0,11.58875,0.0,0.815,,,M?,Unknown,False,unsched_macro
perim_island_seized,KXCPI-26SEP-T-0.1,unscheduled_macro,macro_bucket,5,24,False,0.14125,2.498192486499649,0.1674074074074074,28.0,0.138,,18.0,11.58875,18.0,0.815,,,M?,Unknown,False,unsched_macro
perim_island_seized,KXCPI-26SEP-T0.0,unscheduled_macro,macro_bucket,1,20,False,0.08250000000000002,0.5518859561352905,0.10679611650485439,4.0,0.29000000000000004,,0.0,31.3745,0.0,0.855,,,M?,Unknown,False,unsched_macro
perim_island_seized,KXCPI-26SEP-T0.0,unscheduled_macro,macro_bucket,3,20,False,0.15749999999999997,1.3642075737170463,0.20388349514563103,4.0,0.17,,0.0,31.3745,0.0,0.855,,,M?,Unknown,False,unsched_macro
perim_island_seized,KXCPI-26SEP-T0.0,unscheduled_macro,macro_bucket,5,20,False,0.21250000000000002,2.9621096696889824,0.2750809061488674,28.0,0.12,,6.0,31.3745,6.0,0.855,,,M?,Unknown,False,unsched_macro
perim_island_seized,KXCPI-26AUG-T0.5,unscheduled_macro,macro_bucket,1,21,False,-0.04095238095238096,-0.6423775834873227,-0.4502617801047121,4.0,0.05,,1318.28,1743.9888,0.0,0.05,,,M?,Unknown,True,unsched_macro
perim_island_seized,KXCPI-26AUG-T0.5,unscheduled_macro,macro_bucket,3,21,False,-0.04095238095238096,-0.6423775834873227,-0.4502617801047121,4.0,0.525,,1523.04,1743.9888,204.75999999999476,0.05,,,M?,Unknown,False,unsched_macro
perim_island_seized,KXCPI-26AUG-T0.5,unscheduled_macro,macro_bucket,5,21,False,-0.04095238095238096,-0.6423775834873227,-0.4502617801047121,4.0,0.525,,1523.04,1743.9888,204.75999999999476,0.05,,,M?,Unknown,False,unsched_macro
perim_island_seized,KXCPI-26AUG-T0.4,unscheduled_macro,macro_bucket,1,25,False,-0.01780000000000001,-0.14464781093867352,-0.11649214659685869,4.0,0.03,,10584.03,1947.2088,0.0,0.14500000000000002,,,M?,Unknown,True,unsched_macro
perim_island_seized,KXCPI-26AUG-T0.4,unscheduled_macro,macro_bucket,3,25,False,-0.0028000000000000247,-0.021794137833329952,-0.01832460732984309,4.0,0.515,,14846.300000000001,1947.2088,3273.590000000004,0.14500000000000002,,,M?,Unknown,False,unsched_macro
perim_island_seized,KXCPI-26AUG-T0.4,unscheduled_macro,macro_bucket,5,25,False,-0.0028000000000000247,-0.021794137833329952,-0.01832460732984309,4.0,0.515,,14846.300000000001,1947.2088,3273.590000000004,0.14500000000000002,,,M?,Unknown,False,unsched_macro
perim_island_seized,KXCPI-26AUG-T0.3,unscheduled_macro,macro_bucket,1,25,False,0.04500000000000004,0.18114404709063528,0.0873786407766991,4.0,0.05999999999999994,,17498.56,2109.0480000000002,0.0,0.595,,,M?,Unknown,True,unsched_macro
perim_island_seized,KXCPI-26AUG-T0.3,unscheduled_macro,macro_bucket,3,25,False,-0.065,-0.2606887051884042,-0.1262135922330097,28.0,0.53,,28124.590000000004,2109.0480000000002,6277.090000000004,0.595,,,M?,Unknown,False,unsched_macro
perim_island_seized,KXCPI-26AUG-T0.3,unscheduled_macro,macro_bucket,5,25,False,-0.065,-0.2606887051884042,-0.1262135922330097,28.0,0.53,,28124.590000000004,2109.0480000000002,6277.090000000004,0.595,,,M?,Unknown,False,unsched_macro
perim_island_seized,KXCPI-26AUG-T0.2,unscheduled_macro,macro_bucket,1,25,False,0.12619999999999998,1.3356132820830158,0.15412799218368342,4.0,0.010000000000000009,,9321.25,1635.5063999999998,0.0,0.8500000000000001,,,M?,Unknown,True,unsched_macro
perim_island_seized,KXCPI-26AUG-T0.2,unscheduled_macro,macro_bucket,3,25,False,0.12119999999999997,1.2432968528636927,0.14802149487054223,4.0,0.505,,29396.85,1635.5063999999998,15859.310000000001,0.8500000000000001,,,M?,Unknown,False,unsched_macro
perim_island_seized,KXCPI-26AUG-T0.2,unscheduled_macro,macro_bucket,5,25,False,0.12119999999999997,1.2432968528636927,0.14802149487054223,4.0,0.505,,29396.85,1635.5063999999998,15859.310000000001,0.8500000000000001,,,M?,Unknown,False,unsched_macro
perim_island_seized,KXCPI-26AUG-T0.1,unscheduled_macro,macro_bucket,1,25,False,0.0878000000000001,2.3732082022010665,0.09731766792285537,4.0,0.020000000000000018,,635.93,1013.2688000000002,0.0,0.985,,,M?,Unknown,True,unsched_macro
perim_island_seized,KXCPI-26AUG-T0.1,unscheduled_macro,macro_bucket,3,25,False,0.06780000000000008,1.25418704190175,0.07514963422744413,4.0,0.51,,925.93,1013.2688000000002,27.55999999999767,0.985,,,M?,Unknown,False,unsched_macro
perim_island_seized,KXCPI-26AUG-T0.1,unscheduled_macro,macro_bucket,5,25,False,0.06780000000000008,1.25418704190175,0.07514963422744413,4.0,0.51,,925.93,1013.2688000000002,27.55999999999767,0.985,,,M?,Unknown,False,unsched_macro
perim_island_seized,KXCPI-26AUG-T-0.1,unscheduled_macro,macro_bucket,1,18,False,0.030555555555555558,1.9928490128638678,0.03168202764976959,4.0,0.010000000000000009,,176.0,233.16666666666666,0.0,0.995,,,M?,Unknown,True,unsched_macro
perim_island_seized,KXCPI-26AUG-T-0.1,unscheduled_macro,macro_bucket,3,18,False,,,,,0.505,,176.0,233.16666666666666,0.0,0.995,,,M?,Unknown,False,unsched_macro
perim_island_seized,KXCPI-26AUG-T-0.1,unscheduled_macro,macro_bucket,5,18,False,,,,,0.505,,176.0,233.16666666666666,0.0,0.995,,,M?,Unknown,False,unsched_macro
perim_island_seized,KXCPI-26AUG-T0.0,unscheduled_macro,macro_bucket,1,19,False,0.04105263157894734,2.2624812313592297,0.04303448275862066,4.0,0.010000000000000009,,0.0,581.9463157894737,0.0,0.995,,,M?,Unknown,True,unsched_macro
perim_island_seized,KXCPI-26AUG-T0.0,unscheduled_macro,macro_bucket,3,19,False,,,,,0.505,,0.0,581.9463157894737,0.0,0.995,,,M?,Unknown,False,unsched_macro
perim_island_seized,KXCPI-26AUG-T0.0,unscheduled_macro,macro_bucket,5,19,False,,,,,0.505,,0.0,581.9463157894737,0.0,0.995,,,M?,Unknown,False,unsched_macro
perim_island_seized,KXCPICORE-26NOV-T0.3,unscheduled_macro,macro_bucket,1,7,False,-0.03071428571428564,-0.14358908984133378,-0.09429824561403487,4.0,0.47000000000000003,,0.0,0.09555555555555556,0.0,0.29500000000000004,,,M?,Unknown,False,unsched_macro
perim_island_seized,KXCPICORE-26NOV-T0.3,unscheduled_macro,macro_bucket,3,7,False,-0.03071428571428564,-0.14358908984133378,-0.09429824561403487,4.0,0.47000000000000003,,0.0,0.09555555555555556,0.0,0.29500000000000004,,,M?,Unknown,False,unsched_macro
perim_island_seized,KXCPICORE-26NOV-T0.3,unscheduled_macro,macro_bucket,5,7,False,-0.0407142857142857,-0.19216000579424242,-0.12499999999999997,4.0,0.385,,0.0,0.09555555555555556,0.0,0.29500000000000004,,,M?,Unknown,False,unsched_macro
perim_island_seized,KXCPICORE-26NOV-T0.2,unscheduled_macro,macro_bucket,1,25,False,0.012399999999999967,0.05516897847857194,0.01900091939932572,4.0,0.53,,0.0,0.0,0.0,0.67,,,M?,Unknown,False,unsched_macro
perim_island_seized,KXCPICORE-26NOV-T0.2,unscheduled_macro,macro_bucket,3,25,False,0.01739999999999997,0.07769752757227011,0.026662580447440958,4.0,0.5266666666666667,,0.0,0.0,0.0,0.67,,,M?,Unknown,False,unsched_macro
perim_island_seized,KXCPICORE-26NOV-T0.2,unscheduled_macro,macro_bucket,5,25,False,-0.01760000000000006,-0.07675988504201581,-0.026969046889365703,100.0,0.44399999999999995,,0.0,0.0,0.0,0.67,,,M?,Unknown,False,unsched_macro
perim_island_seized,KXCPICORE-26NOV-T0.1,unscheduled_macro,macro_bucket,1,24,False,-0.006041666666666723,-0.04148191985000471,-0.007313997477931971,4.0,0.31999999999999995,,0.0,0.08333333333333333,0.0,0.825,,,M?,Unknown,False,unsched_macro
perim_island_seized,KXCPICORE-26NOV-T0.1,unscheduled_macro,macro_bucket,3,24,False,-0.0010416666666668295,-0.007231996806926988,-0.0012610340479194907,4.0,0.3166666666666666,,0.0,0.08333333333333333,0.0,0.825,,,M?,Unknown,False,unsched_macro
perim_island_seized,KXCPICORE-26NOV-T0.1,unscheduled_macro,macro_bucket,5,24,False,0.013958333333333295,0.10039866738543957,0.016897856242118488,100.0,0.2825,,0.01,0.08333333333333333,-0.00999999999999801,0.825,,,M?,Unknown,False,unsched_macro
perim_island_seized,KXCPICORE-26NOV-T0.0,unscheduled_macro,macro_bucket,1,16,False,-0.004375000000000018,-0.033795970222561644,-0.00515084621044888,4.0,0.31000000000000005,,0.0,0.0,0.0,0.845,,,M?,Unknown,False,unsched_macro
perim_island_seized,KXCPICORE-26NOV-T0.0,unscheduled_macro,macro_bucket,3,16,False,-0.004375000000000018,-0.033795970222561644,-0.00515084621044888,4.0,0.31000000000000005,,0.0,0.0,0.0,0.845,,,M?,Unknown,False,unsched_macro
perim_island_seized,KXCPICORE-26NOV-T0.0,unscheduled_macro,macro_bucket,5,16,False,0.020625000000000004,0.17125128053255834,0.024282560706401772,100.0,0.28,,0.0,0.0,0.0,0.845,,,M?,Unknown,False,unsched_macro
perim_island_seized,KXCPICORE-26OCT-T0.3,unscheduled_macro,macro_bucket,1,8,False,-0.10062499999999996,-0.45069822579339563,-0.2575999999999999,4.0,0.52,,17.4,0.16,0.0,0.265,,,M?,Unknown,False,unsched_macro
perim_island_seized,KXCPICORE-26OCT-T0.3,unscheduled_macro,macro_bucket,3,8,False,-0.010624999999999996,-0.04486240405726022,-0.027199999999999988,4.0,0.45999999999999996,,17.4,0.16,0.0,0.265,,,M?,Unknown,False,unsched_macro
perim_island_seized,KXCPICORE-26OCT-T0.3,unscheduled_macro,macro_bucket,5,8,False,0.06437499999999996,0.26419744554915175,0.1647999999999999,100.0,0.368,,17.4,0.16,0.0,0.265,,,M?,Unknown,False,unsched_macro
perim_island_seized,KXCPICORE-26OCT-T0.2,unscheduled_macro,macro_bucket,1,20,False,0.07474999999999998,0.3306843835599363,0.12149532710280372,4.0,0.54,,0.0,0.0,0.0,0.6799999999999999,,,M?,Unknown,False,unsched_macro
perim_island_seized,KXCPICORE-26OCT-T0.2,unscheduled_macro,macro_bucket,3,20,False,0.019750000000000045,0.08429272875802357,0.03210077204388467,4.0,0.4466666666666666,,0.0,0.0,0.0,0.6799999999999999,,,M?,Unknown,False,unsched_macro
perim_island_seized,KXCPICORE-26OCT-T0.2,unscheduled_macro,macro_bucket,5,20,False,-0.03524999999999989,-0.1466615242891252,-0.05729378301503437,100.0,0.346,,17.69,0.0,14.999999999999998,0.6799999999999999,,,M?,Unknown,False,unsched_macro
perim_island_seized,KXCPICORE-26OCT-T0.1,unscheduled_macro,macro_bucket,1,20,False,0.06774999999999998,0.3988333448990713,0.0906657745065239,4.0,0.30999999999999994,,0.0,0.0,0.0,0.825,,,M?,Unknown,False,unsched_macro
perim_island_seized,KXCPICORE-26OCT-T0.1,unscheduled_macro,macro_bucket,3,20,False,0.052750000000000075,0.30229541785642455,0.07059217129474751,4.0,0.29499999999999993,,0.0,0.0,0.0,0.825,,,M?,Unknown,False,unsched_macro
perim_island_seized,KXCPICORE-26OCT-T0.1,unscheduled_macro,macro_bucket,5,20,False,0.19774999999999998,1.7598527989978048,0.26463700234192034,100.0,0.21749999999999997,,0.0,0.0,0.0,0.825,,,M?,Unknown,False,unsched_macro
perim_island_seized,KXCPICORE-26OCT-T0.0,unscheduled_macro,macro_bucket,1,23,False,0.005869565217391459,0.041041065282539924,0.007122131363756454,4.0,0.28,,0.0,0.0,0.0,0.83,,,M?,Unknown,False,unsched_macro
perim_island_seized,KXCPICORE-26OCT-T0.0,unscheduled_macro,macro_bucket,3,23,False,0.005869565217391459,0.041041065282539924,0.007122131363756454,4.0,0.28,,0.0,0.0,0.0,0.83,,,M?,Unknown,False,unsched_macro
perim_island_seized,KXCPICORE-26OCT-T0.0,unscheduled_macro,macro_bucket,5,23,False,0.14086956521739147,1.7721938413917295,0.17093115273015058,100.0,0.20333333333333334,,0.0,0.0,0.0,0.83,,,M?,Unknown,False,unsched_macro
perim_island_seized,KXCPICORE-26SEP-T0.2,unscheduled_macro,macro_bucket,1,21,False,-0.12452380952380948,-0.5043931797649198,-0.20598660890114212,4.0,0.6000000000000001,,0.0,0.0,0.0,0.48,,,M?,Unknown,False,unsched_macro
perim_island_seized,KXCPICORE-26SEP-T0.2,unscheduled_macro,macro_bucket,3,21,False,-0.23952380952380947,-0.9780781174015835,-0.3962189838519102,4.0,0.35333333333333333,,0.0,0.0,0.0,0.48,,,M?,Unknown,False,unsched_macro
perim_island_seized,KXCPICORE-26SEP-T0.2,unscheduled_macro,macro_bucket,5,21,False,-0.21452380952380945,-0.8716626901350482,-0.35486411973217796,4.0,0.27,,6.0,0.0,6.0,0.48,,,M?,Unknown,False,unsched_macro
perim_island_seized,KXCPICORE-26SEP-T0.1,unscheduled_macro,macro_bucket,1,21,False,-0.1054761904761905,-0.5581372202603883,-0.13259503142771628,4.0,0.46,,0.0,0.0,0.0,0.705,,,M?,Unknown,False,unsched_macro
perim_island_seized,KXCPICORE-26SEP-T0.1,unscheduled_macro,macro_bucket,3,21,False,-0.020476190476190537,-0.12149389322357451,-0.025740796168811808,4.0,0.3466666666666667,,0.0,0.0,0.0,0.705,,,M?,Unknown,False,unsched_macro
perim_island_seized,KXCPICORE-26SEP-T0.1,unscheduled_macro,macro_bucket,5,21,False,0.024523809523809503,0.15809096899558717,0.030829093085902395,100.0,0.278,,0.0,0.0,0.0,0.705,,,M?,Unknown,False,unsched_macro
perim_island_seized,KXCPICORE-26SEP-T0.0,unscheduled_macro,macro_bucket,1,17,False,-0.02147058823529424,-0.14297450657321065,-0.025978647686832886,4.0,0.39,,20.0,0.0,0.0,0.81,,,M?,Unknown,False,unsched_macro
perim_island_seized,KXCPICORE-26SEP-T0.0,unscheduled_macro,macro_bucket,3,17,False,0.07852941176470585,0.6932408266713586,0.095017793594306,28.0,0.25666666666666665,,20.0,0.0,0.0,0.81,,,M?,Unknown,False,unsched_macro
perim_island_seized,KXCPICORE-26SEP-T0.0,unscheduled_macro,macro_bucket,5,17,False,0.08852941176470586,0.8154555833571784,0.10711743772241988,28.0,0.19399999999999998,,144.0,0.0,104.0,0.81,,,M?,Unknown,False,unsched_macro
perim_island_seized,KXCPICORE-26AUG-T0.4,unscheduled_macro,macro_bucket,1,13,True,,,,,0.02,,0.0,88.33333333333333,0.0,,,,M?,Unknown,True,unsched_macro
perim_island_seized,KXCPICORE-26AUG-T0.4,unscheduled_macro,macro_bucket,3,13,True,,,,,0.51,,0.0,88.33333333333333,0.0,,,,M?,Unknown,False,unsched_macro
perim_island_seized,KXCPICORE-26AUG-T0.4,unscheduled_macro,macro_bucket,5,13,True,,,,,0.51,,0.0,88.33333333333333,0.0,,,,M?,Unknown,False,unsched_macro
perim_island_seized,KXCPICORE-26AUG-T0.3,unscheduled_macro,macro_bucket,1,19,False,-0.010263157894736849,-0.21624889994555474,-0.18571428571428583,4.0,0.010000000000000002,,3224.39,24.291739130434784,0.0,0.04,,,M?,Unknown,True,unsched_macro
perim_island_seized,KXCPICORE-26AUG-T0.3,unscheduled_macro,macro_bucket,3,19,False,-0.045263157894736845,-1.7563198993697342,-0.819047619047619,28.0,0.505,,8502.52,24.291739130434784,4558.4,0.04,,,M?,Unknown,False,unsched_macro
perim_island_seized,KXCPICORE-26AUG-T0.3,unscheduled_macro,macro_bucket,5,19,False,-0.045263157894736845,-1.7563198993697342,-0.819047619047619,28.0,0.505,,8502.52,24.291739130434784,4558.4,0.04,,,M?,Unknown,False,unsched_macro
perim_island_seized,KXCPICORE-26AUG-T0.2,unscheduled_macro,macro_bucket,1,25,False,-0.12979999999999997,-0.5929609988717401,-0.328774062816616,4.0,0.010000000000000009,,9595.41,52.3412,0.0,0.17500000000000002,,,M?,Unknown,True,unsched_macro
perim_island_seized,KXCPICORE-26AUG-T0.2,unscheduled_macro,macro_bucket,3,25,False,-0.2848,-1.663561422578895,-0.7213779128672746,28.0,0.505,,12572.65,52.3412,2239.7100000000028,0.17500000000000002,,,M?,Unknown,False,unsched_macro
perim_island_seized,KXCPICORE-26AUG-T0.2,unscheduled_macro,macro_bucket,5,25,False,-0.2848,-1.663561422578895,-0.7213779128672746,28.0,0.505,,12572.65,52.3412,2239.7100000000028,0.17500000000000002,,,M?,Unknown,False,unsched_macro
perim_island_seized,KXCPICORE-26AUG-T0.1,unscheduled_macro,macro_bucket,1,23,False,0.16847826086956508,1.026665703627517,0.2418851435705366,4.0,0.010000000000000009,,5674.05,28.91956521739131,0.0,0.865,,,M?,Unknown,True,unsched_macro
perim_island_seized,KXCPICORE-26AUG-T0.1,unscheduled_macro,macro_bucket,3,23,False,0.14347826086956506,0.8274390517375996,0.2059925093632956,4.0,0.505,,20289.83,28.91956521739131,14108.750000000002,0.865,,,M?,Unknown,False,unsched_macro
perim_island_seized,KXCPICORE-26AUG-T0.1,unscheduled_macro,macro_bucket,5,23,False,0.14347826086956506,0.8274390517375996,0.2059925093632956,4.0,0.505,,20289.83,28.91956521739131,14108.750000000002,0.865,,,M?,Unknown,False,unsched_macro
perim_island_seized,KXCPICORE-26AUG-T0.0,unscheduled_macro,macro_bucket,1,24,False,0.11916666666666675,1.3528941882463894,0.143430290872618,4.0,0.07999999999999996,,0.0,0.0,0.0,0.95,,,M?,Unknown,True,unsched_macro
perim_island_seized,KXCPICORE-26AUG-T0.0,unscheduled_macro,macro_bucket,3,24,False,,,,,0.54,,0.0,0.0,0.0,0.95,,,M?,Unknown,False,unsched_macro
perim_island_seized,KXCPICORE-26AUG-T0.0,unscheduled_macro,macro_bucket,5,24,False,,,,,0.54,,0.0,0.0,0.0,0.95,,,M?,Unknown,False,unsched_macro
perim_island_seized,KXFED-27APR-T4.25,unscheduled_macro,macro_bucket,1,25,False,0.12420000000000003,0.5687251067399242,0.46726862302483085,4.0,0.09999999999999998,,0.0,0.6,0.0,0.285,,,M?,Unknown,False,unsched_macro
perim_island_seized,KXFED-27APR-T4.25,unscheduled_macro,macro_bucket,3,25,False,0.12920000000000004,0.5896946316538695,0.4860797592174569,4.0,0.09333333333333334,,28.03,0.6,0.0,0.285,,,M?,Unknown,False,unsched_macro
perim_island_seized,KXFED-27APR-T4.25,unscheduled_macro,macro_bucket,5,25,False,0.17420000000000002,0.7748752679667009,0.6553799849510912,4.0,0.07800000000000001,,44.78,0.6,16.25,0.285,,,M?,Unknown,True,unsched_macro
perim_island_seized,KXFED-27APR-T4.00,unscheduled_macro,macro_bucket,1,25,False,0.09920000000000007,0.3984547173660269,0.22762735199632875,4.0,0.19,,0.0,6.469600000000001,0.0,0.52,,,M?,Unknown,False,unsched_macro
perim_island_seized,KXFED-27APR-T4.00,unscheduled_macro,macro_bucket,3,25,False,0.1342000000000001,0.5400765281983646,0.307939421753098,4.0,0.14333333333333334,,0.0,6.469600000000001,0.0,0.52,,,M?,Unknown,False,unsched_macro
perim_island_seized,KXFED-27APR-T4.00,unscheduled_macro,macro_bucket,5,25,False,0.1492,0.6015587030585346,0.34235888022028454,4.0,0.10200000000000001,,18.08,6.469600000000001,18.079999999999927,0.52,,,M?,Unknown,False,unsched_macro
perim_island_seized,KXFED-27APR-T3.75,unscheduled_macro,macro_bucket,1,25,False,0.06259999999999999,0.256334396569122,0.11541297935103242,4.0,0.15000000000000002,,1.0,4.9096,0.0,0.57,,,M?,Unknown,False,unsched_macro
perim_island_seized,KXFED-27APR-T3.75,unscheduled_macro,macro_bucket,3,25,False,0.0676000000000001,0.27730392148306765,0.12463126843657836,4.0,0.13,,1.0,4.9096,0.0,0.57,,,M?,Unknown,False,unsched_macro
perim_island_seized,KXFED-27APR-T3.75,unscheduled_macro,macro_bucket,5,25,False,0.0776,0.3195399287581082,0.14306784660766964,4.0,0.11800000000000002,,1.0,4.9096,0.0,0.57,,,M?,Unknown,False,unsched_macro
perim_island_seized,KXFED-27APR-T3.50,unscheduled_macro,macro_bucket,1,25,False,0.046600000000000086,0.19547028514055914,0.07987658553308209,4.0,0.19999999999999996,,0.0,8.1008,0.0,0.615,,,M?,Unknown,False,unsched_macro
perim_island_seized,KXFED-27APR-T3.50,unscheduled_macro,macro_bucket,3,25,False,0.08160000000000012,0.3489099802240388,0.13986972917380894,4.0,0.11333333333333329,,0.0,8.1008,0.0,0.615,,,M?,Unknown,False,unsched_macro
perim_island_seized,KXFED-27APR-T3.50,unscheduled_macro,macro_bucket,5,25,False,0.08160000000000012,0.3489099802240388,0.13986972917380894,4.0,0.09599999999999995,,0.0,8.1008,0.0,0.615,,,M?,Unknown,False,unsched_macro
perim_island_seized,KXFED-27APR-T3.25,unscheduled_macro,macro_bucket,1,25,False,-0.011800000000000033,-0.0530432811119379,-0.01756475141411139,4.0,0.05999999999999994,,0.0,12.7556,0.0,0.6399999999999999,,,M?,Unknown,True,unsched_macro
perim_island_seized,KXFED-27APR-T3.25,unscheduled_macro,macro_bucket,3,25,False,-0.03179999999999994,-0.14097335361863983,-0.04733551652277455,28.0,0.053333333333333344,,0.0,12.7556,0.0,0.6399999999999999,,,M?,Unknown,True,unsched_macro
perim_island_seized,KXFED-27APR-T3.25,unscheduled_macro,macro_bucket,5,25,False,0.04820000000000002,0.22812411031864954,0.07174754391187857,100.0,0.06800000000000002,,272.44,12.7556,242.44000000000005,0.6399999999999999,,,M?,Unknown,True,unsched_macro
perim_island_seized,KXFED-27APR-T3.00,unscheduled_macro,macro_bucket,1,25,False,0.02059999999999984,0.10839711700029508,0.02805010893246165,4.0,0.18999999999999995,,0.0,3.708,0.0,0.765,,,M?,Unknown,False,unsched_macro
perim_island_seized,KXFED-27APR-T3.00,unscheduled_macro,macro_bucket,3,25,False,0.025599999999999845,0.1356170882343828,0.03485838779956405,4.0,0.19999999999999996,,0.0,3.708,0.0,0.765,,,M?,Unknown,False,unsched_macro
perim_island_seized,KXFED-27APR-T3.00,unscheduled_macro,macro_bucket,5,25,False,0.010599999999999832,0.05505825151713051,0.014433551198256848,4.0,0.174,,288.52,3.708,261.9000000000001,0.765,,,M?,Unknown,False,unsched_macro
perim_island_seized,KXFED-27APR-T2.75,unscheduled_macro,macro_bucket,1,25,False,-0.05159999999999998,-0.3077607358710115,-0.06357811729916213,4.0,0.15999999999999992,,0.0,13.0864,0.0,0.76,,,M?,Unknown,False,unsched_macro
perim_island_seized,KXFED-27APR-T2.75,unscheduled_macro,macro_bucket,3,25,False,0.0033999999999999586,0.022392042353140518,0.004189255791030013,52.0,0.23666666666666658,,0.0,13.0864,0.0,0.76,,,M?,Unknown,False,unsched_macro
perim_island_seized,KXFED-27APR-T2.75,unscheduled_macro,macro_bucket,5,25,False,-0.03159999999999996,-0.19477387247812095,-0.03893543617545584,4.0,0.22399999999999992,,247.09,13.0864,236.08999999999992,0.76,,,M?,Unknown,False,unsched_macro
perim_island_seized,KXFED-27APR-T2.50,unscheduled_macro,macro_bucket,1,25,False,-0.052000000000000046,-0.3158626223362053,-0.0636474908200735,4.0,0.33000000000000007,,0.0,7.1052,0.0,0.7350000000000001,,,M?,Unknown,False,unsched_macro
perim_island_seized,KXFED-27APR-T2.50,unscheduled_macro,macro_bucket,3,25,False,-0.04700000000000004,-0.2878417360940482,-0.05752753977968181,4.0,0.3233333333333334,,0.0,7.1052,0.0,0.7350000000000001,,,M?,Unknown,False,unsched_macro
perim_island_seized,KXFED-27APR-T2.50,unscheduled_macro,macro_bucket,5,25,False,0.09299999999999986,0.8174819871620473,0.11383108935128501,100.0,0.2760000000000001,,503.64,7.1052,399.6400000000001,0.7350000000000001,,,M?,Unknown,False,unsched_macro
perim_island_seized,KXFED-27APR-T2.25,unscheduled_macro,macro_bucket,1,25,False,0.04180000000000006,0.25636311268195944,0.054061045007760045,4.0,0.2699999999999999,,0.0,4.8,0.0,0.72,,,M?,Unknown,False,unsched_macro
perim_island_seized,KXFED-27APR-T2.25,unscheduled_macro,macro_bucket,3,25,False,0.03180000000000016,0.19137354337423873,0.04112778065183674,4.0,0.2833333333333333,,0.0,4.8,0.0,0.72,,,M?,Unknown,False,unsched_macro
perim_island_seized,KXFED-27APR-T2.25,unscheduled_macro,macro_bucket,5,25,False,-0.07319999999999993,-0.37917131509337465,-0.09467149508535946,100.0,0.34199999999999997,,27.85,4.8,27.84999999999991,0.72,,,M?,Unknown,False,unsched_macro
perim_island_seized,KXFED-27APR-T2.00,unscheduled_macro,macro_bucket,1,25,False,0.03480000000000005,0.2084018628886637,0.04518306933264094,4.0,0.25,,0.0,2.52,0.0,0.785,,,M?,Unknown,False,unsched_macro
perim_island_seized,KXFED-27APR-T2.00,unscheduled_macro,macro_bucket,3,25,False,0.05479999999999996,0.3411565564450134,0.0711503505582965,4.0,0.2633333333333333,,0.0,2.52,0.0,0.785,,,M?,Unknown,False,unsched_macro
perim_island_seized,KXFED-27APR-T2.00,unscheduled_macro,macro_bucket,5,25,False,-0.1652,-0.7830981628364335,-0.21448974292391587,100.0,0.352,,0.0,2.52,0.0,0.785,,,M?,Unknown,False,unsched_macro
perim_island_seized,KXFED-27APR-T1.75,unscheduled_macro,macro_bucket,1,25,False,-0.15239999999999998,-0.7823232429277348,-0.18993020937188432,4.0,0.52,,0.0,1.5475999999999999,0.0,0.675,,,M?,Unknown,False,unsched_macro
perim_island_seized,KXFED-27APR-T1.75,unscheduled_macro,macro_bucket,3,25,False,-0.13240000000000007,-0.6931773934094728,-0.1650049850448655,4.0,0.5466666666666667,,0.0,1.5475999999999999,0.0,0.675,,,M?,Unknown,False,unsched_macro
perim_island_seized,KXFED-27APR-T1.75,unscheduled_macro,macro_bucket,5,25,False,-0.1624,-0.8259983064303965,-0.2023928215353938,4.0,0.5700000000000001,,6.94,1.5475999999999999,6.940000000000055,0.675,,,M?,Unknown,False,unsched_macro
perim_island_seized,KXFED-27APR-T1.50,unscheduled_macro,macro_bucket,1,25,False,-0.0021999999999999797,-0.01435887297203653,-0.0027086924402856187,4.0,0.2400000000000001,,0.0,0.44,0.0,0.81,,,M?,Unknown,False,unsched_macro
perim_island_seized,KXFED-27APR-T1.50,unscheduled_macro,macro_bucket,3,25,False,-0.0021999999999999797,-0.01435887297203653,-0.0027086924402856187,4.0,0.2400000000000001,,0.0,0.44,0.0,0.81,,,M?,Unknown,False,unsched_macro
perim_island_seized,KXFED-27APR-T1.50,unscheduled_macro,macro_bucket,5,25,False,-0.012199999999999989,-0.07807468735814438,-0.015020930805220375,100.0,0.26000000000000006,,16.42,0.44,16.420000000000073,0.81,,,M?,Unknown,False,unsched_macro
perim_island_seized,KXFED-27APR-T1.25,unscheduled_macro,macro_bucket,1,24,False,0.001874999999999849,0.012651990629680254,0.002291825821237401,4.0,0.26,,1.0,3.5237499999999997,0.0,0.755,,,M?,Unknown,False,unsched_macro
perim_island_seized,KXFED-27APR-T1.25,unscheduled_macro,macro_bucket,3,24,False,0.001874999999999849,0.012651990629680254,0.002291825821237401,4.0,0.26,,1.0,3.5237499999999997,0.0,0.755,,,M?,Unknown,False,unsched_macro
perim_island_seized,KXFED-27APR-T1.25,unscheduled_macro,macro_bucket,5,24,False,-0.09312500000000012,-0.5342949415503044,-0.1138273491214669,100.0,0.296,,1.0,3.5237499999999997,0.0,0.755,,,M?,Unknown,False,unsched_macro
perim_island_seized,KXFED-27APR-T1.00,unscheduled_macro,macro_bucket,1,25,False,-0.009599999999999942,-0.11708265833004461,-0.010496391865296242,4.0,0.08999999999999997,,0.0,0.44,0.0,0.905,,,M?,Unknown,False,unsched_macro
perim_island_seized,KXFED-27APR-T1.00,unscheduled_macro,macro_bucket,3,25,False,-0.01959999999999995,-0.22827734231209762,-0.02143013339164657,28.0,0.10333333333333332,,0.0,0.44,0.0,0.905,,,M?,Unknown,False,unsched_macro
perim_island_seized,KXFED-27APR-T1.00,unscheduled_macro,macro_bucket,5,25,False,-0.04959999999999998,-0.5136859819359803,-0.05423135797069755,100.0,0.11599999999999996,,0.0,0.44,0.0,0.905,,,M?,Unknown,False,unsched_macro
perim_island_seized,KXFED-27APR-T0.75,unscheduled_macro,macro_bucket,1,25,False,0.04919999999999991,0.491684487673429,0.057156133828996175,4.0,0.12,,0.0,12.68,0.0,0.9099999999999999,,,M?,Unknown,False,unsched_macro
perim_island_seized,KXFED-27APR-T0.75,unscheduled_macro,macro_bucket,3,25,False,0.04919999999999991,0.491684487673429,0.057156133828996175,4.0,0.12,,0.0,12.68,0.0,0.9099999999999999,,,M?,Unknown,False,unsched_macro
perim_island_seized,KXFED-27APR-T0.75,unscheduled_macro,macro_bucket,5,25,False,0.05919999999999992,0.6203965938620026,0.0687732342007434,4.0,0.11599999999999999,,0.0,12.68,0.0,0.9099999999999999,,,M?,Unknown,False,unsched_macro
perim_island_seized,KXFED-27APR-T0.50,unscheduled_macro,macro_bucket,1,25,False,-0.010800000000000143,-0.13254502687533076,-0.01179296789692088,4.0,0.18999999999999995,,0.0,1.9652,0.0,0.905,,,M?,Unknown,False,unsched_macro
perim_island_seized,KXFED-27APR-T0.50,unscheduled_macro,macro_bucket,3,25,False,-0.0008000000000001339,-0.010330270189510937,-0.0008735531775498294,4.0,0.18333333333333332,,0.0,1.9652,0.0,0.905,,,M?,Unknown,False,unsched_macro
perim_island_seized,KXFED-27APR-T0.50,unscheduled_macro,macro_bucket,5,25,False,-0.010800000000000143,-0.13254502687533076,-0.01179296789692088,4.0,0.18599999999999997,,0.0,1.9652,0.0,0.905,,,M?,Unknown,False,unsched_macro
perim_island_seized,KXFED-27APR-T0.25,unscheduled_macro,macro_bucket,1,22,False,0.0138636363636363,0.2227344696967224,0.014969325153374164,4.0,0.12,,0.0,21.955,0.0,0.94,,,M?,Unknown,False,unsched_macro
perim_island_seized,KXFED-27APR-T0.25,unscheduled_macro,macro_bucket,3,22,False,0.0138636363636363,0.2227344696967224,0.014969325153374164,4.0,0.12,,0.0,21.955,0.0,0.94,,,M?,Unknown,False,unsched_macro
perim_island_seized,KXFED-27APR-T0.25,unscheduled_macro,macro_bucket,5,22,False,0.04386363636363633,0.9472978464900468,0.04736196319018401,100.0,0.1175,,59.0,21.955,-55.0,0.94,,,M?,Unknown,False,unsched_macro
perim_island_seized,KXFED-27APR-T0.00,unscheduled_macro,macro_bucket,3,21,False,0.017142857142857015,0.21296534639845222,0.018987341772151757,28.0,0.14,,0.0,0.19047619047619047,0.0,0.925,,,M?,Unknown,False,unsched_macro
perim_island_seized,KXFED-27APR-T0.00,unscheduled_macro,macro_bucket,5,21,False,0.06714285714285706,1.2467170008645212,0.07436708860759483,100.0,0.09000000000000002,,0.0,0.19047619047619047,0.0,0.925,,,M?,Unknown,False,unsched_macro
perim_island_seized,KXFED-27MAR-T4.25,unscheduled_macro,macro_bucket,1,24,False,0.021666666666666667,0.3176428813821004,0.34210526315789475,4.0,0.09,,0.0,0.08333333333333333,0.0,0.11499999999999999,,,M?,Unknown,False,unsched_macro
perim_island_seized,KXFED-27MAR-T4.25,unscheduled_macro,macro_bucket,3,24,False,0.06166666666666666,0.7480055411119917,0.9736842105263156,28.0,0.09000000000000001,,40.61,0.08333333333333333,39.610000000000014,0.11499999999999999,,,M?,Unknown,False,unsched_macro
perim_island_seized,KXFED-27MAR-T4.25,unscheduled_macro,macro_bucket,5,24,False,0.13666666666666666,1.3076213290474146,2.157894736842105,100.0,0.0975,,308.92,0.08333333333333333,306.91999999999996,0.11499999999999999,,,M?,Unknown,False,unsched_macro
perim_island_seized,KXFED-27MAR-T4.00,unscheduled_macro,macro_bucket,1,25,False,0.0802,0.33969512187638806,0.23259860788863107,4.0,0.13,,0.0,0.08,0.0,0.375,,,M?,Unknown,False,unsched_macro
perim_island_seized,KXFED-27MAR-T4.00,unscheduled_macro,macro_bucket,3,25,False,0.07020000000000004,0.2986426667481636,0.20359628770301635,4.0,0.23333333333333336,,14.2,0.08,-2.0,0.375,,,M?,Unknown,False,unsched_macro
perim_island_seized,KXFED-27MAR-T4.00,unscheduled_macro,macro_bucket,5,25,False,0.11020000000000002,0.46148761803702804,0.3196055684454757,4.0,0.24000000000000005,,14.2,0.08,-2.0,0.375,,,M?,Unknown,False,unsched_macro
perim_island_seized,KXFED-27MAR-T3.75,unscheduled_macro,macro_bucket,1,22,False,0.006590909090909092,0.027423978866776,0.01654306902452938,4.0,0.41,,0.0,7.136363636363637,0.0,0.37,,,M?,Unknown,False,unsched_macro
perim_island_seized,KXFED-27MAR-T3.75,unscheduled_macro,macro_bucket,3,22,False,0.09659090909090906,0.39209765059919705,0.24244152880775804,52.0,0.44999999999999996,,0.0,7.136363636363637,0.0,0.37,,,M?,Unknown,False,unsched_macro
perim_island_seized,KXFED-27MAR-T3.75,unscheduled_macro,macro_bucket,5,22,False,0.1415909090909091,0.5724409673810461,0.35539075869937253,52.0,0.43199999999999994,,0.0,7.136363636363637,0.0,0.37,,,M?,Unknown,False,unsched_macro
perim_island_seized,KXFED-27MAR-T3.50,unscheduled_macro,macro_bucket,1,22,False,0.04681818181818176,0.1881636372715764,0.09212880143112688,4.0,0.45,,0.0,1.585909090909091,0.0,0.54,,,M?,Unknown,False,unsched_macro
perim_island_seized,KXFED-27MAR-T3.50,unscheduled_macro,macro_bucket,3,22,False,0.19681818181818178,0.8384922521638312,0.38729874776386386,52.0,0.3666666666666667,,185.6,1.585909090909091,185.5999999999999,0.54,,,M?,Unknown,False,unsched_macro
perim_island_seized,KXFED-27MAR-T3.50,unscheduled_macro,macro_bucket,5,22,False,0.16681818181818175,0.6981573142341746,0.32826475849731646,28.0,0.366,,185.6,1.585909090909091,185.5999999999999,0.54,,,M?,Unknown,False,unsched_macro
perim_island_seized,KXFED-27MAR-T3.25,unscheduled_macro,macro_bucket,1,25,False,0.08820000000000017,0.5499926182439627,0.11731843575419018,4.0,0.18000000000000005,,0.0,0.8184,0.0,0.8049999999999999,,,M?,Unknown,False,unsched_macro
perim_island_seized,KXFED-27MAR-T3.25,unscheduled_macro,macro_bucket,3,25,False,0.05820000000000014,0.34177471714642826,0.07741420590582622,4.0,0.17000000000000007,,0.0,0.8184,0.0,0.8049999999999999,,,M?,Unknown,False,unsched_macro
perim_island_seized,KXFED-27MAR-T3.25,unscheduled_macro,macro_bucket,5,25,False,0.06820000000000015,0.40811203100851845,0.09071561585528087,4.0,0.16400000000000006,,0.0,0.8184,0.0,0.8049999999999999,,,M?,Unknown,False,unsched_macro
perim_island_seized,KXFED-27MAR-T3.00,unscheduled_macro,macro_bucket,1,24,False,-0.009583333333333388,-0.05876681115834059,-0.011985409067222579,4.0,0.33999999999999997,,0.0,0.6666666666666666,0.0,0.79,,,M?,Unknown,False,unsched_macro
perim_island_seized,KXFED-27MAR-T3.00,unscheduled_macro,macro_bucket,3,24,False,0.0004166666666666208,0.0026021352179514956,0.0005211047420530953,52.0,0.30666666666666664,,0.0,0.6666666666666666,0.0,0.79,,,M?,Unknown,False,unsched_macro
perim_island_seized,KXFED-27MAR-T3.00,unscheduled_macro,macro_bucket,5,24,False,0.015416666666666523,0.09914006226059824,0.01928087545596647,76.0,0.27999999999999997,,0.0,0.6666666666666666,0.0,0.79,,,M?,Unknown,False,unsched_macro
perim_island_seized,KXFED-27MAR-T2.75,unscheduled_macro,macro_bucket,1,25,False,-0.0043999999999999595,-0.02884764993815958,-0.005402750491159086,4.0,0.36,,0.0,0.6148,0.0,0.7949999999999999,,,M?,Unknown,False,unsched_macro
perim_island_seized,KXFED-27MAR-T2.75,unscheduled_macro,macro_bucket,3,25,False,-0.0043999999999999595,-0.02884764993815958,-0.005402750491159086,4.0,0.32,,0.0,0.6148,0.0,0.7949999999999999,,,M?,Unknown,False,unsched_macro
perim_island_seized,KXFED-27MAR-T2.75,unscheduled_macro,macro_bucket,5,25,False,0.005599999999999938,0.03748966392392994,0.006876227897838824,76.0,0.276,,0.0,0.6148,0.0,0.7949999999999999,,,M?,Unknown,False,unsched_macro
perim_island_seized,KXFED-27MAR-T2.50,unscheduled_macro,macro_bucket,1,24,False,0.012083333333333335,0.11789329214664757,0.013763644992880875,4.0,0.19999999999999996,,0.0,0.16666666666666666,0.0,0.8,,,M?,Unknown,False,unsched_macro
perim_island_seized,KXFED-27MAR-T2.50,unscheduled_macro,macro_bucket,3,24,False,0.00708333333333333,0.06780771185755774,0.008068343616516371,4.0,0.18999999999999995,,0.0,0.16666666666666666,0.0,0.8,,,M?,Unknown,False,unsched_macro
perim_island_seized,KXFED-27MAR-T2.50,unscheduled_macro,macro_bucket,5,24,False,0.00708333333333333,0.06780771185755774,0.008068343616516371,4.0,0.16799999999999995,,0.0,0.16666666666666666,0.0,0.8,,,M?,Unknown,False,unsched_macro
perim_island_seized,KXFED-27MAR-T2.25,unscheduled_macro,macro_bucket,1,25,False,0.007000000000000117,0.08681700723295327,0.007709251101321716,4.0,0.10999999999999999,,0.0,0.12,0.0,0.915,,,M?,Unknown,False,unsched_macro
perim_island_seized,KXFED-27MAR-T2.25,unscheduled_macro,macro_bucket,3,25,False,-0.0029999999999998916,-0.035397749452866556,-0.003303964757709132,52.0,0.10333333333333332,,0.0,0.12,0.0,0.915,,,M?,Unknown,False,unsched_macro
perim_island_seized,KXFED-27MAR-T2.25,unscheduled_macro,macro_bucket,5,25,False,-0.0029999999999998916,-0.035397749452866556,-0.003303964757709132,52.0,0.10333333333333332,,0.0,0.12,0.0,0.915,,,M?,Unknown,False,unsched_macro
perim_island_seized,KXFED-27MAR-T2.00,unscheduled_macro,macro_bucket,1,19,False,-0.004210526315789775,-0.06655262050927746,-0.004507042253521449,4.0,0.039999999999999925,,0.0,0.15789473684210525,0.0,0.9299999999999999,,,M?,Unknown,True,unsched_macro
perim_island_seized,KXFED-27MAR-T2.00,unscheduled_macro,macro_bucket,3,19,False,0.00078947368421034,0.012917294785832034,0.0008450704225350116,52.0,0.04333333333333326,,0.0,0.15789473684210525,0.0,0.9299999999999999,,,M?,Unknown,True,unsched_macro
perim_island_seized,KXFED-27MAR-T2.00,unscheduled_macro,macro_bucket,5,19,False,0.00078947368421034,0.012917294785832034,0.0008450704225350116,52.0,0.04499999999999993,,0.0,0.15789473684210525,0.0,0.9299999999999999,,,M?,Unknown,True,unsched_macro
perim_island_seized,KXFED-27MAR-T1.75,unscheduled_macro,macro_bucket,1,22,False,-0.007727272727272805,-0.13479322244494618,-0.00819672131147549,4.0,0.029999999999999916,,0.0,1.0454545454545454,0.0,0.935,,,M?,Unknown,True,unsched_macro
perim_island_seized,KXFED-27MAR-T1.75,unscheduled_macro,macro_bucket,3,22,False,-0.0027272727272729114,-0.04941716879604918,-0.002892960462873869,4.0,0.03333333333333325,,0.0,1.0454545454545454,0.0,0.935,,,M?,Unknown,True,unsched_macro
perim_island_seized,KXFED-27MAR-T1.75,unscheduled_macro,macro_bucket,5,22,False,-0.0027272727272729114,-0.04941716879604918,-0.002892960462873869,4.0,0.03499999999999992,,0.0,1.0454545454545454,0.0,0.935,,,M?,Unknown,True,unsched_macro
perim_island_seized,KXFED-27MAR-T1.50,unscheduled_macro,macro_bucket,1,21,False,0.02547619047619054,0.5736566202855489,0.027116066903193178,4.0,0.030000000000000027,,0.0,0.5095238095238095,0.0,0.965,,,M?,Unknown,True,unsched_macro
perim_island_seized,KXFED-27MAR-T1.50,unscheduled_macro,macro_bucket,3,21,False,0.015476190476190532,0.31192543114638704,0.016472377090724848,4.0,0.023333333333333355,,0.0,0.5095238095238095,0.0,0.965,,,M?,Unknown,True,unsched_macro
perim_island_seized,KXFED-27MAR-T1.50,unscheduled_macro,macro_bucket,5,21,False,0.015476190476190532,0.31192543114638704,0.016472377090724848,4.0,0.020000000000000018,,0.0,0.5095238095238095,0.0,0.965,,,M?,Unknown,True,unsched_macro
perim_island_seized,KXFED-27MAR-T1.25,unscheduled_macro,macro_bucket,1,20,False,-0.0030000000000002247,-0.054479701756962484,-0.0031813361611879366,4.0,0.039999999999999925,,0.0,0.1,0.0,0.94,,,M?,Unknown,True,unsched_macro
perim_island_seized,KXFED-27MAR-T1.25,unscheduled_macro,macro_bucket,3,20,False,-0.0030000000000002247,-0.054479701756962484,-0.0031813361611879366,4.0,0.039999999999999925,,0.0,0.1,0.0,0.94,,,M?,Unknown,True,unsched_macro
perim_island_seized,KXFED-27MAR-T1.25,unscheduled_macro,macro_bucket,5,20,False,0.0019999999999998908,0.03783672746236233,0.0021208907741250165,100.0,0.03749999999999992,,0.0,0.1,0.0,0.94,,,M?,Unknown,True,unsched_macro
perim_island_seized,KXFED-27MAR-T1.00,unscheduled_macro,macro_bucket,1,20,False,-0.012750000000000039,-0.25236457277226965,-0.013382314353188181,4.0,0.019999999999999907,,0.0,0.1,0.0,0.94,,,M?,Unknown,True,unsched_macro
perim_island_seized,KXFED-27MAR-T1.00,unscheduled_macro,macro_bucket,3,20,False,-0.00275000000000003,-0.059460906647778256,-0.002886381527158258,4.0,0.019999999999999945,,0.0,0.1,0.0,0.94,,,M?,Unknown,True,unsched_macro
perim_island_seized,KXFED-27MAR-T1.00,unscheduled_macro,macro_bucket,5,20,False,-0.00275000000000003,-0.059460906647778256,-0.002886381527158258,4.0,0.019999999999999945,,0.0,0.1,0.0,0.94,,,M?,Unknown,True,unsched_macro
perim_island_seized,KXFED-27MAR-T0.75,unscheduled_macro,macro_bucket,1,17,False,-0.002941176470588225,-0.06371581438610763,-0.003086419753086409,4.0,0.020000000000000018,,0.0,11.882352941176471,0.0,0.95,,,M?,Unknown,True,unsched_macro
perim_island_seized,KXFED-27MAR-T0.75,unscheduled_macro,macro_bucket,3,17,False,0.007058823529411784,0.16989903679539786,0.0074074074074074285,52.0,0.020000000000000018,,0.0,11.882352941176471,0.0,0.95,,,M?,Unknown,True,unsched_macro
perim_island_seized,KXFED-27MAR-T0.75,unscheduled_macro,macro_bucket,5,17,False,0.007058823529411784,0.16989903679539786,0.0074074074074074285,52.0,0.020000000000000018,,0.0,11.882352941176471,0.0,0.95,,,M?,Unknown,True,unsched_macro
perim_island_seized,KXFED-27MAR-T0.50,unscheduled_macro,macro_bucket,1,17,False,-0.005882352941176561,-0.1313360020610892,-0.0061538461538462475,4.0,0.020000000000000018,,0.0,0.17647058823529413,0.0,0.95,,,M?,Unknown,True,unsched_macro
perim_island_seized,KXFED-27MAR-T0.50,unscheduled_macro,macro_bucket,3,17,False,0.004117647058823448,0.1022788491204163,0.0043076923076922225,52.0,0.020000000000000018,,0.0,0.17647058823529413,0.0,0.95,,,M?,Unknown,True,unsched_macro
perim_island_seized,KXFED-27MAR-T0.50,unscheduled_macro,macro_bucket,5,17,False,0.004117647058823448,0.1022788491204163,0.0043076923076922225,52.0,0.020000000000000018,,1.0,0.17647058823529413,-1.0,0.95,,,M?,Unknown,True,unsched_macro
perim_island_seized,KXFED-27MAR-T0.25,unscheduled_macro,macro_bucket,1,19,False,-0.010263157894736974,-0.2695510600795785,-0.010632497273718781,4.0,0.04999999999999993,,0.0,0.0,0.0,0.9550000000000001,,,M?,Unknown,True,unsched_macro
perim_island_seized,KXFED-27MAR-T0.25,unscheduled_macro,macro_bucket,3,19,False,0.004736842105262928,0.15149877904528175,0.004907306434023753,52.0,0.046666666666666634,,0.0,0.0,0.0,0.9550000000000001,,,M?,Unknown,True,unsched_macro
perim_island_seized,KXFED-27MAR-T0.25,unscheduled_macro,macro_bucket,5,19,False,0.004736842105262928,0.15149877904528175,0.004907306434023753,52.0,0.044,,0.0,0.0,0.0,0.9550000000000001,,,M?,Unknown,True,unsched_macro
perim_island_seized,KXFED-27MAR-T0.00,unscheduled_macro,macro_bucket,1,18,False,-0.011944444444444424,-0.320902543989499,-0.012352772191898858,4.0,0.04999999999999993,,0.0,0.0,0.0,0.9550000000000001,,,M?,Unknown,True,unsched_macro
perim_island_seized,KXFED-27MAR-T0.00,unscheduled_macro,macro_bucket,3,18,False,0.003055555555555478,0.10014729513536125,0.003160011490950796,52.0,0.046666666666666634,,0.0,0.0,0.0,0.9550000000000001,,,M?,Unknown,True,unsched_macro
perim_island_seized,KXFED-27MAR-T0.00,unscheduled_macro,macro_bucket,5,18,False,0.003055555555555478,0.10014729513536125,0.003160011490950796,52.0,0.044,,0.0,0.0,0.0,0.9550000000000001,,,M?,Unknown,True,unsched_macro
perim_island_seized,KXFED-27JAN-T4.25,unscheduled_macro,macro_bucket,1,22,False,0.003863636363636347,0.0400874178291426,0.03640256959314759,4.0,0.04000000000000001,,0.0,0.6363636363636364,0.0,0.11,,,M?,Unknown,True,unsched_macro
perim_island_seized,KXFED-27JAN-T4.25,unscheduled_macro,macro_bucket,3,22,False,0.058863636363636326,0.509342263812637,0.5546038543897212,28.0,0.08666666666666667,,346.59999999999997,0.6363636363636364,345.6,0.11,,,M?,Unknown,False,unsched_macro
perim_island_seized,KXFED-27JAN-T4.25,unscheduled_macro,macro_bucket,5,22,False,0.07386363636363634,0.6144810253948234,0.6959314775160597,28.0,0.10600000000000001,,346.59999999999997,0.6363636363636364,345.6,0.11,,,M?,Unknown,False,unsched_macro
perim_island_seized,KXFED-27JAN-T4.00,unscheduled_macro,macro_bucket,1,25,False,0.06040000000000001,0.2782883227601757,0.20856353591160226,4.0,0.23999999999999996,,0.0,5.0632,0.0,0.35,,,M?,Unknown,False,unsched_macro
perim_island_seized,KXFED-27JAN-T4.00,unscheduled_macro,macro_bucket,3,25,False,0.22040000000000004,0.9373328657800983,0.7610497237569063,52.0,0.3033333333333333,,345.64,5.0632,206.74,0.35,,,M?,Unknown,False,unsched_macro
perim_island_seized,KXFED-27JAN-T4.00,unscheduled_macro,macro_bucket,5,25,False,0.20040000000000002,0.8573221965526999,0.6919889502762433,28.0,0.34199999999999997,,345.64,5.0632,206.74,0.35,,,M?,Unknown,False,unsched_macro
perim_island_seized,KXFED-27JAN-T3.75,unscheduled_macro,macro_bucket,1,24,False,0.1166666666666667,0.47301783169984957,0.23890784982935162,4.0,0.25,,0.0,1.5783333333333331,0.0,0.605,,,M?,Unknown,False,unsched_macro
perim_island_seized,KXFED-27JAN-T3.75,unscheduled_macro,macro_bucket,3,24,False,0.28666666666666674,1.2834377657190572,0.5870307167235497,28.0,0.22666666666666666,,326.75,1.5783333333333331,324.75000000000006,0.605,,,M?,Unknown,False,unsched_macro
perim_island_seized,KXFED-27JAN-T3.75,unscheduled_macro,macro_bucket,5,24,False,0.2766666666666667,1.2269654582525071,0.566552901023891,28.0,0.21799999999999997,,326.75,1.5783333333333331,324.75000000000006,0.605,,,M?,Unknown,False,unsched_macro
perim_island_seized,KXFED-27JAN-T3.50,unscheduled_macro,macro_bucket,1,23,False,0.05239130434782613,0.2871471146748017,0.07151335311572707,4.0,0.15000000000000002,,0.0,13.52913043478261,0.0,0.7949999999999999,,,M?,Unknown,False,unsched_macro
perim_island_seized,KXFED-27JAN-T3.50,unscheduled_macro,macro_bucket,3,23,False,0.1273913043478263,0.8073913916583062,0.1738872403560834,52.0,0.12,,339.65,13.52913043478261,281.48,0.7949999999999999,,,M?,Unknown,False,unsched_macro
perim_island_seized,KXFED-27JAN-T3.50,unscheduled_macro,macro_bucket,5,23,False,0.1173913043478263,0.7267024804081634,0.16023738872403592,52.0,0.11199999999999999,,359.82,13.52913043478261,301.6500000000001,0.7949999999999999,,,M?,Unknown,False,unsched_macro
perim_island_seized,KXFED-27JAN-T3.25,unscheduled_macro,macro_bucket,1,25,False,0.07040000000000013,0.4927739593825331,0.0891590678824723,4.0,0.09999999999999998,,0.0,3.4784,0.0,0.88,,,M?,Unknown,False,unsched_macro
perim_island_seized,KXFED-27JAN-T3.25,unscheduled_macro,macro_bucket,3,25,False,0.11540000000000006,0.9315420448436686,0.1461499493414388,4.0,0.09666666666666668,,16.0,3.4784,8.0,0.88,,,M?,Unknown,False,unsched_macro
perim_island_seized,KXFED-27JAN-T3.25,unscheduled_macro,macro_bucket,5,25,False,0.11039999999999994,0.8747085700805015,0.13981762917933124,4.0,0.08600000000000001,,16.0,3.4784,8.0,0.88,,,M?,Unknown,False,unsched_macro
perim_island_seized,KXFED-27JAN-T3.00,unscheduled_macro,macro_bucket,1,24,False,0.0033333333333334103,0.03498389111696332,0.0037383177570094323,4.0,0.07000000000000006,,0.0,0.25708333333333333,0.0,0.8999999999999999,,,M?,Unknown,True,unsched_macro
perim_island_seized,KXFED-27JAN-T3.00,unscheduled_macro,macro_bucket,3,24,False,0.03333333333333344,0.4044261469757462,0.03738317757009358,28.0,0.05333333333333331,,0.0,0.25708333333333333,0.0,0.8999999999999999,,,M?,Unknown,True,unsched_macro
perim_island_seized,KXFED-27JAN-T3.00,unscheduled_macro,macro_bucket,5,24,False,0.0033333333333334103,0.03498389111696332,0.0037383177570094323,4.0,0.054000000000000006,,124.0,0.25708333333333333,24.0,0.8999999999999999,,,M?,Unknown,True,unsched_macro
perim_island_seized,KXFED-27JAN-T2.75,unscheduled_macro,macro_bucket,1,25,False,0.0042000000000000925,0.04581953288228746,0.004688546550569427,4.0,0.06000000000000005,,0.0,0.612,0.0,0.905,,,M?,Unknown,True,unsched_macro
perim_island_seized,KXFED-27JAN-T2.75,unscheduled_macro,macro_bucket,3,25,False,0.04920000000000013,0.6924466978073407,0.05492297387809794,28.0,0.03999999999999996,,0.0,0.612,0.0,0.905,,,M?,Unknown,True,unsched_macro
perim_island_seized,KXFED-27JAN-T2.75,unscheduled_macro,macro_bucket,5,25,False,0.039200000000000124,0.5147542149391189,0.04375976780531383,28.0,0.03599999999999994,,84.0,0.612,-56.0,0.905,,,M?,Unknown,True,unsched_macro
perim_island_seized,KXFED-27JAN-T2.50,unscheduled_macro,macro_bucket,1,24,False,0.009791666666666754,0.13335116544293113,0.010698839062144416,4.0,0.029999999999999916,,0.0,1.75,0.0,0.925,,,M?,Unknown,True,unsched_macro
perim_island_seized,KXFED-27JAN-T2.50,unscheduled_macro,macro_bucket,3,24,False,0.034791666666666665,0.5654845206332553,0.03801502390166173,28.0,0.026666666666666616,,0.0,1.75,0.0,0.925,,,M?,Unknown,True,unsched_macro
perim_island_seized,KXFED-27JAN-T2.50,unscheduled_macro,macro_bucket,5,24,False,0.024791666666666656,0.3725808545087639,0.027088549965854757,28.0,0.03199999999999994,,609.79,1.75,410.21000000000004,0.925,,,M?,Unknown,True,unsched_macro
perim_island_seized,KXFED-27JAN-T2.25,unscheduled_macro,macro_bucket,1,23,False,0.004347826086956164,0.06494523570711763,0.0046970408642551306,4.0,0.019999999999999907,,300.0,0.21739130434782608,0.0,0.925,,,M?,Unknown,True,unsched_macro
perim_island_seized,KXFED-27JAN-T2.25,unscheduled_macro,macro_bucket,3,23,False,0.02434782608695618,0.4226948707756155,0.02630342883983053,28.0,0.029999999999999916,,433.0,0.21739130434782608,133.0,0.925,,,M?,Unknown,True,unsched_macro
perim_island_seized,KXFED-27JAN-T2.25,unscheduled_macro,macro_bucket,5,23,False,0.014347826086956172,0.22979120465112413,0.01550023485204283,28.0,0.025999999999999912,,433.0,0.21739130434782608,133.0,0.925,,,M?,Unknown,True,unsched_macro
perim_island_seized,KXFED-27JAN-T2.00,unscheduled_macro,macro_bucket,1,24,False,0.016458333333333353,0.26006532635146584,0.017820888788630748,4.0,0.039999999999999925,,0.0,0.125,0.0,0.9199999999999999,,,M?,Unknown,True,unsched_macro
perim_island_seized,KXFED-27JAN-T2.00,unscheduled_macro,macro_bucket,3,24,False,0.021458333333333468,0.35238175557079066,0.023234829686442738,4.0,0.04333333333333326,,0.0,0.125,0.0,0.9199999999999999,,,M?,Unknown,True,unsched_macro
perim_island_seized,KXFED-27JAN-T2.00,unscheduled_macro,macro_bucket,5,24,False,0.021458333333333468,0.35238175557079066,0.023234829686442738,4.0,0.03599999999999992,,200.0,0.125,-147.64999999999998,0.9199999999999999,,,M?,Unknown,True,unsched_macro
perim_island_seized,KXFED-27JAN-T1.75,unscheduled_macro,macro_bucket,1,23,False,0.004347826086956719,0.06940845603295154,0.004671805652885053,4.0,0.04999999999999993,,400.0,0.30434782608695654,0.0,0.9299999999999999,,,M?,Unknown,True,unsched_macro
perim_island_seized,KXFED-27JAN-T1.75,unscheduled_macro,macro_bucket,3,23,False,0.024347826086956736,0.45829804735031265,0.02616211165615534,28.0,0.04333333333333326,,421.0,0.30434782608695654,21.0,0.9299999999999999,,,M?,Unknown,True,unsched_macro
perim_island_seized,KXFED-27JAN-T1.75,unscheduled_macro,macro_bucket,5,23,False,0.014347826086956728,0.24710093890117335,0.015416958654520195,28.0,0.03799999999999992,,439.0,0.30434782608695654,3.0,0.9299999999999999,,,M?,Unknown,True,unsched_macro
perim_island_seized,KXFED-27JAN-T1.50,unscheduled_macro,macro_bucket,1,23,False,0.007608695652174147,0.1376551098083887,0.008116883116883368,4.0,0.04999999999999993,,0.0,1.6956521739130435,0.0,0.94,,,M?,Unknown,True,unsched_macro
perim_island_seized,KXFED-27JAN-T1.50,unscheduled_macro,macro_bucket,3,23,False,0.017608695652174156,0.348852218257528,0.01878478664192976,28.0,0.04999999999999993,,0.0,1.6956521739130435,0.0,0.94,,,M?,Unknown,True,unsched_macro
perim_island_seized,KXFED-27JAN-T1.50,unscheduled_macro,macro_bucket,5,23,False,0.007608695652174147,0.1376551098083887,0.008116883116883368,4.0,0.041999999999999926,,0.0,1.6956521739130435,0.0,0.94,,,M?,Unknown,True,unsched_macro
perim_island_seized,KXFED-27JAN-T1.25,unscheduled_macro,macro_bucket,1,23,False,0.010652173913043184,0.2236754335761959,0.011279926335174639,4.0,0.030000000000000027,,0.0,0.9565217391304348,0.0,0.955,,,M?,Unknown,True,unsched_macro
perim_island_seized,KXFED-27JAN-T1.25,unscheduled_macro,macro_bucket,3,23,False,0.010652173913043184,0.2236754335761959,0.011279926335174639,4.0,0.030000000000000027,,0.0,0.9565217391304348,0.0,0.955,,,M?,Unknown,True,unsched_macro
perim_island_seized,KXFED-27JAN-T1.25,unscheduled_macro,macro_bucket,5,23,False,0.010652173913043184,0.2236754335761959,0.011279926335174639,4.0,0.028000000000000025,,0.0,0.9565217391304348,0.0,0.955,,,M?,Unknown,True,unsched_macro
perim_island_seized,KXFED-27JAN-T1.00,unscheduled_macro,macro_bucket,1,21,False,0.018095238095238053,0.3922333628985437,0.01921132457027296,4.0,0.040000000000000036,,0.0,0.09523809523809523,0.0,0.955,,,M?,Unknown,True,unsched_macro
perim_island_seized,KXFED-27JAN-T1.00,unscheduled_macro,macro_bucket,3,21,False,0.018095238095238053,0.3922333628985437,0.01921132457027296,4.0,0.040000000000000036,,0.0,0.09523809523809523,0.0,0.955,,,M?,Unknown,True,unsched_macro
perim_island_seized,KXFED-27JAN-T1.00,unscheduled_macro,macro_bucket,5,21,False,0.013095238095238049,0.2692283832610083,0.013902932254802781,4.0,0.03200000000000003,,0.0,0.09523809523809523,0.0,0.955,,,M?,Unknown,True,unsched_macro
perim_island_seized,KXFED-27JAN-T0.75,unscheduled_macro,macro_bucket,1,24,False,0.023749999999999827,0.5428624137597335,0.025232403718459306,4.0,0.030000000000000027,,0.0,5.645833333333333,0.0,0.955,,,M?,Unknown,True,unsched_macro
perim_island_seized,KXFED-27JAN-T0.75,unscheduled_macro,macro_bucket,3,24,False,0.018749999999999822,0.40413620425810715,0.01992031872509941,4.0,0.03333333333333336,,0.0,5.645833333333333,0.0,0.955,,,M?,Unknown,True,unsched_macro
perim_island_seized,KXFED-27JAN-T0.75,unscheduled_macro,macro_bucket,5,24,False,0.013749999999999818,0.2811312246205717,0.014608233731739513,4.0,0.02400000000000002,,0.0,5.645833333333333,0.0,0.955,,,M?,Unknown,True,unsched_macro
perim_island_seized,KXFED-27JAN-T0.50,unscheduled_macro,macro_bucket,1,25,False,0.028000000000000136,0.7805544664956923,0.029567053854276812,4.0,0.010000000000000009,,0.0,23.48,0.0,0.965,,,M?,Unknown,True,unsched_macro
perim_island_seized,KXFED-27JAN-T0.50,unscheduled_macro,macro_bucket,3,25,False,0.018000000000000127,0.4337728602156181,0.019007391763463707,4.0,0.023333333333333355,,0.0,23.48,0.0,0.965,,,M?,Unknown,True,unsched_macro
perim_island_seized,KXFED-27JAN-T0.50,unscheduled_macro,macro_bucket,5,25,False,0.013000000000000123,0.2950466507139917,0.013727560718057153,4.0,0.02200000000000002,,0.0,23.48,0.0,0.965,,,M?,Unknown,True,unsched_macro
perim_island_seized,KXFED-27JAN-T0.25,unscheduled_macro,macro_bucket,1,23,False,0.014130434782608559,0.31734574409197025,0.014939094461043292,4.0,0.040000000000000036,,0.0,2.5652173913043477,0.0,0.95,,,M?,Unknown,True,unsched_macro
perim_island_seized,KXFED-27JAN-T0.25,unscheduled_macro,macro_bucket,3,23,False,0.014130434782608559,0.31734574409197025,0.014939094461043292,4.0,0.05000000000000001,,0.0,2.5652173913043477,0.0,0.95,,,M?,Unknown,True,unsched_macro
perim_island_seized,KXFED-27JAN-T0.25,unscheduled_macro,macro_bucket,5,23,False,0.019130434782608563,0.45607195359359665,0.020225235578027898,4.0,0.04000000000000001,,0.0,2.5652173913043477,0.0,0.95,,,M?,Unknown,True,unsched_macro
perim_island_seized,KXFED-27JAN-T0.00,unscheduled_macro,macro_bucket,1,22,False,0.009545454545454302,0.5022145634434985,0.009785647716681948,4.0,0.010000000000000009,,0.0,0.0,0.0,0.975,,,M?,Unknown,True,unsched_macro
perim_island_seized,KXFED-27JAN-T0.00,unscheduled_macro,macro_bucket,3,22,False,0.004545454545454297,0.20944342148424644,0.004659832246038887,4.0,0.013333333333333345,,0.0,0.0,0.0,0.975,,,M?,Unknown,True,unsched_macro
perim_island_seized,KXFED-27JAN-T0.00,unscheduled_macro,macro_bucket,5,22,False,-0.00045454545454570727,-0.018815230496733726,-0.00046598322460417326,76.0,0.01200000000000001,,49.02,0.0,20.999999999999943,0.975,,,M?,Unknown,True,unsched_macro
perim_island_seized,KXFED-26DEC-T5.00,unscheduled_macro,macro_bucket,1,16,True,,,,,0.02,,0.0,8.772727272727273,0.0,,,,M?,Unknown,True,unsched_macro
perim_island_seized,KXFED-26DEC-T5.00,unscheduled_macro,macro_bucket,3,16,True,,,,,0.02,,0.0,8.772727272727273,0.0,,,,M?,Unknown,True,unsched_macro
perim_island_seized,KXFED-26DEC-T5.00,unscheduled_macro,macro_bucket,5,16,True,,,,,0.02,,0.0,8.772727272727273,0.0,,,,M?,Unknown,True,unsched_macro
perim_island_seized,KXFED-26DEC-T4.75,unscheduled_macro,macro_bucket,3,8,False,,,,,0.02,,0.0,49.949473684210524,0.0,,,,M?,Unknown,True,unsched_macro
perim_island_seized,KXFED-26DEC-T4.75,unscheduled_macro,macro_bucket,5,8,False,,,,,0.02,,0.0,49.949473684210524,0.0,,,,M?,Unknown,True,unsched_macro
perim_island_seized,KXFED-26DEC-T4.50,unscheduled_macro,macro_bucket,1,8,False,,,,,0.01,,0.0,40.55,0.0,,,,M?,Unknown,True,unsched_macro
perim_island_seized,KXFED-26DEC-T4.50,unscheduled_macro,macro_bucket,3,8,False,-0.011875000000000002,-0.7948268086497499,-0.5428571428571429,28.0,0.015,,2.0,40.55,2.0,,,,M?,Unknown,True,unsched_macro
perim_island_seized,KXFED-26DEC-T4.50,unscheduled_macro,macro_bucket,5,8,False,-0.006875000000000003,-0.38429839858503856,-0.3142857142857144,28.0,0.013333333333333334,,2.0,40.55,2.0,,,,M?,Unknown,True,unsched_macro
perim_island_seized,KXFED-26DEC-T4.25,unscheduled_macro,macro_bucket,1,25,False,0.02580000000000001,0.4871345529624631,0.5837104072398193,4.0,0.060000000000000005,,0.0,39.7604,0.0,0.07,,,M?,Unknown,True,unsched_macro
perim_island_seized,KXFED-26DEC-T4.25,unscheduled_macro,macro_bucket,3,25,False,0.08580000000000002,1.1728651358673585,1.9411764705882357,28.0,0.03000000000000001,,6204.06,39.7604,6100.9,0.07,,,M?,Unknown,True,unsched_macro
perim_island_seized,KXFED-26DEC-T4.25,unscheduled_macro,macro_bucket,5,25,False,0.16080000000000003,1.718491761544482,3.6380090497737565,28.0,0.030000000000000006,,6643.490000000001,39.7604,6329.6,0.07,,,M?,Unknown,True,unsched_macro
perim_island_seized,KXFED-26DEC-T4.00,unscheduled_macro,macro_bucket,1,25,False,0.12899999999999998,0.6210083388307103,0.5466101694915253,4.0,0.010000000000000009,,850.11,33.797200000000004,0.0,0.365,,,M?,Unknown,True,unsched_macro
perim_island_seized,KXFED-26DEC-T4.00,unscheduled_macro,macro_bucket,3,25,False,0.254,1.1347306495272111,1.076271186440678,4.0,0.023333333333333355,,2624.3900000000003,33.797200000000004,1225.42,0.365,,,M?,Unknown,True,unsched_macro
perim_island_seized,KXFED-26DEC-T4.00,unscheduled_macro,macro_bucket,5,25,False,0.41900000000000004,1.8158268027448026,1.7754237288135595,28.0,0.03400000000000001,,2781.7500000000005,33.797200000000004,1245.2700000000004,0.365,,,M?,Unknown,True,unsched_macro
perim_island_seized,KXFED-26DEC-T3.75,unscheduled_macro,macro_bucket,1,23,False,0.19065217391304345,0.931717708902082,0.3154676258992805,4.0,0.030000000000000027,,1123.48,517.6847826086956,0.0,0.79,,,M?,Unknown,True,unsched_macro
perim_island_seized,KXFED-26DEC-T3.75,unscheduled_macro,macro_bucket,3,23,False,0.30565217391304345,1.890020502566789,0.5057553956834532,4.0,0.02666666666666669,,6059.79,517.6847826086956,-807.1200000000026,0.79,,,M?,Unknown,True,unsched_macro
perim_island_seized,KXFED-26DEC-T3.75,unscheduled_macro,macro_bucket,5,23,False,0.34065217391304337,2.4202373156474293,0.5636690647482012,4.0,0.020000000000000018,,7183.79,517.6847826086956,-914.9200000000019,0.79,,,M?,Unknown,True,unsched_macro
perim_island_seized,KXFED-26DEC-T3.50,unscheduled_macro,macro_bucket,1,25,False,0.0696,0.768073137032639,0.08089260808926081,4.0,0.019999999999999907,,0.0,258.772,0.0,0.925,,,M?,Unknown,True,unsched_macro
perim_island_seized,KXFED-26DEC-T3.50,unscheduled_macro,macro_bucket,3,25,False,0.08960000000000001,1.125822772101137,0.10413761041376106,4.0,0.029999999999999954,,1914.29,258.772,142.45999999999913,0.925,,,M?,Unknown,True,unsched_macro
perim_island_seized,KXFED-26DEC-T3.50,unscheduled_macro,macro_bucket,5,25,False,0.10960000000000003,1.65748248276997,0.12738261273826132,4.0,0.023999999999999976,,3339.45,258.772,313.4599999999991,0.925,,,M?,Unknown,True,unsched_macro
perim_island_seized,KXFED-26DEC-T3.25,unscheduled_macro,macro_bucket,1,24,False,-0.007291666666666696,-0.2411425778784908,-0.0074994643239768895,4.0,0.010000000000000009,,0.0,28.590416666666666,0.0,0.975,,,M?,Unknown,True,unsched_macro
perim_island_seized,KXFED-26DEC-T3.25,unscheduled_macro,macro_bucket,3,24,False,-0.002291666666666692,-0.0818239278927897,-0.0023569745018213245,4.0,0.013333333333333345,,696.0,28.590416666666666,0.0,0.975,,,M?,Unknown,True,unsched_macro
perim_island_seized,KXFED-26DEC-T3.25,unscheduled_macro,macro_bucket,5,24,False,0.0027083333333333126,0.10563902840158335,0.0027855153203342406,28.0,0.01200000000000001,,1105.0,28.590416666666666,-409.0,0.975,,,M?,Unknown,True,unsched_macro
perim_island_seized,KXFED-26DEC-T3.00,unscheduled_macro,macro_bucket,1,22,False,0.0013636363636364557,0.08839673855962182,0.0013863216266174689,4.0,0.010000000000000009,,0.0,0.13636363636363635,0.0,0.985,,,M?,Unknown,True,unsched_macro
perim_island_seized,KXFED-26DEC-T3.00,unscheduled_macro,macro_bucket,3,22,False,0.0013636363636364557,0.08839673855962182,0.0013863216266174689,4.0,0.010000000000000009,,0.0,0.13636363636363635,0.0,0.985,,,M?,Unknown,True,unsched_macro
perim_island_seized,KXFED-26DEC-T3.00,unscheduled_macro,macro_bucket,5,22,False,0.0013636363636364557,0.08839673855962182,0.0013863216266174689,4.0,0.010000000000000009,,0.0,0.13636363636363635,0.0,0.985,,,M?,Unknown,True,unsched_macro
perim_island_seized,KXFED-26DEC-T2.75,unscheduled_macro,macro_bucket,1,25,False,0.0006000000000000449,0.039830035808472,0.0006095083299472216,4.0,0.010000000000000009,,0.0,44.72,0.0,0.985,,,M?,Unknown,True,unsched_macro
perim_island_seized,KXFED-26DEC-T2.75,unscheduled_macro,macro_bucket,3,25,False,0.0006000000000000449,0.039830035808472,0.0006095083299472216,4.0,0.010000000000000009,,0.0,44.72,0.0,0.985,,,M?,Unknown,True,unsched_macro
perim_island_seized,KXFED-26DEC-T2.75,unscheduled_macro,macro_bucket,5,25,False,0.0006000000000000449,0.039830035808472,0.0006095083299472216,4.0,0.010000000000000009,,1900.0,44.72,1900.0,0.985,,,M?,Unknown,True,unsched_macro
perim_island_seized,KXFED-26OCT-T4.75,unscheduled_macro,macro_bucket,1,18,True,,,,,0.01,,0.0,3.942,0.0,,,,M?,Unknown,True,unsched_macro
perim_island_seized,KXFED-26OCT-T4.75,unscheduled_macro,macro_bucket,3,18,True,,,,,0.01,,0.0,3.942,0.0,,,,M?,Unknown,True,unsched_macro
perim_island_seized,KXFED-26OCT-T4.75,unscheduled_macro,macro_bucket,5,18,True,,,,,0.0125,,0.0,3.942,0.0,,,,M?,Unknown,True,unsched_macro
perim_island_seized,KXFED-26OCT-T4.50,unscheduled_macro,macro_bucket,1,9,False,,,,,0.01,,0.0,9.761904761904763,0.0,,,,M?,Unknown,True,unsched_macro
perim_island_seized,KXFED-26OCT-T4.50,unscheduled_macro,macro_bucket,3,9,False,,,,,0.01,,0.0,9.761904761904763,0.0,,,,M?,Unknown,True,unsched_macro
perim_island_seized,KXFED-26OCT-T4.50,unscheduled_macro,macro_bucket,5,9,False,,,,,0.012,,0.0,9.761904761904763,0.0,,,,M?,Unknown,True,unsched_macro
perim_island_seized,KXFED-26OCT-T4.25,unscheduled_macro,macro_bucket,1,10,False,,,,,0.01,,0.0,79.14200000000001,0.0,,,,M?,Unknown,True,unsched_macro
perim_island_seized,KXFED-26OCT-T4.25,unscheduled_macro,macro_bucket,3,10,False,-0.011000000000000003,-0.5612766744488256,-0.42307692307692313,28.0,0.01,,46.0,79.14200000000001,0.0,,,,M?,Unknown,True,unsched_macro
perim_island_seized,KXFED-26OCT-T4.25,unscheduled_macro,macro_bucket,5,10,False,-0.011000000000000003,-0.5612766744488256,-0.42307692307692313,28.0,0.01,,1238.0,79.14200000000001,234.0999999999999,,,,M?,Unknown,True,unsched_macro
perim_island_seized,KXFED-26OCT-T4.00,unscheduled_macro,macro_bucket,1,25,False,0.016799999999999995,0.2384008257480752,0.24633431085043977,4.0,0.03,,1156.02,166.88639999999998,0.0,0.07500000000000001,,,M?,Unknown,True,unsched_macro
perim_island_seized,KXFED-26OCT-T4.00,unscheduled_macro,macro_bucket,3,25,False,0.14679999999999999,1.3196279448785342,2.1524926686217003,28.0,0.023333333333333334,,2895.92,166.88639999999998,1008.0300000000007,0.07500000000000001,,,M?,Unknown,True,unsched_macro
perim_island_seized,KXFED-26OCT-T4.00,unscheduled_macro,macro_bucket,5,25,False,0.2468,1.8378274350966877,3.6187683284457473,28.0,0.02200000000000001,,4544.72,166.88639999999998,2490.3999999999996,0.07500000000000001,,,M?,Unknown,True,unsched_macro
perim_island_seized,KXFED-26OCT-T3.75,unscheduled_macro,macro_bucket,1,25,False,0.18779999999999997,0.8023952887981226,0.3631090487238979,4.0,0.010000000000000009,,997.13,263.88,0.0,0.63,,,M?,Unknown,True,unsched_macro
perim_island_seized,KXFED-26OCT-T3.75,unscheduled_macro,macro_bucket,3,25,False,0.3528,1.832131603518721,0.6821345707656613,4.0,0.03333333333333336,,2438.52,263.88,1104.3199999999997,0.63,,,M?,Unknown,True,unsched_macro
perim_island_seized,KXFED-26OCT-T3.75,unscheduled_macro,macro_bucket,5,25,False,0.3678,1.9718283589703536,0.7111368909512762,4.0,0.030000000000000027,,2551.55,263.88,1182.3500000000004,0.63,,,M?,Unknown,True,unsched_macro
perim_island_seized,KXFED-26OCT-T3.50,unscheduled_macro,macro_bucket,1,23,False,0.035000000000000364,1.0479685558493612,0.03703703703703744,4.0,0.020000000000000018,,1237.58,254.7995652173913,0.0,0.965,,,M?,Unknown,True,unsched_macro
perim_island_seized,KXFED-26OCT-T3.50,unscheduled_macro,macro_bucket,3,23,False,0.04500000000000037,1.7512681078733245,0.04761904761904803,4.0,0.020000000000000018,,1481.3,254.7995652173913,243.72000000000025,0.965,,,M?,Unknown,True,unsched_macro
perim_island_seized,KXFED-26OCT-T3.50,unscheduled_macro,macro_bucket,5,23,False,0.05000000000000038,2.449453082463227,0.05291005291005333,4.0,0.016000000000000014,,1923.36,254.7995652173913,243.72000000000025,0.965,,,M?,Unknown,True,unsched_macro
perim_island_seized,KXFED-26OCT-T3.25,unscheduled_macro,macro_bucket,1,24,False,0.01187500000000008,1.2284017876705473,0.012078830260648524,4.0,0.010000000000000009,,872.32,21.02541666666667,0.0,0.985,,,M?,Unknown,True,unsched_macro
perim_island_seized,KXFED-26OCT-T3.25,unscheduled_macro,macro_bucket,3,24,False,0.01187500000000008,1.2284017876705473,0.012078830260648524,4.0,0.010000000000000009,,872.32,21.02541666666667,0.0,0.985,,,M?,Unknown,True,unsched_macro
perim_island_seized,KXFED-26OCT-T3.25,unscheduled_macro,macro_bucket,5,24,False,0.01187500000000008,1.2284017876705473,0.012078830260648524,4.0,0.010000000000000009,,872.32,21.02541666666667,0.0,0.985,,,M?,Unknown,True,unsched_macro
perim_island_seized,KXFED-26OCT-T3.00,unscheduled_macro,macro_bucket,1,20,False,0.008999999999999897,1.0387057997371079,0.009127789046653038,4.0,0.010000000000000009,,0.0,27.95,0.0,0.995,,,M?,Unknown,True,unsched_macro
perim_island_seized,KXFED-26OCT-T3.00,unscheduled_macro,macro_bucket,3,20,False,0.008999999999999897,1.0387057997371079,0.009127789046653038,4.0,0.010000000000000009,,0.0,27.95,0.0,0.995,,,M?,Unknown,True,unsched_macro
perim_island_seized,KXFED-26OCT-T3.00,unscheduled_macro,macro_bucket,5,20,False,0.008999999999999897,1.0387057997371079,0.009127789046653038,4.0,0.010000000000000009,,0.0,27.95,0.0,0.995,,,M?,Unknown,True,unsched_macro
perim_island_seized,KXFED-26OCT-T2.75,unscheduled_macro,macro_bucket,1,25,False,0.008799999999999919,1.0241142430976193,0.008923139322652523,4.0,0.010000000000000009,,0.0,10.3604,0.0,0.995,,,M?,Unknown,True,unsched_macro
perim_island_seized,KXFED-26OCT-T2.75,unscheduled_macro,macro_bucket,3,25,False,0.008799999999999919,1.0241142430976193,0.008923139322652523,4.0,0.010000000000000009,,0.0,10.3604,0.0,0.995,,,M?,Unknown,True,unsched_macro
perim_island_seized,KXFED-26OCT-T2.75,unscheduled_macro,macro_bucket,5,25,False,0.008799999999999919,1.0241142430976193,0.008923139322652523,4.0,0.010000000000000009,,0.0,10.3604,0.0,0.995,,,M?,Unknown,True,unsched_macro
perim_island_seized,KXFED-26SEP-T4.75,unscheduled_macro,macro_bucket,1,6,True,-0.001666666666666667,-0.15583560019217746,-0.14285714285714288,4.0,0.01,,3.0,18009.673636363637,0.0,,,,M?,Unknown,True,unsched_macro
perim_island_seized,KXFED-26SEP-T4.75,unscheduled_macro,macro_bucket,3,6,True,,,,,0.01,,3.0,18009.673636363637,0.0,,,,M?,Unknown,True,unsched_macro
perim_island_seized,KXFED-26SEP-T4.75,unscheduled_macro,macro_bucket,5,6,True,,,,,0.01,,3.0,18009.673636363637,0.0,,,,M?,Unknown,True,unsched_macro
perim_island_seized,KXFED-26SEP-T4.50,unscheduled_macro,macro_bucket,1,6,True,-0.004999999999999999,-0.4105284100647113,-0.3333333333333333,4.0,0.01,,3.0,6593.130434782609,0.0,0.01,,,M?,Unknown,True,unsched_macro
perim_island_seized,KXFED-26SEP-T4.50,unscheduled_macro,macro_bucket,3,6,True,,,,,0.01,,3.0,6593.130434782609,0.0,0.01,,,M?,Unknown,True,unsched_macro
perim_island_seized,KXFED-26SEP-T4.50,unscheduled_macro,macro_bucket,5,6,True,,,,,0.01,,3.0,6593.130434782609,0.0,0.01,,,M?,Unknown,True,unsched_macro
perim_island_seized,KXFED-26SEP-T4.25,unscheduled_macro,macro_bucket,1,12,False,1.734723475976807e-18,0.0,1.7347234759768073e-16,,0.01,,650.11,425.2260869565216,0.0,0.01,,,M?,Unknown,True,unsched_macro
perim_island_seized,KXFED-26SEP-T4.25,unscheduled_macro,macro_bucket,3,12,False,1.734723475976807e-18,0.0,1.7347234759768073e-16,,0.01,,11209.2,425.2260869565216,10559.09,0.01,,,M?,Unknown,True,unsched_macro
perim_island_seized,KXFED-26SEP-T4.25,unscheduled_macro,macro_bucket,5,12,False,1.734723475976807e-18,0.0,1.7347234759768073e-16,,0.01,,18839.34,425.2260869565216,18189.23,0.01,,,M?,Unknown,True,unsched_macro
perim_island_seized,KXFED-26SEP-T4.00,unscheduled_macro,macro_bucket,1,24,False,0.007916666666666666,0.5119509579683048,0.6551724137931033,4.0,0.02,,1772.53,3735.4432,0.0,0.015,,,M?,Unknown,True,unsched_macro
perim_island_seized,KXFED-26SEP-T4.00,unscheduled_macro,macro_bucket,3,24,False,0.007916666666666666,0.5119509579683048,0.6551724137931033,4.0,0.016666666666666666,,31346.329999999998,3735.4432,13058.73999999999,0.015,,,M?,Unknown,True,unsched_macro
perim_island_seized,KXFED-26SEP-T4.00,unscheduled_macro,macro_bucket,5,24,False,-0.0020833333333333346,-0.19134859405565852,-0.17241379310344837,100.0,0.014000000000000002,,198031.36000000002,3735.4432,178670.68999999997,0.015,,,M?,Unknown,True,unsched_macro
perim_island_seized,KXFED-26SEP-T3.75,unscheduled_macro,macro_bucket,1,25,False,0.26800000000000007,1.0994338586597991,0.7108753315649871,4.0,0.010000000000000009,,47447.81,15031.9092,0.0,0.545,,,M?,Unknown,True,unsched_macro
perim_island_seized,KXFED-26SEP-T3.75,unscheduled_macro,macro_bucket,3,25,False,0.4280000000000001,1.9201440501942593,1.1352785145888598,4.0,0.010000000000000009,,194757.84,15031.9092,56870.02999999997,0.545,,,M?,Unknown,True,unsched_macro
perim_island_seized,KXFED-26SEP-T3.75,unscheduled_macro,macro_bucket,5,25,False,0.49800000000000005,2.4482114803947557,1.320954907161804,4.0,0.010000000000000009,,301161.52,15031.9092,142578.97999999998,0.545,,,M?,Unknown,True,unsched_macro
perim_island_seized,KXFED-26SEP-T3.50,unscheduled_macro,macro_bucket,1,20,False,0.0014999999999999458,0.26387293963420344,0.0015098137896325573,4.0,0.010000000000000009,,467.59,11574.217,0.0,0.995,,,M?,Unknown,True,unsched_macro
perim_island_seized,KXFED-26SEP-T3.50,unscheduled_macro,macro_bucket,3,20,False,0.0014999999999999458,0.26387293963420344,0.0015098137896325573,4.0,0.010000000000000009,,47773.16999999999,11574.217,9959.579999999987,0.995,,,M?,Unknown,True,unsched_macro
perim_island_seized,KXFED-26SEP-T3.50,unscheduled_macro,macro_bucket,5,20,False,0.0014999999999999458,0.26387293963420344,0.0015098137896325573,4.0,0.010000000000000009,,66258.46999999999,11574.217,18384.879999999976,0.995,,,M?,Unknown,True,unsched_macro
perim_island_seized,KXFED-26SEP-T3.25,unscheduled_macro,macro_bucket,1,12,False,0.0012500000000001954,0.22440062250429182,0.0012578616352203226,4.0,0.010000000000000009,,0.0,280.6666666666667,0.0,0.995,,,M?,Unknown,True,unsched_macro
perim_island_seized,KXFED-26SEP-T3.25,unscheduled_macro,macro_bucket,3,12,False,0.0012500000000001954,0.22440062250429182,0.0012578616352203226,4.0,0.010000000000000009,,0.0,280.6666666666667,0.0,0.995,,,M?,Unknown,True,unsched_macro
perim_island_seized,KXFED-26SEP-T3.25,unscheduled_macro,macro_bucket,5,12,False,0.0012500000000001954,0.22440062250429182,0.0012578616352203226,4.0,0.010000000000000009,,180.0,280.6666666666667,180.0,0.995,,,M?,Unknown,True,unsched_macro
perim_island_seized,KXFED-26SEP-T3.00,unscheduled_macro,macro_bucket,1,22,False,-2.220446049250313e-16,-4.440892098500626e-14,-2.231604069598304e-16,,0.010000000000000009,,0.0,0.0,0.0,0.995,,,M?,Unknown,True,unsched_macro
perim_island_seized,KXFED-26SEP-T3.00,unscheduled_macro,macro_bucket,3,22,False,-2.220446049250313e-16,-4.440892098500626e-14,-2.231604069598304e-16,,0.010000000000000009,,0.0,0.0,0.0,0.995,,,M?,Unknown,True,unsched_macro
perim_island_seized,KXFED-26SEP-T3.00,unscheduled_macro,macro_bucket,5,22,False,-2.220446049250313e-16,-4.440892098500626e-14,-2.231604069598304e-16,,0.010000000000000009,,180.0,0.0,180.0,0.995,,,M?,Unknown,True,unsched_macro
perim_island_seized,KXFED-26SEP-T2.75,unscheduled_macro,macro_bucket,1,22,False,-2.220446049250313e-16,-4.440892098500626e-14,-2.231604069598304e-16,,0.010000000000000009,,61.0,255.00045454545455,0.0,0.995,,,M?,Unknown,True,unsched_macro
perim_island_seized,KXFED-26SEP-T2.75,unscheduled_macro,macro_bucket,3,22,False,-2.220446049250313e-16,-4.440892098500626e-14,-2.231604069598304e-16,,0.010000000000000009,,61.0,255.00045454545455,0.0,0.995,,,M?,Unknown,True,unsched_macro
perim_island_seized,KXFED-26SEP-T2.75,unscheduled_macro,macro_bucket,5,22,False,-2.220446049250313e-16,-4.440892098500626e-14,-2.231604069598304e-16,,0.010000000000000009,,360.66,255.00045454545455,299.65999999999985,0.995,,,M?,Unknown,True,unsched_macro
hormuz_strike_pipeline_shutdown,KXCPI-26NOV-T0.0,unscheduled_macro,macro_bucket,1,21,False,0.0485714285714286,0.31161638271083625,0.06215722120658138,4.0,0.31999999999999995,,0.0,3.3333333333333335,0.0,0.8200000000000001,,,M?,Unknown,False,unsched_macro
hormuz_strike_pipeline_shutdown,KXCPI-26NOV-T0.0,unscheduled_macro,macro_bucket,3,21,False,0.13357142857142856,1.1022619277556591,0.1709323583180987,52.0,0.21666666666666665,,0.0,3.3333333333333335,0.0,0.8200000000000001,,,M?,Unknown,False,unsched_macro
hormuz_strike_pipeline_shutdown,KXCPI-26NOV-T0.0,unscheduled_macro,macro_bucket,5,21,False,0.09857142857142853,0.7184192836606602,0.1261425959780621,52.0,0.154,,643.0,3.3333333333333335,285.0,0.8200000000000001,,,M?,Unknown,False,unsched_macro
hormuz_strike_pipeline_shutdown,KXCPI-26OCT-T0.4,unscheduled_macro,macro_bucket,1,5,False,0.16000000000000003,0.6681797233107867,0.48484848484848503,4.0,0.49,,3.0,98.05555555555556,0.0,,,,M?,Unknown,False,unsched_macro
hormuz_strike_pipeline_shutdown,KXCPI-26OCT-T0.4,unscheduled_macro,macro_bucket,3,5,False,0.015000000000000013,0.06709423932059377,0.0454545454545455,4.0,0.42333333333333334,,3.0,98.05555555555556,0.0,,,,M?,Unknown,False,unsched_macro
hormuz_strike_pipeline_shutdown,KXCPI-26OCT-T0.4,unscheduled_macro,macro_bucket,5,5,False,0.19500000000000006,0.8082685164814686,0.5909090909090912,4.0,0.258,,892.17,98.05555555555556,615.0900000000001,,,,M?,Unknown,False,unsched_macro
hormuz_strike_pipeline_shutdown,KXCPI-26OCT-T0.2,unscheduled_macro,macro_bucket,1,24,False,0.002291666666666692,0.009539574555314068,0.003834088532589795,4.0,0.45999999999999996,,0.0,6.745833333333334,0.0,0.595,,,M?,Unknown,False,unsched_macro
hormuz_strike_pipeline_shutdown,KXCPI-26OCT-T0.2,unscheduled_macro,macro_bucket,3,24,False,-0.017708333333333215,-0.0731521412897988,-0.02962704775182971,28.0,0.31666666666666665,,1.0,6.745833333333334,0.0,0.595,,,M?,Unknown,False,unsched_macro
hormuz_strike_pipeline_shutdown,KXCPI-26OCT-T0.2,unscheduled_macro,macro_bucket,5,24,False,0.17229166666666673,0.812385672371684,0.288253746950157,100.0,0.21600000000000003,,1492.16,6.745833333333334,1017.5699999999999,0.595,,,M?,Unknown,False,unsched_macro
hormuz_strike_pipeline_shutdown,KXCPI-26SEP-T-0.1,unscheduled_macro,macro_bucket,1,24,False,0.08812500000000001,0.8771476856076359,0.1053024645257655,4.0,0.13,,0.0,10.255416666666667,0.0,0.925,,,M?,Unknown,False,unsched_macro
hormuz_strike_pipeline_shutdown,KXCPI-26SEP-T-0.1,unscheduled_macro,macro_bucket,3,24,False,0.14812499999999995,2.5494335017013983,0.1769977595220313,4.0,0.09000000000000001,,18.0,10.255416666666667,18.0,0.925,,,M?,Unknown,False,unsched_macro
hormuz_strike_pipeline_shutdown,KXCPI-26SEP-T-0.1,unscheduled_macro,macro_bucket,5,24,False,0.14812499999999995,2.5494335017013983,0.1769977595220313,4.0,0.05800000000000001,,23.04,10.255416666666667,23.040000000000077,0.925,,,M?,Unknown,True,unsched_macro
hormuz_strike_pipeline_shutdown,KXCPI-26SEP-T0.0,unscheduled_macro,macro_bucket,1,21,False,0.1561904761904761,1.3567410533687447,0.20184615384615373,4.0,0.12,,0.0,29.166190476190476,0.0,0.94,,,M?,Unknown,False,unsched_macro
hormuz_strike_pipeline_shutdown,KXCPI-26SEP-T0.0,unscheduled_macro,macro_bucket,3,21,False,0.21119047619047615,2.954643149340681,0.2729230769230769,4.0,0.06999999999999999,,6.0,29.166190476190476,6.0,0.94,,,M?,Unknown,True,unsched_macro
hormuz_strike_pipeline_shutdown,KXCPI-26SEP-T0.0,unscheduled_macro,macro_bucket,5,21,False,0.21119047619047615,2.954643149340681,0.2729230769230769,4.0,0.046,,11.04,29.166190476190476,11.039999999999964,0.94,,,M?,Unknown,True,unsched_macro
hormuz_strike_pipeline_shutdown,KXCPICORE-26OCT-T0.1,unscheduled_macro,macro_bucket,3,19,False,0.19894736842105265,1.766182627438405,0.2666666666666667,52.0,0.14,,0.0,0.0,0.0,0.8,,,M?,Unknown,False,unsched_macro
hormuz_strike_pipeline_shutdown,KXCPICORE-26OCT-T0.1,unscheduled_macro,macro_bucket,5,19,False,0.16894736842105273,1.298603693962339,0.2264550264550266,52.0,0.09,,116.0,0.0,115.0,0.8,,,M?,Unknown,False,unsched_macro
hormuz_strike_pipeline_shutdown,KXCPICORE-26SEP-T0.1,unscheduled_macro,macro_bucket,1,20,False,-0.01474999999999993,-0.08665651368020977,-0.018676796454574145,4.0,0.29000000000000004,,0.0,0.0,0.0,0.775,,,M?,Unknown,False,unsched_macro
hormuz_strike_pipeline_shutdown,KXCPICORE-26SEP-T0.1,unscheduled_macro,macro_bucket,3,20,False,0.03025000000000011,0.1929283485389519,0.03830326052548289,52.0,0.21333333333333335,,0.0,0.0,0.0,0.775,,,M?,Unknown,False,unsched_macro
hormuz_strike_pipeline_shutdown,KXCPICORE-26SEP-T0.1,unscheduled_macro,macro_bucket,5,20,False,0.12025000000000008,0.9902157883514942,0.15226337448559682,100.0,0.138,,1441.22,0.0,1190.22,0.775,,,M?,Unknown,False,unsched_macro
hormuz_strike_pipeline_shutdown,KXCPI-26SEP-T0.6,unscheduled_macro,macro_bucket,1,25,False,-0.07480000000000003,-0.46770993698854046,-0.3119266055045873,4.0,0.15,,8.0,2166.2552,0.0,0.21,,,M?,Unknown,False,unsched_macro
hormuz_strike_pipeline_shutdown,KXCPI-26SEP-T0.6,unscheduled_macro,macro_bucket,3,25,False,-0.08480000000000001,-0.5421351964761927,-0.35362802335279403,4.0,0.10666666666666667,,1635.03,2166.2552,1420.33,0.21,,,M?,Unknown,False,unsched_macro
hormuz_strike_pipeline_shutdown,KXCPI-26SEP-T0.6,unscheduled_macro,macro_bucket,5,25,False,0.0252,0.13363564073512002,0.10508757297748123,100.0,0.068,,9246.04,2166.2552,6405.97,0.21,,,M?,Unknown,True,unsched_macro
hormuz_strike_pipeline_shutdown,KXCPI-26SEP-T-0.4,unscheduled_macro,macro_bucket,1,19,False,0.09000000000000008,1.4836685251450672,0.10227272727272738,4.0,0.020000000000000018,,59.0,12.052631578947368,0.0,0.95,,,M?,Unknown,True,unsched_macro
hormuz_strike_pipeline_shutdown,KXCPI-26SEP-T-0.4,unscheduled_macro,macro_bucket,3,19,False,0.1150000000000001,3.300874660034286,0.13068181818181832,4.0,0.020000000000000018,,1758.9,12.052631578947368,1572.9,0.95,,,M?,Unknown,True,unsched_macro
hormuz_strike_pipeline_shutdown,KXCPI-26SEP-T-0.4,unscheduled_macro,macro_bucket,5,19,False,0.1150000000000001,3.300874660034286,0.13068181818181832,4.0,0.018000000000000016,,1791.9,12.052631578947368,1584.9,0.95,,,M?,Unknown,True,unsched_macro
hormuz_strike_pipeline_shutdown,KXCPI-26SEP-T-0.3,unscheduled_macro,macro_bucket,1,22,False,0.07886363636363636,1.0333952175136367,0.09052961127054526,4.0,0.05999999999999994,,0.0,0.22681818181818184,0.0,0.9450000000000001,,,M?,Unknown,True,unsched_macro
hormuz_strike_pipeline_shutdown,KXCPI-26SEP-T-0.3,unscheduled_macro,macro_bucket,3,22,False,0.1238636363636364,3.382261063071689,0.14218627706757114,4.0,0.04,,1536.76,0.22681818181818184,1533.76,0.9450000000000001,,,M?,Unknown,True,unsched_macro
hormuz_strike_pipeline_shutdown,KXCPI-26SEP-T-0.3,unscheduled_macro,macro_bucket,5,22,False,0.1238636363636364,3.382261063071689,0.14218627706757114,4.0,0.028000000000000004,,1539.76,0.22681818181818184,1536.76,0.9450000000000001,,,M?,Unknown,True,unsched_macro
hormuz_strike_pipeline_shutdown,KXCPI-26SEP-T-0.2,unscheduled_macro,macro_bucket,1,22,False,0.10772727272727267,1.2692025328279388,0.1279007015650296,4.0,0.05999999999999994,,250.0,27.045454545454547,0.0,0.9199999999999999,,,M?,Unknown,True,unsched_macro
hormuz_strike_pipeline_shutdown,KXCPI-26SEP-T-0.2,unscheduled_macro,macro_bucket,3,22,False,0.1527272727272727,3.618068378385991,0.18132757690232054,4.0,0.03666666666666666,,1942.86,27.045454545454547,1658.86,0.9199999999999999,,,M?,Unknown,True,unsched_macro
hormuz_strike_pipeline_shutdown,KXCPI-26SEP-T-0.2,unscheduled_macro,macro_bucket,5,22,False,0.1527272727272727,3.618068378385991,0.18132757690232054,4.0,0.028000000000000004,,3603.8599999999997,27.045454545454547,3043.37,0.9199999999999999,,,M?,Unknown,True,unsched_macro
hormuz_strike_pipeline_shutdown,KXCPI-26NOV-T0.5,unscheduled_macro,macro_bucket,3,8,False,-0.15499999999999997,-0.8089193569021063,-0.4492753623188405,52.0,0.12,,0.0,17.05,0.0,,,,M?,Unknown,False,unsched_macro
hormuz_strike_pipeline_shutdown,KXCPI-26NOV-T0.5,unscheduled_macro,macro_bucket,5,8,False,-0.175,-0.9445364451364899,-0.5072463768115942,52.0,0.056666666666666664,,4.0,17.05,0.0,,,,M?,Unknown,True,unsched_macro
hormuz_strike_pipeline_shutdown,KXCPI-26NOV-T0.4,unscheduled_macro,macro_bucket,1,5,True,-0.08999999999999997,-0.4353180712578454,-0.2647058823529411,4.0,0.25,,1.0,72.52941176470588,0.0,0.25,,,M?,Unknown,False,unsched_macro
hormuz_strike_pipeline_shutdown,KXCPI-26NOV-T0.4,unscheduled_macro,macro_bucket,3,5,True,-0.05499999999999994,-0.25649914501509263,-0.16176470588235278,4.0,0.16,,40.0,72.52941176470588,39.0,0.25,,,M?,Unknown,False,unsched_macro
hormuz_strike_pipeline_shutdown,KXCPI-26NOV-T0.4,unscheduled_macro,macro_bucket,5,5,True,-0.07499999999999996,-0.3568464558163501,-0.22058823529411753,4.0,0.085,,45.0,72.52941176470588,40.0,0.25,,,M?,Unknown,False,unsched_macro
hormuz_strike_pipeline_shutdown,KXCPI-26NOV-T0.3,unscheduled_macro,macro_bucket,1,23,False,0.03369565217391307,0.13729240986606747,0.08093994778067892,4.0,0.5599999999999999,,12.0,10.599565217391303,0.0,0.44,,,M?,Unknown,False,unsched_macro
hormuz_strike_pipeline_shutdown,KXCPI-26NOV-T0.3,unscheduled_macro,macro_bucket,3,23,False,0.038695652173913075,0.15747472961592518,0.0929503916449087,4.0,0.37000000000000005,,12.0,10.599565217391303,0.0,0.44,,,M?,Unknown,False,unsched_macro
hormuz_strike_pipeline_shutdown,KXCPI-26NOV-T0.3,unscheduled_macro,macro_bucket,5,23,False,-0.046304347826086945,-0.1942537084190895,-0.11122715404699736,100.0,0.24000000000000005,,1354.0,10.599565217391303,721.01,0.44,,,M?,Unknown,False,unsched_macro
hormuz_strike_pipeline_shutdown,KXCPI-26NOV-T0.2,unscheduled_macro,macro_bucket,1,20,False,-0.02574999999999994,-0.10558699975801589,-0.043588658484976624,4.0,0.45,,101.0,8.826086956521738,0.0,0.64,,,M?,Unknown,False,unsched_macro
hormuz_strike_pipeline_shutdown,KXCPI-26NOV-T0.2,unscheduled_macro,macro_bucket,3,20,False,0.049250000000000016,0.20829744508778897,0.08336859923825649,52.0,0.2966666666666667,,101.0,8.826086956521738,0.0,0.64,,,M?,Unknown,False,unsched_macro
hormuz_strike_pipeline_shutdown,KXCPI-26NOV-T0.2,unscheduled_macro,macro_bucket,5,20,False,-0.08074999999999999,-0.32706136520207374,-0.13669064748201437,100.0,0.21200000000000002,,1007.14,8.826086956521738,605.1400000000001,0.64,,,M?,Unknown,False,unsched_macro
hormuz_strike_pipeline_shutdown,KXCPI-26NOV-T0.1,unscheduled_macro,macro_bucket,1,17,False,-0.06852941176470584,-0.34852773968763373,-0.08975346687211089,4.0,0.32999999999999996,,8.0,4.318947368421052,0.0,0.765,,,M?,Unknown,False,unsched_macro
hormuz_strike_pipeline_shutdown,KXCPI-26NOV-T0.1,unscheduled_macro,macro_bucket,3,17,False,0.051470588235294046,0.3107044795175231,0.06741140215716478,52.0,0.20333333333333328,,8.0,4.318947368421052,0.0,0.765,,,M?,Unknown,False,unsched_macro
hormuz_strike_pipeline_shutdown,KXCPI-26NOV-T0.1,unscheduled_macro,macro_bucket,5,17,False,0.03147058823529414,0.1832043268709096,0.04121725731895226,52.0,0.13199999999999998,,368.0,4.318947368421052,172.01,0.765,,,M?,Unknown,False,unsched_macro
hormuz_strike_pipeline_shutdown,KXCPI-26NOV-T-0.1,unscheduled_macro,macro_bucket,1,5,False,-0.0019999999999998908,-0.017800398796314454,-0.0022935779816512514,4.0,0.24,,0.0,1.0,0.0,0.875,,,M?,Unknown,False,unsched_macro
hormuz_strike_pipeline_shutdown,KXCPI-26NOV-T-0.1,unscheduled_macro,macro_bucket,3,5,False,0.06300000000000017,0.7474000994036896,0.07224770642201855,52.0,0.18666666666666665,,0.0,1.0,0.0,0.875,,,M?,Unknown,False,unsched_macro
hormuz_strike_pipeline_shutdown,KXCPI-26NOV-T-0.1,unscheduled_macro,macro_bucket,5,5,False,0.07300000000000006,0.9250925822719096,0.08371559633027531,52.0,0.118,,134.0,1.0,134.0,0.875,,,M?,Unknown,False,unsched_macro
hormuz_strike_pipeline_shutdown,KXCPI-26OCT-T0.5,unscheduled_macro,macro_bucket,3,6,False,-0.07166666666666666,-0.4126862108091709,-0.27388535031847133,52.0,0.12,,0.0,105.38888888888889,0.0,,,,M?,Unknown,False,unsched_macro
hormuz_strike_pipeline_shutdown,KXCPI-26OCT-T0.5,unscheduled_macro,macro_bucket,5,6,False,-0.026666666666666672,-0.14296635498554955,-0.10191082802547773,52.0,0.05333333333333332,,702.01,105.38888888888889,575.0099999999999,,,,M?,Unknown,True,unsched_macro
hormuz_strike_pipeline_shutdown,KXCPI-26OCT-T0.3,unscheduled_macro,macro_bucket,1,24,False,0.05999999999999994,0.2525907526405105,0.1666666666666665,4.0,0.38,,0.0,142.48791666666668,0.0,0.42,,,M?,Unknown,False,unsched_macro
hormuz_strike_pipeline_shutdown,KXCPI-26OCT-T0.3,unscheduled_macro,macro_bucket,3,24,False,0.08499999999999991,0.35447031332336715,0.23611111111111083,4.0,0.27,,0.0,142.48791666666668,0.0,0.42,,,M?,Unknown,False,unsched_macro
hormuz_strike_pipeline_shutdown,KXCPI-26OCT-T0.3,unscheduled_macro,macro_bucket,5,24,False,0.24499999999999994,1.0017068380332812,0.6805555555555554,76.0,0.17,,596.0,142.48791666666668,513.0,0.42,,,M?,Unknown,False,unsched_macro
hormuz_strike_pipeline_shutdown,KXCPI-26OCT-T0.1,unscheduled_macro,macro_bucket,1,17,False,-0.053529411764705936,-0.25628668644371533,-0.0734759790068632,4.0,0.37,,0.0,4.102941176470588,0.0,0.685,,,M?,Unknown,False,unsched_macro
hormuz_strike_pipeline_shutdown,KXCPI-26OCT-T0.1,unscheduled_macro,macro_bucket,3,17,False,-0.09852941176470598,-0.4549573812391997,-0.13524424707307237,4.0,0.26666666666666666,,0.0,4.102941176470588,0.0,0.685,,,M?,Unknown,False,unsched_macro
hormuz_strike_pipeline_shutdown,KXCPI-26OCT-T0.1,unscheduled_macro,macro_bucket,5,17,False,0.19147058823529406,1.4551728403826973,0.26281792490916417,100.0,0.16999999999999998,,964.52,4.102941176470588,820.52,0.685,,,M?,Unknown,False,unsched_macro
hormuz_strike_pipeline_shutdown,KXCPI-26OCT-T-0.1,unscheduled_macro,macro_bucket,1,20,False,-0.07850000000000001,-0.4764212815925133,-0.0947495473747737,4.0,0.28,,152.0,1.8,0.0,0.7949999999999999,,,M?,Unknown,False,unsched_macro
hormuz_strike_pipeline_shutdown,KXCPI-26OCT-T-0.1,unscheduled_macro,macro_bucket,3,20,False,-0.03849999999999998,-0.25010815551702437,-0.04646952323476159,4.0,0.17666666666666667,,261.0,1.8,-19.0,0.7949999999999999,,,M?,Unknown,False,unsched_macro
hormuz_strike_pipeline_shutdown,KXCPI-26OCT-T-0.1,unscheduled_macro,macro_bucket,5,20,False,0.09650000000000003,0.9372720537154922,0.11647555823777915,100.0,0.11199999999999999,,837.52,1.8,172.51999999999998,0.7949999999999999,,,M?,Unknown,False,unsched_macro
hormuz_strike_pipeline_shutdown,KXCPI-26OCT-T0.0,unscheduled_macro,macro_bucket,1,16,False,-0.020312499999999956,-0.12258225849071414,-0.02538071065989842,4.0,0.30000000000000004,,0.0,0.8125,0.0,0.78,,,M?,Unknown,False,unsched_macro
hormuz_strike_pipeline_shutdown,KXCPI-26OCT-T0.0,unscheduled_macro,macro_bucket,3,16,False,-0.04031249999999997,-0.23556912188360468,-0.050370948848106174,4.0,0.20333333333333337,,0.0,0.8125,0.0,0.78,,,M?,Unknown,False,unsched_macro
hormuz_strike_pipeline_shutdown,KXCPI-26OCT-T0.0,unscheduled_macro,macro_bucket,5,16,False,0.10468750000000004,0.8658094202773952,0.1308082780163999,100.0,0.13,,764.59,0.8125,739.59,0.78,,,M?,Unknown,False,unsched_macro
hormuz_strike_pipeline_shutdown,KXCPI-26SEP-T0.5,unscheduled_macro,macro_bucket,1,19,False,0.048157894736842066,0.21310226121788423,0.1496320523303351,4.0,0.040000000000000036,,374.0,74.75,0.0,0.42000000000000004,,,M?,Unknown,True,unsched_macro
hormuz_strike_pipeline_shutdown,KXCPI-26SEP-T0.5,unscheduled_macro,macro_bucket,3,19,False,0.0881578947368421,0.38135369776378086,0.27391659852820927,4.0,0.02999999999999999,,3764.0,74.75,2404.4700000000003,0.42000000000000004,,,M?,Unknown,True,unsched_macro
hormuz_strike_pipeline_shutdown,KXCPI-26SEP-T0.5,unscheduled_macro,macro_bucket,5,19,False,0.27815789473684205,1.1507841830733567,0.864268192968111,76.0,0.023999999999999987,,16210.76,74.75,11697.56,0.42000000000000004,,,M?,Unknown,True,unsched_macro
hormuz_strike_pipeline_shutdown,KXCPI-26SEP-T0.4,unscheduled_macro,macro_bucket,1,25,False,0.21259999999999996,0.8640481559724106,0.5559623430962342,4.0,0.030000000000000027,,1213.36,98.68,0.0,0.525,,,M?,Unknown,True,unsched_macro
hormuz_strike_pipeline_shutdown,KXCPI-26SEP-T0.4,unscheduled_macro,macro_bucket,3,25,False,0.2826,1.165030326364108,0.7390167364016736,4.0,0.026666666666666655,,3412.2299999999996,98.68,1037.7800000000002,0.525,,,M?,Unknown,True,unsched_macro
hormuz_strike_pipeline_shutdown,KXCPI-26SEP-T0.4,unscheduled_macro,macro_bucket,5,25,False,0.47759999999999997,2.294663784171569,1.2489539748953973,28.0,0.03800000000000001,,10353.509999999998,98.68,5397.469999999999,0.525,,,M?,Unknown,True,unsched_macro
hormuz_strike_pipeline_shutdown,KXCPI-26SEP-T0.3,unscheduled_macro,macro_bucket,1,25,False,0.4068,2.0250458881250495,0.8878219118288957,4.0,0.050000000000000044,,309.82,29.471999999999998,0.0,0.7,,,M?,Unknown,True,unsched_macro
hormuz_strike_pipeline_shutdown,KXCPI-26SEP-T0.3,unscheduled_macro,macro_bucket,3,25,False,0.46680000000000005,2.679896783607715,1.018769096464426,4.0,0.0433333333333333,,1463.63,29.471999999999998,809.49,0.7,,,M?,Unknown,True,unsched_macro
hormuz_strike_pipeline_shutdown,KXCPI-26SEP-T0.3,unscheduled_macro,macro_bucket,5,25,False,0.5218,4.059411457742225,1.1388040157136623,4.0,0.03599999999999999,,2829.2,29.471999999999998,1576.4099999999999,0.7,,,M?,Unknown,True,unsched_macro
hormuz_strike_pipeline_shutdown,KXCPI-26SEP-T0.2,unscheduled_macro,macro_bucket,1,25,False,0.3347999999999999,2.098189842578606,0.5721120984278877,4.0,0.14,,0.0,43.1356,0.0,0.9099999999999999,,,M?,Unknown,False,unsched_macro
hormuz_strike_pipeline_shutdown,KXCPI-26SEP-T0.2,unscheduled_macro,macro_bucket,3,25,False,0.3697999999999999,2.710891657919812,0.6319207108680791,4.0,0.10000000000000002,,196.04,43.1356,-73.96000000000004,0.9099999999999999,,,M?,Unknown,False,unsched_macro
hormuz_strike_pipeline_shutdown,KXCPI-26SEP-T0.2,unscheduled_macro,macro_bucket,5,25,False,0.39979999999999993,3.8404342472792803,0.6831852358168146,4.0,0.06400000000000002,,4649.13,43.1356,3822.09,0.9099999999999999,,,M?,Unknown,True,unsched_macro
hormuz_strike_pipeline_shutdown,KXCPI-26SEP-T0.1,unscheduled_macro,macro_bucket,1,23,False,0.1741304347826087,1.2234582733574846,0.2398921832884097,4.0,0.17999999999999994,,21.0,55.56521739130435,0.0,0.9,,,M?,Unknown,False,unsched_macro
hormuz_strike_pipeline_shutdown,KXCPI-26SEP-T0.1,unscheduled_macro,macro_bucket,3,23,False,0.24913043478260866,2.6897953421509104,0.3432165318957771,4.0,0.11666666666666665,,345.47,55.56521739130435,292.30000000000007,0.9,,,M?,Unknown,False,unsched_macro
hormuz_strike_pipeline_shutdown,KXCPI-26SEP-T0.1,unscheduled_macro,macro_bucket,5,23,False,0.25913043478260867,3.2108251360911426,0.3569931117100928,4.0,0.074,,2348.51,55.56521739130435,2295.34,0.9,,,M?,Unknown,True,unsched_macro
hormuz_strike_pipeline_shutdown,KXCPICORE-26NOV-T0.3,unscheduled_macro,macro_bucket,1,9,False,-0.024999999999999967,-0.11745064409606853,-0.07812499999999989,4.0,0.47000000000000003,,0.0,0.09555555555555556,0.0,0.29500000000000004,,,M?,Unknown,False,unsched_macro
hormuz_strike_pipeline_shutdown,KXCPICORE-26NOV-T0.3,unscheduled_macro,macro_bucket,3,9,False,-0.03500000000000003,-0.16602156004897717,-0.1093750000000001,4.0,0.3,,0.0,0.09555555555555556,0.0,0.29500000000000004,,,M?,Unknown,False,unsched_macro
hormuz_strike_pipeline_shutdown,KXCPICORE-26NOV-T0.3,unscheduled_macro,macro_bucket,5,9,False,-0.05499999999999999,-0.2663688708502344,-0.17187499999999997,52.0,0.16249999999999998,,121.0,0.09555555555555556,121.0,0.29500000000000004,,,M?,Unknown,False,unsched_macro
hormuz_strike_pipeline_shutdown,KXCPICORE-26NOV-T0.2,unscheduled_macro,macro_bucket,1,25,False,0.022800000000000042,0.10143101631284046,0.035228677379480905,4.0,0.52,,0.0,0.0,0.0,0.665,,,M?,Unknown,False,unsched_macro
hormuz_strike_pipeline_shutdown,KXCPICORE-26NOV-T0.2,unscheduled_macro,macro_bucket,3,25,False,-0.012199999999999989,-0.053026396301445455,-0.018850432632880082,52.0,0.3866666666666667,,0.0,0.0,0.0,0.665,,,M?,Unknown,False,unsched_macro
hormuz_strike_pipeline_shutdown,KXCPICORE-26NOV-T0.2,unscheduled_macro,macro_bucket,5,25,False,-0.10220000000000007,-0.4262656658993521,-0.15791100123609406,76.0,0.27,,1255.04,0.0,980.04,0.665,,,M?,Unknown,False,unsched_macro
hormuz_strike_pipeline_shutdown,KXCPICORE-26NOV-T0.1,unscheduled_macro,macro_bucket,1,24,False,-0.0010416666666667185,-0.007231996806926322,-0.0012610340479193565,4.0,0.30999999999999994,,0.0,0.0,0.0,0.8200000000000001,,,M?,Unknown,False,unsched_macro
hormuz_strike_pipeline_shutdown,KXCPICORE-26NOV-T0.1,unscheduled_macro,macro_bucket,3,24,False,0.013958333333333406,0.10039866738544023,0.016897856242118627,52.0,0.245,,0.01,0.0,-0.00999999999999801,0.8200000000000001,,,M?,Unknown,False,unsched_macro
hormuz_strike_pipeline_shutdown,KXCPICORE-26NOV-T0.1,unscheduled_macro,macro_bucket,5,24,False,0.06395833333333334,0.5329116877156765,0.07742749054224465,76.0,0.1375,,0.01,0.0,-0.00999999999999801,0.8200000000000001,,,M?,Unknown,False,unsched_macro
hormuz_strike_pipeline_shutdown,KXCPICORE-26NOV-T0.0,unscheduled_macro,macro_bucket,3,14,False,0.020714285714285685,0.17194899797833152,0.02439024390243899,52.0,0.21999999999999997,,0.0,0.0,0.0,0.845,,,M?,Unknown,False,unsched_macro
hormuz_strike_pipeline_shutdown,KXCPICORE-26NOV-T0.0,unscheduled_macro,macro_bucket,5,14,False,0.11571428571428566,1.5877702766348558,0.13624894869638346,76.0,0.11333333333333333,,0.0,0.0,0.0,0.845,,,M?,Unknown,False,unsched_macro
hormuz_strike_pipeline_shutdown,KXCPICORE-26OCT-T0.3,unscheduled_macro,macro_bucket,1,8,False,-0.010624999999999996,-0.04486240405726022,-0.027199999999999988,4.0,0.43999999999999995,,0.0,0.18,0.0,0.37,,,M?,Unknown,False,unsched_macro
hormuz_strike_pipeline_shutdown,KXCPICORE-26OCT-T0.3,unscheduled_macro,macro_bucket,3,8,False,0.06437499999999996,0.26419744554915175,0.1647999999999999,52.0,0.30000000000000004,,0.0,0.18,0.0,0.37,,,M?,Unknown,False,unsched_macro
hormuz_strike_pipeline_shutdown,KXCPICORE-26OCT-T0.3,unscheduled_macro,macro_bucket,5,8,False,-0.18562499999999998,-0.9106463142544781,-0.47519999999999996,100.0,0.19200000000000003,,1130.32,0.18,1061.04,0.37,,,M?,Unknown,False,unsched_macro
hormuz_strike_pipeline_shutdown,KXCPICORE-26OCT-T0.2,unscheduled_macro,macro_bucket,1,19,False,0.01947368421052631,0.08312529047672046,0.031637451902522436,4.0,0.38999999999999996,,0.0,0.0,0.0,0.635,,,M?,Unknown,False,unsched_macro
hormuz_strike_pipeline_shutdown,KXCPICORE-26OCT-T0.2,unscheduled_macro,macro_bucket,3,19,False,-0.03552631578947363,-0.14782896257042832,-0.05771697306541248,52.0,0.25999999999999995,,17.69,0.0,14.999999999999998,0.635,,,M?,Unknown,False,unsched_macro
hormuz_strike_pipeline_shutdown,KXCPICORE-26OCT-T0.2,unscheduled_macro,macro_bucket,5,19,False,-0.05052631578947375,-0.20912265477572312,-0.08208636169303132,52.0,0.15999999999999995,,97.69,0.0,71.69000000000001,0.635,,,M?,Unknown,False,unsched_macro
hormuz_strike_pipeline_shutdown,KXCPICORE-26OCT-T0.0,unscheduled_macro,macro_bucket,3,21,False,0.14166666666666683,1.7776836167737173,0.17206477732793546,52.0,0.16499999999999998,,0.0,0.0,0.0,0.83,,,M?,Unknown,False,unsched_macro
hormuz_strike_pipeline_shutdown,KXCPICORE-26OCT-T0.0,unscheduled_macro,macro_bucket,5,21,False,0.11166666666666691,1.127062836317197,0.1356275303643728,52.0,0.10749999999999996,,176.0,0.0,38.0,0.83,,,M?,Unknown,False,unsched_macro
hormuz_strike_pipeline_shutdown,KXCPICORE-26SEP-T0.2,unscheduled_macro,macro_bucket,1,20,False,-0.22875000000000012,-0.9332172670151042,-0.385263157894737,4.0,0.22999999999999998,,0.0,0.0,0.0,0.365,,,M?,Unknown,False,unsched_macro
hormuz_strike_pipeline_shutdown,KXCPICORE-26SEP-T0.2,unscheduled_macro,macro_bucket,3,20,False,-0.2037500000000001,-0.8268018397485689,-0.3431578947368422,4.0,0.17333333333333334,,6.0,0.0,6.0,0.365,,,M?,Unknown,False,unsched_macro
hormuz_strike_pipeline_shutdown,KXCPICORE-26SEP-T0.2,unscheduled_macro,macro_bucket,5,20,False,-0.1987500000000001,-0.8058323148346236,-0.3347368421052633,4.0,0.11200000000000002,,2023.1100000000001,0.0,1239.73,0.365,,,M?,Unknown,False,unsched_macro
hormuz_strike_pipeline_shutdown,KXCPICORE-26SEP-T0.0,unscheduled_macro,macro_bucket,1,16,False,0.07968749999999991,0.7012946129573516,0.0965543354789851,4.0,0.18999999999999995,,0.0,0.0,0.0,0.905,,,M?,Unknown,False,unsched_macro
hormuz_strike_pipeline_shutdown,KXCPICORE-26SEP-T0.0,unscheduled_macro,macro_bucket,3,16,False,0.08968749999999992,0.8235093696431715,0.10867095797046562,4.0,0.12999999999999998,,124.0,0.0,104.0,0.905,,,M?,Unknown,False,unsched_macro
hormuz_strike_pipeline_shutdown,KXCPICORE-26SEP-T0.0,unscheduled_macro,macro_bucket,5,16,False,0.14968749999999986,2.110798206987612,0.18137069291934854,4.0,0.08199999999999999,,1007.0,0.0,717.44,0.905,,,M?,Unknown,False,unsched_macro
hormuz_strike_pipeline_shutdown,KXFED-27APR-T4.25,unscheduled_macro,macro_bucket,1,25,False,0.12580000000000002,0.5723425336035595,0.4673105497771175,4.0,0.09000000000000002,,0.0,1.88,0.0,0.395,,,M?,Unknown,False,unsched_macro
hormuz_strike_pipeline_shutdown,KXFED-27APR-T4.25,unscheduled_macro,macro_bucket,3,25,False,0.1708,0.7575231699163909,0.6344725111441308,4.0,0.0666666666666667,,16.75,1.88,16.25,0.395,,,M?,Unknown,True,unsched_macro
hormuz_strike_pipeline_shutdown,KXFED-27APR-T4.25,unscheduled_macro,macro_bucket,5,25,False,0.1758,0.7777913951530848,0.6530460624071323,4.0,0.09250000000000003,,25.75,1.88,25.250000000000227,0.395,,,M?,Unknown,False,unsched_macro
hormuz_strike_pipeline_shutdown,KXFED-27APR-T4.00,unscheduled_macro,macro_bucket,1,25,False,0.12940000000000013,0.5205784985406049,0.2936904221516118,4.0,0.12,,0.0,8.8192,0.0,0.5700000000000001,,,M?,Unknown,False,unsched_macro
hormuz_strike_pipeline_shutdown,KXFED-27APR-T4.00,unscheduled_macro,macro_bucket,3,25,False,0.14440000000000003,0.5820606734007749,0.327734906945075,4.0,0.06666666666666665,,18.08,8.8192,18.079999999999927,0.5700000000000001,,,M?,Unknown,True,unsched_macro
hormuz_strike_pipeline_shutdown,KXFED-27APR-T4.00,unscheduled_macro,macro_bucket,5,25,False,0.30440000000000006,1.3108480196207501,0.690876078075352,76.0,0.088,,97.86,8.8192,85.8599999999999,0.5700000000000001,,,M?,Unknown,False,unsched_macro
hormuz_strike_pipeline_shutdown,KXFED-27APR-T3.75,unscheduled_macro,macro_bucket,1,25,False,0.05580000000000007,0.2296570065665556,0.10068567304222314,4.0,0.12,,0.0,6.4576,0.0,0.6100000000000001,,,M?,Unknown,False,unsched_macro
hormuz_strike_pipeline_shutdown,KXFED-27APR-T3.75,unscheduled_macro,macro_bucket,3,25,False,0.06579999999999997,0.27189301384159614,0.11872970046914465,4.0,0.10666666666666669,,0.0,6.4576,0.0,0.6100000000000001,,,M?,Unknown,False,unsched_macro
hormuz_strike_pipeline_shutdown,KXFED-27APR-T3.75,unscheduled_macro,macro_bucket,5,25,False,0.2507999999999999,1.2001875073777066,0.4525442078671958,100.0,0.11800000000000004,,136.5,6.4576,24.069999999999936,0.6100000000000001,,,M?,Unknown,False,unsched_macro
hormuz_strike_pipeline_shutdown,KXFED-27APR-T3.50,unscheduled_macro,macro_bucket,1,25,False,0.07880000000000009,0.33737824586543874,0.13442511088365763,4.0,0.06999999999999995,,0.0,9.5752,0.0,0.665,,,M?,Unknown,True,unsched_macro
hormuz_strike_pipeline_shutdown,KXFED-27APR-T3.50,unscheduled_macro,macro_bucket,3,25,False,0.07880000000000009,0.33737824586543874,0.13442511088365763,4.0,0.06999999999999995,,0.0,9.5752,0.0,0.665,,,M?,Unknown,True,unsched_macro
hormuz_strike_pipeline_shutdown,KXFED-27APR-T3.50,unscheduled_macro,macro_bucket,5,25,False,0.2238000000000001,1.1017319125406495,0.38178096212896645,100.0,0.09599999999999997,,30.0,9.5752,4.0,0.665,,,M?,Unknown,False,unsched_macro
hormuz_strike_pipeline_shutdown,KXFED-27APR-T3.25,unscheduled_macro,macro_bucket,1,25,False,-0.022600000000000064,-0.09953817485036598,-0.03410805916088147,4.0,0.06000000000000005,,0.0,15.355599999999999,0.0,0.65,,,M?,Unknown,True,unsched_macro
hormuz_strike_pipeline_shutdown,KXFED-27APR-T3.25,unscheduled_macro,macro_bucket,3,25,False,0.057399999999999896,0.2695592890869234,0.08662843344400828,52.0,0.08000000000000003,,272.44,15.355599999999999,242.44000000000005,0.65,,,M?,Unknown,False,unsched_macro
hormuz_strike_pipeline_shutdown,KXFED-27APR-T3.25,unscheduled_macro,macro_bucket,5,25,False,0.1823999999999999,1.021009190683999,0.2752792031391486,100.0,0.07400000000000002,,304.19,15.355599999999999,274.19000000000005,0.65,,,M?,Unknown,True,unsched_macro
hormuz_strike_pipeline_shutdown,KXFED-27APR-T3.00,unscheduled_macro,macro_bucket,1,25,False,0.0252,0.13356541490912233,0.03429504627109418,4.0,0.19999999999999996,,0.0,7.070799999999999,0.0,0.765,,,M?,Unknown,False,unsched_macro
hormuz_strike_pipeline_shutdown,KXFED-27APR-T3.00,unscheduled_macro,macro_bucket,3,25,False,0.010199999999999987,0.053006578191870046,0.01388132825258572,4.0,0.15666666666666665,,288.52,7.070799999999999,261.9000000000001,0.765,,,M?,Unknown,False,unsched_macro
hormuz_strike_pipeline_shutdown,KXFED-27APR-T3.00,unscheduled_macro,macro_bucket,5,25,False,0.1602,1.1237492730880692,0.21801850843767012,76.0,0.12199999999999997,,305.52,7.070799999999999,278.9000000000001,0.765,,,M?,Unknown,False,unsched_macro
hormuz_strike_pipeline_shutdown,KXFED-27APR-T2.75,unscheduled_macro,macro_bucket,1,25,False,0.007799999999999918,0.05091420129958335,0.009663032705649055,4.0,0.2699999999999999,,0.0,9.466000000000001,0.0,0.81,,,M?,Unknown,False,unsched_macro
hormuz_strike_pipeline_shutdown,KXFED-27APR-T2.75,unscheduled_macro,macro_bucket,3,25,False,-0.027200000000000002,-0.1662517135316781,-0.03369672943508424,52.0,0.2266666666666666,,247.09,9.466000000000001,236.08999999999992,0.81,,,M?,Unknown,False,unsched_macro
hormuz_strike_pipeline_shutdown,KXFED-27APR-T2.75,unscheduled_macro,macro_bucket,5,25,False,0.1127999999999999,1.0104289485062492,0.13974231912784923,100.0,0.16799999999999998,,276.06,9.466000000000001,265.05999999999995,0.81,,,M?,Unknown,False,unsched_macro
hormuz_strike_pipeline_shutdown,KXFED-27APR-T2.50,unscheduled_macro,macro_bucket,1,25,False,-0.041000000000000036,-0.2482098331312368,-0.05055487053020966,4.0,0.32000000000000006,,0.0,8.1052,0.0,0.77,,,M?,Unknown,False,unsched_macro
hormuz_strike_pipeline_shutdown,KXFED-27APR-T2.50,unscheduled_macro,macro_bucket,3,25,False,0.09899999999999987,0.8571138901248587,0.12207151664611574,52.0,0.24333333333333337,,503.64,8.1052,399.6400000000001,0.77,,,M?,Unknown,False,unsched_macro
hormuz_strike_pipeline_shutdown,KXFED-27APR-T2.50,unscheduled_macro,macro_bucket,5,25,False,0.11399999999999999,1.0557845849203442,0.14056720098643646,52.0,0.192,,507.64,8.1052,399.6400000000001,0.77,,,M?,Unknown,False,unsched_macro
hormuz_strike_pipeline_shutdown,KXFED-27APR-T2.25,unscheduled_macro,macro_bucket,1,25,False,0.031200000000000117,0.1879488402704248,0.04032049625226172,4.0,0.25,,0.0,5.4,0.0,0.765,,,M?,Unknown,False,unsched_macro
hormuz_strike_pipeline_shutdown,KXFED-27APR-T2.25,unscheduled_macro,macro_bucket,3,25,False,-0.07379999999999998,-0.3825960181971886,-0.09537348151977253,52.0,0.36999999999999994,,27.85,5.4,27.84999999999991,0.765,,,M?,Unknown,False,unsched_macro
hormuz_strike_pipeline_shutdown,KXFED-27APR-T2.25,unscheduled_macro,macro_bucket,5,25,False,0.17120000000000013,1.6139578636768808,0.22124579994830723,100.0,0.352,,130.41,5.4,121.12999999999988,0.765,,,M?,Unknown,False,unsched_macro
hormuz_strike_pipeline_shutdown,KXFED-27APR-T2.00,unscheduled_macro,macro_bucket,1,25,False,0.052999999999999936,0.330958491340831,0.06865284974093255,4.0,0.2899999999999999,,0.0,3.32,0.0,0.805,,,M?,Unknown,False,unsched_macro
hormuz_strike_pipeline_shutdown,KXFED-27APR-T2.00,unscheduled_macro,macro_bucket,3,25,False,-0.16700000000000004,-0.7932962279406159,-0.2163212435233161,52.0,0.41999999999999993,,0.0,3.32,0.0,0.805,,,M?,Unknown,False,unsched_macro
hormuz_strike_pipeline_shutdown,KXFED-27APR-T2.00,unscheduled_macro,macro_bucket,5,25,False,0.16799999999999993,1.5318963919716124,0.21761658031088074,100.0,0.4159999999999999,,19.15,3.32,19.149999999999864,0.805,,,M?,Unknown,False,unsched_macro
hormuz_strike_pipeline_shutdown,KXFED-27APR-T1.75,unscheduled_macro,macro_bucket,1,25,False,-0.12580000000000002,-0.6520629343377772,-0.1580799195777834,4.0,0.5599999999999999,,0.0,1.5475999999999999,0.0,0.6699999999999999,,,M?,Unknown,False,unsched_macro
hormuz_strike_pipeline_shutdown,KXFED-27APR-T1.75,unscheduled_macro,macro_bucket,3,25,False,-0.15579999999999994,-0.7848838473587009,-0.19577783362653928,4.0,0.5999999999999999,,6.94,1.5475999999999999,6.940000000000055,0.6699999999999999,,,M?,Unknown,False,unsched_macro
hormuz_strike_pipeline_shutdown,KXFED-27APR-T1.75,unscheduled_macro,macro_bucket,5,25,False,0.1442,1.3912873207796852,0.18120130686102037,100.0,0.41999999999999993,,14.5,1.5475999999999999,14.5,0.6699999999999999,,,M?,Unknown,False,unsched_macro
hormuz_strike_pipeline_shutdown,KXFED-27APR-T1.50,unscheduled_macro,macro_bucket,1,25,False,-0.0003999999999998449,-0.0026011876075529017,-0.0004935834155970446,4.0,0.2400000000000001,,0.0,0.44,0.0,0.81,,,M?,Unknown,False,unsched_macro
hormuz_strike_pipeline_shutdown,KXFED-27APR-T1.50,unscheduled_macro,macro_bucket,3,25,False,-0.010399999999999854,-0.06631700199366075,-0.012833168805527956,52.0,0.2733333333333334,,16.42,0.44,16.420000000000073,0.81,,,M?,Unknown,False,unsched_macro
hormuz_strike_pipeline_shutdown,KXFED-27APR-T1.50,unscheduled_macro,macro_bucket,5,25,False,0.12960000000000005,1.2989239499283964,0.15992102665350452,100.0,0.21800000000000005,,18.98,0.44,18.980000000000018,0.81,,,M?,Unknown,False,unsched_macro
hormuz_strike_pipeline_shutdown,KXFED-27APR-T1.25,unscheduled_macro,macro_bucket,1,24,False,0.0031249999999999334,0.02103038476093344,0.0038255547054322062,4.0,0.26,,0.0,4.89875,0.0,0.82,,,M?,Unknown,False,unsched_macro
hormuz_strike_pipeline_shutdown,KXFED-27APR-T1.25,unscheduled_macro,macro_bucket,3,24,False,-0.09187500000000004,-0.5259165474190513,-0.11247130833970931,52.0,0.32,,0.0,4.89875,0.0,0.82,,,M?,Unknown,False,unsched_macro
hormuz_strike_pipeline_shutdown,KXFED-27APR-T1.25,unscheduled_macro,macro_bucket,5,24,False,0.10812500000000003,1.0169885193689605,0.1323641928079572,100.0,0.2859999999999999,,28.89,4.89875,18.890000000000327,0.82,,,M?,Unknown,False,unsched_macro
hormuz_strike_pipeline_shutdown,KXFED-27APR-T1.00,unscheduled_macro,macro_bucket,1,25,False,-0.01859999999999995,-0.21554179497440318,-0.020359019264448282,4.0,0.10999999999999999,,0.0,1.76,0.0,0.895,,,M?,Unknown,False,unsched_macro
hormuz_strike_pipeline_shutdown,KXFED-27APR-T1.00,unscheduled_macro,macro_bucket,3,25,False,-0.04859999999999998,-0.5009504345982858,-0.05319614711033273,52.0,0.12666666666666662,,0.0,1.76,0.0,0.895,,,M?,Unknown,False,unsched_macro
hormuz_strike_pipeline_shutdown,KXFED-27APR-T1.00,unscheduled_macro,macro_bucket,5,25,False,0.021400000000000086,0.30775409630131545,0.02342381786339764,100.0,0.10799999999999996,,6.61,1.76,0.0,0.895,,,M?,Unknown,False,unsched_macro
hormuz_strike_pipeline_shutdown,KXFED-27APR-T0.75,unscheduled_macro,macro_bucket,1,25,False,0.05020000000000002,0.5000050997189391,0.05838567108629917,4.0,0.12,,0.0,12.68,0.0,0.9099999999999999,,,M?,Unknown,False,unsched_macro
hormuz_strike_pipeline_shutdown,KXFED-27APR-T0.75,unscheduled_macro,macro_bucket,3,25,False,0.06020000000000003,0.6287172059075128,0.07001628285647829,4.0,0.11333333333333333,,0.0,12.68,0.0,0.9099999999999999,,,M?,Unknown,False,unsched_macro
hormuz_strike_pipeline_shutdown,KXFED-27APR-T0.75,unscheduled_macro,macro_bucket,5,25,False,0.08020000000000005,0.9379054835802574,0.09327750639683655,4.0,0.10599999999999998,,0.0,12.68,0.0,0.9099999999999999,,,M?,Unknown,False,unsched_macro
hormuz_strike_pipeline_shutdown,KXFED-27APR-T0.50,unscheduled_macro,macro_bucket,1,25,False,-0.0020000000000000018,-0.025994055674662064,-0.0021810250817884424,4.0,0.17000000000000004,,0.0,1.9652,0.0,0.905,,,M?,Unknown,False,unsched_macro
hormuz_strike_pipeline_shutdown,KXFED-27APR-T0.50,unscheduled_macro,macro_bucket,3,25,False,-0.01200000000000001,-0.1482088123604819,-0.013086150490730655,28.0,0.18333333333333332,,0.0,1.9652,0.0,0.905,,,M?,Unknown,False,unsched_macro
hormuz_strike_pipeline_shutdown,KXFED-27APR-T0.50,unscheduled_macro,macro_bucket,5,25,False,0.04299999999999993,0.7757869658880776,0.04689203925845139,100.0,0.16399999999999998,,0.0,1.9652,0.0,0.905,,,M?,Unknown,False,unsched_macro
hormuz_strike_pipeline_shutdown,KXFED-27APR-T0.25,unscheduled_macro,macro_bucket,3,22,False,0.045681818181817935,0.9735802739084884,0.04942217850995792,52.0,0.11499999999999999,,59.0,21.18227272727273,2.0,0.94,,,M?,Unknown,False,unsched_macro
hormuz_strike_pipeline_shutdown,KXFED-27APR-T0.25,unscheduled_macro,macro_bucket,5,22,False,0.035681818181817926,0.6755354144211609,0.038603393164494425,52.0,0.09749999999999998,,59.0,21.18227272727273,2.0,0.94,,,M?,Unknown,False,unsched_macro
hormuz_strike_pipeline_shutdown,KXFED-27APR-T0.00,unscheduled_macro,macro_bucket,3,21,False,0.06333333333333313,1.2025011337144766,0.06985294117647035,52.0,0.040000000000000036,,0.0,0.19047619047619047,0.0,0.9199999999999999,,,M?,Unknown,True,unsched_macro
hormuz_strike_pipeline_shutdown,KXFED-27APR-T0.00,unscheduled_macro,macro_bucket,5,21,False,0.05333333333333312,0.9044562742271491,0.05882352941176446,52.0,0.06333333333333331,,0.0,0.19047619047619047,0.0,0.9199999999999999,,,M?,Unknown,True,unsched_macro
hormuz_strike_pipeline_shutdown,KXFED-27MAR-T4.25,unscheduled_macro,macro_bucket,1,24,False,0.06312500000000001,0.7728568324435585,1.0202020202020206,4.0,0.09000000000000001,,11.0,0.2916666666666667,0.0,0.125,,,M?,Unknown,False,unsched_macro
hormuz_strike_pipeline_shutdown,KXFED-27MAR-T4.25,unscheduled_macro,macro_bucket,3,24,False,0.13812500000000003,1.3324726203789814,2.232323232323233,52.0,0.10500000000000001,,279.31,0.2916666666666667,267.30999999999995,0.125,,,M?,Unknown,False,unsched_macro
hormuz_strike_pipeline_shutdown,KXFED-27MAR-T4.25,unscheduled_macro,macro_bucket,5,24,False,0.263125,1.9878794729560796,4.252525252525253,52.0,0.18000000000000002,,498.87,0.2916666666666667,464.30999999999995,0.125,,,M?,Unknown,False,unsched_macro
hormuz_strike_pipeline_shutdown,KXFED-27MAR-T4.00,unscheduled_macro,macro_bucket,1,25,False,0.07180000000000003,0.3057328635232533,0.20920745920745928,4.0,0.29000000000000004,,0.0,0.16,0.0,0.41000000000000003,,,M?,Unknown,False,unsched_macro
hormuz_strike_pipeline_shutdown,KXFED-27MAR-T4.00,unscheduled_macro,macro_bucket,3,25,False,0.11180000000000001,0.46857781481211774,0.3257575757575758,4.0,0.26333333333333336,,0.0,0.16,0.0,0.41000000000000003,,,M?,Unknown,False,unsched_macro
hormuz_strike_pipeline_shutdown,KXFED-27MAR-T4.00,unscheduled_macro,macro_bucket,5,25,False,0.2568,1.0545312986325754,0.7482517482517481,76.0,0.28200000000000003,,790.42,0.16,382.62,0.41000000000000003,,,M?,Unknown,False,unsched_macro
hormuz_strike_pipeline_shutdown,KXFED-27MAR-T3.75,unscheduled_macro,macro_bucket,1,22,False,0.08068181818181824,0.32614176926703264,0.1947339550191993,4.0,0.44999999999999996,,0.0,7.136363636363637,0.0,0.44499999999999995,,,M?,Unknown,False,unsched_macro
hormuz_strike_pipeline_shutdown,KXFED-27MAR-T3.75,unscheduled_macro,macro_bucket,3,22,False,0.12568181818181828,0.5064850860488816,0.30334613274821753,4.0,0.41999999999999993,,0.0,7.136363636363637,0.0,0.44499999999999995,,,M?,Unknown,False,unsched_macro
hormuz_strike_pipeline_shutdown,KXFED-27MAR-T3.75,unscheduled_macro,macro_bucket,5,22,False,0.34568181818181826,1.4988219459120877,0.8343390016456393,100.0,0.346,,11.58,7.136363636363637,9.580000000000041,0.44499999999999995,,,M?,Unknown,False,unsched_macro
hormuz_strike_pipeline_shutdown,KXFED-27MAR-T3.50,unscheduled_macro,macro_bucket,1,22,False,0.19045454545454554,0.8130242072294611,0.37014134275618393,4.0,0.2899999999999999,,185.6,1.585909090909091,0.0,0.6,,,M?,Unknown,False,unsched_macro
hormuz_strike_pipeline_shutdown,KXFED-27MAR-T3.50,unscheduled_macro,macro_bucket,3,22,False,0.16045454545454552,0.6726892692998045,0.3118374558303888,4.0,0.34,,185.6,1.585909090909091,0.0,0.6,,,M?,Unknown,False,unsched_macro
hormuz_strike_pipeline_shutdown,KXFED-27MAR-T3.50,unscheduled_macro,macro_bucket,5,22,False,0.2754545454545455,1.2667271755006106,0.5353356890459365,4.0,0.344,,185.6,1.585909090909091,0.0,0.6,,,M?,Unknown,False,unsched_macro
hormuz_strike_pipeline_shutdown,KXFED-27MAR-T3.25,unscheduled_macro,macro_bucket,1,24,False,0.04437500000000005,0.266240078497582,0.05795918367346946,4.0,0.22000000000000008,,0.0,0.8525,0.0,0.875,,,M?,Unknown,False,unsched_macro
hormuz_strike_pipeline_shutdown,KXFED-27MAR-T3.25,unscheduled_macro,macro_bucket,3,24,False,0.05437500000000006,0.3325773923596722,0.07102040816326538,4.0,0.17666666666666672,,0.0,0.8525,0.0,0.875,,,M?,Unknown,False,unsched_macro
hormuz_strike_pipeline_shutdown,KXFED-27MAR-T3.25,unscheduled_macro,macro_bucket,5,24,False,0.07937499999999997,0.5121414134295104,0.10367346938775507,4.0,0.18400000000000002,,0.0,0.8525,0.0,0.875,,,M?,Unknown,False,unsched_macro
hormuz_strike_pipeline_shutdown,KXFED-27MAR-T3.00,unscheduled_macro,macro_bucket,1,24,False,0.004166666666666652,0.025841231183887148,0.005235602094240819,4.0,0.24,,0.0,0.6666666666666666,0.0,0.79,,,M?,Unknown,False,unsched_macro
hormuz_strike_pipeline_shutdown,KXFED-27MAR-T3.00,unscheduled_macro,macro_bucket,3,24,False,0.019166666666666554,0.12237915822653389,0.02408376963350771,28.0,0.24000000000000002,,0.0,0.6666666666666666,0.0,0.79,,,M?,Unknown,False,unsched_macro
hormuz_strike_pipeline_shutdown,KXFED-27MAR-T3.00,unscheduled_macro,macro_bucket,5,24,False,-0.13083333333333336,-0.6747966211052158,-0.16439790575916233,100.0,0.298,,0.0,0.6666666666666666,0.0,0.79,,,M?,Unknown,False,unsched_macro
hormuz_strike_pipeline_shutdown,KXFED-27MAR-T2.75,unscheduled_macro,macro_bucket,1,23,False,-0.004130434782608661,-0.027065251508560983,-0.0050734312416554975,4.0,0.2400000000000001,,0.0,0.6682608695652174,0.0,0.81,,,M?,Unknown,False,unsched_macro
hormuz_strike_pipeline_shutdown,KXFED-27MAR-T2.75,unscheduled_macro,macro_bucket,3,23,False,0.005869565217391237,0.039272062353528536,0.00720961281708937,28.0,0.22,,0.0,0.6682608695652174,0.0,0.81,,,M?,Unknown,False,unsched_macro
hormuz_strike_pipeline_shutdown,KXFED-27MAR-T2.75,unscheduled_macro,macro_bucket,5,23,False,-0.12913043478260877,-0.7002292275779677,-0.15861148197596805,100.0,0.27199999999999996,,0.0,0.6682608695652174,0.0,0.81,,,M?,Unknown,False,unsched_macro
hormuz_strike_pipeline_shutdown,KXFED-27MAR-T2.50,unscheduled_macro,macro_bucket,1,23,False,0.008478260869565268,0.08075912561462673,0.009672619047619107,4.0,0.1499999999999999,,0.0,0.17391304347826086,0.0,0.88,,,M?,Unknown,False,unsched_macro
hormuz_strike_pipeline_shutdown,KXFED-27MAR-T2.50,unscheduled_macro,macro_bucket,3,23,False,0.008478260869565268,0.08075912561462673,0.009672619047619107,4.0,0.13999999999999993,,0.0,0.17391304347826086,0.0,0.88,,,M?,Unknown,False,unsched_macro
hormuz_strike_pipeline_shutdown,KXFED-27MAR-T2.50,unscheduled_macro,macro_bucket,5,23,False,-0.0765217391304347,-0.5736020299101621,-0.08730158730158721,100.0,0.18199999999999997,,0.0,0.17391304347826086,0.0,0.88,,,M?,Unknown,False,unsched_macro
hormuz_strike_pipeline_shutdown,KXFED-27MAR-T2.25,unscheduled_macro,macro_bucket,1,25,False,-0.0050000000000000044,-0.059576877081245705,-0.005494505494505499,4.0,0.08999999999999997,,0.0,0.12,0.0,0.915,,,M?,Unknown,False,unsched_macro
hormuz_strike_pipeline_shutdown,KXFED-27MAR-T2.25,unscheduled_macro,macro_bucket,3,25,False,-0.0050000000000000044,-0.059576877081245705,-0.005494505494505499,4.0,0.08999999999999997,,0.0,0.12,0.0,0.915,,,M?,Unknown,False,unsched_macro
hormuz_strike_pipeline_shutdown,KXFED-27MAR-T2.25,unscheduled_macro,macro_bucket,5,25,False,0.0050000000000000044,0.06263787960457412,0.005494505494505499,100.0,0.09999999999999998,,0.0,0.12,0.0,0.915,,,M?,Unknown,False,unsched_macro
hormuz_strike_pipeline_shutdown,KXFED-27MAR-T2.00,unscheduled_macro,macro_bucket,1,19,False,0.0015789473684209021,0.025691293346945976,0.0016915703411331906,4.0,0.04999999999999993,,0.0,0.15789473684210525,0.0,0.9299999999999999,,,M?,Unknown,True,unsched_macro
hormuz_strike_pipeline_shutdown,KXFED-27MAR-T2.00,unscheduled_macro,macro_bucket,3,19,False,0.0015789473684209021,0.025691293346945976,0.0016915703411331906,4.0,0.04999999999999993,,0.0,0.15789473684210525,0.0,0.9299999999999999,,,M?,Unknown,True,unsched_macro
hormuz_strike_pipeline_shutdown,KXFED-27MAR-T2.00,unscheduled_macro,macro_bucket,5,19,False,-0.008421052631579107,-0.12816234206998978,-0.009021708486044713,100.0,0.06999999999999995,,0.0,0.15789473684210525,0.0,0.9299999999999999,,,M?,Unknown,True,unsched_macro
hormuz_strike_pipeline_shutdown,KXFED-27MAR-T1.75,unscheduled_macro,macro_bucket,1,22,False,-0.002272727272727204,-0.04102971293523794,-0.0024119633381571876,4.0,0.039999999999999925,,0.0,0.18181818181818182,0.0,0.935,,,M?,Unknown,True,unsched_macro
hormuz_strike_pipeline_shutdown,KXFED-27MAR-T1.75,unscheduled_macro,macro_bucket,3,22,False,-0.002272727272727204,-0.04102971293523794,-0.0024119633381571876,4.0,0.039999999999999925,,0.0,0.18181818181818182,0.0,0.935,,,M?,Unknown,True,unsched_macro
hormuz_strike_pipeline_shutdown,KXFED-27MAR-T1.75,unscheduled_macro,macro_bucket,5,22,False,-0.012272727272727213,-0.20587568187924443,-0.013024602026049142,100.0,0.05999999999999994,,0.0,0.18181818181818182,0.0,0.935,,,M?,Unknown,True,unsched_macro
hormuz_strike_pipeline_shutdown,KXFED-27MAR-T1.50,unscheduled_macro,macro_bucket,1,21,False,0.012380952380952381,0.25609903709493453,0.013134629957059864,4.0,0.010000000000000009,,0.0,0.5095238095238095,0.0,0.965,,,M?,Unknown,True,unsched_macro
hormuz_strike_pipeline_shutdown,KXFED-27MAR-T1.50,unscheduled_macro,macro_bucket,3,21,False,0.012380952380952381,0.25609903709493453,0.013134629957059864,4.0,0.010000000000000009,,0.0,0.5095238095238095,0.0,0.965,,,M?,Unknown,True,unsched_macro
hormuz_strike_pipeline_shutdown,KXFED-27MAR-T1.50,unscheduled_macro,macro_bucket,5,21,False,0.02238095238095239,0.5178302262340964,0.02374336953776207,4.0,0.015000000000000013,,0.0,0.5095238095238095,0.0,0.965,,,M?,Unknown,True,unsched_macro
hormuz_strike_pipeline_shutdown,KXFED-27MAR-T1.25,unscheduled_macro,macro_bucket,1,18,False,-0.0033333333333336324,-0.060698240545078,-0.0035335689045939557,4.0,0.039999999999999925,,0.0,0.1111111111111111,0.0,0.94,,,M?,Unknown,True,unsched_macro
hormuz_strike_pipeline_shutdown,KXFED-27MAR-T1.25,unscheduled_macro,macro_bucket,3,18,False,0.0016666666666664831,0.03161818867424682,0.0017667844522966248,52.0,0.03499999999999992,,0.0,0.1111111111111111,0.0,0.94,,,M?,Unknown,True,unsched_macro
hormuz_strike_pipeline_shutdown,KXFED-27MAR-T1.25,unscheduled_macro,macro_bucket,5,18,False,-0.013333333333333641,-0.2255442094890845,-0.01413427561837488,100.0,0.04499999999999993,,0.0,0.1111111111111111,0.0,0.94,,,M?,Unknown,True,unsched_macro
hormuz_strike_pipeline_shutdown,KXFED-27MAR-T1.00,unscheduled_macro,macro_bucket,1,18,False,-0.0025000000000000577,-0.053921416793821564,-0.0026246719160105594,4.0,0.020000000000000018,,0.0,0.1111111111111111,0.0,0.94,,,M?,Unknown,True,unsched_macro
hormuz_strike_pipeline_shutdown,KXFED-27MAR-T1.00,unscheduled_macro,macro_bucket,3,18,False,-0.0025000000000000577,-0.053921416793821564,-0.0026246719160105594,4.0,0.020000000000000018,,0.0,0.1111111111111111,0.0,0.94,,,M?,Unknown,True,unsched_macro
hormuz_strike_pipeline_shutdown,KXFED-27MAR-T1.00,unscheduled_macro,macro_bucket,5,18,False,-0.012500000000000067,-0.24682508291831295,-0.013123359580052563,100.0,0.03999999999999998,,0.0,0.1111111111111111,0.0,0.94,,,M?,Unknown,True,unsched_macro
hormuz_strike_pipeline_shutdown,KXFED-27MAR-T0.75,unscheduled_macro,macro_bucket,1,15,False,0.007333333333333636,0.17600352945940045,0.007697690692792482,4.0,0.020000000000000018,,0.0,13.466666666666667,0.0,0.95,,,M?,Unknown,True,unsched_macro
hormuz_strike_pipeline_shutdown,KXFED-27MAR-T0.75,unscheduled_macro,macro_bucket,3,15,False,0.007333333333333636,0.17600352945940045,0.007697690692792482,4.0,0.020000000000000018,,0.0,13.466666666666667,0.0,0.95,,,M?,Unknown,True,unsched_macro
hormuz_strike_pipeline_shutdown,KXFED-27MAR-T0.75,unscheduled_macro,macro_bucket,5,15,False,-0.012666666666666382,-0.2505149878465964,-0.013296011196640714,100.0,0.03,,0.0,13.466666666666667,0.0,0.95,,,M?,Unknown,True,unsched_macro
hormuz_strike_pipeline_shutdown,KXFED-27MAR-T0.50,unscheduled_macro,macro_bucket,1,15,False,0.0040000000000000036,0.0994855512148054,0.004184100418410046,4.0,0.020000000000000018,,0.0,0.2,0.0,0.95,,,M?,Unknown,True,unsched_macro
hormuz_strike_pipeline_shutdown,KXFED-27MAR-T0.50,unscheduled_macro,macro_bucket,3,15,False,0.0040000000000000036,0.0994855512148054,0.004184100418410046,4.0,0.020000000000000018,,1.0,0.2,-1.0,0.95,,,M?,Unknown,True,unsched_macro
hormuz_strike_pipeline_shutdown,KXFED-27MAR-T0.50,unscheduled_macro,macro_bucket,5,15,False,-0.010999999999999899,-0.23471653687186667,-0.01150627615062751,100.0,0.03666666666666666,,1.0,0.2,-1.0,0.95,,,M?,Unknown,True,unsched_macro
hormuz_strike_pipeline_shutdown,KXFED-27MAR-T0.25,unscheduled_macro,macro_bucket,1,17,False,0.004705882352941115,0.15057504265090005,0.00487507617306514,4.0,0.040000000000000036,,0.0,0.0,0.0,0.9550000000000001,,,M?,Unknown,True,unsched_macro
hormuz_strike_pipeline_shutdown,KXFED-27MAR-T0.25,unscheduled_macro,macro_bucket,3,17,False,0.004705882352941115,0.15057504265090005,0.00487507617306514,4.0,0.040000000000000036,,0.0,0.0,0.0,0.9550000000000001,,,M?,Unknown,True,unsched_macro
hormuz_strike_pipeline_shutdown,KXFED-27MAR-T0.25,unscheduled_macro,macro_bucket,5,17,False,-0.0052941176470588935,-0.14746981683642746,-0.005484460694698427,100.0,0.04800000000000002,,0.0,0.0,0.0,0.9550000000000001,,,M?,Unknown,True,unsched_macro
hormuz_strike_pipeline_shutdown,KXFED-27MAR-T0.00,unscheduled_macro,macro_bucket,1,16,False,0.0028124999999999956,0.09251585487410008,0.00290791599353796,4.0,0.040000000000000036,,0.0,0.0,0.0,0.9550000000000001,,,M?,Unknown,True,unsched_macro
hormuz_strike_pipeline_shutdown,KXFED-27MAR-T0.00,unscheduled_macro,macro_bucket,3,16,False,0.0028124999999999956,0.09251585487410008,0.00290791599353796,4.0,0.040000000000000036,,0.0,0.0,0.0,0.9550000000000001,,,M?,Unknown,True,unsched_macro
hormuz_strike_pipeline_shutdown,KXFED-27MAR-T0.00,unscheduled_macro,macro_bucket,5,16,False,-0.007187500000000013,-0.20552900461322743,-0.007431340872374812,100.0,0.04800000000000002,,0.0,0.0,0.0,0.9550000000000001,,,M?,Unknown,True,unsched_macro
hormuz_strike_pipeline_shutdown,KXFED-27JAN-T4.25,unscheduled_macro,macro_bucket,1,22,False,0.0579545454545454,0.49979587459176655,0.5414012738853496,4.0,0.15,,0.39,0.045454545454545456,0.0,0.195,,,M?,Unknown,False,unsched_macro
hormuz_strike_pipeline_shutdown,KXFED-27JAN-T4.25,unscheduled_macro,macro_bucket,3,22,False,0.07295454545454541,0.6049346361739529,0.6815286624203816,4.0,0.13999999999999999,,0.39,0.045454545454545456,0.0,0.195,,,M?,Unknown,False,unsched_macro
hormuz_strike_pipeline_shutdown,KXFED-27JAN-T4.25,unscheduled_macro,macro_bucket,5,22,False,0.17295454545454544,1.1768205167011905,1.6157112526539272,100.0,0.11800000000000002,,5.39,0.045454545454545456,-0.38999999999998636,0.195,,,M?,Unknown,False,unsched_macro
hormuz_strike_pipeline_shutdown,KXFED-27JAN-T4.00,unscheduled_macro,macro_bucket,1,25,False,0.21440000000000003,0.9083445221617037,0.7253044654939109,4.0,0.45999999999999996,,134.64,5.3831999999999995,0.0,0.395,,,M?,Unknown,False,unsched_macro
hormuz_strike_pipeline_shutdown,KXFED-27JAN-T4.00,unscheduled_macro,macro_bucket,3,25,False,0.19440000000000002,0.8283338529343053,0.6576454668470908,4.0,0.41999999999999993,,134.64,5.3831999999999995,0.0,0.395,,,M?,Unknown,False,unsched_macro
hormuz_strike_pipeline_shutdown,KXFED-27JAN-T4.00,unscheduled_macro,macro_bucket,5,25,False,0.3244,1.3578874128667104,1.097428958051421,4.0,0.346,,611.74,5.3831999999999995,431.15999999999997,0.395,,,M?,Unknown,False,unsched_macro
hormuz_strike_pipeline_shutdown,KXFED-27JAN-T3.75,unscheduled_macro,macro_bucket,1,24,False,0.2779166666666667,1.2484294261485425,0.5590947191953061,4.0,0.22999999999999998,,124.75,1.7866666666666664,0.0,0.64,,,M?,Unknown,False,unsched_macro
hormuz_strike_pipeline_shutdown,KXFED-27JAN-T3.75,unscheduled_macro,macro_bucket,3,24,False,0.2679166666666667,1.1919571186819924,0.5389773679798827,4.0,0.2133333333333333,,124.75,1.7866666666666664,0.0,0.64,,,M?,Unknown,False,unsched_macro
hormuz_strike_pipeline_shutdown,KXFED-27JAN-T3.75,unscheduled_macro,macro_bucket,5,24,False,0.3179166666666666,1.4944990871621529,0.6395641240569991,4.0,0.20999999999999996,,137.44,1.7866666666666664,2.689999999999941,0.64,,,M?,Unknown,False,unsched_macro
hormuz_strike_pipeline_shutdown,KXFED-27JAN-T3.50,unscheduled_macro,macro_bucket,1,23,False,0.1260869565217393,0.8007225739946737,0.1718009478672988,4.0,0.12,,2.0,13.52913043478261,0.0,0.7749999999999999,,,M?,Unknown,False,unsched_macro
hormuz_strike_pipeline_shutdown,KXFED-27JAN-T3.50,unscheduled_macro,macro_bucket,3,23,False,0.11608695652173928,0.720033662744531,0.1581753554502372,4.0,0.10666666666666665,,22.17,13.52913043478261,20.170000000000073,0.7749999999999999,,,M?,Unknown,False,unsched_macro
hormuz_strike_pipeline_shutdown,KXFED-27JAN-T3.50,unscheduled_macro,macro_bucket,5,23,False,0.09608695652173926,0.5710598710968062,0.13092417061611394,4.0,0.10399999999999998,,328.77000000000004,13.52913043478261,-15.829999999999927,0.7749999999999999,,,M?,Unknown,False,unsched_macro
hormuz_strike_pipeline_shutdown,KXFED-27JAN-T3.25,unscheduled_macro,macro_bucket,1,25,False,0.10640000000000005,0.8764908377547265,0.13323315802654653,4.0,0.08999999999999997,,0.0,3.4784,0.0,0.88,,,M?,Unknown,False,unsched_macro
hormuz_strike_pipeline_shutdown,KXFED-27JAN-T3.25,unscheduled_macro,macro_bucket,3,25,False,0.10139999999999993,0.8196573629915593,0.12697220135236656,4.0,0.07666666666666666,,0.0,3.4784,0.0,0.88,,,M?,Unknown,True,unsched_macro
hormuz_strike_pipeline_shutdown,KXFED-27JAN-T3.25,unscheduled_macro,macro_bucket,5,25,False,0.11140000000000005,0.9360677148359722,0.13949411470072634,4.0,0.06799999999999999,,503.01,3.4784,-140.35000000000036,0.88,,,M?,Unknown,True,unsched_macro
hormuz_strike_pipeline_shutdown,KXFED-27JAN-T3.00,unscheduled_macro,macro_bucket,1,23,False,0.03304347826086973,0.4014219576305589,0.037046063855715516,4.0,0.04999999999999993,,0.0,0.2682608695652174,0.0,0.9299999999999999,,,M?,Unknown,True,unsched_macro
hormuz_strike_pipeline_shutdown,KXFED-27JAN-T3.00,unscheduled_macro,macro_bucket,3,23,False,0.003043478260869703,0.031979701771776003,0.003412137460394988,4.0,0.053333333333333344,,124.0,0.2682608695652174,24.0,0.9299999999999999,,,M?,Unknown,True,unsched_macro
hormuz_strike_pipeline_shutdown,KXFED-27JAN-T3.00,unscheduled_macro,macro_bucket,5,23,False,0.03304347826086973,0.4014219576305589,0.037046063855715516,4.0,0.05199999999999998,,425.92,0.2682608695652174,-15.920000000000073,0.9299999999999999,,,M?,Unknown,True,unsched_macro
hormuz_strike_pipeline_shutdown,KXFED-27JAN-T2.75,unscheduled_macro,macro_bucket,1,24,False,0.048958333333333326,0.6898550052290546,0.05463845617298301,4.0,0.029999999999999916,,0.0,0.16666666666666666,0.0,0.935,,,M?,Unknown,True,unsched_macro
hormuz_strike_pipeline_shutdown,KXFED-27JAN-T2.75,unscheduled_macro,macro_bucket,3,24,False,0.03895833333333332,0.5121625223608328,0.043478260869565195,4.0,0.029999999999999916,,84.0,0.16666666666666666,-56.0,0.935,,,M?,Unknown,True,unsched_macro
hormuz_strike_pipeline_shutdown,KXFED-27JAN-T2.75,unscheduled_macro,macro_bucket,5,24,False,0.03895833333333332,0.5121625223608328,0.043478260869565195,4.0,0.03399999999999992,,116.0,0.16666666666666666,-39.0,0.935,,,M?,Unknown,True,unsched_macro
hormuz_strike_pipeline_shutdown,KXFED-27JAN-T2.50,unscheduled_macro,macro_bucket,1,24,False,0.035208333333333175,0.5708418646475222,0.03848781598724646,4.0,0.020000000000000018,,0.0,1.75,0.0,0.9450000000000001,,,M?,Unknown,True,unsched_macro
hormuz_strike_pipeline_shutdown,KXFED-27JAN-T2.50,unscheduled_macro,macro_bucket,3,24,False,0.025208333333333166,0.3779381985230308,0.02755636529264386,4.0,0.03333333333333329,,609.79,1.75,410.21000000000004,0.9450000000000001,,,M?,Unknown,True,unsched_macro
hormuz_strike_pipeline_shutdown,KXFED-27JAN-T2.50,unscheduled_macro,macro_bucket,5,24,False,0.025208333333333166,0.3779381985230308,0.02755636529264386,4.0,0.03599999999999994,,639.79,1.75,415.77,0.9450000000000001,,,M?,Unknown,True,unsched_macro
hormuz_strike_pipeline_shutdown,KXFED-27JAN-T2.25,unscheduled_macro,macro_bucket,1,22,False,0.024545454545454315,0.4255630293202217,0.026522593320235502,4.0,0.039999999999999925,,0.0,0.22727272727272727,0.0,0.9450000000000001,,,M?,Unknown,True,unsched_macro
hormuz_strike_pipeline_shutdown,KXFED-27JAN-T2.25,unscheduled_macro,macro_bucket,3,22,False,0.014545454545454306,0.23265936319573033,0.015717092337917224,4.0,0.026666666666666578,,0.0,0.22727272727272727,0.0,0.9450000000000001,,,M?,Unknown,True,unsched_macro
hormuz_strike_pipeline_shutdown,KXFED-27JAN-T2.25,unscheduled_macro,macro_bucket,5,22,False,0.004545454545454297,0.06781339425172384,0.004911591355598945,4.0,0.02399999999999993,,39.47,0.22727272727272727,-5.82000000000005,0.9450000000000001,,,M?,Unknown,True,unsched_macro
hormuz_strike_pipeline_shutdown,KXFED-27JAN-T2.00,unscheduled_macro,macro_bucket,1,22,False,0.021590909090909216,0.3542577766259085,0.02338173763229155,4.0,0.04999999999999993,,0.0,0.13636363636363635,0.0,0.94,,,M?,Unknown,True,unsched_macro
hormuz_strike_pipeline_shutdown,KXFED-27JAN-T2.00,unscheduled_macro,macro_bucket,3,22,False,0.021590909090909216,0.3542577766259085,0.02338173763229155,4.0,0.03333333333333325,,200.0,0.13636363636363635,-147.64999999999998,0.94,,,M?,Unknown,True,unsched_macro
hormuz_strike_pipeline_shutdown,KXFED-27JAN-T2.00,unscheduled_macro,macro_bucket,5,22,False,0.0015909090909091983,0.02271165834075095,0.0017228648781689572,4.0,0.03199999999999992,,478.53,0.13636363636363635,-198.16999999999996,0.94,,,M?,Unknown,True,unsched_macro
hormuz_strike_pipeline_shutdown,KXFED-27JAN-T1.75,unscheduled_macro,macro_bucket,1,21,False,0.024285714285714466,0.45733525208895154,0.026093630084420765,4.0,0.04999999999999993,,0.0,0.3333333333333333,0.0,0.9450000000000001,,,M?,Unknown,True,unsched_macro
hormuz_strike_pipeline_shutdown,KXFED-27JAN-T1.75,unscheduled_macro,macro_bucket,3,21,False,0.014285714285714457,0.24613814363981223,0.015349194167306401,4.0,0.03666666666666659,,18.0,0.3333333333333333,-18.0,0.9450000000000001,,,M?,Unknown,True,unsched_macro
hormuz_strike_pipeline_shutdown,KXFED-27JAN-T1.75,unscheduled_macro,macro_bucket,5,21,False,0.01928571428571435,0.3467253805449788,0.020721412125863464,4.0,0.03399999999999992,,52.63,0.3333333333333333,-18.0,0.9450000000000001,,,M?,Unknown,True,unsched_macro
hormuz_strike_pipeline_shutdown,KXFED-27JAN-T1.50,unscheduled_macro,macro_bucket,1,23,False,0.01782608695652166,0.3525503640757073,0.01902110879146361,4.0,0.04999999999999993,,0.0,0.08695652173913043,0.0,0.9550000000000001,,,M?,Unknown,True,unsched_macro
hormuz_strike_pipeline_shutdown,KXFED-27JAN-T1.50,unscheduled_macro,macro_bucket,3,23,False,0.00782608695652165,0.14135325562656798,0.008350730688935186,4.0,0.03666666666666659,,0.0,0.08695652173913043,0.0,0.9550000000000001,,,M?,Unknown,True,unsched_macro
hormuz_strike_pipeline_shutdown,KXFED-27JAN-T1.50,unscheduled_macro,macro_bucket,5,23,False,0.01782608695652166,0.3525503640757073,0.01902110879146361,4.0,0.03799999999999992,,30.0,0.08695652173913043,-9.239999999999782,0.9550000000000001,,,M?,Unknown,True,unsched_macro
hormuz_strike_pipeline_shutdown,KXFED-27JAN-T1.25,unscheduled_macro,macro_bucket,1,21,False,0.010714285714285454,0.22485665698836543,0.011346444780635123,4.0,0.030000000000000027,,0.0,1.0476190476190477,0.0,0.955,,,M?,Unknown,True,unsched_macro
hormuz_strike_pipeline_shutdown,KXFED-27JAN-T1.25,unscheduled_macro,macro_bucket,3,21,False,0.010714285714285454,0.22485665698836543,0.011346444780635123,4.0,0.02666666666666669,,0.0,1.0476190476190477,0.0,0.955,,,M?,Unknown,True,unsched_macro
hormuz_strike_pipeline_shutdown,KXFED-27JAN-T1.25,unscheduled_macro,macro_bucket,5,21,False,0.00571428571428545,0.11424678544439537,0.006051437216338599,4.0,0.030000000000000006,,30.0,1.0476190476190477,11.730000000000018,0.955,,,M?,Unknown,True,unsched_macro
hormuz_strike_pipeline_shutdown,KXFED-27JAN-T1.00,unscheduled_macro,macro_bucket,1,19,False,0.017894736842105075,0.3885632973055575,0.018994413407821025,4.0,0.040000000000000036,,0.0,0.10526315789473684,0.0,0.96,,,M?,Unknown,True,unsched_macro
hormuz_strike_pipeline_shutdown,KXFED-27JAN-T1.00,unscheduled_macro,macro_bucket,3,19,False,0.01289473684210507,0.26555831766802207,0.01368715083798862,4.0,0.02666666666666669,,0.0,0.10526315789473684,0.0,0.96,,,M?,Unknown,True,unsched_macro
hormuz_strike_pipeline_shutdown,KXFED-27JAN-T1.00,unscheduled_macro,macro_bucket,5,19,False,0.02289473684210508,0.5272895068071839,0.024301675977653432,4.0,0.028000000000000025,,30.0,0.10526315789473684,1.2200000000000273,0.96,,,M?,Unknown,True,unsched_macro
hormuz_strike_pipeline_shutdown,KXFED-27JAN-T0.75,unscheduled_macro,macro_bucket,1,24,False,0.018749999999999822,0.40413620425810715,0.01992031872509941,4.0,0.040000000000000036,,0.0,3.0208333333333335,0.0,0.965,,,M?,Unknown,True,unsched_macro
hormuz_strike_pipeline_shutdown,KXFED-27JAN-T0.75,unscheduled_macro,macro_bucket,3,24,False,0.013749999999999818,0.2811312246205717,0.014608233731739513,4.0,0.020000000000000018,,0.0,3.0208333333333335,0.0,0.965,,,M?,Unknown,True,unsched_macro
hormuz_strike_pipeline_shutdown,KXFED-27JAN-T0.75,unscheduled_macro,macro_bucket,5,24,False,0.023749999999999827,0.5428624137597335,0.025232403718459306,4.0,0.02200000000000002,,30.0,3.0208333333333335,-6.149999999999977,0.965,,,M?,Unknown,True,unsched_macro
hormuz_strike_pipeline_shutdown,KXFED-27JAN-T0.50,unscheduled_macro,macro_bucket,1,25,False,0.017400000000000082,0.42175415889193957,0.018362178134233943,4.0,0.030000000000000027,,0.0,23.48,0.0,0.965,,,M?,Unknown,True,unsched_macro
hormuz_strike_pipeline_shutdown,KXFED-27JAN-T0.50,unscheduled_macro,macro_bucket,3,25,False,0.012400000000000078,0.28302794939031317,0.013085690164626507,4.0,0.023333333333333355,,0.0,23.48,0.0,0.965,,,M?,Unknown,True,unsched_macro
hormuz_strike_pipeline_shutdown,KXFED-27JAN-T0.50,unscheduled_macro,macro_bucket,5,25,False,0.022400000000000087,0.5810728088776407,0.02363866610384138,4.0,0.020000000000000018,,30.0,23.48,7.779999999999973,0.965,,,M?,Unknown,True,unsched_macro
hormuz_strike_pipeline_shutdown,KXFED-27JAN-T0.25,unscheduled_macro,macro_bucket,1,23,False,0.013913043478260945,0.31309178797715065,0.014705882352941258,4.0,0.05999999999999994,,0.0,2.5652173913043477,0.0,0.965,,,M?,Unknown,True,unsched_macro
hormuz_strike_pipeline_shutdown,KXFED-27JAN-T0.25,unscheduled_macro,macro_bucket,3,23,False,0.01891304347826095,0.45181799747877704,0.019990808823529497,4.0,0.034999999999999976,,0.0,2.5652173913043477,0.0,0.965,,,M?,Unknown,True,unsched_macro
hormuz_strike_pipeline_shutdown,KXFED-27JAN-T0.25,unscheduled_macro,macro_bucket,5,23,False,0.01891304347826095,0.45181799747877704,0.019990808823529497,4.0,0.04000000000000001,,31.0,2.5652173913043477,0.0,0.965,,,M?,Unknown,True,unsched_macro
hormuz_strike_pipeline_shutdown,KXFED-27JAN-T0.00,unscheduled_macro,macro_bucket,1,22,False,0.004545454545454186,0.209443421484242,0.004659832246038773,4.0,0.020000000000000018,,0.0,0.0,0.0,0.985,,,M?,Unknown,True,unsched_macro
hormuz_strike_pipeline_shutdown,KXFED-27JAN-T0.00,unscheduled_macro,macro_bucket,3,22,False,-0.0004545454545458183,-0.018815230496738167,-0.000465983224604287,28.0,0.013333333333333345,,49.02,0.0,20.999999999999943,0.985,,,M?,Unknown,True,unsched_macro
hormuz_strike_pipeline_shutdown,KXFED-27JAN-T0.00,unscheduled_macro,macro_bucket,5,22,False,0.004545454545454186,0.209443421484242,0.004659832246038773,4.0,0.014000000000000012,,345.02,0.0,299.90000000000003,0.985,,,M?,Unknown,True,unsched_macro
hormuz_strike_pipeline_shutdown,KXFED-26DEC-T5.00,unscheduled_macro,macro_bucket,3,15,True,,,,,0.02,,0.0,7.0,0.0,,,,M?,Unknown,True,unsched_macro
hormuz_strike_pipeline_shutdown,KXFED-26DEC-T5.00,unscheduled_macro,macro_bucket,5,15,True,,,,,0.02,,0.0,7.0,0.0,,,,M?,Unknown,True,unsched_macro
hormuz_strike_pipeline_shutdown,KXFED-26DEC-T4.75,unscheduled_macro,macro_bucket,3,6,False,,,,,0.02,,0.0,52.66888888888889,0.0,,,,M?,Unknown,True,unsched_macro
hormuz_strike_pipeline_shutdown,KXFED-26DEC-T4.75,unscheduled_macro,macro_bucket,5,6,False,,,,,0.015,,0.0,52.66888888888889,0.0,,,,M?,Unknown,True,unsched_macro
hormuz_strike_pipeline_shutdown,KXFED-26DEC-T4.50,unscheduled_macro,macro_bucket,3,6,False,-0.005833333333333333,-0.33444383835982006,-0.27999999999999997,52.0,0.01,,0.0,40.45,0.0,0.01,,,M?,Unknown,True,unsched_macro
hormuz_strike_pipeline_shutdown,KXFED-26DEC-T4.50,unscheduled_macro,macro_bucket,5,6,False,0.009166666666666667,0.3740489118747852,0.44,100.0,0.016666666666666666,,779.24,40.45,597.3000000000002,0.01,,,M?,Unknown,True,unsched_macro
hormuz_strike_pipeline_shutdown,KXFED-26DEC-T4.25,unscheduled_macro,macro_bucket,1,25,False,0.086,1.177609517940093,1.9545454545454541,4.0,0.020000000000000018,,54.0,61.95399999999999,0.0,0.135,,,M?,Unknown,True,unsched_macro
hormuz_strike_pipeline_shutdown,KXFED-26DEC-T4.25,unscheduled_macro,macro_bucket,3,25,False,0.161,1.7232361436172163,3.6590909090909087,4.0,0.026666666666666672,,493.43,61.95399999999999,228.70000000000073,0.135,,,M?,Unknown,True,unsched_macro
hormuz_strike_pipeline_shutdown,KXFED-26DEC-T4.25,unscheduled_macro,macro_bucket,5,25,False,0.24100000000000002,2.1587749167077828,5.4772727272727275,52.0,0.054000000000000006,,4323.4400000000005,61.95399999999999,3304.3900000000012,0.135,,,M?,Unknown,True,unsched_macro
hormuz_strike_pipeline_shutdown,KXFED-26DEC-T4.00,unscheduled_macro,macro_bucket,1,25,False,0.24479999999999996,1.0843732748186394,0.9983686786296898,4.0,0.040000000000000036,,47.01,33.4292,0.0,0.5,,,M?,Unknown,True,unsched_macro
hormuz_strike_pipeline_shutdown,KXFED-26DEC-T4.00,unscheduled_macro,macro_bucket,3,25,False,0.4098,1.7654694280362309,1.6712887438825446,4.0,0.04666666666666667,,204.37,33.4292,19.850000000000364,0.5,,,M?,Unknown,True,unsched_macro
hormuz_strike_pipeline_shutdown,KXFED-26DEC-T4.00,unscheduled_macro,macro_bucket,5,25,False,0.5797999999999999,2.6749760218435052,2.364600326264273,28.0,0.039999999999999994,,9535.31,33.4292,5883.390000000001,0.5,,,M?,Unknown,True,unsched_macro
hormuz_strike_pipeline_shutdown,KXFED-26DEC-T3.75,unscheduled_macro,macro_bucket,1,23,False,0.28652173913043477,1.8092968165835004,0.45955369595536955,4.0,0.040000000000000036,,1957.59,500.118695652174,0.0,0.875,,,M?,Unknown,True,unsched_macro
hormuz_strike_pipeline_shutdown,KXFED-26DEC-T3.75,unscheduled_macro,macro_bucket,3,23,False,0.3215217391304347,2.3395136296641406,0.5156903765690375,4.0,0.020000000000000018,,3081.59,500.118695652174,-107.79999999999927,0.875,,,M?,Unknown,True,unsched_macro
hormuz_strike_pipeline_shutdown,KXFED-26DEC-T3.75,unscheduled_macro,macro_bucket,5,23,False,0.3615217391304347,3.680253327472747,0.5798465829846582,4.0,0.016000000000000014,,5958.280000000001,500.118695652174,-188.5799999999981,0.875,,,M?,Unknown,True,unsched_macro
hormuz_strike_pipeline_shutdown,KXFED-26DEC-T3.50,unscheduled_macro,macro_bucket,1,25,False,0.08239999999999992,1.0645358437166275,0.09497464269248491,4.0,0.039999999999999925,,0.0,259.5444,0.0,0.955,,,M?,Unknown,True,unsched_macro
hormuz_strike_pipeline_shutdown,KXFED-26DEC-T3.50,unscheduled_macro,macro_bucket,3,25,False,0.10239999999999994,1.5961955543854605,0.11802674043337935,4.0,0.023333333333333317,,1425.16,259.5444,171.0,0.955,,,M?,Unknown,True,unsched_macro
hormuz_strike_pipeline_shutdown,KXFED-26DEC-T3.50,unscheduled_macro,macro_bucket,5,25,False,0.10739999999999994,1.7836585106798335,0.12378976486860296,4.0,0.022,,1605.1200000000001,259.5444,201.1800000000003,0.955,,,M?,Unknown,True,unsched_macro
hormuz_strike_pipeline_shutdown,KXFED-26DEC-T3.25,unscheduled_macro,macro_bucket,1,23,False,-0.003478260869565375,-0.1268120625901763,-0.003573023671281984,4.0,0.020000000000000018,,29.0,29.876956521739128,0.0,0.975,,,M?,Unknown,True,unsched_macro
hormuz_strike_pipeline_shutdown,KXFED-26DEC-T3.25,unscheduled_macro,macro_bucket,3,23,False,0.0015217391304346295,0.06065089370419674,0.0015631978561856396,28.0,0.013333333333333345,,438.0,29.876956521739128,-409.0,0.975,,,M?,Unknown,True,unsched_macro
hormuz_strike_pipeline_shutdown,KXFED-26DEC-T3.25,unscheduled_macro,macro_bucket,5,23,False,0.0015217391304346295,0.06065089370419674,0.0015631978561856396,28.0,0.014000000000000012,,586.0,29.876956521739128,-409.0,0.975,,,M?,Unknown,True,unsched_macro
hormuz_strike_pipeline_shutdown,KXFED-26DEC-T3.00,unscheduled_macro,macro_bucket,1,22,False,0.00045454545454559625,0.030314537125113006,0.00046168051708232315,4.0,0.010000000000000009,,0.0,0.13636363636363635,0.0,0.985,,,M?,Unknown,True,unsched_macro
hormuz_strike_pipeline_shutdown,KXFED-26DEC-T3.00,unscheduled_macro,macro_bucket,3,22,False,0.00045454545454559625,0.030314537125113006,0.00046168051708232315,4.0,0.010000000000000009,,0.0,0.13636363636363635,0.0,0.985,,,M?,Unknown,True,unsched_macro
hormuz_strike_pipeline_shutdown,KXFED-26DEC-T3.00,unscheduled_macro,macro_bucket,5,22,False,0.00045454545454559625,0.030314537125113006,0.00046168051708232315,4.0,0.010000000000000009,,64.0,0.13636363636363635,29.0,0.985,,,M?,Unknown,True,unsched_macro
hormuz_strike_pipeline_shutdown,KXFED-26DEC-T2.75,unscheduled_macro,macro_bucket,1,25,False,0.00039999999999995595,0.026723482165358803,0.0004062563477553889,4.0,0.010000000000000009,,0.0,44.72,0.0,0.985,,,M?,Unknown,True,unsched_macro
hormuz_strike_pipeline_shutdown,KXFED-26DEC-T2.75,unscheduled_macro,macro_bucket,3,25,False,0.00039999999999995595,0.026723482165358803,0.0004062563477553889,4.0,0.010000000000000009,,1900.0,44.72,1900.0,0.985,,,M?,Unknown,True,unsched_macro
hormuz_strike_pipeline_shutdown,KXFED-26DEC-T2.75,unscheduled_macro,macro_bucket,5,25,False,0.00039999999999995595,0.026723482165358803,0.0004062563477553889,4.0,0.010000000000000009,,1934.0,44.72,1917.0,0.985,,,M?,Unknown,True,unsched_macro
hormuz_strike_pipeline_shutdown,KXFED-26OCT-T4.75,unscheduled_macro,macro_bucket,1,16,True,,,,,0.01,,0.0,1.8920000000000001,0.0,,,,M?,Unknown,True,unsched_macro
hormuz_strike_pipeline_shutdown,KXFED-26OCT-T4.75,unscheduled_macro,macro_bucket,3,16,True,,,,,0.015,,0.0,1.8920000000000001,0.0,,,,M?,Unknown,True,unsched_macro
hormuz_strike_pipeline_shutdown,KXFED-26OCT-T4.75,unscheduled_macro,macro_bucket,5,16,True,,,,,0.0125,,0.0,1.8920000000000001,0.0,,,,M?,Unknown,True,unsched_macro
hormuz_strike_pipeline_shutdown,KXFED-26OCT-T4.50,unscheduled_macro,macro_bucket,1,7,False,,,,,0.01,,0.0,9.714285714285714,0.0,,,,M?,Unknown,True,unsched_macro
hormuz_strike_pipeline_shutdown,KXFED-26OCT-T4.50,unscheduled_macro,macro_bucket,3,7,False,,,,,0.013333333333333334,,0.0,9.714285714285714,0.0,,,,M?,Unknown,True,unsched_macro
hormuz_strike_pipeline_shutdown,KXFED-26OCT-T4.50,unscheduled_macro,macro_bucket,5,7,False,0.0007142857142857142,0.04951506452738119,0.049999999999999996,100.0,0.013999999999999999,,3531.32,9.714285714285714,2785.22,,,,M?,Unknown,True,unsched_macro
hormuz_strike_pipeline_shutdown,KXFED-26OCT-T4.25,unscheduled_macro,macro_bucket,1,8,False,-0.007500000000000003,-0.4131084574207322,-0.3333333333333334,4.0,0.01,,0.0,79.1105,0.0,0.015,,,M?,Unknown,True,unsched_macro
hormuz_strike_pipeline_shutdown,KXFED-26OCT-T4.25,unscheduled_macro,macro_bucket,3,8,False,-0.007500000000000003,-0.4131084574207322,-0.3333333333333334,4.0,0.01,,1192.0,79.1105,234.0999999999999,0.015,,,M?,Unknown,True,unsched_macro
hormuz_strike_pipeline_shutdown,KXFED-26OCT-T4.25,unscheduled_macro,macro_bucket,5,8,False,-0.007500000000000003,-0.4131084574207322,-0.3333333333333334,4.0,0.01,,3919.55,79.1105,2905.34,0.015,,,M?,Unknown,True,unsched_macro
hormuz_strike_pipeline_shutdown,KXFED-26OCT-T4.00,unscheduled_macro,macro_bucket,1,25,False,0.1478,1.3354718784123785,2.199404761904762,4.0,0.010000000000000009,,57.3,233.6092,0.0,0.195,,,M?,Unknown,True,unsched_macro
hormuz_strike_pipeline_shutdown,KXFED-26OCT-T4.00,unscheduled_macro,macro_bucket,3,25,False,0.24780000000000002,1.853671368630532,3.6875000000000004,4.0,0.01666666666666668,,1706.1,233.6092,1482.369999999999,0.195,,,M?,Unknown,True,unsched_macro
hormuz_strike_pipeline_shutdown,KXFED-26OCT-T4.00,unscheduled_macro,macro_bucket,5,25,False,0.3978,2.490288226758474,5.919642857142858,52.0,0.014000000000000002,,15045.88,233.6092,10402.619999999999,0.195,,,M?,Unknown,True,unsched_macro
hormuz_strike_pipeline_shutdown,KXFED-26OCT-T3.75,unscheduled_macro,macro_bucket,1,25,False,0.34199999999999997,1.7888414630723408,0.6477272727272726,4.0,0.020000000000000018,,95.0,253.2112,0.0,0.885,,,M?,Unknown,True,unsched_macro
hormuz_strike_pipeline_shutdown,KXFED-26OCT-T3.75,unscheduled_macro,macro_bucket,3,25,False,0.357,1.9285382185239734,0.6761363636363635,4.0,0.023333333333333355,,208.03,253.2112,78.03000000000065,0.885,,,M?,Unknown,True,unsched_macro
hormuz_strike_pipeline_shutdown,KXFED-26OCT-T3.75,unscheduled_macro,macro_bucket,5,25,False,0.45699999999999996,4.072474141949171,0.8655303030303029,4.0,0.02400000000000002,,9918.99,253.2112,7222.72,0.885,,,M?,Unknown,True,unsched_macro
hormuz_strike_pipeline_shutdown,KXFED-26OCT-T3.50,unscheduled_macro,macro_bucket,1,23,False,0.042826086956522014,1.708642267357701,0.045214597199908495,4.0,0.020000000000000018,,0.0,253.38521739130434,0.0,0.99,,,M?,Unknown,True,unsched_macro
hormuz_strike_pipeline_shutdown,KXFED-26OCT-T3.50,unscheduled_macro,macro_bucket,3,23,False,0.04782608695652202,2.4068272419476036,0.050493458801928244,4.0,0.013333333333333345,,442.06,253.38521739130434,0.0,0.99,,,M?,Unknown,True,unsched_macro
hormuz_strike_pipeline_shutdown,KXFED-26OCT-T3.50,unscheduled_macro,macro_bucket,5,23,False,0.042826086956522014,1.708642267357701,0.045214597199908495,4.0,0.014000000000000012,,442.06,253.38521739130434,0.0,0.99,,,M?,Unknown,True,unsched_macro
hormuz_strike_pipeline_shutdown,KXFED-26OCT-T3.25,unscheduled_macro,macro_bucket,1,24,False,0.011249999999999982,1.1900259337686236,0.011435832274459956,4.0,0.010000000000000009,,0.0,21.02541666666667,0.0,0.995,,,M?,Unknown,True,unsched_macro
hormuz_strike_pipeline_shutdown,KXFED-26OCT-T3.25,unscheduled_macro,macro_bucket,3,24,False,0.011249999999999982,1.1900259337686236,0.011435832274459956,4.0,0.010000000000000009,,0.0,21.02541666666667,0.0,0.995,,,M?,Unknown,True,unsched_macro
hormuz_strike_pipeline_shutdown,KXFED-26OCT-T3.25,unscheduled_macro,macro_bucket,5,24,False,0.011249999999999982,1.1900259337686236,0.011435832274459956,4.0,0.010000000000000009,,10.0,21.02541666666667,0.0,0.995,,,M?,Unknown,True,unsched_macro
hormuz_strike_pipeline_shutdown,KXFED-26OCT-T3.00,unscheduled_macro,macro_bucket,3,18,False,0.008888888888888835,1.0306249476831724,0.009014084507042198,52.0,0.010000000000000009,,0.0,31.055555555555557,0.0,0.995,,,M?,Unknown,True,unsched_macro
hormuz_strike_pipeline_shutdown,KXFED-26OCT-T3.00,unscheduled_macro,macro_bucket,5,18,False,0.008888888888888835,1.0306249476831724,0.009014084507042198,52.0,0.010000000000000009,,0.0,31.055555555555557,0.0,0.995,,,M?,Unknown,True,unsched_macro
hormuz_strike_pipeline_shutdown,KXFED-26OCT-T2.75,unscheduled_macro,macro_bucket,3,23,False,0.008695652173912993,1.016418271452057,0.008816398501212203,52.0,0.010000000000000009,,0.0,11.261304347826087,0.0,0.995,,,M?,Unknown,True,unsched_macro
hormuz_strike_pipeline_shutdown,KXFED-26OCT-T2.75,unscheduled_macro,macro_bucket,5,23,False,0.008695652173912993,1.016418271452057,0.008816398501212203,52.0,0.010000000000000009,,0.0,11.261304347826087,0.0,0.995,,,M?,Unknown,True,unsched_macro
hormuz_strike_pipeline_shutdown,KXFED-26SEP-T4.75,unscheduled_macro,macro_bucket,3,5,True,,,,,0.01,,0.0,18865.69,0.0,,,,M?,Unknown,True,unsched_macro
hormuz_strike_pipeline_shutdown,KXFED-26SEP-T4.75,unscheduled_macro,macro_bucket,5,5,True,0.0,0.0,0.0,,0.2575,,350.67,18865.69,350.6700000000128,,,,M?,Unknown,False,unsched_macro
hormuz_strike_pipeline_shutdown,KXFED-26SEP-T4.50,unscheduled_macro,macro_bucket,3,5,False,,,,,0.01,,0.0,6905.570454545454,0.0,,,,M?,Unknown,True,unsched_macro
hormuz_strike_pipeline_shutdown,KXFED-26SEP-T4.50,unscheduled_macro,macro_bucket,5,5,False,0.0,0.0,0.0,,0.2575,,93.5,6905.570454545454,93.5,,,,M?,Unknown,False,unsched_macro
hormuz_strike_pipeline_shutdown,KXFED-26SEP-T4.25,unscheduled_macro,macro_bucket,1,12,False,1.734723475976807e-18,0.0,1.7347234759768073e-16,,0.01,,9409.36,412.36499999999995,0.0,0.01,,,M?,Unknown,True,unsched_macro
hormuz_strike_pipeline_shutdown,KXFED-26SEP-T4.25,unscheduled_macro,macro_bucket,3,12,False,1.734723475976807e-18,0.0,1.7347234759768073e-16,,0.01,,17039.5,412.36499999999995,7630.139999999999,0.01,,,M?,Unknown,True,unsched_macro
hormuz_strike_pipeline_shutdown,KXFED-26SEP-T4.25,unscheduled_macro,macro_bucket,5,12,False,1.734723475976807e-18,0.0,1.7347234759768073e-16,,0.20800000000000002,,55548.520000000004,412.36499999999995,45921.68,0.01,,,M?,Unknown,False,unsched_macro
hormuz_strike_pipeline_shutdown,KXFED-26SEP-T4.00,unscheduled_macro,macro_bucket,1,24,False,0.007291666666666665,0.46088725968365063,0.5737704918032784,4.0,0.02,,7543.75,4034.3759999999997,0.0,0.015,,,M?,Unknown,True,unsched_macro
hormuz_strike_pipeline_shutdown,KXFED-26SEP-T4.00,unscheduled_macro,macro_bucket,3,24,False,-0.002708333333333335,-0.2424122923403127,-0.21311475409836075,52.0,0.013333333333333334,,174228.78000000003,4034.3759999999997,165611.94999999998,0.015,,,M?,Unknown,True,unsched_macro
hormuz_strike_pipeline_shutdown,KXFED-26SEP-T4.00,unscheduled_macro,macro_bucket,5,24,False,0.007291666666666665,0.46088725968365063,0.5737704918032784,4.0,0.21000000000000002,,427488.49000000005,4034.3759999999997,409261.1699999999,0.015,,,M?,Unknown,False,unsched_macro
hormuz_strike_pipeline_shutdown,KXFED-26SEP-T3.75,unscheduled_macro,macro_bucket,1,25,False,0.41719999999999996,1.8744120025575772,1.0758122743682308,4.0,0.010000000000000009,,9067.97,13248.9144,0.0,0.805,,,M?,Unknown,True,unsched_macro
hormuz_strike_pipeline_shutdown,KXFED-26SEP-T3.75,unscheduled_macro,macro_bucket,3,25,False,0.4871999999999999,2.4024794327580734,1.2563176895306853,4.0,0.010000000000000009,,115471.65,13248.9144,85708.95000000001,0.805,,,M?,Unknown,True,unsched_macro
hormuz_strike_pipeline_shutdown,KXFED-26SEP-T3.75,unscheduled_macro,macro_bucket,5,25,False,0.4721999999999999,2.2718592503410093,1.2176379577101593,4.0,0.20800000000000002,,245433.97,13248.9144,164940.77999999997,0.805,,,M?,Unknown,False,unsched_macro
hormuz_strike_pipeline_shutdown,KXFED-26SEP-T3.50,unscheduled_macro,macro_bucket,1,20,False,0.0009999999999998899,0.1833270872959547,0.001006036217303712,4.0,0.010000000000000009,,479.74,11668.643,0.0,0.995,,,M?,Unknown,True,unsched_macro
hormuz_strike_pipeline_shutdown,KXFED-26SEP-T3.50,unscheduled_macro,macro_bucket,3,20,False,0.0009999999999998899,0.1833270872959547,0.001006036217303712,4.0,0.010000000000000009,,18965.04,11668.643,8425.299999999988,0.995,,,M?,Unknown,True,unsched_macro
hormuz_strike_pipeline_shutdown,KXFED-26SEP-T3.50,unscheduled_macro,macro_bucket,5,20,False,-0.004000000000000115,-0.5148578872939478,-0.004024144869215407,100.0,0.20800000000000002,,59926.39,11668.643,40043.649999999994,0.995,,,M?,Unknown,False,unsched_macro
hormuz_strike_pipeline_shutdown,KXFED-26SEP-T3.25,unscheduled_macro,macro_bucket,1,10,False,0.000500000000000167,0.09581281866892066,0.0005027652086477296,4.0,0.010000000000000009,,0.0,336.8,0.0,0.995,,,M?,Unknown,True,unsched_macro
hormuz_strike_pipeline_shutdown,KXFED-26SEP-T3.25,unscheduled_macro,macro_bucket,3,10,False,0.000500000000000167,0.09581281866892066,0.0005027652086477296,4.0,0.010000000000000009,,180.0,336.8,180.0,0.995,,,M?,Unknown,True,unsched_macro
hormuz_strike_pipeline_shutdown,KXFED-26SEP-T3.25,unscheduled_macro,macro_bucket,5,10,False,-0.0044999999999998375,-0.6023721559209818,-0.004524886877827892,100.0,0.20800000000000002,,874.35,336.8,700.0200000000004,0.995,,,M?,Unknown,False,unsched_macro
hormuz_strike_pipeline_shutdown,KXFED-26SEP-T3.00,unscheduled_macro,macro_bucket,1,20,False,-1.1102230246251565e-16,-2.220446049250313e-14,-1.1158020347991522e-16,,0.010000000000000009,,0.0,0.0,0.0,0.995,,,M?,Unknown,True,unsched_macro
hormuz_strike_pipeline_shutdown,KXFED-26SEP-T3.00,unscheduled_macro,macro_bucket,3,20,False,-1.1102230246251565e-16,-2.220446049250313e-14,-1.1158020347991522e-16,,0.010000000000000009,,180.0,0.0,180.0,0.995,,,M?,Unknown,True,unsched_macro
hormuz_strike_pipeline_shutdown,KXFED-26SEP-T3.00,unscheduled_macro,macro_bucket,5,20,False,-0.0050000000000001155,-0.6981849745899247,-0.005025125628140819,100.0,0.20800000000000002,,675.6399999999999,0.0,675.6399999999994,0.995,,,M?,Unknown,False,unsched_macro
hormuz_strike_pipeline_shutdown,KXFED-26SEP-T2.75,unscheduled_macro,macro_bucket,1,20,False,-1.1102230246251565e-16,-2.220446049250313e-14,-1.1158020347991522e-16,,0.010000000000000009,,0.0,280.5005,0.0,0.995,,,M?,Unknown,True,unsched_macro
hormuz_strike_pipeline_shutdown,KXFED-26SEP-T2.75,unscheduled_macro,macro_bucket,3,20,False,-1.1102230246251565e-16,-2.220446049250313e-14,-1.1158020347991522e-16,,0.010000000000000009,,299.66,280.5005,299.65999999999985,0.995,,,M?,Unknown,True,unsched_macro
hormuz_strike_pipeline_shutdown,KXFED-26SEP-T2.75,unscheduled_macro,macro_bucket,5,20,False,-0.0050000000000001155,-0.6981849745899247,-0.005025125628140819,100.0,0.20800000000000002,,10617.6,280.5005,9650.599999999999,0.995,,,M?,Unknown,False,unsched_macro
tariff_eu_threat,KXFED-27APR-T2.25,unscheduled_macro,macro_bucket,1,25,False,-0.11660000000000004,-0.5826673132522024,-0.15014164305949015,4.0,0.58,,0.0,5.28,0.0,0.7,,,M?,Unknown,False,unsched_macro
tariff_eu_threat,KXFED-27APR-T2.25,unscheduled_macro,macro_bucket,3,25,False,0.17840000000000011,1.8090873200479458,0.22971928920937434,28.0,0.23999999999999996,,102.56,5.28,93.27999999999997,0.7,,,M?,Unknown,False,unsched_macro
tariff_eu_threat,KXFED-27APR-T2.25,unscheduled_macro,macro_bucket,5,25,False,0.1734,1.698477448503973,0.22328096832346125,28.0,0.19999999999999996,,102.56,5.28,93.27999999999997,0.7,,,M?,Unknown,False,unsched_macro
tariff_eu_threat,KXCPICORE-26NOV-T0.0,unscheduled_macro,macro_bucket,1,13,False,0.06615384615384601,0.6506930143977285,0.07793384685092868,4.0,0.10999999999999999,,0.0,0.0,0.0,0.87,,,M?,Unknown,False,unsched_macro
tariff_eu_threat,KXCPICORE-26NOV-T0.0,unscheduled_macro,macro_bucket,3,13,False,0.11615384615384594,1.5912002454620946,0.13683733574988644,4.0,0.043333333333333335,,22.0,0.0,0.0,0.87,,,M?,Unknown,True,unsched_macro
tariff_eu_threat,KXCPICORE-26NOV-T0.0,unscheduled_macro,macro_bucket,5,13,False,0.11615384615384594,1.5912002454620946,0.13683733574988644,4.0,0.030000000000000006,,22.0,0.0,0.0,0.87,,,M?,Unknown,True,unsched_macro
tariff_eu_threat,KXCPICORE-26OCT-T0.2,unscheduled_macro,macro_bucket,1,18,False,-0.04916666666666669,-0.2033811380453458,-0.08005427408412487,4.0,0.009999999999999898,,40.0,0.0,0.0,0.5800000000000001,,,M?,Unknown,True,unsched_macro
tariff_eu_threat,KXCPICORE-26OCT-T0.2,unscheduled_macro,macro_bucket,3,18,False,-0.31416666666666665,-1.312158698490306,-0.5115332428765265,52.0,0.039999999999999925,,1031.21,0.0,611.9,0.5800000000000001,,,M?,Unknown,True,unsched_macro
tariff_eu_threat,KXCPICORE-26OCT-T0.2,unscheduled_macro,macro_bucket,5,18,False,-0.3391666666666666,-1.4342613952912058,-0.5522388059701492,52.0,0.03399999999999996,,1062.21,0.0,619.7,0.5800000000000001,,,M?,Unknown,True,unsched_macro
tariff_eu_threat,KXCPICORE-26SEP-T0.2,unscheduled_macro,macro_bucket,1,20,False,-0.1907500000000001,-0.7737295681051928,-0.33130699088145904,4.0,0.030000000000000027,,46.72,0.0,0.0,0.39,,,M?,Unknown,True,unsched_macro
tariff_eu_threat,KXCPICORE-26SEP-T0.2,unscheduled_macro,macro_bucket,3,20,False,-0.1507500000000001,-0.6076315064593927,-0.26183239253148083,4.0,0.01666666666666668,,2872.82,0.0,1184.55,0.39,,,M?,Unknown,True,unsched_macro
tariff_eu_threat,KXCPICORE-26SEP-T0.2,unscheduled_macro,macro_bucket,5,20,False,-0.1307500000000001,-0.5262444661666533,-0.22709509335649164,4.0,0.016000000000000014,,14604.24,0.0,12156.34,0.39,,,M?,Unknown,True,unsched_macro
tariff_eu_threat,KXCPICORE-26SEP-T0.1,unscheduled_macro,macro_bucket,1,19,False,0.0418421052631579,0.266432546367656,0.053427419354838725,4.0,0.010000000000000009,,277.26,0.0,0.0,0.8200000000000001,,,M?,Unknown,True,unsched_macro
tariff_eu_threat,KXCPICORE-26SEP-T0.1,unscheduled_macro,macro_bucket,3,19,False,0.09684210526315795,0.7082652986466957,0.12365591397849471,28.0,0.023333333333333355,,2449.5299999999997,0.0,144.63,0.8200000000000001,,,M?,Unknown,True,unsched_macro
tariff_eu_threat,KXCPICORE-26SEP-T0.1,unscheduled_macro,macro_bucket,5,19,False,0.09184210526315795,0.6617452830118027,0.11727150537634416,28.0,0.018000000000000016,,2727.0099999999998,0.0,279.83000000000004,0.8200000000000001,,,M?,Unknown,True,unsched_macro
tariff_eu_threat,KXFED-27APR-T4.25,unscheduled_macro,macro_bucket,3,25,False,0.13380000000000003,0.6038684514404175,0.4933628318584072,28.0,0.12000000000000002,,20.0,2.8868,0.0,0.44,,,M?,Unknown,False,unsched_macro
tariff_eu_threat,KXFED-27APR-T4.25,unscheduled_macro,macro_bucket,5,25,False,0.19380000000000003,0.8483134485708581,0.7146017699115045,28.0,0.125,,30.0,2.8868,10.0,0.44,,,M?,Unknown,False,unsched_macro
tariff_eu_threat,KXFED-27APR-T4.00,unscheduled_macro,macro_bucket,1,25,False,0.16620000000000001,0.6738992990096959,0.3703208556149733,4.0,0.050000000000000044,,4.0,8.8192,0.0,0.585,,,M?,Unknown,True,unsched_macro
tariff_eu_threat,KXFED-27APR-T4.00,unscheduled_macro,macro_bucket,3,25,False,0.2812,1.2001429406350241,0.6265597147950089,4.0,0.12666666666666668,,84.78,8.8192,63.77999999999997,0.585,,,M?,Unknown,False,unsched_macro
tariff_eu_threat,KXFED-27APR-T4.00,unscheduled_macro,macro_bucket,5,25,False,0.32120000000000004,1.4138315714154965,0.715686274509804,4.0,0.172,,84.78,8.8192,63.77999999999997,0.585,,,M?,Unknown,False,unsched_macro
tariff_eu_threat,KXFED-27APR-T3.75,unscheduled_macro,macro_bucket,1,25,False,0.057399999999999896,0.2378274375056163,0.10202630643441146,4.0,0.08000000000000007,,9.0,6.8976,0.0,0.62,,,M?,Unknown,False,unsched_macro
tariff_eu_threat,KXFED-27APR-T3.75,unscheduled_macro,macro_bucket,3,25,False,0.24239999999999984,1.1661219310417268,0.43085673658016316,28.0,0.1533333333333334,,136.5,6.8976,31.11999999999989,0.62,,,M?,Unknown,False,unsched_macro
tariff_eu_threat,KXFED-27APR-T3.75,unscheduled_macro,macro_bucket,5,25,False,0.25239999999999985,1.231111500349448,0.4486313544258795,28.0,0.17000000000000007,,137.49,6.8976,30.12999999999988,0.62,,,M?,Unknown,False,unsched_macro
tariff_eu_threat,KXFED-27APR-T3.50,unscheduled_macro,macro_bucket,1,25,False,0.06800000000000006,0.29267595738486885,0.11390284757118939,4.0,0.06999999999999995,,22.0,10.9352,0.0,0.665,,,M?,Unknown,True,unsched_macro
tariff_eu_threat,KXFED-27APR-T3.50,unscheduled_macro,macro_bucket,3,25,False,0.16300000000000003,0.7596989584924665,0.27303182579564494,28.0,0.21666666666666667,,30.0,10.9352,-4.0,0.665,,,M?,Unknown,False,unsched_macro
tariff_eu_threat,KXFED-27APR-T3.50,unscheduled_macro,macro_bucket,5,25,False,0.028000000000000025,0.11784507232007169,0.04690117252931328,4.0,0.38999999999999996,,38.0,10.9352,-12.0,0.665,,,M?,Unknown,False,unsched_macro
tariff_eu_threat,KXFED-27APR-T3.25,unscheduled_macro,macro_bucket,1,25,False,0.06879999999999997,0.3259761719750921,0.10405323653962488,4.0,0.06000000000000005,,0.0,15.7956,0.0,0.72,,,M?,Unknown,True,unsched_macro
tariff_eu_threat,KXFED-27APR-T3.25,unscheduled_macro,macro_bucket,3,25,False,0.2138,1.2772637458863434,0.32335148215366,28.0,0.08666666666666663,,31.75,15.7956,31.75,0.72,,,M?,Unknown,False,unsched_macro
tariff_eu_threat,KXFED-27APR-T3.25,unscheduled_macro,macro_bucket,5,25,False,0.2088000000000001,1.232312358024078,0.3157894736842107,28.0,0.10199999999999995,,31.75,15.7956,31.75,0.72,,,M?,Unknown,False,unsched_macro
tariff_eu_threat,KXFED-27APR-T3.00,unscheduled_macro,macro_bucket,1,25,False,0.09599999999999986,0.5610425012822089,0.1316872427983537,4.0,0.04999999999999993,,17.0,7.550799999999999,0.0,0.745,,,M?,Unknown,True,unsched_macro
tariff_eu_threat,KXFED-27APR-T3.00,unscheduled_macro,macro_bucket,3,25,False,0.18099999999999983,1.324080018051672,0.24828532235939615,4.0,0.08666666666666663,,17.0,7.550799999999999,0.0,0.745,,,M?,Unknown,False,unsched_macro
tariff_eu_threat,KXFED-27APR-T3.00,unscheduled_macro,macro_bucket,5,25,False,0.18099999999999983,1.324080018051672,0.24828532235939615,4.0,0.09499999999999997,,17.0,7.550799999999999,0.0,0.745,,,M?,Unknown,False,unsched_macro
tariff_eu_threat,KXFED-27APR-T2.75,unscheduled_macro,macro_bucket,1,25,False,-0.026000000000000023,-0.15316798607563253,-0.0326633165829146,4.0,0.08000000000000007,,4.0,7.906000000000001,0.0,0.78,,,M?,Unknown,False,unsched_macro
tariff_eu_threat,KXFED-27APR-T2.75,unscheduled_macro,macro_bucket,3,25,False,0.1439999999999999,1.3900561210417812,0.1809045226130652,28.0,0.08666666666666667,,30.07,7.906000000000001,26.069999999999936,0.78,,,M?,Unknown,False,unsched_macro
tariff_eu_threat,KXFED-27APR-T2.75,unscheduled_macro,macro_bucket,5,25,False,0.1339999999999999,1.2252101520977747,0.16834170854271344,28.0,0.08399999999999999,,32.17,7.906000000000001,28.170000000000073,0.78,,,M?,Unknown,False,unsched_macro
tariff_eu_threat,KXFED-27APR-T2.50,unscheduled_macro,macro_bucket,1,25,False,0.06740000000000013,0.49833443035961267,0.08397707450784966,4.0,0.15999999999999992,,4.0,8.0252,0.0,0.9099999999999999,,,M?,Unknown,False,unsched_macro
tariff_eu_threat,KXFED-27APR-T2.50,unscheduled_macro,macro_bucket,3,25,False,0.13740000000000008,1.3489109822085137,0.17119362073261912,28.0,0.10333333333333328,,4.0,8.0252,0.0,0.9099999999999999,,,M?,Unknown,False,unsched_macro
tariff_eu_threat,KXFED-27APR-T2.50,unscheduled_macro,macro_bucket,5,25,False,0.13740000000000008,1.3489109822085137,0.17119362073261912,28.0,0.10333333333333328,,4.0,8.0252,0.0,0.9099999999999999,,,M?,Unknown,False,unsched_macro
tariff_eu_threat,KXFED-27APR-T2.00,unscheduled_macro,macro_bucket,1,24,False,-0.20562500000000017,-0.9584992445753415,-0.2651087832393233,4.0,0.76,,0.0,2.9583333333333335,0.0,0.605,,,M?,Unknown,False,unsched_macro
tariff_eu_threat,KXFED-27APR-T2.00,unscheduled_macro,macro_bucket,3,24,False,0.16937499999999994,1.6035013455449438,0.21837228041901682,28.0,0.29666666666666663,,20.15,2.9583333333333335,19.149999999999864,0.605,,,M?,Unknown,False,unsched_macro
tariff_eu_threat,KXFED-27APR-T2.00,unscheduled_macro,macro_bucket,5,24,False,0.16937499999999994,1.6035013455449438,0.21837228041901682,28.0,0.29666666666666663,,20.15,2.9583333333333335,19.149999999999864,0.605,,,M?,Unknown,False,unsched_macro
tariff_eu_threat,KXFED-27APR-T1.75,unscheduled_macro,macro_bucket,1,25,False,-0.03839999999999999,-0.21669558662631094,-0.048706240487062395,4.0,0.41999999999999993,,0.0,1.5475999999999999,0.0,0.64,,,M?,Unknown,False,unsched_macro
tariff_eu_threat,KXFED-27APR-T1.75,unscheduled_macro,macro_bucket,3,25,False,0.16660000000000008,1.7397409754159914,0.2113140537798073,28.0,0.18333333333333326,,7.56,1.5475999999999999,7.559999999999945,0.64,,,M?,Unknown,False,unsched_macro
tariff_eu_threat,KXFED-27APR-T1.75,unscheduled_macro,macro_bucket,5,25,False,0.16159999999999997,1.6291311038720186,0.20497209538305425,28.0,0.15749999999999995,,7.56,1.5475999999999999,7.559999999999945,0.64,,,M?,Unknown,False,unsched_macro
tariff_eu_threat,KXFED-27APR-T1.50,unscheduled_macro,macro_bucket,1,25,False,0.037799999999999945,0.2639934235749728,0.046828543111992,4.0,0.20999999999999996,,0.0,0.7624000000000001,0.0,0.8,,,M?,Unknown,False,unsched_macro
tariff_eu_threat,KXFED-27APR-T1.50,unscheduled_macro,macro_bucket,3,25,False,0.14279999999999993,1.5125208923034852,0.17690782953419218,28.0,0.11666666666666663,,2.56,0.7624000000000001,2.5599999999999454,0.8,,,M?,Unknown,False,unsched_macro
tariff_eu_threat,KXFED-27APR-T1.50,unscheduled_macro,macro_bucket,5,25,False,0.14279999999999993,1.5125208923034852,0.17690782953419218,28.0,0.10749999999999996,,2.56,0.7624000000000001,2.5599999999999454,0.8,,,M?,Unknown,False,unsched_macro
tariff_eu_threat,KXFED-27APR-T1.25,unscheduled_macro,macro_bucket,1,25,False,-0.08779999999999999,-0.5068902479606218,-0.10736121301051602,4.0,0.43999999999999995,,0.0,4.3884,0.0,0.725,,,M?,Unknown,False,unsched_macro
tariff_eu_threat,KXFED-27APR-T1.25,unscheduled_macro,macro_bucket,3,25,False,0.12219999999999998,1.2500224899372643,0.14942528735632182,28.0,0.1766666666666666,,37.97,4.3884,26.890000000000327,0.725,,,M?,Unknown,False,unsched_macro
tariff_eu_threat,KXFED-27APR-T1.25,unscheduled_macro,macro_bucket,5,25,False,0.12219999999999998,1.2500224899372643,0.14942528735632182,28.0,0.12999999999999995,,37.97,4.3884,26.890000000000327,0.725,,,M?,Unknown,False,unsched_macro
tariff_eu_threat,KXFED-27APR-T1.00,unscheduled_macro,macro_bucket,1,25,False,-0.027000000000000135,-0.2976476589514472,-0.02960526315789488,4.0,0.13,,0.0,1.76,0.0,0.865,,,M?,Unknown,False,unsched_macro
tariff_eu_threat,KXFED-27APR-T1.00,unscheduled_macro,macro_bucket,3,25,False,0.02299999999999991,0.3278560837969242,0.025219298245613933,28.0,0.06333333333333328,,6.61,1.76,0.0,0.865,,,M?,Unknown,True,unsched_macro
tariff_eu_threat,KXFED-27APR-T1.00,unscheduled_macro,macro_bucket,5,25,False,0.02299999999999991,0.3278560837969242,0.025219298245613933,28.0,0.06333333333333328,,6.61,1.76,0.0,0.865,,,M?,Unknown,True,unsched_macro
tariff_eu_threat,KXFED-27APR-T0.75,unscheduled_macro,macro_bucket,1,25,False,0.02939999999999998,0.30265086675575614,0.033576975788031045,4.0,0.13,,0.0,12.48,0.0,0.9199999999999999,,,M?,Unknown,False,unsched_macro
tariff_eu_threat,KXFED-27APR-T0.75,unscheduled_macro,macro_bucket,3,25,False,0.0643999999999999,0.8001281276983188,0.07354956601187745,28.0,0.0833333333333333,,0.0,12.48,0.0,0.9199999999999999,,,M?,Unknown,False,unsched_macro
tariff_eu_threat,KXFED-27APR-T0.75,unscheduled_macro,macro_bucket,5,25,False,0.0643999999999999,0.8001281276983188,0.07354956601187745,28.0,0.0833333333333333,,0.0,12.48,0.0,0.9199999999999999,,,M?,Unknown,False,unsched_macro
tariff_eu_threat,KXFED-27APR-T0.50,unscheduled_macro,macro_bucket,1,24,False,-0.01083333333333314,-0.13297738546297433,-0.011828935395814167,4.0,0.18999999999999995,,0.0,2.0470833333333336,0.0,0.905,,,M?,Unknown,False,unsched_macro
tariff_eu_threat,KXFED-27APR-T0.50,unscheduled_macro,macro_bucket,3,24,False,-0.01083333333333314,-0.13297738546297433,-0.011828935395814167,4.0,0.1533333333333333,,0.0,2.0470833333333336,0.0,0.905,,,M?,Unknown,False,unsched_macro
tariff_eu_threat,KXFED-27APR-T0.50,unscheduled_macro,macro_bucket,5,24,False,-0.01083333333333314,-0.13297738546297433,-0.011828935395814167,4.0,0.1533333333333333,,0.0,2.0470833333333336,0.0,0.905,,,M?,Unknown,False,unsched_macro
tariff_eu_threat,KXFED-27APR-T0.25,unscheduled_macro,macro_bucket,1,22,False,0.013636363636363447,0.2194074344916599,0.014720314033365838,4.0,0.09999999999999998,,0.0,19.77318181818182,0.0,0.97,,,M?,Unknown,False,unsched_macro
tariff_eu_threat,KXFED-27APR-T0.25,unscheduled_macro,macro_bucket,3,22,False,-0.0013636363636364557,-0.01982225457417286,-0.0014720314033367036,52.0,0.09666666666666664,,0.0,19.77318181818182,0.0,0.97,,,M?,Unknown,False,unsched_macro
tariff_eu_threat,KXFED-27APR-T0.25,unscheduled_macro,macro_bucket,5,22,False,0.03863636363636347,0.7846521612992832,0.041707556427870274,28.0,0.086,,0.0,19.77318181818182,0.0,0.97,,,M?,Unknown,False,unsched_macro
tariff_eu_threat,KXFED-27APR-T0.00,unscheduled_macro,macro_bucket,1,21,False,0.033809523809523845,0.5155936764793858,0.03710478181343092,4.0,0.08999999999999997,,0.0,0.19047619047619047,0.0,0.97,,,M?,Unknown,False,unsched_macro
tariff_eu_threat,KXFED-27APR-T0.00,unscheduled_macro,macro_bucket,3,21,False,-0.03619047619047622,-0.38234791672657376,-0.03971779461719365,52.0,0.12666666666666662,,0.0,0.19047619047619047,0.0,0.97,,,M?,Unknown,False,unsched_macro
tariff_eu_threat,KXFED-27APR-T0.00,unscheduled_macro,macro_bucket,5,21,False,-0.03619047619047622,-0.38234791672657376,-0.03971779461719365,52.0,0.15249999999999997,,0.0,0.19047619047619047,0.0,0.97,,,M?,Unknown,False,unsched_macro
tariff_eu_threat,KXFED-27MAR-T4.25,unscheduled_macro,macro_bucket,1,24,False,0.1447916666666667,1.337811000692232,2.220447284345049,4.0,0.1,,18.28,0.2916666666666667,0.0,0.2,,,M?,Unknown,False,unsched_macro
tariff_eu_threat,KXFED-27MAR-T4.25,unscheduled_macro,macro_bucket,3,24,False,0.27479166666666666,1.9994421980255659,4.214057507987221,4.0,0.23666666666666666,,219.56,0.2916666666666667,200.0,0.2,,,M?,Unknown,False,unsched_macro
tariff_eu_threat,KXFED-27MAR-T4.25,unscheduled_macro,macro_bucket,5,24,False,0.35979166666666673,2.360455543562897,5.517571884984027,28.0,0.162,,219.56,0.2916666666666667,200.0,0.2,,,M?,Unknown,False,unsched_macro
tariff_eu_threat,KXFED-27MAR-T4.00,unscheduled_macro,macro_bucket,1,25,False,0.14620000000000005,0.6064001929645535,0.4252472367655616,4.0,0.040000000000000036,,21.0,0.2,0.0,0.455,,,M?,Unknown,True,unsched_macro
tariff_eu_threat,KXFED-27MAR-T4.00,unscheduled_macro,macro_bucket,3,25,False,0.3512000000000001,1.4700055965356333,1.0215241419429906,28.0,0.3500000000000001,,790.42,0.2,391.94000000000005,0.455,,,M?,Unknown,False,unsched_macro
tariff_eu_threat,KXFED-27MAR-T4.00,unscheduled_macro,macro_bucket,5,25,False,0.23120000000000002,0.9486863994511863,0.6724840023269344,4.0,0.41500000000000004,,790.42,0.2,391.94000000000005,0.455,,,M?,Unknown,False,unsched_macro
tariff_eu_threat,KXFED-27MAR-T3.75,unscheduled_macro,macro_bucket,1,21,False,0.07809523809523816,0.3154920579596466,0.18732153055396936,4.0,0.050000000000000044,,0.0,7.9523809523809526,0.0,0.54,,,M?,Unknown,True,unsched_macro
tariff_eu_threat,KXFED-27MAR-T3.75,unscheduled_macro,macro_bucket,3,21,False,0.3430952380952382,1.4881722346047017,0.8229583095374076,28.0,0.29666666666666663,,11.58,7.9523809523809526,9.580000000000041,0.54,,,M?,Unknown,False,unsched_macro
tariff_eu_threat,KXFED-27MAR-T3.75,unscheduled_macro,macro_bucket,5,21,False,0.32809523809523816,1.4076133978874494,0.7869788692175902,28.0,0.33399999999999996,,26.58,7.9523809523809526,9.580000000000041,0.54,,,M?,Unknown,False,unsched_macro
tariff_eu_threat,KXFED-27MAR-T3.50,unscheduled_macro,macro_bucket,1,21,False,0.15761904761904766,0.6641881300630856,0.301731996353692,4.0,0.4,,0.0,1.8995238095238096,0.0,0.675,,,M?,Unknown,False,unsched_macro
tariff_eu_threat,KXFED-27MAR-T3.50,unscheduled_macro,macro_bucket,3,21,False,0.1976190476190477,0.854877936527557,0.37830446672743867,4.0,0.2733333333333333,,3.0,1.8995238095238096,-3.0,0.675,,,M?,Unknown,False,unsched_macro
tariff_eu_threat,KXFED-27MAR-T3.50,unscheduled_macro,macro_bucket,5,21,False,0.27761904761904777,1.2967106888065965,0.531449407474932,4.0,0.3,,3.0,1.8995238095238096,-3.0,0.675,,,M?,Unknown,False,unsched_macro
tariff_eu_threat,KXFED-27MAR-T3.25,unscheduled_macro,macro_bucket,1,24,False,0.0631250000000001,0.41068076687246124,0.08125502815768315,4.0,0.18000000000000005,,0.0,0.8525,0.0,0.8200000000000001,,,M?,Unknown,False,unsched_macro
tariff_eu_threat,KXFED-27MAR-T3.25,unscheduled_macro,macro_bucket,3,24,False,0.13312499999999994,1.0660876194495579,0.17135961383748988,28.0,0.18333333333333335,,0.0,0.8525,0.0,0.8200000000000001,,,M?,Unknown,False,unsched_macro
tariff_eu_threat,KXFED-27MAR-T3.25,unscheduled_macro,macro_bucket,5,24,False,-0.11187499999999995,-0.561890800900284,-0.14400643604183422,76.0,0.366,,0.0,0.8525,0.0,0.8200000000000001,,,M?,Unknown,False,unsched_macro
tariff_eu_threat,KXFED-27MAR-T3.00,unscheduled_macro,macro_bucket,1,23,False,0.05608695652173923,0.38592531592826984,0.07064622124863103,4.0,0.17999999999999994,,0.0,0.6521739130434783,0.0,0.815,,,M?,Unknown,False,unsched_macro
tariff_eu_threat,KXFED-27MAR-T3.00,unscheduled_macro,macro_bucket,3,23,False,-0.14391304347826073,-0.7296365310536129,-0.1812705366922233,28.0,0.47666666666666657,,0.0,0.6521739130434783,0.0,0.815,,,M?,Unknown,False,unsched_macro
tariff_eu_threat,KXFED-27MAR-T3.00,unscheduled_macro,macro_bucket,5,23,False,-0.14391304347826073,-0.7296365310536129,-0.1812705366922233,28.0,0.47666666666666657,,0.0,0.6521739130434783,0.0,0.815,,,M?,Unknown,False,unsched_macro
tariff_eu_threat,KXFED-27MAR-T2.75,unscheduled_macro,macro_bucket,1,22,False,0.0636363636363636,0.48701497507227187,0.07843137254901957,4.0,0.1499999999999999,,0.0,0.6986363636363636,0.0,0.82,,,M?,Unknown,False,unsched_macro
tariff_eu_threat,KXFED-27MAR-T2.75,unscheduled_macro,macro_bucket,3,22,False,-0.12136363636363645,-0.6587758738709285,-0.14957983193277322,28.0,0.4333333333333333,,0.0,0.6986363636363636,0.0,0.82,,,M?,Unknown,False,unsched_macro
tariff_eu_threat,KXFED-27MAR-T2.75,unscheduled_macro,macro_bucket,5,22,False,-0.12136363636363645,-0.6587758738709285,-0.14957983193277322,28.0,0.4333333333333333,,0.0,0.6986363636363636,0.0,0.82,,,M?,Unknown,False,unsched_macro
tariff_eu_threat,KXFED-27MAR-T2.50,unscheduled_macro,macro_bucket,1,22,False,0.02681818181818174,0.2578857700571757,0.03089005235602085,4.0,0.15000000000000002,,0.0,0.3181818181818182,0.0,0.885,,,M?,Unknown,False,unsched_macro
tariff_eu_threat,KXFED-27MAR-T2.50,unscheduled_macro,macro_bucket,3,22,False,-0.06818181818181823,-0.49868323694026584,-0.07853403141361262,28.0,0.29,,0.0,0.3181818181818182,0.0,0.885,,,M?,Unknown,False,unsched_macro
tariff_eu_threat,KXFED-27MAR-T2.50,unscheduled_macro,macro_bucket,5,22,False,-0.06818181818181823,-0.49868323694026584,-0.07853403141361262,28.0,0.29,,0.0,0.3181818181818182,0.0,0.885,,,M?,Unknown,False,unsched_macro
tariff_eu_threat,KXFED-27MAR-T2.25,unscheduled_macro,macro_bucket,3,24,False,0.014791666666666758,0.19612428512842772,0.01625085831998179,52.0,0.12,,0.0,0.125,0.0,0.905,,,M?,Unknown,False,unsched_macro
tariff_eu_threat,KXFED-27MAR-T2.25,unscheduled_macro,macro_bucket,5,24,False,0.014791666666666758,0.19612428512842772,0.01625085831998179,52.0,0.12333333333333334,,0.0,0.125,0.0,0.905,,,M?,Unknown,False,unsched_macro
tariff_eu_threat,KXFED-27MAR-T2.00,unscheduled_macro,macro_bucket,3,20,False,-0.0025000000000001688,-0.039052209541546645,-0.0026809651474532636,28.0,0.11499999999999999,,0.0,0.15,0.0,0.935,,,M?,Unknown,False,unsched_macro
tariff_eu_threat,KXFED-27MAR-T2.00,unscheduled_macro,macro_bucket,5,20,False,-0.0025000000000001688,-0.039052209541546645,-0.0026809651474532636,28.0,0.11666666666666665,,0.0,0.15,0.0,0.935,,,M?,Unknown,False,unsched_macro
tariff_eu_threat,KXFED-27MAR-T1.75,unscheduled_macro,macro_bucket,3,23,False,-0.005869565217391126,-0.10089949483726679,-0.006238447319778,28.0,0.10499999999999998,,0.0,0.17391304347826086,0.0,0.94,,,M?,Unknown,False,unsched_macro
tariff_eu_threat,KXFED-27MAR-T1.75,unscheduled_macro,macro_bucket,5,23,False,-0.005869565217391126,-0.10089949483726679,-0.006238447319778,28.0,0.10499999999999998,,0.0,0.17391304347826086,0.0,0.94,,,M?,Unknown,False,unsched_macro
tariff_eu_threat,KXFED-27MAR-T1.50,unscheduled_macro,macro_bucket,1,22,False,0.008863636363636407,0.18911774465056697,0.009368244054768243,4.0,0.010000000000000009,,0.0,0.48636363636363633,0.0,0.955,,,M?,Unknown,True,unsched_macro
tariff_eu_threat,KXFED-27MAR-T1.50,unscheduled_macro,macro_bucket,3,22,False,0.02386363636363642,0.6101675837754299,0.02522219553206828,28.0,0.02666666666666669,,0.0,0.48636363636363633,0.0,0.955,,,M?,Unknown,True,unsched_macro
tariff_eu_threat,KXFED-27MAR-T1.50,unscheduled_macro,macro_bucket,5,22,False,0.02386363636363642,0.6101675837754299,0.02522219553206828,28.0,0.02666666666666669,,0.0,0.48636363636363633,0.0,0.955,,,M?,Unknown,True,unsched_macro
tariff_eu_threat,KXFED-27MAR-T1.25,unscheduled_macro,macro_bucket,1,18,False,0.0016666666666664831,0.03161818867424682,0.0017667844522966248,4.0,0.029999999999999916,,0.0,0.1111111111111111,0.0,0.9450000000000001,,,M?,Unknown,True,unsched_macro
tariff_eu_threat,KXFED-27MAR-T1.25,unscheduled_macro,macro_bucket,3,18,False,0.0066666666666663765,0.1322054255794134,0.007067137809186969,52.0,0.06999999999999995,,0.0,0.1111111111111111,0.0,0.9450000000000001,,,M?,Unknown,True,unsched_macro
tariff_eu_threat,KXFED-27MAR-T1.25,unscheduled_macro,macro_bucket,5,18,False,0.0066666666666663765,0.1322054255794134,0.007067137809186969,52.0,0.06999999999999995,,0.0,0.1111111111111111,0.0,0.9450000000000001,,,M?,Unknown,True,unsched_macro
tariff_eu_threat,KXFED-27MAR-T1.00,unscheduled_macro,macro_bucket,3,19,False,0.004210526315789442,0.09386373641735624,0.004428452809299718,52.0,0.07499999999999996,,0.0,0.10526315789473684,0.0,0.95,,,M?,Unknown,True,unsched_macro
tariff_eu_threat,KXFED-27MAR-T1.00,unscheduled_macro,macro_bucket,5,19,False,0.004210526315789442,0.09386373641735624,0.004428452809299718,52.0,0.07499999999999996,,0.0,0.10526315789473684,0.0,0.95,,,M?,Unknown,True,unsched_macro
tariff_eu_threat,KXFED-27MAR-T0.75,unscheduled_macro,macro_bucket,1,14,False,0.007857142857143229,0.18755912956021126,0.008252063015754332,4.0,0.020000000000000018,,0.0,14.428571428571429,0.0,0.96,,,M?,Unknown,True,unsched_macro
tariff_eu_threat,KXFED-27MAR-T0.75,unscheduled_macro,macro_bucket,3,14,False,0.007857142857143229,0.18755912956021126,0.008252063015754332,4.0,0.05333333333333331,,0.0,14.428571428571429,0.0,0.96,,,M?,Unknown,True,unsched_macro
tariff_eu_threat,KXFED-27MAR-T0.75,unscheduled_macro,macro_bucket,5,14,False,0.007857142857143229,0.18755912956021126,0.008252063015754332,4.0,0.05333333333333331,,0.0,14.428571428571429,0.0,0.96,,,M?,Unknown,True,unsched_macro
tariff_eu_threat,KXFED-27MAR-T0.50,unscheduled_macro,macro_bucket,3,15,False,-0.005333333333333301,-0.1183938292707647,-0.00558269364968594,28.0,0.07499999999999996,,0.0,13.533333333333333,0.0,0.96,,,M?,Unknown,True,unsched_macro
tariff_eu_threat,KXFED-27MAR-T0.50,unscheduled_macro,macro_bucket,5,15,False,-0.005333333333333301,-0.1183938292707647,-0.00558269364968594,28.0,0.07499999999999996,,0.0,13.533333333333333,0.0,0.96,,,M?,Unknown,True,unsched_macro
tariff_eu_threat,KXFED-27MAR-T0.25,unscheduled_macro,macro_bucket,1,17,False,0.005588235294117672,0.17659545858736658,0.005794449527294933,4.0,0.040000000000000036,,0.0,0.0,0.0,0.97,,,M?,Unknown,True,unsched_macro
tariff_eu_threat,KXFED-27MAR-T0.25,unscheduled_macro,macro_bucket,3,17,False,0.0005882352941177782,0.017276808601669025,0.0006099420555048631,4.0,0.06333333333333331,,0.0,0.0,0.0,0.97,,,M?,Unknown,True,unsched_macro
tariff_eu_threat,KXFED-27MAR-T0.25,unscheduled_macro,macro_bucket,5,17,False,0.0005882352941177782,0.017276808601669025,0.0006099420555048631,4.0,0.06333333333333331,,0.0,0.0,0.0,0.97,,,M?,Unknown,True,unsched_macro
tariff_eu_threat,KXFED-27MAR-T0.00,unscheduled_macro,macro_bucket,1,16,False,0.003750000000000031,0.12165650725218136,0.0038809831824062418,4.0,0.040000000000000036,,0.0,0.0625,0.0,0.97,,,M?,Unknown,True,unsched_macro
tariff_eu_threat,KXFED-27MAR-T0.00,unscheduled_macro,macro_bucket,3,16,False,-0.0012499999999998623,-0.0376621427335162,-0.0012936610608019275,28.0,0.06333333333333331,,0.0,0.0625,0.0,0.97,,,M?,Unknown,True,unsched_macro
tariff_eu_threat,KXFED-27MAR-T0.00,unscheduled_macro,macro_bucket,5,16,False,-0.0012499999999998623,-0.0376621427335162,-0.0012936610608019275,28.0,0.06333333333333331,,0.0,0.0625,0.0,0.97,,,M?,Unknown,True,unsched_macro
tariff_eu_threat,KXFED-27JAN-T4.25,unscheduled_macro,macro_bucket,1,22,False,0.06659090909090908,0.5564980429100441,0.6142557651991613,4.0,0.13,,0.0,0.045454545454545456,0.0,0.18,,,M?,Unknown,False,unsched_macro
tariff_eu_threat,KXFED-27JAN-T4.25,unscheduled_macro,macro_bucket,3,22,False,0.2665909090909091,1.5962698315552204,2.459119496855346,28.0,0.11333333333333334,,51.32,0.045454545454545456,34.610000000000014,0.18,,,M?,Unknown,False,unsched_macro
tariff_eu_threat,KXFED-27JAN-T4.25,unscheduled_macro,macro_bucket,5,22,False,0.2965909090909091,1.7224211168821206,2.7358490566037736,28.0,0.18600000000000003,,51.32,0.045454545454545456,34.610000000000014,0.18,,,M?,Unknown,False,unsched_macro
tariff_eu_threat,KXFED-27JAN-T4.00,unscheduled_macro,macro_bucket,1,24,False,0.1695833333333333,0.7215517223071598,0.5552523874488403,4.0,0.44999999999999996,,5.0,5.607499999999999,0.0,0.49,,,M?,Unknown,False,unsched_macro
tariff_eu_threat,KXFED-27JAN-T4.00,unscheduled_macro,macro_bucket,3,24,False,0.3845833333333333,1.6217544809762554,1.2592087312414733,28.0,0.19666666666666666,,512.87,5.607499999999999,449.43999999999994,0.49,,,M?,Unknown,False,unsched_macro
tariff_eu_threat,KXFED-27JAN-T4.00,unscheduled_macro,macro_bucket,5,24,False,0.46458333333333335,2.0299463867886764,1.5211459754433834,28.0,0.16599999999999998,,584.99,5.607499999999999,448.86,0.49,,,M?,Unknown,False,unsched_macro
tariff_eu_threat,KXFED-27JAN-T3.75,unscheduled_macro,macro_bucket,1,24,False,0.2539583333333334,1.1285116670016186,0.5018526142445453,4.0,0.21999999999999997,,5.0,1.7866666666666664,0.0,0.765,,,M?,Unknown,False,unsched_macro
tariff_eu_threat,KXFED-27JAN-T3.75,unscheduled_macro,macro_bucket,3,24,False,0.29395833333333343,1.362126518183124,0.5808974886784688,4.0,0.18333333333333335,,12.690000000000001,1.7866666666666664,7.689999999999941,0.765,,,M?,Unknown,False,unsched_macro
tariff_eu_threat,KXFED-27JAN-T3.75,unscheduled_macro,macro_bucket,5,24,False,0.31395833333333345,1.492179646431322,0.6204199258954305,4.0,0.19000000000000003,,12.690000000000001,1.7866666666666664,7.689999999999941,0.765,,,M?,Unknown,False,unsched_macro
tariff_eu_threat,KXFED-27JAN-T3.50,unscheduled_macro,macro_bucket,1,22,False,0.08750000000000002,0.5266241131673182,0.11784511784511786,4.0,0.09999999999999998,,0.0,9.648181818181818,0.0,0.8500000000000001,,,M?,Unknown,False,unsched_macro
tariff_eu_threat,KXFED-27JAN-T3.50,unscheduled_macro,macro_bucket,3,22,False,0.10750000000000004,0.6755979048150429,0.14478114478114482,4.0,0.09333333333333331,,348.6,9.648181818181818,-36.0,0.8500000000000001,,,M?,Unknown,False,unsched_macro
tariff_eu_threat,KXFED-27JAN-T3.50,unscheduled_macro,macro_bucket,5,22,False,0.17749999999999988,1.3833438847961392,0.23905723905723889,52.0,0.07599999999999998,,464.31,9.648181818181818,59.309999999999945,0.8500000000000001,,,M?,Unknown,True,unsched_macro
tariff_eu_threat,KXFED-27JAN-T3.25,unscheduled_macro,macro_bucket,1,25,False,0.09600000000000009,0.810532563087524,0.11866501854140926,4.0,0.06999999999999995,,61.0,1.8336000000000001,0.0,0.8999999999999999,,,M?,Unknown,True,unsched_macro
tariff_eu_threat,KXFED-27JAN-T3.25,unscheduled_macro,macro_bucket,3,25,False,0.1160000000000001,1.0687801349642538,0.14338689740420285,4.0,0.05999999999999998,,503.01,1.8336000000000001,-87.61000000000013,0.8999999999999999,,,M?,Unknown,True,unsched_macro
tariff_eu_threat,KXFED-27JAN-T3.25,unscheduled_macro,macro_bucket,5,25,False,0.1160000000000001,1.0687801349642538,0.14338689740420285,4.0,0.06599999999999998,,503.01,1.8336000000000001,-87.61000000000013,0.8999999999999999,,,M?,Unknown,True,unsched_macro
tariff_eu_threat,KXFED-27JAN-T3.00,unscheduled_macro,macro_bucket,1,23,False,0.01217391304347859,0.13411911218552008,0.013635256878500495,4.0,0.06999999999999995,,0.0,0.22478260869565217,0.0,0.895,,,M?,Unknown,True,unsched_macro
tariff_eu_threat,KXFED-27JAN-T3.00,unscheduled_macro,macro_bucket,3,23,False,0.03217391304347861,0.39236668406224995,0.03603603603603644,28.0,0.04999999999999993,,317.92,0.22478260869565217,-39.92000000000007,0.895,,,M?,Unknown,True,unsched_macro
tariff_eu_threat,KXFED-27JAN-T3.00,unscheduled_macro,macro_bucket,5,23,False,0.04217391304347862,0.5462203194791857,0.04723642561480441,28.0,0.04999999999999993,,333.92,0.22478260869565217,-40.92000000000007,0.895,,,M?,Unknown,True,unsched_macro
tariff_eu_threat,KXFED-27JAN-T2.75,unscheduled_macro,macro_bucket,1,24,False,0.03750000000000009,0.49640893760908034,0.041782729805014025,4.0,0.029999999999999916,,0.0,0.16666666666666666,0.0,0.935,,,M?,Unknown,True,unsched_macro
tariff_eu_threat,KXFED-27JAN-T2.75,unscheduled_macro,macro_bucket,3,24,False,0.03249999999999997,0.41693902231397084,0.03621169916434538,4.0,0.0466666666666666,,32.0,0.16666666666666666,17.0,0.935,,,M?,Unknown,True,unsched_macro
tariff_eu_threat,KXFED-27JAN-T2.75,unscheduled_macro,macro_bucket,5,24,False,0.03249999999999997,0.41693902231397084,0.03621169916434538,4.0,0.051999999999999935,,32.0,0.16666666666666666,17.0,0.935,,,M?,Unknown,True,unsched_macro
tariff_eu_threat,KXFED-27JAN-T2.50,unscheduled_macro,macro_bucket,1,24,False,0.02416666666666656,0.3644998754795856,0.026387625113739644,4.0,0.039999999999999925,,0.0,1.75,0.0,0.94,,,M?,Unknown,True,unsched_macro
tariff_eu_threat,KXFED-27JAN-T2.50,unscheduled_macro,macro_bucket,3,24,False,0.029166666666666674,0.45681630469891044,0.03184713375796179,4.0,0.03666666666666659,,30.0,1.75,5.559999999999945,0.94,,,M?,Unknown,True,unsched_macro
tariff_eu_threat,KXFED-27JAN-T2.50,unscheduled_macro,macro_bucket,5,24,False,0.029166666666666674,0.45681630469891044,0.03184713375796179,4.0,0.03399999999999992,,30.0,1.75,5.559999999999945,0.94,,,M?,Unknown,True,unsched_macro
tariff_eu_threat,KXFED-27JAN-T2.25,unscheduled_macro,macro_bucket,1,22,False,0.024318181818181683,0.42226404241527904,0.026270562239135625,4.0,0.020000000000000018,,0.0,0.22727272727272727,0.0,0.94,,,M?,Unknown,True,unsched_macro
tariff_eu_threat,KXFED-27JAN-T2.25,unscheduled_macro,macro_bucket,3,22,False,0.01931818181818179,0.32167680551011246,0.020869138227350814,4.0,0.02333333333333328,,39.47,0.22727272727272727,-5.82000000000005,0.94,,,M?,Unknown,True,unsched_macro
tariff_eu_threat,KXFED-27JAN-T2.25,unscheduled_macro,macro_bucket,5,22,False,0.01931818181818179,0.32167680551011246,0.020869138227350814,4.0,0.025999999999999933,,39.47,0.22727272727272727,-5.82000000000005,0.94,,,M?,Unknown,True,unsched_macro
tariff_eu_threat,KXFED-27JAN-T2.00,unscheduled_macro,macro_bucket,1,23,False,0.020652173913043637,0.34090948257391007,0.022342427093132815,4.0,0.029999999999999916,,100.0,0.13043478260869565,0.0,0.9450000000000001,,,M?,Unknown,True,unsched_macro
tariff_eu_threat,KXFED-27JAN-T2.00,unscheduled_macro,macro_bucket,3,23,False,0.010652173913043628,0.16321699970568826,0.011523988711194895,4.0,0.03666666666666659,,278.53,0.13043478260869565,-150.51999999999998,0.9450000000000001,,,M?,Unknown,True,unsched_macro
tariff_eu_threat,KXFED-27JAN-T2.00,unscheduled_macro,macro_bucket,5,23,False,0.010652173913043628,0.16321699970568826,0.011523988711194895,4.0,0.041999999999999926,,278.53,0.13043478260869565,-150.51999999999998,0.9450000000000001,,,M?,Unknown,True,unsched_macro
tariff_eu_threat,KXFED-27JAN-T1.75,unscheduled_macro,macro_bucket,1,22,False,0.00909090909090915,0.15079684772882773,0.009765625000000064,4.0,0.019999999999999907,,0.0,0.3181818181818182,0.0,0.9450000000000001,,,M?,Unknown,True,unsched_macro
tariff_eu_threat,KXFED-27JAN-T1.75,unscheduled_macro,macro_bucket,3,22,False,0.01909090909090916,0.3437005138533191,0.020507812500000076,28.0,0.03333333333333325,,34.63,0.3181818181818182,0.0,0.9450000000000001,,,M?,Unknown,True,unsched_macro
tariff_eu_threat,KXFED-27JAN-T1.75,unscheduled_macro,macro_bucket,5,22,False,0.014090909090909265,0.24311327694815255,0.015136718750000189,4.0,0.03399999999999992,,34.63,0.3181818181818182,0.0,0.9450000000000001,,,M?,Unknown,True,unsched_macro
tariff_eu_threat,KXFED-27JAN-T1.50,unscheduled_macro,macro_bucket,1,23,False,0.007391304347825756,0.1339449613730439,0.007883143983305927,4.0,0.029999999999999916,,0.0,1.6956521739130435,0.0,0.9450000000000001,,,M?,Unknown,True,unsched_macro
tariff_eu_threat,KXFED-27JAN-T1.50,unscheduled_macro,macro_bucket,3,23,False,0.012391304347825649,0.23453219827821048,0.013215859030836531,4.0,0.039999999999999925,,30.0,1.6956521739130435,-9.239999999999782,0.9450000000000001,,,M?,Unknown,True,unsched_macro
tariff_eu_threat,KXFED-27JAN-T1.50,unscheduled_macro,macro_bucket,5,23,False,0.012391304347825649,0.23453219827821048,0.013215859030836531,4.0,0.039999999999999925,,30.0,1.6956521739130435,-9.239999999999782,0.9450000000000001,,,M?,Unknown,True,unsched_macro
tariff_eu_threat,KXFED-27JAN-T1.25,unscheduled_macro,macro_bucket,1,21,False,0.00976190476190486,0.20660678595237147,0.010327455919395571,4.0,0.030000000000000027,,0.0,0.09523809523809523,0.0,0.955,,,M?,Unknown,True,unsched_macro
tariff_eu_threat,KXFED-27JAN-T1.25,unscheduled_macro,macro_bucket,3,21,False,0.004761904761904856,0.09599691440840141,0.005037783375314962,4.0,0.036666666666666625,,30.0,0.09523809523809523,11.730000000000018,0.955,,,M?,Unknown,True,unsched_macro
tariff_eu_threat,KXFED-27JAN-T1.25,unscheduled_macro,macro_bucket,5,21,False,0.00976190476190486,0.20660678595237147,0.010327455919395571,4.0,0.03599999999999996,,30.0,0.09523809523809523,11.730000000000018,0.955,,,M?,Unknown,True,unsched_macro
tariff_eu_threat,KXFED-27JAN-T1.00,unscheduled_macro,macro_bucket,1,20,False,0.011750000000000038,0.2443731482275031,0.012456930824277804,4.0,0.030000000000000027,,0.0,0.1,0.0,0.955,,,M?,Unknown,True,unsched_macro
tariff_eu_threat,KXFED-27JAN-T1.00,unscheduled_macro,macro_bucket,3,20,False,0.021750000000000047,0.5061043373666649,0.023058574078982295,4.0,0.030000000000000027,,47.0,0.1,1.2200000000000273,0.955,,,M?,Unknown,True,unsched_macro
tariff_eu_threat,KXFED-27JAN-T1.00,unscheduled_macro,macro_bucket,5,20,False,0.021750000000000047,0.5061043373666649,0.023058574078982295,4.0,0.030000000000000027,,64.0,0.1,-3.92999999999995,0.955,,,M?,Unknown,True,unsched_macro
tariff_eu_threat,KXFED-27JAN-T0.75,unscheduled_macro,macro_bucket,1,25,False,0.017000000000000015,0.3720388155490384,0.018027571580063642,4.0,0.020000000000000018,,0.0,5.34,0.0,0.955,,,M?,Unknown,True,unsched_macro
tariff_eu_threat,KXFED-27JAN-T0.75,unscheduled_macro,macro_bucket,3,25,False,0.02200000000000002,0.5107650250506648,0.02332979851537648,4.0,0.02666666666666669,,30.0,5.34,-6.149999999999977,0.955,,,M?,Unknown,True,unsched_macro
tariff_eu_threat,KXFED-27JAN-T0.75,unscheduled_macro,macro_bucket,5,25,False,0.02200000000000002,0.5107650250506648,0.02332979851537648,4.0,0.028000000000000025,,30.0,5.34,-6.149999999999977,0.955,,,M?,Unknown,True,unsched_macro
tariff_eu_threat,KXFED-27JAN-T0.50,unscheduled_macro,macro_bucket,1,25,False,0.015799999999999925,0.3890568698723982,0.016645596291613912,4.0,0.010000000000000009,,0.0,21.52,0.0,0.96,,,M?,Unknown,True,unsched_macro
tariff_eu_threat,KXFED-27JAN-T0.50,unscheduled_macro,macro_bucket,3,25,False,0.015799999999999925,0.3890568698723982,0.016645596291613912,4.0,0.020000000000000018,,30.0,21.52,7.779999999999973,0.96,,,M?,Unknown,True,unsched_macro
tariff_eu_threat,KXFED-27JAN-T0.50,unscheduled_macro,macro_bucket,5,25,False,0.02079999999999993,0.5483755198580993,0.0219131900547829,4.0,0.020000000000000018,,30.0,21.52,7.779999999999973,0.96,,,M?,Unknown,True,unsched_macro
tariff_eu_threat,KXFED-27JAN-T0.25,unscheduled_macro,macro_bucket,1,23,False,0.013043478260869601,0.2959125715882971,0.01377410468319563,4.0,0.040000000000000036,,1.0,2.5652173913043477,0.0,0.965,,,M?,Unknown,True,unsched_macro
tariff_eu_threat,KXFED-27JAN-T0.25,unscheduled_macro,macro_bucket,3,23,False,0.02304347826086961,0.5939574310756246,0.02433425160697893,4.0,0.04333333333333337,,31.0,2.5652173913043477,0.0,0.965,,,M?,Unknown,True,unsched_macro
tariff_eu_threat,KXFED-27JAN-T0.25,unscheduled_macro,macro_bucket,5,23,False,0.02304347826086961,0.5939574310756246,0.02433425160697893,4.0,0.04200000000000004,,31.0,2.5652173913043477,0.0,0.965,,,M?,Unknown,True,unsched_macro
tariff_eu_threat,KXFED-27JAN-T0.00,unscheduled_macro,macro_bucket,1,22,False,-0.0009090909090911925,-0.037973238197024806,-0.0009315323707501737,4.0,0.010000000000000009,,264.0,0.0,0.0,0.975,,,M?,Unknown,True,unsched_macro
tariff_eu_threat,KXFED-27JAN-T0.00,unscheduled_macro,macro_bucket,3,22,False,0.004090909090908812,0.19028541378395536,0.004191895668374189,28.0,0.01666666666666668,,296.0,0.0,15.900000000000091,0.975,,,M?,Unknown,True,unsched_macro
tariff_eu_threat,KXFED-27JAN-T0.00,unscheduled_macro,macro_bucket,5,22,False,0.004090909090908812,0.19028541378395536,0.004191895668374189,28.0,0.018000000000000016,,296.0,0.0,15.900000000000091,0.975,,,M?,Unknown,True,unsched_macro
tariff_eu_threat,KXFED-26DEC-T5.00,unscheduled_macro,macro_bucket,3,12,True,,,,,0.02,,0.0,7.333333333333333,0.0,,,,M?,Unknown,True,unsched_macro
tariff_eu_threat,KXFED-26DEC-T5.00,unscheduled_macro,macro_bucket,5,12,True,,,,,0.02,,0.0,7.333333333333333,0.0,,,,M?,Unknown,True,unsched_macro
tariff_eu_threat,KXFED-26DEC-T4.75,unscheduled_macro,macro_bucket,3,18,True,,,,,0.01,,0.0,59.2525,0.0,,,,M?,Unknown,True,unsched_macro
tariff_eu_threat,KXFED-26DEC-T4.75,unscheduled_macro,macro_bucket,5,18,True,,,,,0.01,,0.0,59.2525,0.0,,,,M?,Unknown,True,unsched_macro
tariff_eu_threat,KXFED-26DEC-T4.50,unscheduled_macro,macro_bucket,1,18,True,-0.0036111111111111135,-0.16967675035617757,-0.15294117647058833,4.0,0.02,,400.0,42.578947368421055,0.0,0.015,,,M?,Unknown,True,unsched_macro
tariff_eu_threat,KXFED-26DEC-T4.50,unscheduled_macro,macro_bucket,3,18,True,0.006388888888888888,0.24604485791917607,0.2705882352941176,28.0,0.02666666666666667,,1393.24,42.578947368421055,911.3000000000002,0.015,,,M?,Unknown,True,unsched_macro
tariff_eu_threat,KXFED-26DEC-T4.50,unscheduled_macro,macro_bucket,5,18,True,0.0013888888888888874,0.05858190162480259,0.058823529411764636,28.0,0.028000000000000004,,1412.24,42.578947368421055,910.6500000000001,0.015,,,M?,Unknown,True,unsched_macro
tariff_eu_threat,KXFED-26DEC-T4.25,unscheduled_macro,macro_bucket,1,25,False,0.18479999999999996,1.8420936017019554,4.088495575221238,4.0,0.13999999999999999,,6.0,65.8624,0.0,0.20500000000000002,,,M?,Unknown,False,unsched_macro
tariff_eu_threat,KXFED-26DEC-T4.25,unscheduled_macro,macro_bucket,3,25,False,0.2648,2.2502855075143766,5.858407079646017,4.0,0.06999999999999999,,4281.26,65.8624,3438.710000000001,0.20500000000000002,,,M?,Unknown,True,unsched_macro
tariff_eu_threat,KXFED-26DEC-T4.25,unscheduled_macro,macro_bucket,5,25,False,0.29979999999999996,2.409313989022597,6.632743362831857,4.0,0.04599999999999999,,5092.370000000001,65.8624,4068.6400000000012,0.20500000000000002,,,M?,Unknown,True,unsched_macro
tariff_eu_threat,KXFED-26DEC-T4.00,unscheduled_macro,macro_bucket,1,24,False,0.44875000000000004,1.9367738728796704,1.751219512195122,4.0,0.04999999999999993,,3575.24,40.066250000000004,0.0,0.655,,,M?,Unknown,True,unsched_macro
tariff_eu_threat,KXFED-26DEC-T4.00,unscheduled_macro,macro_bucket,3,24,False,0.5787499999999999,2.687037677357496,2.258536585365853,4.0,0.023333333333333317,,9741.249999999998,40.066250000000004,4311.569999999998,0.655,,,M?,Unknown,True,unsched_macro
tariff_eu_threat,KXFED-26DEC-T4.00,unscheduled_macro,macro_bucket,5,24,False,0.5887499999999999,2.761462936845148,2.2975609756097555,4.0,0.017999999999999995,,9933.939999999999,40.066250000000004,4343.99,0.655,,,M?,Unknown,True,unsched_macro
tariff_eu_threat,KXFED-26DEC-T3.75,unscheduled_macro,macro_bucket,1,23,False,0.29891304347826086,2.4091443597102145,0.45559973492379063,4.0,0.010000000000000009,,53.69,485.46478260869566,0.0,0.945,,,M?,Unknown,True,unsched_macro
tariff_eu_threat,KXFED-26DEC-T3.75,unscheduled_macro,macro_bucket,3,23,False,0.3289130434782609,3.5386869490696826,0.501325381047051,4.0,0.010000000000000009,,3141.64,485.46478260869566,-78.13999999999942,0.945,,,M?,Unknown,True,unsched_macro
tariff_eu_threat,KXFED-26DEC-T3.75,unscheduled_macro,macro_bucket,5,23,False,0.3289130434782609,3.5386869490696826,0.501325381047051,4.0,0.010000000000000009,,3219.02,485.46478260869566,-137.52000000000044,0.945,,,M?,Unknown,True,unsched_macro
tariff_eu_threat,KXFED-26DEC-T3.50,unscheduled_macro,macro_bucket,1,25,False,0.08439999999999992,1.3186557474864191,0.09584374290256634,4.0,0.030000000000000027,,0.0,234.268,0.0,0.97,,,M?,Unknown,True,unsched_macro
tariff_eu_threat,KXFED-26DEC-T3.50,unscheduled_macro,macro_bucket,3,25,False,0.09439999999999993,1.6654373537664933,0.10719963661140124,4.0,0.01666666666666668,,197.96,234.268,48.18000000000029,0.97,,,M?,Unknown,True,unsched_macro
tariff_eu_threat,KXFED-26DEC-T3.50,unscheduled_macro,macro_bucket,5,25,False,0.09439999999999993,1.6654373537664933,0.10719963661140124,4.0,0.015000000000000013,,215.96,234.268,48.18000000000029,0.97,,,M?,Unknown,True,unsched_macro
tariff_eu_threat,KXFED-26DEC-T3.25,unscheduled_macro,macro_bucket,1,24,False,-0.0029166666666667895,-0.10528121037209193,-0.0029978586723769995,4.0,0.020000000000000018,,0.0,28.63208333333333,0.0,0.975,,,M?,Unknown,True,unsched_macro
tariff_eu_threat,KXFED-26DEC-T3.25,unscheduled_macro,macro_bucket,3,24,False,0.002083333333333215,0.08218174592228111,0.0021413276231262166,28.0,0.013333333333333345,,166.0,28.63208333333333,18.0,0.975,,,M?,Unknown,True,unsched_macro
tariff_eu_threat,KXFED-26DEC-T3.25,unscheduled_macro,macro_bucket,5,24,False,0.002083333333333215,0.08218174592228111,0.0021413276231262166,28.0,0.012500000000000011,,184.0,28.63208333333333,0.0,0.975,,,M?,Unknown,True,unsched_macro
tariff_eu_threat,KXFED-26DEC-T3.00,unscheduled_macro,macro_bucket,3,21,False,0.0,0.0,0.0,,0.010000000000000009,,82.0,0.0,18.0,0.985,,,M?,Unknown,True,unsched_macro
tariff_eu_threat,KXFED-26DEC-T3.00,unscheduled_macro,macro_bucket,5,21,False,0.0,0.0,0.0,,0.010000000000000009,,100.0,0.0,18.0,0.985,,,M?,Unknown,True,unsched_macro
tariff_eu_threat,KXFED-26DEC-T2.75,unscheduled_macro,macro_bucket,3,23,False,1.1102230246251565e-16,7.105427357601002e-15,1.1271299742387378e-16,,0.010000000000000009,,52.0,2.260869565217391,18.0,0.985,,,M?,Unknown,True,unsched_macro
tariff_eu_threat,KXFED-26DEC-T2.75,unscheduled_macro,macro_bucket,5,23,False,0.01000000000000012,1.1087133846546209,0.010152284263959513,76.0,0.010000000000000009,,67.0,2.260869565217391,3.0,0.985,,,M?,Unknown,True,unsched_macro
tariff_eu_threat,KXFED-26OCT-T4.75,unscheduled_macro,macro_bucket,1,13,True,,,,,0.01,,0.0,0.0,0.0,,,,M?,Unknown,True,unsched_macro
tariff_eu_threat,KXFED-26OCT-T4.75,unscheduled_macro,macro_bucket,3,13,True,,,,,0.01,,0.0,0.0,0.0,,,,M?,Unknown,True,unsched_macro
tariff_eu_threat,KXFED-26OCT-T4.75,unscheduled_macro,macro_bucket,5,13,True,,,,,0.01,,0.0,0.0,0.0,,,,M?,Unknown,True,unsched_macro
tariff_eu_threat,KXFED-26OCT-T4.50,unscheduled_macro,macro_bucket,1,19,True,,,,,0.02,,0.0,0.2,0.0,,,,M?,Unknown,True,unsched_macro
tariff_eu_threat,KXFED-26OCT-T4.50,unscheduled_macro,macro_bucket,3,19,True,-1.734723475976807e-18,0.0,-1.1564823173178712e-16,,0.013333333333333334,,3551.32,0.2,2805.22,,,,M?,Unknown,True,unsched_macro
tariff_eu_threat,KXFED-26OCT-T4.50,unscheduled_macro,macro_bucket,5,19,True,,,,,0.012,,4311.54,0.2,2805.22,,,,M?,Unknown,True,unsched_macro
tariff_eu_threat,KXFED-26OCT-T4.25,unscheduled_macro,macro_bucket,1,5,False,-0.004,-0.24045795967095573,-0.2105263157894737,4.0,0.01,,18.0,78.01105263157895,0.0,0.015,,,M?,Unknown,True,unsched_macro
tariff_eu_threat,KXFED-26OCT-T4.25,unscheduled_macro,macro_bucket,3,5,False,-0.004,-0.24045795967095573,-0.2105263157894737,4.0,0.01,,4880.23,78.01105263157895,4807.25,0.015,,,M?,Unknown,True,unsched_macro
tariff_eu_threat,KXFED-26OCT-T4.25,unscheduled_macro,macro_bucket,5,5,False,-0.004,-0.24045795967095573,-0.2105263157894737,4.0,0.01,,10510.289999999999,78.01105263157895,10328.07,0.015,,,M?,Unknown,True,unsched_macro
tariff_eu_threat,KXFED-26OCT-T4.00,unscheduled_macro,macro_bucket,1,25,False,0.2674,1.938497415281896,3.955621301775148,4.0,0.010000000000000009,,1884.14,245.06399999999996,0.0,0.315,,,M?,Unknown,True,unsched_macro
tariff_eu_threat,KXFED-26OCT-T4.00,unscheduled_macro,macro_bucket,3,25,False,0.4374,2.644154590819353,6.470414201183432,4.0,0.00999999999999999,,14826.109999999999,245.06399999999996,8664.819999999998,0.315,,,M?,Unknown,True,unsched_macro
tariff_eu_threat,KXFED-26OCT-T4.00,unscheduled_macro,macro_bucket,5,25,False,0.49739999999999995,2.88563362417044,7.357988165680472,4.0,0.009999999999999976,,30118.26,245.06399999999996,15541.769999999999,0.315,,,M?,Unknown,True,unsched_macro
tariff_eu_threat,KXFED-26OCT-T3.75,unscheduled_macro,macro_bucket,1,25,False,0.33540000000000003,1.871466718575359,0.6047601875225388,4.0,0.040000000000000036,,1152.0,246.51160000000004,0.0,0.885,,,M?,Unknown,True,unsched_macro
tariff_eu_threat,KXFED-26OCT-T3.75,unscheduled_macro,macro_bucket,3,25,False,0.4354,4.375845471776179,0.7850703209520375,4.0,0.023333333333333355,,10528.789999999999,246.51160000000004,7323.25,0.885,,,M?,Unknown,True,unsched_macro
tariff_eu_threat,KXFED-26OCT-T3.75,unscheduled_macro,macro_bucket,5,25,False,0.4354,4.375845471776179,0.7850703209520375,4.0,0.02200000000000002,,10877.369999999999,246.51160000000004,7666.83,0.885,,,M?,Unknown,True,unsched_macro
tariff_eu_threat,KXFED-26OCT-T3.50,unscheduled_macro,macro_bucket,1,23,False,0.04608695652173911,2.3715168705949474,0.0485681557846506,4.0,0.010000000000000009,,0.0,194.77652173913046,0.0,0.995,,,M?,Unknown,True,unsched_macro
tariff_eu_threat,KXFED-26OCT-T3.50,unscheduled_macro,macro_bucket,3,23,False,0.041086956521739104,1.673331896005045,0.04329896907216492,4.0,0.01666666666666668,,0.0,194.77652173913046,0.0,0.995,,,M?,Unknown,True,unsched_macro
tariff_eu_threat,KXFED-26OCT-T3.50,unscheduled_macro,macro_bucket,5,23,False,0.041086956521739104,1.673331896005045,0.04329896907216492,4.0,0.01666666666666668,,0.0,194.77652173913046,0.0,0.995,,,M?,Unknown,True,unsched_macro
tariff_eu_threat,KXFED-26OCT-T3.25,unscheduled_macro,macro_bucket,3,25,False,0.010399999999999965,1.1354368668199726,0.01056266504164124,28.0,0.010000000000000009,,10.0,18.9656,0.0,0.995,,,M?,Unknown,True,unsched_macro
tariff_eu_threat,KXFED-26OCT-T3.25,unscheduled_macro,macro_bucket,5,25,False,0.010399999999999965,1.1354368668199726,0.01056266504164124,28.0,0.010000000000000009,,10.0,18.9656,0.0,0.995,,,M?,Unknown,True,unsched_macro
tariff_eu_threat,KXFED-26OCT-T3.00,unscheduled_macro,macro_bucket,3,19,False,0.007368421052631358,0.9131416272995114,0.0074606981081798964,28.0,0.010000000000000009,,0.0,29.894736842105264,0.0,0.995,,,M?,Unknown,True,unsched_macro
tariff_eu_threat,KXFED-26OCT-T3.00,unscheduled_macro,macro_bucket,5,19,False,0.007368421052631358,0.9131416272995114,0.0074606981081798964,28.0,0.010000000000000009,,0.0,29.894736842105264,0.0,0.995,,,M?,Unknown,True,unsched_macro
tariff_eu_threat,KXFED-26OCT-T2.75,unscheduled_macro,macro_bucket,3,21,False,0.008095238095237822,0.9709799423875465,0.008202653799758467,28.0,0.010000000000000009,,0.0,12.333809523809524,0.0,0.995,,,M?,Unknown,True,unsched_macro
tariff_eu_threat,KXFED-26OCT-T2.75,unscheduled_macro,macro_bucket,5,21,False,0.008095238095237822,0.9709799423875465,0.008202653799758467,28.0,0.010000000000000009,,0.0,12.333809523809524,0.0,0.995,,,M?,Unknown,True,unsched_macro
tariff_eu_threat,KXFED-26SEP-T4.75,unscheduled_macro,macro_bucket,1,5,True,,,,,0.01,,0.0,19808.9745,0.0,,,,M?,Unknown,True,unsched_macro
tariff_eu_threat,KXFED-26SEP-T4.75,unscheduled_macro,macro_bucket,3,5,True,0.0,0.0,0.0,,0.505,,350.67,19808.9745,350.6700000000128,,,,M?,Unknown,False,unsched_macro
tariff_eu_threat,KXFED-26SEP-T4.75,unscheduled_macro,macro_bucket,5,5,True,0.0,0.0,0.0,,0.505,,350.67,19808.9745,350.6700000000128,,,,M?,Unknown,False,unsched_macro
tariff_eu_threat,KXFED-26SEP-T4.50,unscheduled_macro,macro_bucket,1,6,False,,,,,0.01,,0.0,7472.50238095238,0.0,,,,M?,Unknown,True,unsched_macro
tariff_eu_threat,KXFED-26SEP-T4.50,unscheduled_macro,macro_bucket,3,6,False,0.0,0.0,0.0,,0.505,,93.5,7472.50238095238,93.5,,,,M?,Unknown,False,unsched_macro
tariff_eu_threat,KXFED-26SEP-T4.50,unscheduled_macro,macro_bucket,5,6,False,0.0,0.0,0.0,,0.505,,93.5,7472.50238095238,93.5,,,,M?,Unknown,False,unsched_macro
tariff_eu_threat,KXFED-26SEP-T4.25,unscheduled_macro,macro_bucket,1,15,False,0.0,0.0,0.0,,0.01,,2367.83,863.5072727272727,0.0,0.01,,,M?,Unknown,True,unsched_macro
tariff_eu_threat,KXFED-26SEP-T4.25,unscheduled_macro,macro_bucket,3,15,False,0.0,0.0,0.0,,0.505,,38509.020000000004,863.5072727272727,35923.71,0.01,,,M?,Unknown,False,unsched_macro
tariff_eu_threat,KXFED-26SEP-T4.25,unscheduled_macro,macro_bucket,5,15,False,0.0,0.0,0.0,,0.505,,38509.020000000004,863.5072727272727,35923.71,0.01,,,M?,Unknown,False,unsched_macro
tariff_eu_threat,KXFED-26SEP-T4.00,unscheduled_macro,macro_bucket,1,24,False,-0.0033333333333333305,-0.2910547569304196,-0.24999999999999983,4.0,0.01,,143172.54,4417.394800000001,0.0,0.01,,,M?,Unknown,True,unsched_macro
tariff_eu_threat,KXFED-26SEP-T4.00,unscheduled_macro,macro_bucket,3,24,False,0.00666666666666667,0.4122447950935437,0.5000000000000003,28.0,0.505,,253259.71000000002,4417.394800000001,100476.67999999993,0.01,,,M?,Unknown,False,unsched_macro
tariff_eu_threat,KXFED-26SEP-T4.00,unscheduled_macro,macro_bucket,5,24,False,0.00666666666666667,0.4122447950935437,0.5000000000000003,28.0,0.505,,253259.71000000002,4417.394800000001,100476.67999999993,0.01,,,M?,Unknown,False,unsched_macro
tariff_eu_threat,KXFED-26SEP-T3.75,unscheduled_macro,macro_bucket,1,25,False,0.44559999999999994,2.1826916616161594,1.0624701955174056,4.0,0.010000000000000009,,86069.34,14999.8692,0.0,0.875,,,M?,Unknown,True,unsched_macro
tariff_eu_threat,KXFED-26SEP-T3.75,unscheduled_macro,macro_bucket,3,25,False,0.44059999999999994,2.1405268997609586,1.0505484024797327,4.0,0.505,,129962.32,14999.8692,34545.5,0.875,,,M?,Unknown,False,unsched_macro
tariff_eu_threat,KXFED-26SEP-T3.75,unscheduled_macro,macro_bucket,5,25,False,0.44059999999999994,2.1405268997609586,1.0505484024797327,4.0,0.505,,129962.32,14999.8692,34545.5,0.875,,,M?,Unknown,False,unsched_macro
tariff_eu_threat,KXFED-26SEP-T3.50,unscheduled_macro,macro_bucket,1,21,False,0.0007142857142855563,0.13424952550993563,0.0007183908045975422,4.0,0.010000000000000009,,4258.41,11169.791428571429,0.0,0.995,,,M?,Unknown,True,unsched_macro
tariff_eu_threat,KXFED-26SEP-T3.50,unscheduled_macro,macro_bucket,3,21,False,-0.004285714285714448,-0.5639354490799668,-0.00431034482758637,28.0,0.505,,40961.350000000006,11169.791428571429,27359.940000000002,0.995,,,M?,Unknown,False,unsched_macro
tariff_eu_threat,KXFED-26SEP-T3.50,unscheduled_macro,macro_bucket,5,21,False,-0.004285714285714448,-0.5639354490799668,-0.00431034482758637,28.0,0.505,,40961.350000000006,11169.791428571429,27359.940000000002,0.995,,,M?,Unknown,False,unsched_macro
tariff_eu_threat,KXFED-26SEP-T3.25,unscheduled_macro,macro_bucket,1,9,False,0.0,0.0,0.0,,0.010000000000000009,,93.51,374.22222222222223,0.0,0.995,,,M?,Unknown,True,unsched_macro
tariff_eu_threat,KXFED-26SEP-T3.25,unscheduled_macro,macro_bucket,3,9,False,-0.0050000000000000044,-0.6981849745899025,-0.005025125628140708,28.0,0.505,,694.35,374.22222222222223,426.5100000000002,0.995,,,M?,Unknown,False,unsched_macro
tariff_eu_threat,KXFED-26SEP-T3.25,unscheduled_macro,macro_bucket,5,9,False,-0.0050000000000000044,-0.6981849745899025,-0.005025125628140708,28.0,0.505,,694.35,374.22222222222223,426.5100000000002,0.995,,,M?,Unknown,False,unsched_macro
tariff_eu_threat,KXFED-26SEP-T3.00,unscheduled_macro,macro_bucket,1,18,False,0.0,0.0,0.0,,0.010000000000000009,,467.59,0.0,0.0,0.995,,,M?,Unknown,True,unsched_macro
tariff_eu_threat,KXFED-26SEP-T3.00,unscheduled_macro,macro_bucket,3,18,False,-0.0050000000000000044,-0.6981849745899025,-0.005025125628140708,28.0,0.505,,495.64,0.0,28.050000000000182,0.995,,,M?,Unknown,False,unsched_macro
tariff_eu_threat,KXFED-26SEP-T3.00,unscheduled_macro,macro_bucket,5,18,False,-0.0050000000000000044,-0.6981849745899025,-0.005025125628140708,28.0,0.505,,495.64,0.0,28.050000000000182,0.995,,,M?,Unknown,False,unsched_macro
tariff_eu_threat,KXFED-26SEP-T2.75,unscheduled_macro,macro_bucket,1,20,False,-1.1102230246251565e-16,-2.220446049250313e-14,-1.1158020347991522e-16,,0.010000000000000009,,93.51,297.4005,0.0,0.995,,,M?,Unknown,True,unsched_macro
tariff_eu_threat,KXFED-26SEP-T2.75,unscheduled_macro,macro_bucket,3,20,False,-0.0050000000000001155,-0.6981849745899247,-0.005025125628140819,28.0,0.505,,10317.94,297.4005,9257.429999999998,0.995,,,M?,Unknown,False,unsched_macro
tariff_eu_threat,KXFED-26SEP-T2.75,unscheduled_macro,macro_bucket,5,20,False,-0.0050000000000001155,-0.6981849745899247,-0.005025125628140819,28.0,0.505,,10317.94,297.4005,9257.429999999998,0.995,,,M?,Unknown,False,unsched_macro
tariff_eu_threat,KXCPI-26SEP-T0.6,unscheduled_macro,macro_bucket,1,25,False,-0.08120000000000005,-0.5222844394097736,-0.3437764606265878,4.0,0.010000000000000009,,2982.17,2171.4552,0.0,0.155,,,M?,Unknown,True,unsched_macro
tariff_eu_threat,KXCPI-26SEP-T0.6,unscheduled_macro,macro_bucket,3,25,False,0.13879999999999995,0.6628014472621628,0.5876375952582554,52.0,0.010000000000000009,,15816.76,2171.4552,7048.04,0.155,,,M?,Unknown,True,unsched_macro
tariff_eu_threat,KXCPI-26SEP-T0.6,unscheduled_macro,macro_bucket,5,25,False,0.008799999999999947,0.04816753232385573,0.0372565622353935,28.0,0.034000000000000016,,18389.489999999998,2171.4552,8923.259999999998,0.155,,,M?,Unknown,True,unsched_macro
tariff_eu_threat,KXCPI-26SEP-T-0.4,unscheduled_macro,macro_bucket,1,20,False,0.09899999999999998,2.494123304892923,0.11111111111111108,4.0,0.020000000000000018,,25.0,35.5,0.0,0.995,,,M?,Unknown,True,unsched_macro
tariff_eu_threat,KXCPI-26SEP-T-0.4,unscheduled_macro,macro_bucket,3,20,False,0.10399999999999998,3.1923082794828255,0.11672278338945004,4.0,0.013333333333333345,,33.0,35.5,8.0,0.995,,,M?,Unknown,True,unsched_macro
tariff_eu_threat,KXCPI-26SEP-T-0.4,unscheduled_macro,macro_bucket,5,20,False,0.10399999999999998,3.1923082794828255,0.11672278338945004,4.0,0.01200000000000001,,220.02,35.5,101.50999999999976,0.995,,,M?,Unknown,True,unsched_macro
tariff_eu_threat,KXCPI-26SEP-T-0.3,unscheduled_macro,macro_bucket,1,22,False,0.10295454545454552,2.1726471918668606,0.11672249420252521,4.0,0.010000000000000009,,0.0,47.817727272727275,0.0,0.995,,,M?,Unknown,True,unsched_macro
tariff_eu_threat,KXCPI-26SEP-T-0.3,unscheduled_macro,macro_bucket,3,22,False,0.11295454545454553,3.2813605765214744,0.128059778407627,4.0,0.010000000000000009,,28.28,47.817727272727275,-12.2800000000002,0.995,,,M?,Unknown,True,unsched_macro
tariff_eu_threat,KXCPI-26SEP-T-0.3,unscheduled_macro,macro_bucket,5,22,False,0.10295454545454552,2.1726471918668606,0.11672249420252521,4.0,0.010000000000000009,,34.28,47.817727272727275,-6.2800000000002,0.995,,,M?,Unknown,True,unsched_macro
tariff_eu_threat,KXCPI-26SEP-T-0.2,unscheduled_macro,macro_bucket,1,22,False,0.14409090909090916,2.892250700872789,0.17033852767329402,4.0,0.020000000000000018,,1395.0,65.27272727272727,0.0,0.995,,,M?,Unknown,True,unsched_macro
tariff_eu_threat,KXCPI-26SEP-T-0.2,unscheduled_macro,macro_bucket,3,22,False,0.14909090909090916,3.5904356754626914,0.17624932831810863,4.0,0.013333333333333345,,1661.0,65.27272727272727,0.0,0.995,,,M?,Unknown,True,unsched_macro
tariff_eu_threat,KXCPI-26SEP-T-0.2,unscheduled_macro,macro_bucket,5,22,False,0.14909090909090916,3.5904356754626914,0.17624932831810863,4.0,0.01200000000000001,,1671.0,65.27272727272727,0.0,0.995,,,M?,Unknown,True,unsched_macro
tariff_eu_threat,KXCPI-26NOV-T0.5,unscheduled_macro,macro_bucket,1,8,False,-0.16999999999999998,-0.9095065938072748,-0.49275362318840576,4.0,0.03,,4.0,18.944444444444443,0.0,0.19,,,M?,Unknown,True,unsched_macro
tariff_eu_threat,KXCPI-26NOV-T0.5,unscheduled_macro,macro_bucket,3,8,False,-0.20499999999999996,-1.174199148034357,-0.5942028985507246,4.0,0.03,,12.0,18.944444444444443,-4.0,0.19,,,M?,Unknown,True,unsched_macro
tariff_eu_threat,KXCPI-26NOV-T0.5,unscheduled_macro,macro_bucket,5,8,False,-0.20999999999999996,-1.2163639098895578,-0.608695652173913,4.0,0.028000000000000004,,25.0,18.944444444444443,9.0,0.19,,,M?,Unknown,True,unsched_macro
tariff_eu_threat,KXCPI-26NOV-T0.4,unscheduled_macro,macro_bucket,1,5,False,-0.01899999999999996,-0.09543474442717481,-0.0669014084507041,4.0,0.010000000000000009,,5.0,77.75,0.0,0.28500000000000003,,,M?,Unknown,True,unsched_macro
tariff_eu_threat,KXCPI-26NOV-T0.4,unscheduled_macro,macro_bucket,3,5,False,-0.11899999999999997,-0.6967803221508351,-0.4190140845070422,52.0,0.03000000000000001,,6.0,77.75,0.0,0.28500000000000003,,,M?,Unknown,True,unsched_macro
tariff_eu_threat,KXCPI-26NOV-T0.4,unscheduled_macro,macro_bucket,5,5,False,-0.10399999999999998,-0.5916415605686489,-0.3661971830985915,52.0,0.046,,14.0,77.75,3.0,0.28500000000000003,,,M?,Unknown,True,unsched_macro
tariff_eu_threat,KXCPI-26NOV-T0.3,unscheduled_macro,macro_bucket,1,21,False,0.03785714285714287,0.1540249964235864,0.09075342465753426,4.0,0.010000000000000009,,183.0,8.537619047619048,0.0,0.455,,,M?,Unknown,True,unsched_macro
tariff_eu_threat,KXCPI-26NOV-T0.3,unscheduled_macro,macro_bucket,3,21,False,-0.14714285714285713,-0.660109203008182,-0.3527397260273972,52.0,0.08999999999999998,,1357.0,8.537619047619048,543.01,0.455,,,M?,Unknown,False,unsched_macro
tariff_eu_threat,KXCPI-26NOV-T0.3,unscheduled_macro,macro_bucket,5,21,False,-0.11714285714285716,-0.5127844882513236,-0.2808219178082192,52.0,0.07999999999999999,,1374.0,8.537619047619048,538.01,0.455,,,M?,Unknown,True,unsched_macro
tariff_eu_threat,KXCPI-26NOV-T0.2,unscheduled_macro,macro_bucket,1,18,False,0.05111111111111111,0.21496925795046834,0.08753568030447192,4.0,0.010000000000000009,,51.0,9.666666666666666,0.0,0.64,,,M?,Unknown,True,unsched_macro
tariff_eu_threat,KXCPI-26NOV-T0.2,unscheduled_macro,macro_bucket,3,18,False,-0.12388888888888894,-0.4991010374349113,-0.2121788772597527,28.0,0.06333333333333331,,906.14,9.666666666666666,555.1400000000001,0.64,,,M?,Unknown,True,unsched_macro
tariff_eu_threat,KXCPI-26NOV-T0.2,unscheduled_macro,macro_bucket,5,18,False,-0.1288888888888889,-0.5192467630720253,-0.22074215033301617,28.0,0.041999999999999996,,917.14,9.666666666666666,559.1400000000001,0.64,,,M?,Unknown,True,unsched_macro
tariff_eu_threat,KXCPI-26NOV-T0.1,unscheduled_macro,macro_bucket,1,17,False,0.02529411764705891,0.14627041840195276,0.03307692307692319,4.0,0.040000000000000036,,307.0,4.108421052631579,0.0,0.815,,,M?,Unknown,True,unsched_macro
tariff_eu_threat,KXCPI-26NOV-T0.1,unscheduled_macro,macro_bucket,3,17,False,-0.1097058823529411,-0.5375641777377537,-0.14346153846153836,52.0,0.04666666666666667,,1554.2,4.108421052631579,395.19000000000005,0.815,,,M?,Unknown,True,unsched_macro
tariff_eu_threat,KXCPI-26NOV-T0.1,unscheduled_macro,macro_bucket,5,17,False,-0.09970588235294109,-0.49299848751085806,-0.13038461538461527,52.0,0.052000000000000005,,2139.2,4.108421052631579,525.19,0.815,,,M?,Unknown,True,unsched_macro
tariff_eu_threat,KXCPI-26NOV-T-0.1,unscheduled_macro,macro_bucket,1,8,False,0.07874999999999988,1.0323825566355507,0.09038737446197977,4.0,0.020000000000000018,,100.0,0.625,0.0,0.935,,,M?,Unknown,True,unsched_macro
tariff_eu_threat,KXCPI-26NOV-T-0.1,unscheduled_macro,macro_bucket,3,8,False,-0.06625000000000003,-0.49421370367607187,-0.07604017216642757,52.0,0.013333333333333345,,134.0,0.625,34.0,0.935,,,M?,Unknown,True,unsched_macro
tariff_eu_threat,KXCPI-26NOV-T-0.1,unscheduled_macro,macro_bucket,5,8,False,-0.06625000000000003,-0.49421370367607187,-0.07604017216642757,52.0,0.01200000000000001,,454.0,0.625,354.0,0.935,,,M?,Unknown,True,unsched_macro
tariff_eu_threat,KXCPI-26NOV-T0.0,unscheduled_macro,macro_bucket,1,19,False,0.10105263157894728,0.7328875092094591,0.1297297297297296,4.0,0.08000000000000007,,341.0,3.6842105263157894,0.0,0.915,,,M?,Unknown,False,unsched_macro
tariff_eu_threat,KXCPI-26NOV-T0.0,unscheduled_macro,macro_bucket,3,19,False,0.011052631578947314,0.06538275926285153,0.014189189189189117,4.0,0.04666666666666671,,707.0,3.6842105263157894,136.0,0.915,,,M?,Unknown,True,unsched_macro
tariff_eu_threat,KXCPI-26NOV-T0.0,unscheduled_macro,macro_bucket,5,19,False,-0.003947368421052699,-0.022780028331820024,-0.005067567567567654,100.0,0.03600000000000003,,918.0,3.6842105263157894,224.0,0.915,,,M?,Unknown,True,unsched_macro
tariff_eu_threat,KXCPI-26OCT-T0.5,unscheduled_macro,macro_bucket,1,6,False,-0.11666666666666664,-0.7370437618193582,-0.44585987261146487,4.0,0.009999999999999981,,1.0,118.5625,0.0,0.19,,,M?,Unknown,True,unsched_macro
tariff_eu_threat,KXCPI-26OCT-T0.5,unscheduled_macro,macro_bucket,3,6,False,0.09833333333333333,0.4619598197932657,0.375796178343949,52.0,0.033333333333333326,,719.01,118.5625,575.0099999999999,0.19,,,M?,Unknown,True,unsched_macro
tariff_eu_threat,KXCPI-26OCT-T0.5,unscheduled_macro,macro_bucket,5,6,False,-0.06166666666666665,-0.34897039642306305,-0.23566878980891712,4.0,0.03,,1689.02,118.5625,423.11,0.19,,,M?,Unknown,True,unsched_macro
tariff_eu_threat,KXCPI-26OCT-T0.4,unscheduled_macro,macro_bucket,1,5,False,-0.06499999999999995,-0.31195561530212856,-0.19696969696969682,4.0,0.010000000000000009,,4.0,103.82352941176471,0.0,0.345,,,M?,Unknown,True,unsched_macro
tariff_eu_threat,KXCPI-26OCT-T0.4,unscheduled_macro,macro_bucket,3,5,False,0.16500000000000004,0.6881843912178164,0.5000000000000002,28.0,0.010000000000000009,,1409.44,103.82352941176471,865.3500000000001,0.345,,,M?,Unknown,True,unsched_macro
tariff_eu_threat,KXCPI-26OCT-T0.4,unscheduled_macro,macro_bucket,5,5,False,0.015000000000000013,0.06709423932059377,0.0454545454545455,28.0,0.017999999999999995,,2056.7200000000003,103.82352941176471,464.45000000000005,0.345,,,M?,Unknown,True,unsched_macro
tariff_eu_threat,KXCPI-26OCT-T0.3,unscheduled_macro,macro_bucket,1,23,False,0.1436956521739131,0.5897080480250988,0.39771359807460915,4.0,0.030000000000000027,,54.0,148.59608695652173,0.0,0.44499999999999995,,,M?,Unknown,True,unsched_macro
tariff_eu_threat,KXCPI-26OCT-T0.3,unscheduled_macro,macro_bucket,3,23,False,0.30369565217391314,1.2553638901492172,0.840553549939832,28.0,0.03666666666666666,,1400.0,148.59608695652173,919.0,0.44499999999999995,,,M?,Unknown,True,unsched_macro
tariff_eu_threat,KXCPI-26OCT-T0.3,unscheduled_macro,macro_bucket,5,23,False,0.20869565217391317,0.8515585334594173,0.577617328519856,4.0,0.082,,3108.3,148.59608695652173,1146.15,0.44499999999999995,,,M?,Unknown,False,unsched_macro
tariff_eu_threat,KXCPI-26OCT-T0.2,unscheduled_macro,macro_bucket,1,22,False,0.0193181818181819,0.08087441786116278,0.03243037008775291,4.0,0.010000000000000009,,8.0,5.086363636363637,0.0,0.5800000000000001,,,M?,Unknown,True,unsched_macro
tariff_eu_threat,KXCPI-26OCT-T0.2,unscheduled_macro,macro_bucket,3,22,False,0.20431818181818195,0.99878984546232,0.34299885539870306,28.0,0.06333333333333331,,1826.7600000000002,5.086363636363637,1120.17,0.5800000000000001,,,M?,Unknown,True,unsched_macro
tariff_eu_threat,KXCPI-26OCT-T0.2,unscheduled_macro,macro_bucket,5,22,False,0.12431818181818188,0.5569570931832805,0.20869896985883266,28.0,0.061999999999999965,,4073.7200000000003,5.086363636363637,1594.07,0.5800000000000001,,,M?,Unknown,True,unsched_macro
tariff_eu_threat,KXCPI-26OCT-T0.1,unscheduled_macro,macro_bucket,1,16,False,-0.083125,-0.3879978075907602,-0.11416309012875536,4.0,0.030000000000000027,,4.0,4.171875,0.0,0.63,,,M?,Unknown,True,unsched_macro
tariff_eu_threat,KXCPI-26OCT-T0.1,unscheduled_macro,macro_bucket,3,16,False,0.14687499999999998,0.9607798141441962,0.20171673819742486,28.0,0.03333333333333336,,1535.9299999999998,4.171875,1027.52,0.63,,,M?,Unknown,True,unsched_macro
tariff_eu_threat,KXCPI-26OCT-T0.1,unscheduled_macro,macro_bucket,5,16,False,0.08187500000000003,0.46487984059488163,0.11244635193133051,28.0,0.050000000000000024,,2740.93,4.171875,1361.52,0.63,,,M?,Unknown,True,unsched_macro
tariff_eu_threat,KXCPI-26OCT-T-0.1,unscheduled_macro,macro_bucket,1,17,False,-0.029705882352941138,-0.20603115192086796,-0.03537653239929943,4.0,0.019999999999999907,,8.0,0.5294117647058824,0.0,0.79,,,M?,Unknown,True,unsched_macro
tariff_eu_threat,KXCPI-26OCT-T-0.1,unscheduled_macro,macro_bucket,3,17,False,0.11529411764705877,1.3990075232835428,0.13730297723292462,28.0,0.013333333333333308,,833.04,0.5294117647058824,171.51999999999998,0.79,,,M?,Unknown,True,unsched_macro
tariff_eu_threat,KXCPI-26OCT-T-0.1,unscheduled_macro,macro_bucket,5,17,False,0.015294117647058791,0.11832639908931908,0.01821366024518385,28.0,0.03599999999999999,,2836.7,0.5294117647058824,1079.07,0.79,,,M?,Unknown,True,unsched_macro
tariff_eu_threat,KXCPI-26OCT-T0.0,unscheduled_macro,macro_bucket,1,14,False,0.013214285714285845,0.08533960173261845,0.016481069042316426,4.0,0.029999999999999916,,2.0,0.9285714285714286,0.0,0.76,,,M?,Unknown,True,unsched_macro
tariff_eu_threat,KXCPI-26OCT-T0.0,unscheduled_macro,macro_bucket,3,14,False,0.13821428571428584,1.354042626612029,0.17238307349665943,28.0,0.019999999999999945,,1161.5900000000001,0.9285714285714286,873.0,0.76,,,M?,Unknown,True,unsched_macro
tariff_eu_threat,KXCPI-26OCT-T0.0,unscheduled_macro,macro_bucket,5,14,False,0.05321428571428588,0.3768750400862666,0.06636971046770623,28.0,0.049999999999999975,,2609.6000000000004,0.9285714285714286,1483.0,0.76,,,M?,Unknown,True,unsched_macro
tariff_eu_threat,KXCPI-26SEP-T0.5,unscheduled_macro,macro_bucket,1,19,False,0.15631578947368419,0.666048599723414,0.5063938618925831,4.0,0.009999999999999953,,3279.86,71.54166666666667,0.0,0.41000000000000003,,,M?,Unknown,True,unsched_macro
tariff_eu_threat,KXCPI-26SEP-T0.5,unscheduled_macro,macro_bucket,3,19,False,0.37131578947368415,1.5600497434084444,1.2028985507246375,28.0,0.016666666666666625,,27304.9,71.54166666666667,17092.65,0.41000000000000003,,,M?,Unknown,True,unsched_macro
tariff_eu_threat,KXCPI-26SEP-T0.5,unscheduled_macro,macro_bucket,5,19,False,0.3263157894736842,1.3600055863422646,1.0571184995737426,28.0,0.02599999999999999,,30205.130000000005,71.54166666666667,18873.309999999998,0.41000000000000003,,,M?,Unknown,True,unsched_macro
tariff_eu_threat,KXCPI-26SEP-T0.4,unscheduled_macro,macro_bucket,1,25,False,0.36019999999999996,1.5657946852280031,0.8898221343873516,4.0,0.050000000000000044,,4458.04,114.8968,0.0,0.665,,,M?,Unknown,True,unsched_macro
tariff_eu_threat,KXCPI-26SEP-T0.4,unscheduled_macro,macro_bucket,3,25,False,0.5251999999999999,2.9721937096435678,1.2974308300395252,4.0,0.043333333333333335,,19873.57,114.8968,9276.449999999999,0.665,,,M?,Unknown,True,unsched_macro
tariff_eu_threat,KXCPI-26SEP-T0.4,unscheduled_macro,macro_bucket,5,25,False,0.3952,1.7717987266655169,0.9762845849802371,4.0,0.048,,23547.64,114.8968,10253.4,0.665,,,M?,Unknown,True,unsched_macro
tariff_eu_threat,KXCPI-26SEP-T0.3,unscheduled_macro,macro_bucket,1,25,False,0.4528,3.0462487939204164,0.9016328156113103,4.0,0.030000000000000027,,305.0,22.151999999999997,0.0,0.925,,,M?,Unknown,True,unsched_macro
tariff_eu_threat,KXCPI-26SEP-T0.3,unscheduled_macro,macro_bucket,3,25,False,0.4828,4.1757913832798845,0.9613699721226604,4.0,0.020000000000000018,,1698.1299999999999,22.151999999999997,458.22,0.925,,,M?,Unknown,True,unsched_macro
tariff_eu_threat,KXCPI-26SEP-T0.3,unscheduled_macro,macro_bucket,5,25,False,0.4528,3.0462487939204164,0.9016328156113103,4.0,0.03200000000000001,,3432.52,22.151999999999997,-480.1400000000001,0.925,,,M?,Unknown,True,unsched_macro
tariff_eu_threat,KXCPI-26SEP-T0.2,unscheduled_macro,macro_bucket,1,25,False,0.3548,3.6515165296997276,0.5629958743256109,4.0,0.010000000000000009,,3771.0,52.65559999999999,0.0,0.955,,,M?,Unknown,True,unsched_macro
tariff_eu_threat,KXCPI-26SEP-T0.2,unscheduled_macro,macro_bucket,3,25,False,0.3548,3.6515165296997276,0.5629958743256109,4.0,0.010000000000000009,,4553.09,52.65559999999999,563.0500000000002,0.955,,,M?,Unknown,True,unsched_macro
tariff_eu_threat,KXCPI-26SEP-T0.2,unscheduled_macro,macro_bucket,5,25,False,0.3548,3.6515165296997276,0.5629958743256109,4.0,0.010000000000000009,,5040.59,52.65559999999999,663.0500000000002,0.955,,,M?,Unknown,True,unsched_macro
tariff_eu_threat,KXCPI-26SEP-T0.1,unscheduled_macro,macro_bucket,1,23,False,0.23304347826086946,3.075516980994784,0.30991616074009815,4.0,0.010000000000000009,,1998.0,62.18130434782609,0.0,0.975,,,M?,Unknown,True,unsched_macro
tariff_eu_threat,KXCPI-26SEP-T0.1,unscheduled_macro,macro_bucket,3,23,False,0.23304347826086946,3.075516980994784,0.30991616074009815,4.0,0.010000000000000009,,2004.54,62.18130434782609,5.039999999999964,0.975,,,M?,Unknown,True,unsched_macro
tariff_eu_threat,KXCPI-26SEP-T0.1,unscheduled_macro,macro_bucket,5,23,False,0.23304347826086946,3.075516980994784,0.30991616074009815,4.0,0.010000000000000009,,2445.5299999999997,62.18130434782609,6.0300000000002,0.975,,,M?,Unknown,True,unsched_macro
tariff_eu_threat,KXCPI-26SEP-T-0.1,unscheduled_macro,macro_bucket,1,24,False,0.1579166666666666,2.6194957671792847,0.19093198992443314,4.0,0.010000000000000009,,0.0,26.46375,0.0,0.985,,,M?,Unknown,True,unsched_macro
tariff_eu_threat,KXCPI-26SEP-T-0.1,unscheduled_macro,macro_bucket,3,24,False,0.1679166666666666,3.7282091518338984,0.2030226700251888,4.0,0.010000000000000009,,2005.04,26.46375,2005.04,0.985,,,M?,Unknown,True,unsched_macro
tariff_eu_threat,KXCPI-26SEP-T-0.1,unscheduled_macro,macro_bucket,5,24,False,0.1679166666666666,3.7282091518338984,0.2030226700251888,4.0,0.010000000000000009,,2564.04,26.46375,2005.04,0.985,,,M?,Unknown,True,unsched_macro
tariff_eu_threat,KXCPI-26SEP-T0.0,unscheduled_macro,macro_bucket,1,22,False,0.19159090909090915,2.8389930271423207,0.24147808650816394,4.0,0.010000000000000009,,0.0,98.31818181818181,0.0,0.985,,,M?,Unknown,True,unsched_macro
tariff_eu_threat,KXCPI-26SEP-T0.0,unscheduled_macro,macro_bucket,3,22,False,0.19159090909090915,2.8389930271423207,0.24147808650816394,4.0,0.010000000000000009,,11.54,98.31818181818181,1.009999999999991,0.985,,,M?,Unknown,True,unsched_macro
tariff_eu_threat,KXCPI-26SEP-T0.0,unscheduled_macro,macro_bucket,5,22,False,0.20159090909090915,3.9477064117969345,0.2540819249498712,4.0,0.010000000000000009,,2266.54,98.31818181818181,1998.56,0.985,,,M?,Unknown,True,unsched_macro
tariff_eu_threat,KXCPICORE-26NOV-T0.3,unscheduled_macro,macro_bucket,1,10,False,-0.03749999999999998,-0.17917690011448273,-0.11811023622047237,4.0,0.03999999999999998,,0.0,0.1011764705882353,0.0,0.285,,,M?,Unknown,True,unsched_macro
tariff_eu_threat,KXCPICORE-26NOV-T0.3,unscheduled_macro,macro_bucket,3,10,False,-0.04249999999999998,-0.20411584846173492,-0.13385826771653536,4.0,0.02,,121.0,0.1011764705882353,121.0,0.285,,,M?,Unknown,True,unsched_macro
tariff_eu_threat,KXCPICORE-26NOV-T0.3,unscheduled_macro,macro_bucket,5,10,False,-0.2075,-1.3254563882074009,-0.6535433070866141,76.0,0.048,,1976.5,0.1011764705882353,1728.28,0.285,,,M?,Unknown,True,unsched_macro
tariff_eu_threat,KXCPICORE-26NOV-T0.2,unscheduled_macro,macro_bucket,1,23,False,-0.08456521739130429,-0.35407217128358387,-0.1311973018549746,4.0,0.14,,1255.04,0.0,0.0,0.635,,,M?,Unknown,False,unsched_macro
tariff_eu_threat,KXCPICORE-26NOV-T0.2,unscheduled_macro,macro_bucket,3,23,False,-0.06956521739130439,-0.2929533562275386,-0.10792580101180445,4.0,0.07999999999999996,,1255.04,0.0,0.0,0.635,,,M?,Unknown,True,unsched_macro
tariff_eu_threat,KXCPICORE-26NOV-T0.2,unscheduled_macro,macro_bucket,5,23,False,-0.15956521739130436,-0.6552522378267251,-0.24755480607082633,4.0,0.07199999999999997,,1960.04,0.0,505.0,0.635,,,M?,Unknown,True,unsched_macro
tariff_eu_threat,KXCPICORE-26NOV-T0.1,unscheduled_macro,macro_bucket,1,21,False,0.05452380952380964,0.4385309208918351,0.0660513412171908,4.0,0.040000000000000036,,0.0,0.0,0.0,0.8400000000000001,,,M?,Unknown,True,unsched_macro
tariff_eu_threat,KXCPICORE-26NOV-T0.1,unscheduled_macro,macro_bucket,3,21,False,0.06452380952380965,0.5368418531353982,0.0781655610037498,4.0,0.02666666666666669,,0.02,0.0,0.0,0.8400000000000001,,,M?,Unknown,True,unsched_macro
tariff_eu_threat,KXCPICORE-26NOV-T0.1,unscheduled_macro,macro_bucket,5,21,False,-0.0004761904761904079,-0.0033018313872046345,-0.0005768676088836785,100.0,0.02200000000000002,,769.03,0.0,513.99,0.8400000000000001,,,M?,Unknown,True,unsched_macro
tariff_eu_threat,KXCPICORE-26OCT-T0.3,unscheduled_macro,macro_bucket,1,10,False,0.10849999999999999,0.44717801987750494,0.29604365620736695,4.0,0.04999999999999999,,100.0,0.24375,0.0,0.45499999999999996,,,M?,Unknown,True,unsched_macro
tariff_eu_threat,KXCPICORE-26OCT-T0.3,unscheduled_macro,macro_bucket,3,10,False,-0.1915,-1.0033359339766794,-0.5225102319236017,28.0,0.056666666666666664,,1917.2399999999998,0.24375,795.49,0.45499999999999996,,,M?,Unknown,True,unsched_macro
tariff_eu_threat,KXCPICORE-26OCT-T0.3,unscheduled_macro,macro_bucket,5,10,False,-0.10149999999999998,-0.4728791947921269,-0.276944065484311,28.0,0.046,,2874.64,0.24375,315.3,0.45499999999999996,,,M?,Unknown,True,unsched_macro
tariff_eu_threat,KXCPICORE-26OCT-T0.1,unscheduled_macro,macro_bucket,1,18,False,0.17111111111111132,1.309992506090682,0.23002240477968666,4.0,0.06999999999999995,,111.0,0.0,0.0,0.945,,,M?,Unknown,True,unsched_macro
tariff_eu_threat,KXCPICORE-26OCT-T0.1,unscheduled_macro,macro_bucket,3,18,False,0.06111111111111134,0.3515624161602937,0.0821508588498883,4.0,0.02999999999999999,,203.0,0.0,64.99999999999999,0.945,,,M?,Unknown,True,unsched_macro
tariff_eu_threat,KXCPICORE-26OCT-T0.1,unscheduled_macro,macro_bucket,5,18,False,0.06111111111111134,0.3515624161602937,0.0821508588498883,4.0,0.022,,203.0,0.0,64.99999999999999,0.945,,,M?,Unknown,True,unsched_macro
tariff_eu_threat,KXCPICORE-26OCT-T0.0,unscheduled_macro,macro_bucket,1,18,False,0.1036111111111111,0.9865198283612571,0.12614135948596547,4.0,0.08999999999999997,,88.0,0.0,0.0,0.965,,,M?,Unknown,False,unsched_macro
tariff_eu_threat,KXCPICORE-26OCT-T0.0,unscheduled_macro,macro_bucket,3,18,False,0.11361111111111111,1.1403734637781928,0.13831586066959756,4.0,0.03666666666666659,,323.0,0.0,58.99000000000001,0.965,,,M?,Unknown,True,unsched_macro
tariff_eu_threat,KXCPICORE-26OCT-T0.0,unscheduled_macro,macro_bucket,5,18,False,0.11361111111111111,1.1403734637781928,0.13831586066959756,4.0,0.027999999999999914,,470.0,0.0,58.99000000000001,0.965,,,M?,Unknown,True,unsched_macro
tariff_eu_threat,KXCPICORE-26SEP-T0.0,unscheduled_macro,macro_bucket,1,15,False,0.10133333333333328,0.9709158498458037,0.12302711452853088,4.0,0.010000000000000009,,53.6,0.0,0.0,0.915,,,M?,Unknown,True,unsched_macro
tariff_eu_threat,KXCPICORE-26SEP-T0.0,unscheduled_macro,macro_bucket,3,15,False,0.16133333333333322,2.643201665939566,0.19587211655200307,4.0,0.010000000000000009,,1188.0,0.0,810.84,0.915,,,M?,Unknown,True,unsched_macro
tariff_eu_threat,KXCPICORE-26SEP-T0.0,unscheduled_macro,macro_bucket,5,15,False,0.16133333333333322,2.643201665939566,0.19587211655200307,4.0,0.010000000000000009,,1931.1799999999998,0.0,465.51,0.915,,,M?,Unknown,True,unsched_macro
russia_sanctions_bill,KXFED-27APR-T2.25,unscheduled_macro,macro_bucket,1,25,False,-0.11660000000000004,-0.5826673132522024,-0.15014164305949015,4.0,0.58,,0.0,5.28,0.0,0.7,,,M?,Unknown,False,unsched_macro
russia_sanctions_bill,KXFED-27APR-T2.25,unscheduled_macro,macro_bucket,3,25,False,0.17840000000000011,1.8090873200479458,0.22971928920937434,28.0,0.23999999999999996,,102.56,5.28,93.27999999999997,0.7,,,M?,Unknown,False,unsched_macro
russia_sanctions_bill,KXFED-27APR-T2.25,unscheduled_macro,macro_bucket,5,25,False,0.1734,1.698477448503973,0.22328096832346125,28.0,0.19999999999999996,,102.56,5.28,93.27999999999997,0.7,,,M?,Unknown,False,unsched_macro
russia_sanctions_bill,KXCPICORE-26NOV-T0.0,unscheduled_macro,macro_bucket,1,13,False,0.06615384615384601,0.6506930143977285,0.07793384685092868,4.0,0.10999999999999999,,0.0,0.0,0.0,0.87,,,M?,Unknown,False,unsched_macro
russia_sanctions_bill,KXCPICORE-26NOV-T0.0,unscheduled_macro,macro_bucket,3,13,False,0.11615384615384594,1.5912002454620946,0.13683733574988644,4.0,0.043333333333333335,,22.0,0.0,0.0,0.87,,,M?,Unknown,True,unsched_macro
russia_sanctions_bill,KXCPICORE-26NOV-T0.0,unscheduled_macro,macro_bucket,5,13,False,0.11615384615384594,1.5912002454620946,0.13683733574988644,4.0,0.030000000000000006,,22.0,0.0,0.0,0.87,,,M?,Unknown,True,unsched_macro
russia_sanctions_bill,KXCPICORE-26OCT-T0.2,unscheduled_macro,macro_bucket,1,18,False,-0.04916666666666669,-0.2033811380453458,-0.08005427408412487,4.0,0.009999999999999898,,40.0,0.0,0.0,0.5800000000000001,,,M?,Unknown,True,unsched_macro
russia_sanctions_bill,KXCPICORE-26OCT-T0.2,unscheduled_macro,macro_bucket,3,18,False,-0.31416666666666665,-1.312158698490306,-0.5115332428765265,52.0,0.039999999999999925,,1031.21,0.0,611.9,0.5800000000000001,,,M?,Unknown,True,unsched_macro
russia_sanctions_bill,KXCPICORE-26OCT-T0.2,unscheduled_macro,macro_bucket,5,18,False,-0.3391666666666666,-1.4342613952912058,-0.5522388059701492,52.0,0.03399999999999996,,1062.21,0.0,619.7,0.5800000000000001,,,M?,Unknown,True,unsched_macro
russia_sanctions_bill,KXCPICORE-26SEP-T0.2,unscheduled_macro,macro_bucket,1,20,False,-0.1907500000000001,-0.7737295681051928,-0.33130699088145904,4.0,0.030000000000000027,,46.72,0.0,0.0,0.39,,,M?,Unknown,True,unsched_macro
russia_sanctions_bill,KXCPICORE-26SEP-T0.2,unscheduled_macro,macro_bucket,3,20,False,-0.1507500000000001,-0.6076315064593927,-0.26183239253148083,4.0,0.01666666666666668,,2872.82,0.0,1184.55,0.39,,,M?,Unknown,True,unsched_macro
russia_sanctions_bill,KXCPICORE-26SEP-T0.2,unscheduled_macro,macro_bucket,5,20,False,-0.1307500000000001,-0.5262444661666533,-0.22709509335649164,4.0,0.016000000000000014,,14604.24,0.0,12156.34,0.39,,,M?,Unknown,True,unsched_macro
russia_sanctions_bill,KXCPICORE-26SEP-T0.1,unscheduled_macro,macro_bucket,1,19,False,0.0418421052631579,0.266432546367656,0.053427419354838725,4.0,0.010000000000000009,,277.26,0.0,0.0,0.8200000000000001,,,M?,Unknown,True,unsched_macro
russia_sanctions_bill,KXCPICORE-26SEP-T0.1,unscheduled_macro,macro_bucket,3,19,False,0.09684210526315795,0.7082652986466957,0.12365591397849471,28.0,0.023333333333333355,,2449.5299999999997,0.0,144.63,0.8200000000000001,,,M?,Unknown,True,unsched_macro
russia_sanctions_bill,KXCPICORE-26SEP-T0.1,unscheduled_macro,macro_bucket,5,19,False,0.09184210526315795,0.6617452830118027,0.11727150537634416,28.0,0.018000000000000016,,2727.0099999999998,0.0,279.83000000000004,0.8200000000000001,,,M?,Unknown,True,unsched_macro
russia_sanctions_bill,KXFED-27APR-T4.25,unscheduled_macro,macro_bucket,3,25,False,0.13380000000000003,0.6038684514404175,0.4933628318584072,28.0,0.12000000000000002,,20.0,2.8868,0.0,0.44,,,M?,Unknown,False,unsched_macro
russia_sanctions_bill,KXFED-27APR-T4.25,unscheduled_macro,macro_bucket,5,25,False,0.19380000000000003,0.8483134485708581,0.7146017699115045,28.0,0.125,,30.0,2.8868,10.0,0.44,,,M?,Unknown,False,unsched_macro
russia_sanctions_bill,KXFED-27APR-T4.00,unscheduled_macro,macro_bucket,1,25,False,0.16620000000000001,0.6738992990096959,0.3703208556149733,4.0,0.050000000000000044,,4.0,8.8192,0.0,0.585,,,M?,Unknown,True,unsched_macro
russia_sanctions_bill,KXFED-27APR-T4.00,unscheduled_macro,macro_bucket,3,25,False,0.2812,1.2001429406350241,0.6265597147950089,4.0,0.12666666666666668,,84.78,8.8192,63.77999999999997,0.585,,,M?,Unknown,False,unsched_macro
russia_sanctions_bill,KXFED-27APR-T4.00,unscheduled_macro,macro_bucket,5,25,False,0.32120000000000004,1.4138315714154965,0.715686274509804,4.0,0.172,,84.78,8.8192,63.77999999999997,0.585,,,M?,Unknown,False,unsched_macro
russia_sanctions_bill,KXFED-27APR-T3.75,unscheduled_macro,macro_bucket,1,25,False,0.057399999999999896,0.2378274375056163,0.10202630643441146,4.0,0.08000000000000007,,9.0,6.8976,0.0,0.62,,,M?,Unknown,False,unsched_macro
russia_sanctions_bill,KXFED-27APR-T3.75,unscheduled_macro,macro_bucket,3,25,False,0.24239999999999984,1.1661219310417268,0.43085673658016316,28.0,0.1533333333333334,,136.5,6.8976,31.11999999999989,0.62,,,M?,Unknown,False,unsched_macro
russia_sanctions_bill,KXFED-27APR-T3.75,unscheduled_macro,macro_bucket,5,25,False,0.25239999999999985,1.231111500349448,0.4486313544258795,28.0,0.17000000000000007,,137.49,6.8976,30.12999999999988,0.62,,,M?,Unknown,False,unsched_macro
russia_sanctions_bill,KXFED-27APR-T3.50,unscheduled_macro,macro_bucket,1,25,False,0.06800000000000006,0.29267595738486885,0.11390284757118939,4.0,0.06999999999999995,,22.0,10.9352,0.0,0.665,,,M?,Unknown,True,unsched_macro
russia_sanctions_bill,KXFED-27APR-T3.50,unscheduled_macro,macro_bucket,3,25,False,0.16300000000000003,0.7596989584924665,0.27303182579564494,28.0,0.21666666666666667,,30.0,10.9352,-4.0,0.665,,,M?,Unknown,False,unsched_macro
russia_sanctions_bill,KXFED-27APR-T3.50,unscheduled_macro,macro_bucket,5,25,False,0.028000000000000025,0.11784507232007169,0.04690117252931328,4.0,0.38999999999999996,,38.0,10.9352,-12.0,0.665,,,M?,Unknown,False,unsched_macro
russia_sanctions_bill,KXFED-27APR-T3.25,unscheduled_macro,macro_bucket,1,25,False,0.06879999999999997,0.3259761719750921,0.10405323653962488,4.0,0.06000000000000005,,0.0,15.7956,0.0,0.72,,,M?,Unknown,True,unsched_macro
russia_sanctions_bill,KXFED-27APR-T3.25,unscheduled_macro,macro_bucket,3,25,False,0.2138,1.2772637458863434,0.32335148215366,28.0,0.08666666666666663,,31.75,15.7956,31.75,0.72,,,M?,Unknown,False,unsched_macro
russia_sanctions_bill,KXFED-27APR-T3.25,unscheduled_macro,macro_bucket,5,25,False,0.2088000000000001,1.232312358024078,0.3157894736842107,28.0,0.10199999999999995,,31.75,15.7956,31.75,0.72,,,M?,Unknown,False,unsched_macro
russia_sanctions_bill,KXFED-27APR-T3.00,unscheduled_macro,macro_bucket,1,25,False,0.09599999999999986,0.5610425012822089,0.1316872427983537,4.0,0.04999999999999993,,17.0,7.550799999999999,0.0,0.745,,,M?,Unknown,True,unsched_macro
russia_sanctions_bill,KXFED-27APR-T3.00,unscheduled_macro,macro_bucket,3,25,False,0.18099999999999983,1.324080018051672,0.24828532235939615,4.0,0.08666666666666663,,17.0,7.550799999999999,0.0,0.745,,,M?,Unknown,False,unsched_macro
russia_sanctions_bill,KXFED-27APR-T3.00,unscheduled_macro,macro_bucket,5,25,False,0.18099999999999983,1.324080018051672,0.24828532235939615,4.0,0.09499999999999997,,17.0,7.550799999999999,0.0,0.745,,,M?,Unknown,False,unsched_macro
russia_sanctions_bill,KXFED-27APR-T2.75,unscheduled_macro,macro_bucket,1,25,False,-0.026000000000000023,-0.15316798607563253,-0.0326633165829146,4.0,0.08000000000000007,,4.0,7.906000000000001,0.0,0.78,,,M?,Unknown,False,unsched_macro
russia_sanctions_bill,KXFED-27APR-T2.75,unscheduled_macro,macro_bucket,3,25,False,0.1439999999999999,1.3900561210417812,0.1809045226130652,28.0,0.08666666666666667,,30.07,7.906000000000001,26.069999999999936,0.78,,,M?,Unknown,False,unsched_macro
russia_sanctions_bill,KXFED-27APR-T2.75,unscheduled_macro,macro_bucket,5,25,False,0.1339999999999999,1.2252101520977747,0.16834170854271344,28.0,0.08399999999999999,,32.17,7.906000000000001,28.170000000000073,0.78,,,M?,Unknown,False,unsched_macro
russia_sanctions_bill,KXFED-27APR-T2.50,unscheduled_macro,macro_bucket,1,25,False,0.06740000000000013,0.49833443035961267,0.08397707450784966,4.0,0.15999999999999992,,4.0,8.0252,0.0,0.9099999999999999,,,M?,Unknown,False,unsched_macro
russia_sanctions_bill,KXFED-27APR-T2.50,unscheduled_macro,macro_bucket,3,25,False,0.13740000000000008,1.3489109822085137,0.17119362073261912,28.0,0.10333333333333328,,4.0,8.0252,0.0,0.9099999999999999,,,M?,Unknown,False,unsched_macro
russia_sanctions_bill,KXFED-27APR-T2.50,unscheduled_macro,macro_bucket,5,25,False,0.13740000000000008,1.3489109822085137,0.17119362073261912,28.0,0.10333333333333328,,4.0,8.0252,0.0,0.9099999999999999,,,M?,Unknown,False,unsched_macro
russia_sanctions_bill,KXFED-27APR-T2.00,unscheduled_macro,macro_bucket,1,24,False,-0.20562500000000017,-0.9584992445753415,-0.2651087832393233,4.0,0.76,,0.0,2.9583333333333335,0.0,0.605,,,M?,Unknown,False,unsched_macro
russia_sanctions_bill,KXFED-27APR-T2.00,unscheduled_macro,macro_bucket,3,24,False,0.16937499999999994,1.6035013455449438,0.21837228041901682,28.0,0.29666666666666663,,20.15,2.9583333333333335,19.149999999999864,0.605,,,M?,Unknown,False,unsched_macro
russia_sanctions_bill,KXFED-27APR-T2.00,unscheduled_macro,macro_bucket,5,24,False,0.16937499999999994,1.6035013455449438,0.21837228041901682,28.0,0.29666666666666663,,20.15,2.9583333333333335,19.149999999999864,0.605,,,M?,Unknown,False,unsched_macro
russia_sanctions_bill,KXFED-27APR-T1.75,unscheduled_macro,macro_bucket,1,25,False,-0.03839999999999999,-0.21669558662631094,-0.048706240487062395,4.0,0.41999999999999993,,0.0,1.5475999999999999,0.0,0.64,,,M?,Unknown,False,unsched_macro
russia_sanctions_bill,KXFED-27APR-T1.75,unscheduled_macro,macro_bucket,3,25,False,0.16660000000000008,1.7397409754159914,0.2113140537798073,28.0,0.18333333333333326,,7.56,1.5475999999999999,7.559999999999945,0.64,,,M?,Unknown,False,unsched_macro
russia_sanctions_bill,KXFED-27APR-T1.75,unscheduled_macro,macro_bucket,5,25,False,0.16159999999999997,1.6291311038720186,0.20497209538305425,28.0,0.15749999999999995,,7.56,1.5475999999999999,7.559999999999945,0.64,,,M?,Unknown,False,unsched_macro
russia_sanctions_bill,KXFED-27APR-T1.50,unscheduled_macro,macro_bucket,1,25,False,0.037799999999999945,0.2639934235749728,0.046828543111992,4.0,0.20999999999999996,,0.0,0.7624000000000001,0.0,0.8,,,M?,Unknown,False,unsched_macro
russia_sanctions_bill,KXFED-27APR-T1.50,unscheduled_macro,macro_bucket,3,25,False,0.14279999999999993,1.5125208923034852,0.17690782953419218,28.0,0.11666666666666663,,2.56,0.7624000000000001,2.5599999999999454,0.8,,,M?,Unknown,False,unsched_macro
russia_sanctions_bill,KXFED-27APR-T1.50,unscheduled_macro,macro_bucket,5,25,False,0.14279999999999993,1.5125208923034852,0.17690782953419218,28.0,0.10749999999999996,,2.56,0.7624000000000001,2.5599999999999454,0.8,,,M?,Unknown,False,unsched_macro
russia_sanctions_bill,KXFED-27APR-T1.25,unscheduled_macro,macro_bucket,1,25,False,-0.08779999999999999,-0.5068902479606218,-0.10736121301051602,4.0,0.43999999999999995,,0.0,4.3884,0.0,0.725,,,M?,Unknown,False,unsched_macro
russia_sanctions_bill,KXFED-27APR-T1.25,unscheduled_macro,macro_bucket,3,25,False,0.12219999999999998,1.2500224899372643,0.14942528735632182,28.0,0.1766666666666666,,37.97,4.3884,26.890000000000327,0.725,,,M?,Unknown,False,unsched_macro
russia_sanctions_bill,KXFED-27APR-T1.25,unscheduled_macro,macro_bucket,5,25,False,0.12219999999999998,1.2500224899372643,0.14942528735632182,28.0,0.12999999999999995,,37.97,4.3884,26.890000000000327,0.725,,,M?,Unknown,False,unsched_macro
russia_sanctions_bill,KXFED-27APR-T1.00,unscheduled_macro,macro_bucket,1,25,False,-0.027000000000000135,-0.2976476589514472,-0.02960526315789488,4.0,0.13,,0.0,1.76,0.0,0.865,,,M?,Unknown,False,unsched_macro
russia_sanctions_bill,KXFED-27APR-T1.00,unscheduled_macro,macro_bucket,3,25,False,0.02299999999999991,0.3278560837969242,0.025219298245613933,28.0,0.06333333333333328,,6.61,1.76,0.0,0.865,,,M?,Unknown,True,unsched_macro
russia_sanctions_bill,KXFED-27APR-T1.00,unscheduled_macro,macro_bucket,5,25,False,0.02299999999999991,0.3278560837969242,0.025219298245613933,28.0,0.06333333333333328,,6.61,1.76,0.0,0.865,,,M?,Unknown,True,unsched_macro
russia_sanctions_bill,KXFED-27APR-T0.75,unscheduled_macro,macro_bucket,1,25,False,0.02939999999999998,0.30265086675575614,0.033576975788031045,4.0,0.13,,0.0,12.48,0.0,0.9199999999999999,,,M?,Unknown,False,unsched_macro
russia_sanctions_bill,KXFED-27APR-T0.75,unscheduled_macro,macro_bucket,3,25,False,0.0643999999999999,0.8001281276983188,0.07354956601187745,28.0,0.0833333333333333,,0.0,12.48,0.0,0.9199999999999999,,,M?,Unknown,False,unsched_macro
russia_sanctions_bill,KXFED-27APR-T0.75,unscheduled_macro,macro_bucket,5,25,False,0.0643999999999999,0.8001281276983188,0.07354956601187745,28.0,0.0833333333333333,,0.0,12.48,0.0,0.9199999999999999,,,M?,Unknown,False,unsched_macro
russia_sanctions_bill,KXFED-27APR-T0.50,unscheduled_macro,macro_bucket,1,24,False,-0.01083333333333314,-0.13297738546297433,-0.011828935395814167,4.0,0.18999999999999995,,0.0,2.0470833333333336,0.0,0.905,,,M?,Unknown,False,unsched_macro
russia_sanctions_bill,KXFED-27APR-T0.50,unscheduled_macro,macro_bucket,3,24,False,-0.01083333333333314,-0.13297738546297433,-0.011828935395814167,4.0,0.1533333333333333,,0.0,2.0470833333333336,0.0,0.905,,,M?,Unknown,False,unsched_macro
russia_sanctions_bill,KXFED-27APR-T0.50,unscheduled_macro,macro_bucket,5,24,False,-0.01083333333333314,-0.13297738546297433,-0.011828935395814167,4.0,0.1533333333333333,,0.0,2.0470833333333336,0.0,0.905,,,M?,Unknown,False,unsched_macro
russia_sanctions_bill,KXFED-27APR-T0.25,unscheduled_macro,macro_bucket,1,22,False,0.013636363636363447,0.2194074344916599,0.014720314033365838,4.0,0.09999999999999998,,0.0,19.77318181818182,0.0,0.97,,,M?,Unknown,False,unsched_macro
russia_sanctions_bill,KXFED-27APR-T0.25,unscheduled_macro,macro_bucket,3,22,False,-0.0013636363636364557,-0.01982225457417286,-0.0014720314033367036,52.0,0.09666666666666664,,0.0,19.77318181818182,0.0,0.97,,,M?,Unknown,False,unsched_macro
russia_sanctions_bill,KXFED-27APR-T0.25,unscheduled_macro,macro_bucket,5,22,False,0.03863636363636347,0.7846521612992832,0.041707556427870274,28.0,0.086,,0.0,19.77318181818182,0.0,0.97,,,M?,Unknown,False,unsched_macro
russia_sanctions_bill,KXFED-27APR-T0.00,unscheduled_macro,macro_bucket,1,21,False,0.033809523809523845,0.5155936764793858,0.03710478181343092,4.0,0.08999999999999997,,0.0,0.19047619047619047,0.0,0.97,,,M?,Unknown,False,unsched_macro
russia_sanctions_bill,KXFED-27APR-T0.00,unscheduled_macro,macro_bucket,3,21,False,-0.03619047619047622,-0.38234791672657376,-0.03971779461719365,52.0,0.12666666666666662,,0.0,0.19047619047619047,0.0,0.97,,,M?,Unknown,False,unsched_macro
russia_sanctions_bill,KXFED-27APR-T0.00,unscheduled_macro,macro_bucket,5,21,False,-0.03619047619047622,-0.38234791672657376,-0.03971779461719365,52.0,0.15249999999999997,,0.0,0.19047619047619047,0.0,0.97,,,M?,Unknown,False,unsched_macro
russia_sanctions_bill,KXFED-27MAR-T4.25,unscheduled_macro,macro_bucket,1,24,False,0.1447916666666667,1.337811000692232,2.220447284345049,4.0,0.1,,18.28,0.2916666666666667,0.0,0.2,,,M?,Unknown,False,unsched_macro
russia_sanctions_bill,KXFED-27MAR-T4.25,unscheduled_macro,macro_bucket,3,24,False,0.27479166666666666,1.9994421980255659,4.214057507987221,4.0,0.23666666666666666,,219.56,0.2916666666666667,200.0,0.2,,,M?,Unknown,False,unsched_macro
russia_sanctions_bill,KXFED-27MAR-T4.25,unscheduled_macro,macro_bucket,5,24,False,0.35979166666666673,2.360455543562897,5.517571884984027,28.0,0.162,,219.56,0.2916666666666667,200.0,0.2,,,M?,Unknown,False,unsched_macro
russia_sanctions_bill,KXFED-27MAR-T4.00,unscheduled_macro,macro_bucket,1,25,False,0.14620000000000005,0.6064001929645535,0.4252472367655616,4.0,0.040000000000000036,,21.0,0.2,0.0,0.455,,,M?,Unknown,True,unsched_macro
russia_sanctions_bill,KXFED-27MAR-T4.00,unscheduled_macro,macro_bucket,3,25,False,0.3512000000000001,1.4700055965356333,1.0215241419429906,28.0,0.3500000000000001,,790.42,0.2,391.94000000000005,0.455,,,M?,Unknown,False,unsched_macro
russia_sanctions_bill,KXFED-27MAR-T4.00,unscheduled_macro,macro_bucket,5,25,False,0.23120000000000002,0.9486863994511863,0.6724840023269344,4.0,0.41500000000000004,,790.42,0.2,391.94000000000005,0.455,,,M?,Unknown,False,unsched_macro
russia_sanctions_bill,KXFED-27MAR-T3.75,unscheduled_macro,macro_bucket,1,21,False,0.07809523809523816,0.3154920579596466,0.18732153055396936,4.0,0.050000000000000044,,0.0,7.9523809523809526,0.0,0.54,,,M?,Unknown,True,unsched_macro
russia_sanctions_bill,KXFED-27MAR-T3.75,unscheduled_macro,macro_bucket,3,21,False,0.3430952380952382,1.4881722346047017,0.8229583095374076,28.0,0.29666666666666663,,11.58,7.9523809523809526,9.580000000000041,0.54,,,M?,Unknown,False,unsched_macro
russia_sanctions_bill,KXFED-27MAR-T3.75,unscheduled_macro,macro_bucket,5,21,False,0.32809523809523816,1.4076133978874494,0.7869788692175902,28.0,0.33399999999999996,,26.58,7.9523809523809526,9.580000000000041,0.54,,,M?,Unknown,False,unsched_macro
russia_sanctions_bill,KXFED-27MAR-T3.50,unscheduled_macro,macro_bucket,1,21,False,0.15761904761904766,0.6641881300630856,0.301731996353692,4.0,0.4,,0.0,1.8995238095238096,0.0,0.675,,,M?,Unknown,False,unsched_macro
russia_sanctions_bill,KXFED-27MAR-T3.50,unscheduled_macro,macro_bucket,3,21,False,0.1976190476190477,0.854877936527557,0.37830446672743867,4.0,0.2733333333333333,,3.0,1.8995238095238096,-3.0,0.675,,,M?,Unknown,False,unsched_macro
russia_sanctions_bill,KXFED-27MAR-T3.50,unscheduled_macro,macro_bucket,5,21,False,0.27761904761904777,1.2967106888065965,0.531449407474932,4.0,0.3,,3.0,1.8995238095238096,-3.0,0.675,,,M?,Unknown,False,unsched_macro
russia_sanctions_bill,KXFED-27MAR-T3.25,unscheduled_macro,macro_bucket,1,24,False,0.0631250000000001,0.41068076687246124,0.08125502815768315,4.0,0.18000000000000005,,0.0,0.8525,0.0,0.8200000000000001,,,M?,Unknown,False,unsched_macro
russia_sanctions_bill,KXFED-27MAR-T3.25,unscheduled_macro,macro_bucket,3,24,False,0.13312499999999994,1.0660876194495579,0.17135961383748988,28.0,0.18333333333333335,,0.0,0.8525,0.0,0.8200000000000001,,,M?,Unknown,False,unsched_macro
russia_sanctions_bill,KXFED-27MAR-T3.25,unscheduled_macro,macro_bucket,5,24,False,-0.11187499999999995,-0.561890800900284,-0.14400643604183422,76.0,0.366,,0.0,0.8525,0.0,0.8200000000000001,,,M?,Unknown,False,unsched_macro
russia_sanctions_bill,KXFED-27MAR-T3.00,unscheduled_macro,macro_bucket,1,23,False,0.05608695652173923,0.38592531592826984,0.07064622124863103,4.0,0.17999999999999994,,0.0,0.6521739130434783,0.0,0.815,,,M?,Unknown,False,unsched_macro
russia_sanctions_bill,KXFED-27MAR-T3.00,unscheduled_macro,macro_bucket,3,23,False,-0.14391304347826073,-0.7296365310536129,-0.1812705366922233,28.0,0.47666666666666657,,0.0,0.6521739130434783,0.0,0.815,,,M?,Unknown,False,unsched_macro
russia_sanctions_bill,KXFED-27MAR-T3.00,unscheduled_macro,macro_bucket,5,23,False,-0.14391304347826073,-0.7296365310536129,-0.1812705366922233,28.0,0.47666666666666657,,0.0,0.6521739130434783,0.0,0.815,,,M?,Unknown,False,unsched_macro
russia_sanctions_bill,KXFED-27MAR-T2.75,unscheduled_macro,macro_bucket,1,22,False,0.0636363636363636,0.48701497507227187,0.07843137254901957,4.0,0.1499999999999999,,0.0,0.6986363636363636,0.0,0.82,,,M?,Unknown,False,unsched_macro
russia_sanctions_bill,KXFED-27MAR-T2.75,unscheduled_macro,macro_bucket,3,22,False,-0.12136363636363645,-0.6587758738709285,-0.14957983193277322,28.0,0.4333333333333333,,0.0,0.6986363636363636,0.0,0.82,,,M?,Unknown,False,unsched_macro
russia_sanctions_bill,KXFED-27MAR-T2.75,unscheduled_macro,macro_bucket,5,22,False,-0.12136363636363645,-0.6587758738709285,-0.14957983193277322,28.0,0.4333333333333333,,0.0,0.6986363636363636,0.0,0.82,,,M?,Unknown,False,unsched_macro
russia_sanctions_bill,KXFED-27MAR-T2.50,unscheduled_macro,macro_bucket,1,22,False,0.02681818181818174,0.2578857700571757,0.03089005235602085,4.0,0.15000000000000002,,0.0,0.3181818181818182,0.0,0.885,,,M?,Unknown,False,unsched_macro
russia_sanctions_bill,KXFED-27MAR-T2.50,unscheduled_macro,macro_bucket,3,22,False,-0.06818181818181823,-0.49868323694026584,-0.07853403141361262,28.0,0.29,,0.0,0.3181818181818182,0.0,0.885,,,M?,Unknown,False,unsched_macro
russia_sanctions_bill,KXFED-27MAR-T2.50,unscheduled_macro,macro_bucket,5,22,False,-0.06818181818181823,-0.49868323694026584,-0.07853403141361262,28.0,0.29,,0.0,0.3181818181818182,0.0,0.885,,,M?,Unknown,False,unsched_macro
russia_sanctions_bill,KXFED-27MAR-T2.25,unscheduled_macro,macro_bucket,3,24,False,0.014791666666666758,0.19612428512842772,0.01625085831998179,52.0,0.12,,0.0,0.125,0.0,0.905,,,M?,Unknown,False,unsched_macro
russia_sanctions_bill,KXFED-27MAR-T2.25,unscheduled_macro,macro_bucket,5,24,False,0.014791666666666758,0.19612428512842772,0.01625085831998179,52.0,0.12333333333333334,,0.0,0.125,0.0,0.905,,,M?,Unknown,False,unsched_macro
russia_sanctions_bill,KXFED-27MAR-T2.00,unscheduled_macro,macro_bucket,3,20,False,-0.0025000000000001688,-0.039052209541546645,-0.0026809651474532636,28.0,0.11499999999999999,,0.0,0.15,0.0,0.935,,,M?,Unknown,False,unsched_macro
russia_sanctions_bill,KXFED-27MAR-T2.00,unscheduled_macro,macro_bucket,5,20,False,-0.0025000000000001688,-0.039052209541546645,-0.0026809651474532636,28.0,0.11666666666666665,,0.0,0.15,0.0,0.935,,,M?,Unknown,False,unsched_macro
russia_sanctions_bill,KXFED-27MAR-T1.75,unscheduled_macro,macro_bucket,3,23,False,-0.005869565217391126,-0.10089949483726679,-0.006238447319778,28.0,0.10499999999999998,,0.0,0.17391304347826086,0.0,0.94,,,M?,Unknown,False,unsched_macro
russia_sanctions_bill,KXFED-27MAR-T1.75,unscheduled_macro,macro_bucket,5,23,False,-0.005869565217391126,-0.10089949483726679,-0.006238447319778,28.0,0.10499999999999998,,0.0,0.17391304347826086,0.0,0.94,,,M?,Unknown,False,unsched_macro
russia_sanctions_bill,KXFED-27MAR-T1.50,unscheduled_macro,macro_bucket,1,22,False,0.008863636363636407,0.18911774465056697,0.009368244054768243,4.0,0.010000000000000009,,0.0,0.48636363636363633,0.0,0.955,,,M?,Unknown,True,unsched_macro
russia_sanctions_bill,KXFED-27MAR-T1.50,unscheduled_macro,macro_bucket,3,22,False,0.02386363636363642,0.6101675837754299,0.02522219553206828,28.0,0.02666666666666669,,0.0,0.48636363636363633,0.0,0.955,,,M?,Unknown,True,unsched_macro
russia_sanctions_bill,KXFED-27MAR-T1.50,unscheduled_macro,macro_bucket,5,22,False,0.02386363636363642,0.6101675837754299,0.02522219553206828,28.0,0.02666666666666669,,0.0,0.48636363636363633,0.0,0.955,,,M?,Unknown,True,unsched_macro
russia_sanctions_bill,KXFED-27MAR-T1.25,unscheduled_macro,macro_bucket,1,18,False,0.0016666666666664831,0.03161818867424682,0.0017667844522966248,4.0,0.029999999999999916,,0.0,0.1111111111111111,0.0,0.9450000000000001,,,M?,Unknown,True,unsched_macro
russia_sanctions_bill,KXFED-27MAR-T1.25,unscheduled_macro,macro_bucket,3,18,False,0.0066666666666663765,0.1322054255794134,0.007067137809186969,52.0,0.06999999999999995,,0.0,0.1111111111111111,0.0,0.9450000000000001,,,M?,Unknown,True,unsched_macro
russia_sanctions_bill,KXFED-27MAR-T1.25,unscheduled_macro,macro_bucket,5,18,False,0.0066666666666663765,0.1322054255794134,0.007067137809186969,52.0,0.06999999999999995,,0.0,0.1111111111111111,0.0,0.9450000000000001,,,M?,Unknown,True,unsched_macro
russia_sanctions_bill,KXFED-27MAR-T1.00,unscheduled_macro,macro_bucket,3,19,False,0.004210526315789442,0.09386373641735624,0.004428452809299718,52.0,0.07499999999999996,,0.0,0.10526315789473684,0.0,0.95,,,M?,Unknown,True,unsched_macro
russia_sanctions_bill,KXFED-27MAR-T1.00,unscheduled_macro,macro_bucket,5,19,False,0.004210526315789442,0.09386373641735624,0.004428452809299718,52.0,0.07499999999999996,,0.0,0.10526315789473684,0.0,0.95,,,M?,Unknown,True,unsched_macro
russia_sanctions_bill,KXFED-27MAR-T0.75,unscheduled_macro,macro_bucket,1,14,False,0.007857142857143229,0.18755912956021126,0.008252063015754332,4.0,0.020000000000000018,,0.0,14.428571428571429,0.0,0.96,,,M?,Unknown,True,unsched_macro
russia_sanctions_bill,KXFED-27MAR-T0.75,unscheduled_macro,macro_bucket,3,14,False,0.007857142857143229,0.18755912956021126,0.008252063015754332,4.0,0.05333333333333331,,0.0,14.428571428571429,0.0,0.96,,,M?,Unknown,True,unsched_macro
russia_sanctions_bill,KXFED-27MAR-T0.75,unscheduled_macro,macro_bucket,5,14,False,0.007857142857143229,0.18755912956021126,0.008252063015754332,4.0,0.05333333333333331,,0.0,14.428571428571429,0.0,0.96,,,M?,Unknown,True,unsched_macro
russia_sanctions_bill,KXFED-27MAR-T0.50,unscheduled_macro,macro_bucket,3,15,False,-0.005333333333333301,-0.1183938292707647,-0.00558269364968594,28.0,0.07499999999999996,,0.0,13.533333333333333,0.0,0.96,,,M?,Unknown,True,unsched_macro
russia_sanctions_bill,KXFED-27MAR-T0.50,unscheduled_macro,macro_bucket,5,15,False,-0.005333333333333301,-0.1183938292707647,-0.00558269364968594,28.0,0.07499999999999996,,0.0,13.533333333333333,0.0,0.96,,,M?,Unknown,True,unsched_macro
russia_sanctions_bill,KXFED-27MAR-T0.25,unscheduled_macro,macro_bucket,1,17,False,0.005588235294117672,0.17659545858736658,0.005794449527294933,4.0,0.040000000000000036,,0.0,0.0,0.0,0.97,,,M?,Unknown,True,unsched_macro
russia_sanctions_bill,KXFED-27MAR-T0.25,unscheduled_macro,macro_bucket,3,17,False,0.0005882352941177782,0.017276808601669025,0.0006099420555048631,4.0,0.06333333333333331,,0.0,0.0,0.0,0.97,,,M?,Unknown,True,unsched_macro
russia_sanctions_bill,KXFED-27MAR-T0.25,unscheduled_macro,macro_bucket,5,17,False,0.0005882352941177782,0.017276808601669025,0.0006099420555048631,4.0,0.06333333333333331,,0.0,0.0,0.0,0.97,,,M?,Unknown,True,unsched_macro
russia_sanctions_bill,KXFED-27MAR-T0.00,unscheduled_macro,macro_bucket,1,16,False,0.003750000000000031,0.12165650725218136,0.0038809831824062418,4.0,0.040000000000000036,,0.0,0.0625,0.0,0.97,,,M?,Unknown,True,unsched_macro
russia_sanctions_bill,KXFED-27MAR-T0.00,unscheduled_macro,macro_bucket,3,16,False,-0.0012499999999998623,-0.0376621427335162,-0.0012936610608019275,28.0,0.06333333333333331,,0.0,0.0625,0.0,0.97,,,M?,Unknown,True,unsched_macro
russia_sanctions_bill,KXFED-27MAR-T0.00,unscheduled_macro,macro_bucket,5,16,False,-0.0012499999999998623,-0.0376621427335162,-0.0012936610608019275,28.0,0.06333333333333331,,0.0,0.0625,0.0,0.97,,,M?,Unknown,True,unsched_macro
russia_sanctions_bill,KXFED-27JAN-T4.25,unscheduled_macro,macro_bucket,1,22,False,0.06659090909090908,0.5564980429100441,0.6142557651991613,4.0,0.13,,0.0,0.045454545454545456,0.0,0.18,,,M?,Unknown,False,unsched_macro
russia_sanctions_bill,KXFED-27JAN-T4.25,unscheduled_macro,macro_bucket,3,22,False,0.2665909090909091,1.5962698315552204,2.459119496855346,28.0,0.11333333333333334,,51.32,0.045454545454545456,34.610000000000014,0.18,,,M?,Unknown,False,unsched_macro
russia_sanctions_bill,KXFED-27JAN-T4.25,unscheduled_macro,macro_bucket,5,22,False,0.2965909090909091,1.7224211168821206,2.7358490566037736,28.0,0.18600000000000003,,51.32,0.045454545454545456,34.610000000000014,0.18,,,M?,Unknown,False,unsched_macro
russia_sanctions_bill,KXFED-27JAN-T4.00,unscheduled_macro,macro_bucket,1,24,False,0.1695833333333333,0.7215517223071598,0.5552523874488403,4.0,0.44999999999999996,,5.0,5.607499999999999,0.0,0.49,,,M?,Unknown,False,unsched_macro
russia_sanctions_bill,KXFED-27JAN-T4.00,unscheduled_macro,macro_bucket,3,24,False,0.3845833333333333,1.6217544809762554,1.2592087312414733,28.0,0.19666666666666666,,512.87,5.607499999999999,449.43999999999994,0.49,,,M?,Unknown,False,unsched_macro
russia_sanctions_bill,KXFED-27JAN-T4.00,unscheduled_macro,macro_bucket,5,24,False,0.46458333333333335,2.0299463867886764,1.5211459754433834,28.0,0.16599999999999998,,584.99,5.607499999999999,448.86,0.49,,,M?,Unknown,False,unsched_macro
russia_sanctions_bill,KXFED-27JAN-T3.75,unscheduled_macro,macro_bucket,1,24,False,0.2539583333333334,1.1285116670016186,0.5018526142445453,4.0,0.21999999999999997,,5.0,1.7866666666666664,0.0,0.765,,,M?,Unknown,False,unsched_macro
russia_sanctions_bill,KXFED-27JAN-T3.75,unscheduled_macro,macro_bucket,3,24,False,0.29395833333333343,1.362126518183124,0.5808974886784688,4.0,0.18333333333333335,,12.690000000000001,1.7866666666666664,7.689999999999941,0.765,,,M?,Unknown,False,unsched_macro
russia_sanctions_bill,KXFED-27JAN-T3.75,unscheduled_macro,macro_bucket,5,24,False,0.31395833333333345,1.492179646431322,0.6204199258954305,4.0,0.19000000000000003,,12.690000000000001,1.7866666666666664,7.689999999999941,0.765,,,M?,Unknown,False,unsched_macro
russia_sanctions_bill,KXFED-27JAN-T3.50,unscheduled_macro,macro_bucket,1,22,False,0.08750000000000002,0.5266241131673182,0.11784511784511786,4.0,0.09999999999999998,,0.0,9.648181818181818,0.0,0.8500000000000001,,,M?,Unknown,False,unsched_macro
russia_sanctions_bill,KXFED-27JAN-T3.50,unscheduled_macro,macro_bucket,3,22,False,0.10750000000000004,0.6755979048150429,0.14478114478114482,4.0,0.09333333333333331,,348.6,9.648181818181818,-36.0,0.8500000000000001,,,M?,Unknown,False,unsched_macro
russia_sanctions_bill,KXFED-27JAN-T3.50,unscheduled_macro,macro_bucket,5,22,False,0.17749999999999988,1.3833438847961392,0.23905723905723889,52.0,0.07599999999999998,,464.31,9.648181818181818,59.309999999999945,0.8500000000000001,,,M?,Unknown,True,unsched_macro
russia_sanctions_bill,KXFED-27JAN-T3.25,unscheduled_macro,macro_bucket,1,25,False,0.09600000000000009,0.810532563087524,0.11866501854140926,4.0,0.06999999999999995,,61.0,1.8336000000000001,0.0,0.8999999999999999,,,M?,Unknown,True,unsched_macro
russia_sanctions_bill,KXFED-27JAN-T3.25,unscheduled_macro,macro_bucket,3,25,False,0.1160000000000001,1.0687801349642538,0.14338689740420285,4.0,0.05999999999999998,,503.01,1.8336000000000001,-87.61000000000013,0.8999999999999999,,,M?,Unknown,True,unsched_macro
russia_sanctions_bill,KXFED-27JAN-T3.25,unscheduled_macro,macro_bucket,5,25,False,0.1160000000000001,1.0687801349642538,0.14338689740420285,4.0,0.06599999999999998,,503.01,1.8336000000000001,-87.61000000000013,0.8999999999999999,,,M?,Unknown,True,unsched_macro
russia_sanctions_bill,KXFED-27JAN-T3.00,unscheduled_macro,macro_bucket,1,23,False,0.01217391304347859,0.13411911218552008,0.013635256878500495,4.0,0.06999999999999995,,0.0,0.22478260869565217,0.0,0.895,,,M?,Unknown,True,unsched_macro
russia_sanctions_bill,KXFED-27JAN-T3.00,unscheduled_macro,macro_bucket,3,23,False,0.03217391304347861,0.39236668406224995,0.03603603603603644,28.0,0.04999999999999993,,317.92,0.22478260869565217,-39.92000000000007,0.895,,,M?,Unknown,True,unsched_macro
russia_sanctions_bill,KXFED-27JAN-T3.00,unscheduled_macro,macro_bucket,5,23,False,0.04217391304347862,0.5462203194791857,0.04723642561480441,28.0,0.04999999999999993,,333.92,0.22478260869565217,-40.92000000000007,0.895,,,M?,Unknown,True,unsched_macro
russia_sanctions_bill,KXFED-27JAN-T2.75,unscheduled_macro,macro_bucket,1,24,False,0.03750000000000009,0.49640893760908034,0.041782729805014025,4.0,0.029999999999999916,,0.0,0.16666666666666666,0.0,0.935,,,M?,Unknown,True,unsched_macro
russia_sanctions_bill,KXFED-27JAN-T2.75,unscheduled_macro,macro_bucket,3,24,False,0.03249999999999997,0.41693902231397084,0.03621169916434538,4.0,0.0466666666666666,,32.0,0.16666666666666666,17.0,0.935,,,M?,Unknown,True,unsched_macro
russia_sanctions_bill,KXFED-27JAN-T2.75,unscheduled_macro,macro_bucket,5,24,False,0.03249999999999997,0.41693902231397084,0.03621169916434538,4.0,0.051999999999999935,,32.0,0.16666666666666666,17.0,0.935,,,M?,Unknown,True,unsched_macro
russia_sanctions_bill,KXFED-27JAN-T2.50,unscheduled_macro,macro_bucket,1,24,False,0.02416666666666656,0.3644998754795856,0.026387625113739644,4.0,0.039999999999999925,,0.0,1.75,0.0,0.94,,,M?,Unknown,True,unsched_macro
russia_sanctions_bill,KXFED-27JAN-T2.50,unscheduled_macro,macro_bucket,3,24,False,0.029166666666666674,0.45681630469891044,0.03184713375796179,4.0,0.03666666666666659,,30.0,1.75,5.559999999999945,0.94,,,M?,Unknown,True,unsched_macro
russia_sanctions_bill,KXFED-27JAN-T2.50,unscheduled_macro,macro_bucket,5,24,False,0.029166666666666674,0.45681630469891044,0.03184713375796179,4.0,0.03399999999999992,,30.0,1.75,5.559999999999945,0.94,,,M?,Unknown,True,unsched_macro
russia_sanctions_bill,KXFED-27JAN-T2.25,unscheduled_macro,macro_bucket,1,22,False,0.024318181818181683,0.42226404241527904,0.026270562239135625,4.0,0.020000000000000018,,0.0,0.22727272727272727,0.0,0.94,,,M?,Unknown,True,unsched_macro
russia_sanctions_bill,KXFED-27JAN-T2.25,unscheduled_macro,macro_bucket,3,22,False,0.01931818181818179,0.32167680551011246,0.020869138227350814,4.0,0.02333333333333328,,39.47,0.22727272727272727,-5.82000000000005,0.94,,,M?,Unknown,True,unsched_macro
russia_sanctions_bill,KXFED-27JAN-T2.25,unscheduled_macro,macro_bucket,5,22,False,0.01931818181818179,0.32167680551011246,0.020869138227350814,4.0,0.025999999999999933,,39.47,0.22727272727272727,-5.82000000000005,0.94,,,M?,Unknown,True,unsched_macro
russia_sanctions_bill,KXFED-27JAN-T2.00,unscheduled_macro,macro_bucket,1,23,False,0.020652173913043637,0.34090948257391007,0.022342427093132815,4.0,0.029999999999999916,,100.0,0.13043478260869565,0.0,0.9450000000000001,,,M?,Unknown,True,unsched_macro
russia_sanctions_bill,KXFED-27JAN-T2.00,unscheduled_macro,macro_bucket,3,23,False,0.010652173913043628,0.16321699970568826,0.011523988711194895,4.0,0.03666666666666659,,278.53,0.13043478260869565,-150.51999999999998,0.9450000000000001,,,M?,Unknown,True,unsched_macro
russia_sanctions_bill,KXFED-27JAN-T2.00,unscheduled_macro,macro_bucket,5,23,False,0.010652173913043628,0.16321699970568826,0.011523988711194895,4.0,0.041999999999999926,,278.53,0.13043478260869565,-150.51999999999998,0.9450000000000001,,,M?,Unknown,True,unsched_macro
russia_sanctions_bill,KXFED-27JAN-T1.75,unscheduled_macro,macro_bucket,1,22,False,0.00909090909090915,0.15079684772882773,0.009765625000000064,4.0,0.019999999999999907,,0.0,0.3181818181818182,0.0,0.9450000000000001,,,M?,Unknown,True,unsched_macro
russia_sanctions_bill,KXFED-27JAN-T1.75,unscheduled_macro,macro_bucket,3,22,False,0.01909090909090916,0.3437005138533191,0.020507812500000076,28.0,0.03333333333333325,,34.63,0.3181818181818182,0.0,0.9450000000000001,,,M?,Unknown,True,unsched_macro
russia_sanctions_bill,KXFED-27JAN-T1.75,unscheduled_macro,macro_bucket,5,22,False,0.014090909090909265,0.24311327694815255,0.015136718750000189,4.0,0.03399999999999992,,34.63,0.3181818181818182,0.0,0.9450000000000001,,,M?,Unknown,True,unsched_macro
russia_sanctions_bill,KXFED-27JAN-T1.50,unscheduled_macro,macro_bucket,1,23,False,0.007391304347825756,0.1339449613730439,0.007883143983305927,4.0,0.029999999999999916,,0.0,1.6956521739130435,0.0,0.9450000000000001,,,M?,Unknown,True,unsched_macro
russia_sanctions_bill,KXFED-27JAN-T1.50,unscheduled_macro,macro_bucket,3,23,False,0.012391304347825649,0.23453219827821048,0.013215859030836531,4.0,0.039999999999999925,,30.0,1.6956521739130435,-9.239999999999782,0.9450000000000001,,,M?,Unknown,True,unsched_macro
russia_sanctions_bill,KXFED-27JAN-T1.50,unscheduled_macro,macro_bucket,5,23,False,0.012391304347825649,0.23453219827821048,0.013215859030836531,4.0,0.039999999999999925,,30.0,1.6956521739130435,-9.239999999999782,0.9450000000000001,,,M?,Unknown,True,unsched_macro
russia_sanctions_bill,KXFED-27JAN-T1.25,unscheduled_macro,macro_bucket,1,21,False,0.00976190476190486,0.20660678595237147,0.010327455919395571,4.0,0.030000000000000027,,0.0,0.09523809523809523,0.0,0.955,,,M?,Unknown,True,unsched_macro
russia_sanctions_bill,KXFED-27JAN-T1.25,unscheduled_macro,macro_bucket,3,21,False,0.004761904761904856,0.09599691440840141,0.005037783375314962,4.0,0.036666666666666625,,30.0,0.09523809523809523,11.730000000000018,0.955,,,M?,Unknown,True,unsched_macro
russia_sanctions_bill,KXFED-27JAN-T1.25,unscheduled_macro,macro_bucket,5,21,False,0.00976190476190486,0.20660678595237147,0.010327455919395571,4.0,0.03599999999999996,,30.0,0.09523809523809523,11.730000000000018,0.955,,,M?,Unknown,True,unsched_macro
russia_sanctions_bill,KXFED-27JAN-T1.00,unscheduled_macro,macro_bucket,1,20,False,0.011750000000000038,0.2443731482275031,0.012456930824277804,4.0,0.030000000000000027,,0.0,0.1,0.0,0.955,,,M?,Unknown,True,unsched_macro
russia_sanctions_bill,KXFED-27JAN-T1.00,unscheduled_macro,macro_bucket,3,20,False,0.021750000000000047,0.5061043373666649,0.023058574078982295,4.0,0.030000000000000027,,47.0,0.1,1.2200000000000273,0.955,,,M?,Unknown,True,unsched_macro
russia_sanctions_bill,KXFED-27JAN-T1.00,unscheduled_macro,macro_bucket,5,20,False,0.021750000000000047,0.5061043373666649,0.023058574078982295,4.0,0.030000000000000027,,64.0,0.1,-3.92999999999995,0.955,,,M?,Unknown,True,unsched_macro
russia_sanctions_bill,KXFED-27JAN-T0.75,unscheduled_macro,macro_bucket,1,25,False,0.017000000000000015,0.3720388155490384,0.018027571580063642,4.0,0.020000000000000018,,0.0,5.34,0.0,0.955,,,M?,Unknown,True,unsched_macro
russia_sanctions_bill,KXFED-27JAN-T0.75,unscheduled_macro,macro_bucket,3,25,False,0.02200000000000002,0.5107650250506648,0.02332979851537648,4.0,0.02666666666666669,,30.0,5.34,-6.149999999999977,0.955,,,M?,Unknown,True,unsched_macro
russia_sanctions_bill,KXFED-27JAN-T0.75,unscheduled_macro,macro_bucket,5,25,False,0.02200000000000002,0.5107650250506648,0.02332979851537648,4.0,0.028000000000000025,,30.0,5.34,-6.149999999999977,0.955,,,M?,Unknown,True,unsched_macro
russia_sanctions_bill,KXFED-27JAN-T0.50,unscheduled_macro,macro_bucket,1,25,False,0.015799999999999925,0.3890568698723982,0.016645596291613912,4.0,0.010000000000000009,,0.0,21.52,0.0,0.96,,,M?,Unknown,True,unsched_macro
russia_sanctions_bill,KXFED-27JAN-T0.50,unscheduled_macro,macro_bucket,3,25,False,0.015799999999999925,0.3890568698723982,0.016645596291613912,4.0,0.020000000000000018,,30.0,21.52,7.779999999999973,0.96,,,M?,Unknown,True,unsched_macro
russia_sanctions_bill,KXFED-27JAN-T0.50,unscheduled_macro,macro_bucket,5,25,False,0.02079999999999993,0.5483755198580993,0.0219131900547829,4.0,0.020000000000000018,,30.0,21.52,7.779999999999973,0.96,,,M?,Unknown,True,unsched_macro
russia_sanctions_bill,KXFED-27JAN-T0.25,unscheduled_macro,macro_bucket,1,23,False,0.013043478260869601,0.2959125715882971,0.01377410468319563,4.0,0.040000000000000036,,1.0,2.5652173913043477,0.0,0.965,,,M?,Unknown,True,unsched_macro
russia_sanctions_bill,KXFED-27JAN-T0.25,unscheduled_macro,macro_bucket,3,23,False,0.02304347826086961,0.5939574310756246,0.02433425160697893,4.0,0.04333333333333337,,31.0,2.5652173913043477,0.0,0.965,,,M?,Unknown,True,unsched_macro
russia_sanctions_bill,KXFED-27JAN-T0.25,unscheduled_macro,macro_bucket,5,23,False,0.02304347826086961,0.5939574310756246,0.02433425160697893,4.0,0.04200000000000004,,31.0,2.5652173913043477,0.0,0.965,,,M?,Unknown,True,unsched_macro
russia_sanctions_bill,KXFED-27JAN-T0.00,unscheduled_macro,macro_bucket,1,22,False,-0.0009090909090911925,-0.037973238197024806,-0.0009315323707501737,4.0,0.010000000000000009,,264.0,0.0,0.0,0.975,,,M?,Unknown,True,unsched_macro
russia_sanctions_bill,KXFED-27JAN-T0.00,unscheduled_macro,macro_bucket,3,22,False,0.004090909090908812,0.19028541378395536,0.004191895668374189,28.0,0.01666666666666668,,296.0,0.0,15.900000000000091,0.975,,,M?,Unknown,True,unsched_macro
russia_sanctions_bill,KXFED-27JAN-T0.00,unscheduled_macro,macro_bucket,5,22,False,0.004090909090908812,0.19028541378395536,0.004191895668374189,28.0,0.018000000000000016,,296.0,0.0,15.900000000000091,0.975,,,M?,Unknown,True,unsched_macro
russia_sanctions_bill,KXFED-26DEC-T5.00,unscheduled_macro,macro_bucket,3,12,True,,,,,0.02,,0.0,7.333333333333333,0.0,,,,M?,Unknown,True,unsched_macro
russia_sanctions_bill,KXFED-26DEC-T5.00,unscheduled_macro,macro_bucket,5,12,True,,,,,0.02,,0.0,7.333333333333333,0.0,,,,M?,Unknown,True,unsched_macro
russia_sanctions_bill,KXFED-26DEC-T4.75,unscheduled_macro,macro_bucket,3,18,True,,,,,0.01,,0.0,59.2525,0.0,,,,M?,Unknown,True,unsched_macro
russia_sanctions_bill,KXFED-26DEC-T4.75,unscheduled_macro,macro_bucket,5,18,True,,,,,0.01,,0.0,59.2525,0.0,,,,M?,Unknown,True,unsched_macro
russia_sanctions_bill,KXFED-26DEC-T4.50,unscheduled_macro,macro_bucket,1,18,True,-0.0036111111111111135,-0.16967675035617757,-0.15294117647058833,4.0,0.02,,400.0,42.578947368421055,0.0,0.015,,,M?,Unknown,True,unsched_macro
russia_sanctions_bill,KXFED-26DEC-T4.50,unscheduled_macro,macro_bucket,3,18,True,0.006388888888888888,0.24604485791917607,0.2705882352941176,28.0,0.02666666666666667,,1393.24,42.578947368421055,911.3000000000002,0.015,,,M?,Unknown,True,unsched_macro
russia_sanctions_bill,KXFED-26DEC-T4.50,unscheduled_macro,macro_bucket,5,18,True,0.0013888888888888874,0.05858190162480259,0.058823529411764636,28.0,0.028000000000000004,,1412.24,42.578947368421055,910.6500000000001,0.015,,,M?,Unknown,True,unsched_macro
russia_sanctions_bill,KXFED-26DEC-T4.25,unscheduled_macro,macro_bucket,1,25,False,0.18479999999999996,1.8420936017019554,4.088495575221238,4.0,0.13999999999999999,,6.0,65.8624,0.0,0.20500000000000002,,,M?,Unknown,False,unsched_macro
russia_sanctions_bill,KXFED-26DEC-T4.25,unscheduled_macro,macro_bucket,3,25,False,0.2648,2.2502855075143766,5.858407079646017,4.0,0.06999999999999999,,4281.26,65.8624,3438.710000000001,0.20500000000000002,,,M?,Unknown,True,unsched_macro
russia_sanctions_bill,KXFED-26DEC-T4.25,unscheduled_macro,macro_bucket,5,25,False,0.29979999999999996,2.409313989022597,6.632743362831857,4.0,0.04599999999999999,,5092.370000000001,65.8624,4068.6400000000012,0.20500000000000002,,,M?,Unknown,True,unsched_macro
russia_sanctions_bill,KXFED-26DEC-T4.00,unscheduled_macro,macro_bucket,1,24,False,0.44875000000000004,1.9367738728796704,1.751219512195122,4.0,0.04999999999999993,,3575.24,40.066250000000004,0.0,0.655,,,M?,Unknown,True,unsched_macro
russia_sanctions_bill,KXFED-26DEC-T4.00,unscheduled_macro,macro_bucket,3,24,False,0.5787499999999999,2.687037677357496,2.258536585365853,4.0,0.023333333333333317,,9741.249999999998,40.066250000000004,4311.569999999998,0.655,,,M?,Unknown,True,unsched_macro
russia_sanctions_bill,KXFED-26DEC-T4.00,unscheduled_macro,macro_bucket,5,24,False,0.5887499999999999,2.761462936845148,2.2975609756097555,4.0,0.017999999999999995,,9933.939999999999,40.066250000000004,4343.99,0.655,,,M?,Unknown,True,unsched_macro
russia_sanctions_bill,KXFED-26DEC-T3.75,unscheduled_macro,macro_bucket,1,23,False,0.29891304347826086,2.4091443597102145,0.45559973492379063,4.0,0.010000000000000009,,53.69,485.46478260869566,0.0,0.945,,,M?,Unknown,True,unsched_macro
russia_sanctions_bill,KXFED-26DEC-T3.75,unscheduled_macro,macro_bucket,3,23,False,0.3289130434782609,3.5386869490696826,0.501325381047051,4.0,0.010000000000000009,,3141.64,485.46478260869566,-78.13999999999942,0.945,,,M?,Unknown,True,unsched_macro
russia_sanctions_bill,KXFED-26DEC-T3.75,unscheduled_macro,macro_bucket,5,23,False,0.3289130434782609,3.5386869490696826,0.501325381047051,4.0,0.010000000000000009,,3219.02,485.46478260869566,-137.52000000000044,0.945,,,M?,Unknown,True,unsched_macro
russia_sanctions_bill,KXFED-26DEC-T3.50,unscheduled_macro,macro_bucket,1,25,False,0.08439999999999992,1.3186557474864191,0.09584374290256634,4.0,0.030000000000000027,,0.0,234.268,0.0,0.97,,,M?,Unknown,True,unsched_macro
russia_sanctions_bill,KXFED-26DEC-T3.50,unscheduled_macro,macro_bucket,3,25,False,0.09439999999999993,1.6654373537664933,0.10719963661140124,4.0,0.01666666666666668,,197.96,234.268,48.18000000000029,0.97,,,M?,Unknown,True,unsched_macro
russia_sanctions_bill,KXFED-26DEC-T3.50,unscheduled_macro,macro_bucket,5,25,False,0.09439999999999993,1.6654373537664933,0.10719963661140124,4.0,0.015000000000000013,,215.96,234.268,48.18000000000029,0.97,,,M?,Unknown,True,unsched_macro
russia_sanctions_bill,KXFED-26DEC-T3.25,unscheduled_macro,macro_bucket,1,24,False,-0.0029166666666667895,-0.10528121037209193,-0.0029978586723769995,4.0,0.020000000000000018,,0.0,28.63208333333333,0.0,0.975,,,M?,Unknown,True,unsched_macro
russia_sanctions_bill,KXFED-26DEC-T3.25,unscheduled_macro,macro_bucket,3,24,False,0.002083333333333215,0.08218174592228111,0.0021413276231262166,28.0,0.013333333333333345,,166.0,28.63208333333333,18.0,0.975,,,M?,Unknown,True,unsched_macro
russia_sanctions_bill,KXFED-26DEC-T3.25,unscheduled_macro,macro_bucket,5,24,False,0.002083333333333215,0.08218174592228111,0.0021413276231262166,28.0,0.012500000000000011,,184.0,28.63208333333333,0.0,0.975,,,M?,Unknown,True,unsched_macro
russia_sanctions_bill,KXFED-26DEC-T3.00,unscheduled_macro,macro_bucket,3,21,False,0.0,0.0,0.0,,0.010000000000000009,,82.0,0.0,18.0,0.985,,,M?,Unknown,True,unsched_macro
russia_sanctions_bill,KXFED-26DEC-T3.00,unscheduled_macro,macro_bucket,5,21,False,0.0,0.0,0.0,,0.010000000000000009,,100.0,0.0,18.0,0.985,,,M?,Unknown,True,unsched_macro
russia_sanctions_bill,KXFED-26DEC-T2.75,unscheduled_macro,macro_bucket,3,23,False,1.1102230246251565e-16,7.105427357601002e-15,1.1271299742387378e-16,,0.010000000000000009,,52.0,2.260869565217391,18.0,0.985,,,M?,Unknown,True,unsched_macro
russia_sanctions_bill,KXFED-26DEC-T2.75,unscheduled_macro,macro_bucket,5,23,False,0.01000000000000012,1.1087133846546209,0.010152284263959513,76.0,0.010000000000000009,,67.0,2.260869565217391,3.0,0.985,,,M?,Unknown,True,unsched_macro
russia_sanctions_bill,KXFED-26OCT-T4.75,unscheduled_macro,macro_bucket,1,13,True,,,,,0.01,,0.0,0.0,0.0,,,,M?,Unknown,True,unsched_macro
russia_sanctions_bill,KXFED-26OCT-T4.75,unscheduled_macro,macro_bucket,3,13,True,,,,,0.01,,0.0,0.0,0.0,,,,M?,Unknown,True,unsched_macro
russia_sanctions_bill,KXFED-26OCT-T4.75,unscheduled_macro,macro_bucket,5,13,True,,,,,0.01,,0.0,0.0,0.0,,,,M?,Unknown,True,unsched_macro
russia_sanctions_bill,KXFED-26OCT-T4.50,unscheduled_macro,macro_bucket,1,19,True,,,,,0.02,,0.0,0.2,0.0,,,,M?,Unknown,True,unsched_macro
russia_sanctions_bill,KXFED-26OCT-T4.50,unscheduled_macro,macro_bucket,3,19,True,-1.734723475976807e-18,0.0,-1.1564823173178712e-16,,0.013333333333333334,,3551.32,0.2,2805.22,,,,M?,Unknown,True,unsched_macro
russia_sanctions_bill,KXFED-26OCT-T4.50,unscheduled_macro,macro_bucket,5,19,True,,,,,0.012,,4311.54,0.2,2805.22,,,,M?,Unknown,True,unsched_macro
russia_sanctions_bill,KXFED-26OCT-T4.25,unscheduled_macro,macro_bucket,1,5,False,-0.004,-0.24045795967095573,-0.2105263157894737,4.0,0.01,,18.0,78.01105263157895,0.0,0.015,,,M?,Unknown,True,unsched_macro
russia_sanctions_bill,KXFED-26OCT-T4.25,unscheduled_macro,macro_bucket,3,5,False,-0.004,-0.24045795967095573,-0.2105263157894737,4.0,0.01,,4880.23,78.01105263157895,4807.25,0.015,,,M?,Unknown,True,unsched_macro
russia_sanctions_bill,KXFED-26OCT-T4.25,unscheduled_macro,macro_bucket,5,5,False,-0.004,-0.24045795967095573,-0.2105263157894737,4.0,0.01,,10510.289999999999,78.01105263157895,10328.07,0.015,,,M?,Unknown,True,unsched_macro
russia_sanctions_bill,KXFED-26OCT-T4.00,unscheduled_macro,macro_bucket,1,25,False,0.2674,1.938497415281896,3.955621301775148,4.0,0.010000000000000009,,1884.14,245.06399999999996,0.0,0.315,,,M?,Unknown,True,unsched_macro
russia_sanctions_bill,KXFED-26OCT-T4.00,unscheduled_macro,macro_bucket,3,25,False,0.4374,2.644154590819353,6.470414201183432,4.0,0.00999999999999999,,14826.109999999999,245.06399999999996,8664.819999999998,0.315,,,M?,Unknown,True,unsched_macro
russia_sanctions_bill,KXFED-26OCT-T4.00,unscheduled_macro,macro_bucket,5,25,False,0.49739999999999995,2.88563362417044,7.357988165680472,4.0,0.009999999999999976,,30118.26,245.06399999999996,15541.769999999999,0.315,,,M?,Unknown,True,unsched_macro
russia_sanctions_bill,KXFED-26OCT-T3.75,unscheduled_macro,macro_bucket,1,25,False,0.33540000000000003,1.871466718575359,0.6047601875225388,4.0,0.040000000000000036,,1152.0,246.51160000000004,0.0,0.885,,,M?,Unknown,True,unsched_macro
russia_sanctions_bill,KXFED-26OCT-T3.75,unscheduled_macro,macro_bucket,3,25,False,0.4354,4.375845471776179,0.7850703209520375,4.0,0.023333333333333355,,10528.789999999999,246.51160000000004,7323.25,0.885,,,M?,Unknown,True,unsched_macro
russia_sanctions_bill,KXFED-26OCT-T3.75,unscheduled_macro,macro_bucket,5,25,False,0.4354,4.375845471776179,0.7850703209520375,4.0,0.02200000000000002,,10877.369999999999,246.51160000000004,7666.83,0.885,,,M?,Unknown,True,unsched_macro
russia_sanctions_bill,KXFED-26OCT-T3.50,unscheduled_macro,macro_bucket,1,23,False,0.04608695652173911,2.3715168705949474,0.0485681557846506,4.0,0.010000000000000009,,0.0,194.77652173913046,0.0,0.995,,,M?,Unknown,True,unsched_macro
russia_sanctions_bill,KXFED-26OCT-T3.50,unscheduled_macro,macro_bucket,3,23,False,0.041086956521739104,1.673331896005045,0.04329896907216492,4.0,0.01666666666666668,,0.0,194.77652173913046,0.0,0.995,,,M?,Unknown,True,unsched_macro
russia_sanctions_bill,KXFED-26OCT-T3.50,unscheduled_macro,macro_bucket,5,23,False,0.041086956521739104,1.673331896005045,0.04329896907216492,4.0,0.01666666666666668,,0.0,194.77652173913046,0.0,0.995,,,M?,Unknown,True,unsched_macro
russia_sanctions_bill,KXFED-26OCT-T3.25,unscheduled_macro,macro_bucket,3,25,False,0.010399999999999965,1.1354368668199726,0.01056266504164124,28.0,0.010000000000000009,,10.0,18.9656,0.0,0.995,,,M?,Unknown,True,unsched_macro
russia_sanctions_bill,KXFED-26OCT-T3.25,unscheduled_macro,macro_bucket,5,25,False,0.010399999999999965,1.1354368668199726,0.01056266504164124,28.0,0.010000000000000009,,10.0,18.9656,0.0,0.995,,,M?,Unknown,True,unsched_macro
russia_sanctions_bill,KXFED-26OCT-T3.00,unscheduled_macro,macro_bucket,3,19,False,0.007368421052631358,0.9131416272995114,0.0074606981081798964,28.0,0.010000000000000009,,0.0,29.894736842105264,0.0,0.995,,,M?,Unknown,True,unsched_macro
russia_sanctions_bill,KXFED-26OCT-T3.00,unscheduled_macro,macro_bucket,5,19,False,0.007368421052631358,0.9131416272995114,0.0074606981081798964,28.0,0.010000000000000009,,0.0,29.894736842105264,0.0,0.995,,,M?,Unknown,True,unsched_macro
russia_sanctions_bill,KXFED-26OCT-T2.75,unscheduled_macro,macro_bucket,3,21,False,0.008095238095237822,0.9709799423875465,0.008202653799758467,28.0,0.010000000000000009,,0.0,12.333809523809524,0.0,0.995,,,M?,Unknown,True,unsched_macro
russia_sanctions_bill,KXFED-26OCT-T2.75,unscheduled_macro,macro_bucket,5,21,False,0.008095238095237822,0.9709799423875465,0.008202653799758467,28.0,0.010000000000000009,,0.0,12.333809523809524,0.0,0.995,,,M?,Unknown,True,unsched_macro
russia_sanctions_bill,KXFED-26SEP-T4.75,unscheduled_macro,macro_bucket,1,5,True,,,,,0.01,,0.0,19808.9745,0.0,,,,M?,Unknown,True,unsched_macro
russia_sanctions_bill,KXFED-26SEP-T4.75,unscheduled_macro,macro_bucket,3,5,True,0.0,0.0,0.0,,0.505,,350.67,19808.9745,350.6700000000128,,,,M?,Unknown,False,unsched_macro
russia_sanctions_bill,KXFED-26SEP-T4.75,unscheduled_macro,macro_bucket,5,5,True,0.0,0.0,0.0,,0.505,,350.67,19808.9745,350.6700000000128,,,,M?,Unknown,False,unsched_macro
russia_sanctions_bill,KXFED-26SEP-T4.50,unscheduled_macro,macro_bucket,1,6,False,,,,,0.01,,0.0,7472.50238095238,0.0,,,,M?,Unknown,True,unsched_macro
russia_sanctions_bill,KXFED-26SEP-T4.50,unscheduled_macro,macro_bucket,3,6,False,0.0,0.0,0.0,,0.505,,93.5,7472.50238095238,93.5,,,,M?,Unknown,False,unsched_macro
russia_sanctions_bill,KXFED-26SEP-T4.50,unscheduled_macro,macro_bucket,5,6,False,0.0,0.0,0.0,,0.505,,93.5,7472.50238095238,93.5,,,,M?,Unknown,False,unsched_macro
russia_sanctions_bill,KXFED-26SEP-T4.25,unscheduled_macro,macro_bucket,1,15,False,0.0,0.0,0.0,,0.01,,2367.83,863.5072727272727,0.0,0.01,,,M?,Unknown,True,unsched_macro
russia_sanctions_bill,KXFED-26SEP-T4.25,unscheduled_macro,macro_bucket,3,15,False,0.0,0.0,0.0,,0.505,,38509.020000000004,863.5072727272727,35923.71,0.01,,,M?,Unknown,False,unsched_macro
russia_sanctions_bill,KXFED-26SEP-T4.25,unscheduled_macro,macro_bucket,5,15,False,0.0,0.0,0.0,,0.505,,38509.020000000004,863.5072727272727,35923.71,0.01,,,M?,Unknown,False,unsched_macro
russia_sanctions_bill,KXFED-26SEP-T4.00,unscheduled_macro,macro_bucket,1,24,False,-0.0033333333333333305,-0.2910547569304196,-0.24999999999999983,4.0,0.01,,143172.54,4417.394800000001,0.0,0.01,,,M?,Unknown,True,unsched_macro
russia_sanctions_bill,KXFED-26SEP-T4.00,unscheduled_macro,macro_bucket,3,24,False,0.00666666666666667,0.4122447950935437,0.5000000000000003,28.0,0.505,,253259.71000000002,4417.394800000001,100476.67999999993,0.01,,,M?,Unknown,False,unsched_macro
russia_sanctions_bill,KXFED-26SEP-T4.00,unscheduled_macro,macro_bucket,5,24,False,0.00666666666666667,0.4122447950935437,0.5000000000000003,28.0,0.505,,253259.71000000002,4417.394800000001,100476.67999999993,0.01,,,M?,Unknown,False,unsched_macro
russia_sanctions_bill,KXFED-26SEP-T3.75,unscheduled_macro,macro_bucket,1,25,False,0.44559999999999994,2.1826916616161594,1.0624701955174056,4.0,0.010000000000000009,,86069.34,14999.8692,0.0,0.875,,,M?,Unknown,True,unsched_macro
russia_sanctions_bill,KXFED-26SEP-T3.75,unscheduled_macro,macro_bucket,3,25,False,0.44059999999999994,2.1405268997609586,1.0505484024797327,4.0,0.505,,129962.32,14999.8692,34545.5,0.875,,,M?,Unknown,False,unsched_macro
russia_sanctions_bill,KXFED-26SEP-T3.75,unscheduled_macro,macro_bucket,5,25,False,0.44059999999999994,2.1405268997609586,1.0505484024797327,4.0,0.505,,129962.32,14999.8692,34545.5,0.875,,,M?,Unknown,False,unsched_macro
russia_sanctions_bill,KXFED-26SEP-T3.50,unscheduled_macro,macro_bucket,1,21,False,0.0007142857142855563,0.13424952550993563,0.0007183908045975422,4.0,0.010000000000000009,,4258.41,11169.791428571429,0.0,0.995,,,M?,Unknown,True,unsched_macro
russia_sanctions_bill,KXFED-26SEP-T3.50,unscheduled_macro,macro_bucket,3,21,False,-0.004285714285714448,-0.5639354490799668,-0.00431034482758637,28.0,0.505,,40961.350000000006,11169.791428571429,27359.940000000002,0.995,,,M?,Unknown,False,unsched_macro
russia_sanctions_bill,KXFED-26SEP-T3.50,unscheduled_macro,macro_bucket,5,21,False,-0.004285714285714448,-0.5639354490799668,-0.00431034482758637,28.0,0.505,,40961.350000000006,11169.791428571429,27359.940000000002,0.995,,,M?,Unknown,False,unsched_macro
russia_sanctions_bill,KXFED-26SEP-T3.25,unscheduled_macro,macro_bucket,1,9,False,0.0,0.0,0.0,,0.010000000000000009,,93.51,374.22222222222223,0.0,0.995,,,M?,Unknown,True,unsched_macro
russia_sanctions_bill,KXFED-26SEP-T3.25,unscheduled_macro,macro_bucket,3,9,False,-0.0050000000000000044,-0.6981849745899025,-0.005025125628140708,28.0,0.505,,694.35,374.22222222222223,426.5100000000002,0.995,,,M?,Unknown,False,unsched_macro
russia_sanctions_bill,KXFED-26SEP-T3.25,unscheduled_macro,macro_bucket,5,9,False,-0.0050000000000000044,-0.6981849745899025,-0.005025125628140708,28.0,0.505,,694.35,374.22222222222223,426.5100000000002,0.995,,,M?,Unknown,False,unsched_macro
russia_sanctions_bill,KXFED-26SEP-T3.00,unscheduled_macro,macro_bucket,1,18,False,0.0,0.0,0.0,,0.010000000000000009,,467.59,0.0,0.0,0.995,,,M?,Unknown,True,unsched_macro
russia_sanctions_bill,KXFED-26SEP-T3.00,unscheduled_macro,macro_bucket,3,18,False,-0.0050000000000000044,-0.6981849745899025,-0.005025125628140708,28.0,0.505,,495.64,0.0,28.050000000000182,0.995,,,M?,Unknown,False,unsched_macro
russia_sanctions_bill,KXFED-26SEP-T3.00,unscheduled_macro,macro_bucket,5,18,False,-0.0050000000000000044,-0.6981849745899025,-0.005025125628140708,28.0,0.505,,495.64,0.0,28.050000000000182,0.995,,,M?,Unknown,False,unsched_macro
russia_sanctions_bill,KXFED-26SEP-T2.75,unscheduled_macro,macro_bucket,1,20,False,-1.1102230246251565e-16,-2.220446049250313e-14,-1.1158020347991522e-16,,0.010000000000000009,,93.51,297.4005,0.0,0.995,,,M?,Unknown,True,unsched_macro
russia_sanctions_bill,KXFED-26SEP-T2.75,unscheduled_macro,macro_bucket,3,20,False,-0.0050000000000001155,-0.6981849745899247,-0.005025125628140819,28.0,0.505,,10317.94,297.4005,9257.429999999998,0.995,,,M?,Unknown,False,unsched_macro
russia_sanctions_bill,KXFED-26SEP-T2.75,unscheduled_macro,macro_bucket,5,20,False,-0.0050000000000001155,-0.6981849745899247,-0.005025125628140819,28.0,0.505,,10317.94,297.4005,9257.429999999998,0.995,,,M?,Unknown,False,unsched_macro
russia_sanctions_bill,KXCPI-26SEP-T0.6,unscheduled_macro,macro_bucket,1,25,False,-0.08120000000000005,-0.5222844394097736,-0.3437764606265878,4.0,0.010000000000000009,,2982.17,2171.4552,0.0,0.155,,,M?,Unknown,True,unsched_macro
russia_sanctions_bill,KXCPI-26SEP-T0.6,unscheduled_macro,macro_bucket,3,25,False,0.13879999999999995,0.6628014472621628,0.5876375952582554,52.0,0.010000000000000009,,15816.76,2171.4552,7048.04,0.155,,,M?,Unknown,True,unsched_macro
russia_sanctions_bill,KXCPI-26SEP-T0.6,unscheduled_macro,macro_bucket,5,25,False,0.008799999999999947,0.04816753232385573,0.0372565622353935,28.0,0.034000000000000016,,18389.489999999998,2171.4552,8923.259999999998,0.155,,,M?,Unknown,True,unsched_macro
russia_sanctions_bill,KXCPI-26SEP-T-0.4,unscheduled_macro,macro_bucket,1,20,False,0.09899999999999998,2.494123304892923,0.11111111111111108,4.0,0.020000000000000018,,25.0,35.5,0.0,0.995,,,M?,Unknown,True,unsched_macro
russia_sanctions_bill,KXCPI-26SEP-T-0.4,unscheduled_macro,macro_bucket,3,20,False,0.10399999999999998,3.1923082794828255,0.11672278338945004,4.0,0.013333333333333345,,33.0,35.5,8.0,0.995,,,M?,Unknown,True,unsched_macro
russia_sanctions_bill,KXCPI-26SEP-T-0.4,unscheduled_macro,macro_bucket,5,20,False,0.10399999999999998,3.1923082794828255,0.11672278338945004,4.0,0.01200000000000001,,220.02,35.5,101.50999999999976,0.995,,,M?,Unknown,True,unsched_macro
russia_sanctions_bill,KXCPI-26SEP-T-0.3,unscheduled_macro,macro_bucket,1,22,False,0.10295454545454552,2.1726471918668606,0.11672249420252521,4.0,0.010000000000000009,,0.0,47.817727272727275,0.0,0.995,,,M?,Unknown,True,unsched_macro
russia_sanctions_bill,KXCPI-26SEP-T-0.3,unscheduled_macro,macro_bucket,3,22,False,0.11295454545454553,3.2813605765214744,0.128059778407627,4.0,0.010000000000000009,,28.28,47.817727272727275,-12.2800000000002,0.995,,,M?,Unknown,True,unsched_macro
russia_sanctions_bill,KXCPI-26SEP-T-0.3,unscheduled_macro,macro_bucket,5,22,False,0.10295454545454552,2.1726471918668606,0.11672249420252521,4.0,0.010000000000000009,,34.28,47.817727272727275,-6.2800000000002,0.995,,,M?,Unknown,True,unsched_macro
russia_sanctions_bill,KXCPI-26SEP-T-0.2,unscheduled_macro,macro_bucket,1,22,False,0.14409090909090916,2.892250700872789,0.17033852767329402,4.0,0.020000000000000018,,1395.0,65.27272727272727,0.0,0.995,,,M?,Unknown,True,unsched_macro
russia_sanctions_bill,KXCPI-26SEP-T-0.2,unscheduled_macro,macro_bucket,3,22,False,0.14909090909090916,3.5904356754626914,0.17624932831810863,4.0,0.013333333333333345,,1661.0,65.27272727272727,0.0,0.995,,,M?,Unknown,True,unsched_macro
russia_sanctions_bill,KXCPI-26SEP-T-0.2,unscheduled_macro,macro_bucket,5,22,False,0.14909090909090916,3.5904356754626914,0.17624932831810863,4.0,0.01200000000000001,,1671.0,65.27272727272727,0.0,0.995,,,M?,Unknown,True,unsched_macro
russia_sanctions_bill,KXCPI-26NOV-T0.5,unscheduled_macro,macro_bucket,1,8,False,-0.16999999999999998,-0.9095065938072748,-0.49275362318840576,4.0,0.03,,4.0,18.944444444444443,0.0,0.19,,,M?,Unknown,True,unsched_macro
russia_sanctions_bill,KXCPI-26NOV-T0.5,unscheduled_macro,macro_bucket,3,8,False,-0.20499999999999996,-1.174199148034357,-0.5942028985507246,4.0,0.03,,12.0,18.944444444444443,-4.0,0.19,,,M?,Unknown,True,unsched_macro
russia_sanctions_bill,KXCPI-26NOV-T0.5,unscheduled_macro,macro_bucket,5,8,False,-0.20999999999999996,-1.2163639098895578,-0.608695652173913,4.0,0.028000000000000004,,25.0,18.944444444444443,9.0,0.19,,,M?,Unknown,True,unsched_macro
russia_sanctions_bill,KXCPI-26NOV-T0.4,unscheduled_macro,macro_bucket,1,5,False,-0.01899999999999996,-0.09543474442717481,-0.0669014084507041,4.0,0.010000000000000009,,5.0,77.75,0.0,0.28500000000000003,,,M?,Unknown,True,unsched_macro
russia_sanctions_bill,KXCPI-26NOV-T0.4,unscheduled_macro,macro_bucket,3,5,False,-0.11899999999999997,-0.6967803221508351,-0.4190140845070422,52.0,0.03000000000000001,,6.0,77.75,0.0,0.28500000000000003,,,M?,Unknown,True,unsched_macro
russia_sanctions_bill,KXCPI-26NOV-T0.4,unscheduled_macro,macro_bucket,5,5,False,-0.10399999999999998,-0.5916415605686489,-0.3661971830985915,52.0,0.046,,14.0,77.75,3.0,0.28500000000000003,,,M?,Unknown,True,unsched_macro
russia_sanctions_bill,KXCPI-26NOV-T0.3,unscheduled_macro,macro_bucket,1,21,False,0.03785714285714287,0.1540249964235864,0.09075342465753426,4.0,0.010000000000000009,,183.0,8.537619047619048,0.0,0.455,,,M?,Unknown,True,unsched_macro
russia_sanctions_bill,KXCPI-26NOV-T0.3,unscheduled_macro,macro_bucket,3,21,False,-0.14714285714285713,-0.660109203008182,-0.3527397260273972,52.0,0.08999999999999998,,1357.0,8.537619047619048,543.01,0.455,,,M?,Unknown,False,unsched_macro
russia_sanctions_bill,KXCPI-26NOV-T0.3,unscheduled_macro,macro_bucket,5,21,False,-0.11714285714285716,-0.5127844882513236,-0.2808219178082192,52.0,0.07999999999999999,,1374.0,8.537619047619048,538.01,0.455,,,M?,Unknown,True,unsched_macro
russia_sanctions_bill,KXCPI-26NOV-T0.2,unscheduled_macro,macro_bucket,1,18,False,0.05111111111111111,0.21496925795046834,0.08753568030447192,4.0,0.010000000000000009,,51.0,9.666666666666666,0.0,0.64,,,M?,Unknown,True,unsched_macro
russia_sanctions_bill,KXCPI-26NOV-T0.2,unscheduled_macro,macro_bucket,3,18,False,-0.12388888888888894,-0.4991010374349113,-0.2121788772597527,28.0,0.06333333333333331,,906.14,9.666666666666666,555.1400000000001,0.64,,,M?,Unknown,True,unsched_macro
russia_sanctions_bill,KXCPI-26NOV-T0.2,unscheduled_macro,macro_bucket,5,18,False,-0.1288888888888889,-0.5192467630720253,-0.22074215033301617,28.0,0.041999999999999996,,917.14,9.666666666666666,559.1400000000001,0.64,,,M?,Unknown,True,unsched_macro
russia_sanctions_bill,KXCPI-26NOV-T0.1,unscheduled_macro,macro_bucket,1,17,False,0.02529411764705891,0.14627041840195276,0.03307692307692319,4.0,0.040000000000000036,,307.0,4.108421052631579,0.0,0.815,,,M?,Unknown,True,unsched_macro
russia_sanctions_bill,KXCPI-26NOV-T0.1,unscheduled_macro,macro_bucket,3,17,False,-0.1097058823529411,-0.5375641777377537,-0.14346153846153836,52.0,0.04666666666666667,,1554.2,4.108421052631579,395.19000000000005,0.815,,,M?,Unknown,True,unsched_macro
russia_sanctions_bill,KXCPI-26NOV-T0.1,unscheduled_macro,macro_bucket,5,17,False,-0.09970588235294109,-0.49299848751085806,-0.13038461538461527,52.0,0.052000000000000005,,2139.2,4.108421052631579,525.19,0.815,,,M?,Unknown,True,unsched_macro
russia_sanctions_bill,KXCPI-26NOV-T-0.1,unscheduled_macro,macro_bucket,1,8,False,0.07874999999999988,1.0323825566355507,0.09038737446197977,4.0,0.020000000000000018,,100.0,0.625,0.0,0.935,,,M?,Unknown,True,unsched_macro
russia_sanctions_bill,KXCPI-26NOV-T-0.1,unscheduled_macro,macro_bucket,3,8,False,-0.06625000000000003,-0.49421370367607187,-0.07604017216642757,52.0,0.013333333333333345,,134.0,0.625,34.0,0.935,,,M?,Unknown,True,unsched_macro
russia_sanctions_bill,KXCPI-26NOV-T-0.1,unscheduled_macro,macro_bucket,5,8,False,-0.06625000000000003,-0.49421370367607187,-0.07604017216642757,52.0,0.01200000000000001,,454.0,0.625,354.0,0.935,,,M?,Unknown,True,unsched_macro
russia_sanctions_bill,KXCPI-26NOV-T0.0,unscheduled_macro,macro_bucket,1,19,False,0.10105263157894728,0.7328875092094591,0.1297297297297296,4.0,0.08000000000000007,,341.0,3.6842105263157894,0.0,0.915,,,M?,Unknown,False,unsched_macro
russia_sanctions_bill,KXCPI-26NOV-T0.0,unscheduled_macro,macro_bucket,3,19,False,0.011052631578947314,0.06538275926285153,0.014189189189189117,4.0,0.04666666666666671,,707.0,3.6842105263157894,136.0,0.915,,,M?,Unknown,True,unsched_macro
russia_sanctions_bill,KXCPI-26NOV-T0.0,unscheduled_macro,macro_bucket,5,19,False,-0.003947368421052699,-0.022780028331820024,-0.005067567567567654,100.0,0.03600000000000003,,918.0,3.6842105263157894,224.0,0.915,,,M?,Unknown,True,unsched_macro
russia_sanctions_bill,KXCPI-26OCT-T0.5,unscheduled_macro,macro_bucket,1,6,False,-0.11666666666666664,-0.7370437618193582,-0.44585987261146487,4.0,0.009999999999999981,,1.0,118.5625,0.0,0.19,,,M?,Unknown,True,unsched_macro
russia_sanctions_bill,KXCPI-26OCT-T0.5,unscheduled_macro,macro_bucket,3,6,False,0.09833333333333333,0.4619598197932657,0.375796178343949,52.0,0.033333333333333326,,719.01,118.5625,575.0099999999999,0.19,,,M?,Unknown,True,unsched_macro
russia_sanctions_bill,KXCPI-26OCT-T0.5,unscheduled_macro,macro_bucket,5,6,False,-0.06166666666666665,-0.34897039642306305,-0.23566878980891712,4.0,0.03,,1689.02,118.5625,423.11,0.19,,,M?,Unknown,True,unsched_macro
russia_sanctions_bill,KXCPI-26OCT-T0.4,unscheduled_macro,macro_bucket,1,5,False,-0.06499999999999995,-0.31195561530212856,-0.19696969696969682,4.0,0.010000000000000009,,4.0,103.82352941176471,0.0,0.345,,,M?,Unknown,True,unsched_macro
russia_sanctions_bill,KXCPI-26OCT-T0.4,unscheduled_macro,macro_bucket,3,5,False,0.16500000000000004,0.6881843912178164,0.5000000000000002,28.0,0.010000000000000009,,1409.44,103.82352941176471,865.3500000000001,0.345,,,M?,Unknown,True,unsched_macro
russia_sanctions_bill,KXCPI-26OCT-T0.4,unscheduled_macro,macro_bucket,5,5,False,0.015000000000000013,0.06709423932059377,0.0454545454545455,28.0,0.017999999999999995,,2056.7200000000003,103.82352941176471,464.45000000000005,0.345,,,M?,Unknown,True,unsched_macro
russia_sanctions_bill,KXCPI-26OCT-T0.3,unscheduled_macro,macro_bucket,1,23,False,0.1436956521739131,0.5897080480250988,0.39771359807460915,4.0,0.030000000000000027,,54.0,148.59608695652173,0.0,0.44499999999999995,,,M?,Unknown,True,unsched_macro
russia_sanctions_bill,KXCPI-26OCT-T0.3,unscheduled_macro,macro_bucket,3,23,False,0.30369565217391314,1.2553638901492172,0.840553549939832,28.0,0.03666666666666666,,1400.0,148.59608695652173,919.0,0.44499999999999995,,,M?,Unknown,True,unsched_macro
russia_sanctions_bill,KXCPI-26OCT-T0.3,unscheduled_macro,macro_bucket,5,23,False,0.20869565217391317,0.8515585334594173,0.577617328519856,4.0,0.082,,3108.3,148.59608695652173,1146.15,0.44499999999999995,,,M?,Unknown,False,unsched_macro
russia_sanctions_bill,KXCPI-26OCT-T0.2,unscheduled_macro,macro_bucket,1,22,False,0.0193181818181819,0.08087441786116278,0.03243037008775291,4.0,0.010000000000000009,,8.0,5.086363636363637,0.0,0.5800000000000001,,,M?,Unknown,True,unsched_macro
russia_sanctions_bill,KXCPI-26OCT-T0.2,unscheduled_macro,macro_bucket,3,22,False,0.20431818181818195,0.99878984546232,0.34299885539870306,28.0,0.06333333333333331,,1826.7600000000002,5.086363636363637,1120.17,0.5800000000000001,,,M?,Unknown,True,unsched_macro
russia_sanctions_bill,KXCPI-26OCT-T0.2,unscheduled_macro,macro_bucket,5,22,False,0.12431818181818188,0.5569570931832805,0.20869896985883266,28.0,0.061999999999999965,,4073.7200000000003,5.086363636363637,1594.07,0.5800000000000001,,,M?,Unknown,True,unsched_macro
russia_sanctions_bill,KXCPI-26OCT-T0.1,unscheduled_macro,macro_bucket,1,16,False,-0.083125,-0.3879978075907602,-0.11416309012875536,4.0,0.030000000000000027,,4.0,4.171875,0.0,0.63,,,M?,Unknown,True,unsched_macro
russia_sanctions_bill,KXCPI-26OCT-T0.1,unscheduled_macro,macro_bucket,3,16,False,0.14687499999999998,0.9607798141441962,0.20171673819742486,28.0,0.03333333333333336,,1535.9299999999998,4.171875,1027.52,0.63,,,M?,Unknown,True,unsched_macro
russia_sanctions_bill,KXCPI-26OCT-T0.1,unscheduled_macro,macro_bucket,5,16,False,0.08187500000000003,0.46487984059488163,0.11244635193133051,28.0,0.050000000000000024,,2740.93,4.171875,1361.52,0.63,,,M?,Unknown,True,unsched_macro
russia_sanctions_bill,KXCPI-26OCT-T-0.1,unscheduled_macro,macro_bucket,1,17,False,-0.029705882352941138,-0.20603115192086796,-0.03537653239929943,4.0,0.019999999999999907,,8.0,0.5294117647058824,0.0,0.79,,,M?,Unknown,True,unsched_macro
russia_sanctions_bill,KXCPI-26OCT-T-0.1,unscheduled_macro,macro_bucket,3,17,False,0.11529411764705877,1.3990075232835428,0.13730297723292462,28.0,0.013333333333333308,,833.04,0.5294117647058824,171.51999999999998,0.79,,,M?,Unknown,True,unsched_macro
russia_sanctions_bill,KXCPI-26OCT-T-0.1,unscheduled_macro,macro_bucket,5,17,False,0.015294117647058791,0.11832639908931908,0.01821366024518385,28.0,0.03599999999999999,,2836.7,0.5294117647058824,1079.07,0.79,,,M?,Unknown,True,unsched_macro
russia_sanctions_bill,KXCPI-26OCT-T0.0,unscheduled_macro,macro_bucket,1,14,False,0.013214285714285845,0.08533960173261845,0.016481069042316426,4.0,0.029999999999999916,,2.0,0.9285714285714286,0.0,0.76,,,M?,Unknown,True,unsched_macro
russia_sanctions_bill,KXCPI-26OCT-T0.0,unscheduled_macro,macro_bucket,3,14,False,0.13821428571428584,1.354042626612029,0.17238307349665943,28.0,0.019999999999999945,,1161.5900000000001,0.9285714285714286,873.0,0.76,,,M?,Unknown,True,unsched_macro
russia_sanctions_bill,KXCPI-26OCT-T0.0,unscheduled_macro,macro_bucket,5,14,False,0.05321428571428588,0.3768750400862666,0.06636971046770623,28.0,0.049999999999999975,,2609.6000000000004,0.9285714285714286,1483.0,0.76,,,M?,Unknown,True,unsched_macro
russia_sanctions_bill,KXCPI-26SEP-T0.5,unscheduled_macro,macro_bucket,1,19,False,0.15631578947368419,0.666048599723414,0.5063938618925831,4.0,0.009999999999999953,,3279.86,71.54166666666667,0.0,0.41000000000000003,,,M?,Unknown,True,unsched_macro
russia_sanctions_bill,KXCPI-26SEP-T0.5,unscheduled_macro,macro_bucket,3,19,False,0.37131578947368415,1.5600497434084444,1.2028985507246375,28.0,0.016666666666666625,,27304.9,71.54166666666667,17092.65,0.41000000000000003,,,M?,Unknown,True,unsched_macro
russia_sanctions_bill,KXCPI-26SEP-T0.5,unscheduled_macro,macro_bucket,5,19,False,0.3263157894736842,1.3600055863422646,1.0571184995737426,28.0,0.02599999999999999,,30205.130000000005,71.54166666666667,18873.309999999998,0.41000000000000003,,,M?,Unknown,True,unsched_macro
russia_sanctions_bill,KXCPI-26SEP-T0.4,unscheduled_macro,macro_bucket,1,25,False,0.36019999999999996,1.5657946852280031,0.8898221343873516,4.0,0.050000000000000044,,4458.04,114.8968,0.0,0.665,,,M?,Unknown,True,unsched_macro
russia_sanctions_bill,KXCPI-26SEP-T0.4,unscheduled_macro,macro_bucket,3,25,False,0.5251999999999999,2.9721937096435678,1.2974308300395252,4.0,0.043333333333333335,,19873.57,114.8968,9276.449999999999,0.665,,,M?,Unknown,True,unsched_macro
russia_sanctions_bill,KXCPI-26SEP-T0.4,unscheduled_macro,macro_bucket,5,25,False,0.3952,1.7717987266655169,0.9762845849802371,4.0,0.048,,23547.64,114.8968,10253.4,0.665,,,M?,Unknown,True,unsched_macro
russia_sanctions_bill,KXCPI-26SEP-T0.3,unscheduled_macro,macro_bucket,1,25,False,0.4528,3.0462487939204164,0.9016328156113103,4.0,0.030000000000000027,,305.0,22.151999999999997,0.0,0.925,,,M?,Unknown,True,unsched_macro
russia_sanctions_bill,KXCPI-26SEP-T0.3,unscheduled_macro,macro_bucket,3,25,False,0.4828,4.1757913832798845,0.9613699721226604,4.0,0.020000000000000018,,1698.1299999999999,22.151999999999997,458.22,0.925,,,M?,Unknown,True,unsched_macro
russia_sanctions_bill,KXCPI-26SEP-T0.3,unscheduled_macro,macro_bucket,5,25,False,0.4528,3.0462487939204164,0.9016328156113103,4.0,0.03200000000000001,,3432.52,22.151999999999997,-480.1400000000001,0.925,,,M?,Unknown,True,unsched_macro
russia_sanctions_bill,KXCPI-26SEP-T0.2,unscheduled_macro,macro_bucket,1,25,False,0.3548,3.6515165296997276,0.5629958743256109,4.0,0.010000000000000009,,3771.0,52.65559999999999,0.0,0.955,,,M?,Unknown,True,unsched_macro
russia_sanctions_bill,KXCPI-26SEP-T0.2,unscheduled_macro,macro_bucket,3,25,False,0.3548,3.6515165296997276,0.5629958743256109,4.0,0.010000000000000009,,4553.09,52.65559999999999,563.0500000000002,0.955,,,M?,Unknown,True,unsched_macro
russia_sanctions_bill,KXCPI-26SEP-T0.2,unscheduled_macro,macro_bucket,5,25,False,0.3548,3.6515165296997276,0.5629958743256109,4.0,0.010000000000000009,,5040.59,52.65559999999999,663.0500000000002,0.955,,,M?,Unknown,True,unsched_macro
russia_sanctions_bill,KXCPI-26SEP-T0.1,unscheduled_macro,macro_bucket,1,23,False,0.23304347826086946,3.075516980994784,0.30991616074009815,4.0,0.010000000000000009,,1998.0,62.18130434782609,0.0,0.975,,,M?,Unknown,True,unsched_macro
russia_sanctions_bill,KXCPI-26SEP-T0.1,unscheduled_macro,macro_bucket,3,23,False,0.23304347826086946,3.075516980994784,0.30991616074009815,4.0,0.010000000000000009,,2004.54,62.18130434782609,5.039999999999964,0.975,,,M?,Unknown,True,unsched_macro
russia_sanctions_bill,KXCPI-26SEP-T0.1,unscheduled_macro,macro_bucket,5,23,False,0.23304347826086946,3.075516980994784,0.30991616074009815,4.0,0.010000000000000009,,2445.5299999999997,62.18130434782609,6.0300000000002,0.975,,,M?,Unknown,True,unsched_macro
russia_sanctions_bill,KXCPI-26SEP-T-0.1,unscheduled_macro,macro_bucket,1,24,False,0.1579166666666666,2.6194957671792847,0.19093198992443314,4.0,0.010000000000000009,,0.0,26.46375,0.0,0.985,,,M?,Unknown,True,unsched_macro
russia_sanctions_bill,KXCPI-26SEP-T-0.1,unscheduled_macro,macro_bucket,3,24,False,0.1679166666666666,3.7282091518338984,0.2030226700251888,4.0,0.010000000000000009,,2005.04,26.46375,2005.04,0.985,,,M?,Unknown,True,unsched_macro
russia_sanctions_bill,KXCPI-26SEP-T-0.1,unscheduled_macro,macro_bucket,5,24,False,0.1679166666666666,3.7282091518338984,0.2030226700251888,4.0,0.010000000000000009,,2564.04,26.46375,2005.04,0.985,,,M?,Unknown,True,unsched_macro
russia_sanctions_bill,KXCPI-26SEP-T0.0,unscheduled_macro,macro_bucket,1,22,False,0.19159090909090915,2.8389930271423207,0.24147808650816394,4.0,0.010000000000000009,,0.0,98.31818181818181,0.0,0.985,,,M?,Unknown,True,unsched_macro
russia_sanctions_bill,KXCPI-26SEP-T0.0,unscheduled_macro,macro_bucket,3,22,False,0.19159090909090915,2.8389930271423207,0.24147808650816394,4.0,0.010000000000000009,,11.54,98.31818181818181,1.009999999999991,0.985,,,M?,Unknown,True,unsched_macro
russia_sanctions_bill,KXCPI-26SEP-T0.0,unscheduled_macro,macro_bucket,5,22,False,0.20159090909090915,3.9477064117969345,0.2540819249498712,4.0,0.010000000000000009,,2266.54,98.31818181818181,1998.56,0.985,,,M?,Unknown,True,unsched_macro
russia_sanctions_bill,KXCPICORE-26NOV-T0.3,unscheduled_macro,macro_bucket,1,10,False,-0.03749999999999998,-0.17917690011448273,-0.11811023622047237,4.0,0.03999999999999998,,0.0,0.1011764705882353,0.0,0.285,,,M?,Unknown,True,unsched_macro
russia_sanctions_bill,KXCPICORE-26NOV-T0.3,unscheduled_macro,macro_bucket,3,10,False,-0.04249999999999998,-0.20411584846173492,-0.13385826771653536,4.0,0.02,,121.0,0.1011764705882353,121.0,0.285,,,M?,Unknown,True,unsched_macro
russia_sanctions_bill,KXCPICORE-26NOV-T0.3,unscheduled_macro,macro_bucket,5,10,False,-0.2075,-1.3254563882074009,-0.6535433070866141,76.0,0.048,,1976.5,0.1011764705882353,1728.28,0.285,,,M?,Unknown,True,unsched_macro
russia_sanctions_bill,KXCPICORE-26NOV-T0.2,unscheduled_macro,macro_bucket,1,23,False,-0.08456521739130429,-0.35407217128358387,-0.1311973018549746,4.0,0.14,,1255.04,0.0,0.0,0.635,,,M?,Unknown,False,unsched_macro
russia_sanctions_bill,KXCPICORE-26NOV-T0.2,unscheduled_macro,macro_bucket,3,23,False,-0.06956521739130439,-0.2929533562275386,-0.10792580101180445,4.0,0.07999999999999996,,1255.04,0.0,0.0,0.635,,,M?,Unknown,True,unsched_macro
russia_sanctions_bill,KXCPICORE-26NOV-T0.2,unscheduled_macro,macro_bucket,5,23,False,-0.15956521739130436,-0.6552522378267251,-0.24755480607082633,4.0,0.07199999999999997,,1960.04,0.0,505.0,0.635,,,M?,Unknown,True,unsched_macro
russia_sanctions_bill,KXCPICORE-26NOV-T0.1,unscheduled_macro,macro_bucket,1,21,False,0.05452380952380964,0.4385309208918351,0.0660513412171908,4.0,0.040000000000000036,,0.0,0.0,0.0,0.8400000000000001,,,M?,Unknown,True,unsched_macro
russia_sanctions_bill,KXCPICORE-26NOV-T0.1,unscheduled_macro,macro_bucket,3,21,False,0.06452380952380965,0.5368418531353982,0.0781655610037498,4.0,0.02666666666666669,,0.02,0.0,0.0,0.8400000000000001,,,M?,Unknown,True,unsched_macro
russia_sanctions_bill,KXCPICORE-26NOV-T0.1,unscheduled_macro,macro_bucket,5,21,False,-0.0004761904761904079,-0.0033018313872046345,-0.0005768676088836785,100.0,0.02200000000000002,,769.03,0.0,513.99,0.8400000000000001,,,M?,Unknown,True,unsched_macro
russia_sanctions_bill,KXCPICORE-26OCT-T0.3,unscheduled_macro,macro_bucket,1,10,False,0.10849999999999999,0.44717801987750494,0.29604365620736695,4.0,0.04999999999999999,,100.0,0.24375,0.0,0.45499999999999996,,,M?,Unknown,True,unsched_macro
russia_sanctions_bill,KXCPICORE-26OCT-T0.3,unscheduled_macro,macro_bucket,3,10,False,-0.1915,-1.0033359339766794,-0.5225102319236017,28.0,0.056666666666666664,,1917.2399999999998,0.24375,795.49,0.45499999999999996,,,M?,Unknown,True,unsched_macro
russia_sanctions_bill,KXCPICORE-26OCT-T0.3,unscheduled_macro,macro_bucket,5,10,False,-0.10149999999999998,-0.4728791947921269,-0.276944065484311,28.0,0.046,,2874.64,0.24375,315.3,0.45499999999999996,,,M?,Unknown,True,unsched_macro
russia_sanctions_bill,KXCPICORE-26OCT-T0.1,unscheduled_macro,macro_bucket,1,18,False,0.17111111111111132,1.309992506090682,0.23002240477968666,4.0,0.06999999999999995,,111.0,0.0,0.0,0.945,,,M?,Unknown,True,unsched_macro
russia_sanctions_bill,KXCPICORE-26OCT-T0.1,unscheduled_macro,macro_bucket,3,18,False,0.06111111111111134,0.3515624161602937,0.0821508588498883,4.0,0.02999999999999999,,203.0,0.0,64.99999999999999,0.945,,,M?,Unknown,True,unsched_macro
russia_sanctions_bill,KXCPICORE-26OCT-T0.1,unscheduled_macro,macro_bucket,5,18,False,0.06111111111111134,0.3515624161602937,0.0821508588498883,4.0,0.022,,203.0,0.0,64.99999999999999,0.945,,,M?,Unknown,True,unsched_macro
russia_sanctions_bill,KXCPICORE-26OCT-T0.0,unscheduled_macro,macro_bucket,1,18,False,0.1036111111111111,0.9865198283612571,0.12614135948596547,4.0,0.08999999999999997,,88.0,0.0,0.0,0.965,,,M?,Unknown,False,unsched_macro
russia_sanctions_bill,KXCPICORE-26OCT-T0.0,unscheduled_macro,macro_bucket,3,18,False,0.11361111111111111,1.1403734637781928,0.13831586066959756,4.0,0.03666666666666659,,323.0,0.0,58.99000000000001,0.965,,,M?,Unknown,True,unsched_macro
russia_sanctions_bill,KXCPICORE-26OCT-T0.0,unscheduled_macro,macro_bucket,5,18,False,0.11361111111111111,1.1403734637781928,0.13831586066959756,4.0,0.027999999999999914,,470.0,0.0,58.99000000000001,0.965,,,M?,Unknown,True,unsched_macro
russia_sanctions_bill,KXCPICORE-26SEP-T0.0,unscheduled_macro,macro_bucket,1,15,False,0.10133333333333328,0.9709158498458037,0.12302711452853088,4.0,0.010000000000000009,,53.6,0.0,0.0,0.915,,,M?,Unknown,True,unsched_macro
russia_sanctions_bill,KXCPICORE-26SEP-T0.0,unscheduled_macro,macro_bucket,3,15,False,0.16133333333333322,2.643201665939566,0.19587211655200307,4.0,0.010000000000000009,,1188.0,0.0,810.84,0.915,,,M?,Unknown,True,unsched_macro
russia_sanctions_bill,KXCPICORE-26SEP-T0.0,unscheduled_macro,macro_bucket,5,15,False,0.16133333333333322,2.643201665939566,0.19587211655200307,4.0,0.010000000000000009,,1931.1799999999998,0.0,465.51,0.915,,,M?,Unknown,True,unsched_macro
trump_truth_fed,KXFED-27APR-T2.25,unscheduled_macro,macro_bucket,1,25,False,-0.11660000000000004,-0.5826673132522024,-0.15014164305949015,4.0,0.58,,0.0,5.28,0.0,0.7,,,M?,Unknown,False,unsched_macro
trump_truth_fed,KXFED-27APR-T2.25,unscheduled_macro,macro_bucket,3,25,False,0.17840000000000011,1.8090873200479458,0.22971928920937434,28.0,0.23999999999999996,,102.56,5.28,93.27999999999997,0.7,,,M?,Unknown,False,unsched_macro
trump_truth_fed,KXFED-27APR-T2.25,unscheduled_macro,macro_bucket,5,25,False,0.1734,1.698477448503973,0.22328096832346125,28.0,0.19999999999999996,,102.56,5.28,93.27999999999997,0.7,,,M?,Unknown,False,unsched_macro
trump_truth_fed,KXFED-27APR-T4.25,unscheduled_macro,macro_bucket,3,25,False,0.13380000000000003,0.6038684514404175,0.4933628318584072,28.0,0.12000000000000002,,20.0,2.8868,0.0,0.44,,,M?,Unknown,False,unsched_macro
trump_truth_fed,KXFED-27APR-T4.25,unscheduled_macro,macro_bucket,5,25,False,0.19380000000000003,0.8483134485708581,0.7146017699115045,28.0,0.125,,30.0,2.8868,10.0,0.44,,,M?,Unknown,False,unsched_macro
trump_truth_fed,KXFED-27APR-T4.00,unscheduled_macro,macro_bucket,1,25,False,0.16620000000000001,0.6738992990096959,0.3703208556149733,4.0,0.050000000000000044,,4.0,8.8192,0.0,0.585,,,M?,Unknown,True,unsched_macro
trump_truth_fed,KXFED-27APR-T4.00,unscheduled_macro,macro_bucket,3,25,False,0.2812,1.2001429406350241,0.6265597147950089,4.0,0.12666666666666668,,84.78,8.8192,63.77999999999997,0.585,,,M?,Unknown,False,unsched_macro
trump_truth_fed,KXFED-27APR-T4.00,unscheduled_macro,macro_bucket,5,25,False,0.32120000000000004,1.4138315714154965,0.715686274509804,4.0,0.172,,84.78,8.8192,63.77999999999997,0.585,,,M?,Unknown,False,unsched_macro
trump_truth_fed,KXFED-27APR-T3.75,unscheduled_macro,macro_bucket,1,25,False,0.057399999999999896,0.2378274375056163,0.10202630643441146,4.0,0.08000000000000007,,9.0,6.8976,0.0,0.62,,,M?,Unknown,False,unsched_macro
trump_truth_fed,KXFED-27APR-T3.75,unscheduled_macro,macro_bucket,3,25,False,0.24239999999999984,1.1661219310417268,0.43085673658016316,28.0,0.1533333333333334,,136.5,6.8976,31.11999999999989,0.62,,,M?,Unknown,False,unsched_macro
trump_truth_fed,KXFED-27APR-T3.75,unscheduled_macro,macro_bucket,5,25,False,0.25239999999999985,1.231111500349448,0.4486313544258795,28.0,0.17000000000000007,,137.49,6.8976,30.12999999999988,0.62,,,M?,Unknown,False,unsched_macro
trump_truth_fed,KXFED-27APR-T3.50,unscheduled_macro,macro_bucket,1,25,False,0.06800000000000006,0.29267595738486885,0.11390284757118939,4.0,0.06999999999999995,,22.0,10.9352,0.0,0.665,,,M?,Unknown,True,unsched_macro
trump_truth_fed,KXFED-27APR-T3.50,unscheduled_macro,macro_bucket,3,25,False,0.16300000000000003,0.7596989584924665,0.27303182579564494,28.0,0.21666666666666667,,30.0,10.9352,-4.0,0.665,,,M?,Unknown,False,unsched_macro
trump_truth_fed,KXFED-27APR-T3.50,unscheduled_macro,macro_bucket,5,25,False,0.028000000000000025,0.11784507232007169,0.04690117252931328,4.0,0.38999999999999996,,38.0,10.9352,-12.0,0.665,,,M?,Unknown,False,unsched_macro
trump_truth_fed,KXFED-27APR-T3.25,unscheduled_macro,macro_bucket,1,25,False,0.06879999999999997,0.3259761719750921,0.10405323653962488,4.0,0.06000000000000005,,0.0,15.7956,0.0,0.72,,,M?,Unknown,True,unsched_macro
trump_truth_fed,KXFED-27APR-T3.25,unscheduled_macro,macro_bucket,3,25,False,0.2138,1.2772637458863434,0.32335148215366,28.0,0.08666666666666663,,31.75,15.7956,31.75,0.72,,,M?,Unknown,False,unsched_macro
trump_truth_fed,KXFED-27APR-T3.25,unscheduled_macro,macro_bucket,5,25,False,0.2088000000000001,1.232312358024078,0.3157894736842107,28.0,0.10199999999999995,,31.75,15.7956,31.75,0.72,,,M?,Unknown,False,unsched_macro
trump_truth_fed,KXFED-27APR-T3.00,unscheduled_macro,macro_bucket,1,25,False,0.09599999999999986,0.5610425012822089,0.1316872427983537,4.0,0.04999999999999993,,17.0,7.550799999999999,0.0,0.745,,,M?,Unknown,True,unsched_macro
trump_truth_fed,KXFED-27APR-T3.00,unscheduled_macro,macro_bucket,3,25,False,0.18099999999999983,1.324080018051672,0.24828532235939615,4.0,0.08666666666666663,,17.0,7.550799999999999,0.0,0.745,,,M?,Unknown,False,unsched_macro
trump_truth_fed,KXFED-27APR-T3.00,unscheduled_macro,macro_bucket,5,25,False,0.18099999999999983,1.324080018051672,0.24828532235939615,4.0,0.09499999999999997,,17.0,7.550799999999999,0.0,0.745,,,M?,Unknown,False,unsched_macro
trump_truth_fed,KXFED-27APR-T2.75,unscheduled_macro,macro_bucket,1,25,False,-0.026000000000000023,-0.15316798607563253,-0.0326633165829146,4.0,0.08000000000000007,,4.0,7.906000000000001,0.0,0.78,,,M?,Unknown,False,unsched_macro
trump_truth_fed,KXFED-27APR-T2.75,unscheduled_macro,macro_bucket,3,25,False,0.1439999999999999,1.3900561210417812,0.1809045226130652,28.0,0.08666666666666667,,30.07,7.906000000000001,26.069999999999936,0.78,,,M?,Unknown,False,unsched_macro
trump_truth_fed,KXFED-27APR-T2.75,unscheduled_macro,macro_bucket,5,25,False,0.1339999999999999,1.2252101520977747,0.16834170854271344,28.0,0.08399999999999999,,32.17,7.906000000000001,28.170000000000073,0.78,,,M?,Unknown,False,unsched_macro
trump_truth_fed,KXFED-27APR-T2.50,unscheduled_macro,macro_bucket,1,25,False,0.06740000000000013,0.49833443035961267,0.08397707450784966,4.0,0.15999999999999992,,4.0,8.0252,0.0,0.9099999999999999,,,M?,Unknown,False,unsched_macro
trump_truth_fed,KXFED-27APR-T2.50,unscheduled_macro,macro_bucket,3,25,False,0.13740000000000008,1.3489109822085137,0.17119362073261912,28.0,0.10333333333333328,,4.0,8.0252,0.0,0.9099999999999999,,,M?,Unknown,False,unsched_macro
trump_truth_fed,KXFED-27APR-T2.50,unscheduled_macro,macro_bucket,5,25,False,0.13740000000000008,1.3489109822085137,0.17119362073261912,28.0,0.10333333333333328,,4.0,8.0252,0.0,0.9099999999999999,,,M?,Unknown,False,unsched_macro
trump_truth_fed,KXFED-27APR-T2.00,unscheduled_macro,macro_bucket,1,24,False,-0.20562500000000017,-0.9584992445753415,-0.2651087832393233,4.0,0.76,,0.0,2.9583333333333335,0.0,0.605,,,M?,Unknown,False,unsched_macro
trump_truth_fed,KXFED-27APR-T2.00,unscheduled_macro,macro_bucket,3,24,False,0.16937499999999994,1.6035013455449438,0.21837228041901682,28.0,0.29666666666666663,,20.15,2.9583333333333335,19.149999999999864,0.605,,,M?,Unknown,False,unsched_macro
trump_truth_fed,KXFED-27APR-T2.00,unscheduled_macro,macro_bucket,5,24,False,0.16937499999999994,1.6035013455449438,0.21837228041901682,28.0,0.29666666666666663,,20.15,2.9583333333333335,19.149999999999864,0.605,,,M?,Unknown,False,unsched_macro
trump_truth_fed,KXFED-27APR-T1.75,unscheduled_macro,macro_bucket,1,25,False,-0.03839999999999999,-0.21669558662631094,-0.048706240487062395,4.0,0.41999999999999993,,0.0,1.5475999999999999,0.0,0.64,,,M?,Unknown,False,unsched_macro
trump_truth_fed,KXFED-27APR-T1.75,unscheduled_macro,macro_bucket,3,25,False,0.16660000000000008,1.7397409754159914,0.2113140537798073,28.0,0.18333333333333326,,7.56,1.5475999999999999,7.559999999999945,0.64,,,M?,Unknown,False,unsched_macro
trump_truth_fed,KXFED-27APR-T1.75,unscheduled_macro,macro_bucket,5,25,False,0.16159999999999997,1.6291311038720186,0.20497209538305425,28.0,0.15749999999999995,,7.56,1.5475999999999999,7.559999999999945,0.64,,,M?,Unknown,False,unsched_macro
trump_truth_fed,KXFED-27APR-T1.50,unscheduled_macro,macro_bucket,1,25,False,0.037799999999999945,0.2639934235749728,0.046828543111992,4.0,0.20999999999999996,,0.0,0.7624000000000001,0.0,0.8,,,M?,Unknown,False,unsched_macro
trump_truth_fed,KXFED-27APR-T1.50,unscheduled_macro,macro_bucket,3,25,False,0.14279999999999993,1.5125208923034852,0.17690782953419218,28.0,0.11666666666666663,,2.56,0.7624000000000001,2.5599999999999454,0.8,,,M?,Unknown,False,unsched_macro
trump_truth_fed,KXFED-27APR-T1.50,unscheduled_macro,macro_bucket,5,25,False,0.14279999999999993,1.5125208923034852,0.17690782953419218,28.0,0.10749999999999996,,2.56,0.7624000000000001,2.5599999999999454,0.8,,,M?,Unknown,False,unsched_macro
trump_truth_fed,KXFED-27APR-T1.25,unscheduled_macro,macro_bucket,1,25,False,-0.08779999999999999,-0.5068902479606218,-0.10736121301051602,4.0,0.43999999999999995,,0.0,4.3884,0.0,0.725,,,M?,Unknown,False,unsched_macro
trump_truth_fed,KXFED-27APR-T1.25,unscheduled_macro,macro_bucket,3,25,False,0.12219999999999998,1.2500224899372643,0.14942528735632182,28.0,0.1766666666666666,,37.97,4.3884,26.890000000000327,0.725,,,M?,Unknown,False,unsched_macro
trump_truth_fed,KXFED-27APR-T1.25,unscheduled_macro,macro_bucket,5,25,False,0.12219999999999998,1.2500224899372643,0.14942528735632182,28.0,0.12999999999999995,,37.97,4.3884,26.890000000000327,0.725,,,M?,Unknown,False,unsched_macro
trump_truth_fed,KXFED-27APR-T1.00,unscheduled_macro,macro_bucket,1,25,False,-0.027000000000000135,-0.2976476589514472,-0.02960526315789488,4.0,0.13,,0.0,1.76,0.0,0.865,,,M?,Unknown,False,unsched_macro
trump_truth_fed,KXFED-27APR-T1.00,unscheduled_macro,macro_bucket,3,25,False,0.02299999999999991,0.3278560837969242,0.025219298245613933,28.0,0.06333333333333328,,6.61,1.76,0.0,0.865,,,M?,Unknown,True,unsched_macro
trump_truth_fed,KXFED-27APR-T1.00,unscheduled_macro,macro_bucket,5,25,False,0.02299999999999991,0.3278560837969242,0.025219298245613933,28.0,0.06333333333333328,,6.61,1.76,0.0,0.865,,,M?,Unknown,True,unsched_macro
trump_truth_fed,KXFED-27APR-T0.75,unscheduled_macro,macro_bucket,1,25,False,0.02939999999999998,0.30265086675575614,0.033576975788031045,4.0,0.13,,0.0,12.48,0.0,0.9199999999999999,,,M?,Unknown,False,unsched_macro
trump_truth_fed,KXFED-27APR-T0.75,unscheduled_macro,macro_bucket,3,25,False,0.0643999999999999,0.8001281276983188,0.07354956601187745,28.0,0.0833333333333333,,0.0,12.48,0.0,0.9199999999999999,,,M?,Unknown,False,unsched_macro
trump_truth_fed,KXFED-27APR-T0.75,unscheduled_macro,macro_bucket,5,25,False,0.0643999999999999,0.8001281276983188,0.07354956601187745,28.0,0.0833333333333333,,0.0,12.48,0.0,0.9199999999999999,,,M?,Unknown,False,unsched_macro
trump_truth_fed,KXFED-27APR-T0.50,unscheduled_macro,macro_bucket,1,24,False,-0.01083333333333314,-0.13297738546297433,-0.011828935395814167,4.0,0.18999999999999995,,0.0,2.0470833333333336,0.0,0.905,,,M?,Unknown,False,unsched_macro
trump_truth_fed,KXFED-27APR-T0.50,unscheduled_macro,macro_bucket,3,24,False,-0.01083333333333314,-0.13297738546297433,-0.011828935395814167,4.0,0.1533333333333333,,0.0,2.0470833333333336,0.0,0.905,,,M?,Unknown,False,unsched_macro
trump_truth_fed,KXFED-27APR-T0.50,unscheduled_macro,macro_bucket,5,24,False,-0.01083333333333314,-0.13297738546297433,-0.011828935395814167,4.0,0.1533333333333333,,0.0,2.0470833333333336,0.0,0.905,,,M?,Unknown,False,unsched_macro
trump_truth_fed,KXFED-27APR-T0.25,unscheduled_macro,macro_bucket,1,22,False,0.013636363636363447,0.2194074344916599,0.014720314033365838,4.0,0.09999999999999998,,0.0,19.77318181818182,0.0,0.97,,,M?,Unknown,False,unsched_macro
trump_truth_fed,KXFED-27APR-T0.25,unscheduled_macro,macro_bucket,3,22,False,-0.0013636363636364557,-0.01982225457417286,-0.0014720314033367036,52.0,0.09666666666666664,,0.0,19.77318181818182,0.0,0.97,,,M?,Unknown,False,unsched_macro
trump_truth_fed,KXFED-27APR-T0.25,unscheduled_macro,macro_bucket,5,22,False,0.03863636363636347,0.7846521612992832,0.041707556427870274,28.0,0.086,,0.0,19.77318181818182,0.0,0.97,,,M?,Unknown,False,unsched_macro
trump_truth_fed,KXFED-27APR-T0.00,unscheduled_macro,macro_bucket,1,21,False,0.033809523809523845,0.5155936764793858,0.03710478181343092,4.0,0.08999999999999997,,0.0,0.19047619047619047,0.0,0.97,,,M?,Unknown,False,unsched_macro
trump_truth_fed,KXFED-27APR-T0.00,unscheduled_macro,macro_bucket,3,21,False,-0.03619047619047622,-0.38234791672657376,-0.03971779461719365,52.0,0.12666666666666662,,0.0,0.19047619047619047,0.0,0.97,,,M?,Unknown,False,unsched_macro
trump_truth_fed,KXFED-27APR-T0.00,unscheduled_macro,macro_bucket,5,21,False,-0.03619047619047622,-0.38234791672657376,-0.03971779461719365,52.0,0.15249999999999997,,0.0,0.19047619047619047,0.0,0.97,,,M?,Unknown,False,unsched_macro
trump_truth_fed,KXFED-27MAR-T4.25,unscheduled_macro,macro_bucket,1,24,False,0.1447916666666667,1.337811000692232,2.220447284345049,4.0,0.1,,18.28,0.2916666666666667,0.0,0.2,,,M?,Unknown,False,unsched_macro
trump_truth_fed,KXFED-27MAR-T4.25,unscheduled_macro,macro_bucket,3,24,False,0.27479166666666666,1.9994421980255659,4.214057507987221,4.0,0.23666666666666666,,219.56,0.2916666666666667,200.0,0.2,,,M?,Unknown,False,unsched_macro
trump_truth_fed,KXFED-27MAR-T4.25,unscheduled_macro,macro_bucket,5,24,False,0.35979166666666673,2.360455543562897,5.517571884984027,28.0,0.162,,219.56,0.2916666666666667,200.0,0.2,,,M?,Unknown,False,unsched_macro
trump_truth_fed,KXFED-27MAR-T4.00,unscheduled_macro,macro_bucket,1,25,False,0.14620000000000005,0.6064001929645535,0.4252472367655616,4.0,0.040000000000000036,,21.0,0.2,0.0,0.455,,,M?,Unknown,True,unsched_macro
trump_truth_fed,KXFED-27MAR-T4.00,unscheduled_macro,macro_bucket,3,25,False,0.3512000000000001,1.4700055965356333,1.0215241419429906,28.0,0.3500000000000001,,790.42,0.2,391.94000000000005,0.455,,,M?,Unknown,False,unsched_macro
trump_truth_fed,KXFED-27MAR-T4.00,unscheduled_macro,macro_bucket,5,25,False,0.23120000000000002,0.9486863994511863,0.6724840023269344,4.0,0.41500000000000004,,790.42,0.2,391.94000000000005,0.455,,,M?,Unknown,False,unsched_macro
trump_truth_fed,KXFED-27MAR-T3.75,unscheduled_macro,macro_bucket,1,21,False,0.07809523809523816,0.3154920579596466,0.18732153055396936,4.0,0.050000000000000044,,0.0,7.9523809523809526,0.0,0.54,,,M?,Unknown,True,unsched_macro
trump_truth_fed,KXFED-27MAR-T3.75,unscheduled_macro,macro_bucket,3,21,False,0.3430952380952382,1.4881722346047017,0.8229583095374076,28.0,0.29666666666666663,,11.58,7.9523809523809526,9.580000000000041,0.54,,,M?,Unknown,False,unsched_macro
trump_truth_fed,KXFED-27MAR-T3.75,unscheduled_macro,macro_bucket,5,21,False,0.32809523809523816,1.4076133978874494,0.7869788692175902,28.0,0.33399999999999996,,26.58,7.9523809523809526,9.580000000000041,0.54,,,M?,Unknown,False,unsched_macro
trump_truth_fed,KXFED-27MAR-T3.50,unscheduled_macro,macro_bucket,1,21,False,0.15761904761904766,0.6641881300630856,0.301731996353692,4.0,0.4,,0.0,1.8995238095238096,0.0,0.675,,,M?,Unknown,False,unsched_macro
trump_truth_fed,KXFED-27MAR-T3.50,unscheduled_macro,macro_bucket,3,21,False,0.1976190476190477,0.854877936527557,0.37830446672743867,4.0,0.2733333333333333,,3.0,1.8995238095238096,-3.0,0.675,,,M?,Unknown,False,unsched_macro
trump_truth_fed,KXFED-27MAR-T3.50,unscheduled_macro,macro_bucket,5,21,False,0.27761904761904777,1.2967106888065965,0.531449407474932,4.0,0.3,,3.0,1.8995238095238096,-3.0,0.675,,,M?,Unknown,False,unsched_macro
trump_truth_fed,KXFED-27MAR-T3.25,unscheduled_macro,macro_bucket,1,24,False,0.0631250000000001,0.41068076687246124,0.08125502815768315,4.0,0.18000000000000005,,0.0,0.8525,0.0,0.8200000000000001,,,M?,Unknown,False,unsched_macro
trump_truth_fed,KXFED-27MAR-T3.25,unscheduled_macro,macro_bucket,3,24,False,0.13312499999999994,1.0660876194495579,0.17135961383748988,28.0,0.18333333333333335,,0.0,0.8525,0.0,0.8200000000000001,,,M?,Unknown,False,unsched_macro
trump_truth_fed,KXFED-27MAR-T3.25,unscheduled_macro,macro_bucket,5,24,False,-0.11187499999999995,-0.561890800900284,-0.14400643604183422,76.0,0.366,,0.0,0.8525,0.0,0.8200000000000001,,,M?,Unknown,False,unsched_macro
trump_truth_fed,KXFED-27MAR-T3.00,unscheduled_macro,macro_bucket,1,23,False,0.05608695652173923,0.38592531592826984,0.07064622124863103,4.0,0.17999999999999994,,0.0,0.6521739130434783,0.0,0.815,,,M?,Unknown,False,unsched_macro
trump_truth_fed,KXFED-27MAR-T3.00,unscheduled_macro,macro_bucket,3,23,False,-0.14391304347826073,-0.7296365310536129,-0.1812705366922233,28.0,0.47666666666666657,,0.0,0.6521739130434783,0.0,0.815,,,M?,Unknown,False,unsched_macro
trump_truth_fed,KXFED-27MAR-T3.00,unscheduled_macro,macro_bucket,5,23,False,-0.14391304347826073,-0.7296365310536129,-0.1812705366922233,28.0,0.47666666666666657,,0.0,0.6521739130434783,0.0,0.815,,,M?,Unknown,False,unsched_macro
trump_truth_fed,KXFED-27MAR-T2.75,unscheduled_macro,macro_bucket,1,22,False,0.0636363636363636,0.48701497507227187,0.07843137254901957,4.0,0.1499999999999999,,0.0,0.6986363636363636,0.0,0.82,,,M?,Unknown,False,unsched_macro
trump_truth_fed,KXFED-27MAR-T2.75,unscheduled_macro,macro_bucket,3,22,False,-0.12136363636363645,-0.6587758738709285,-0.14957983193277322,28.0,0.4333333333333333,,0.0,0.6986363636363636,0.0,0.82,,,M?,Unknown,False,unsched_macro
trump_truth_fed,KXFED-27MAR-T2.75,unscheduled_macro,macro_bucket,5,22,False,-0.12136363636363645,-0.6587758738709285,-0.14957983193277322,28.0,0.4333333333333333,,0.0,0.6986363636363636,0.0,0.82,,,M?,Unknown,False,unsched_macro
trump_truth_fed,KXFED-27MAR-T2.50,unscheduled_macro,macro_bucket,1,22,False,0.02681818181818174,0.2578857700571757,0.03089005235602085,4.0,0.15000000000000002,,0.0,0.3181818181818182,0.0,0.885,,,M?,Unknown,False,unsched_macro
trump_truth_fed,KXFED-27MAR-T2.50,unscheduled_macro,macro_bucket,3,22,False,-0.06818181818181823,-0.49868323694026584,-0.07853403141361262,28.0,0.29,,0.0,0.3181818181818182,0.0,0.885,,,M?,Unknown,False,unsched_macro
trump_truth_fed,KXFED-27MAR-T2.50,unscheduled_macro,macro_bucket,5,22,False,-0.06818181818181823,-0.49868323694026584,-0.07853403141361262,28.0,0.29,,0.0,0.3181818181818182,0.0,0.885,,,M?,Unknown,False,unsched_macro
trump_truth_fed,KXFED-27MAR-T2.25,unscheduled_macro,macro_bucket,3,24,False,0.014791666666666758,0.19612428512842772,0.01625085831998179,52.0,0.12,,0.0,0.125,0.0,0.905,,,M?,Unknown,False,unsched_macro
trump_truth_fed,KXFED-27MAR-T2.25,unscheduled_macro,macro_bucket,5,24,False,0.014791666666666758,0.19612428512842772,0.01625085831998179,52.0,0.12333333333333334,,0.0,0.125,0.0,0.905,,,M?,Unknown,False,unsched_macro
trump_truth_fed,KXFED-27MAR-T2.00,unscheduled_macro,macro_bucket,3,20,False,-0.0025000000000001688,-0.039052209541546645,-0.0026809651474532636,28.0,0.11499999999999999,,0.0,0.15,0.0,0.935,,,M?,Unknown,False,unsched_macro
trump_truth_fed,KXFED-27MAR-T2.00,unscheduled_macro,macro_bucket,5,20,False,-0.0025000000000001688,-0.039052209541546645,-0.0026809651474532636,28.0,0.11666666666666665,,0.0,0.15,0.0,0.935,,,M?,Unknown,False,unsched_macro
trump_truth_fed,KXFED-27MAR-T1.75,unscheduled_macro,macro_bucket,3,23,False,-0.005869565217391126,-0.10089949483726679,-0.006238447319778,28.0,0.10499999999999998,,0.0,0.17391304347826086,0.0,0.94,,,M?,Unknown,False,unsched_macro
trump_truth_fed,KXFED-27MAR-T1.75,unscheduled_macro,macro_bucket,5,23,False,-0.005869565217391126,-0.10089949483726679,-0.006238447319778,28.0,0.10499999999999998,,0.0,0.17391304347826086,0.0,0.94,,,M?,Unknown,False,unsched_macro
trump_truth_fed,KXFED-27MAR-T1.50,unscheduled_macro,macro_bucket,1,22,False,0.008863636363636407,0.18911774465056697,0.009368244054768243,4.0,0.010000000000000009,,0.0,0.48636363636363633,0.0,0.955,,,M?,Unknown,True,unsched_macro
trump_truth_fed,KXFED-27MAR-T1.50,unscheduled_macro,macro_bucket,3,22,False,0.02386363636363642,0.6101675837754299,0.02522219553206828,28.0,0.02666666666666669,,0.0,0.48636363636363633,0.0,0.955,,,M?,Unknown,True,unsched_macro
trump_truth_fed,KXFED-27MAR-T1.50,unscheduled_macro,macro_bucket,5,22,False,0.02386363636363642,0.6101675837754299,0.02522219553206828,28.0,0.02666666666666669,,0.0,0.48636363636363633,0.0,0.955,,,M?,Unknown,True,unsched_macro
trump_truth_fed,KXFED-27MAR-T1.25,unscheduled_macro,macro_bucket,1,18,False,0.0016666666666664831,0.03161818867424682,0.0017667844522966248,4.0,0.029999999999999916,,0.0,0.1111111111111111,0.0,0.9450000000000001,,,M?,Unknown,True,unsched_macro
trump_truth_fed,KXFED-27MAR-T1.25,unscheduled_macro,macro_bucket,3,18,False,0.0066666666666663765,0.1322054255794134,0.007067137809186969,52.0,0.06999999999999995,,0.0,0.1111111111111111,0.0,0.9450000000000001,,,M?,Unknown,True,unsched_macro
trump_truth_fed,KXFED-27MAR-T1.25,unscheduled_macro,macro_bucket,5,18,False,0.0066666666666663765,0.1322054255794134,0.007067137809186969,52.0,0.06999999999999995,,0.0,0.1111111111111111,0.0,0.9450000000000001,,,M?,Unknown,True,unsched_macro
trump_truth_fed,KXFED-27MAR-T1.00,unscheduled_macro,macro_bucket,3,19,False,0.004210526315789442,0.09386373641735624,0.004428452809299718,52.0,0.07499999999999996,,0.0,0.10526315789473684,0.0,0.95,,,M?,Unknown,True,unsched_macro
trump_truth_fed,KXFED-27MAR-T1.00,unscheduled_macro,macro_bucket,5,19,False,0.004210526315789442,0.09386373641735624,0.004428452809299718,52.0,0.07499999999999996,,0.0,0.10526315789473684,0.0,0.95,,,M?,Unknown,True,unsched_macro
trump_truth_fed,KXFED-27MAR-T0.75,unscheduled_macro,macro_bucket,1,14,False,0.007857142857143229,0.18755912956021126,0.008252063015754332,4.0,0.020000000000000018,,0.0,14.428571428571429,0.0,0.96,,,M?,Unknown,True,unsched_macro
trump_truth_fed,KXFED-27MAR-T0.75,unscheduled_macro,macro_bucket,3,14,False,0.007857142857143229,0.18755912956021126,0.008252063015754332,4.0,0.05333333333333331,,0.0,14.428571428571429,0.0,0.96,,,M?,Unknown,True,unsched_macro
trump_truth_fed,KXFED-27MAR-T0.75,unscheduled_macro,macro_bucket,5,14,False,0.007857142857143229,0.18755912956021126,0.008252063015754332,4.0,0.05333333333333331,,0.0,14.428571428571429,0.0,0.96,,,M?,Unknown,True,unsched_macro
trump_truth_fed,KXFED-27MAR-T0.50,unscheduled_macro,macro_bucket,3,15,False,-0.005333333333333301,-0.1183938292707647,-0.00558269364968594,28.0,0.07499999999999996,,0.0,13.533333333333333,0.0,0.96,,,M?,Unknown,True,unsched_macro
trump_truth_fed,KXFED-27MAR-T0.50,unscheduled_macro,macro_bucket,5,15,False,-0.005333333333333301,-0.1183938292707647,-0.00558269364968594,28.0,0.07499999999999996,,0.0,13.533333333333333,0.0,0.96,,,M?,Unknown,True,unsched_macro
trump_truth_fed,KXFED-27MAR-T0.25,unscheduled_macro,macro_bucket,1,17,False,0.005588235294117672,0.17659545858736658,0.005794449527294933,4.0,0.040000000000000036,,0.0,0.0,0.0,0.97,,,M?,Unknown,True,unsched_macro
trump_truth_fed,KXFED-27MAR-T0.25,unscheduled_macro,macro_bucket,3,17,False,0.0005882352941177782,0.017276808601669025,0.0006099420555048631,4.0,0.06333333333333331,,0.0,0.0,0.0,0.97,,,M?,Unknown,True,unsched_macro
trump_truth_fed,KXFED-27MAR-T0.25,unscheduled_macro,macro_bucket,5,17,False,0.0005882352941177782,0.017276808601669025,0.0006099420555048631,4.0,0.06333333333333331,,0.0,0.0,0.0,0.97,,,M?,Unknown,True,unsched_macro
trump_truth_fed,KXFED-27MAR-T0.00,unscheduled_macro,macro_bucket,1,16,False,0.003750000000000031,0.12165650725218136,0.0038809831824062418,4.0,0.040000000000000036,,0.0,0.0625,0.0,0.97,,,M?,Unknown,True,unsched_macro
trump_truth_fed,KXFED-27MAR-T0.00,unscheduled_macro,macro_bucket,3,16,False,-0.0012499999999998623,-0.0376621427335162,-0.0012936610608019275,28.0,0.06333333333333331,,0.0,0.0625,0.0,0.97,,,M?,Unknown,True,unsched_macro
trump_truth_fed,KXFED-27MAR-T0.00,unscheduled_macro,macro_bucket,5,16,False,-0.0012499999999998623,-0.0376621427335162,-0.0012936610608019275,28.0,0.06333333333333331,,0.0,0.0625,0.0,0.97,,,M?,Unknown,True,unsched_macro
trump_truth_fed,KXFED-27JAN-T4.25,unscheduled_macro,macro_bucket,1,22,False,0.06659090909090908,0.5564980429100441,0.6142557651991613,4.0,0.13,,0.0,0.045454545454545456,0.0,0.18,,,M?,Unknown,False,unsched_macro
trump_truth_fed,KXFED-27JAN-T4.25,unscheduled_macro,macro_bucket,3,22,False,0.2665909090909091,1.5962698315552204,2.459119496855346,28.0,0.11333333333333334,,51.32,0.045454545454545456,34.610000000000014,0.18,,,M?,Unknown,False,unsched_macro
trump_truth_fed,KXFED-27JAN-T4.25,unscheduled_macro,macro_bucket,5,22,False,0.2965909090909091,1.7224211168821206,2.7358490566037736,28.0,0.18600000000000003,,51.32,0.045454545454545456,34.610000000000014,0.18,,,M?,Unknown,False,unsched_macro
trump_truth_fed,KXFED-27JAN-T4.00,unscheduled_macro,macro_bucket,1,24,False,0.1695833333333333,0.7215517223071598,0.5552523874488403,4.0,0.44999999999999996,,5.0,5.607499999999999,0.0,0.49,,,M?,Unknown,False,unsched_macro
trump_truth_fed,KXFED-27JAN-T4.00,unscheduled_macro,macro_bucket,3,24,False,0.3845833333333333,1.6217544809762554,1.2592087312414733,28.0,0.19666666666666666,,512.87,5.607499999999999,449.43999999999994,0.49,,,M?,Unknown,False,unsched_macro
trump_truth_fed,KXFED-27JAN-T4.00,unscheduled_macro,macro_bucket,5,24,False,0.46458333333333335,2.0299463867886764,1.5211459754433834,28.0,0.16599999999999998,,584.99,5.607499999999999,448.86,0.49,,,M?,Unknown,False,unsched_macro
trump_truth_fed,KXFED-27JAN-T3.75,unscheduled_macro,macro_bucket,1,24,False,0.2539583333333334,1.1285116670016186,0.5018526142445453,4.0,0.21999999999999997,,5.0,1.7866666666666664,0.0,0.765,,,M?,Unknown,False,unsched_macro
trump_truth_fed,KXFED-27JAN-T3.75,unscheduled_macro,macro_bucket,3,24,False,0.29395833333333343,1.362126518183124,0.5808974886784688,4.0,0.18333333333333335,,12.690000000000001,1.7866666666666664,7.689999999999941,0.765,,,M?,Unknown,False,unsched_macro
trump_truth_fed,KXFED-27JAN-T3.75,unscheduled_macro,macro_bucket,5,24,False,0.31395833333333345,1.492179646431322,0.6204199258954305,4.0,0.19000000000000003,,12.690000000000001,1.7866666666666664,7.689999999999941,0.765,,,M?,Unknown,False,unsched_macro
trump_truth_fed,KXFED-27JAN-T3.50,unscheduled_macro,macro_bucket,1,22,False,0.08750000000000002,0.5266241131673182,0.11784511784511786,4.0,0.09999999999999998,,0.0,9.648181818181818,0.0,0.8500000000000001,,,M?,Unknown,False,unsched_macro
trump_truth_fed,KXFED-27JAN-T3.50,unscheduled_macro,macro_bucket,3,22,False,0.10750000000000004,0.6755979048150429,0.14478114478114482,4.0,0.09333333333333331,,348.6,9.648181818181818,-36.0,0.8500000000000001,,,M?,Unknown,False,unsched_macro
trump_truth_fed,KXFED-27JAN-T3.50,unscheduled_macro,macro_bucket,5,22,False,0.17749999999999988,1.3833438847961392,0.23905723905723889,52.0,0.07599999999999998,,464.31,9.648181818181818,59.309999999999945,0.8500000000000001,,,M?,Unknown,True,unsched_macro
trump_truth_fed,KXFED-27JAN-T3.25,unscheduled_macro,macro_bucket,1,25,False,0.09600000000000009,0.810532563087524,0.11866501854140926,4.0,0.06999999999999995,,61.0,1.8336000000000001,0.0,0.8999999999999999,,,M?,Unknown,True,unsched_macro
trump_truth_fed,KXFED-27JAN-T3.25,unscheduled_macro,macro_bucket,3,25,False,0.1160000000000001,1.0687801349642538,0.14338689740420285,4.0,0.05999999999999998,,503.01,1.8336000000000001,-87.61000000000013,0.8999999999999999,,,M?,Unknown,True,unsched_macro
trump_truth_fed,KXFED-27JAN-T3.25,unscheduled_macro,macro_bucket,5,25,False,0.1160000000000001,1.0687801349642538,0.14338689740420285,4.0,0.06599999999999998,,503.01,1.8336000000000001,-87.61000000000013,0.8999999999999999,,,M?,Unknown,True,unsched_macro
trump_truth_fed,KXFED-27JAN-T3.00,unscheduled_macro,macro_bucket,1,23,False,0.01217391304347859,0.13411911218552008,0.013635256878500495,4.0,0.06999999999999995,,0.0,0.22478260869565217,0.0,0.895,,,M?,Unknown,True,unsched_macro
trump_truth_fed,KXFED-27JAN-T3.00,unscheduled_macro,macro_bucket,3,23,False,0.03217391304347861,0.39236668406224995,0.03603603603603644,28.0,0.04999999999999993,,317.92,0.22478260869565217,-39.92000000000007,0.895,,,M?,Unknown,True,unsched_macro
trump_truth_fed,KXFED-27JAN-T3.00,unscheduled_macro,macro_bucket,5,23,False,0.04217391304347862,0.5462203194791857,0.04723642561480441,28.0,0.04999999999999993,,333.92,0.22478260869565217,-40.92000000000007,0.895,,,M?,Unknown,True,unsched_macro
trump_truth_fed,KXFED-27JAN-T2.75,unscheduled_macro,macro_bucket,1,24,False,0.03750000000000009,0.49640893760908034,0.041782729805014025,4.0,0.029999999999999916,,0.0,0.16666666666666666,0.0,0.935,,,M?,Unknown,True,unsched_macro
trump_truth_fed,KXFED-27JAN-T2.75,unscheduled_macro,macro_bucket,3,24,False,0.03249999999999997,0.41693902231397084,0.03621169916434538,4.0,0.0466666666666666,,32.0,0.16666666666666666,17.0,0.935,,,M?,Unknown,True,unsched_macro
trump_truth_fed,KXFED-27JAN-T2.75,unscheduled_macro,macro_bucket,5,24,False,0.03249999999999997,0.41693902231397084,0.03621169916434538,4.0,0.051999999999999935,,32.0,0.16666666666666666,17.0,0.935,,,M?,Unknown,True,unsched_macro
trump_truth_fed,KXFED-27JAN-T2.50,unscheduled_macro,macro_bucket,1,24,False,0.02416666666666656,0.3644998754795856,0.026387625113739644,4.0,0.039999999999999925,,0.0,1.75,0.0,0.94,,,M?,Unknown,True,unsched_macro
trump_truth_fed,KXFED-27JAN-T2.50,unscheduled_macro,macro_bucket,3,24,False,0.029166666666666674,0.45681630469891044,0.03184713375796179,4.0,0.03666666666666659,,30.0,1.75,5.559999999999945,0.94,,,M?,Unknown,True,unsched_macro
trump_truth_fed,KXFED-27JAN-T2.50,unscheduled_macro,macro_bucket,5,24,False,0.029166666666666674,0.45681630469891044,0.03184713375796179,4.0,0.03399999999999992,,30.0,1.75,5.559999999999945,0.94,,,M?,Unknown,True,unsched_macro
trump_truth_fed,KXFED-27JAN-T2.25,unscheduled_macro,macro_bucket,1,22,False,0.024318181818181683,0.42226404241527904,0.026270562239135625,4.0,0.020000000000000018,,0.0,0.22727272727272727,0.0,0.94,,,M?,Unknown,True,unsched_macro
trump_truth_fed,KXFED-27JAN-T2.25,unscheduled_macro,macro_bucket,3,22,False,0.01931818181818179,0.32167680551011246,0.020869138227350814,4.0,0.02333333333333328,,39.47,0.22727272727272727,-5.82000000000005,0.94,,,M?,Unknown,True,unsched_macro
trump_truth_fed,KXFED-27JAN-T2.25,unscheduled_macro,macro_bucket,5,22,False,0.01931818181818179,0.32167680551011246,0.020869138227350814,4.0,0.025999999999999933,,39.47,0.22727272727272727,-5.82000000000005,0.94,,,M?,Unknown,True,unsched_macro
trump_truth_fed,KXFED-27JAN-T2.00,unscheduled_macro,macro_bucket,1,23,False,0.020652173913043637,0.34090948257391007,0.022342427093132815,4.0,0.029999999999999916,,100.0,0.13043478260869565,0.0,0.9450000000000001,,,M?,Unknown,True,unsched_macro
trump_truth_fed,KXFED-27JAN-T2.00,unscheduled_macro,macro_bucket,3,23,False,0.010652173913043628,0.16321699970568826,0.011523988711194895,4.0,0.03666666666666659,,278.53,0.13043478260869565,-150.51999999999998,0.9450000000000001,,,M?,Unknown,True,unsched_macro
trump_truth_fed,KXFED-27JAN-T2.00,unscheduled_macro,macro_bucket,5,23,False,0.010652173913043628,0.16321699970568826,0.011523988711194895,4.0,0.041999999999999926,,278.53,0.13043478260869565,-150.51999999999998,0.9450000000000001,,,M?,Unknown,True,unsched_macro
trump_truth_fed,KXFED-27JAN-T1.75,unscheduled_macro,macro_bucket,1,22,False,0.00909090909090915,0.15079684772882773,0.009765625000000064,4.0,0.019999999999999907,,0.0,0.3181818181818182,0.0,0.9450000000000001,,,M?,Unknown,True,unsched_macro
trump_truth_fed,KXFED-27JAN-T1.75,unscheduled_macro,macro_bucket,3,22,False,0.01909090909090916,0.3437005138533191,0.020507812500000076,28.0,0.03333333333333325,,34.63,0.3181818181818182,0.0,0.9450000000000001,,,M?,Unknown,True,unsched_macro
trump_truth_fed,KXFED-27JAN-T1.75,unscheduled_macro,macro_bucket,5,22,False,0.014090909090909265,0.24311327694815255,0.015136718750000189,4.0,0.03399999999999992,,34.63,0.3181818181818182,0.0,0.9450000000000001,,,M?,Unknown,True,unsched_macro
trump_truth_fed,KXFED-27JAN-T1.50,unscheduled_macro,macro_bucket,1,23,False,0.007391304347825756,0.1339449613730439,0.007883143983305927,4.0,0.029999999999999916,,0.0,1.6956521739130435,0.0,0.9450000000000001,,,M?,Unknown,True,unsched_macro
trump_truth_fed,KXFED-27JAN-T1.50,unscheduled_macro,macro_bucket,3,23,False,0.012391304347825649,0.23453219827821048,0.013215859030836531,4.0,0.039999999999999925,,30.0,1.6956521739130435,-9.239999999999782,0.9450000000000001,,,M?,Unknown,True,unsched_macro
trump_truth_fed,KXFED-27JAN-T1.50,unscheduled_macro,macro_bucket,5,23,False,0.012391304347825649,0.23453219827821048,0.013215859030836531,4.0,0.039999999999999925,,30.0,1.6956521739130435,-9.239999999999782,0.9450000000000001,,,M?,Unknown,True,unsched_macro
trump_truth_fed,KXFED-27JAN-T1.25,unscheduled_macro,macro_bucket,1,21,False,0.00976190476190486,0.20660678595237147,0.010327455919395571,4.0,0.030000000000000027,,0.0,0.09523809523809523,0.0,0.955,,,M?,Unknown,True,unsched_macro
trump_truth_fed,KXFED-27JAN-T1.25,unscheduled_macro,macro_bucket,3,21,False,0.004761904761904856,0.09599691440840141,0.005037783375314962,4.0,0.036666666666666625,,30.0,0.09523809523809523,11.730000000000018,0.955,,,M?,Unknown,True,unsched_macro
trump_truth_fed,KXFED-27JAN-T1.25,unscheduled_macro,macro_bucket,5,21,False,0.00976190476190486,0.20660678595237147,0.010327455919395571,4.0,0.03599999999999996,,30.0,0.09523809523809523,11.730000000000018,0.955,,,M?,Unknown,True,unsched_macro
trump_truth_fed,KXFED-27JAN-T1.00,unscheduled_macro,macro_bucket,1,20,False,0.011750000000000038,0.2443731482275031,0.012456930824277804,4.0,0.030000000000000027,,0.0,0.1,0.0,0.955,,,M?,Unknown,True,unsched_macro
trump_truth_fed,KXFED-27JAN-T1.00,unscheduled_macro,macro_bucket,3,20,False,0.021750000000000047,0.5061043373666649,0.023058574078982295,4.0,0.030000000000000027,,47.0,0.1,1.2200000000000273,0.955,,,M?,Unknown,True,unsched_macro
trump_truth_fed,KXFED-27JAN-T1.00,unscheduled_macro,macro_bucket,5,20,False,0.021750000000000047,0.5061043373666649,0.023058574078982295,4.0,0.030000000000000027,,64.0,0.1,-3.92999999999995,0.955,,,M?,Unknown,True,unsched_macro
trump_truth_fed,KXFED-27JAN-T0.75,unscheduled_macro,macro_bucket,1,25,False,0.017000000000000015,0.3720388155490384,0.018027571580063642,4.0,0.020000000000000018,,0.0,5.34,0.0,0.955,,,M?,Unknown,True,unsched_macro
trump_truth_fed,KXFED-27JAN-T0.75,unscheduled_macro,macro_bucket,3,25,False,0.02200000000000002,0.5107650250506648,0.02332979851537648,4.0,0.02666666666666669,,30.0,5.34,-6.149999999999977,0.955,,,M?,Unknown,True,unsched_macro
trump_truth_fed,KXFED-27JAN-T0.75,unscheduled_macro,macro_bucket,5,25,False,0.02200000000000002,0.5107650250506648,0.02332979851537648,4.0,0.028000000000000025,,30.0,5.34,-6.149999999999977,0.955,,,M?,Unknown,True,unsched_macro
trump_truth_fed,KXFED-27JAN-T0.50,unscheduled_macro,macro_bucket,1,25,False,0.015799999999999925,0.3890568698723982,0.016645596291613912,4.0,0.010000000000000009,,0.0,21.52,0.0,0.96,,,M?,Unknown,True,unsched_macro
trump_truth_fed,KXFED-27JAN-T0.50,unscheduled_macro,macro_bucket,3,25,False,0.015799999999999925,0.3890568698723982,0.016645596291613912,4.0,0.020000000000000018,,30.0,21.52,7.779999999999973,0.96,,,M?,Unknown,True,unsched_macro
trump_truth_fed,KXFED-27JAN-T0.50,unscheduled_macro,macro_bucket,5,25,False,0.02079999999999993,0.5483755198580993,0.0219131900547829,4.0,0.020000000000000018,,30.0,21.52,7.779999999999973,0.96,,,M?,Unknown,True,unsched_macro
trump_truth_fed,KXFED-27JAN-T0.25,unscheduled_macro,macro_bucket,1,23,False,0.013043478260869601,0.2959125715882971,0.01377410468319563,4.0,0.040000000000000036,,1.0,2.5652173913043477,0.0,0.965,,,M?,Unknown,True,unsched_macro
trump_truth_fed,KXFED-27JAN-T0.25,unscheduled_macro,macro_bucket,3,23,False,0.02304347826086961,0.5939574310756246,0.02433425160697893,4.0,0.04333333333333337,,31.0,2.5652173913043477,0.0,0.965,,,M?,Unknown,True,unsched_macro
trump_truth_fed,KXFED-27JAN-T0.25,unscheduled_macro,macro_bucket,5,23,False,0.02304347826086961,0.5939574310756246,0.02433425160697893,4.0,0.04200000000000004,,31.0,2.5652173913043477,0.0,0.965,,,M?,Unknown,True,unsched_macro
trump_truth_fed,KXFED-27JAN-T0.00,unscheduled_macro,macro_bucket,1,22,False,-0.0009090909090911925,-0.037973238197024806,-0.0009315323707501737,4.0,0.010000000000000009,,264.0,0.0,0.0,0.975,,,M?,Unknown,True,unsched_macro
trump_truth_fed,KXFED-27JAN-T0.00,unscheduled_macro,macro_bucket,3,22,False,0.004090909090908812,0.19028541378395536,0.004191895668374189,28.0,0.01666666666666668,,296.0,0.0,15.900000000000091,0.975,,,M?,Unknown,True,unsched_macro
trump_truth_fed,KXFED-27JAN-T0.00,unscheduled_macro,macro_bucket,5,22,False,0.004090909090908812,0.19028541378395536,0.004191895668374189,28.0,0.018000000000000016,,296.0,0.0,15.900000000000091,0.975,,,M?,Unknown,True,unsched_macro
trump_truth_fed,KXFED-26DEC-T5.00,unscheduled_macro,macro_bucket,3,12,True,,,,,0.02,,0.0,7.333333333333333,0.0,,,,M?,Unknown,True,unsched_macro
trump_truth_fed,KXFED-26DEC-T5.00,unscheduled_macro,macro_bucket,5,12,True,,,,,0.02,,0.0,7.333333333333333,0.0,,,,M?,Unknown,True,unsched_macro
trump_truth_fed,KXFED-26DEC-T4.75,unscheduled_macro,macro_bucket,3,18,True,,,,,0.01,,0.0,59.2525,0.0,,,,M?,Unknown,True,unsched_macro
trump_truth_fed,KXFED-26DEC-T4.75,unscheduled_macro,macro_bucket,5,18,True,,,,,0.01,,0.0,59.2525,0.0,,,,M?,Unknown,True,unsched_macro
trump_truth_fed,KXFED-26DEC-T4.50,unscheduled_macro,macro_bucket,1,18,True,-0.0036111111111111135,-0.16967675035617757,-0.15294117647058833,4.0,0.02,,400.0,42.578947368421055,0.0,0.015,,,M?,Unknown,True,unsched_macro
trump_truth_fed,KXFED-26DEC-T4.50,unscheduled_macro,macro_bucket,3,18,True,0.006388888888888888,0.24604485791917607,0.2705882352941176,28.0,0.02666666666666667,,1393.24,42.578947368421055,911.3000000000002,0.015,,,M?,Unknown,True,unsched_macro
trump_truth_fed,KXFED-26DEC-T4.50,unscheduled_macro,macro_bucket,5,18,True,0.0013888888888888874,0.05858190162480259,0.058823529411764636,28.0,0.028000000000000004,,1412.24,42.578947368421055,910.6500000000001,0.015,,,M?,Unknown,True,unsched_macro
trump_truth_fed,KXFED-26DEC-T4.25,unscheduled_macro,macro_bucket,1,25,False,0.18479999999999996,1.8420936017019554,4.088495575221238,4.0,0.13999999999999999,,6.0,65.8624,0.0,0.20500000000000002,,,M?,Unknown,False,unsched_macro
trump_truth_fed,KXFED-26DEC-T4.25,unscheduled_macro,macro_bucket,3,25,False,0.2648,2.2502855075143766,5.858407079646017,4.0,0.06999999999999999,,4281.26,65.8624,3438.710000000001,0.20500000000000002,,,M?,Unknown,True,unsched_macro
trump_truth_fed,KXFED-26DEC-T4.25,unscheduled_macro,macro_bucket,5,25,False,0.29979999999999996,2.409313989022597,6.632743362831857,4.0,0.04599999999999999,,5092.370000000001,65.8624,4068.6400000000012,0.20500000000000002,,,M?,Unknown,True,unsched_macro
trump_truth_fed,KXFED-26DEC-T4.00,unscheduled_macro,macro_bucket,1,24,False,0.44875000000000004,1.9367738728796704,1.751219512195122,4.0,0.04999999999999993,,3575.24,40.066250000000004,0.0,0.655,,,M?,Unknown,True,unsched_macro
trump_truth_fed,KXFED-26DEC-T4.00,unscheduled_macro,macro_bucket,3,24,False,0.5787499999999999,2.687037677357496,2.258536585365853,4.0,0.023333333333333317,,9741.249999999998,40.066250000000004,4311.569999999998,0.655,,,M?,Unknown,True,unsched_macro
trump_truth_fed,KXFED-26DEC-T4.00,unscheduled_macro,macro_bucket,5,24,False,0.5887499999999999,2.761462936845148,2.2975609756097555,4.0,0.017999999999999995,,9933.939999999999,40.066250000000004,4343.99,0.655,,,M?,Unknown,True,unsched_macro
trump_truth_fed,KXFED-26DEC-T3.75,unscheduled_macro,macro_bucket,1,23,False,0.29891304347826086,2.4091443597102145,0.45559973492379063,4.0,0.010000000000000009,,53.69,485.46478260869566,0.0,0.945,,,M?,Unknown,True,unsched_macro
trump_truth_fed,KXFED-26DEC-T3.75,unscheduled_macro,macro_bucket,3,23,False,0.3289130434782609,3.5386869490696826,0.501325381047051,4.0,0.010000000000000009,,3141.64,485.46478260869566,-78.13999999999942,0.945,,,M?,Unknown,True,unsched_macro
trump_truth_fed,KXFED-26DEC-T3.75,unscheduled_macro,macro_bucket,5,23,False,0.3289130434782609,3.5386869490696826,0.501325381047051,4.0,0.010000000000000009,,3219.02,485.46478260869566,-137.52000000000044,0.945,,,M?,Unknown,True,unsched_macro
trump_truth_fed,KXFED-26DEC-T3.50,unscheduled_macro,macro_bucket,1,25,False,0.08439999999999992,1.3186557474864191,0.09584374290256634,4.0,0.030000000000000027,,0.0,234.268,0.0,0.97,,,M?,Unknown,True,unsched_macro
trump_truth_fed,KXFED-26DEC-T3.50,unscheduled_macro,macro_bucket,3,25,False,0.09439999999999993,1.6654373537664933,0.10719963661140124,4.0,0.01666666666666668,,197.96,234.268,48.18000000000029,0.97,,,M?,Unknown,True,unsched_macro
trump_truth_fed,KXFED-26DEC-T3.50,unscheduled_macro,macro_bucket,5,25,False,0.09439999999999993,1.6654373537664933,0.10719963661140124,4.0,0.015000000000000013,,215.96,234.268,48.18000000000029,0.97,,,M?,Unknown,True,unsched_macro
trump_truth_fed,KXFED-26DEC-T3.25,unscheduled_macro,macro_bucket,1,24,False,-0.0029166666666667895,-0.10528121037209193,-0.0029978586723769995,4.0,0.020000000000000018,,0.0,28.63208333333333,0.0,0.975,,,M?,Unknown,True,unsched_macro
trump_truth_fed,KXFED-26DEC-T3.25,unscheduled_macro,macro_bucket,3,24,False,0.002083333333333215,0.08218174592228111,0.0021413276231262166,28.0,0.013333333333333345,,166.0,28.63208333333333,18.0,0.975,,,M?,Unknown,True,unsched_macro
trump_truth_fed,KXFED-26DEC-T3.25,unscheduled_macro,macro_bucket,5,24,False,0.002083333333333215,0.08218174592228111,0.0021413276231262166,28.0,0.012500000000000011,,184.0,28.63208333333333,0.0,0.975,,,M?,Unknown,True,unsched_macro
trump_truth_fed,KXFED-26DEC-T3.00,unscheduled_macro,macro_bucket,3,21,False,0.0,0.0,0.0,,0.010000000000000009,,82.0,0.0,18.0,0.985,,,M?,Unknown,True,unsched_macro
trump_truth_fed,KXFED-26DEC-T3.00,unscheduled_macro,macro_bucket,5,21,False,0.0,0.0,0.0,,0.010000000000000009,,100.0,0.0,18.0,0.985,,,M?,Unknown,True,unsched_macro
trump_truth_fed,KXFED-26DEC-T2.75,unscheduled_macro,macro_bucket,3,23,False,1.1102230246251565e-16,7.105427357601002e-15,1.1271299742387378e-16,,0.010000000000000009,,52.0,2.260869565217391,18.0,0.985,,,M?,Unknown,True,unsched_macro
trump_truth_fed,KXFED-26DEC-T2.75,unscheduled_macro,macro_bucket,5,23,False,0.01000000000000012,1.1087133846546209,0.010152284263959513,76.0,0.010000000000000009,,67.0,2.260869565217391,3.0,0.985,,,M?,Unknown,True,unsched_macro
trump_truth_fed,KXFED-26OCT-T4.75,unscheduled_macro,macro_bucket,1,13,True,,,,,0.01,,0.0,0.0,0.0,,,,M?,Unknown,True,unsched_macro
trump_truth_fed,KXFED-26OCT-T4.75,unscheduled_macro,macro_bucket,3,13,True,,,,,0.01,,0.0,0.0,0.0,,,,M?,Unknown,True,unsched_macro
trump_truth_fed,KXFED-26OCT-T4.75,unscheduled_macro,macro_bucket,5,13,True,,,,,0.01,,0.0,0.0,0.0,,,,M?,Unknown,True,unsched_macro
trump_truth_fed,KXFED-26OCT-T4.50,unscheduled_macro,macro_bucket,1,19,True,,,,,0.02,,0.0,0.2,0.0,,,,M?,Unknown,True,unsched_macro
trump_truth_fed,KXFED-26OCT-T4.50,unscheduled_macro,macro_bucket,3,19,True,-1.734723475976807e-18,0.0,-1.1564823173178712e-16,,0.013333333333333334,,3551.32,0.2,2805.22,,,,M?,Unknown,True,unsched_macro
trump_truth_fed,KXFED-26OCT-T4.50,unscheduled_macro,macro_bucket,5,19,True,,,,,0.012,,4311.54,0.2,2805.22,,,,M?,Unknown,True,unsched_macro
trump_truth_fed,KXFED-26OCT-T4.25,unscheduled_macro,macro_bucket,1,5,False,-0.004,-0.24045795967095573,-0.2105263157894737,4.0,0.01,,18.0,78.01105263157895,0.0,0.015,,,M?,Unknown,True,unsched_macro
trump_truth_fed,KXFED-26OCT-T4.25,unscheduled_macro,macro_bucket,3,5,False,-0.004,-0.24045795967095573,-0.2105263157894737,4.0,0.01,,4880.23,78.01105263157895,4807.25,0.015,,,M?,Unknown,True,unsched_macro
trump_truth_fed,KXFED-26OCT-T4.25,unscheduled_macro,macro_bucket,5,5,False,-0.004,-0.24045795967095573,-0.2105263157894737,4.0,0.01,,10510.289999999999,78.01105263157895,10328.07,0.015,,,M?,Unknown,True,unsched_macro
trump_truth_fed,KXFED-26OCT-T4.00,unscheduled_macro,macro_bucket,1,25,False,0.2674,1.938497415281896,3.955621301775148,4.0,0.010000000000000009,,1884.14,245.06399999999996,0.0,0.315,,,M?,Unknown,True,unsched_macro
trump_truth_fed,KXFED-26OCT-T4.00,unscheduled_macro,macro_bucket,3,25,False,0.4374,2.644154590819353,6.470414201183432,4.0,0.00999999999999999,,14826.109999999999,245.06399999999996,8664.819999999998,0.315,,,M?,Unknown,True,unsched_macro
trump_truth_fed,KXFED-26OCT-T4.00,unscheduled_macro,macro_bucket,5,25,False,0.49739999999999995,2.88563362417044,7.357988165680472,4.0,0.009999999999999976,,30118.26,245.06399999999996,15541.769999999999,0.315,,,M?,Unknown,True,unsched_macro
trump_truth_fed,KXFED-26OCT-T3.75,unscheduled_macro,macro_bucket,1,25,False,0.33540000000000003,1.871466718575359,0.6047601875225388,4.0,0.040000000000000036,,1152.0,246.51160000000004,0.0,0.885,,,M?,Unknown,True,unsched_macro
trump_truth_fed,KXFED-26OCT-T3.75,unscheduled_macro,macro_bucket,3,25,False,0.4354,4.375845471776179,0.7850703209520375,4.0,0.023333333333333355,,10528.789999999999,246.51160000000004,7323.25,0.885,,,M?,Unknown,True,unsched_macro
trump_truth_fed,KXFED-26OCT-T3.75,unscheduled_macro,macro_bucket,5,25,False,0.4354,4.375845471776179,0.7850703209520375,4.0,0.02200000000000002,,10877.369999999999,246.51160000000004,7666.83,0.885,,,M?,Unknown,True,unsched_macro
trump_truth_fed,KXFED-26OCT-T3.50,unscheduled_macro,macro_bucket,1,23,False,0.04608695652173911,2.3715168705949474,0.0485681557846506,4.0,0.010000000000000009,,0.0,194.77652173913046,0.0,0.995,,,M?,Unknown,True,unsched_macro
trump_truth_fed,KXFED-26OCT-T3.50,unscheduled_macro,macro_bucket,3,23,False,0.041086956521739104,1.673331896005045,0.04329896907216492,4.0,0.01666666666666668,,0.0,194.77652173913046,0.0,0.995,,,M?,Unknown,True,unsched_macro
trump_truth_fed,KXFED-26OCT-T3.50,unscheduled_macro,macro_bucket,5,23,False,0.041086956521739104,1.673331896005045,0.04329896907216492,4.0,0.01666666666666668,,0.0,194.77652173913046,0.0,0.995,,,M?,Unknown,True,unsched_macro
trump_truth_fed,KXFED-26OCT-T3.25,unscheduled_macro,macro_bucket,3,25,False,0.010399999999999965,1.1354368668199726,0.01056266504164124,28.0,0.010000000000000009,,10.0,18.9656,0.0,0.995,,,M?,Unknown,True,unsched_macro
trump_truth_fed,KXFED-26OCT-T3.25,unscheduled_macro,macro_bucket,5,25,False,0.010399999999999965,1.1354368668199726,0.01056266504164124,28.0,0.010000000000000009,,10.0,18.9656,0.0,0.995,,,M?,Unknown,True,unsched_macro
trump_truth_fed,KXFED-26OCT-T3.00,unscheduled_macro,macro_bucket,3,19,False,0.007368421052631358,0.9131416272995114,0.0074606981081798964,28.0,0.010000000000000009,,0.0,29.894736842105264,0.0,0.995,,,M?,Unknown,True,unsched_macro
trump_truth_fed,KXFED-26OCT-T3.00,unscheduled_macro,macro_bucket,5,19,False,0.007368421052631358,0.9131416272995114,0.0074606981081798964,28.0,0.010000000000000009,,0.0,29.894736842105264,0.0,0.995,,,M?,Unknown,True,unsched_macro
trump_truth_fed,KXFED-26OCT-T2.75,unscheduled_macro,macro_bucket,3,21,False,0.008095238095237822,0.9709799423875465,0.008202653799758467,28.0,0.010000000000000009,,0.0,12.333809523809524,0.0,0.995,,,M?,Unknown,True,unsched_macro
trump_truth_fed,KXFED-26OCT-T2.75,unscheduled_macro,macro_bucket,5,21,False,0.008095238095237822,0.9709799423875465,0.008202653799758467,28.0,0.010000000000000009,,0.0,12.333809523809524,0.0,0.995,,,M?,Unknown,True,unsched_macro
trump_truth_fed,KXFED-26SEP-T4.75,unscheduled_macro,macro_bucket,1,5,True,,,,,0.01,,0.0,19808.9745,0.0,,,,M?,Unknown,True,unsched_macro
trump_truth_fed,KXFED-26SEP-T4.75,unscheduled_macro,macro_bucket,3,5,True,0.0,0.0,0.0,,0.505,,350.67,19808.9745,350.6700000000128,,,,M?,Unknown,False,unsched_macro
trump_truth_fed,KXFED-26SEP-T4.75,unscheduled_macro,macro_bucket,5,5,True,0.0,0.0,0.0,,0.505,,350.67,19808.9745,350.6700000000128,,,,M?,Unknown,False,unsched_macro
trump_truth_fed,KXFED-26SEP-T4.50,unscheduled_macro,macro_bucket,1,6,False,,,,,0.01,,0.0,7472.50238095238,0.0,,,,M?,Unknown,True,unsched_macro
trump_truth_fed,KXFED-26SEP-T4.50,unscheduled_macro,macro_bucket,3,6,False,0.0,0.0,0.0,,0.505,,93.5,7472.50238095238,93.5,,,,M?,Unknown,False,unsched_macro
trump_truth_fed,KXFED-26SEP-T4.50,unscheduled_macro,macro_bucket,5,6,False,0.0,0.0,0.0,,0.505,,93.5,7472.50238095238,93.5,,,,M?,Unknown,False,unsched_macro
trump_truth_fed,KXFED-26SEP-T4.25,unscheduled_macro,macro_bucket,1,15,False,0.0,0.0,0.0,,0.01,,2367.83,863.5072727272727,0.0,0.01,,,M?,Unknown,True,unsched_macro
trump_truth_fed,KXFED-26SEP-T4.25,unscheduled_macro,macro_bucket,3,15,False,0.0,0.0,0.0,,0.505,,38509.020000000004,863.5072727272727,35923.71,0.01,,,M?,Unknown,False,unsched_macro
trump_truth_fed,KXFED-26SEP-T4.25,unscheduled_macro,macro_bucket,5,15,False,0.0,0.0,0.0,,0.505,,38509.020000000004,863.5072727272727,35923.71,0.01,,,M?,Unknown,False,unsched_macro
trump_truth_fed,KXFED-26SEP-T4.00,unscheduled_macro,macro_bucket,1,24,False,-0.0033333333333333305,-0.2910547569304196,-0.24999999999999983,4.0,0.01,,143172.54,4417.394800000001,0.0,0.01,,,M?,Unknown,True,unsched_macro
trump_truth_fed,KXFED-26SEP-T4.00,unscheduled_macro,macro_bucket,3,24,False,0.00666666666666667,0.4122447950935437,0.5000000000000003,28.0,0.505,,253259.71000000002,4417.394800000001,100476.67999999993,0.01,,,M?,Unknown,False,unsched_macro
trump_truth_fed,KXFED-26SEP-T4.00,unscheduled_macro,macro_bucket,5,24,False,0.00666666666666667,0.4122447950935437,0.5000000000000003,28.0,0.505,,253259.71000000002,4417.394800000001,100476.67999999993,0.01,,,M?,Unknown,False,unsched_macro
trump_truth_fed,KXFED-26SEP-T3.75,unscheduled_macro,macro_bucket,1,25,False,0.44559999999999994,2.1826916616161594,1.0624701955174056,4.0,0.010000000000000009,,86069.34,14999.8692,0.0,0.875,,,M?,Unknown,True,unsched_macro
trump_truth_fed,KXFED-26SEP-T3.75,unscheduled_macro,macro_bucket,3,25,False,0.44059999999999994,2.1405268997609586,1.0505484024797327,4.0,0.505,,129962.32,14999.8692,34545.5,0.875,,,M?,Unknown,False,unsched_macro
trump_truth_fed,KXFED-26SEP-T3.75,unscheduled_macro,macro_bucket,5,25,False,0.44059999999999994,2.1405268997609586,1.0505484024797327,4.0,0.505,,129962.32,14999.8692,34545.5,0.875,,,M?,Unknown,False,unsched_macro
trump_truth_fed,KXFED-26SEP-T3.50,unscheduled_macro,macro_bucket,1,21,False,0.0007142857142855563,0.13424952550993563,0.0007183908045975422,4.0,0.010000000000000009,,4258.41,11169.791428571429,0.0,0.995,,,M?,Unknown,True,unsched_macro
trump_truth_fed,KXFED-26SEP-T3.50,unscheduled_macro,macro_bucket,3,21,False,-0.004285714285714448,-0.5639354490799668,-0.00431034482758637,28.0,0.505,,40961.350000000006,11169.791428571429,27359.940000000002,0.995,,,M?,Unknown,False,unsched_macro
trump_truth_fed,KXFED-26SEP-T3.50,unscheduled_macro,macro_bucket,5,21,False,-0.004285714285714448,-0.5639354490799668,-0.00431034482758637,28.0,0.505,,40961.350000000006,11169.791428571429,27359.940000000002,0.995,,,M?,Unknown,False,unsched_macro
trump_truth_fed,KXFED-26SEP-T3.25,unscheduled_macro,macro_bucket,1,9,False,0.0,0.0,0.0,,0.010000000000000009,,93.51,374.22222222222223,0.0,0.995,,,M?,Unknown,True,unsched_macro
trump_truth_fed,KXFED-26SEP-T3.25,unscheduled_macro,macro_bucket,3,9,False,-0.0050000000000000044,-0.6981849745899025,-0.005025125628140708,28.0,0.505,,694.35,374.22222222222223,426.5100000000002,0.995,,,M?,Unknown,False,unsched_macro
trump_truth_fed,KXFED-26SEP-T3.25,unscheduled_macro,macro_bucket,5,9,False,-0.0050000000000000044,-0.6981849745899025,-0.005025125628140708,28.0,0.505,,694.35,374.22222222222223,426.5100000000002,0.995,,,M?,Unknown,False,unsched_macro
trump_truth_fed,KXFED-26SEP-T3.00,unscheduled_macro,macro_bucket,1,18,False,0.0,0.0,0.0,,0.010000000000000009,,467.59,0.0,0.0,0.995,,,M?,Unknown,True,unsched_macro
trump_truth_fed,KXFED-26SEP-T3.00,unscheduled_macro,macro_bucket,3,18,False,-0.0050000000000000044,-0.6981849745899025,-0.005025125628140708,28.0,0.505,,495.64,0.0,28.050000000000182,0.995,,,M?,Unknown,False,unsched_macro
trump_truth_fed,KXFED-26SEP-T3.00,unscheduled_macro,macro_bucket,5,18,False,-0.0050000000000000044,-0.6981849745899025,-0.005025125628140708,28.0,0.505,,495.64,0.0,28.050000000000182,0.995,,,M?,Unknown,False,unsched_macro
trump_truth_fed,KXFED-26SEP-T2.75,unscheduled_macro,macro_bucket,1,20,False,-1.1102230246251565e-16,-2.220446049250313e-14,-1.1158020347991522e-16,,0.010000000000000009,,93.51,297.4005,0.0,0.995,,,M?,Unknown,True,unsched_macro
trump_truth_fed,KXFED-26SEP-T2.75,unscheduled_macro,macro_bucket,3,20,False,-0.0050000000000001155,-0.6981849745899247,-0.005025125628140819,28.0,0.505,,10317.94,297.4005,9257.429999999998,0.995,,,M?,Unknown,False,unsched_macro
trump_truth_fed,KXFED-26SEP-T2.75,unscheduled_macro,macro_bucket,5,20,False,-0.0050000000000001155,-0.6981849745899247,-0.005025125628140819,28.0,0.505,,10317.94,297.4005,9257.429999999998,0.995,,,M?,Unknown,False,unsched_macro
nvda_earnings,KXFED-27APR-T3.75,unscheduled_macro,macro_bucket,1,25,False,0.06540000000000007,0.261981622592007,0.14076625053809744,4.0,0.2,,0.0,4.1240000000000006,0.0,0.525,,,M?,Unknown,False,unsched_macro
nvda_earnings,KXFED-27APR-T3.75,unscheduled_macro,macro_bucket,3,25,False,0.09539999999999998,0.3829993675668315,0.2053379250968575,4.0,0.24,,0.0,4.1240000000000006,0.0,0.525,,,M?,Unknown,False,unsched_macro
nvda_earnings,KXFED-27APR-T3.75,unscheduled_macro,macro_bucket,5,25,False,0.06540000000000007,0.261981622592007,0.14076625053809744,4.0,0.20399999999999996,,0.0,4.1240000000000006,0.0,0.525,,,M?,Unknown,False,unsched_macro
nvda_earnings,KXFED-27MAR-T3.75,unscheduled_macro,macro_bucket,1,23,False,-0.08173913043478276,-0.3494824014508087,-0.1961398017736049,4.0,0.26999999999999996,,0.0,0.43478260869565216,0.0,0.345,,,M?,Unknown,False,unsched_macro
nvda_earnings,KXFED-27MAR-T3.75,unscheduled_macro,macro_bucket,3,23,False,-0.08173913043478276,-0.3494824014508087,-0.1961398017736049,4.0,0.26999999999999996,,0.0,0.43478260869565216,0.0,0.345,,,M?,Unknown,False,unsched_macro
nvda_earnings,KXFED-27MAR-T3.75,unscheduled_macro,macro_bucket,5,23,False,0.058260869565217255,0.23609064882299652,0.13980177360459015,100.0,0.32199999999999995,,152.0,0.43478260869565216,99.0,0.345,,,M?,Unknown,False,unsched_macro
nvda_earnings,KXFED-27MAR-T3.50,unscheduled_macro,macro_bucket,3,23,False,-0.04804347826086969,-0.19251933898050055,-0.09456568249893046,28.0,0.4,,0.0,19.909565217391304,0.0,0.46,,,M?,Unknown,False,unsched_macro
nvda_earnings,KXFED-27MAR-T3.50,unscheduled_macro,macro_bucket,5,23,False,-0.028043478260869725,-0.11221939657885768,-0.0551989730423623,28.0,0.37500000000000006,,0.0,19.909565217391304,0.0,0.46,,,M?,Unknown,False,unsched_macro
nvda_earnings,KXFED-27MAR-T3.00,unscheduled_macro,macro_bucket,1,25,False,-0.06600000000000017,-0.4474201329731704,-0.07755581668625167,4.0,0.35,,0.0,2.6,0.0,0.7749999999999999,,,M?,Unknown,False,unsched_macro
nvda_earnings,KXFED-27MAR-T3.00,unscheduled_macro,macro_bucket,3,25,False,-0.04600000000000015,-0.32462310377309955,-0.054054054054054224,4.0,0.3233333333333333,,0.0,2.6,0.0,0.7749999999999999,,,M?,Unknown,False,unsched_macro
nvda_earnings,KXFED-27MAR-T3.00,unscheduled_macro,macro_bucket,5,25,False,-0.06600000000000006,-0.44742013297316996,-0.07755581668625153,4.0,0.294,,0.0,2.6,0.0,0.7749999999999999,,,M?,Unknown,False,unsched_macro
nvda_earnings,KXFED-27MAR-T2.75,unscheduled_macro,macro_bucket,1,25,False,-0.05500000000000005,-0.37926891987218325,-0.06470588235294124,4.0,0.32999999999999996,,0.0,1.9752,0.0,0.7949999999999999,,,M?,Unknown,False,unsched_macro
nvda_earnings,KXFED-27MAR-T2.75,unscheduled_macro,macro_bucket,3,25,False,-0.05500000000000005,-0.37926891987218325,-0.06470588235294124,4.0,0.31999999999999995,,0.0,1.9752,0.0,0.7949999999999999,,,M?,Unknown,False,unsched_macro
nvda_earnings,KXFED-27MAR-T2.75,unscheduled_macro,macro_bucket,5,25,False,-0.05499999999999994,-0.37926891987218236,-0.0647058823529411,4.0,0.294,,0.0,1.9752,0.0,0.7949999999999999,,,M?,Unknown,False,unsched_macro
nvda_earnings,KXFED-27MAR-T2.50,unscheduled_macro,macro_bucket,3,23,False,0.002826086956521756,0.02854764469385218,0.0031854937515315065,52.0,0.14499999999999996,,0.0,2.373913043478261,0.0,0.775,,,M?,Unknown,False,unsched_macro
nvda_earnings,KXFED-27MAR-T2.50,unscheduled_macro,macro_bucket,5,23,False,0.012826086956521654,0.135031125096301,0.014457240872335115,100.0,0.12749999999999997,,0.0,2.373913043478261,0.0,0.775,,,M?,Unknown,False,unsched_macro
nvda_earnings,KXFED-27MAR-T2.00,unscheduled_macro,macro_bucket,3,20,False,-0.00374999999999992,-0.06342609426045653,-0.0039946737683088365,28.0,0.04999999999999993,,0.0,0.394,0.0,0.935,,,M?,Unknown,True,unsched_macro
nvda_earnings,KXFED-27MAR-T2.00,unscheduled_macro,macro_bucket,5,20,False,-0.00374999999999992,-0.06342609426045653,-0.0039946737683088365,28.0,0.04999999999999993,,0.0,0.394,0.0,0.935,,,M?,Unknown,True,unsched_macro
nvda_earnings,KXFED-27JAN-T2.00,unscheduled_macro,macro_bucket,1,23,False,-0.004130434782608883,-0.05749057078716113,-0.0044695365796285245,4.0,0.07999999999999996,,0.0,1.2469565217391305,0.0,0.9299999999999999,,,M?,Unknown,True,unsched_macro
nvda_earnings,KXFED-27JAN-T2.00,unscheduled_macro,macro_bucket,3,23,False,-0.009130434782608776,-0.12356479737115933,-0.009880028228652167,52.0,0.07666666666666662,,0.0,1.2469565217391305,0.0,0.9299999999999999,,,M?,Unknown,True,unsched_macro
nvda_earnings,KXFED-27JAN-T2.00,unscheduled_macro,macro_bucket,5,23,False,-0.009130434782608776,-0.12356479737115933,-0.009880028228652167,52.0,0.07599999999999996,,0.0,1.2469565217391305,0.0,0.9299999999999999,,,M?,Unknown,True,unsched_macro
nvda_earnings,KXFED-27JAN-T1.75,unscheduled_macro,macro_bucket,1,21,False,-0.0004761904761905189,-0.007337866796449877,-0.0005117707267144778,4.0,0.039999999999999925,,0.0,6.642857142857143,0.0,0.935,,,M?,Unknown,True,unsched_macro
nvda_earnings,KXFED-27JAN-T1.75,unscheduled_macro,macro_bucket,3,21,False,-0.0004761904761905189,-0.007337866796449877,-0.0005117707267144778,4.0,0.039999999999999925,,0.0,6.642857142857143,0.0,0.935,,,M?,Unknown,True,unsched_macro
nvda_earnings,KXFED-27JAN-T1.75,unscheduled_macro,macro_bucket,5,21,False,-0.0004761904761905189,-0.007337866796449877,-0.0005117707267144778,4.0,0.039999999999999925,,0.0,6.642857142857143,0.0,0.935,,,M?,Unknown,True,unsched_macro
nvda_earnings,KXFED-26DEC-T4.50,unscheduled_macro,macro_bucket,1,23,False,,,,,0.01,,0.0,18.26086956521739,0.0,,,,M?,Unknown,True,unsched_macro
nvda_earnings,KXFED-26DEC-T4.50,unscheduled_macro,macro_bucket,3,23,False,,,,,0.01,,0.0,18.26086956521739,0.0,,,,M?,Unknown,True,unsched_macro
nvda_earnings,KXFED-26DEC-T4.50,unscheduled_macro,macro_bucket,5,23,False,,,,,0.01,,0.0,18.26086956521739,0.0,,,,M?,Unknown,True,unsched_macro
nvda_earnings,KXFED-26DEC-T4.25,unscheduled_macro,macro_bucket,1,23,False,-0.03565217391304347,-0.8206206300076868,-0.543046357615894,4.0,0.02,,0.0,96.39217391304348,0.0,0.03,,,M?,Unknown,True,unsched_macro
nvda_earnings,KXFED-26DEC-T4.25,unscheduled_macro,macro_bucket,3,23,False,-0.030652173913043465,-0.6613019800219857,-0.46688741721854293,4.0,0.016666666666666666,,5.0,96.39217391304348,-5.0,0.03,,,M?,Unknown,True,unsched_macro
nvda_earnings,KXFED-26DEC-T4.25,unscheduled_macro,macro_bucket,5,23,False,-0.010652173913043468,-0.18837368243368546,-0.16225165562913893,4.0,0.016,,5.0,96.39217391304348,-5.0,0.03,,,M?,Unknown,True,unsched_macro
nvda_earnings,KXFED-26DEC-T4.00,unscheduled_macro,macro_bucket,1,25,False,-0.09299999999999997,-0.5284282629603486,-0.33453237410071934,4.0,0.03,,20.0,176.27,0.0,0.175,,,M?,Unknown,True,unsched_macro
nvda_earnings,KXFED-26DEC-T4.00,unscheduled_macro,macro_bucket,3,25,False,-0.06299999999999994,-0.3406416644525564,-0.22661870503597106,4.0,0.06,,20.0,176.27,0.0,0.175,,,M?,Unknown,True,unsched_macro
nvda_earnings,KXFED-26DEC-T4.00,unscheduled_macro,macro_bucket,5,25,False,-0.052999999999999964,-0.28235860194673756,-0.1906474820143884,4.0,0.06,,85.0,176.27,32.0,0.175,,,M?,Unknown,True,unsched_macro
nvda_earnings,KXFED-26OCT-T3.00,unscheduled_macro,macro_bucket,1,20,False,0.0025000000000000577,0.15669197725593342,0.0025445292620865727,4.0,0.010000000000000009,,0.0,34.25,0.0,0.985,,,M?,Unknown,True,unsched_macro
nvda_earnings,KXFED-26OCT-T3.00,unscheduled_macro,macro_bucket,3,20,False,0.0025000000000000577,0.15669197725593342,0.0025445292620865727,4.0,0.010000000000000009,,0.0,34.25,0.0,0.985,,,M?,Unknown,True,unsched_macro
nvda_earnings,KXFED-26OCT-T3.00,unscheduled_macro,macro_bucket,5,20,False,0.0025000000000000577,0.15669197725593342,0.0025445292620865727,4.0,0.010000000000000009,,0.0,34.25,0.0,0.985,,,M?,Unknown,True,unsched_macro
nvda_earnings,KXCPI-26AUG-T0.9,unscheduled_macro,macro_bucket,1,14,False,-0.0707142857142857,-0.5470545620624494,-0.37078651685393255,4.0,0.12,,68.0,51.458260869565216,0.0,0.065,,,M?,Unknown,False,unsched_macro
nvda_earnings,KXCPI-26AUG-T0.9,unscheduled_macro,macro_bucket,3,14,False,,,,,0.06999999999999999,,68.0,51.458260869565216,0.0,0.065,,,M?,Unknown,True,unsched_macro
nvda_earnings,KXCPI-26AUG-T0.9,unscheduled_macro,macro_bucket,5,14,False,-0.1707142857142857,-2.4464446954828696,-0.8951310861423222,76.0,0.049999999999999996,,430.0,51.458260869565216,362.0,0.065,,,M?,Unknown,True,unsched_macro
nvda_earnings,KXCPI-26NOV-T0.0,unscheduled_macro,macro_bucket,3,18,False,0.008055555555555483,0.05365299716911687,0.009921313718781981,52.0,0.33999999999999997,,0.0,0.4444444444444444,0.0,0.505,,,M?,Unknown,False,unsched_macro
nvda_earnings,KXCPI-26NOV-T0.0,unscheduled_macro,macro_bucket,5,18,False,0.008055555555555483,0.05365299716911687,0.009921313718781981,52.0,0.33999999999999997,,0.0,0.4444444444444444,0.0,0.505,,,M?,Unknown,False,unsched_macro
nvda_earnings,KXCPI-26OCT-T0.2,unscheduled_macro,macro_bucket,1,22,False,0.06999999999999995,0.2869695679684854,0.12962962962962954,4.0,0.6000000000000001,,0.0,2.347826086956522,0.0,0.61,,,M?,Unknown,False,unsched_macro
nvda_earnings,KXCPI-26OCT-T0.2,unscheduled_macro,macro_bucket,3,22,False,0.04999999999999993,0.203622727126232,0.09259259259259246,4.0,0.5866666666666668,,0.0,2.347826086956522,0.0,0.61,,,M?,Unknown,False,unsched_macro
nvda_earnings,KXCPI-26OCT-T0.2,unscheduled_macro,macro_bucket,5,22,False,0.05999999999999994,0.24512245803298474,0.111111111111111,4.0,0.5720000000000001,,10.0,2.347826086956522,10.0,0.61,,,M?,Unknown,False,unsched_macro
nvda_earnings,KXCPI-26OCT-T0.1,unscheduled_macro,macro_bucket,3,17,False,0.005588235294117783,0.029207234676022154,0.007557677008751179,28.0,0.51,,20.0,0.47058823529411764,0.0,0.745,,,M?,Unknown,False,unsched_macro
nvda_earnings,KXCPI-26OCT-T0.1,unscheduled_macro,macro_bucket,5,17,False,0.010588235294117787,0.05569885012299869,0.014319809069212602,28.0,0.5066666666666667,,20.0,0.47058823529411764,0.0,0.745,,,M?,Unknown,False,unsched_macro
nvda_earnings,KXFED-27APR-T4.25,unscheduled_macro,macro_bucket,1,23,False,0.0006521739130435633,0.003435839147051034,0.0025641025641028993,4.0,0.18999999999999997,,0.0,3.217391304347826,0.0,0.255,,,M?,Unknown,False,unsched_macro
nvda_earnings,KXFED-27APR-T4.25,unscheduled_macro,macro_bucket,3,23,False,-0.004347826086956441,-0.0230557762999255,-0.017094017094016783,28.0,0.19666666666666666,,2.0,3.217391304347826,0.0,0.255,,,M?,Unknown,False,unsched_macro
nvda_earnings,KXFED-27APR-T4.25,unscheduled_macro,macro_bucket,5,23,False,0.05065217391304355,0.2519564434108036,0.1991452991452995,76.0,0.15399999999999997,,8.0,3.217391304347826,4.0,0.255,,,M?,Unknown,False,unsched_macro
nvda_earnings,KXFED-27APR-T4.00,unscheduled_macro,macro_bucket,1,25,False,0.03979999999999995,0.16089089338811488,0.0925151092515108,4.0,0.21999999999999997,,0.0,6.92,0.0,0.45,,,M?,Unknown,False,unsched_macro
nvda_earnings,KXFED-27APR-T4.00,unscheduled_macro,macro_bucket,3,25,False,0.059799999999999964,0.24102987061647896,0.1390051139005113,4.0,0.20999999999999996,,0.0,6.92,0.0,0.45,,,M?,Unknown,False,unsched_macro
nvda_earnings,KXFED-27APR-T4.00,unscheduled_macro,macro_bucket,5,25,False,0.03979999999999995,0.16089089338811488,0.0925151092515108,4.0,0.166,,0.0,6.92,0.0,0.45,,,M?,Unknown,False,unsched_macro
nvda_earnings,KXFED-27APR-T3.50,unscheduled_macro,macro_bucket,1,25,False,-0.051999999999999935,-0.21084470336461797,-0.08934707903780058,4.0,0.2,,0.0,12.329600000000001,0.0,0.545,,,M?,Unknown,False,unsched_macro
nvda_earnings,KXFED-27APR-T3.50,unscheduled_macro,macro_bucket,3,25,False,-0.09699999999999998,-0.39100702493293443,-0.16666666666666663,4.0,0.3133333333333334,,1.0,12.329600000000001,-1.0,0.545,,,M?,Unknown,False,unsched_macro
nvda_earnings,KXFED-27APR-T3.50,unscheduled_macro,macro_bucket,5,25,False,-0.06699999999999995,-0.27097100548042846,-0.11512027491408927,4.0,0.32800000000000007,,1.0,12.329600000000001,-1.0,0.545,,,M?,Unknown,False,unsched_macro
nvda_earnings,KXFED-27APR-T3.25,unscheduled_macro,macro_bucket,1,25,False,0.01640000000000008,0.07439317215888397,0.024713682941531166,4.0,0.26,,68.0,8.0096,0.0,0.715,,,M?,Unknown,False,unsched_macro
nvda_earnings,KXFED-27APR-T3.25,unscheduled_macro,macro_bucket,3,25,False,0.08640000000000003,0.41923365845061344,0.13019891500904165,52.0,0.32,,68.0,8.0096,0.0,0.715,,,M?,Unknown,False,unsched_macro
nvda_earnings,KXFED-27APR-T3.25,unscheduled_macro,macro_bucket,5,25,False,0.0464,0.21600541683734498,0.0699216395418927,52.0,0.25599999999999995,,68.0,8.0096,0.0,0.715,,,M?,Unknown,False,unsched_macro
nvda_earnings,KXFED-27APR-T3.00,unscheduled_macro,macro_bucket,1,24,False,0.03124999999999989,0.16438967712835206,0.0428816466552314,4.0,0.24,,8.0,7.805416666666666,0.0,0.735,,,M?,Unknown,False,unsched_macro
nvda_earnings,KXFED-27APR-T3.00,unscheduled_macro,macro_bucket,3,24,False,-0.008750000000000147,-0.04382822396918218,-0.012006861063465036,28.0,0.3333333333333333,,10.0,7.805416666666666,0.0,0.735,,,M?,Unknown,False,unsched_macro
nvda_earnings,KXFED-27APR-T3.00,unscheduled_macro,macro_bucket,5,24,False,0.02124999999999988,0.11032245585807632,0.029159519725557293,4.0,0.308,,10.0,7.805416666666666,0.0,0.735,,,M?,Unknown,False,unsched_macro
nvda_earnings,KXFED-27APR-T2.75,unscheduled_macro,macro_bucket,1,23,False,0.023260869565217557,0.13953071302503983,0.029946823397705227,4.0,0.22000000000000008,,86.0,15.109130434782609,0.0,0.785,,,M?,Unknown,False,unsched_macro
nvda_earnings,KXFED-27APR-T2.75,unscheduled_macro,macro_bucket,3,23,False,0.023260869565217557,0.13953071302503983,0.029946823397705227,4.0,0.35333333333333333,,88.0,15.109130434782609,-2.0,0.785,,,M?,Unknown,False,unsched_macro
nvda_earnings,KXFED-27APR-T2.75,unscheduled_macro,macro_bucket,5,23,False,0.02826086956521745,0.1710790707599652,0.036383991043940744,4.0,0.332,,88.0,15.109130434782609,-2.0,0.785,,,M?,Unknown,False,unsched_macro
nvda_earnings,KXFED-27APR-T2.50,unscheduled_macro,macro_bucket,1,24,False,-0.002083333333333326,-0.013072081567352845,-0.002597402597402588,4.0,0.22000000000000008,,79.0,2.7083333333333335,0.0,0.785,,,M?,Unknown,False,unsched_macro
nvda_earnings,KXFED-27APR-T2.50,unscheduled_macro,macro_bucket,3,24,False,0.02791666666666659,0.18626082105313801,0.03480519480519471,52.0,0.2866666666666667,,79.0,2.7083333333333335,0.0,0.785,,,M?,Unknown,False,unsched_macro
nvda_earnings,KXFED-27APR-T2.50,unscheduled_macro,macro_bucket,5,24,False,0.02791666666666659,0.18626082105313801,0.03480519480519471,52.0,0.274,,85.0,2.7083333333333335,0.0,0.785,,,M?,Unknown,False,unsched_macro
nvda_earnings,KXFED-27APR-T2.25,unscheduled_macro,macro_bucket,1,25,False,0.03499999999999992,0.20953151293028194,0.04545454545454535,4.0,0.21000000000000008,,40.0,3.64,0.0,0.6950000000000001,,,M?,Unknown,False,unsched_macro
nvda_earnings,KXFED-27APR-T2.25,unscheduled_macro,macro_bucket,3,25,False,0.040000000000000036,0.24169896958146442,0.05194805194805199,4.0,0.30333333333333334,,46.0,3.64,0.0,0.6950000000000001,,,M?,Unknown,False,unsched_macro
nvda_earnings,KXFED-27APR-T2.25,unscheduled_macro,macro_bucket,5,25,False,0.020000000000000018,0.11661420881906448,0.025974025974025997,4.0,0.302,,46.0,3.64,0.0,0.6950000000000001,,,M?,Unknown,False,unsched_macro
nvda_earnings,KXFED-27APR-T2.00,unscheduled_macro,macro_bucket,1,25,False,0.019999999999999907,0.12750015264661352,0.025157232704402396,4.0,0.21000000000000008,,0.0,7.521599999999999,0.0,0.7949999999999999,,,M?,Unknown,False,unsched_macro
nvda_earnings,KXFED-27APR-T2.00,unscheduled_macro,macro_bucket,3,25,False,-0.025000000000000022,-0.1470209295913898,-0.03144654088050317,52.0,0.32666666666666666,,12.0,7.521599999999999,0.0,0.7949999999999999,,,M?,Unknown,False,unsched_macro
nvda_earnings,KXFED-27APR-T2.00,unscheduled_macro,macro_bucket,5,25,False,0.039999999999999925,0.26615411543435075,0.05031446540880494,76.0,0.31399999999999995,,12.0,7.521599999999999,0.0,0.7949999999999999,,,M?,Unknown,False,unsched_macro
nvda_earnings,KXFED-27APR-T1.75,unscheduled_macro,macro_bucket,1,25,False,0.0020000000000000018,0.013209795469314,0.0024600246002460047,4.0,0.21000000000000008,,0.0,7.1732,0.0,0.8,,,M?,Unknown,False,unsched_macro
nvda_earnings,KXFED-27APR-T1.75,unscheduled_macro,macro_bucket,3,25,False,0.01200000000000001,0.08097491971794302,0.014760147601476028,28.0,0.25333333333333335,,0.0,7.1732,0.0,0.8,,,M?,Unknown,False,unsched_macro
nvda_earnings,KXFED-27APR-T1.75,unscheduled_macro,macro_bucket,5,25,False,0.07200000000000006,0.571033023951456,0.08856088560885618,100.0,0.22800000000000004,,7.0,7.1732,4.0,0.8,,,M?,Unknown,False,unsched_macro
nvda_earnings,KXFED-27APR-T1.50,unscheduled_macro,macro_bucket,1,24,False,-0.01791666666666658,-0.12646055678611678,-0.02138239681750363,4.0,0.22000000000000008,,0.0,13.837916666666667,0.0,0.8049999999999999,,,M?,Unknown,False,unsched_macro
nvda_earnings,KXFED-27APR-T1.50,unscheduled_macro,macro_bucket,3,24,False,-0.022916666666666696,-0.15997575799166808,-0.02734957732471411,4.0,0.25999999999999995,,0.0,13.837916666666667,0.0,0.8049999999999999,,,M?,Unknown,False,unsched_macro
nvda_earnings,KXFED-27APR-T1.50,unscheduled_macro,macro_bucket,5,24,False,-0.022916666666666696,-0.15997575799166808,-0.02734957732471411,4.0,0.26399999999999996,,0.0,13.837916666666667,0.0,0.8049999999999999,,,M?,Unknown,False,unsched_macro
nvda_earnings,KXFED-27APR-T1.25,unscheduled_macro,macro_bucket,1,24,False,-0.011041666666666727,-0.07846870943834716,-0.013207076999750883,4.0,0.22999999999999998,,0.0,119.06833333333333,0.0,0.8200000000000001,,,M?,Unknown,False,unsched_macro
nvda_earnings,KXFED-27APR-T1.25,unscheduled_macro,macro_bucket,3,24,False,0.013958333333333295,0.10553493353859267,0.016695738848741544,28.0,0.20999999999999996,,10.0,119.06833333333333,0.0,0.8200000000000001,,,M?,Unknown,False,unsched_macro
nvda_earnings,KXFED-27APR-T1.25,unscheduled_macro,macro_bucket,5,24,False,-0.006041666666666612,-0.043438858109131395,-0.007226513830052264,4.0,0.19399999999999998,,10.0,119.06833333333333,0.0,0.8200000000000001,,,M?,Unknown,False,unsched_macro
nvda_earnings,KXFED-27APR-T1.00,unscheduled_macro,macro_bucket,1,23,False,0.01630434782608703,0.21449380973472776,0.017942583732057496,4.0,0.04999999999999993,,0.0,41.16608695652174,0.0,0.915,,,M?,Unknown,True,unsched_macro
nvda_earnings,KXFED-27APR-T1.00,unscheduled_macro,macro_bucket,3,23,False,0.00630434782608702,0.07846099454381772,0.006937799043062271,4.0,0.06999999999999995,,0.0,41.16608695652174,0.0,0.915,,,M?,Unknown,True,unsched_macro
nvda_earnings,KXFED-27APR-T1.00,unscheduled_macro,macro_bucket,5,23,False,0.00630434782608702,0.07846099454381772,0.006937799043062271,4.0,0.06999999999999995,,0.0,41.16608695652174,0.0,0.915,,,M?,Unknown,True,unsched_macro
nvda_earnings,KXFED-27APR-T0.75,unscheduled_macro,macro_bucket,1,23,False,0.06586956521739129,0.7042192614606311,0.07667004048582994,4.0,0.029999999999999916,,292.0,4.3478260869565215,0.0,0.9,,,M?,Unknown,True,unsched_macro
nvda_earnings,KXFED-27APR-T0.75,unscheduled_macro,macro_bucket,3,23,False,0.010869565217391242,0.0928723986775628,0.012651821862348105,4.0,0.15666666666666662,,292.0,4.3478260869565215,0.0,0.9,,,M?,Unknown,False,unsched_macro
nvda_earnings,KXFED-27APR-T0.75,unscheduled_macro,macro_bucket,5,23,False,0.04586956521739127,0.4459716895839012,0.053390688259109274,4.0,0.15999999999999998,,300.0,4.3478260869565215,0.0,0.9,,,M?,Unknown,False,unsched_macro
nvda_earnings,KXFED-27APR-T0.50,unscheduled_macro,macro_bucket,1,22,False,0.042954545454545245,0.8463114238090612,0.046586147399556084,4.0,0.010000000000000009,,49.13,1.9545454545454546,0.0,0.92,,,M?,Unknown,True,unsched_macro
nvda_earnings,KXFED-27APR-T0.50,unscheduled_macro,macro_bucket,3,22,False,-0.03204545454545482,-0.37972751910674196,-0.03475474488538358,52.0,0.09666666666666668,,49.13,1.9545454545454546,0.0,0.92,,,M?,Unknown,False,unsched_macro
nvda_earnings,KXFED-27APR-T0.50,unscheduled_macro,macro_bucket,5,22,False,-0.022045454545454812,-0.2732440387042918,-0.02390929258072496,28.0,0.10600000000000001,,49.13,1.9545454545454546,0.0,0.92,,,M?,Unknown,False,unsched_macro
nvda_earnings,KXFED-27APR-T0.25,unscheduled_macro,macro_bucket,1,20,False,0.019999999999999907,0.47292829758829846,0.021164021164021062,4.0,0.010000000000000009,,435.01,4.1,0.0,0.91,,,M?,Unknown,True,unsched_macro
nvda_earnings,KXFED-27APR-T0.25,unscheduled_macro,macro_bucket,3,20,False,0.004999999999999893,0.10058723690516658,0.005291005291005178,4.0,0.08666666666666667,,435.01,4.1,0.0,0.91,,,M?,Unknown,False,unsched_macro
nvda_earnings,KXFED-27APR-T0.25,unscheduled_macro,macro_bucket,5,20,False,0.004999999999999893,0.10058723690516658,0.005291005291005178,4.0,0.08666666666666667,,435.01,4.1,0.0,0.91,,,M?,Unknown,False,unsched_macro
nvda_earnings,KXFED-27APR-T0.00,unscheduled_macro,macro_bucket,1,23,False,0.04717391304347829,0.8294135769703215,0.05167897118361518,4.0,0.020000000000000018,,0.0,0.0,0.0,0.9099999999999999,,,M?,Unknown,True,unsched_macro
nvda_earnings,KXFED-27APR-T0.00,unscheduled_macro,macro_bucket,3,23,False,0.01717391304347826,0.2380490907203181,0.018814003334127177,4.0,0.13333333333333333,,0.0,0.0,0.0,0.9099999999999999,,,M?,Unknown,False,unsched_macro
nvda_earnings,KXFED-27APR-T0.00,unscheduled_macro,macro_bucket,5,23,False,0.01717391304347826,0.2380490907203181,0.018814003334127177,4.0,0.13333333333333333,,0.0,0.0,0.0,0.9099999999999999,,,M?,Unknown,False,unsched_macro
nvda_earnings,KXFED-27MAR-T4.25,unscheduled_macro,macro_bucket,1,22,False,-0.015909090909090914,-0.2220489693849328,-0.18518518518518523,4.0,0.039999999999999994,,0.0,3.467826086956521,0.0,0.060000000000000005,,,M?,Unknown,True,unsched_macro
nvda_earnings,KXFED-27MAR-T4.25,unscheduled_macro,macro_bucket,3,22,False,-0.015909090909090914,-0.2220489693849328,-0.18518518518518523,4.0,0.039999999999999994,,0.0,3.467826086956521,0.0,0.060000000000000005,,,M?,Unknown,True,unsched_macro
nvda_earnings,KXFED-27MAR-T4.25,unscheduled_macro,macro_bucket,5,22,False,-0.035909090909090925,-0.5797986044534311,-0.41798941798941813,100.0,0.049999999999999996,,0.0,3.467826086956521,0.0,0.060000000000000005,,,M?,Unknown,True,unsched_macro
nvda_earnings,KXFED-27MAR-T4.00,unscheduled_macro,macro_bucket,1,24,False,-0.009166666666666656,-0.04058998749271592,-0.02625298329355606,4.0,0.32,,0.0,7.75,0.0,0.35,,,M?,Unknown,False,unsched_macro
nvda_earnings,KXFED-27MAR-T4.00,unscheduled_macro,macro_bucket,3,24,False,0.010833333333333417,0.04734008501398679,0.031026252983293798,52.0,0.33,,0.0,7.75,0.0,0.35,,,M?,Unknown,False,unsched_macro
nvda_earnings,KXFED-27MAR-T4.00,unscheduled_macro,macro_bucket,5,24,False,0.03083333333333338,0.1331560045988427,0.08830548926014334,100.0,0.30799999999999994,,2.0,7.75,2.0,0.35,,,M?,Unknown,False,unsched_macro
nvda_earnings,KXFED-27MAR-T3.25,unscheduled_macro,macro_bucket,1,24,False,0.06687500000000002,0.3598657513086684,0.09312445604873805,4.0,0.27,,0.0,0.8166666666666668,0.0,0.78,,,M?,Unknown,False,unsched_macro
nvda_earnings,KXFED-27MAR-T3.25,unscheduled_macro,macro_bucket,3,24,False,0.09187500000000004,0.5148302371599213,0.12793733681462147,4.0,0.36999999999999994,,0.0,0.8166666666666668,0.0,0.78,,,M?,Unknown,False,unsched_macro
nvda_earnings,KXFED-27MAR-T3.25,unscheduled_macro,macro_bucket,5,24,False,0.10687499999999994,0.6154174740650892,0.14882506527415135,4.0,0.308,,0.0,0.8166666666666668,0.0,0.78,,,M?,Unknown,False,unsched_macro
nvda_earnings,KXFED-27MAR-T2.25,unscheduled_macro,macro_bucket,1,24,False,-0.003958333333333397,-0.04931837902455127,-0.004330977889218214,4.0,0.09999999999999998,,0.0,1.5675,0.0,0.9099999999999999,,,M?,Unknown,False,unsched_macro
nvda_earnings,KXFED-27MAR-T2.25,unscheduled_macro,macro_bucket,3,24,False,-0.003958333333333397,-0.04931837902455127,-0.004330977889218214,4.0,0.09999999999999998,,0.0,1.5675,0.0,0.9099999999999999,,,M?,Unknown,False,unsched_macro
nvda_earnings,KXFED-27MAR-T2.25,unscheduled_macro,macro_bucket,5,24,False,-0.003958333333333397,-0.04931837902455127,-0.004330977889218214,4.0,0.09599999999999997,,0.0,1.5675,0.0,0.9099999999999999,,,M?,Unknown,False,unsched_macro
nvda_earnings,KXFED-27MAR-T1.75,unscheduled_macro,macro_bucket,3,21,False,0.0014285714285714457,0.027155290205968186,0.001514004542013644,28.0,0.029999999999999916,,0.0,1.613333333333333,0.0,0.9450000000000001,,,M?,Unknown,True,unsched_macro
nvda_earnings,KXFED-27MAR-T1.75,unscheduled_macro,macro_bucket,5,21,False,0.0014285714285714457,0.027155290205968186,0.001514004542013644,28.0,0.029999999999999916,,0.0,1.613333333333333,0.0,0.9450000000000001,,,M?,Unknown,True,unsched_macro
nvda_earnings,KXFED-27MAR-T1.50,unscheduled_macro,macro_bucket,3,20,False,-0.005249999999999977,-0.08981734714577527,-0.005583621377293248,28.0,0.029999999999999916,,0.0,0.15,0.0,0.935,,,M?,Unknown,True,unsched_macro
nvda_earnings,KXFED-27MAR-T1.50,unscheduled_macro,macro_bucket,5,20,False,0.004750000000000032,0.08787513572244654,0.005051847912789185,100.0,0.027499999999999913,,8.28,0.15,3.3100000000000023,0.935,,,M?,Unknown,True,unsched_macro
nvda_earnings,KXFED-27MAR-T1.25,unscheduled_macro,macro_bucket,3,22,False,0.00022727272727240955,0.004364246349176426,0.00024055809477955295,28.0,0.029999999999999916,,0.0,0.0,0.0,0.94,,,M?,Unknown,True,unsched_macro
nvda_earnings,KXFED-27MAR-T1.25,unscheduled_macro,macro_bucket,5,22,False,0.00022727272727240955,0.004364246349176426,0.00024055809477955295,28.0,0.029999999999999916,,0.0,0.0,0.0,0.94,,,M?,Unknown,True,unsched_macro
nvda_earnings,KXFED-27MAR-T1.00,unscheduled_macro,macro_bucket,3,22,False,-0.006363636363635905,-0.14280840322331256,-0.006653992395436787,28.0,0.020000000000000018,,0.0,0.0,0.0,0.955,,,M?,Unknown,True,unsched_macro
nvda_earnings,KXFED-27MAR-T1.00,unscheduled_macro,macro_bucket,5,22,False,-0.006363636363635905,-0.14280840322331256,-0.006653992395436787,28.0,0.020000000000000018,,0.0,0.0,0.0,0.955,,,M?,Unknown,True,unsched_macro
nvda_earnings,KXFED-27MAR-T0.75,unscheduled_macro,macro_bucket,3,19,False,-0.007368421052631358,-0.16715404467923767,-0.007696536558548424,28.0,0.020000000000000018,,0.0,0.0,0.0,0.955,,,M?,Unknown,True,unsched_macro
nvda_earnings,KXFED-27MAR-T0.75,unscheduled_macro,macro_bucket,5,19,False,-0.007368421052631358,-0.16715404467923767,-0.007696536558548424,28.0,0.020000000000000018,,0.0,0.0,0.0,0.955,,,M?,Unknown,True,unsched_macro
nvda_earnings,KXFED-27MAR-T0.50,unscheduled_macro,macro_bucket,3,18,False,0.0002777777777778212,0.0072098365667510045,0.00028943560057891646,28.0,0.020000000000000018,,0.0,0.1111111111111111,0.0,0.955,,,M?,Unknown,True,unsched_macro
nvda_earnings,KXFED-27MAR-T0.50,unscheduled_macro,macro_bucket,5,18,False,0.0002777777777778212,0.0072098365667510045,0.00028943560057891646,28.0,0.020000000000000018,,0.0,0.1111111111111111,0.0,0.955,,,M?,Unknown,True,unsched_macro
nvda_earnings,KXFED-27MAR-T0.25,unscheduled_macro,macro_bucket,3,19,False,-0.0028947368421052833,-0.0893233205814381,-0.0029907558455682646,28.0,0.050000000000000044,,0.0,0.0,0.0,0.965,,,M?,Unknown,True,unsched_macro
nvda_earnings,KXFED-27MAR-T0.25,unscheduled_macro,macro_bucket,5,19,False,0.007105263157894726,0.25745828569863605,0.007340946166394768,76.0,0.050000000000000044,,0.0,0.0,0.0,0.965,,,M?,Unknown,True,unsched_macro
nvda_earnings,KXFED-27MAR-T0.00,unscheduled_macro,macro_bucket,3,19,False,0.0060526315789473095,0.2230349088022856,0.006246605105920634,28.0,0.050000000000000044,,0.0,0.0,0.0,0.965,,,M?,Unknown,True,unsched_macro
nvda_earnings,KXFED-27MAR-T0.00,unscheduled_macro,macro_bucket,5,19,False,0.0060526315789473095,0.2230349088022856,0.006246605105920634,28.0,0.050000000000000044,,0.0,0.0,0.0,0.965,,,M?,Unknown,True,unsched_macro
nvda_earnings,KXFED-27JAN-T4.25,unscheduled_macro,macro_bucket,1,21,False,-0.0030952380952380953,-0.03548794714294301,-0.03155339805825243,4.0,0.04999999999999999,,0.0,2.0838095238095242,0.0,0.095,,,M?,Unknown,True,unsched_macro
nvda_earnings,KXFED-27JAN-T4.25,unscheduled_macro,macro_bucket,3,21,False,0.026904761904761904,0.2726599559011289,0.27427184466019416,52.0,0.07666666666666666,,0.0,2.0838095238095242,0.0,0.095,,,M?,Unknown,True,unsched_macro
nvda_earnings,KXFED-27JAN-T4.25,unscheduled_macro,macro_bucket,5,21,False,0.026904761904761904,0.2726599559011289,0.27427184466019416,52.0,0.08499999999999999,,0.0,2.0838095238095242,0.0,0.095,,,M?,Unknown,False,unsched_macro
nvda_earnings,KXFED-27JAN-T4.00,unscheduled_macro,macro_bucket,1,25,False,0.04980000000000001,0.2448100132078358,0.19139123750960804,4.0,0.31999999999999995,,0.0,2.24,0.0,0.305,,,M?,Unknown,False,unsched_macro
nvda_earnings,KXFED-27JAN-T4.00,unscheduled_macro,macro_bucket,3,25,False,0.04980000000000001,0.2448100132078358,0.19139123750960804,4.0,0.31999999999999995,,0.0,2.24,0.0,0.305,,,M?,Unknown,False,unsched_macro
nvda_earnings,KXFED-27JAN-T4.00,unscheduled_macro,macro_bucket,5,25,False,0.04980000000000001,0.2448100132078358,0.19139123750960804,4.0,0.30799999999999994,,2.0,2.24,2.0,0.305,,,M?,Unknown,False,unsched_macro
nvda_earnings,KXFED-27JAN-T3.75,unscheduled_macro,macro_bucket,1,24,False,-0.01708333333333334,-0.0686117144976351,-0.035807860262008745,4.0,0.3,,0.0,2.25375,0.0,0.475,,,M?,Unknown,False,unsched_macro
nvda_earnings,KXFED-27JAN-T3.75,unscheduled_macro,macro_bucket,3,24,False,-0.03208333333333335,-0.12916289600265013,-0.06724890829694327,4.0,0.27999999999999997,,0.0,2.25375,0.0,0.475,,,M?,Unknown,False,unsched_macro
nvda_earnings,KXFED-27JAN-T3.75,unscheduled_macro,macro_bucket,5,24,False,-0.002083333333333326,-0.008352522979438254,-0.004366812227074221,4.0,0.25999999999999995,,0.0,2.25375,0.0,0.475,,,M?,Unknown,False,unsched_macro
nvda_earnings,KXFED-27JAN-T3.50,unscheduled_macro,macro_bucket,3,24,False,0.03541666666666665,0.1787594033189689,0.049911920140927754,28.0,0.27,,0.0,5.954583333333333,0.0,0.735,,,M?,Unknown,False,unsched_macro
nvda_earnings,KXFED-27JAN-T3.50,unscheduled_macro,macro_bucket,5,24,False,0.015416666666666634,0.07603928728593912,0.021726365237815574,28.0,0.25666666666666665,,0.0,5.954583333333333,0.0,0.735,,,M?,Unknown,False,unsched_macro
nvda_earnings,KXFED-27JAN-T3.25,unscheduled_macro,macro_bucket,1,25,False,0.020600000000000063,0.11999903226036279,0.026774109695866993,4.0,0.24,,0.0,8.1872,0.0,0.755,,,M?,Unknown,False,unsched_macro
nvda_earnings,KXFED-27JAN-T3.25,unscheduled_macro,macro_bucket,3,25,False,0.015600000000000058,0.09011930717150984,0.020275539381336184,4.0,0.23666666666666666,,1.0,8.1872,0.0,0.755,,,M?,Unknown,False,unsched_macro
nvda_earnings,KXFED-27JAN-T3.25,unscheduled_macro,macro_bucket,5,25,False,-0.0044000000000000705,-0.024636062800859504,-0.005718741876787199,100.0,0.20999999999999996,,1.0,8.1872,0.0,0.755,,,M?,Unknown,False,unsched_macro
nvda_earnings,KXFED-27JAN-T3.00,unscheduled_macro,macro_bucket,1,24,False,0.005416666666666736,0.05417314141785212,0.006123410268488069,4.0,0.09999999999999998,,0.0,2.722916666666667,0.0,0.895,,,M?,Unknown,False,unsched_macro
nvda_earnings,KXFED-27JAN-T3.00,unscheduled_macro,macro_bucket,3,24,False,0.005416666666666736,0.05417314141785212,0.006123410268488069,4.0,0.09999999999999998,,0.0,2.722916666666667,0.0,0.895,,,M?,Unknown,False,unsched_macro
nvda_earnings,KXFED-27JAN-T3.00,unscheduled_macro,macro_bucket,5,24,False,0.005416666666666736,0.05417314141785212,0.006123410268488069,4.0,0.09999999999999998,,0.0,2.722916666666667,0.0,0.895,,,M?,Unknown,False,unsched_macro
nvda_earnings,KXFED-27JAN-T2.75,unscheduled_macro,macro_bucket,1,24,False,0.009791666666666754,0.10015923715543584,0.011061426217933731,4.0,0.08999999999999997,,0.0,5.304166666666666,0.0,0.905,,,M?,Unknown,False,unsched_macro
nvda_earnings,KXFED-27JAN-T2.75,unscheduled_macro,macro_bucket,3,24,False,0.009791666666666754,0.10015923715543584,0.011061426217933731,4.0,0.08999999999999997,,0.0,5.304166666666666,0.0,0.905,,,M?,Unknown,False,unsched_macro
nvda_earnings,KXFED-27JAN-T2.75,unscheduled_macro,macro_bucket,5,24,False,0.009791666666666754,0.10015923715543584,0.011061426217933731,4.0,0.08999999999999997,,0.0,5.304166666666666,0.0,0.905,,,M?,Unknown,False,unsched_macro
nvda_earnings,KXFED-27JAN-T2.50,unscheduled_macro,macro_bucket,3,24,False,-0.0047916666666667496,-0.06324696996507262,-0.005209513023782649,28.0,0.04999999999999993,,0.0,8.541666666666666,0.0,0.91,,,M?,Unknown,True,unsched_macro
nvda_earnings,KXFED-27JAN-T2.50,unscheduled_macro,macro_bucket,5,24,False,-0.0047916666666667496,-0.06324696996507262,-0.005209513023782649,28.0,0.04999999999999993,,0.0,8.541666666666666,0.0,0.91,,,M?,Unknown,True,unsched_macro
nvda_earnings,KXFED-27JAN-T2.25,unscheduled_macro,macro_bucket,3,22,False,0.0061363636363634955,0.08529913611498108,0.006678209250556363,28.0,0.029999999999999916,,0.0,4.2272727272727275,0.0,0.925,,,M?,Unknown,True,unsched_macro
nvda_earnings,KXFED-27JAN-T2.25,unscheduled_macro,macro_bucket,5,22,False,0.0061363636363634955,0.08529913611498108,0.006678209250556363,28.0,0.029999999999999916,,2.0,4.2272727272727275,0.0,0.925,,,M?,Unknown,True,unsched_macro
nvda_earnings,KXFED-27JAN-T1.50,unscheduled_macro,macro_bucket,1,21,False,-0.00595238095238082,-0.10238905330972381,-0.006325910931173949,4.0,0.04999999999999993,,0.0,8.142857142857142,0.0,0.9450000000000001,,,M?,Unknown,True,unsched_macro
nvda_earnings,KXFED-27JAN-T1.50,unscheduled_macro,macro_bucket,3,21,False,-0.00595238095238082,-0.10238905330972381,-0.006325910931173949,4.0,0.04999999999999993,,0.0,8.142857142857142,0.0,0.9450000000000001,,,M?,Unknown,True,unsched_macro
nvda_earnings,KXFED-27JAN-T1.50,unscheduled_macro,macro_bucket,5,21,False,-0.00595238095238082,-0.10238905330972381,-0.006325910931173949,4.0,0.04999999999999993,,0.0,8.142857142857142,0.0,0.9450000000000001,,,M?,Unknown,True,unsched_macro
nvda_earnings,KXFED-27JAN-T1.25,unscheduled_macro,macro_bucket,3,23,False,-0.003260869565217428,-0.06456353082882904,-0.0034387895460798183,28.0,0.04999999999999993,,0.0,6.809565217391304,0.0,0.9450000000000001,,,M?,Unknown,True,unsched_macro
nvda_earnings,KXFED-27JAN-T1.25,unscheduled_macro,macro_bucket,5,23,False,-0.003260869565217428,-0.06456353082882904,-0.0034387895460798183,28.0,0.04499999999999993,,0.0,6.809565217391304,0.0,0.9450000000000001,,,M?,Unknown,True,unsched_macro
nvda_earnings,KXFED-27JAN-T1.00,unscheduled_macro,macro_bucket,3,21,False,-0.004761904761904967,-0.0877447836965084,-0.005040322580645378,28.0,0.039999999999999925,,0.0,4.451428571428572,0.0,0.9450000000000001,,,M?,Unknown,True,unsched_macro
nvda_earnings,KXFED-27JAN-T1.00,unscheduled_macro,macro_bucket,5,21,False,-0.004761904761904967,-0.0877447836965084,-0.005040322580645378,28.0,0.039999999999999925,,0.0,4.451428571428572,0.0,0.9450000000000001,,,M?,Unknown,True,unsched_macro
nvda_earnings,KXFED-27JAN-T0.75,unscheduled_macro,macro_bucket,1,22,False,-0.007727272727272805,-0.14605669282770428,-0.008153477218225501,4.0,0.019999999999999907,,0.0,4.818181818181818,0.0,0.94,,,M?,Unknown,True,unsched_macro
nvda_earnings,KXFED-27JAN-T0.75,unscheduled_macro,macro_bucket,3,22,False,-0.007727272727272805,-0.14605669282770428,-0.008153477218225501,4.0,0.01666666666666657,,0.0,4.818181818181818,0.0,0.94,,,M?,Unknown,True,unsched_macro
nvda_earnings,KXFED-27JAN-T0.75,unscheduled_macro,macro_bucket,5,22,False,-0.007727272727272805,-0.14605669282770428,-0.008153477218225501,4.0,0.017999999999999905,,0.0,4.818181818181818,0.0,0.94,,,M?,Unknown,True,unsched_macro
nvda_earnings,KXFED-27JAN-T0.50,unscheduled_macro,macro_bucket,1,23,False,0.005652173913043623,0.11306556203223384,0.005985267034990947,4.0,0.020000000000000018,,0.0,19.956521739130434,0.0,0.95,,,M?,Unknown,True,unsched_macro
nvda_earnings,KXFED-27JAN-T0.50,unscheduled_macro,macro_bucket,3,23,False,0.005652173913043623,0.11306556203223384,0.005985267034990947,4.0,0.023333333333333317,,0.0,19.956521739130434,0.0,0.95,,,M?,Unknown,True,unsched_macro
nvda_earnings,KXFED-27JAN-T0.50,unscheduled_macro,macro_bucket,5,23,False,0.0006521739130437298,0.012478325127067258,0.0006906077348068964,4.0,0.023999999999999976,,0.0,19.956521739130434,0.0,0.95,,,M?,Unknown,True,unsched_macro
nvda_earnings,KXFED-27JAN-T0.25,unscheduled_macro,macro_bucket,3,23,False,-0.0019565217391304124,-0.038289516498377196,-0.002066115702479315,28.0,0.06999999999999995,,0.0,4.739130434782608,0.0,0.9450000000000001,,,M?,Unknown,True,unsched_macro
nvda_earnings,KXFED-27JAN-T0.25,unscheduled_macro,macro_bucket,5,23,False,-0.0019565217391304124,-0.038289516498377196,-0.002066115702479315,28.0,0.06999999999999995,,0.0,4.739130434782608,0.0,0.9450000000000001,,,M?,Unknown,True,unsched_macro
nvda_earnings,KXFED-27JAN-T0.00,unscheduled_macro,macro_bucket,3,18,False,0.0008333333333333526,0.03364488914272501,0.0008554319931565639,28.0,0.010000000000000009,,0.0,0.6266666666666666,0.0,0.975,,,M?,Unknown,True,unsched_macro
nvda_earnings,KXFED-27JAN-T0.00,unscheduled_macro,macro_bucket,5,18,False,0.0008333333333333526,0.03364488914272501,0.0008554319931565639,28.0,0.010000000000000009,,0.0,0.6266666666666666,0.0,0.975,,,M?,Unknown,True,unsched_macro
nvda_earnings,KXFED-26DEC-T5.00,unscheduled_macro,macro_bucket,1,15,False,,,,,0.01,,0.0,25.412727272727274,0.0,,,,M?,Unknown,True,unsched_macro
nvda_earnings,KXFED-26DEC-T5.00,unscheduled_macro,macro_bucket,3,15,False,,,,,0.01,,0.0,25.412727272727274,0.0,,,,M?,Unknown,True,unsched_macro
nvda_earnings,KXFED-26DEC-T5.00,unscheduled_macro,macro_bucket,5,15,False,,,,,0.01,,0.0,25.412727272727274,0.0,,,,M?,Unknown,True,unsched_macro
nvda_earnings,KXFED-26DEC-T4.75,unscheduled_macro,macro_bucket,1,22,False,,,,,0.01,,0.0,56.958181818181814,0.0,,,,M?,Unknown,True,unsched_macro
nvda_earnings,KXFED-26DEC-T4.75,unscheduled_macro,macro_bucket,3,22,False,,,,,0.01,,0.0,56.958181818181814,0.0,,,,M?,Unknown,True,unsched_macro
nvda_earnings,KXFED-26DEC-T4.75,unscheduled_macro,macro_bucket,5,22,False,,,,,0.014000000000000002,,0.0,56.958181818181814,0.0,,,,M?,Unknown,True,unsched_macro
nvda_earnings,KXFED-26DEC-T3.75,unscheduled_macro,macro_bucket,1,25,False,-0.08319999999999994,-0.3416857770977183,-0.1345842769330313,4.0,0.010000000000000009,,3.0,253.92679999999996,0.0,0.535,,,M?,Unknown,True,unsched_macro
nvda_earnings,KXFED-26DEC-T3.75,unscheduled_macro,macro_bucket,3,25,False,-0.08819999999999995,-0.36177080656430516,-0.14267227434487212,4.0,0.013333333333333345,,45.69,253.92679999999996,31.68999999999869,0.535,,,M?,Unknown,True,unsched_macro
nvda_earnings,KXFED-26DEC-T3.75,unscheduled_macro,macro_bucket,5,25,False,0.05680000000000007,0.24897239013642403,0.09187965059851193,76.0,0.021999999999999974,,1369.05,253.92679999999996,-165.8199999999997,0.535,,,M?,Unknown,True,unsched_macro
nvda_earnings,KXFED-26DEC-T3.50,unscheduled_macro,macro_bucket,1,25,False,-0.009599999999999942,-0.07323916236840211,-0.01129943502824852,4.0,0.020000000000000018,,0.0,117.0392,0.0,0.84,,,M?,Unknown,True,unsched_macro
nvda_earnings,KXFED-26DEC-T3.50,unscheduled_macro,macro_bucket,3,25,False,0.005400000000000071,0.04290048754425135,0.006355932203389915,52.0,0.020000000000000018,,131.08,117.0392,68.07999999999993,0.84,,,M?,Unknown,True,unsched_macro
nvda_earnings,KXFED-26DEC-T3.50,unscheduled_macro,macro_bucket,5,25,False,0.07540000000000013,0.7808383850041809,0.08874764595103594,76.0,0.019999999999999997,,5110.3,117.0392,3223.629999999999,0.84,,,M?,Unknown,True,unsched_macro
nvda_earnings,KXFED-26DEC-T3.25,unscheduled_macro,macro_bucket,1,23,False,0.007173913043478031,0.2596652074983181,0.007412398921832645,4.0,0.010000000000000009,,0.0,9.802173913043477,0.0,0.975,,,M?,Unknown,True,unsched_macro
nvda_earnings,KXFED-26DEC-T3.25,unscheduled_macro,macro_bucket,3,23,False,0.007173913043478031,0.2596652074983181,0.007412398921832645,4.0,0.010000000000000009,,0.0,9.802173913043477,0.0,0.975,,,M?,Unknown,True,unsched_macro
nvda_earnings,KXFED-26DEC-T3.25,unscheduled_macro,macro_bucket,5,23,False,0.007173913043478031,0.2596652074983181,0.007412398921832645,4.0,0.010000000000000009,,684.0,9.802173913043477,17.0,0.975,,,M?,Unknown,True,unsched_macro
nvda_earnings,KXFED-26DEC-T3.00,unscheduled_macro,macro_bucket,1,22,False,0.004999999999999893,0.29277114195924625,0.005102040816326422,4.0,0.010000000000000009,,0.0,16.722272727272728,0.0,0.985,,,M?,Unknown,True,unsched_macro
nvda_earnings,KXFED-26DEC-T3.00,unscheduled_macro,macro_bucket,3,22,False,0.004999999999999893,0.29277114195924625,0.005102040816326422,4.0,0.010000000000000009,,0.0,16.722272727272728,0.0,0.985,,,M?,Unknown,True,unsched_macro
nvda_earnings,KXFED-26DEC-T3.00,unscheduled_macro,macro_bucket,5,22,False,0.004999999999999893,0.29277114195924625,0.005102040816326422,4.0,0.010000000000000009,,0.0,16.722272727272728,0.0,0.985,,,M?,Unknown,True,unsched_macro
nvda_earnings,KXFED-26DEC-T2.75,unscheduled_macro,macro_bucket,1,25,False,0.0040000000000000036,0.24045795967095573,0.004077471967380228,4.0,0.010000000000000009,,0.0,52.52,0.0,0.985,,,M?,Unknown,True,unsched_macro
nvda_earnings,KXFED-26DEC-T2.75,unscheduled_macro,macro_bucket,3,25,False,0.0040000000000000036,0.24045795967095573,0.004077471967380228,4.0,0.010000000000000009,,0.0,52.52,0.0,0.985,,,M?,Unknown,True,unsched_macro
nvda_earnings,KXFED-26DEC-T2.75,unscheduled_macro,macro_bucket,5,25,False,0.0040000000000000036,0.24045795967095573,0.004077471967380228,4.0,0.010000000000000009,,0.0,52.52,0.0,0.985,,,M?,Unknown,True,unsched_macro
nvda_earnings,KXFED-26OCT-T4.75,unscheduled_macro,macro_bucket,1,19,False,,,,,0.01,,0.0,21.868333333333336,0.0,,,,M?,Unknown,True,unsched_macro
nvda_earnings,KXFED-26OCT-T4.75,unscheduled_macro,macro_bucket,3,19,False,,,,,0.01,,0.0,21.868333333333336,0.0,,,,M?,Unknown,True,unsched_macro
nvda_earnings,KXFED-26OCT-T4.75,unscheduled_macro,macro_bucket,5,19,False,,,,,0.01,,0.0,21.868333333333336,0.0,,,,M?,Unknown,True,unsched_macro
nvda_earnings,KXFED-26OCT-T4.50,unscheduled_macro,macro_bucket,1,25,False,,,,,0.01,,0.0,24.88,0.0,,,,M?,Unknown,True,unsched_macro
nvda_earnings,KXFED-26OCT-T4.50,unscheduled_macro,macro_bucket,3,25,False,,,,,0.01,,0.0,24.88,0.0,,,,M?,Unknown,True,unsched_macro
nvda_earnings,KXFED-26OCT-T4.50,unscheduled_macro,macro_bucket,5,25,False,,,,,0.01,,0.0,24.88,0.0,,,,M?,Unknown,True,unsched_macro
nvda_earnings,KXFED-26OCT-T4.25,unscheduled_macro,macro_bucket,3,25,False,-0.031000000000000007,-1.4428008419554597,-0.7560975609756098,52.0,0.01,,1.0,75.45200000000001,1.0,,,,M?,Unknown,True,unsched_macro
nvda_earnings,KXFED-26OCT-T4.25,unscheduled_macro,macro_bucket,5,25,False,,,,,0.01,,1.0,75.45200000000001,1.0,,,,M?,Unknown,True,unsched_macro
nvda_earnings,KXFED-26OCT-T4.00,unscheduled_macro,macro_bucket,1,25,False,-0.05439999999999999,-0.6680349670298982,-0.45561139028475706,4.0,0.010000000000000009,,0.0,151.5944,0.0,0.065,,,M?,Unknown,True,unsched_macro
nvda_earnings,KXFED-26OCT-T4.00,unscheduled_macro,macro_bucket,3,25,False,-0.06939999999999999,-0.9463146868032883,-0.5812395309882746,4.0,0.013333333333333336,,236.0,151.5944,179.0,0.065,,,M?,Unknown,True,unsched_macro
nvda_earnings,KXFED-26OCT-T4.00,unscheduled_macro,macro_bucket,5,25,False,-0.05439999999999999,-0.6680349670298982,-0.45561139028475706,4.0,0.014000000000000002,,2378.0,151.5944,2237.0,0.065,,,M?,Unknown,True,unsched_macro
nvda_earnings,KXFED-26OCT-T3.75,unscheduled_macro,macro_bucket,1,25,False,-0.06419999999999992,-0.2576605460908085,-0.11584265608083712,4.0,0.020000000000000018,,0.0,172.32760000000002,0.0,0.49,,,M?,Unknown,True,unsched_macro
nvda_earnings,KXFED-26OCT-T3.75,unscheduled_macro,macro_bucket,3,25,False,-0.05919999999999992,-0.2376558781837788,-0.10682064236737628,4.0,0.013333333333333345,,59.87,172.32760000000002,-1.0,0.49,,,M?,Unknown,True,unsched_macro
nvda_earnings,KXFED-26OCT-T3.75,unscheduled_macro,macro_bucket,5,25,False,0.04580000000000006,0.18780989663105496,0.08264164561530146,100.0,0.015999999999999993,,1370.6,172.32760000000002,-1.6700000000000728,0.49,,,M?,Unknown,True,unsched_macro
nvda_earnings,KXFED-26OCT-T3.50,unscheduled_macro,macro_bucket,1,25,False,0.005600000000000271,0.08865018724137297,0.006025392726490502,4.0,0.009999999999999898,,0.0,91.5108,0.0,0.935,,,M?,Unknown,True,unsched_macro
nvda_earnings,KXFED-26OCT-T3.50,unscheduled_macro,macro_bucket,3,25,False,0.005600000000000271,0.08865018724137297,0.006025392726490502,4.0,0.009999999999999898,,4.0,91.5108,2.0,0.935,,,M?,Unknown,True,unsched_macro
nvda_earnings,KXFED-26OCT-T3.50,unscheduled_macro,macro_bucket,5,25,False,0.025600000000000178,0.4775397785587314,0.02754465246395544,76.0,0.009999999999999943,,3100.09,91.5108,2895.35,0.935,,,M?,Unknown,True,unsched_macro
nvda_earnings,KXFED-26OCT-T3.25,unscheduled_macro,macro_bucket,1,24,False,0.008958333333333401,0.4774023737606088,0.009178228388473923,4.0,0.010000000000000009,,0.0,9.866249999999999,0.0,0.985,,,M?,Unknown,True,unsched_macro
nvda_earnings,KXFED-26OCT-T3.25,unscheduled_macro,macro_bucket,3,24,False,0.008958333333333401,0.4774023737606088,0.009178228388473923,4.0,0.010000000000000009,,0.0,9.866249999999999,0.0,0.985,,,M?,Unknown,True,unsched_macro
nvda_earnings,KXFED-26OCT-T3.25,unscheduled_macro,macro_bucket,5,24,False,0.008958333333333401,0.4774023737606088,0.009178228388473923,4.0,0.010000000000000009,,9.0,9.866249999999999,0.0,0.985,,,M?,Unknown,True,unsched_macro
nvda_earnings,KXFED-26OCT-T2.75,unscheduled_macro,macro_bucket,1,25,False,0.0030000000000001137,0.18537188961158346,0.003054989816700727,4.0,0.010000000000000009,,0.0,17.7264,0.0,0.985,,,M?,Unknown,True,unsched_macro
nvda_earnings,KXFED-26OCT-T2.75,unscheduled_macro,macro_bucket,3,25,False,0.0030000000000001137,0.18537188961158346,0.003054989816700727,4.0,0.010000000000000009,,0.0,17.7264,0.0,0.985,,,M?,Unknown,True,unsched_macro
nvda_earnings,KXFED-26OCT-T2.75,unscheduled_macro,macro_bucket,5,25,False,0.0030000000000001137,0.18537188961158346,0.003054989816700727,4.0,0.010000000000000009,,0.0,17.7264,0.0,0.985,,,M?,Unknown,True,unsched_macro
nvda_earnings,KXFED-26SEP-T5.00,unscheduled_macro,macro_bucket,1,6,True,,,,,0.01,,0.0,4.8932,0.0,,,,M?,Unknown,True,unsched_macro
nvda_earnings,KXFED-26SEP-T5.00,unscheduled_macro,macro_bucket,3,6,True,,,,,0.01,,0.0,4.8932,0.0,,,,M?,Unknown,True,unsched_macro
nvda_earnings,KXFED-26SEP-T5.00,unscheduled_macro,macro_bucket,5,6,True,,,,,0.01,,0.0,4.8932,0.0,,,,M?,Unknown,True,unsched_macro
nvda_earnings,KXFED-26SEP-T4.75,unscheduled_macro,macro_bucket,1,5,True,,,,,0.01,,0.0,7.9025,0.0,,,,M?,Unknown,True,unsched_macro
nvda_earnings,KXFED-26SEP-T4.75,unscheduled_macro,macro_bucket,3,5,True,,,,,0.01,,0.0,7.9025,0.0,,,,M?,Unknown,True,unsched_macro
nvda_earnings,KXFED-26SEP-T4.75,unscheduled_macro,macro_bucket,5,5,True,,,,,0.01,,0.0,7.9025,0.0,,,,M?,Unknown,True,unsched_macro
nvda_earnings,KXFED-26SEP-T4.25,unscheduled_macro,macro_bucket,1,11,False,,,,,0.01,,0.0,513.8283333333334,0.0,0.01,,,M?,Unknown,True,unsched_macro
nvda_earnings,KXFED-26SEP-T4.25,unscheduled_macro,macro_bucket,3,11,False,-0.0018181818181818177,-0.1688923204749173,-0.1538461538461538,52.0,0.01,,33.33,513.8283333333334,33.32999999999993,0.01,,,M?,Unknown,True,unsched_macro
nvda_earnings,KXFED-26SEP-T4.25,unscheduled_macro,macro_bucket,5,11,False,-0.0018181818181818177,-0.1688923204749173,-0.1538461538461538,52.0,0.01,,2058.42,513.8283333333334,2058.42,0.01,,,M?,Unknown,True,unsched_macro
nvda_earnings,KXFED-26SEP-T4.00,unscheduled_macro,macro_bucket,1,23,False,-0.01565217391304348,-0.9579798202393826,-0.6101694915254237,4.0,0.01,,701.37,2821.4512,0.0,0.01,,,M?,Unknown,True,unsched_macro
nvda_earnings,KXFED-26SEP-T4.00,unscheduled_macro,macro_bucket,3,23,False,-0.01565217391304348,-0.9579798202393826,-0.6101694915254237,4.0,0.01,,4264.87,2821.4512,3563.5,0.01,,,M?,Unknown,True,unsched_macro
nvda_earnings,KXFED-26SEP-T4.00,unscheduled_macro,macro_bucket,5,23,False,-0.01565217391304348,-0.9579798202393826,-0.6101694915254237,4.0,0.012,,18619.05,2821.4512,11483.069999999992,0.01,,,M?,Unknown,True,unsched_macro
nvda_earnings,KXFED-26SEP-T3.75,unscheduled_macro,macro_bucket,1,25,False,-0.10200000000000004,-0.4282914116951263,-0.22818791946308734,4.0,0.009999999999999953,,46785.97,9478.8112,0.0,0.335,,,M?,Unknown,True,unsched_macro
nvda_earnings,KXFED-26SEP-T3.75,unscheduled_macro,macro_bucket,3,25,False,-0.14200000000000002,-0.6108006620486148,-0.31767337807606266,4.0,0.00999999999999999,,57694.92,9478.8112,1377.8299999999872,0.335,,,M?,Unknown,True,unsched_macro
nvda_earnings,KXFED-26SEP-T3.75,unscheduled_macro,macro_bucket,5,25,False,0.02799999999999997,0.11271594835178324,0.0626398210290827,76.0,0.009999999999999986,,112503.08999999998,9478.8112,34700.869999999995,0.335,,,M?,Unknown,True,unsched_macro
nvda_earnings,KXFED-26SEP-T3.50,unscheduled_macro,macro_bucket,1,22,False,0.0097727272727276,1.0932152054055093,0.009919261822376345,4.0,0.010000000000000009,,46.75,563.0027272727273,0.0,0.995,,,M?,Unknown,True,unsched_macro
nvda_earnings,KXFED-26SEP-T3.50,unscheduled_macro,macro_bucket,3,22,False,0.0097727272727276,1.0932152054055093,0.009919261822376345,4.0,0.010000000000000009,,981.94,563.0027272727273,748.1899999999987,0.995,,,M?,Unknown,True,unsched_macro
nvda_earnings,KXFED-26SEP-T3.50,unscheduled_macro,macro_bucket,5,22,False,0.0097727272727276,1.0932152054055093,0.009919261822376345,4.0,0.010000000000000009,,1127.0900000000001,563.0027272727273,893.3400000000001,0.995,,,M?,Unknown,True,unsched_macro
nvda_earnings,KXFED-26SEP-T3.25,unscheduled_macro,macro_bucket,5,19,False,0.0031578947368421373,0.4927270359425062,0.003183868400106161,76.0,0.010000000000000009,,2.0,71.16157894736841,0.0,0.995,,,M?,Unknown,True,unsched_macro
nvda_earnings,KXFED-26SEP-T3.00,unscheduled_macro,macro_bucket,1,24,False,0.0008333333333333526,0.15498855168189252,0.0008382229673093237,4.0,0.010000000000000009,,0.0,156.77708333333334,0.0,0.995,,,M?,Unknown,True,unsched_macro
nvda_earnings,KXFED-26SEP-T3.00,unscheduled_macro,macro_bucket,3,24,False,0.0008333333333333526,0.15498855168189252,0.0008382229673093237,4.0,0.010000000000000009,,0.0,156.77708333333334,0.0,0.995,,,M?,Unknown,True,unsched_macro
nvda_earnings,KXFED-26SEP-T3.00,unscheduled_macro,macro_bucket,5,24,False,0.0008333333333333526,0.15498855168189252,0.0008382229673093237,4.0,0.010000000000000009,,0.0,156.77708333333334,0.0,0.995,,,M?,Unknown,True,unsched_macro
nvda_earnings,KXFED-26SEP-T2.75,unscheduled_macro,macro_bucket,1,23,False,-2.220446049250313e-16,-4.440892098500626e-14,-2.231604069598304e-16,,0.010000000000000009,,0.0,0.08695652173913043,0.0,0.995,,,M?,Unknown,True,unsched_macro
nvda_earnings,KXFED-26SEP-T2.75,unscheduled_macro,macro_bucket,3,23,False,-2.220446049250313e-16,-4.440892098500626e-14,-2.231604069598304e-16,,0.010000000000000009,,0.0,0.08695652173913043,0.0,0.995,,,M?,Unknown,True,unsched_macro
nvda_earnings,KXFED-26SEP-T2.75,unscheduled_macro,macro_bucket,5,23,False,-2.220446049250313e-16,-4.440892098500626e-14,-2.231604069598304e-16,,0.010000000000000009,,10.35,0.08695652173913043,10.349999999999909,0.995,,,M?,Unknown,True,unsched_macro
nvda_earnings,KXCPI-26AUG-T1.0,unscheduled_macro,macro_bucket,1,9,False,,,,,0.06,,0.0,17.1995,0.0,0.04,,,M?,Unknown,True,unsched_macro
nvda_earnings,KXCPI-26AUG-T1.0,unscheduled_macro,macro_bucket,3,9,False,,,,,0.03666666666666667,,0.0,17.1995,0.0,0.04,,,M?,Unknown,True,unsched_macro
nvda_earnings,KXCPI-26AUG-T1.0,unscheduled_macro,macro_bucket,5,9,False,,,,,0.03,,14.0,17.1995,14.0,0.04,,,M?,Unknown,True,unsched_macro
nvda_earnings,KXCPI-26AUG-T0.8,unscheduled_macro,macro_bucket,1,15,False,,,,,0.4,,0.0,26.227999999999998,0.0,0.06,,,M?,Unknown,False,unsched_macro
nvda_earnings,KXCPI-26AUG-T0.8,unscheduled_macro,macro_bucket,3,15,False,-0.137,-1.1591116929188607,-0.631336405529954,52.0,0.19333333333333333,,4572.0,26.227999999999998,2522.0,0.06,,,M?,Unknown,False,unsched_macro
nvda_earnings,KXCPI-26AUG-T0.8,unscheduled_macro,macro_bucket,5,15,False,,,,,0.126,,4586.0,26.227999999999998,2536.0,0.06,,,M?,Unknown,False,unsched_macro
nvda_earnings,KXCPI-26AUG-T0.7,unscheduled_macro,macro_bucket,1,22,False,,,,,0.07,,0.0,164.5979166666667,0.0,,,,M?,Unknown,True,unsched_macro
nvda_earnings,KXCPI-26AUG-T0.7,unscheduled_macro,macro_bucket,3,22,False,,,,,0.07,,25.0,164.5979166666667,0.0,,,,M?,Unknown,True,unsched_macro
nvda_earnings,KXCPI-26AUG-T0.7,unscheduled_macro,macro_bucket,5,22,False,,,,,0.06,,25.0,164.5979166666667,0.0,,,,M?,Unknown,True,unsched_macro
nvda_earnings,KXCPI-26AUG-T0.6,unscheduled_macro,macro_bucket,1,22,False,,,,,0.21,,0.0,166.2786956521739,0.0,0.055,,,M?,Unknown,False,unsched_macro
nvda_earnings,KXCPI-26AUG-T0.6,unscheduled_macro,macro_bucket,3,22,False,-0.14068181818181819,-2.238656549154636,-0.8755304101838756,52.0,0.19666666666666668,,6030.0,166.2786956521739,1372.7799999999997,0.055,,,M?,Unknown,False,unsched_macro
nvda_earnings,KXCPI-26AUG-T0.6,unscheduled_macro,macro_bucket,5,22,False,-0.11068181818181817,-1.2912752302104498,-0.6888260254596889,52.0,0.13600000000000004,,6134.0,166.2786956521739,1476.7799999999997,0.055,,,M?,Unknown,False,unsched_macro
nvda_earnings,KXCPI-26SEP-T0.6,unscheduled_macro,macro_bucket,1,23,False,-0.03304347826086959,-0.20967075621288966,-0.15510204081632664,4.0,0.30000000000000004,,15.51,2309.7821739130436,0.0,0.205,,,M?,Unknown,False,unsched_macro
nvda_earnings,KXCPI-26SEP-T0.6,unscheduled_macro,macro_bucket,3,23,False,-0.028043478260869587,-0.17615555500733882,-0.13163265306122457,4.0,0.2933333333333334,,80.50999999999999,2309.7821739130436,65.0,0.205,,,M?,Unknown,False,unsched_macro
nvda_earnings,KXCPI-26SEP-T0.6,unscheduled_macro,macro_bucket,5,23,False,-0.03304347826086959,-0.20967075621288966,-0.15510204081632664,4.0,0.29000000000000004,,145.04999999999998,2309.7821739130436,129.53999999999996,0.205,,,M?,Unknown,False,unsched_macro
nvda_earnings,KXCPI-26SEP-T-0.4,unscheduled_macro,macro_bucket,1,18,False,0.08805555555555555,0.7125865443961128,0.1091222030981067,4.0,0.16999999999999993,,0.0,1.2777777777777777,0.0,0.84,,,M?,Unknown,False,unsched_macro
nvda_earnings,KXCPI-26SEP-T-0.4,unscheduled_macro,macro_bucket,3,18,False,0.08805555555555555,0.7125865443961128,0.1091222030981067,4.0,0.16999999999999993,,0.0,1.2777777777777777,0.0,0.84,,,M?,Unknown,False,unsched_macro
nvda_earnings,KXCPI-26SEP-T-0.4,unscheduled_macro,macro_bucket,5,18,False,0.08805555555555555,0.7125865443961128,0.1091222030981067,4.0,0.16999999999999993,,20.0,1.2777777777777777,17.0,0.84,,,M?,Unknown,False,unsched_macro
nvda_earnings,KXCPI-26SEP-T-0.3,unscheduled_macro,macro_bucket,1,22,False,0.056363636363636394,0.4271450220566,0.06927374301675981,4.0,0.21999999999999997,,0.0,0.7268181818181818,0.0,0.845,,,M?,Unknown,False,unsched_macro
nvda_earnings,KXCPI-26SEP-T-0.3,unscheduled_macro,macro_bucket,3,22,False,0.0613636363636364,0.47209640991886626,0.07541899441340787,4.0,0.21666666666666665,,0.0,0.7268181818181818,0.0,0.845,,,M?,Unknown,False,unsched_macro
nvda_earnings,KXCPI-26SEP-T-0.3,unscheduled_macro,macro_bucket,5,22,False,0.0613636363636364,0.47209640991886626,0.07541899441340787,4.0,0.21399999999999997,,4.0,0.7268181818181818,0.9999999999999982,0.845,,,M?,Unknown,False,unsched_macro
nvda_earnings,KXCPI-26SEP-T-0.2,unscheduled_macro,macro_bucket,1,18,False,-0.011111111111111072,-0.08293359575754788,-0.013131976362442501,4.0,0.29000000000000004,,0.0,1.0,0.0,0.8300000000000001,,,M?,Unknown,False,unsched_macro
nvda_earnings,KXCPI-26SEP-T-0.2,unscheduled_macro,macro_bucket,3,18,False,-0.011111111111111072,-0.08293359575754788,-0.013131976362442501,4.0,0.29333333333333333,,0.0,1.0,0.0,0.8300000000000001,,,M?,Unknown,False,unsched_macro
nvda_earnings,KXCPI-26SEP-T-0.2,unscheduled_macro,macro_bucket,5,18,False,-0.02111111111111108,-0.1538224342966561,-0.024950755088640808,4.0,0.288,,0.0,1.0,0.0,0.8300000000000001,,,M?,Unknown,False,unsched_macro
nvda_earnings,KXCPI-26AUG-T-0.4,unscheduled_macro,macro_bucket,1,19,False,-0.0036842105263158453,-0.04361586534374862,-0.00405444540978865,4.0,0.18999999999999995,,0.0,15.913157894736843,0.0,0.905,,,M?,Unknown,False,unsched_macro
nvda_earnings,KXCPI-26AUG-T-0.4,unscheduled_macro,macro_bucket,3,19,False,0.08131578947368412,2.297445932691455,0.0894874022589052,28.0,0.07666666666666666,,0.0,15.913157894736843,0.0,0.905,,,M?,Unknown,True,unsched_macro
nvda_earnings,KXCPI-26AUG-T-0.4,unscheduled_macro,macro_bucket,5,19,False,0.08131578947368412,2.297445932691455,0.0894874022589052,28.0,0.0625,,0.0,15.913157894736843,0.0,0.905,,,M?,Unknown,True,unsched_macro
nvda_earnings,KXCPI-26AUG-T-0.3,unscheduled_macro,macro_bucket,1,25,False,0.05580000000000007,0.5676115287545471,0.06494413407821238,4.0,0.17000000000000004,,0.0,33.4204,0.0,0.985,,,M?,Unknown,False,unsched_macro
nvda_earnings,KXCPI-26AUG-T-0.3,unscheduled_macro,macro_bucket,3,25,False,0.13080000000000003,2.786458570103931,0.15223463687150843,28.0,0.07000000000000002,,0.0,33.4204,0.0,0.985,,,M?,Unknown,True,unsched_macro
nvda_earnings,KXCPI-26AUG-T-0.3,unscheduled_macro,macro_bucket,5,25,False,0.13080000000000003,2.786458570103931,0.15223463687150843,28.0,0.050000000000000024,,0.0,33.4204,0.0,0.985,,,M?,Unknown,True,unsched_macro
nvda_earnings,KXCPI-26AUG-T-0.2,unscheduled_macro,macro_bucket,1,25,False,0.03320000000000001,0.4487727087664868,0.0368152583721446,4.0,0.13,,0.0,146.4,0.0,0.9450000000000001,,,M?,Unknown,False,unsched_macro
nvda_earnings,KXCPI-26AUG-T-0.2,unscheduled_macro,macro_bucket,3,25,False,0.053200000000000025,0.8376623000838479,0.05899312486138836,4.0,0.10333333333333332,,2.0,146.4,2.0,0.9450000000000001,,,M?,Unknown,False,unsched_macro
nvda_earnings,KXCPI-26AUG-T-0.2,unscheduled_macro,macro_bucket,5,25,False,0.07819999999999994,1.6744337474840614,0.08671545797294293,28.0,0.08,,2.0,146.4,2.0,0.9450000000000001,,,M?,Unknown,True,unsched_macro
nvda_earnings,KXCPI-26NOV-T0.3,unscheduled_macro,macro_bucket,3,20,False,-0.027500000000000024,-0.11301591545546691,-0.06358381502890179,52.0,0.73,,0.0,3.6666666666666665,0.0,0.535,,,M?,Unknown,False,unsched_macro
nvda_earnings,KXCPI-26NOV-T0.3,unscheduled_macro,macro_bucket,5,20,False,0.02749999999999997,0.11131577290844419,0.06358381502890166,28.0,0.64,,21.29,3.6666666666666665,-2.7099999999999795,0.535,,,M?,Unknown,False,unsched_macro
nvda_earnings,KXCPI-26NOV-T0.2,unscheduled_macro,macro_bucket,3,21,False,0.014047619047619087,0.059813709686488026,0.022806339389254027,52.0,0.8,,0.0,10.428571428571429,0.0,,,,M?,Unknown,False,unsched_macro
nvda_earnings,KXCPI-26NOV-T0.2,unscheduled_macro,macro_bucket,5,21,False,0.03904761904761911,0.16868771454307208,0.06339389253962129,76.0,0.6975,,1.0,10.428571428571429,1.0,,,,M?,Unknown,False,unsched_macro
nvda_earnings,KXCPI-26NOV-T0.1,unscheduled_macro,macro_bucket,3,21,False,0.03785714285714281,0.2001157311784838,0.0520628683693516,52.0,0.735,,0.0,3.4371428571428573,0.0,0.8,,,M?,Unknown,False,unsched_macro
nvda_earnings,KXCPI-26NOV-T0.1,unscheduled_macro,macro_bucket,5,21,False,0.042857142857142816,0.22813661742064095,0.05893909626719051,52.0,0.5974999999999999,,0.0,3.4371428571428573,0.0,0.8,,,M?,Unknown,False,unsched_macro
nvda_earnings,KXCPI-26NOV-T-0.1,unscheduled_macro,macro_bucket,3,16,False,0.06562500000000004,0.4870927441370738,0.08158508158508164,52.0,0.24,,0.0,1.1875,0.0,0.87,,,M?,Unknown,False,unsched_macro
nvda_earnings,KXCPI-26NOV-T-0.1,unscheduled_macro,macro_bucket,5,16,False,0.06562500000000004,0.4870927441370738,0.08158508158508164,52.0,0.24,,0.0,1.1875,0.0,0.87,,,M?,Unknown,False,unsched_macro
nvda_earnings,KXCPI-26OCT-T0.3,unscheduled_macro,macro_bucket,1,23,False,-0.0013043478260870711,-0.005691777962595568,-0.003660768761440223,4.0,0.27,,0.0,59.391304347826086,0.0,0.355,,,M?,Unknown,False,unsched_macro
nvda_earnings,KXCPI-26OCT-T0.3,unscheduled_macro,macro_bucket,3,23,False,-0.0013043478260870711,-0.005691777962595568,-0.003660768761440223,4.0,0.27666666666666667,,7.0,59.391304347826086,6.0,0.355,,,M?,Unknown,False,unsched_macro
nvda_earnings,KXCPI-26OCT-T0.3,unscheduled_macro,macro_bucket,5,23,False,0.02369565217391295,0.10189252403905535,0.06650396583282461,100.0,0.2675,,7.0,59.391304347826086,6.0,0.355,,,M?,Unknown,False,unsched_macro
nvda_earnings,KXCPI-26OCT-T-0.1,unscheduled_macro,macro_bucket,1,23,False,-0.021956521739130208,-0.1644022283097355,-0.025771880581780805,4.0,0.33999999999999997,,0.0,2.0521739130434784,0.0,0.935,,,M?,Unknown,False,unsched_macro
nvda_earnings,KXCPI-26OCT-T-0.1,unscheduled_macro,macro_bucket,3,23,False,-0.021956521739130208,-0.1644022283097355,-0.025771880581780805,4.0,0.34,,0.0,2.0521739130434784,0.0,0.935,,,M?,Unknown,False,unsched_macro
nvda_earnings,KXCPI-26OCT-T-0.1,unscheduled_macro,macro_bucket,5,23,False,-0.021956521739130208,-0.1644022283097355,-0.025771880581780805,4.0,0.33999999999999997,,0.0,2.0521739130434784,0.0,0.935,,,M?,Unknown,False,unsched_macro
nvda_earnings,KXCPI-26OCT-T0.0,unscheduled_macro,macro_bucket,3,20,False,0.0040000000000000036,0.025286596510949666,0.004993757802746572,28.0,0.39,,0.0,0.45,0.0,0.8,,,M?,Unknown,False,unsched_macro
nvda_earnings,KXCPI-26OCT-T0.0,unscheduled_macro,macro_bucket,5,20,False,0.0040000000000000036,0.025286596510949666,0.004993757802746572,28.0,0.38999999999999996,,0.0,0.45,0.0,0.8,,,M?,Unknown,False,unsched_macro
nvda_earnings,KXCPI-26SEP-T0.5,unscheduled_macro,macro_bucket,1,8,False,-0.28625,-1.309925133484106,-0.5768261964735517,4.0,0.34,,50.0,20.5,0.0,,,,M?,Unknown,False,unsched_macro
nvda_earnings,KXCPI-26SEP-T0.5,unscheduled_macro,macro_bucket,3,8,False,-0.31124999999999997,-1.467832006903045,-0.6272040302267002,4.0,0.32,,72.0,20.5,22.0,,,,M?,Unknown,False,unsched_macro
nvda_earnings,KXCPI-26SEP-T0.5,unscheduled_macro,macro_bucket,5,8,False,-0.30124999999999996,-1.4028424375953237,-0.6070528967254407,4.0,0.308,,309.0,20.5,119.0,,,,M?,Unknown,False,unsched_macro
nvda_earnings,KXCPI-26SEP-T0.4,unscheduled_macro,macro_bucket,1,24,False,-0.01770833333333338,-0.07796965042158954,-0.04950495049504964,4.0,0.13999999999999996,,11.0,16.84,0.0,0.29500000000000004,,,M?,Unknown,False,unsched_macro
nvda_earnings,KXCPI-26SEP-T0.4,unscheduled_macro,macro_bucket,3,24,False,-0.07770833333333332,-0.3591370418521763,-0.21723937099592308,52.0,0.08999999999999997,,61.0,16.84,43.0,0.29500000000000004,,,M?,Unknown,False,unsched_macro
nvda_earnings,KXCPI-26SEP-T0.4,unscheduled_macro,macro_bucket,5,24,False,-0.07770833333333332,-0.3591370418521763,-0.21723937099592308,52.0,0.06799999999999998,,95.0,16.84,65.0,0.29500000000000004,,,M?,Unknown,True,unsched_macro
nvda_earnings,KXCPI-26SEP-T0.3,unscheduled_macro,macro_bucket,1,25,False,-0.04020000000000007,-0.1716266683287463,-0.10172064777327951,4.0,0.21000000000000002,,15.0,25.2,0.0,0.40499999999999997,,,M?,Unknown,False,unsched_macro
nvda_earnings,KXCPI-26SEP-T0.3,unscheduled_macro,macro_bucket,3,25,False,-0.11520000000000002,-0.5189557498492408,-0.29149797570850206,28.0,0.24666666666666667,,297.29,25.2,67.28999999999996,0.40499999999999997,,,M?,Unknown,False,unsched_macro
nvda_earnings,KXCPI-26SEP-T0.3,unscheduled_macro,macro_bucket,5,25,False,-0.03020000000000006,-0.12822178631858971,-0.07641700404858313,4.0,0.202,,345.44,25.2,110.44000000000005,0.40499999999999997,,,M?,Unknown,False,unsched_macro
nvda_earnings,KXCPI-26SEP-T0.2,unscheduled_macro,macro_bucket,1,24,False,-0.017291666666666594,-0.06958949758704656,-0.03159497525694696,4.0,0.18,,2.0,20.666666666666668,0.0,0.565,,,M?,Unknown,False,unsched_macro
nvda_earnings,KXCPI-26SEP-T0.2,unscheduled_macro,macro_bucket,3,24,False,-0.0122916666666667,-0.049504468120460055,-0.02245907879710703,4.0,0.15000000000000002,,567.38,20.666666666666668,441.69000000000005,0.565,,,M?,Unknown,False,unsched_macro
nvda_earnings,KXCPI-26SEP-T0.2,unscheduled_macro,macro_bucket,5,24,False,0.1077083333333334,0.4513570091747823,0.1968024362390561,100.0,0.134,,701.38,20.666666666666668,567.69,0.565,,,M?,Unknown,False,unsched_macro
nvda_earnings,KXCPI-26SEP-T0.1,unscheduled_macro,macro_bucket,1,23,False,-0.07000000000000006,-0.31508104663989567,-0.10000000000000007,4.0,0.32000000000000006,,0.0,20.91304347826087,0.0,0.74,,,M?,Unknown,False,unsched_macro
nvda_earnings,KXCPI-26SEP-T0.1,unscheduled_macro,macro_bucket,3,23,False,0.04999999999999993,0.2513144282809059,0.07142857142857133,52.0,0.4000000000000001,,19.0,20.91304347826087,-19.0,0.74,,,M?,Unknown,False,unsched_macro
nvda_earnings,KXCPI-26SEP-T0.1,unscheduled_macro,macro_bucket,5,23,False,-0.09500000000000008,-0.42095516725748433,-0.13571428571428581,4.0,0.3540000000000001,,684.0,20.91304347826087,-18.019999999999982,0.74,,,M?,Unknown,False,unsched_macro
nvda_earnings,KXCPI-26SEP-T-0.1,unscheduled_macro,macro_bucket,1,24,False,-0.048958333333333326,-0.300994794231934,-0.05978122615110658,4.0,0.19999999999999996,,22.13,2.2916666666666665,0.0,0.755,,,M?,Unknown,False,unsched_macro
nvda_earnings,KXCPI-26SEP-T-0.1,unscheduled_macro,macro_bucket,3,24,False,0.021041666666666736,0.1489220764470649,0.025693207835156533,52.0,0.23999999999999996,,64.13,2.2916666666666665,8.0,0.755,,,M?,Unknown,False,unsched_macro
nvda_earnings,KXCPI-26SEP-T-0.1,unscheduled_macro,macro_bucket,5,24,False,0.021041666666666736,0.1489220764470649,0.025693207835156533,52.0,0.27199999999999996,,64.13,2.2916666666666665,8.0,0.755,,,M?,Unknown,False,unsched_macro
nvda_earnings,KXCPI-26SEP-T0.0,unscheduled_macro,macro_bucket,1,21,False,-0.046666666666666634,-0.2552647720185133,-0.0597014925373134,4.0,0.20999999999999996,,42.0,15.698636363636364,0.0,0.745,,,M?,Unknown,False,unsched_macro
nvda_earnings,KXCPI-26SEP-T0.0,unscheduled_macro,macro_bucket,3,21,False,0.023333333333333317,0.1424372736096886,0.0298507462686567,52.0,0.27666666666666667,,42.0,15.698636363636364,0.0,0.745,,,M?,Unknown,False,unsched_macro
nvda_earnings,KXCPI-26SEP-T0.0,unscheduled_macro,macro_bucket,5,21,False,0.023333333333333317,0.1424372736096886,0.0298507462686567,52.0,0.27666666666666667,,42.0,15.698636363636364,0.0,0.745,,,M?,Unknown,False,unsched_macro
nvda_earnings,KXCPI-26AUG-T0.5,unscheduled_macro,macro_bucket,1,16,False,,,,,0.13,,0.0,91.16636363636364,0.0,0.04,,,M?,Unknown,False,unsched_macro
nvda_earnings,KXCPI-26AUG-T0.5,unscheduled_macro,macro_bucket,3,16,False,-0.22374999999999995,-1.6128432387824687,-0.736625514403292,28.0,0.06999999999999999,,6147.96,91.16636363636364,2081.96,0.04,,,M?,Unknown,True,unsched_macro
nvda_earnings,KXCPI-26AUG-T0.5,unscheduled_macro,macro_bucket,5,16,False,,,,,0.057999999999999996,,6868.96,91.16636363636364,2796.96,0.04,,,M?,Unknown,True,unsched_macro
nvda_earnings,KXCPI-26AUG-T0.4,unscheduled_macro,macro_bucket,1,25,False,-0.1628,-1.0852548381215656,-0.5860331173506119,4.0,0.05000000000000002,,2618.02,479.74520000000007,0.0,0.125,,,M?,Unknown,True,unsched_macro
nvda_earnings,KXCPI-26AUG-T0.4,unscheduled_macro,macro_bucket,3,25,False,-0.1678,-1.1353404184106555,-0.6040316774658028,4.0,0.03666666666666667,,4922.889999999999,479.74520000000007,140.3099999999995,0.125,,,M?,Unknown,True,unsched_macro
nvda_earnings,KXCPI-26AUG-T0.4,unscheduled_macro,macro_bucket,5,25,False,-0.1678,-1.1353404184106555,-0.6040316774658028,4.0,0.03,,5246.839999999999,479.74520000000007,375.97999999999956,0.125,,,M?,Unknown,True,unsched_macro
nvda_earnings,KXCPI-26AUG-T0.3,unscheduled_macro,macro_bucket,1,25,False,-0.030799999999999994,-0.12367309744857659,-0.06340057636887607,4.0,0.010000000000000009,,2779.51,980.1884000000001,0.0,0.52,,,M?,Unknown,True,unsched_macro
nvda_earnings,KXCPI-26AUG-T0.3,unscheduled_macro,macro_bucket,3,25,False,0.01419999999999999,0.05681527826371695,0.02923013585837791,52.0,0.026666666666666672,,13023.34,980.1884000000001,5731.75,0.52,,,M?,Unknown,True,unsched_macro
nvda_earnings,KXCPI-26AUG-T0.3,unscheduled_macro,macro_bucket,5,25,False,0.009199999999999986,0.036814611557047405,0.018937834499794123,52.0,0.020000000000000007,,13740.33,980.1884000000001,5925.360000000001,0.52,,,M?,Unknown,True,unsched_macro
nvda_earnings,KXCPI-26AUG-T0.2,unscheduled_macro,macro_bucket,1,25,False,0.16580000000000006,0.9954611567055257,0.23883607029674453,4.0,0.09999999999999998,,367.63,617.4944,0.0,0.85,,,M?,Unknown,False,unsched_macro
nvda_earnings,KXCPI-26AUG-T0.2,unscheduled_macro,macro_bucket,3,25,False,0.13580000000000003,0.7657984538076582,0.1956208585422069,4.0,0.10333333333333332,,11517.9,617.4944,1950.500000000001,0.85,,,M?,Unknown,False,unsched_macro
nvda_earnings,KXCPI-26AUG-T0.2,unscheduled_macro,macro_bucket,5,25,False,0.16579999999999995,0.9954611567055248,0.23883607029674436,4.0,0.082,,11716.5,617.4944,2069.330000000001,0.85,,,M?,Unknown,False,unsched_macro
nvda_earnings,KXCPI-26AUG-T0.1,unscheduled_macro,macro_bucket,1,25,False,0.016199999999999992,0.108365745322206,0.020029673590504442,4.0,0.30999999999999994,,185.0,222.6124,0.0,0.95,,,M?,Unknown,False,unsched_macro
nvda_earnings,KXCPI-26AUG-T0.1,unscheduled_macro,macro_bucket,3,25,False,0.12119999999999997,1.144457677008981,0.14985163204747773,52.0,0.19999999999999996,,8500.09,222.6124,3144.0,0.95,,,M?,Unknown,False,unsched_macro
nvda_earnings,KXCPI-26AUG-T0.1,unscheduled_macro,macro_bucket,5,25,False,0.13119999999999998,1.3093036459529874,0.162215628090999,52.0,0.13999999999999996,,9252.519999999999,222.6124,3477.0,0.95,,,M?,Unknown,False,unsched_macro
nvda_earnings,KXCPI-26AUG-T-0.1,unscheduled_macro,macro_bucket,1,23,False,0.12478260869565194,3.3904225791245177,0.143392455658256,4.0,0.010000000000000009,,5.0,177.2173913043478,0.0,0.995,,,M?,Unknown,True,unsched_macro
nvda_earnings,KXCPI-26AUG-T-0.1,unscheduled_macro,macro_bucket,3,23,False,0.12478260869565194,3.3904225791245177,0.143392455658256,4.0,0.010000000000000009,,50.0,177.2173913043478,0.0,0.995,,,M?,Unknown,True,unsched_macro
nvda_earnings,KXCPI-26AUG-T-0.1,unscheduled_macro,macro_bucket,5,23,False,0.12478260869565194,3.3904225791245177,0.143392455658256,4.0,0.010000000000000009,,50.0,177.2173913043478,0.0,0.995,,,M?,Unknown,True,unsched_macro
nvda_earnings,KXCPI-26AUG-T0.0,unscheduled_macro,macro_bucket,3,23,False,0.111304347826087,1.5528943149162928,0.1303794244970716,28.0,0.03999999999999998,,97.0,390.26478260869567,0.0,0.995,,,M?,Unknown,True,unsched_macro
nvda_earnings,KXCPI-26AUG-T0.0,unscheduled_macro,macro_bucket,5,23,False,0.1213043478260869,1.8996759211963634,0.14209320091673025,28.0,0.047500000000000014,,97.0,390.26478260869567,0.0,0.995,,,M?,Unknown,True,unsched_macro
fomc_sep_hike,KXFED-27APR-T2.25,scheduled_macro,macro_bucket,1,25,False,-0.11660000000000004,-0.5826673132522024,-0.15014164305949015,4.0,0.58,,0.0,5.28,0.0,0.7,,,M?,Unknown,False,sched_macro
fomc_sep_hike,KXFED-27APR-T2.25,scheduled_macro,macro_bucket,3,25,False,0.17840000000000011,1.8090873200479458,0.22971928920937434,28.0,0.23999999999999996,,102.56,5.28,93.27999999999997,0.7,,,M?,Unknown,False,sched_macro
fomc_sep_hike,KXFED-27APR-T2.25,scheduled_macro,macro_bucket,5,25,False,0.1734,1.698477448503973,0.22328096832346125,28.0,0.19999999999999996,,102.56,5.28,93.27999999999997,0.7,,,M?,Unknown,False,sched_macro
fomc_sep_hike,KXFED-27APR-T4.25,scheduled_macro,macro_bucket,3,25,False,0.13380000000000003,0.6038684514404175,0.4933628318584072,28.0,0.12000000000000002,,20.0,2.8868,0.0,0.44,,,M?,Unknown,False,sched_macro
fomc_sep_hike,KXFED-27APR-T4.25,scheduled_macro,macro_bucket,5,25,False,0.19380000000000003,0.8483134485708581,0.7146017699115045,28.0,0.125,,30.0,2.8868,10.0,0.44,,,M?,Unknown,False,sched_macro
fomc_sep_hike,KXFED-27APR-T4.00,scheduled_macro,macro_bucket,1,25,False,0.16620000000000001,0.6738992990096959,0.3703208556149733,4.0,0.050000000000000044,,4.0,8.8192,0.0,0.585,,,M?,Unknown,True,sched_macro
fomc_sep_hike,KXFED-27APR-T4.00,scheduled_macro,macro_bucket,3,25,False,0.2812,1.2001429406350241,0.6265597147950089,4.0,0.12666666666666668,,84.78,8.8192,63.77999999999997,0.585,,,M?,Unknown,False,sched_macro
fomc_sep_hike,KXFED-27APR-T4.00,scheduled_macro,macro_bucket,5,25,False,0.32120000000000004,1.4138315714154965,0.715686274509804,4.0,0.172,,84.78,8.8192,63.77999999999997,0.585,,,M?,Unknown,False,sched_macro
fomc_sep_hike,KXFED-27APR-T3.75,scheduled_macro,macro_bucket,1,25,False,0.057399999999999896,0.2378274375056163,0.10202630643441146,4.0,0.08000000000000007,,9.0,6.8976,0.0,0.62,,,M?,Unknown,False,sched_macro
fomc_sep_hike,KXFED-27APR-T3.75,scheduled_macro,macro_bucket,3,25,False,0.24239999999999984,1.1661219310417268,0.43085673658016316,28.0,0.1533333333333334,,136.5,6.8976,31.11999999999989,0.62,,,M?,Unknown,False,sched_macro
fomc_sep_hike,KXFED-27APR-T3.75,scheduled_macro,macro_bucket,5,25,False,0.25239999999999985,1.231111500349448,0.4486313544258795,28.0,0.17000000000000007,,137.49,6.8976,30.12999999999988,0.62,,,M?,Unknown,False,sched_macro
fomc_sep_hike,KXFED-27APR-T3.50,scheduled_macro,macro_bucket,1,25,False,0.06800000000000006,0.29267595738486885,0.11390284757118939,4.0,0.06999999999999995,,22.0,10.9352,0.0,0.665,,,M?,Unknown,True,sched_macro
fomc_sep_hike,KXFED-27APR-T3.50,scheduled_macro,macro_bucket,3,25,False,0.16300000000000003,0.7596989584924665,0.27303182579564494,28.0,0.21666666666666667,,30.0,10.9352,-4.0,0.665,,,M?,Unknown,False,sched_macro
fomc_sep_hike,KXFED-27APR-T3.50,scheduled_macro,macro_bucket,5,25,False,0.028000000000000025,0.11784507232007169,0.04690117252931328,4.0,0.38999999999999996,,38.0,10.9352,-12.0,0.665,,,M?,Unknown,False,sched_macro
fomc_sep_hike,KXFED-27APR-T3.25,scheduled_macro,macro_bucket,1,25,False,0.06879999999999997,0.3259761719750921,0.10405323653962488,4.0,0.06000000000000005,,0.0,15.7956,0.0,0.72,,,M?,Unknown,True,sched_macro
fomc_sep_hike,KXFED-27APR-T3.25,scheduled_macro,macro_bucket,3,25,False,0.2138,1.2772637458863434,0.32335148215366,28.0,0.08666666666666663,,31.75,15.7956,31.75,0.72,,,M?,Unknown,False,sched_macro
fomc_sep_hike,KXFED-27APR-T3.25,scheduled_macro,macro_bucket,5,25,False,0.2088000000000001,1.232312358024078,0.3157894736842107,28.0,0.10199999999999995,,31.75,15.7956,31.75,0.72,,,M?,Unknown,False,sched_macro
fomc_sep_hike,KXFED-27APR-T3.00,scheduled_macro,macro_bucket,1,25,False,0.09599999999999986,0.5610425012822089,0.1316872427983537,4.0,0.04999999999999993,,17.0,7.550799999999999,0.0,0.745,,,M?,Unknown,True,sched_macro
fomc_sep_hike,KXFED-27APR-T3.00,scheduled_macro,macro_bucket,3,25,False,0.18099999999999983,1.324080018051672,0.24828532235939615,4.0,0.08666666666666663,,17.0,7.550799999999999,0.0,0.745,,,M?,Unknown,False,sched_macro
fomc_sep_hike,KXFED-27APR-T3.00,scheduled_macro,macro_bucket,5,25,False,0.18099999999999983,1.324080018051672,0.24828532235939615,4.0,0.09499999999999997,,17.0,7.550799999999999,0.0,0.745,,,M?,Unknown,False,sched_macro
fomc_sep_hike,KXFED-27APR-T2.75,scheduled_macro,macro_bucket,1,25,False,-0.026000000000000023,-0.15316798607563253,-0.0326633165829146,4.0,0.08000000000000007,,4.0,7.906000000000001,0.0,0.78,,,M?,Unknown,False,sched_macro
fomc_sep_hike,KXFED-27APR-T2.75,scheduled_macro,macro_bucket,3,25,False,0.1439999999999999,1.3900561210417812,0.1809045226130652,28.0,0.08666666666666667,,30.07,7.906000000000001,26.069999999999936,0.78,,,M?,Unknown,False,sched_macro
fomc_sep_hike,KXFED-27APR-T2.75,scheduled_macro,macro_bucket,5,25,False,0.1339999999999999,1.2252101520977747,0.16834170854271344,28.0,0.08399999999999999,,32.17,7.906000000000001,28.170000000000073,0.78,,,M?,Unknown,False,sched_macro
fomc_sep_hike,KXFED-27APR-T2.50,scheduled_macro,macro_bucket,1,25,False,0.06740000000000013,0.49833443035961267,0.08397707450784966,4.0,0.15999999999999992,,4.0,8.0252,0.0,0.9099999999999999,,,M?,Unknown,False,sched_macro
fomc_sep_hike,KXFED-27APR-T2.50,scheduled_macro,macro_bucket,3,25,False,0.13740000000000008,1.3489109822085137,0.17119362073261912,28.0,0.10333333333333328,,4.0,8.0252,0.0,0.9099999999999999,,,M?,Unknown,False,sched_macro
fomc_sep_hike,KXFED-27APR-T2.50,scheduled_macro,macro_bucket,5,25,False,0.13740000000000008,1.3489109822085137,0.17119362073261912,28.0,0.10333333333333328,,4.0,8.0252,0.0,0.9099999999999999,,,M?,Unknown,False,sched_macro
fomc_sep_hike,KXFED-27APR-T2.00,scheduled_macro,macro_bucket,1,24,False,-0.20562500000000017,-0.9584992445753415,-0.2651087832393233,4.0,0.76,,0.0,2.9583333333333335,0.0,0.605,,,M?,Unknown,False,sched_macro
fomc_sep_hike,KXFED-27APR-T2.00,scheduled_macro,macro_bucket,3,24,False,0.16937499999999994,1.6035013455449438,0.21837228041901682,28.0,0.29666666666666663,,20.15,2.9583333333333335,19.149999999999864,0.605,,,M?,Unknown,False,sched_macro
fomc_sep_hike,KXFED-27APR-T2.00,scheduled_macro,macro_bucket,5,24,False,0.16937499999999994,1.6035013455449438,0.21837228041901682,28.0,0.29666666666666663,,20.15,2.9583333333333335,19.149999999999864,0.605,,,M?,Unknown,False,sched_macro
fomc_sep_hike,KXFED-27APR-T1.75,scheduled_macro,macro_bucket,1,25,False,-0.03839999999999999,-0.21669558662631094,-0.048706240487062395,4.0,0.41999999999999993,,0.0,1.5475999999999999,0.0,0.64,,,M?,Unknown,False,sched_macro
fomc_sep_hike,KXFED-27APR-T1.75,scheduled_macro,macro_bucket,3,25,False,0.16660000000000008,1.7397409754159914,0.2113140537798073,28.0,0.18333333333333326,,7.56,1.5475999999999999,7.559999999999945,0.64,,,M?,Unknown,False,sched_macro
fomc_sep_hike,KXFED-27APR-T1.75,scheduled_macro,macro_bucket,5,25,False,0.16159999999999997,1.6291311038720186,0.20497209538305425,28.0,0.15749999999999995,,7.56,1.5475999999999999,7.559999999999945,0.64,,,M?,Unknown,False,sched_macro
fomc_sep_hike,KXFED-27APR-T1.50,scheduled_macro,macro_bucket,1,25,False,0.037799999999999945,0.2639934235749728,0.046828543111992,4.0,0.20999999999999996,,0.0,0.7624000000000001,0.0,0.8,,,M?,Unknown,False,sched_macro
fomc_sep_hike,KXFED-27APR-T1.50,scheduled_macro,macro_bucket,3,25,False,0.14279999999999993,1.5125208923034852,0.17690782953419218,28.0,0.11666666666666663,,2.56,0.7624000000000001,2.5599999999999454,0.8,,,M?,Unknown,False,sched_macro
fomc_sep_hike,KXFED-27APR-T1.50,scheduled_macro,macro_bucket,5,25,False,0.14279999999999993,1.5125208923034852,0.17690782953419218,28.0,0.10749999999999996,,2.56,0.7624000000000001,2.5599999999999454,0.8,,,M?,Unknown,False,sched_macro
fomc_sep_hike,KXFED-27APR-T1.25,scheduled_macro,macro_bucket,1,25,False,-0.08779999999999999,-0.5068902479606218,-0.10736121301051602,4.0,0.43999999999999995,,0.0,4.3884,0.0,0.725,,,M?,Unknown,False,sched_macro
fomc_sep_hike,KXFED-27APR-T1.25,scheduled_macro,macro_bucket,3,25,False,0.12219999999999998,1.2500224899372643,0.14942528735632182,28.0,0.1766666666666666,,37.97,4.3884,26.890000000000327,0.725,,,M?,Unknown,False,sched_macro
fomc_sep_hike,KXFED-27APR-T1.25,scheduled_macro,macro_bucket,5,25,False,0.12219999999999998,1.2500224899372643,0.14942528735632182,28.0,0.12999999999999995,,37.97,4.3884,26.890000000000327,0.725,,,M?,Unknown,False,sched_macro
fomc_sep_hike,KXFED-27APR-T1.00,scheduled_macro,macro_bucket,1,25,False,-0.027000000000000135,-0.2976476589514472,-0.02960526315789488,4.0,0.13,,0.0,1.76,0.0,0.865,,,M?,Unknown,False,sched_macro
fomc_sep_hike,KXFED-27APR-T1.00,scheduled_macro,macro_bucket,3,25,False,0.02299999999999991,0.3278560837969242,0.025219298245613933,28.0,0.06333333333333328,,6.61,1.76,0.0,0.865,,,M?,Unknown,True,sched_macro
fomc_sep_hike,KXFED-27APR-T1.00,scheduled_macro,macro_bucket,5,25,False,0.02299999999999991,0.3278560837969242,0.025219298245613933,28.0,0.06333333333333328,,6.61,1.76,0.0,0.865,,,M?,Unknown,True,sched_macro
fomc_sep_hike,KXFED-27APR-T0.75,scheduled_macro,macro_bucket,1,25,False,0.02939999999999998,0.30265086675575614,0.033576975788031045,4.0,0.13,,0.0,12.48,0.0,0.9199999999999999,,,M?,Unknown,False,sched_macro
fomc_sep_hike,KXFED-27APR-T0.75,scheduled_macro,macro_bucket,3,25,False,0.0643999999999999,0.8001281276983188,0.07354956601187745,28.0,0.0833333333333333,,0.0,12.48,0.0,0.9199999999999999,,,M?,Unknown,False,sched_macro
fomc_sep_hike,KXFED-27APR-T0.75,scheduled_macro,macro_bucket,5,25,False,0.0643999999999999,0.8001281276983188,0.07354956601187745,28.0,0.0833333333333333,,0.0,12.48,0.0,0.9199999999999999,,,M?,Unknown,False,sched_macro
fomc_sep_hike,KXFED-27APR-T0.50,scheduled_macro,macro_bucket,1,24,False,-0.01083333333333314,-0.13297738546297433,-0.011828935395814167,4.0,0.18999999999999995,,0.0,2.0470833333333336,0.0,0.905,,,M?,Unknown,False,sched_macro
fomc_sep_hike,KXFED-27APR-T0.50,scheduled_macro,macro_bucket,3,24,False,-0.01083333333333314,-0.13297738546297433,-0.011828935395814167,4.0,0.1533333333333333,,0.0,2.0470833333333336,0.0,0.905,,,M?,Unknown,False,sched_macro
fomc_sep_hike,KXFED-27APR-T0.50,scheduled_macro,macro_bucket,5,24,False,-0.01083333333333314,-0.13297738546297433,-0.011828935395814167,4.0,0.1533333333333333,,0.0,2.0470833333333336,0.0,0.905,,,M?,Unknown,False,sched_macro
fomc_sep_hike,KXFED-27APR-T0.25,scheduled_macro,macro_bucket,1,22,False,0.013636363636363447,0.2194074344916599,0.014720314033365838,4.0,0.09999999999999998,,0.0,19.77318181818182,0.0,0.97,,,M?,Unknown,False,sched_macro
fomc_sep_hike,KXFED-27APR-T0.25,scheduled_macro,macro_bucket,3,22,False,-0.0013636363636364557,-0.01982225457417286,-0.0014720314033367036,52.0,0.09666666666666664,,0.0,19.77318181818182,0.0,0.97,,,M?,Unknown,False,sched_macro
fomc_sep_hike,KXFED-27APR-T0.25,scheduled_macro,macro_bucket,5,22,False,0.03863636363636347,0.7846521612992832,0.041707556427870274,28.0,0.086,,0.0,19.77318181818182,0.0,0.97,,,M?,Unknown,False,sched_macro
fomc_sep_hike,KXFED-27APR-T0.00,scheduled_macro,macro_bucket,1,21,False,0.033809523809523845,0.5155936764793858,0.03710478181343092,4.0,0.08999999999999997,,0.0,0.19047619047619047,0.0,0.97,,,M?,Unknown,False,sched_macro
fomc_sep_hike,KXFED-27APR-T0.00,scheduled_macro,macro_bucket,3,21,False,-0.03619047619047622,-0.38234791672657376,-0.03971779461719365,52.0,0.12666666666666662,,0.0,0.19047619047619047,0.0,0.97,,,M?,Unknown,False,sched_macro
fomc_sep_hike,KXFED-27APR-T0.00,scheduled_macro,macro_bucket,5,21,False,-0.03619047619047622,-0.38234791672657376,-0.03971779461719365,52.0,0.15249999999999997,,0.0,0.19047619047619047,0.0,0.97,,,M?,Unknown,False,sched_macro
fomc_sep_hike,KXFED-27MAR-T4.25,scheduled_macro,macro_bucket,1,24,False,0.1447916666666667,1.337811000692232,2.220447284345049,4.0,0.1,,18.28,0.2916666666666667,0.0,0.2,,,M?,Unknown,False,sched_macro
fomc_sep_hike,KXFED-27MAR-T4.25,scheduled_macro,macro_bucket,3,24,False,0.27479166666666666,1.9994421980255659,4.214057507987221,4.0,0.23666666666666666,,219.56,0.2916666666666667,200.0,0.2,,,M?,Unknown,False,sched_macro
fomc_sep_hike,KXFED-27MAR-T4.25,scheduled_macro,macro_bucket,5,24,False,0.35979166666666673,2.360455543562897,5.517571884984027,28.0,0.162,,219.56,0.2916666666666667,200.0,0.2,,,M?,Unknown,False,sched_macro
fomc_sep_hike,KXFED-27MAR-T4.00,scheduled_macro,macro_bucket,1,25,False,0.14620000000000005,0.6064001929645535,0.4252472367655616,4.0,0.040000000000000036,,21.0,0.2,0.0,0.455,,,M?,Unknown,True,sched_macro
fomc_sep_hike,KXFED-27MAR-T4.00,scheduled_macro,macro_bucket,3,25,False,0.3512000000000001,1.4700055965356333,1.0215241419429906,28.0,0.3500000000000001,,790.42,0.2,391.94000000000005,0.455,,,M?,Unknown,False,sched_macro
fomc_sep_hike,KXFED-27MAR-T4.00,scheduled_macro,macro_bucket,5,25,False,0.23120000000000002,0.9486863994511863,0.6724840023269344,4.0,0.41500000000000004,,790.42,0.2,391.94000000000005,0.455,,,M?,Unknown,False,sched_macro
fomc_sep_hike,KXFED-27MAR-T3.75,scheduled_macro,macro_bucket,1,21,False,0.07809523809523816,0.3154920579596466,0.18732153055396936,4.0,0.050000000000000044,,0.0,7.9523809523809526,0.0,0.54,,,M?,Unknown,True,sched_macro
fomc_sep_hike,KXFED-27MAR-T3.75,scheduled_macro,macro_bucket,3,21,False,0.3430952380952382,1.4881722346047017,0.8229583095374076,28.0,0.29666666666666663,,11.58,7.9523809523809526,9.580000000000041,0.54,,,M?,Unknown,False,sched_macro
fomc_sep_hike,KXFED-27MAR-T3.75,scheduled_macro,macro_bucket,5,21,False,0.32809523809523816,1.4076133978874494,0.7869788692175902,28.0,0.33399999999999996,,26.58,7.9523809523809526,9.580000000000041,0.54,,,M?,Unknown,False,sched_macro
fomc_sep_hike,KXFED-27MAR-T3.50,scheduled_macro,macro_bucket,1,21,False,0.15761904761904766,0.6641881300630856,0.301731996353692,4.0,0.4,,0.0,1.8995238095238096,0.0,0.675,,,M?,Unknown,False,sched_macro
fomc_sep_hike,KXFED-27MAR-T3.50,scheduled_macro,macro_bucket,3,21,False,0.1976190476190477,0.854877936527557,0.37830446672743867,4.0,0.2733333333333333,,3.0,1.8995238095238096,-3.0,0.675,,,M?,Unknown,False,sched_macro
fomc_sep_hike,KXFED-27MAR-T3.50,scheduled_macro,macro_bucket,5,21,False,0.27761904761904777,1.2967106888065965,0.531449407474932,4.0,0.3,,3.0,1.8995238095238096,-3.0,0.675,,,M?,Unknown,False,sched_macro
fomc_sep_hike,KXFED-27MAR-T3.25,scheduled_macro,macro_bucket,1,24,False,0.0631250000000001,0.41068076687246124,0.08125502815768315,4.0,0.18000000000000005,,0.0,0.8525,0.0,0.8200000000000001,,,M?,Unknown,False,sched_macro
fomc_sep_hike,KXFED-27MAR-T3.25,scheduled_macro,macro_bucket,3,24,False,0.13312499999999994,1.0660876194495579,0.17135961383748988,28.0,0.18333333333333335,,0.0,0.8525,0.0,0.8200000000000001,,,M?,Unknown,False,sched_macro
fomc_sep_hike,KXFED-27MAR-T3.25,scheduled_macro,macro_bucket,5,24,False,-0.11187499999999995,-0.561890800900284,-0.14400643604183422,76.0,0.366,,0.0,0.8525,0.0,0.8200000000000001,,,M?,Unknown,False,sched_macro
fomc_sep_hike,KXFED-27MAR-T3.00,scheduled_macro,macro_bucket,1,23,False,0.05608695652173923,0.38592531592826984,0.07064622124863103,4.0,0.17999999999999994,,0.0,0.6521739130434783,0.0,0.815,,,M?,Unknown,False,sched_macro
fomc_sep_hike,KXFED-27MAR-T3.00,scheduled_macro,macro_bucket,3,23,False,-0.14391304347826073,-0.7296365310536129,-0.1812705366922233,28.0,0.47666666666666657,,0.0,0.6521739130434783,0.0,0.815,,,M?,Unknown,False,sched_macro
fomc_sep_hike,KXFED-27MAR-T3.00,scheduled_macro,macro_bucket,5,23,False,-0.14391304347826073,-0.7296365310536129,-0.1812705366922233,28.0,0.47666666666666657,,0.0,0.6521739130434783,0.0,0.815,,,M?,Unknown,False,sched_macro
fomc_sep_hike,KXFED-27MAR-T2.75,scheduled_macro,macro_bucket,1,22,False,0.0636363636363636,0.48701497507227187,0.07843137254901957,4.0,0.1499999999999999,,0.0,0.6986363636363636,0.0,0.82,,,M?,Unknown,False,sched_macro
fomc_sep_hike,KXFED-27MAR-T2.75,scheduled_macro,macro_bucket,3,22,False,-0.12136363636363645,-0.6587758738709285,-0.14957983193277322,28.0,0.4333333333333333,,0.0,0.6986363636363636,0.0,0.82,,,M?,Unknown,False,sched_macro
fomc_sep_hike,KXFED-27MAR-T2.75,scheduled_macro,macro_bucket,5,22,False,-0.12136363636363645,-0.6587758738709285,-0.14957983193277322,28.0,0.4333333333333333,,0.0,0.6986363636363636,0.0,0.82,,,M?,Unknown,False,sched_macro
fomc_sep_hike,KXFED-27MAR-T2.50,scheduled_macro,macro_bucket,1,22,False,0.02681818181818174,0.2578857700571757,0.03089005235602085,4.0,0.15000000000000002,,0.0,0.3181818181818182,0.0,0.885,,,M?,Unknown,False,sched_macro
fomc_sep_hike,KXFED-27MAR-T2.50,scheduled_macro,macro_bucket,3,22,False,-0.06818181818181823,-0.49868323694026584,-0.07853403141361262,28.0,0.29,,0.0,0.3181818181818182,0.0,0.885,,,M?,Unknown,False,sched_macro
fomc_sep_hike,KXFED-27MAR-T2.50,scheduled_macro,macro_bucket,5,22,False,-0.06818181818181823,-0.49868323694026584,-0.07853403141361262,28.0,0.29,,0.0,0.3181818181818182,0.0,0.885,,,M?,Unknown,False,sched_macro
fomc_sep_hike,KXFED-27MAR-T2.25,scheduled_macro,macro_bucket,3,24,False,0.014791666666666758,0.19612428512842772,0.01625085831998179,52.0,0.12,,0.0,0.125,0.0,0.905,,,M?,Unknown,False,sched_macro
fomc_sep_hike,KXFED-27MAR-T2.25,scheduled_macro,macro_bucket,5,24,False,0.014791666666666758,0.19612428512842772,0.01625085831998179,52.0,0.12333333333333334,,0.0,0.125,0.0,0.905,,,M?,Unknown,False,sched_macro
fomc_sep_hike,KXFED-27MAR-T2.00,scheduled_macro,macro_bucket,3,20,False,-0.0025000000000001688,-0.039052209541546645,-0.0026809651474532636,28.0,0.11499999999999999,,0.0,0.15,0.0,0.935,,,M?,Unknown,False,sched_macro
fomc_sep_hike,KXFED-27MAR-T2.00,scheduled_macro,macro_bucket,5,20,False,-0.0025000000000001688,-0.039052209541546645,-0.0026809651474532636,28.0,0.11666666666666665,,0.0,0.15,0.0,0.935,,,M?,Unknown,False,sched_macro
fomc_sep_hike,KXFED-27MAR-T1.75,scheduled_macro,macro_bucket,3,23,False,-0.005869565217391126,-0.10089949483726679,-0.006238447319778,28.0,0.10499999999999998,,0.0,0.17391304347826086,0.0,0.94,,,M?,Unknown,False,sched_macro
fomc_sep_hike,KXFED-27MAR-T1.75,scheduled_macro,macro_bucket,5,23,False,-0.005869565217391126,-0.10089949483726679,-0.006238447319778,28.0,0.10499999999999998,,0.0,0.17391304347826086,0.0,0.94,,,M?,Unknown,False,sched_macro
fomc_sep_hike,KXFED-27MAR-T1.50,scheduled_macro,macro_bucket,1,22,False,0.008863636363636407,0.18911774465056697,0.009368244054768243,4.0,0.010000000000000009,,0.0,0.48636363636363633,0.0,0.955,,,M?,Unknown,True,sched_macro
fomc_sep_hike,KXFED-27MAR-T1.50,scheduled_macro,macro_bucket,3,22,False,0.02386363636363642,0.6101675837754299,0.02522219553206828,28.0,0.02666666666666669,,0.0,0.48636363636363633,0.0,0.955,,,M?,Unknown,True,sched_macro
fomc_sep_hike,KXFED-27MAR-T1.50,scheduled_macro,macro_bucket,5,22,False,0.02386363636363642,0.6101675837754299,0.02522219553206828,28.0,0.02666666666666669,,0.0,0.48636363636363633,0.0,0.955,,,M?,Unknown,True,sched_macro
fomc_sep_hike,KXFED-27MAR-T1.25,scheduled_macro,macro_bucket,1,18,False,0.0016666666666664831,0.03161818867424682,0.0017667844522966248,4.0,0.029999999999999916,,0.0,0.1111111111111111,0.0,0.9450000000000001,,,M?,Unknown,True,sched_macro
fomc_sep_hike,KXFED-27MAR-T1.25,scheduled_macro,macro_bucket,3,18,False,0.0066666666666663765,0.1322054255794134,0.007067137809186969,52.0,0.06999999999999995,,0.0,0.1111111111111111,0.0,0.9450000000000001,,,M?,Unknown,True,sched_macro
fomc_sep_hike,KXFED-27MAR-T1.25,scheduled_macro,macro_bucket,5,18,False,0.0066666666666663765,0.1322054255794134,0.007067137809186969,52.0,0.06999999999999995,,0.0,0.1111111111111111,0.0,0.9450000000000001,,,M?,Unknown,True,sched_macro
fomc_sep_hike,KXFED-27MAR-T1.00,scheduled_macro,macro_bucket,3,19,False,0.004210526315789442,0.09386373641735624,0.004428452809299718,52.0,0.07499999999999996,,0.0,0.10526315789473684,0.0,0.95,,,M?,Unknown,True,sched_macro
fomc_sep_hike,KXFED-27MAR-T1.00,scheduled_macro,macro_bucket,5,19,False,0.004210526315789442,0.09386373641735624,0.004428452809299718,52.0,0.07499999999999996,,0.0,0.10526315789473684,0.0,0.95,,,M?,Unknown,True,sched_macro
fomc_sep_hike,KXFED-27MAR-T0.75,scheduled_macro,macro_bucket,1,14,False,0.007857142857143229,0.18755912956021126,0.008252063015754332,4.0,0.020000000000000018,,0.0,14.428571428571429,0.0,0.96,,,M?,Unknown,True,sched_macro
fomc_sep_hike,KXFED-27MAR-T0.75,scheduled_macro,macro_bucket,3,14,False,0.007857142857143229,0.18755912956021126,0.008252063015754332,4.0,0.05333333333333331,,0.0,14.428571428571429,0.0,0.96,,,M?,Unknown,True,sched_macro
fomc_sep_hike,KXFED-27MAR-T0.75,scheduled_macro,macro_bucket,5,14,False,0.007857142857143229,0.18755912956021126,0.008252063015754332,4.0,0.05333333333333331,,0.0,14.428571428571429,0.0,0.96,,,M?,Unknown,True,sched_macro
fomc_sep_hike,KXFED-27MAR-T0.50,scheduled_macro,macro_bucket,3,15,False,-0.005333333333333301,-0.1183938292707647,-0.00558269364968594,28.0,0.07499999999999996,,0.0,13.533333333333333,0.0,0.96,,,M?,Unknown,True,sched_macro
fomc_sep_hike,KXFED-27MAR-T0.50,scheduled_macro,macro_bucket,5,15,False,-0.005333333333333301,-0.1183938292707647,-0.00558269364968594,28.0,0.07499999999999996,,0.0,13.533333333333333,0.0,0.96,,,M?,Unknown,True,sched_macro
fomc_sep_hike,KXFED-27MAR-T0.25,scheduled_macro,macro_bucket,1,17,False,0.005588235294117672,0.17659545858736658,0.005794449527294933,4.0,0.040000000000000036,,0.0,0.0,0.0,0.97,,,M?,Unknown,True,sched_macro
fomc_sep_hike,KXFED-27MAR-T0.25,scheduled_macro,macro_bucket,3,17,False,0.0005882352941177782,0.017276808601669025,0.0006099420555048631,4.0,0.06333333333333331,,0.0,0.0,0.0,0.97,,,M?,Unknown,True,sched_macro
fomc_sep_hike,KXFED-27MAR-T0.25,scheduled_macro,macro_bucket,5,17,False,0.0005882352941177782,0.017276808601669025,0.0006099420555048631,4.0,0.06333333333333331,,0.0,0.0,0.0,0.97,,,M?,Unknown,True,sched_macro
fomc_sep_hike,KXFED-27MAR-T0.00,scheduled_macro,macro_bucket,1,16,False,0.003750000000000031,0.12165650725218136,0.0038809831824062418,4.0,0.040000000000000036,,0.0,0.0625,0.0,0.97,,,M?,Unknown,True,sched_macro
fomc_sep_hike,KXFED-27MAR-T0.00,scheduled_macro,macro_bucket,3,16,False,-0.0012499999999998623,-0.0376621427335162,-0.0012936610608019275,28.0,0.06333333333333331,,0.0,0.0625,0.0,0.97,,,M?,Unknown,True,sched_macro
fomc_sep_hike,KXFED-27MAR-T0.00,scheduled_macro,macro_bucket,5,16,False,-0.0012499999999998623,-0.0376621427335162,-0.0012936610608019275,28.0,0.06333333333333331,,0.0,0.0625,0.0,0.97,,,M?,Unknown,True,sched_macro
fomc_sep_hike,KXFED-27JAN-T4.25,scheduled_macro,macro_bucket,1,22,False,0.06659090909090908,0.5564980429100441,0.6142557651991613,4.0,0.13,,0.0,0.045454545454545456,0.0,0.18,,,M?,Unknown,False,sched_macro
fomc_sep_hike,KXFED-27JAN-T4.25,scheduled_macro,macro_bucket,3,22,False,0.2665909090909091,1.5962698315552204,2.459119496855346,28.0,0.11333333333333334,,51.32,0.045454545454545456,34.610000000000014,0.18,,,M?,Unknown,False,sched_macro
fomc_sep_hike,KXFED-27JAN-T4.25,scheduled_macro,macro_bucket,5,22,False,0.2965909090909091,1.7224211168821206,2.7358490566037736,28.0,0.18600000000000003,,51.32,0.045454545454545456,34.610000000000014,0.18,,,M?,Unknown,False,sched_macro
fomc_sep_hike,KXFED-27JAN-T4.00,scheduled_macro,macro_bucket,1,24,False,0.1695833333333333,0.7215517223071598,0.5552523874488403,4.0,0.44999999999999996,,5.0,5.607499999999999,0.0,0.49,,,M?,Unknown,False,sched_macro
fomc_sep_hike,KXFED-27JAN-T4.00,scheduled_macro,macro_bucket,3,24,False,0.3845833333333333,1.6217544809762554,1.2592087312414733,28.0,0.19666666666666666,,512.87,5.607499999999999,449.43999999999994,0.49,,,M?,Unknown,False,sched_macro
fomc_sep_hike,KXFED-27JAN-T4.00,scheduled_macro,macro_bucket,5,24,False,0.46458333333333335,2.0299463867886764,1.5211459754433834,28.0,0.16599999999999998,,584.99,5.607499999999999,448.86,0.49,,,M?,Unknown,False,sched_macro
fomc_sep_hike,KXFED-27JAN-T3.75,scheduled_macro,macro_bucket,1,24,False,0.2539583333333334,1.1285116670016186,0.5018526142445453,4.0,0.21999999999999997,,5.0,1.7866666666666664,0.0,0.765,,,M?,Unknown,False,sched_macro
fomc_sep_hike,KXFED-27JAN-T3.75,scheduled_macro,macro_bucket,3,24,False,0.29395833333333343,1.362126518183124,0.5808974886784688,4.0,0.18333333333333335,,12.690000000000001,1.7866666666666664,7.689999999999941,0.765,,,M?,Unknown,False,sched_macro
fomc_sep_hike,KXFED-27JAN-T3.75,scheduled_macro,macro_bucket,5,24,False,0.31395833333333345,1.492179646431322,0.6204199258954305,4.0,0.19000000000000003,,12.690000000000001,1.7866666666666664,7.689999999999941,0.765,,,M?,Unknown,False,sched_macro
fomc_sep_hike,KXFED-27JAN-T3.50,scheduled_macro,macro_bucket,1,22,False,0.08750000000000002,0.5266241131673182,0.11784511784511786,4.0,0.09999999999999998,,0.0,9.648181818181818,0.0,0.8500000000000001,,,M?,Unknown,False,sched_macro
fomc_sep_hike,KXFED-27JAN-T3.50,scheduled_macro,macro_bucket,3,22,False,0.10750000000000004,0.6755979048150429,0.14478114478114482,4.0,0.09333333333333331,,348.6,9.648181818181818,-36.0,0.8500000000000001,,,M?,Unknown,False,sched_macro
fomc_sep_hike,KXFED-27JAN-T3.50,scheduled_macro,macro_bucket,5,22,False,0.17749999999999988,1.3833438847961392,0.23905723905723889,52.0,0.07599999999999998,,464.31,9.648181818181818,59.309999999999945,0.8500000000000001,,,M?,Unknown,True,sched_macro
fomc_sep_hike,KXFED-27JAN-T3.25,scheduled_macro,macro_bucket,1,25,False,0.09600000000000009,0.810532563087524,0.11866501854140926,4.0,0.06999999999999995,,61.0,1.8336000000000001,0.0,0.8999999999999999,,,M?,Unknown,True,sched_macro
fomc_sep_hike,KXFED-27JAN-T3.25,scheduled_macro,macro_bucket,3,25,False,0.1160000000000001,1.0687801349642538,0.14338689740420285,4.0,0.05999999999999998,,503.01,1.8336000000000001,-87.61000000000013,0.8999999999999999,,,M?,Unknown,True,sched_macro
fomc_sep_hike,KXFED-27JAN-T3.25,scheduled_macro,macro_bucket,5,25,False,0.1160000000000001,1.0687801349642538,0.14338689740420285,4.0,0.06599999999999998,,503.01,1.8336000000000001,-87.61000000000013,0.8999999999999999,,,M?,Unknown,True,sched_macro
fomc_sep_hike,KXFED-27JAN-T3.00,scheduled_macro,macro_bucket,1,23,False,0.01217391304347859,0.13411911218552008,0.013635256878500495,4.0,0.06999999999999995,,0.0,0.22478260869565217,0.0,0.895,,,M?,Unknown,True,sched_macro
fomc_sep_hike,KXFED-27JAN-T3.00,scheduled_macro,macro_bucket,3,23,False,0.03217391304347861,0.39236668406224995,0.03603603603603644,28.0,0.04999999999999993,,317.92,0.22478260869565217,-39.92000000000007,0.895,,,M?,Unknown,True,sched_macro
fomc_sep_hike,KXFED-27JAN-T3.00,scheduled_macro,macro_bucket,5,23,False,0.04217391304347862,0.5462203194791857,0.04723642561480441,28.0,0.04999999999999993,,333.92,0.22478260869565217,-40.92000000000007,0.895,,,M?,Unknown,True,sched_macro
fomc_sep_hike,KXFED-27JAN-T2.75,scheduled_macro,macro_bucket,1,24,False,0.03750000000000009,0.49640893760908034,0.041782729805014025,4.0,0.029999999999999916,,0.0,0.16666666666666666,0.0,0.935,,,M?,Unknown,True,sched_macro
fomc_sep_hike,KXFED-27JAN-T2.75,scheduled_macro,macro_bucket,3,24,False,0.03249999999999997,0.41693902231397084,0.03621169916434538,4.0,0.0466666666666666,,32.0,0.16666666666666666,17.0,0.935,,,M?,Unknown,True,sched_macro
fomc_sep_hike,KXFED-27JAN-T2.75,scheduled_macro,macro_bucket,5,24,False,0.03249999999999997,0.41693902231397084,0.03621169916434538,4.0,0.051999999999999935,,32.0,0.16666666666666666,17.0,0.935,,,M?,Unknown,True,sched_macro
fomc_sep_hike,KXFED-27JAN-T2.50,scheduled_macro,macro_bucket,1,24,False,0.02416666666666656,0.3644998754795856,0.026387625113739644,4.0,0.039999999999999925,,0.0,1.75,0.0,0.94,,,M?,Unknown,True,sched_macro
fomc_sep_hike,KXFED-27JAN-T2.50,scheduled_macro,macro_bucket,3,24,False,0.029166666666666674,0.45681630469891044,0.03184713375796179,4.0,0.03666666666666659,,30.0,1.75,5.559999999999945,0.94,,,M?,Unknown,True,sched_macro
fomc_sep_hike,KXFED-27JAN-T2.50,scheduled_macro,macro_bucket,5,24,False,0.029166666666666674,0.45681630469891044,0.03184713375796179,4.0,0.03399999999999992,,30.0,1.75,5.559999999999945,0.94,,,M?,Unknown,True,sched_macro
fomc_sep_hike,KXFED-27JAN-T2.25,scheduled_macro,macro_bucket,1,22,False,0.024318181818181683,0.42226404241527904,0.026270562239135625,4.0,0.020000000000000018,,0.0,0.22727272727272727,0.0,0.94,,,M?,Unknown,True,sched_macro
fomc_sep_hike,KXFED-27JAN-T2.25,scheduled_macro,macro_bucket,3,22,False,0.01931818181818179,0.32167680551011246,0.020869138227350814,4.0,0.02333333333333328,,39.47,0.22727272727272727,-5.82000000000005,0.94,,,M?,Unknown,True,sched_macro
fomc_sep_hike,KXFED-27JAN-T2.25,scheduled_macro,macro_bucket,5,22,False,0.01931818181818179,0.32167680551011246,0.020869138227350814,4.0,0.025999999999999933,,39.47,0.22727272727272727,-5.82000000000005,0.94,,,M?,Unknown,True,sched_macro
fomc_sep_hike,KXFED-27JAN-T2.00,scheduled_macro,macro_bucket,1,23,False,0.020652173913043637,0.34090948257391007,0.022342427093132815,4.0,0.029999999999999916,,100.0,0.13043478260869565,0.0,0.9450000000000001,,,M?,Unknown,True,sched_macro
fomc_sep_hike,KXFED-27JAN-T2.00,scheduled_macro,macro_bucket,3,23,False,0.010652173913043628,0.16321699970568826,0.011523988711194895,4.0,0.03666666666666659,,278.53,0.13043478260869565,-150.51999999999998,0.9450000000000001,,,M?,Unknown,True,sched_macro
fomc_sep_hike,KXFED-27JAN-T2.00,scheduled_macro,macro_bucket,5,23,False,0.010652173913043628,0.16321699970568826,0.011523988711194895,4.0,0.041999999999999926,,278.53,0.13043478260869565,-150.51999999999998,0.9450000000000001,,,M?,Unknown,True,sched_macro
fomc_sep_hike,KXFED-27JAN-T1.75,scheduled_macro,macro_bucket,1,22,False,0.00909090909090915,0.15079684772882773,0.009765625000000064,4.0,0.019999999999999907,,0.0,0.3181818181818182,0.0,0.9450000000000001,,,M?,Unknown,True,sched_macro
fomc_sep_hike,KXFED-27JAN-T1.75,scheduled_macro,macro_bucket,3,22,False,0.01909090909090916,0.3437005138533191,0.020507812500000076,28.0,0.03333333333333325,,34.63,0.3181818181818182,0.0,0.9450000000000001,,,M?,Unknown,True,sched_macro
fomc_sep_hike,KXFED-27JAN-T1.75,scheduled_macro,macro_bucket,5,22,False,0.014090909090909265,0.24311327694815255,0.015136718750000189,4.0,0.03399999999999992,,34.63,0.3181818181818182,0.0,0.9450000000000001,,,M?,Unknown,True,sched_macro
fomc_sep_hike,KXFED-27JAN-T1.50,scheduled_macro,macro_bucket,1,23,False,0.007391304347825756,0.1339449613730439,0.007883143983305927,4.0,0.029999999999999916,,0.0,1.6956521739130435,0.0,0.9450000000000001,,,M?,Unknown,True,sched_macro
fomc_sep_hike,KXFED-27JAN-T1.50,scheduled_macro,macro_bucket,3,23,False,0.012391304347825649,0.23453219827821048,0.013215859030836531,4.0,0.039999999999999925,,30.0,1.6956521739130435,-9.239999999999782,0.9450000000000001,,,M?,Unknown,True,sched_macro
fomc_sep_hike,KXFED-27JAN-T1.50,scheduled_macro,macro_bucket,5,23,False,0.012391304347825649,0.23453219827821048,0.013215859030836531,4.0,0.039999999999999925,,30.0,1.6956521739130435,-9.239999999999782,0.9450000000000001,,,M?,Unknown,True,sched_macro
fomc_sep_hike,KXFED-27JAN-T1.25,scheduled_macro,macro_bucket,1,21,False,0.00976190476190486,0.20660678595237147,0.010327455919395571,4.0,0.030000000000000027,,0.0,0.09523809523809523,0.0,0.955,,,M?,Unknown,True,sched_macro
fomc_sep_hike,KXFED-27JAN-T1.25,scheduled_macro,macro_bucket,3,21,False,0.004761904761904856,0.09599691440840141,0.005037783375314962,4.0,0.036666666666666625,,30.0,0.09523809523809523,11.730000000000018,0.955,,,M?,Unknown,True,sched_macro
fomc_sep_hike,KXFED-27JAN-T1.25,scheduled_macro,macro_bucket,5,21,False,0.00976190476190486,0.20660678595237147,0.010327455919395571,4.0,0.03599999999999996,,30.0,0.09523809523809523,11.730000000000018,0.955,,,M?,Unknown,True,sched_macro
fomc_sep_hike,KXFED-27JAN-T1.00,scheduled_macro,macro_bucket,1,20,False,0.011750000000000038,0.2443731482275031,0.012456930824277804,4.0,0.030000000000000027,,0.0,0.1,0.0,0.955,,,M?,Unknown,True,sched_macro
fomc_sep_hike,KXFED-27JAN-T1.00,scheduled_macro,macro_bucket,3,20,False,0.021750000000000047,0.5061043373666649,0.023058574078982295,4.0,0.030000000000000027,,47.0,0.1,1.2200000000000273,0.955,,,M?,Unknown,True,sched_macro
fomc_sep_hike,KXFED-27JAN-T1.00,scheduled_macro,macro_bucket,5,20,False,0.021750000000000047,0.5061043373666649,0.023058574078982295,4.0,0.030000000000000027,,64.0,0.1,-3.92999999999995,0.955,,,M?,Unknown,True,sched_macro
fomc_sep_hike,KXFED-27JAN-T0.75,scheduled_macro,macro_bucket,1,25,False,0.017000000000000015,0.3720388155490384,0.018027571580063642,4.0,0.020000000000000018,,0.0,5.34,0.0,0.955,,,M?,Unknown,True,sched_macro
fomc_sep_hike,KXFED-27JAN-T0.75,scheduled_macro,macro_bucket,3,25,False,0.02200000000000002,0.5107650250506648,0.02332979851537648,4.0,0.02666666666666669,,30.0,5.34,-6.149999999999977,0.955,,,M?,Unknown,True,sched_macro
fomc_sep_hike,KXFED-27JAN-T0.75,scheduled_macro,macro_bucket,5,25,False,0.02200000000000002,0.5107650250506648,0.02332979851537648,4.0,0.028000000000000025,,30.0,5.34,-6.149999999999977,0.955,,,M?,Unknown,True,sched_macro
fomc_sep_hike,KXFED-27JAN-T0.50,scheduled_macro,macro_bucket,1,25,False,0.015799999999999925,0.3890568698723982,0.016645596291613912,4.0,0.010000000000000009,,0.0,21.52,0.0,0.96,,,M?,Unknown,True,sched_macro
fomc_sep_hike,KXFED-27JAN-T0.50,scheduled_macro,macro_bucket,3,25,False,0.015799999999999925,0.3890568698723982,0.016645596291613912,4.0,0.020000000000000018,,30.0,21.52,7.779999999999973,0.96,,,M?,Unknown,True,sched_macro
fomc_sep_hike,KXFED-27JAN-T0.50,scheduled_macro,macro_bucket,5,25,False,0.02079999999999993,0.5483755198580993,0.0219131900547829,4.0,0.020000000000000018,,30.0,21.52,7.779999999999973,0.96,,,M?,Unknown,True,sched_macro
fomc_sep_hike,KXFED-27JAN-T0.25,scheduled_macro,macro_bucket,1,23,False,0.013043478260869601,0.2959125715882971,0.01377410468319563,4.0,0.040000000000000036,,1.0,2.5652173913043477,0.0,0.965,,,M?,Unknown,True,sched_macro
fomc_sep_hike,KXFED-27JAN-T0.25,scheduled_macro,macro_bucket,3,23,False,0.02304347826086961,0.5939574310756246,0.02433425160697893,4.0,0.04333333333333337,,31.0,2.5652173913043477,0.0,0.965,,,M?,Unknown,True,sched_macro
fomc_sep_hike,KXFED-27JAN-T0.25,scheduled_macro,macro_bucket,5,23,False,0.02304347826086961,0.5939574310756246,0.02433425160697893,4.0,0.04200000000000004,,31.0,2.5652173913043477,0.0,0.965,,,M?,Unknown,True,sched_macro
fomc_sep_hike,KXFED-27JAN-T0.00,scheduled_macro,macro_bucket,1,22,False,-0.0009090909090911925,-0.037973238197024806,-0.0009315323707501737,4.0,0.010000000000000009,,264.0,0.0,0.0,0.975,,,M?,Unknown,True,sched_macro
fomc_sep_hike,KXFED-27JAN-T0.00,scheduled_macro,macro_bucket,3,22,False,0.004090909090908812,0.19028541378395536,0.004191895668374189,28.0,0.01666666666666668,,296.0,0.0,15.900000000000091,0.975,,,M?,Unknown,True,sched_macro
fomc_sep_hike,KXFED-27JAN-T0.00,scheduled_macro,macro_bucket,5,22,False,0.004090909090908812,0.19028541378395536,0.004191895668374189,28.0,0.018000000000000016,,296.0,0.0,15.900000000000091,0.975,,,M?,Unknown,True,sched_macro
fomc_sep_hike,KXFED-26DEC-T5.00,scheduled_macro,macro_bucket,3,12,True,,,,,0.02,,0.0,7.333333333333333,0.0,,,,M?,Unknown,True,sched_macro
fomc_sep_hike,KXFED-26DEC-T5.00,scheduled_macro,macro_bucket,5,12,True,,,,,0.02,,0.0,7.333333333333333,0.0,,,,M?,Unknown,True,sched_macro
fomc_sep_hike,KXFED-26DEC-T4.75,scheduled_macro,macro_bucket,3,18,True,,,,,0.01,,0.0,59.2525,0.0,,,,M?,Unknown,True,sched_macro
fomc_sep_hike,KXFED-26DEC-T4.75,scheduled_macro,macro_bucket,5,18,True,,,,,0.01,,0.0,59.2525,0.0,,,,M?,Unknown,True,sched_macro
fomc_sep_hike,KXFED-26DEC-T4.50,scheduled_macro,macro_bucket,1,18,True,-0.0036111111111111135,-0.16967675035617757,-0.15294117647058833,4.0,0.02,,400.0,42.578947368421055,0.0,0.015,,,M?,Unknown,True,sched_macro
fomc_sep_hike,KXFED-26DEC-T4.50,scheduled_macro,macro_bucket,3,18,True,0.006388888888888888,0.24604485791917607,0.2705882352941176,28.0,0.02666666666666667,,1393.24,42.578947368421055,911.3000000000002,0.015,,,M?,Unknown,True,sched_macro
fomc_sep_hike,KXFED-26DEC-T4.50,scheduled_macro,macro_bucket,5,18,True,0.0013888888888888874,0.05858190162480259,0.058823529411764636,28.0,0.028000000000000004,,1412.24,42.578947368421055,910.6500000000001,0.015,,,M?,Unknown,True,sched_macro
fomc_sep_hike,KXFED-26DEC-T4.25,scheduled_macro,macro_bucket,1,25,False,0.18479999999999996,1.8420936017019554,4.088495575221238,4.0,0.13999999999999999,,6.0,65.8624,0.0,0.20500000000000002,,,M?,Unknown,False,sched_macro
fomc_sep_hike,KXFED-26DEC-T4.25,scheduled_macro,macro_bucket,3,25,False,0.2648,2.2502855075143766,5.858407079646017,4.0,0.06999999999999999,,4281.26,65.8624,3438.710000000001,0.20500000000000002,,,M?,Unknown,True,sched_macro
fomc_sep_hike,KXFED-26DEC-T4.25,scheduled_macro,macro_bucket,5,25,False,0.29979999999999996,2.409313989022597,6.632743362831857,4.0,0.04599999999999999,,5092.370000000001,65.8624,4068.6400000000012,0.20500000000000002,,,M?,Unknown,True,sched_macro
fomc_sep_hike,KXFED-26DEC-T4.00,scheduled_macro,macro_bucket,1,24,False,0.44875000000000004,1.9367738728796704,1.751219512195122,4.0,0.04999999999999993,,3575.24,40.066250000000004,0.0,0.655,,,M?,Unknown,True,sched_macro
fomc_sep_hike,KXFED-26DEC-T4.00,scheduled_macro,macro_bucket,3,24,False,0.5787499999999999,2.687037677357496,2.258536585365853,4.0,0.023333333333333317,,9741.249999999998,40.066250000000004,4311.569999999998,0.655,,,M?,Unknown,True,sched_macro
fomc_sep_hike,KXFED-26DEC-T4.00,scheduled_macro,macro_bucket,5,24,False,0.5887499999999999,2.761462936845148,2.2975609756097555,4.0,0.017999999999999995,,9933.939999999999,40.066250000000004,4343.99,0.655,,,M?,Unknown,True,sched_macro
fomc_sep_hike,KXFED-26DEC-T3.75,scheduled_macro,macro_bucket,1,23,False,0.29891304347826086,2.4091443597102145,0.45559973492379063,4.0,0.010000000000000009,,53.69,485.46478260869566,0.0,0.945,,,M?,Unknown,True,sched_macro
fomc_sep_hike,KXFED-26DEC-T3.75,scheduled_macro,macro_bucket,3,23,False,0.3289130434782609,3.5386869490696826,0.501325381047051,4.0,0.010000000000000009,,3141.64,485.46478260869566,-78.13999999999942,0.945,,,M?,Unknown,True,sched_macro
fomc_sep_hike,KXFED-26DEC-T3.75,scheduled_macro,macro_bucket,5,23,False,0.3289130434782609,3.5386869490696826,0.501325381047051,4.0,0.010000000000000009,,3219.02,485.46478260869566,-137.52000000000044,0.945,,,M?,Unknown,True,sched_macro
fomc_sep_hike,KXFED-26DEC-T3.50,scheduled_macro,macro_bucket,1,25,False,0.08439999999999992,1.3186557474864191,0.09584374290256634,4.0,0.030000000000000027,,0.0,234.268,0.0,0.97,,,M?,Unknown,True,sched_macro
fomc_sep_hike,KXFED-26DEC-T3.50,scheduled_macro,macro_bucket,3,25,False,0.09439999999999993,1.6654373537664933,0.10719963661140124,4.0,0.01666666666666668,,197.96,234.268,48.18000000000029,0.97,,,M?,Unknown,True,sched_macro
fomc_sep_hike,KXFED-26DEC-T3.50,scheduled_macro,macro_bucket,5,25,False,0.09439999999999993,1.6654373537664933,0.10719963661140124,4.0,0.015000000000000013,,215.96,234.268,48.18000000000029,0.97,,,M?,Unknown,True,sched_macro
fomc_sep_hike,KXFED-26DEC-T3.25,scheduled_macro,macro_bucket,1,24,False,-0.0029166666666667895,-0.10528121037209193,-0.0029978586723769995,4.0,0.020000000000000018,,0.0,28.63208333333333,0.0,0.975,,,M?,Unknown,True,sched_macro
fomc_sep_hike,KXFED-26DEC-T3.25,scheduled_macro,macro_bucket,3,24,False,0.002083333333333215,0.08218174592228111,0.0021413276231262166,28.0,0.013333333333333345,,166.0,28.63208333333333,18.0,0.975,,,M?,Unknown,True,sched_macro
fomc_sep_hike,KXFED-26DEC-T3.25,scheduled_macro,macro_bucket,5,24,False,0.002083333333333215,0.08218174592228111,0.0021413276231262166,28.0,0.012500000000000011,,184.0,28.63208333333333,0.0,0.975,,,M?,Unknown,True,sched_macro
fomc_sep_hike,KXFED-26DEC-T3.00,scheduled_macro,macro_bucket,3,21,False,0.0,0.0,0.0,,0.010000000000000009,,82.0,0.0,18.0,0.985,,,M?,Unknown,True,sched_macro
fomc_sep_hike,KXFED-26DEC-T3.00,scheduled_macro,macro_bucket,5,21,False,0.0,0.0,0.0,,0.010000000000000009,,100.0,0.0,18.0,0.985,,,M?,Unknown,True,sched_macro
fomc_sep_hike,KXFED-26DEC-T2.75,scheduled_macro,macro_bucket,3,23,False,1.1102230246251565e-16,7.105427357601002e-15,1.1271299742387378e-16,,0.010000000000000009,,52.0,2.260869565217391,18.0,0.985,,,M?,Unknown,True,sched_macro
fomc_sep_hike,KXFED-26DEC-T2.75,scheduled_macro,macro_bucket,5,23,False,0.01000000000000012,1.1087133846546209,0.010152284263959513,76.0,0.010000000000000009,,67.0,2.260869565217391,3.0,0.985,,,M?,Unknown,True,sched_macro
fomc_sep_hike,KXFED-26OCT-T4.75,scheduled_macro,macro_bucket,1,13,True,,,,,0.01,,0.0,0.0,0.0,,,,M?,Unknown,True,sched_macro
fomc_sep_hike,KXFED-26OCT-T4.75,scheduled_macro,macro_bucket,3,13,True,,,,,0.01,,0.0,0.0,0.0,,,,M?,Unknown,True,sched_macro
fomc_sep_hike,KXFED-26OCT-T4.75,scheduled_macro,macro_bucket,5,13,True,,,,,0.01,,0.0,0.0,0.0,,,,M?,Unknown,True,sched_macro
fomc_sep_hike,KXFED-26OCT-T4.50,scheduled_macro,macro_bucket,1,19,True,,,,,0.02,,0.0,0.2,0.0,,,,M?,Unknown,True,sched_macro
fomc_sep_hike,KXFED-26OCT-T4.50,scheduled_macro,macro_bucket,3,19,True,-1.734723475976807e-18,0.0,-1.1564823173178712e-16,,0.013333333333333334,,3551.32,0.2,2805.22,,,,M?,Unknown,True,sched_macro
fomc_sep_hike,KXFED-26OCT-T4.50,scheduled_macro,macro_bucket,5,19,True,,,,,0.012,,4311.54,0.2,2805.22,,,,M?,Unknown,True,sched_macro
fomc_sep_hike,KXFED-26OCT-T4.25,scheduled_macro,macro_bucket,1,5,False,-0.004,-0.24045795967095573,-0.2105263157894737,4.0,0.01,,18.0,78.01105263157895,0.0,0.015,,,M?,Unknown,True,sched_macro
fomc_sep_hike,KXFED-26OCT-T4.25,scheduled_macro,macro_bucket,3,5,False,-0.004,-0.24045795967095573,-0.2105263157894737,4.0,0.01,,4880.23,78.01105263157895,4807.25,0.015,,,M?,Unknown,True,sched_macro
fomc_sep_hike,KXFED-26OCT-T4.25,scheduled_macro,macro_bucket,5,5,False,-0.004,-0.24045795967095573,-0.2105263157894737,4.0,0.01,,10510.289999999999,78.01105263157895,10328.07,0.015,,,M?,Unknown,True,sched_macro
fomc_sep_hike,KXFED-26OCT-T4.00,scheduled_macro,macro_bucket,1,25,False,0.2674,1.938497415281896,3.955621301775148,4.0,0.010000000000000009,,1884.14,245.06399999999996,0.0,0.315,,,M?,Unknown,True,sched_macro
fomc_sep_hike,KXFED-26OCT-T4.00,scheduled_macro,macro_bucket,3,25,False,0.4374,2.644154590819353,6.470414201183432,4.0,0.00999999999999999,,14826.109999999999,245.06399999999996,8664.819999999998,0.315,,,M?,Unknown,True,sched_macro
fomc_sep_hike,KXFED-26OCT-T4.00,scheduled_macro,macro_bucket,5,25,False,0.49739999999999995,2.88563362417044,7.357988165680472,4.0,0.009999999999999976,,30118.26,245.06399999999996,15541.769999999999,0.315,,,M?,Unknown,True,sched_macro
fomc_sep_hike,KXFED-26OCT-T3.75,scheduled_macro,macro_bucket,1,25,False,0.33540000000000003,1.871466718575359,0.6047601875225388,4.0,0.040000000000000036,,1152.0,246.51160000000004,0.0,0.885,,,M?,Unknown,True,sched_macro
fomc_sep_hike,KXFED-26OCT-T3.75,scheduled_macro,macro_bucket,3,25,False,0.4354,4.375845471776179,0.7850703209520375,4.0,0.023333333333333355,,10528.789999999999,246.51160000000004,7323.25,0.885,,,M?,Unknown,True,sched_macro
fomc_sep_hike,KXFED-26OCT-T3.75,scheduled_macro,macro_bucket,5,25,False,0.4354,4.375845471776179,0.7850703209520375,4.0,0.02200000000000002,,10877.369999999999,246.51160000000004,7666.83,0.885,,,M?,Unknown,True,sched_macro
fomc_sep_hike,KXFED-26OCT-T3.50,scheduled_macro,macro_bucket,1,23,False,0.04608695652173911,2.3715168705949474,0.0485681557846506,4.0,0.010000000000000009,,0.0,194.77652173913046,0.0,0.995,,,M?,Unknown,True,sched_macro
fomc_sep_hike,KXFED-26OCT-T3.50,scheduled_macro,macro_bucket,3,23,False,0.041086956521739104,1.673331896005045,0.04329896907216492,4.0,0.01666666666666668,,0.0,194.77652173913046,0.0,0.995,,,M?,Unknown,True,sched_macro
fomc_sep_hike,KXFED-26OCT-T3.50,scheduled_macro,macro_bucket,5,23,False,0.041086956521739104,1.673331896005045,0.04329896907216492,4.0,0.01666666666666668,,0.0,194.77652173913046,0.0,0.995,,,M?,Unknown,True,sched_macro
fomc_sep_hike,KXFED-26OCT-T3.25,scheduled_macro,macro_bucket,3,25,False,0.010399999999999965,1.1354368668199726,0.01056266504164124,28.0,0.010000000000000009,,10.0,18.9656,0.0,0.995,,,M?,Unknown,True,sched_macro
fomc_sep_hike,KXFED-26OCT-T3.25,scheduled_macro,macro_bucket,5,25,False,0.010399999999999965,1.1354368668199726,0.01056266504164124,28.0,0.010000000000000009,,10.0,18.9656,0.0,0.995,,,M?,Unknown,True,sched_macro
fomc_sep_hike,KXFED-26OCT-T3.00,scheduled_macro,macro_bucket,3,19,False,0.007368421052631358,0.9131416272995114,0.0074606981081798964,28.0,0.010000000000000009,,0.0,29.894736842105264,0.0,0.995,,,M?,Unknown,True,sched_macro
fomc_sep_hike,KXFED-26OCT-T3.00,scheduled_macro,macro_bucket,5,19,False,0.007368421052631358,0.9131416272995114,0.0074606981081798964,28.0,0.010000000000000009,,0.0,29.894736842105264,0.0,0.995,,,M?,Unknown,True,sched_macro
fomc_sep_hike,KXFED-26OCT-T2.75,scheduled_macro,macro_bucket,3,21,False,0.008095238095237822,0.9709799423875465,0.008202653799758467,28.0,0.010000000000000009,,0.0,12.333809523809524,0.0,0.995,,,M?,Unknown,True,sched_macro
fomc_sep_hike,KXFED-26OCT-T2.75,scheduled_macro,macro_bucket,5,21,False,0.008095238095237822,0.9709799423875465,0.008202653799758467,28.0,0.010000000000000009,,0.0,12.333809523809524,0.0,0.995,,,M?,Unknown,True,sched_macro
fomc_sep_hike,KXFED-26SEP-T4.75,scheduled_macro,macro_bucket,1,5,True,,,,,0.01,,0.0,19808.9745,0.0,,,,M?,Unknown,True,sched_macro
fomc_sep_hike,KXFED-26SEP-T4.75,scheduled_macro,macro_bucket,3,5,True,0.0,0.0,0.0,,0.505,,350.67,19808.9745,350.6700000000128,,,,M?,Unknown,False,sched_macro
fomc_sep_hike,KXFED-26SEP-T4.75,scheduled_macro,macro_bucket,5,5,True,0.0,0.0,0.0,,0.505,,350.67,19808.9745,350.6700000000128,,,,M?,Unknown,False,sched_macro
fomc_sep_hike,KXFED-26SEP-T4.50,scheduled_macro,macro_bucket,1,6,False,,,,,0.01,,0.0,7472.50238095238,0.0,,,,M?,Unknown,True,sched_macro
fomc_sep_hike,KXFED-26SEP-T4.50,scheduled_macro,macro_bucket,3,6,False,0.0,0.0,0.0,,0.505,,93.5,7472.50238095238,93.5,,,,M?,Unknown,False,sched_macro
fomc_sep_hike,KXFED-26SEP-T4.50,scheduled_macro,macro_bucket,5,6,False,0.0,0.0,0.0,,0.505,,93.5,7472.50238095238,93.5,,,,M?,Unknown,False,sched_macro
fomc_sep_hike,KXFED-26SEP-T4.25,scheduled_macro,macro_bucket,1,15,False,0.0,0.0,0.0,,0.01,,2367.83,863.5072727272727,0.0,0.01,,,M?,Unknown,True,sched_macro
fomc_sep_hike,KXFED-26SEP-T4.25,scheduled_macro,macro_bucket,3,15,False,0.0,0.0,0.0,,0.505,,38509.020000000004,863.5072727272727,35923.71,0.01,,,M?,Unknown,False,sched_macro
fomc_sep_hike,KXFED-26SEP-T4.25,scheduled_macro,macro_bucket,5,15,False,0.0,0.0,0.0,,0.505,,38509.020000000004,863.5072727272727,35923.71,0.01,,,M?,Unknown,False,sched_macro
fomc_sep_hike,KXFED-26SEP-T4.00,scheduled_macro,macro_bucket,1,24,False,-0.0033333333333333305,-0.2910547569304196,-0.24999999999999983,4.0,0.01,,143172.54,4417.394800000001,0.0,0.01,,,M?,Unknown,True,sched_macro
fomc_sep_hike,KXFED-26SEP-T4.00,scheduled_macro,macro_bucket,3,24,False,0.00666666666666667,0.4122447950935437,0.5000000000000003,28.0,0.505,,253259.71000000002,4417.394800000001,100476.67999999993,0.01,,,M?,Unknown,False,sched_macro
fomc_sep_hike,KXFED-26SEP-T4.00,scheduled_macro,macro_bucket,5,24,False,0.00666666666666667,0.4122447950935437,0.5000000000000003,28.0,0.505,,253259.71000000002,4417.394800000001,100476.67999999993,0.01,,,M?,Unknown,False,sched_macro
fomc_sep_hike,KXFED-26SEP-T3.75,scheduled_macro,macro_bucket,1,25,False,0.44559999999999994,2.1826916616161594,1.0624701955174056,4.0,0.010000000000000009,,86069.34,14999.8692,0.0,0.875,,,M?,Unknown,True,sched_macro
fomc_sep_hike,KXFED-26SEP-T3.75,scheduled_macro,macro_bucket,3,25,False,0.44059999999999994,2.1405268997609586,1.0505484024797327,4.0,0.505,,129962.32,14999.8692,34545.5,0.875,,,M?,Unknown,False,sched_macro
fomc_sep_hike,KXFED-26SEP-T3.75,scheduled_macro,macro_bucket,5,25,False,0.44059999999999994,2.1405268997609586,1.0505484024797327,4.0,0.505,,129962.32,14999.8692,34545.5,0.875,,,M?,Unknown,False,sched_macro
fomc_sep_hike,KXFED-26SEP-T3.50,scheduled_macro,macro_bucket,1,21,False,0.0007142857142855563,0.13424952550993563,0.0007183908045975422,4.0,0.010000000000000009,,4258.41,11169.791428571429,0.0,0.995,,,M?,Unknown,True,sched_macro
fomc_sep_hike,KXFED-26SEP-T3.50,scheduled_macro,macro_bucket,3,21,False,-0.004285714285714448,-0.5639354490799668,-0.00431034482758637,28.0,0.505,,40961.350000000006,11169.791428571429,27359.940000000002,0.995,,,M?,Unknown,False,sched_macro
fomc_sep_hike,KXFED-26SEP-T3.50,scheduled_macro,macro_bucket,5,21,False,-0.004285714285714448,-0.5639354490799668,-0.00431034482758637,28.0,0.505,,40961.350000000006,11169.791428571429,27359.940000000002,0.995,,,M?,Unknown,False,sched_macro
fomc_sep_hike,KXFED-26SEP-T3.25,scheduled_macro,macro_bucket,1,9,False,0.0,0.0,0.0,,0.010000000000000009,,93.51,374.22222222222223,0.0,0.995,,,M?,Unknown,True,sched_macro
fomc_sep_hike,KXFED-26SEP-T3.25,scheduled_macro,macro_bucket,3,9,False,-0.0050000000000000044,-0.6981849745899025,-0.005025125628140708,28.0,0.505,,694.35,374.22222222222223,426.5100000000002,0.995,,,M?,Unknown,False,sched_macro
fomc_sep_hike,KXFED-26SEP-T3.25,scheduled_macro,macro_bucket,5,9,False,-0.0050000000000000044,-0.6981849745899025,-0.005025125628140708,28.0,0.505,,694.35,374.22222222222223,426.5100000000002,0.995,,,M?,Unknown,False,sched_macro
fomc_sep_hike,KXFED-26SEP-T3.00,scheduled_macro,macro_bucket,1,18,False,0.0,0.0,0.0,,0.010000000000000009,,467.59,0.0,0.0,0.995,,,M?,Unknown,True,sched_macro
fomc_sep_hike,KXFED-26SEP-T3.00,scheduled_macro,macro_bucket,3,18,False,-0.0050000000000000044,-0.6981849745899025,-0.005025125628140708,28.0,0.505,,495.64,0.0,28.050000000000182,0.995,,,M?,Unknown,False,sched_macro
fomc_sep_hike,KXFED-26SEP-T3.00,scheduled_macro,macro_bucket,5,18,False,-0.0050000000000000044,-0.6981849745899025,-0.005025125628140708,28.0,0.505,,495.64,0.0,28.050000000000182,0.995,,,M?,Unknown,False,sched_macro
fomc_sep_hike,KXFED-26SEP-T2.75,scheduled_macro,macro_bucket,1,20,False,-1.1102230246251565e-16,-2.220446049250313e-14,-1.1158020347991522e-16,,0.010000000000000009,,93.51,297.4005,0.0,0.995,,,M?,Unknown,True,sched_macro
fomc_sep_hike,KXFED-26SEP-T2.75,scheduled_macro,macro_bucket,3,20,False,-0.0050000000000001155,-0.6981849745899247,-0.005025125628140819,28.0,0.505,,10317.94,297.4005,9257.429999999998,0.995,,,M?,Unknown,False,sched_macro
fomc_sep_hike,KXFED-26SEP-T2.75,scheduled_macro,macro_bucket,5,20,False,-0.0050000000000001155,-0.6981849745899247,-0.005025125628140819,28.0,0.505,,10317.94,297.4005,9257.429999999998,0.995,,,M?,Unknown,False,sched_macro
